token,x0,y0,x1,y1,label
th−e,121,88,149,117,paragraph
sp≥ace,152,88,195,117,paragraph
the,201,88,227,101,paragraph
space,233,88,276,101,paragraph
of,282,88,297,101,paragraph
quasihomogeneous,303,88,451,101,paragraph
holomorphic,457,88,556,139,paragraph
vector,562,88,611,139,paragraph
ﬁelds,617,88,658,101,paragraph
QHk−2,664,86,720,139,paragraph
ofquasi,727,88,789,139,paragraph
degree,796,88,847,101,paragraph
k,121,104,130,117,paragraph
2,153,104,162,117,paragraph
"1,",187,104,201,117,paragraph
that,207,104,241,117,paragraph
"is,",247,104,264,117,paragraph
of,270,104,285,117,paragraph
expressions,291,104,381,117,paragraph
of,387,104,402,117,paragraph
the,408,104,433,117,paragraph
form,439,104,476,117,paragraph
,538,114,554,162,paragraph
,582,114,598,162,paragraph
,696,114,712,162,paragraph
,742,114,758,162,paragraph
,538,122,554,170,paragraph
,582,122,598,170,paragraph
,696,122,712,170,paragraph
,742,122,758,170,paragraph
∂,564,128,571,138,paragraph
∂,723,128,731,137,paragraph
∂,289,142,298,155,paragraph
∂,400,142,410,155,paragraph
·,529,141,534,164,paragraph
∂z.1,557,138,578,158,paragraph
·,687,141,692,164,paragraph
∂w.,714,138,733,158,paragraph
1,733,141,739,148,paragraph
"fk−1(z,",201,149,258,165,paragraph
w),261,151,282,164,paragraph
+,310,151,324,164,paragraph
"gk(z,",328,151,367,165,paragraph
w),370,151,391,164,paragraph
=,425,151,439,164,paragraph
"fk−1(z,",444,149,501,165,paragraph
w),504,151,525,164,paragraph
..,566,150,571,167,paragraph
+,602,151,616,164,paragraph
"gk(z,",620,151,659,165,paragraph
w),662,151,683,164,paragraph
..,725,149,730,167,paragraph
",",761,151,766,164,paragraph
∂z,284,160,303,173,paragraph
∂w,393,160,417,173,paragraph
∂,564,168,571,178,paragraph
∂,723,168,731,178,paragraph
∂zn,556,178,579,188,paragraph
∂wd,714,178,739,189,paragraph
C,695,193,708,211,paragraph
C,759,193,772,211,paragraph
where,121,200,167,213,paragraph
f,173,200,182,213,paragraph
−,190,198,201,215,paragraph
and,215,200,244,213,paragraph
g,250,200,259,213,paragraph
are,273,200,297,213,paragraph
quasi-homogeneous,303,200,457,213,paragraph
polynomials,462,200,558,213,paragraph
taking,564,200,614,213,paragraph
values,620,200,668,213,paragraph
in,674,200,689,213,paragraph
n,708,198,717,208,paragraph
and,723,200,753,213,paragraph
"d,",772,198,785,213,paragraph
respec-,791,200,847,213,paragraph
k,182,205,189,215,paragraph
1,201,205,208,215,paragraph
k,259,205,266,215,paragraph
≥,661,207,676,229,paragraph
C,820,209,833,227,paragraph
tively,121,216,165,229,paragraph
to,172,216,188,229,paragraph
the,196,216,221,229,paragraph
space,228,216,271,229,paragraph
of,278,216,293,229,paragraph
quasi-homogeneous,300,216,454,229,paragraph
polynomials,461,216,557,229,paragraph
of,564,216,579,229,paragraph
degree,586,216,637,229,paragraph
k,644,216,654,229,paragraph
3,683,216,692,229,paragraph
with,699,216,735,229,paragraph
values,742,216,790,229,paragraph
in,798,216,813,229,paragraph
d.,833,214,847,229,paragraph
L,394,223,407,245,paragraph
L,524,223,536,245,paragraph
We,121,232,146,245,paragraph
shall,152,232,189,245,paragraph
denote,195,232,248,245,paragraph
the,254,232,280,245,paragraph
restriction,286,232,367,245,paragraph
of,373,232,388,245,paragraph
to,413,232,429,245,paragraph
QH,435,232,465,245,paragraph
−,473,230,484,247,paragraph
by,498,232,517,245,paragraph
.,545,232,550,245,paragraph
k,465,237,473,247,paragraph
2,484,237,491,247,paragraph
k,536,237,544,247,paragraph
By,149,249,172,262,paragraph
expanding,178,249,260,262,paragraph
into,266,249,297,262,paragraph
quasihomogeneous,303,249,450,262,paragraph
"component,",457,249,549,262,paragraph
equation,555,249,624,262,paragraph
(21),630,249,663,262,paragraph
reads,669,249,711,262,paragraph
L,136,282,149,305,equation
{T,249,282,268,305,equation
},426,282,435,305,equation
−,448,282,462,305,equation
{T,512,282,531,305,equation
−,627,282,638,299,equation
},731,282,740,305,equation
−,753,282,767,305,equation
(f,149,292,165,305,equation
−,173,290,184,306,equation
",",192,292,197,305,equation
g,200,292,209,305,equation
),217,292,224,305,equation
=,230,292,244,305,equation
"(z,",273,292,294,305,equation
"z¯,",297,292,312,305,equation
u;,315,292,330,305,equation
f≥,333,290,353,306,equation
",",361,292,367,305,equation
g≥,370,290,389,306,equation
",",397,292,402,305,equation
Φ),405,292,426,305,equation
Φ,466,292,479,305,equation
=,493,292,507,305,equation
"(z,",536,292,558,305,equation
"z¯,",561,292,575,305,equation
u;,578,292,594,305,equation
f≥<k,597,289,626,308,equation
"1,",638,289,651,305,equation
"g≥<k),",654,289,695,308,equation
Φ,698,292,711,305,equation
Φ,771,292,785,305,equation
.,793,292,798,305,equation
(22),814,292,847,305,equation
k,165,297,172,306,equation
1,184,297,191,306,equation
k,209,297,216,306,equation
2,353,297,361,306,equation
3,389,297,396,306,equation
k,435,297,442,306,equation
k,479,297,487,306,equation
2,617,299,624,308,equation
3,674,298,681,308,equation
<k,711,297,730,306,equation
k,740,297,748,306,equation
k,785,297,792,306,equation
{T,199,326,219,348,paragraph
},376,326,386,348,paragraph
−,490,326,501,342,paragraph
"Here,",149,335,191,348,paragraph
"(z,",223,335,245,348,paragraph
"z¯,",248,335,262,348,paragraph
u;,265,335,281,348,paragraph
f≥,284,333,304,349,paragraph
",",312,335,317,348,paragraph
g≥,320,333,340,349,paragraph
"),",348,335,360,348,paragraph
Φ,363,335,376,348,paragraph
(resp.,402,335,447,348,paragraph
f≥<k,460,333,490,351,paragraph
1),501,333,516,348,paragraph
denotes,524,335,584,348,paragraph
the,592,335,617,348,paragraph
quasi-homogeneous,625,335,779,348,paragraph
term,786,335,824,348,paragraph
of,832,335,847,348,paragraph
−,279,342,293,364,paragraph
2,304,340,311,349,paragraph
3,340,340,347,349,paragraph
k,386,340,393,350,paragraph
2,480,342,487,351,paragraph
T,532,342,542,364,paragraph
degree,121,351,171,364,paragraph
k,177,351,187,364,paragraph
(resp.,193,351,238,364,paragraph
<,246,351,260,364,paragraph
k,265,351,275,364,paragraph
1),296,351,312,364,paragraph
of,318,351,333,364,paragraph
the,338,351,364,364,paragraph
Taylor,370,351,421,364,paragraph
expansion,427,351,506,364,paragraph
of,511,351,526,364,paragraph
"(z,",547,351,568,364,paragraph
"z¯,",571,351,586,364,paragraph
u;,589,351,604,364,paragraph
f≥,607,349,627,365,paragraph
",",635,351,640,364,paragraph
g≥,643,349,663,365,paragraph
",",671,351,676,364,paragraph
Φ),679,351,700,364,paragraph
(resp.,705,351,750,364,paragraph
f≥,758,349,778,365,paragraph
),786,351,793,364,paragraph
at,799,351,815,364,paragraph
the,821,351,847,364,paragraph
2,627,356,634,365,paragraph
3,663,356,670,365,paragraph
2,778,356,785,365,paragraph
origin.,121,367,171,380,paragraph
L,569,374,581,396,paragraph
It,149,383,163,396,paragraph
is,167,383,180,396,paragraph
well-known,184,383,273,396,paragraph
(see,278,383,309,396,paragraph
e.g.,313,383,341,396,paragraph
[BER98]),349,383,423,396,paragraph
that,428,383,461,396,paragraph
the,466,383,492,396,paragraph
operator,496,383,564,396,paragraph
",",581,383,586,396,paragraph
considered,591,383,675,396,paragraph
as,680,383,696,396,paragraph
an,701,383,720,396,paragraph
operator,725,383,792,396,paragraph
on,797,383,816,396,paragraph
the,821,383,847,396,paragraph
space,121,400,163,413,paragraph
of,170,400,185,413,paragraph
(formal),191,400,257,413,paragraph
holomorphic,263,400,362,413,paragraph
vector,369,400,418,413,paragraph
"ﬁelds,",424,400,470,413,paragraph
under,477,400,522,413,paragraph
our,529,400,555,413,paragraph
assumptions,562,400,660,413,paragraph
of,667,400,681,413,paragraph
linear,688,400,733,413,paragraph
independence,739,400,847,413,paragraph
and,121,416,150,429,paragraph
nondegeneracy,156,416,274,429,paragraph
of,281,416,295,429,paragraph
the,302,416,327,429,paragraph
form,334,416,371,429,paragraph
"Q,",377,416,397,429,paragraph
has,403,416,430,429,paragraph
a,436,416,446,429,paragraph
ﬁnite-dimensional,452,416,594,429,paragraph
(as,600,416,624,429,paragraph
a,630,416,639,429,paragraph
real,646,416,675,429,paragraph
vector,682,416,731,429,paragraph
space),737,416,787,429,paragraph
"kernel,",794,416,847,429,paragraph
which,121,432,167,445,paragraph
coincides,175,432,246,445,paragraph
with,254,432,290,445,paragraph
the,297,432,323,445,paragraph
space,331,432,374,445,paragraph
of,381,432,396,445,paragraph
inﬁnitesimal,404,432,502,445,paragraph
CR,510,432,537,445,paragraph
automorphisms,544,432,667,445,paragraph
of,675,432,690,445,paragraph
the,697,432,723,445,paragraph
model,731,432,779,445,paragraph
quadric,787,432,847,445,paragraph
≥,577,438,592,461,paragraph
Im,121,448,142,461,paragraph
w,145,448,159,461,paragraph
=,164,448,178,461,paragraph
"Q(z,",184,448,220,461,paragraph
z¯),223,448,239,461,paragraph
ﬁxing,244,448,288,461,paragraph
the,293,448,318,461,paragraph
origin.,323,448,374,461,paragraph
It,382,448,395,461,paragraph
follows,400,448,454,461,paragraph
"that,",459,448,497,461,paragraph
for,502,448,524,461,paragraph
any,529,448,557,461,paragraph
k,562,448,572,461,paragraph
"3,",597,448,611,461,paragraph
any,616,448,644,461,paragraph
complementary,649,448,771,461,paragraph
subspace,776,448,847,461,paragraph
N,121,455,136,477,paragraph
L,280,455,292,477,paragraph
to,151,464,167,477,paragraph
the,173,464,199,477,paragraph
image,205,464,252,477,paragraph
of,259,464,273,477,paragraph
gives,308,464,346,477,paragraph
rise,353,464,380,477,paragraph
to,387,464,403,477,paragraph
a,410,464,419,477,paragraph
formal,425,464,477,477,paragraph
normal,484,464,540,477,paragraph
form,547,464,585,477,paragraph
of,591,464,606,477,paragraph
degree,613,464,664,477,paragraph
k.,670,464,685,477,paragraph
By,695,464,717,477,paragraph
induction,724,464,799,477,paragraph
on,806,464,825,477,paragraph
"k,",831,464,847,477,paragraph
k,136,469,143,478,paragraph
k,292,469,300,478,paragraph
∈,523,471,535,493,paragraph
N,542,471,557,493,paragraph
we,121,480,141,493,paragraph
prove,149,480,192,493,paragraph
that,199,480,233,493,paragraph
there,241,480,281,493,paragraph
exists,289,480,333,493,paragraph
a,341,480,350,493,paragraph
(f,357,480,373,493,paragraph
−,381,478,392,495,paragraph
",",400,480,405,493,paragraph
g,408,480,417,493,paragraph
),426,480,433,493,paragraph
and,440,480,470,493,paragraph
a,477,480,486,493,paragraph
Φ,494,480,507,493,paragraph
such,573,480,608,493,paragraph
that,616,480,649,493,paragraph
equation,657,480,725,493,paragraph
(22),733,480,765,493,paragraph
is,773,480,785,493,paragraph
solved.,792,480,847,493,paragraph
k,373,485,381,495,paragraph
1,392,485,399,495,paragraph
k,417,485,424,495,paragraph
k,507,485,514,495,paragraph
k,557,485,564,495,paragraph
(cid:76),569,489,589,537,paragraph
A,121,496,134,509,paragraph
a,141,496,150,509,paragraph
"consequence,",156,496,258,509,paragraph
up,265,496,285,509,paragraph
to,292,496,308,509,paragraph
elements,314,496,383,509,paragraph
of,389,496,404,509,paragraph
the,410,496,436,509,paragraph
space,442,496,485,509,paragraph
of,491,496,506,509,paragraph
inﬁnitesimal,512,496,610,509,paragraph
automorphisms,617,496,739,509,paragraph
of,745,496,760,509,paragraph
the,766,496,792,509,paragraph
model,798,496,847,509,paragraph
"quadric,",121,512,185,525,paragraph
there,190,512,231,525,paragraph
exists,235,512,280,525,paragraph
a,284,512,293,525,paragraph
unique,298,512,351,525,paragraph
formal,356,512,407,525,paragraph
holomorphic,412,512,511,525,paragraph
change,515,512,570,525,paragraph
of,574,512,589,525,paragraph
coordinates,593,512,685,525,paragraph
such,689,512,724,525,paragraph
that,729,512,762,525,paragraph
the,767,512,792,525,paragraph
“new”,797,512,847,525,paragraph
N,522,519,537,541,paragraph
N,619,519,634,541,paragraph
deﬁning,121,528,184,541,paragraph
function,190,528,255,541,paragraph
lies,262,528,287,541,paragraph
in,293,528,309,541,paragraph
the,315,528,340,541,paragraph
space,346,528,389,541,paragraph
of,395,528,410,541,paragraph
normal,416,528,472,541,paragraph
form,478,528,516,541,paragraph
:=,544,528,564,541,paragraph
≥,597,528,608,545,paragraph
.,643,528,648,541,paragraph
N,400,535,415,558,paragraph
k,589,535,597,545,paragraph
3,608,535,615,545,paragraph
k,634,533,642,543,paragraph
In,149,545,166,558,paragraph
order,170,545,212,558,paragraph
to,217,545,233,558,paragraph
ﬁnd,238,545,268,558,paragraph
a,273,545,282,558,paragraph
way,286,545,318,558,paragraph
to,322,545,338,558,paragraph
choose,343,545,395,558,paragraph
with,422,545,457,558,paragraph
the,462,545,488,558,paragraph
additional,492,545,573,558,paragraph
property,577,545,646,558,paragraph
that,651,545,684,558,paragraph
for,689,545,711,558,paragraph
analytic,715,545,779,558,paragraph
deﬁning,783,545,847,558,paragraph
"functions,",121,561,199,574,paragraph
the,205,561,230,574,paragraph
change,237,561,291,574,paragraph
of,298,561,313,574,paragraph
coordinates,319,561,410,574,paragraph
is,417,561,429,574,paragraph
also,435,561,466,574,paragraph
"analytic,",472,561,541,574,paragraph
we,548,561,569,574,paragraph
shall,575,561,612,574,paragraph
pursue,618,561,671,574,paragraph
a,678,561,687,574,paragraph
path,693,561,730,574,paragraph
which,736,561,783,574,paragraph
tries,789,561,824,574,paragraph
to,830,561,847,574,paragraph
L,423,567,435,590,paragraph
rewrite,121,577,177,590,paragraph
the,183,577,208,590,paragraph
important,214,577,295,590,paragraph
components,301,577,396,590,paragraph
of,402,577,417,590,paragraph
as,442,577,458,590,paragraph
partial,464,577,517,590,paragraph
diﬀerential,523,577,609,590,paragraph
operators.,615,577,695,590,paragraph
{,334,583,343,606,paragraph
},353,583,362,606,paragraph
From,149,593,191,606,paragraph
now,196,593,228,606,paragraph
"on,",233,593,257,606,paragraph
we,262,593,283,606,paragraph
write,288,593,329,606,paragraph
h,343,593,353,606,paragraph
for,386,593,408,606,paragraph
the,413,593,438,606,paragraph
term,443,593,481,606,paragraph
in,486,593,501,606,paragraph
the,506,593,531,606,paragraph
Taylor,536,593,587,606,paragraph
expansion,592,593,671,606,paragraph
of,676,593,691,606,paragraph
h,696,593,706,606,paragraph
which,711,593,757,606,paragraph
is,762,593,775,606,paragraph
homoge-,779,593,847,606,paragraph
"p,q",362,598,380,607,paragraph
{,720,599,729,622,paragraph
},740,599,749,622,paragraph
neous,121,609,165,622,paragraph
of,170,609,185,622,paragraph
degree,189,609,240,622,paragraph
p,245,609,254,622,paragraph
in,258,609,273,622,paragraph
z,278,609,286,622,paragraph
and,292,609,321,622,paragraph
of,326,609,340,622,paragraph
degree,345,609,396,622,paragraph
q,400,609,408,622,paragraph
in,414,609,429,622,paragraph
z¯.,433,609,448,622,paragraph
For,455,609,482,622,paragraph
a,487,609,496,622,paragraph
map,500,609,535,622,paragraph
h,539,609,550,622,paragraph
=,555,609,569,622,paragraph
"h(z,",574,609,606,622,paragraph
"z¯,",609,609,624,622,paragraph
"u),",627,609,650,622,paragraph
we,654,609,675,622,paragraph
have,680,609,716,622,paragraph
h,729,609,740,622,paragraph
=,773,609,787,622,paragraph
h,792,609,803,622,paragraph
(u),822,609,847,622,paragraph
"p,q",749,614,767,623,paragraph
"p,q",803,614,820,623,paragraph
for,121,625,142,638,paragraph
some,150,625,190,638,paragraph
map,197,625,231,638,paragraph
h,239,625,249,638,paragraph
(u),268,625,293,638,paragraph
taking,300,625,350,638,paragraph
values,358,625,406,638,paragraph
in,413,625,429,638,paragraph
the,436,625,461,638,paragraph
space,469,625,511,638,paragraph
of,519,625,533,638,paragraph
polynomials,541,625,637,638,paragraph
homogeneous,644,625,750,638,paragraph
of,757,625,772,638,paragraph
degree,779,625,830,638,paragraph
p,837,625,847,638,paragraph
"p,q",249,630,267,639,paragraph
in,121,641,136,654,paragraph
z,142,641,151,654,paragraph
and,158,641,187,654,paragraph
of,194,641,209,654,paragraph
degree,215,641,266,654,paragraph
q,272,641,280,654,paragraph
in,287,641,303,654,paragraph
z¯,309,641,319,654,paragraph
(with,325,641,368,654,paragraph
values,374,641,422,654,paragraph
in,429,641,444,654,paragraph
the,450,641,476,654,paragraph
same,482,641,522,654,paragraph
space,528,641,571,654,paragraph
as,578,641,594,654,paragraph
"h),",601,641,623,654,paragraph
which,630,641,676,654,paragraph
is,682,641,695,654,paragraph
analytic,701,641,765,654,paragraph
in,771,641,786,654,paragraph
a,793,641,802,654,paragraph
ﬁxed,808,641,847,654,paragraph
domain,121,657,180,670,paragraph
of,185,657,200,670,paragraph
u,205,657,216,670,paragraph
independent,221,657,319,670,paragraph
of,324,657,339,670,paragraph
p,344,657,354,670,paragraph
and,359,657,388,670,paragraph
q,394,657,402,670,paragraph
(provided,408,657,485,670,paragraph
that,490,657,524,670,paragraph
h,529,657,539,670,paragraph
is,545,657,557,670,paragraph
analytic).,563,657,638,670,paragraph
We,646,657,672,670,paragraph
also,677,657,708,670,paragraph
will,713,657,742,670,paragraph
from,747,657,784,670,paragraph
now,790,657,822,670,paragraph
on,827,657,847,670,paragraph
write,121,673,161,686,paragraph
f,168,673,177,686,paragraph
"(z,",186,673,207,686,paragraph
u),210,673,228,686,paragraph
for,235,673,257,686,paragraph
the,264,673,289,686,paragraph
homogeneous,296,673,402,686,paragraph
polynomial,409,673,498,686,paragraph
of,505,673,520,686,paragraph
degree,527,673,578,686,paragraph
k,585,673,594,686,paragraph
(in,602,673,624,686,paragraph
z),631,673,647,686,paragraph
in,654,673,670,686,paragraph
the,677,673,702,686,paragraph
Taylor,709,673,761,686,paragraph
expansion,768,673,847,686,paragraph
k,177,678,185,688,paragraph
of,121,690,135,703,paragraph
f.,142,690,158,703,paragraph
Even,168,690,208,703,paragraph
though,214,690,270,703,paragraph
this,277,690,307,703,paragraph
conﬂicts,313,690,379,703,paragraph
with,385,690,421,703,paragraph
our,428,690,454,703,paragraph
previous,461,690,528,703,paragraph
use,534,690,560,703,paragraph
of,567,690,581,703,paragraph
the,588,690,614,703,paragraph
"subscript,",620,690,698,703,paragraph
no,705,690,724,703,paragraph
problems,731,690,803,703,paragraph
shall,810,690,847,703,paragraph
arise,121,706,157,719,paragraph
from,163,706,201,719,paragraph
the,207,706,232,719,paragraph
dual,238,706,273,719,paragraph
use.,279,706,310,719,paragraph
In,149,722,166,735,paragraph
what,171,722,211,735,paragraph
follows,216,722,270,735,paragraph
our,275,722,301,735,paragraph
notation,306,722,374,735,paragraph
can,379,722,406,735,paragraph
be,411,722,430,735,paragraph
considered,435,722,519,735,paragraph
as,524,722,540,735,paragraph
an,545,722,565,735,paragraph
abuse,570,722,615,735,paragraph
of,620,722,635,735,paragraph
notation:,640,722,712,735,paragraph
in,720,722,735,735,paragraph
an,740,722,759,735,paragraph
expression,764,722,847,735,paragraph
such,121,738,156,751,paragraph
as,163,738,179,751,paragraph
"Dkg(z,",186,736,242,751,paragraph
u)(Q,245,738,284,751,paragraph
+,289,738,303,751,paragraph
"Φ)k,",308,736,342,751,paragraph
we,349,738,370,751,paragraph
write,377,738,418,751,paragraph
as,425,738,442,751,paragraph
if,449,738,460,751,paragraph
Q,467,738,481,751,paragraph
+,486,738,500,751,paragraph
Φ,505,738,518,751,paragraph
was,526,738,555,751,paragraph
a,562,738,571,751,paragraph
scalar.,578,738,629,751,paragraph
This,641,738,676,751,paragraph
is,684,738,696,751,paragraph
harmless,703,738,773,751,paragraph
since,780,738,819,751,paragraph
we,826,738,847,751,paragraph
u,202,744,210,753,paragraph
are,121,754,145,767,paragraph
only,151,754,185,767,paragraph
interested,191,754,269,767,paragraph
in,275,754,291,767,paragraph
a,297,754,306,767,paragraph
lower,312,754,354,767,paragraph
bound,360,754,410,767,paragraph
of,416,754,431,767,paragraph
the,437,754,463,767,paragraph
vanishing,469,754,544,767,paragraph
order,550,754,592,767,paragraph
of,598,754,612,767,paragraph
some,618,754,658,767,paragraph
ﬁx,664,754,684,767,paragraph
set,690,754,713,767,paragraph
of,719,754,734,767,paragraph
monomials,740,754,825,767,paragraph
in,831,754,847,767,paragraph
"z,",121,770,135,783,paragraph
z¯.,138,770,152,783,paragraph
"However,",160,770,233,783,paragraph
if,239,770,249,783,paragraph
one,254,770,282,783,paragraph
decides,287,770,344,783,paragraph
to,349,770,366,783,paragraph
consider,371,770,436,783,paragraph
Dkg,441,768,474,783,paragraph
as,480,770,497,783,paragraph
a,502,770,511,783,paragraph
symmetric,516,770,599,783,paragraph
multilinear,605,770,692,783,paragraph
form,697,770,734,783,paragraph
and,739,770,769,783,paragraph
considers,774,770,847,783,paragraph
u,457,776,465,786,paragraph
powers,121,786,175,799,paragraph
as,184,786,200,799,paragraph
appropriate,209,786,302,799,paragraph
“ﬁlling”,311,786,374,799,paragraph
of,383,786,397,799,paragraph
these,406,786,447,799,paragraph
forms,456,786,500,799,paragraph
by,509,786,528,799,paragraph
"arguments,",537,786,625,799,paragraph
one,635,786,662,799,paragraph
can,671,786,699,799,paragraph
also,708,786,738,799,paragraph
consider,747,786,812,799,paragraph
the,821,786,847,799,paragraph
equations,121,802,196,815,paragraph
as,203,802,219,815,paragraph
actual,225,802,274,815,paragraph
equalities.,280,802,360,815,paragraph
14,474,838,493,851,paragraph
##LTLine##,284,158,304,158,paragraph
##LTLine##,393,158,417,158,paragraph
##LTLine##,557,138,579,138,paragraph
##LTLine##,556,178,580,178,paragraph
##LTLine##,714,137,740,137,paragraph
##LTLine##,714,178,740,178,paragraph
