token,x0,y0,x1,y1,label
limit,533,73,565,88,paragraph
on,571,73,588,88,paragraph
the,594,73,615,88,paragraph
frequency,621,73,688,88,paragraph
separation,694,73,763,88,paragraph
between,769,73,825,88,paragraph
overtone,832,73,890,88,paragraph
"modes,",896,73,944,88,paragraph
FIG.,95,78,119,89,paragraph
1.—,128,78,152,89,paragraph
Power,158,78,191,89,caption
spectra,196,78,234,89,caption
of,239,78,250,89,caption
three,255,78,281,89,caption
suspected,286,78,338,89,caption
red,343,78,360,89,caption
giants.,365,78,400,89,caption
Their,409,78,438,89,caption
EPIC,442,78,471,89,caption
IDs,476,78,495,89,caption
(Huber,85,88,123,99,caption
et,126,88,135,99,caption
al.,139,88,152,99,caption
"2015,",156,88,186,99,caption
in,189,88,199,99,caption
preparation),202,88,268,99,caption
are,271,88,287,99,caption
shown,290,88,325,99,caption
in,328,88,338,99,caption
each,342,88,366,99,caption
panel.,369,88,401,99,caption
Arrows,406,88,445,99,caption
mark,448,88,476,99,caption
the,479,88,495,99,caption
"∆ν,",533,86,561,101,paragraph
that,564,86,589,101,paragraph
we,593,86,612,101,paragraph
can,616,86,639,101,paragraph
reliably,642,86,694,101,paragraph
determine,697,86,764,101,paragraph
(Huber,767,86,815,101,paragraph
et,818,86,830,101,paragraph
al.,834,86,850,101,paragraph
2010;,853,86,891,101,paragraph
Hekker,895,86,944,101,paragraph
location,85,98,128,109,caption
of,131,98,142,109,caption
excess,145,98,180,109,caption
power,183,98,216,109,caption
assumed,219,98,265,109,caption
to,268,98,279,109,caption
be,282,98,294,109,caption
from,297,98,323,109,caption
stellar,326,98,359,109,caption
oscillations.,362,98,427,109,caption
Dotted,431,98,467,109,caption
lines,470,98,495,109,caption
et,533,99,545,113,paragraph
al.,551,99,567,113,paragraph
2012).,573,99,616,113,paragraph
Through,626,99,683,113,paragraph
the,689,99,709,113,paragraph
tight,715,99,746,113,paragraph
correlation,751,99,824,113,paragraph
between,829,99,885,113,paragraph
∆ν,891,101,913,113,paragraph
and,920,99,944,113,paragraph
are,85,108,101,119,caption
located,105,108,144,119,caption
at,147,108,157,119,caption
multiples,161,108,211,119,caption
of,214,108,225,119,caption
"47.2281µHz,",229,108,300,119,caption
corresponding,304,108,381,119,caption
to,384,108,395,119,caption
the,399,108,415,119,caption
spacecraft,419,108,473,119,caption
roll,477,108,495,119,caption
ν,533,114,542,126,paragraph
(Stello,572,112,617,126,paragraph
et,622,112,634,126,paragraph
al.,639,112,655,126,paragraph
"2009),",661,112,704,126,paragraph
this,709,112,733,126,paragraph
translates,738,112,802,126,paragraph
into,807,112,833,126,paragraph
a,838,112,845,126,paragraph
lower,850,112,888,126,paragraph
limit,893,112,925,126,paragraph
of,930,112,944,126,paragraph
angle,85,118,114,129,caption
re-positioning,116,118,192,129,caption
frequency.,194,118,250,129,caption
Spectra,254,118,294,129,caption
in,297,118,307,129,caption
black,310,118,339,129,caption
are,342,118,358,129,caption
based,361,118,391,129,caption
on,394,118,407,129,caption
VJ’s,410,118,434,129,caption
‘corrected’,437,118,495,129,caption
max,542,119,566,127,paragraph
light,85,128,109,139,caption
curves.,114,128,152,139,caption
Red,160,128,182,139,caption
spectra,187,128,225,139,caption
show,229,128,257,139,caption
the,262,128,278,139,caption
result,283,128,313,139,caption
after,317,128,342,139,caption
high-pass,347,128,398,139,caption
ﬁltering,403,128,445,139,caption
the,450,128,466,139,caption
light,471,128,495,139,caption
about,533,125,570,139,paragraph
10µHz,577,125,623,139,paragraph
in,629,125,642,139,paragraph
"νmax,",648,125,686,140,paragraph
and,693,125,717,139,paragraph
hence,724,125,763,139,paragraph
to,769,125,782,139,paragraph
the,788,125,808,139,paragraph
frequency,815,125,881,139,paragraph
range,888,125,925,139,paragraph
in,931,125,944,139,paragraph
curves.,85,138,123,150,caption
Spectra,127,138,167,150,caption
in,170,138,180,150,caption
green,183,138,213,150,caption
include,216,138,255,150,caption
both,258,138,282,150,caption
a,285,138,291,150,caption
high-pass,294,138,345,150,caption
ﬁlter,348,138,373,150,caption
and,376,138,395,150,caption
an,398,138,411,150,caption
interpolation,414,138,482,150,caption
to,485,138,495,150,caption
which,533,137,574,152,paragraph
we,579,137,599,152,paragraph
can,604,137,627,152,paragraph
fully,632,137,664,152,paragraph
characterise,669,137,749,152,paragraph
the,754,137,774,152,paragraph
oscillations.,779,137,860,152,paragraph
By,867,137,887,152,paragraph
restrict-,892,137,944,152,paragraph
ﬁll,85,148,100,160,caption
short,102,148,129,160,caption
regular,132,148,170,160,caption
gaps,172,148,197,160,caption
in,200,148,210,160,caption
the,213,148,229,160,caption
data,232,148,254,160,caption
caused,257,148,293,160,caption
by,296,148,310,160,caption
the,312,148,329,160,caption
repositioning,331,148,402,160,caption
of,405,148,416,160,caption
the,419,148,435,160,caption
spacecraft.,438,148,495,160,caption
ing,533,150,555,164,paragraph
our,560,150,583,164,paragraph
attention,588,150,647,164,paragraph
to,652,150,665,164,paragraph
higher-frequency,671,150,786,164,paragraph
"stars,",791,150,826,164,paragraph
we,832,150,852,164,paragraph
are,857,150,878,164,paragraph
then,883,150,912,164,paragraph
free,918,150,944,164,paragraph
to,533,163,546,177,paragraph
apply,551,163,588,177,paragraph
a,593,163,601,177,paragraph
high-pass,606,163,670,177,paragraph
ﬁlter,675,163,706,177,paragraph
without,711,163,763,177,paragraph
compromising,768,163,864,177,paragraph
the,869,163,890,177,paragraph
oscilla-,895,163,944,177,paragraph
tion,533,176,559,190,paragraph
signal.,563,176,607,190,paragraph
We,612,176,634,190,paragraph
chose,638,176,676,190,paragraph
a,680,176,687,190,paragraph
boxcar,691,176,737,190,paragraph
ﬁlter,740,176,772,190,paragraph
with,776,176,806,190,paragraph
a,809,176,817,190,paragraph
width,821,176,859,190,paragraph
of,863,176,877,190,paragraph
two,880,176,905,190,paragraph
"days,",909,176,944,190,paragraph
resulting,533,188,592,203,paragraph
in,598,188,611,203,paragraph
a,618,188,625,203,paragraph
cut-off,632,188,677,203,paragraph
frequency,683,188,750,203,paragraph
of,756,188,770,203,paragraph
about,777,188,814,203,paragraph
3µHz,820,188,858,203,paragraph
(Fig.,865,188,897,203,paragraph
"1,",903,188,916,203,paragraph
red,923,188,944,203,paragraph
"spectra),",533,201,590,215,paragraph
without,595,201,647,215,paragraph
affecting,651,201,711,215,paragraph
the,715,201,736,215,paragraph
oscillation,741,201,810,215,paragraph
signal,815,201,855,215,paragraph
of,860,201,874,215,paragraph
our,879,201,901,215,paragraph
target,906,201,944,215,paragraph
stars.,533,214,568,228,paragraph
Applying,573,214,637,228,paragraph
a,641,214,648,228,paragraph
high-pass,652,214,716,228,paragraph
ﬁlter,721,214,752,228,paragraph
gives,756,214,791,228,paragraph
a,795,214,803,228,paragraph
signiﬁcant,807,214,877,228,paragraph
reduction,881,214,944,228,paragraph
2.,124,222,135,234,section
OBSERVATIONS,143,223,240,234,section
AND,243,223,272,234,section
LIGHT,276,223,316,234,section
CURVE,319,223,364,234,section
PREPARATION,367,223,457,234,section
in,533,227,546,241,paragraph
the,552,227,572,241,paragraph
noise,578,227,613,241,paragraph
ﬂoor,619,227,650,241,paragraph
at,656,227,668,241,paragraph
all,674,227,690,241,paragraph
frequencies,696,227,773,241,paragraph
because,779,227,832,241,paragraph
it,837,227,846,241,paragraph
reduces,852,227,903,241,paragraph
spec-,909,227,944,241,paragraph
We,100,238,122,252,paragraph
used,127,238,158,252,paragraph
observations,164,238,248,252,paragraph
obtained,254,238,311,252,paragraph
as,317,238,331,252,paragraph
part,336,238,362,252,paragraph
of,368,238,382,252,paragraph
the,388,238,408,252,paragraph
K2,414,238,434,252,paragraph
Galactic,440,238,495,252,paragraph
tral,533,239,556,254,paragraph
leakage,560,239,611,254,paragraph
of,615,239,629,254,paragraph
low-frequency,633,239,730,254,paragraph
power,735,239,776,254,paragraph
to,780,239,793,254,paragraph
higher,797,239,840,254,paragraph
"frequencies,",844,239,926,254,paragraph
as,930,239,944,254,paragraph
Archaeology,85,251,171,265,paragraph
Program,176,251,233,265,paragraph
Campaign,238,251,307,265,paragraph
1,311,251,319,265,paragraph
(C1,324,251,349,265,paragraph
proposal,353,251,411,265,paragraph
GO1059)17.,415,250,495,265,paragraph
seen,533,252,563,266,paragraph
by,567,252,584,266,paragraph
comparing,588,252,660,266,paragraph
the,664,252,684,266,paragraph
black,689,252,725,266,paragraph
and,729,252,753,266,paragraph
the,757,252,778,266,paragraph
red,782,252,803,266,paragraph
spectra,808,252,855,266,paragraph
in,859,252,872,266,paragraph
Fig.,876,252,903,266,paragraph
1.,907,252,920,266,paragraph
For,85,263,108,278,paragraph
the,112,263,132,278,paragraph
purpose,137,263,190,278,paragraph
of,194,263,208,278,paragraph
this,212,263,236,278,paragraph
"Letter,",240,263,284,278,paragraph
we,288,263,308,278,paragraph
focused,312,263,364,278,paragraph
on,368,263,385,278,paragraph
a,389,263,397,278,paragraph
targeted,401,263,454,278,paragraph
set,459,263,477,278,paragraph
of,482,263,495,278,paragraph
Due,548,265,576,279,paragraph
to,582,265,595,279,paragraph
the,602,265,622,279,paragraph
roughly,628,265,680,279,paragraph
6-hour,686,265,731,279,paragraph
drift,737,265,766,279,paragraph
and,772,265,796,279,paragraph
repointing,803,265,871,279,paragraph
"cycle,",878,265,917,279,paragraph
K2,923,265,944,279,paragraph
red,85,276,106,290,paragraph
giant,112,276,146,290,paragraph
candidates,152,276,223,290,paragraph
based,229,276,267,290,paragraph
on,273,276,290,290,paragraph
their,296,276,327,290,paragraph
spectroscopic,333,276,424,290,paragraph
log,431,278,452,290,paragraph
g,455,278,463,290,paragraph
val-,470,276,495,290,paragraph
data,533,278,561,292,paragraph
generally,567,278,629,292,paragraph
show,635,278,670,292,paragraph
trends,676,278,717,292,paragraph
on,722,278,739,292,paragraph
that,745,278,770,292,paragraph
time,776,278,806,292,paragraph
"scale,",812,278,849,292,paragraph
and,855,278,880,292,paragraph
typically,885,278,944,292,paragraph
ues,85,289,107,303,paragraph
(log,114,289,141,303,paragraph
g,144,291,152,303,paragraph
<,163,291,176,303,paragraph
3.8),186,289,213,303,paragraph
drawn,220,289,262,303,paragraph
from,269,289,301,303,paragraph
APOGEE,308,289,375,303,paragraph
(Majewski,382,289,453,303,paragraph
et,460,289,472,303,paragraph
al.,479,289,495,303,paragraph
one,533,290,557,305,paragraph
data,565,290,593,305,paragraph
point,601,290,635,305,paragraph
is,643,290,654,305,paragraph
ﬂagged,662,290,711,305,paragraph
unsuitable,719,290,788,305,paragraph
during,795,290,839,305,paragraph
the,847,290,867,305,paragraph
repointing,875,290,944,305,paragraph
"2010),",85,302,128,316,paragraph
part,135,302,161,316,paragraph
of,167,302,181,316,paragraph
the,188,302,208,316,paragraph
Sloan,215,302,253,316,paragraph
Digital,259,302,306,316,paragraph
Sky,312,302,338,316,paragraph
Survey,345,302,391,316,paragraph
III,398,302,415,316,paragraph
(Eisenstein,421,302,495,316,paragraph
(see,533,303,560,317,paragraph
Vanderburg,574,303,652,317,paragraph
&,659,303,672,317,paragraph
Johnson,679,303,734,317,paragraph
2014).,741,303,784,317,paragraph
The,798,303,824,317,paragraph
resulting,831,303,890,317,paragraph
regular,897,303,944,317,paragraph
et,85,314,97,329,paragraph
al.,103,314,119,329,paragraph
2011).,125,314,168,329,paragraph
The,178,314,204,329,paragraph
APOGEE,210,314,276,329,paragraph
survey,281,314,325,329,paragraph
used,331,314,362,329,paragraph
a,368,314,375,329,paragraph
wide-ﬁeld,381,314,449,329,paragraph
multi-,455,314,495,329,paragraph
"gaps,",533,316,568,330,paragraph
combined,573,316,639,330,paragraph
with,644,316,674,330,paragraph
the,679,316,700,330,paragraph
slow,705,316,736,330,paragraph
"drifts,",741,316,780,330,paragraph
can,786,316,809,330,paragraph
result,814,316,851,330,paragraph
in,856,316,869,330,paragraph
signiﬁcant,874,316,944,330,paragraph
object,85,327,126,342,paragraph
H-band,131,327,181,342,paragraph
spectrograph,187,327,273,342,paragraph
(Wilson,279,327,332,342,paragraph
et,337,327,349,342,paragraph
al.,355,327,371,342,paragraph
2010),376,327,416,342,paragraph
on,421,327,438,342,paragraph
the,443,327,464,342,paragraph
2.5-,469,327,495,342,paragraph
leakage,533,329,584,343,paragraph
of,592,329,605,343,paragraph
power,613,329,654,343,paragraph
towards,661,329,714,343,paragraph
higher,721,329,763,343,paragraph
frequencies,771,329,848,343,paragraph
in,855,329,868,343,paragraph
the,875,329,895,343,paragraph
power,903,329,944,343,paragraph
meter,85,340,123,354,paragraph
Sloan,130,340,169,354,paragraph
Foundation,176,340,252,354,paragraph
telescope,259,340,322,354,paragraph
at,329,340,341,354,paragraph
Apache,349,340,400,354,paragraph
Point,407,340,443,354,paragraph
Obser-,450,340,495,354,paragraph
spectra.,533,341,585,356,paragraph
This,600,341,630,356,paragraph
offset,638,341,675,356,paragraph
can,683,341,706,356,paragraph
be,714,341,730,356,paragraph
avoided,737,341,790,356,paragraph
if,797,341,808,356,paragraph
the,815,341,836,356,paragraph
gaps,843,341,874,356,paragraph
are,881,341,902,356,paragraph
ﬁlled,910,341,944,356,paragraph
vatory,85,353,127,367,paragraph
(Gunn,134,353,177,367,paragraph
et,185,353,197,367,paragraph
al.,204,353,220,367,paragraph
2006).,228,353,271,367,paragraph
The,286,353,312,367,paragraph
red,319,353,340,367,paragraph
giants,348,353,388,367,paragraph
discussed,395,353,459,367,paragraph
here,467,353,495,367,paragraph
(Garc´ıa,533,354,583,368,paragraph
et,588,354,600,368,paragraph
al.,605,354,621,368,paragraph
2014;,626,354,664,368,paragraph
Pires,668,354,702,368,paragraph
et,706,354,718,368,paragraph
al.,723,354,739,368,paragraph
"2015),",744,354,787,368,paragraph
for,792,354,811,368,paragraph
which,816,354,857,368,paragraph
we,861,354,881,368,paragraph
used,885,354,916,368,paragraph
lin-,921,354,944,368,paragraph
were,85,366,117,380,paragraph
observed,124,366,184,380,paragraph
as,191,366,205,380,paragraph
part,212,366,238,380,paragraph
of,245,366,259,380,paragraph
the,266,366,286,380,paragraph
main,293,366,326,380,paragraph
survey,333,366,377,380,paragraph
(Zasowski,384,366,453,380,paragraph
et,460,366,472,380,paragraph
al.,479,366,495,380,paragraph
ear,533,367,554,381,paragraph
interpolation,559,367,645,381,paragraph
for,650,367,670,381,paragraph
all,675,367,692,381,paragraph
gaps,697,367,728,381,paragraph
of,733,367,747,381,paragraph
up,753,367,769,381,paragraph
to,775,367,788,381,paragraph
three,793,367,827,381,paragraph
consecutive,832,367,911,381,paragraph
data,916,367,944,381,paragraph
2013).,85,378,128,393,paragraph
The,134,378,160,393,paragraph
spectra,164,378,212,393,paragraph
were,216,378,249,393,paragraph
"reduced,",253,378,310,393,paragraph
"wavelength-calibrated,",315,378,467,393,paragraph
and,471,378,495,393,paragraph
points.,533,380,578,394,paragraph
Larger,589,380,633,394,paragraph
gaps,639,380,669,394,paragraph
were,675,380,708,394,paragraph
not,714,380,735,394,paragraph
ﬁlled.,741,380,780,394,paragraph
The,790,380,816,394,paragraph
interpolation,822,380,907,394,paragraph
used,913,380,944,394,paragraph
co-added,85,391,146,405,paragraph
as,151,391,165,405,paragraph
described,169,391,233,405,paragraph
by,238,391,254,405,paragraph
Nidever,259,391,312,405,paragraph
et,316,391,328,405,paragraph
al.,333,391,349,405,paragraph
(2015).,354,391,402,405,paragraph
The,408,391,434,405,paragraph
determi-,439,391,495,405,paragraph
only,533,392,563,407,paragraph
the,569,392,590,407,paragraph
two,596,392,621,407,paragraph
points,627,392,668,407,paragraph
that,675,392,700,407,paragraph
bracketed,706,392,771,407,paragraph
each,777,392,808,407,paragraph
gap.,814,392,842,407,paragraph
In,854,392,868,407,paragraph
agreement,874,392,944,407,paragraph
nation,85,404,127,418,paragraph
of,132,404,146,418,paragraph
stellar,151,404,192,418,paragraph
parameters,198,404,271,418,paragraph
from,277,404,309,418,paragraph
the,315,404,335,418,paragraph
the,340,404,361,418,paragraph
automated,366,404,436,418,paragraph
pipeline,442,404,495,418,paragraph
with,533,405,563,420,paragraph
Garc´ıa,567,405,611,420,paragraph
et,615,405,627,420,paragraph
al.,631,405,647,420,paragraph
(2014);,651,405,700,420,paragraph
Pires,704,405,737,420,paragraph
et,741,405,753,420,paragraph
al.,756,405,773,420,paragraph
"(2015),",776,405,825,420,paragraph
we,829,405,848,420,paragraph
found,852,405,891,420,paragraph
that,895,405,920,420,paragraph
the,923,405,944,420,paragraph
is,85,417,96,431,paragraph
described,101,417,165,431,paragraph
by,171,417,187,431,paragraph
Garcia-Perez,193,417,280,431,paragraph
et,285,417,298,431,paragraph
"al,",303,417,319,431,paragraph
in,325,417,338,431,paragraph
preparation).,343,417,429,431,paragraph
We,438,417,459,431,paragraph
used,465,417,495,431,paragraph
stellar,533,418,574,432,paragraph
signal,578,418,618,432,paragraph
was,622,418,648,432,paragraph
not,652,418,673,432,paragraph
markedly,677,418,740,432,paragraph
affected.,744,418,802,432,paragraph
"However,",807,418,871,432,paragraph
our,875,418,897,432,paragraph
ability,901,418,944,432,paragraph
the,85,429,105,444,paragraph
parameters,110,429,183,444,paragraph
from,188,429,221,444,paragraph
Data,226,429,257,444,paragraph
Release,262,429,314,444,paragraph
12,319,429,336,444,paragraph
(Alam,341,429,383,444,paragraph
et,388,429,400,444,paragraph
al.,405,429,421,444,paragraph
2015);,426,429,470,444,paragraph
the,475,429,495,444,paragraph
to,533,431,546,445,paragraph
detect,551,431,591,445,paragraph
the,596,431,617,445,paragraph
oscillations,622,431,698,445,paragraph
was,703,431,729,445,paragraph
"increased,",734,431,801,445,paragraph
particularly,807,431,884,445,paragraph
for,889,431,908,445,paragraph
stars,913,431,944,445,paragraph
calibration,85,442,156,456,paragraph
and,161,442,185,456,paragraph
veriﬁcation,190,442,266,456,paragraph
of,271,442,285,456,paragraph
the,290,442,310,456,paragraph
APOGEE,315,442,381,456,paragraph
DR,386,442,409,456,paragraph
12,414,442,431,456,paragraph
results,436,442,479,456,paragraph
is,484,442,495,456,paragraph
oscillating,533,444,603,458,paragraph
at,609,444,621,458,paragraph
relatively,626,444,689,458,paragraph
high,694,444,724,458,paragraph
frequencies.,729,444,811,458,paragraph
This,820,444,850,458,paragraph
improvement,855,444,944,458,paragraph
described,85,455,149,469,paragraph
by,152,455,169,469,paragraph
Holtzman,173,455,239,469,paragraph
et,242,455,254,469,paragraph
al.,258,455,274,469,paragraph
(2015).,277,455,326,469,paragraph
Of,331,455,349,469,paragraph
the,352,455,373,469,paragraph
121,376,455,401,469,paragraph
red,405,455,426,469,paragraph
giant,430,455,463,469,paragraph
can-,467,455,495,469,paragraph
is,533,456,544,471,paragraph
illustrated,548,456,615,471,paragraph
by,619,456,636,471,paragraph
comparing,639,456,711,471,paragraph
the,715,456,735,471,paragraph
red,739,456,760,471,paragraph
and,764,456,788,471,paragraph
green,792,456,829,471,paragraph
spectra,833,456,881,471,paragraph
in,884,456,897,471,paragraph
Fig.,901,456,928,471,paragraph
1.,931,456,944,471,paragraph
didates,85,468,132,482,paragraph
that,138,468,163,482,paragraph
satisfy,168,468,212,482,paragraph
the,217,468,237,482,paragraph
above-mentioned,243,468,359,482,paragraph
log,364,470,385,482,paragraph
g,388,470,396,482,paragraph
"cut,",402,468,427,482,paragraph
117,432,468,458,482,paragraph
were,463,468,495,482,paragraph
While,533,469,574,483,paragraph
gap,579,469,603,483,paragraph
ﬁlling,608,469,648,483,paragraph
should,653,469,697,483,paragraph
be,702,469,718,483,paragraph
used,723,469,754,483,paragraph
with,758,469,788,483,paragraph
"caution,",793,469,847,483,paragraph
it,851,469,861,483,paragraph
is,866,469,877,483,paragraph
generally,882,469,944,483,paragraph
observed,85,480,145,495,paragraph
in,149,480,162,495,paragraph
the,167,480,187,495,paragraph
K2,191,480,212,495,paragraph
campaign.,216,480,286,495,paragraph
The,291,480,317,495,paragraph
stars,322,480,352,495,paragraph
span,357,480,387,495,paragraph
2.8,392,480,413,495,paragraph
dex,417,480,441,495,paragraph
in,445,480,458,495,paragraph
log,462,483,484,494,paragraph
g,487,483,495,494,paragraph
safe,533,482,560,496,paragraph
when,566,482,602,496,paragraph
the,608,482,629,496,paragraph
gaps,634,482,665,496,paragraph
are,671,482,691,496,paragraph
short,697,482,731,496,paragraph
and,737,482,761,496,paragraph
few,767,482,791,496,paragraph
compared,797,482,863,496,paragraph
to,869,482,882,496,paragraph
the,888,482,908,496,paragraph
total,914,482,944,496,paragraph
(cid:46),406,487,419,505,paragraph
(cid:46),451,487,464,505,paragraph
and,85,493,109,507,paragraph
seven,113,493,150,507,paragraph
magnitudes,154,493,231,507,paragraph
in,235,493,248,507,paragraph
apparent,252,493,310,507,paragraph
magnitude,313,493,384,507,paragraph
(9,388,493,402,507,paragraph
Kp,424,495,446,507,paragraph
"16),",469,493,495,507,paragraph
number,533,495,584,509,paragraph
of,590,495,604,509,paragraph
data,609,495,637,509,paragraph
points,642,495,683,509,paragraph
in,689,495,702,509,paragraph
the,707,495,727,509,paragraph
light,733,495,764,509,paragraph
curve,769,495,806,509,paragraph
(Garc´ıa,811,494,861,509,paragraph
et,867,495,879,509,paragraph
al.,884,495,900,509,paragraph
2014;,906,495,944,509,paragraph
and,85,506,109,520,paragraph
hence,115,506,154,520,paragraph
serve,160,506,195,520,paragraph
as,200,506,214,520,paragraph
a,220,506,228,520,paragraph
suitable,233,506,285,520,paragraph
benchmark,291,506,366,520,paragraph
set,371,506,390,520,paragraph
to,396,506,409,520,paragraph
characterize,415,506,495,520,paragraph
Pires,533,507,567,522,paragraph
et,573,507,585,522,paragraph
al.,591,507,607,522,paragraph
2015).,613,507,657,522,paragraph
"Here,",667,507,704,522,paragraph
we,711,507,730,522,paragraph
ﬁlled,736,507,771,522,paragraph
3–4%,777,507,816,522,paragraph
of,822,507,836,522,paragraph
all,842,507,859,522,paragraph
data,865,507,893,522,paragraph
points.,899,507,944,522,paragraph
the,85,519,105,533,paragraph
K2,109,519,130,533,paragraph
data,134,519,161,533,paragraph
"ﬁdelity,",165,519,216,533,paragraph
including,220,519,283,533,paragraph
the,287,519,308,533,paragraph
ability,312,519,354,533,paragraph
to,358,519,371,533,paragraph
detect,375,519,415,533,paragraph
oscillations,419,519,495,533,paragraph
For,533,520,556,534,paragraph
these,562,520,596,534,paragraph
K2,601,520,622,534,paragraph
"data,",627,520,659,534,paragraph
the,665,520,685,534,paragraph
gap,691,520,715,534,paragraph
ﬁlling,720,520,760,534,paragraph
results,765,520,809,534,paragraph
in,814,520,827,534,paragraph
almost,833,520,877,534,paragraph
complete,883,520,944,534,paragraph
for,85,531,104,546,paragraph
different,108,531,166,546,paragraph
levels,170,531,208,546,paragraph
of,212,531,226,546,paragraph
intrinsic,231,531,286,546,paragraph
and,290,531,314,546,paragraph
apparent,318,531,376,546,paragraph
brightness.,380,531,453,546,paragraph
removal,533,533,587,547,paragraph
of,594,533,608,547,paragraph
peaks,614,533,652,547,paragraph
in,658,533,671,547,paragraph
the,677,533,698,547,paragraph
power,704,533,745,547,paragraph
spectra,752,533,799,547,paragraph
at,805,533,817,547,paragraph
the,823,533,844,547,paragraph
re-positioning,850,533,944,547,paragraph
The,100,544,126,558,paragraph
photometric,133,544,214,558,paragraph
time,221,544,251,558,paragraph
series,258,544,296,558,paragraph
(light,304,544,340,558,paragraph
curves),347,544,396,558,paragraph
from,403,544,436,558,paragraph
the,443,544,463,558,paragraph
raw,471,544,495,558,paragraph
frequency,533,546,600,560,paragraph
and,605,546,629,560,paragraph
its,634,546,650,560,paragraph
harmonics,655,546,725,560,paragraph
(Fig.,730,546,762,560,paragraph
"1,",767,546,779,560,paragraph
dotted,784,546,826,560,paragraph
"lines),",831,546,872,560,paragraph
which,878,546,919,560,paragraph
are,923,546,944,560,paragraph
FIG.,94,561,118,572,paragraph
2.—,127,561,152,572,paragraph
Power,156,561,190,572,caption
spectra,195,561,233,572,caption
of,237,561,249,572,caption
selected,253,561,296,572,caption
red,301,561,318,572,caption
giants,322,561,354,572,caption
representing,359,561,425,572,caption
the,430,561,446,572,caption
range,451,561,480,572,caption
in,485,561,495,572,caption
otherwise,533,558,598,573,paragraph
disruptive,605,558,671,573,paragraph
for,677,558,697,573,paragraph
the,703,558,724,573,paragraph
automated,730,558,800,573,paragraph
detection,806,558,868,573,paragraph
of,874,558,888,573,paragraph
oscilla-,895,558,944,573,paragraph
"νmax,",85,571,119,583,caption
detectable,122,571,176,583,caption
from,179,571,205,583,caption
K2,209,571,225,583,caption
long-cadence,228,571,300,583,caption
data.,303,571,329,583,caption
Their,333,571,362,583,caption
EPIC,365,571,394,583,caption
ID’s,397,571,420,583,caption
are,423,571,440,583,caption
indicated.,443,571,495,583,caption
tions,533,571,566,585,paragraph
and,572,571,596,585,paragraph
extraction,601,571,668,585,paragraph
of,674,571,688,585,paragraph
the,693,571,714,585,paragraph
global,720,571,761,585,paragraph
seismic,767,571,817,585,paragraph
properties.,823,571,894,585,paragraph
In,904,571,918,585,paragraph
the,923,571,944,585,paragraph
The,85,581,106,593,caption
stars,109,581,134,593,caption
are,138,581,154,593,caption
ordered,158,581,199,593,caption
from,203,581,229,593,caption
most,233,581,259,593,caption
luminous,262,581,312,593,caption
(lowest,316,581,355,593,caption
oscillation,359,581,415,593,caption
frequencies,419,581,480,593,caption
of,484,581,495,593,caption
following,533,584,598,598,paragraph
"analysis,",604,584,662,598,paragraph
we,669,584,689,598,paragraph
use,695,584,718,598,paragraph
the,724,584,744,598,paragraph
high-pass,751,584,815,598,paragraph
"ﬁltered,",821,584,873,598,paragraph
gap-ﬁlled,880,584,944,598,paragraph
about,85,591,115,603,caption
10µHz),118,591,160,603,caption
at,164,591,173,603,caption
the,177,591,193,603,caption
"top,",197,591,217,603,caption
to,221,591,231,603,caption
the,235,591,251,603,caption
least,255,591,279,603,caption
luminous,283,591,333,603,caption
(highest,336,591,379,603,caption
oscillation,383,591,439,603,caption
frequency,442,591,495,603,caption
light,533,597,564,611,paragraph
curves.,568,597,616,611,paragraph
of,85,601,96,613,caption
about,101,601,131,613,caption
270µHz),136,601,185,613,caption
at,190,601,200,613,caption
the,205,601,222,613,caption
bottom.,227,601,268,613,caption
The,279,601,299,613,caption
frequency,305,601,358,613,caption
range,363,601,393,613,caption
dominated,398,601,455,613,caption
by,460,601,474,613,caption
the,479,601,495,613,caption
oscillations,85,611,146,623,caption
is,149,611,158,623,caption
shown,161,611,196,623,caption
in,199,611,210,623,caption
black.,213,611,246,623,caption
In,548,609,562,624,paragraph
future,567,609,607,624,paragraph
"work,",612,609,651,624,paragraph
we,656,609,676,624,paragraph
will,681,609,707,624,paragraph
explore,712,609,762,624,paragraph
other,767,609,801,624,paragraph
schemes,806,609,863,624,paragraph
for,868,609,888,624,paragraph
directly,893,609,944,624,paragraph
modelling,533,622,601,636,paragraph
instrumental,606,622,689,636,paragraph
variability.,694,622,766,636,paragraph
In,772,622,786,636,paragraph
"particular,",790,622,858,636,paragraph
Angus,863,622,906,636,paragraph
et,911,622,923,636,paragraph
al.,928,622,944,636,paragraph
(2015),533,635,578,649,paragraph
have,585,635,616,649,paragraph
recently,622,635,676,649,paragraph
proposed,683,635,744,649,paragraph
a,751,635,759,649,paragraph
scheme,765,635,815,649,paragraph
that,822,635,847,649,paragraph
alleviates,854,635,917,649,paragraph
the,923,635,944,649,paragraph
K2,85,650,105,664,paragraph
pixel,111,650,144,664,paragraph
data,149,650,177,664,paragraph
are,182,650,203,664,paragraph
currently,208,650,268,664,paragraph
not,274,650,295,664,paragraph
available,300,650,360,664,paragraph
from,365,650,398,664,paragraph
NASA.,403,650,452,664,paragraph
How-,458,650,495,664,paragraph
need,533,648,565,662,paragraph
for,570,648,590,662,paragraph
gap,595,648,619,662,paragraph
ﬁlling,624,648,664,662,paragraph
in,670,648,683,662,paragraph
time,688,648,718,662,paragraph
series,723,648,761,662,paragraph
data,766,648,794,662,paragraph
to,799,648,812,662,paragraph
produce,818,648,872,662,paragraph
K2,877,648,897,662,paragraph
power,903,648,944,662,paragraph
"ever,",85,663,116,677,paragraph
light,123,663,154,677,paragraph
curves,160,663,203,677,paragraph
created,210,663,258,677,paragraph
by,264,663,281,677,paragraph
Vanderburg,287,663,364,677,paragraph
&,371,663,384,677,paragraph
Johnson,390,663,445,677,paragraph
(2014),451,663,495,677,paragraph
spectra,533,660,581,675,paragraph
that,585,660,610,675,paragraph
are,614,660,635,675,paragraph
less,639,660,664,675,paragraph
sensitive,668,660,726,675,paragraph
to,730,660,743,675,paragraph
systematic,747,660,818,675,paragraph
effects.,822,660,871,675,paragraph
(VJ,85,676,109,690,paragraph
hereafter),113,676,178,690,paragraph
are,182,676,203,690,paragraph
publicly,207,676,262,690,paragraph
available18,266,675,337,690,paragraph
and,342,676,366,690,paragraph
we,371,676,390,690,paragraph
used,394,676,425,690,paragraph
these,429,676,463,690,paragraph
data,468,676,495,690,paragraph
in,85,688,98,703,paragraph
our,103,688,125,703,paragraph
study.,130,688,169,703,paragraph
Power,177,688,219,703,paragraph
spectra,224,688,272,703,paragraph
of,277,688,291,703,paragraph
the,296,688,316,703,paragraph
light,321,688,352,703,paragraph
curves,357,688,400,703,paragraph
denoted,405,688,458,703,paragraph
‘cor-,463,688,495,703,paragraph
rected’,85,701,131,715,paragraph
by,134,701,151,715,paragraph
VJ,154,701,173,715,paragraph
are,176,701,197,715,paragraph
shown,200,701,243,715,paragraph
in,246,701,259,715,paragraph
Fig.,263,701,289,715,paragraph
1,292,701,301,715,paragraph
(black,304,701,346,715,paragraph
curves),349,701,398,715,paragraph
for,401,701,421,715,paragraph
three,424,701,457,715,paragraph
stars.,461,701,495,715,paragraph
DRAFT,100,706,140,718,section
VERSION,144,708,194,717,section
MAY,198,706,226,718,section
"27,",230,706,248,718,section
2020,252,706,281,718,section
The,85,714,111,728,section
80-day,117,714,163,728,section
duration,169,714,225,728,section
of,231,714,245,728,section
the,251,714,272,728,section
light,278,714,308,728,section
curves,314,714,358,728,section
provides,364,714,421,728,paragraph
a,427,714,435,728,paragraph
nominal,441,714,495,728,paragraph
Preprint,100,718,138,728,section
typeset,141,718,174,728,section
using,177,718,202,728,section
LATEX,205,718,232,730,section
sty∼le,235,718,261,741,section
emulateapj,260,718,311,728,section
v.,314,718,322,728,section
2/19/04,325,718,361,728,section
frequency,85,727,151,741,paragraph
resolution,157,727,224,741,paragraph
of,229,727,243,741,paragraph
0.14,267,729,297,741,paragraph
"µHz,",300,727,334,741,paragraph
which,339,727,380,741,paragraph
imposes,385,727,440,741,paragraph
a,445,727,453,741,paragraph
lower,458,727,495,741,paragraph
OSCILLATING,91,770,200,785,paragraph
RED,204,770,237,785,paragraph
GIANTS,241,770,303,785,paragraph
OBSERVED,307,770,394,785,paragraph
DURING,398,770,463,785,paragraph
CAMPAIGN,468,770,555,785,paragraph
1,559,770,568,785,paragraph
OF,572,770,593,785,paragraph
THE,598,770,630,785,paragraph
KEPLER,634,770,698,785,paragraph
K2,702,770,722,785,paragraph
MISSION:,726,770,800,785,paragraph
NEW,804,770,842,785,paragraph
PROSPECTS,846,770,938,785,paragraph
FOR,388,783,421,797,paragraph
GALACTIC,425,783,509,797,paragraph
ARCHAEOLOGY,513,783,641,797,paragraph
DENNIS,113,803,163,816,author
"STELLO1,2,",167,802,237,816,author
DANIEL,241,803,292,816,author
"HUBER1,3,2,",296,802,370,816,author
SANJIB,375,803,421,816,author
"SHARMA1,",425,802,493,816,author
JENNIFER,498,803,560,816,author
"JOHNSON4,",564,802,636,816,author
MIKKEL,640,803,694,816,author
N.,698,803,714,816,author
"LUND2,",718,802,766,816,author
RASMUS,771,803,826,816,author
"HANDBERG2,",831,802,916,816,author
DEREK,135,815,181,828,author
L.,185,815,199,828,author
"BUZASI5,",204,814,264,828,author
VICTOR,268,815,319,828,author
SILVA,323,815,361,828,author
"AGUIRRE2,",365,814,436,828,author
WILLIAM,440,815,501,828,author
J.,506,815,516,828,author
"CHAPLIN6,2,",520,814,599,828,author
ANDREA,603,815,659,828,author
"MIGLIO6,2,",664,814,733,828,author
MARC,738,815,778,828,author
"PINSONNEAULT4,",783,814,893,828,author
SARBANI,98,826,156,839,author
"BASU7,",161,825,208,839,author
TIM,212,826,237,839,author
R.,242,826,257,839,author
"BEDDING1,2,",261,825,341,839,author
JOSS,346,826,376,839,author
"BLAND-HAWTHORN1,",380,825,521,839,author
LUCA,526,826,562,839,author
"CASAGRANDE8,",567,825,668,839,author
GUY,673,826,703,839,author
"DAVIES6,2,",707,825,775,839,author
YVONNE,779,826,835,839,author
"ELSWORTH6,2,",840,825,931,839,author
RAFAEL,138,838,189,851,author
A.,194,838,209,851,author
"GARCIA9,",214,837,277,851,author
SAVITA,281,838,328,851,author
"MATHUR10,",333,837,406,851,author
MARIA,411,838,457,851,author
PIA,461,838,484,851,author
DI,488,838,504,851,author
"MAURO11,",508,837,574,851,author
BENOIT,579,838,629,851,author
"MOSSER12,",633,837,704,851,author
DONALD,709,838,765,851,author
P.,770,838,781,851,author
"SCHNEIDER13,14,",785,837,891,851,author
