token,x0,y0,x1,y1,label
GENERAL,439,160,502,171,paragraph
ARTICLE,505,160,560,171,paragraph
Table,655,187,698,204,paragraph
2.,703,187,717,204,paragraph
The,725,189,751,204,caption
observed,756,189,816,204,caption
and,821,189,845,204,caption
mass,323,202,360,218,table
radius,390,202,435,218,table
Bsurface,479,201,530,218,table
Bcentral,575,201,624,218,table
average,491,209,532,220,table
max,588,209,611,220,table
theoretical,655,206,725,220,caption
maximum,733,206,801,220,caption
value,809,206,845,220,caption
M(cid:12),334,219,359,236,table
cm,412,220,435,236,table
G,520,220,533,236,table
G,612,220,625,236,table
of,655,223,669,237,caption
the,672,223,693,237,caption
magnetic,697,223,758,237,caption
ﬁeld,762,223,792,237,caption
for,796,223,815,237,caption
var-,819,223,845,237,caption
×,310,229,321,253,table
−,344,230,352,247,table
×,393,229,405,253,table
×,583,229,595,253,paragraph
Earth,164,238,204,253,table
3,297,238,306,253,table
10,326,238,344,253,table
6,352,237,359,248,table
6,380,238,389,253,table
108,409,237,434,253,table
∼<,512,239,521,256,paragraph
1,524,238,533,253,paragraph
2,570,238,579,253,paragraph
107,599,237,624,253,paragraph
ious,655,239,682,253,caption
astrophysical,687,239,775,253,caption
objects.,779,239,831,253,caption
−,344,248,352,265,table
×,393,247,405,270,table
∼,498,247,510,270,paragraph
×,583,247,595,270,paragraph
Jupiter,164,256,214,271,table
10,326,256,344,271,table
3,352,254,359,266,table
7,380,256,389,271,table
109,409,254,434,271,table
10,515,256,533,271,paragraph
5,570,256,579,271,paragraph
107,599,254,624,271,paragraph
−,321,265,333,288,table
−,492,265,503,288,paragraph
−,583,265,595,288,paragraph
Brown,164,273,214,289,table
Dwarf,218,273,265,289,table
0.01,285,273,317,289,table
0.1,337,273,360,289,table
1010,402,272,434,289,table
1,478,273,488,289,paragraph
103,507,272,532,289,paragraph
107,553,272,578,289,paragraph
108,599,272,624,289,paragraph
∼,490,282,502,306,paragraph
×,583,282,595,306,paragraph
Sun,164,291,193,307,table
1.0,337,291,360,307,table
1011,402,290,434,307,table
few,506,291,533,307,paragraph
3,570,291,579,307,paragraph
108,599,290,624,307,paragraph
−,492,300,503,324,paragraph
×,577,300,588,324,paragraph
White,164,309,209,325,table
Dwarf,214,309,260,325,table
1.4,287,309,310,325,table
(M,315,309,337,325,table
),354,309,360,325,table
109,409,308,434,325,table
103,462,308,487,325,paragraph
109,507,308,532,325,paragraph
4,563,309,573,325,paragraph
1012,592,308,624,325,paragraph
Ch,337,314,353,326,table
−,485,318,497,341,paragraph
×,577,318,588,341,paragraph
Neutron,164,327,224,342,table
Star,229,327,259,342,table
∼<,325,327,334,345,table
2.0,337,327,360,342,table
106,409,325,434,342,table
108,455,325,480,342,paragraph
1015,501,325,532,342,paragraph
5,563,327,573,342,paragraph
1018,592,325,624,342,paragraph
eﬀort,154,369,194,384,paragraph
is,201,369,213,384,paragraph
being,220,369,261,384,paragraph
directed,268,369,327,384,paragraph
to,334,369,349,384,paragraph
understand,356,369,436,384,paragraph
the,443,369,466,384,paragraph
structure,473,369,537,384,paragraph
and,544,369,571,384,paragraph
the,578,369,600,384,paragraph
na-,607,369,631,384,paragraph
ture,154,386,183,402,paragraph
of,189,386,204,402,paragraph
the,211,386,233,402,paragraph
magnetic,239,386,307,402,paragraph
ﬁelds,313,386,353,402,paragraph
in,359,386,373,402,paragraph
white,380,386,420,402,paragraph
dwarfs,427,386,476,402,paragraph
and,483,386,509,402,paragraph
neutron,515,386,571,402,paragraph
stars,578,386,611,402,paragraph
at,618,386,631,402,paragraph
present.,154,404,212,420,paragraph
A,217,404,230,420,paragraph
series,234,404,276,420,paragraph
of,279,404,295,420,paragraph
excellent,298,404,364,420,paragraph
papers,368,404,415,420,paragraph
by,419,404,437,420,paragraph
Prasanta,441,404,503,420,paragraph
Bera,507,404,541,420,paragraph
&,545,404,559,420,paragraph
Dipankar,563,404,631,420,paragraph
Bhattacharya,154,422,251,438,paragraph
address,255,422,310,438,paragraph
many,314,422,354,438,paragraph
such,358,422,391,438,paragraph
questions,395,422,464,438,paragraph
(incorporating,468,422,573,438,paragraph
general,577,422,631,438,paragraph
relativistic,154,440,231,455,paragraph
corrections,237,440,319,455,paragraph
and,324,440,351,455,paragraph
strong,356,440,402,455,paragraph
magnetic,408,440,475,455,paragraph
ﬁelds),481,440,527,455,paragraph
related,533,440,583,455,paragraph
to,588,440,603,455,paragraph
the,608,440,631,455,paragraph
white,154,458,195,473,paragraph
dwarfs.,200,458,254,473,paragraph
Acknowledgement,154,483,299,500,section
Technological,154,518,258,534,paragraph
advancements,263,518,366,534,paragraph
led,370,518,393,534,paragraph
to,397,518,412,534,paragraph
the,416,518,439,534,paragraph
discovery,443,518,514,534,paragraph
of,519,518,534,534,paragraph
a,538,518,547,534,paragraph
large,551,518,587,534,paragraph
num-,592,518,631,534,paragraph
ber,154,536,178,551,paragraph
of,184,536,199,551,paragraph
white,205,536,246,551,paragraph
dwarfs,251,536,301,551,paragraph
in,307,536,321,551,paragraph
recent,327,536,372,551,paragraph
"times,",378,536,422,551,paragraph
spurring,428,536,490,551,paragraph
intense,496,536,547,551,paragraph
theoretical,553,536,631,551,paragraph
interest.,154,553,213,569,paragraph
As,224,553,244,569,paragraph
a,250,553,259,569,paragraph
"result,",265,553,310,569,paragraph
a,317,553,325,569,paragraph
fortuitous,331,553,403,569,paragraph
opportunity,409,553,495,569,paragraph
to,501,553,515,569,paragraph
work,522,553,559,569,paragraph
with,565,553,598,569,paragraph
Ra-,604,553,631,569,paragraph
jaram,154,571,196,587,paragraph
Nityananda,200,571,284,587,paragraph
occurred,288,571,352,587,paragraph
which,355,571,400,587,paragraph
allowed,404,571,461,587,paragraph
me,465,571,487,587,paragraph
to,491,571,505,587,paragraph
learn,509,571,545,587,paragraph
more,549,571,586,587,paragraph
about,590,571,631,587,paragraph
white,154,589,195,605,paragraph
dwafs,200,589,243,605,paragraph
beyond,248,589,302,605,paragraph
the,306,589,329,605,paragraph
mandatory,333,589,412,605,paragraph
graduate,416,589,479,605,paragraph
course,484,589,532,605,paragraph
material.,536,589,601,605,paragraph
Suggested,154,615,233,632,paragraph
Reading,238,615,303,632,paragraph
[1],161,648,177,661,reference
S.,186,648,197,661,reference
"Chandrasekhar,",201,648,293,661,reference
The,299,648,320,660,reference
highly,325,648,360,660,reference
collapsed,364,648,416,660,reference
conﬁgurations,420,648,501,660,reference
of,506,648,517,660,reference
a,521,648,528,660,reference
stellar,533,648,567,660,reference
mass,572,648,599,660,reference
MN-,604,648,631,661,reference
"RAS,",186,662,216,675,reference
"91,",219,662,236,675,reference
pp.456,239,662,278,675,reference
-,281,662,286,675,reference
"466,",289,662,312,675,reference
1931,316,662,342,675,reference
[2],161,677,177,689,reference
S.,186,677,197,689,reference
"Chandrasekhar,",200,677,292,689,reference
The,296,677,318,689,reference
maximum,321,677,377,689,reference
mass,381,677,408,689,reference
of,412,677,423,689,reference
ideal,426,677,453,689,reference
White,457,677,490,689,reference
"Dwarfs,",493,677,537,689,reference
"ApJ,",540,677,567,689,reference
"74,",571,677,587,689,reference
pp.81,591,677,623,689,reference
-,626,677,631,689,reference
"82,",186,691,203,703,reference
1931,206,691,233,703,reference
[3],161,705,177,717,reference
G.,186,705,200,717,reference
"Srinivasan,",203,705,267,717,reference
What,270,705,300,717,reference
are,304,705,321,717,reference
the,325,705,342,717,reference
"stars?,",345,705,381,717,reference
Universities,385,705,452,717,reference
"Press,",455,705,489,717,reference
"Hyderabad,",492,705,561,717,reference
2011,564,705,591,717,reference
[4],161,719,177,732,reference
G.,186,719,200,732,reference
"Srinivasan,",203,719,267,732,reference
Can,270,719,293,732,reference
stars,297,719,323,732,reference
ﬁnd,326,719,348,732,reference
"peace?,",351,719,392,732,reference
Universities,396,719,463,732,reference
"Press,",467,719,500,732,reference
"Hyderabad,",504,719,572,732,reference
2011,575,719,602,732,reference
[5],161,733,177,746,reference
S.,186,733,197,746,reference
D.,201,733,214,746,reference
"Kawaler,",218,733,269,746,reference
White,274,734,306,746,reference
Dwarf,310,734,345,746,reference
"Stars,",350,733,381,746,reference
in,386,733,397,746,reference
“Stellar,401,733,446,746,reference
"Remnants,",450,733,511,746,reference
Lecture,516,733,560,746,reference
Notes,564,733,596,746,reference
"1995,",601,733,631,746,reference
Saas-Fee,186,748,236,760,reference
Advanced,239,748,297,760,reference
Course,300,748,341,760,reference
"25”,",344,748,368,760,reference
"Springer-Verlag,",371,748,466,760,reference
"Berlin,",470,748,509,760,reference
1997,512,748,539,760,reference
[6],161,762,177,774,reference
S.,186,762,197,774,reference
"Konar,",201,762,240,774,reference
Gravity,244,762,284,774,reference
Deﬁed,288,762,324,774,reference
(from,328,762,359,774,reference
potato,363,762,397,774,reference
asteroids,401,762,450,774,reference
to,454,762,465,774,reference
magnetised,469,762,531,774,reference
neutron,535,762,579,774,reference
stars),583,762,613,774,reference
I,617,762,622,774,reference
:,626,762,631,774,reference
The,186,776,207,788,reference
self-gravitating,211,776,295,788,reference
"objects,",298,776,339,788,reference
"Resonance,",343,776,407,788,reference
"22(3),",411,776,443,788,reference
"225-235,",446,776,494,788,reference
2017.,498,776,528,788,reference
[7],161,790,177,803,reference
S.,186,790,197,803,reference
"Konar,",200,790,239,803,reference
Gravity,243,790,283,803,reference
Deﬁed,287,790,323,803,reference
(from,326,790,357,803,reference
potato,361,790,395,803,reference
asteroids,399,790,448,803,reference
to,451,790,462,803,reference
magnetised,465,790,528,803,reference
neutron,531,790,575,803,reference
stars),578,790,609,803,reference
II,612,790,623,803,reference
:,626,790,631,803,reference
The,186,805,207,817,reference
failed,211,805,242,817,reference
"stars,",245,805,275,817,reference
"Resonance,",278,805,342,817,reference
"22(4),",346,805,378,817,reference
"389-398,",382,805,430,817,reference
2017.,433,805,463,817,reference
|,245,880,248,897,paragraph
RESONANCE,158,886,239,897,paragraph
2017,255,886,283,897,paragraph
9,842,885,849,897,paragraph
##LTFigure##,456,866,551,894,figure
##LTFigure##,456,867,551,893,figure
##LTLine##,154,181,845,181,paragraph
##LTLine##,158,879,456,879,paragraph
##LTLine##,551,879,849,879,paragraph
