token,x0,y0,x1,y1,label
1,914,30,919,41,paragraph
Tightly-coupled,139,67,390,103,title
Monocular,403,67,575,103,title
Visual-odometric,589,67,860,103,title
SLAM,124,102,233,138,title
using,246,102,331,138,title
Wheels,345,102,462,138,title
and,476,102,532,138,title
a,546,102,563,138,title
MEMS,577,102,692,138,title
Gyroscope,705,102,875,138,title
Meixiang,258,147,326,164,author
"Quan,",332,147,376,164,author
Songhao,382,147,445,164,author
"Piao,",451,147,487,164,author
Minglang,494,147,563,164,author
"Tan,",569,147,600,164,author
Shi-Sheng,607,147,681,164,author
Huang,687,147,735,164,author
Abstract—,96,219,161,234,paragraph
In,168,219,182,234,abstract
this,189,219,211,234,abstract
"paper,",218,219,257,234,abstract
we,264,219,281,234,abstract
present,288,219,334,234,abstract
a,341,219,348,234,abstract
novel,355,219,388,234,abstract
tightly-coupled,395,219,490,234,abstract
encoders,509,219,567,235,paragraph
that,572,219,596,235,paragraph
provide,600,219,650,235,paragraph
precise,654,219,700,235,paragraph
and,705,219,728,235,paragraph
stable,733,219,771,235,paragraph
translational,775,219,855,235,paragraph
measure-,860,219,919,235,paragraph
probabilistic,80,232,158,247,abstract
monocular,167,232,234,247,abstract
visual-odometric,243,232,348,247,abstract
Simultaneous,357,232,441,247,abstract
Local-,450,232,490,247,abstract
ments,509,234,548,250,paragraph
of,555,234,568,250,paragraph
each,575,234,605,250,paragraph
wheel,611,234,650,250,paragraph
at,657,234,669,250,paragraph
most,675,234,707,250,paragraph
of,714,234,727,250,paragraph
the,734,234,754,250,paragraph
"time,",760,234,793,250,paragraph
the,800,234,820,250,paragraph
measurements,826,234,919,250,paragraph
ization,80,245,122,259,abstract
and,131,245,155,259,abstract
Mapping,164,245,221,259,abstract
algorithm,230,245,292,259,abstract
using,301,245,335,259,abstract
wheels,344,245,385,259,abstract
and,395,245,418,259,abstract
a,428,245,435,259,abstract
MEMS,444,245,490,259,abstract
contain,509,250,557,265,paragraph
the,565,250,585,265,paragraph
absolute,593,250,647,265,paragraph
scale,655,250,687,265,paragraph
information.,695,250,776,265,paragraph
"Whereas,",784,250,845,265,paragraph
the,853,250,873,265,paragraph
wheel,881,250,919,265,paragraph
"gyroscope,",80,257,146,272,abstract
which,153,257,191,272,abstract
can,198,257,220,272,abstract
provide,228,257,276,272,abstract
"accurate,",284,257,341,272,abstract
robust,349,257,389,272,abstract
and,397,257,420,272,abstract
long-term,428,257,490,272,abstract
encoder,509,265,561,280,paragraph
cannot,567,265,610,280,paragraph
provide,616,265,666,280,paragraph
accurate,672,265,726,280,paragraph
self,732,265,755,280,paragraph
rotational,761,265,824,280,paragraph
estimates,829,265,890,280,paragraph
and,896,265,919,280,paragraph
localization,80,270,151,284,abstract
for,156,270,175,284,abstract
the,180,270,200,284,abstract
ground,205,270,250,284,abstract
robot,256,270,289,284,abstract
moving,295,270,341,284,abstract
on,346,270,362,284,abstract
a,367,270,374,284,abstract
plane.,380,270,418,284,abstract
"Firstly,",423,270,467,284,abstract
we,473,270,490,284,abstract
present,80,282,126,297,abstract
an,133,282,149,297,abstract
odometer,156,282,215,297,abstract
preintegration,223,282,313,297,abstract
theory,320,282,361,297,abstract
that,368,282,394,297,abstract
integrates,401,282,463,297,abstract
the,470,282,490,297,abstract
occasionally,509,280,591,295,paragraph
provides,598,280,654,295,paragraph
faulty,662,280,700,295,paragraph
measurements.,708,280,805,295,paragraph
In,813,280,826,295,paragraph
"addition,",834,280,892,295,paragraph
the,900,280,919,295,paragraph
wheel,80,295,115,310,abstract
encoder,121,295,171,310,abstract
measurements,176,295,266,310,abstract
and,272,295,295,310,abstract
gyroscope,301,295,363,310,abstract
measurements,369,295,459,310,abstract
to,465,295,477,310,abstract
a,482,295,490,310,abstract
MEMS,509,295,557,310,paragraph
gyroscope,562,295,629,310,paragraph
is,633,295,644,310,paragraph
a,648,295,655,310,paragraph
low,660,295,684,310,paragraph
cost,688,295,715,310,paragraph
and,719,295,743,310,paragraph
commercially,747,295,836,310,paragraph
widely,841,295,885,310,paragraph
used,890,295,919,310,paragraph
local,80,308,109,322,abstract
frame.,116,308,157,322,abstract
The,164,308,189,322,abstract
preintegration,196,308,286,322,abstract
theory,293,308,334,322,abstract
properly,341,308,396,322,abstract
addresses,403,308,463,322,abstract
the,470,308,490,322,abstract
"sensor,",509,310,554,325,paragraph
and,559,310,582,325,paragraph
provides,587,310,643,325,paragraph
accurate,648,310,702,325,paragraph
and,706,310,730,325,paragraph
robust,735,310,775,325,paragraph
inter-frame,780,310,852,325,paragraph
rotational,857,310,919,325,paragraph
manifold,80,320,135,335,abstract
structure,143,320,201,335,abstract
of,208,320,221,335,abstract
the,228,320,248,335,abstract
rotation,256,320,306,335,abstract
group,314,320,351,335,abstract
SO(3),359,320,395,335,abstract
and,403,320,427,335,abstract
carefully,435,320,490,335,abstract
estimate.,509,325,568,340,paragraph
"However,",572,325,634,340,paragraph
the,638,325,658,340,paragraph
estimated,662,325,724,340,paragraph
rotation,728,325,779,340,paragraph
is,783,325,794,340,paragraph
noisy,798,325,834,340,paragraph
and,838,325,861,340,paragraph
diverges,865,325,919,340,paragraph
deals,80,333,111,347,abstract
with,119,333,147,347,abstract
uncertainty,154,333,227,347,abstract
propagation,234,333,310,347,abstract
and,318,333,342,347,abstract
bias,349,333,374,347,abstract
correction.,382,333,450,347,abstract
Then,457,333,490,347,abstract
even,509,340,539,355,paragraph
in,544,340,557,355,paragraph
few,561,340,585,355,paragraph
seconds.,590,340,646,355,paragraph
Based,651,340,690,355,paragraph
on,695,340,711,355,paragraph
the,716,340,736,355,paragraph
analysis,741,340,793,355,paragraph
of,798,340,811,355,paragraph
each,816,340,846,355,paragraph
"sensor,",851,340,896,355,paragraph
we,901,340,919,355,paragraph
the,80,345,99,360,abstract
novel,104,345,137,360,abstract
odometer,142,345,201,360,abstract
error,206,345,239,360,abstract
term,244,345,274,360,abstract
is,279,345,289,360,abstract
formulated,293,345,363,360,abstract
using,368,345,401,360,abstract
the,406,345,426,360,abstract
odometer,430,345,490,360,abstract
preintegration,80,358,170,373,abstract
model,176,358,214,373,abstract
and,220,358,243,373,abstract
it,249,358,258,373,abstract
is,264,358,274,373,abstract
tightly,280,358,321,373,abstract
integrated,327,358,391,373,abstract
into,397,358,422,373,abstract
the,428,358,447,373,abstract
visual,453,358,490,373,abstract
can,509,355,532,370,paragraph
know,538,355,573,370,paragraph
that,579,355,603,370,paragraph
wheel,609,355,648,370,paragraph
encoder,654,355,705,370,paragraph
and,711,355,734,370,paragraph
gyroscope,740,355,807,370,paragraph
are,813,355,832,370,paragraph
complemen-,838,355,919,370,paragraph
optimization,80,370,158,385,abstract
framework.,164,370,237,385,abstract
"Furthermore,",243,370,328,385,abstract
we,333,370,350,385,abstract
introduce,356,370,416,385,abstract
a,421,370,428,385,abstract
complete,434,370,490,385,abstract
tary,509,370,535,385,paragraph
to,540,370,552,385,paragraph
the,557,370,577,385,paragraph
monocular,582,370,652,385,paragraph
camera,657,370,704,385,paragraph
sensor.,708,370,753,385,paragraph
"Therefore,",758,370,826,385,paragraph
tightly,831,370,874,385,paragraph
fusing,879,370,919,385,paragraph
tracking,80,383,132,398,abstract
framework,140,383,210,398,abstract
to,217,383,229,398,abstract
provide,237,383,284,398,abstract
different,292,383,346,398,abstract
strategies,353,383,413,398,abstract
for,420,383,438,398,abstract
motion,446,383,490,398,abstract
the,509,385,529,401,paragraph
measurements,536,385,629,401,paragraph
from,635,385,667,401,paragraph
wheel,674,385,712,401,paragraph
encoder,719,385,770,401,paragraph
and,777,385,800,401,paragraph
gyroscope,807,385,874,401,paragraph
to,880,385,893,401,paragraph
the,900,385,919,401,paragraph
tracking,80,396,132,410,abstract
when,139,396,173,410,abstract
(1),180,396,197,410,abstract
both,204,396,232,410,abstract
measurements,239,396,329,410,abstract
are,336,396,356,410,abstract
"available,",363,396,422,410,abstract
(2),429,396,446,410,abstract
visual,453,396,490,410,abstract
monocular,509,401,579,416,paragraph
visual,586,401,625,416,paragraph
SLAM,632,401,677,416,paragraph
can,684,401,707,416,paragraph
not,714,401,734,416,paragraph
only,741,401,770,416,paragraph
dramatically,777,401,859,416,paragraph
improve,866,401,919,416,paragraph
measurements,80,408,170,423,abstract
are,176,408,196,423,abstract
not,202,408,223,423,abstract
"available,",229,408,288,423,abstract
and,294,408,318,423,abstract
(3),324,408,341,423,abstract
wheel,348,408,384,423,abstract
encoder,390,408,439,423,abstract
experi-,446,408,490,423,abstract
the,509,416,529,431,paragraph
accuracy,536,416,594,431,paragraph
and,601,416,624,431,paragraph
robustness,631,416,700,431,paragraph
of,707,416,720,431,paragraph
the,727,416,747,431,paragraph
"system,",754,416,803,431,paragraph
but,810,416,831,431,paragraph
also,838,416,864,431,paragraph
recover,871,416,919,431,paragraph
ences,80,421,113,435,abstract
"slippage,",117,421,172,435,abstract
which,176,421,214,435,abstract
leads,218,421,250,435,abstract
the,254,421,274,435,abstract
system,278,421,320,435,abstract
to,325,421,337,435,abstract
be,341,421,356,435,abstract
accurate,360,421,414,435,abstract
and,418,421,442,435,abstract
robust.,446,421,490,435,abstract
"Finally,",80,433,126,448,abstract
the,136,433,156,448,abstract
proposed,165,433,223,448,abstract
algorithm,233,433,294,448,abstract
is,304,433,314,448,abstract
evaluated,324,433,384,448,abstract
by,393,433,409,448,abstract
performing,418,433,490,448,abstract
the,509,431,529,446,paragraph
scale,536,431,569,446,paragraph
of,576,431,589,446,paragraph
the,596,431,616,446,paragraph
environment.,623,431,709,446,paragraph
In,716,431,730,446,paragraph
the,737,431,757,446,paragraph
"following,",764,431,831,446,paragraph
we,838,431,857,446,paragraph
will,864,431,889,446,paragraph
call,896,431,919,446,paragraph
extensive,80,446,136,461,abstract
"experiments,",142,446,222,461,abstract
the,227,446,247,461,abstract
experimental,252,446,334,461,abstract
results,340,446,381,461,abstract
demonstrate,387,446,465,461,abstract
the,470,446,490,461,abstract
the,509,446,529,461,paragraph
wheel,535,446,574,461,paragraph
encoder,579,446,631,461,paragraph
and,637,446,660,461,paragraph
MEMS,666,446,714,461,paragraph
gyroscope,719,446,786,461,paragraph
the,792,446,812,461,paragraph
odometer.,818,446,882,461,paragraph
superiority,80,458,149,473,abstract
of,154,458,166,473,abstract
the,172,458,191,473,abstract
proposed,197,458,254,473,abstract
system.,260,458,306,473,abstract
In,526,461,539,476,paragraph
order,549,461,583,476,paragraph
to,593,461,605,476,paragraph
tightly,615,461,657,476,paragraph
fuse,667,461,694,476,paragraph
the,704,461,723,476,paragraph
odometer,733,461,795,476,paragraph
measurements,804,461,897,476,paragraph
to,907,461,919,476,paragraph
Index,96,479,131,493,paragraph
Terms—Simultaneous,136,479,272,493,paragraph
localization,277,479,348,493,paragraph
and,353,479,377,493,paragraph
"mapping,",382,479,441,493,paragraph
Visual-,445,479,490,493,paragraph
the,509,476,529,491,paragraph
visual,537,476,576,491,paragraph
SLAM,584,476,629,491,paragraph
system,637,476,683,491,paragraph
in,691,476,703,491,paragraph
the,711,476,731,491,paragraph
framework,739,476,810,491,paragraph
of,818,476,832,491,paragraph
graph-based,840,476,919,491,paragraph
odometric,80,491,143,506,paragraph
sensor,148,491,188,506,paragraph
"fusion,",194,491,236,506,paragraph
Bundle,241,491,286,506,paragraph
"adjustment,",292,491,366,506,paragraph
State,372,491,403,506,paragraph
estimation,409,491,474,506,paragraph
"optimization,",509,491,596,506,paragraph
it,600,491,609,506,paragraph
is,613,491,624,506,paragraph
important,628,491,691,506,paragraph
to,695,491,708,506,paragraph
provide,712,491,761,506,paragraph
the,765,491,785,506,paragraph
integrated,789,491,854,506,paragraph
odometer,858,491,919,506,paragraph
measurements,509,506,602,521,paragraph
between,607,506,661,521,paragraph
the,665,506,685,521,paragraph
selected,689,506,741,521,paragraph
keyframes.,745,506,817,521,paragraph
"Therefore,",821,506,889,521,paragraph
mo-,893,506,919,521,paragraph
tivated,509,521,553,536,paragraph
by,559,521,576,536,paragraph
the,582,521,602,536,paragraph
inertial,608,521,654,536,paragraph
measurement,661,521,748,536,paragraph
unit(IMU),754,521,822,536,paragraph
preintegration,828,521,919,536,paragraph
I.,221,533,231,548,section
INTRODUCTION,240,533,348,548,section
theory,509,536,551,552,paragraph
proposed,558,536,618,552,paragraph
in,625,536,637,552,paragraph
"[1],",645,536,668,552,paragraph
we,675,536,694,552,paragraph
present,701,536,748,552,paragraph
a,755,536,762,552,paragraph
novel,769,536,805,552,paragraph
odometer,812,536,874,552,paragraph
prein-,881,536,919,552,paragraph
tegration,509,551,567,567,paragraph
theory,576,551,617,567,paragraph
and,626,551,649,567,paragraph
corresponding,658,551,751,567,paragraph
uncertainty,760,551,833,567,paragraph
propagation,842,551,919,567,paragraph
Simultaneous,96,557,184,572,paragraph
localization,192,557,268,572,paragraph
and,276,557,300,572,paragraph
mapping(SLAM),308,557,421,572,paragraph
from,428,557,460,572,paragraph
on-,468,557,490,572,paragraph
and,509,567,533,582,paragraph
bias,541,567,567,582,paragraph
correction,575,567,641,582,paragraph
theory,650,567,691,582,paragraph
on,699,567,716,582,paragraph
manifold.,724,567,787,582,paragraph
The,795,567,820,582,paragraph
preintegration,828,567,919,582,paragraph
board,80,572,117,587,paragraph
sensors,124,572,172,587,paragraph
is,179,572,190,587,paragraph
a,198,572,205,587,paragraph
fundamental,212,572,294,587,paragraph
and,301,572,325,587,paragraph
key,332,572,355,587,paragraph
technology,363,572,435,587,paragraph
for,443,572,461,587,paragraph
au-,469,572,490,587,paragraph
theory,509,582,551,597,paragraph
integrates,558,582,621,597,paragraph
the,628,582,648,597,paragraph
measurements,655,582,749,597,paragraph
from,756,582,788,597,paragraph
the,795,582,815,597,paragraph
wheel,822,582,861,597,paragraph
encoder,868,582,919,597,paragraph
tonomous,80,587,144,602,paragraph
mobile,148,587,193,602,paragraph
robot,198,587,232,602,paragraph
to,237,587,249,602,paragraph
safely,254,587,293,602,paragraph
interact,297,587,346,602,paragraph
within,350,587,392,602,paragraph
its,396,587,412,602,paragraph
workspace.,416,587,490,602,paragraph
and,509,597,533,612,paragraph
gyroscope,540,597,607,612,paragraph
to,615,597,627,612,paragraph
a,635,597,642,612,paragraph
single,649,597,688,612,paragraph
relative,696,597,744,612,paragraph
motion,751,597,798,612,paragraph
constraint,805,597,869,612,paragraph
that,877,597,901,612,paragraph
is,909,597,919,612,paragraph
SLAM,80,602,125,617,paragraph
is,132,602,143,617,paragraph
a,151,602,158,617,paragraph
technique,165,602,229,617,paragraph
that,236,602,261,617,paragraph
builds,268,602,308,617,paragraph
a,315,602,322,617,paragraph
globally,330,602,383,617,paragraph
consistent,391,602,456,617,paragraph
rep-,464,602,490,617,paragraph
independent,509,612,589,627,paragraph
of,594,612,607,627,paragraph
the,612,612,632,627,paragraph
change,637,612,683,627,paragraph
of,688,612,702,627,paragraph
the,707,612,727,627,paragraph
linearization,732,612,813,627,paragraph
"point,",818,612,856,627,paragraph
therefore,861,612,919,627,paragraph
resentation,80,617,151,632,paragraph
of,160,617,173,632,paragraph
the,182,617,202,632,paragraph
environment(i.e.,211,617,317,632,paragraph
the,326,617,346,632,paragraph
map),355,617,388,632,paragraph
and,397,617,420,632,paragraph
estimates,429,617,490,632,paragraph
the,509,627,529,642,paragraph
repeated,537,627,592,642,paragraph
computation,599,627,681,642,paragraph
is,688,627,699,642,paragraph
eliminated.,706,627,779,642,paragraph
"Then,",786,627,824,642,paragraph
based,831,627,868,642,paragraph
on,876,627,892,642,paragraph
the,900,627,919,642,paragraph
the,80,632,99,647,paragraph
state,108,632,138,647,paragraph
of,146,632,160,647,paragraph
the,168,632,188,647,paragraph
robot,197,632,231,647,paragraph
in,239,632,252,647,paragraph
the,261,632,280,647,paragraph
map,289,632,317,647,paragraph
simultaneously.,325,632,427,647,paragraph
Because,435,632,490,647,paragraph
proposed,509,642,569,657,paragraph
odometer,577,642,639,657,paragraph
preintegration,647,642,739,657,paragraph
"model,",747,642,792,657,paragraph
we,800,642,819,657,paragraph
formulate,828,642,891,657,paragraph
the,900,642,919,657,paragraph
SLAM,80,647,125,662,paragraph
can,132,647,155,662,paragraph
be,162,647,177,662,paragraph
used,185,647,215,662,paragraph
in,222,647,235,662,paragraph
many,242,647,278,662,paragraph
practical,285,647,341,662,paragraph
"applications,",349,647,432,662,paragraph
such,439,647,469,662,paragraph
as,476,647,490,662,paragraph
new,509,657,536,672,paragraph
preintegrated,542,657,627,672,paragraph
odometer,633,657,694,672,paragraph
factor,700,657,738,672,paragraph
and,743,657,767,672,paragraph
seamlessly,772,657,843,672,paragraph
integrate,848,657,905,672,paragraph
it,910,657,919,672,paragraph
autonomous,80,662,159,677,paragraph
"driving,",166,662,216,677,paragraph
virtual,223,662,265,677,paragraph
or,272,662,285,677,paragraph
augmented,291,662,363,677,paragraph
reality,369,662,411,677,paragraph
and,417,662,441,677,paragraph
indoor,447,662,490,677,paragraph
in,509,672,522,687,paragraph
a,528,672,536,687,paragraph
visual-odometric,542,672,652,687,paragraph
pipeline,659,672,711,687,paragraph
under,718,672,755,687,paragraph
the,761,672,781,687,paragraph
optimization,787,672,870,687,paragraph
frame-,876,672,919,687,paragraph
service,80,677,126,692,paragraph
"robots,",135,677,179,692,paragraph
it,188,677,197,692,paragraph
has,207,677,228,692,paragraph
received,237,677,292,692,paragraph
considerable,301,677,383,692,paragraph
attention,392,677,449,692,paragraph
from,458,677,490,692,paragraph
work.,509,687,547,702,paragraph
Robotics,80,692,137,708,paragraph
and,143,692,167,708,paragraph
Computer,172,692,237,708,paragraph
Vision,243,692,286,708,paragraph
communities.,291,692,379,708,paragraph
"Furthermore,",526,702,611,718,paragraph
both,618,702,647,718,paragraph
visual,654,702,693,718,paragraph
and,700,702,724,718,paragraph
odometer,731,702,792,718,paragraph
measurements,799,702,893,718,paragraph
are,900,702,919,718,paragraph
In,96,708,109,723,paragraph
this,124,708,148,723,paragraph
"paper,",163,708,202,723,paragraph
we,217,708,236,723,paragraph
propose,251,708,303,723,paragraph
a,318,708,325,723,paragraph
novel,340,708,375,723,paragraph
tightly-coupled,390,708,490,723,paragraph
not,509,718,530,733,paragraph
always,535,718,580,733,paragraph
available.,584,718,646,733,paragraph
"Therefore,",651,718,719,733,paragraph
we,724,718,743,733,paragraph
present,747,718,794,733,paragraph
a,799,718,806,733,paragraph
complete,811,718,871,733,paragraph
visual-,875,718,919,733,paragraph
probabilistic,80,723,161,738,paragraph
optimization-based,169,723,294,738,paragraph
monocular,302,723,371,738,paragraph
visual-odometric,379,723,490,738,paragraph
odometric,509,733,575,748,paragraph
tracking,585,733,638,748,paragraph
framework,648,733,719,748,paragraph
to,728,733,741,748,paragraph
ensure,751,733,793,748,paragraph
the,803,733,823,748,paragraph
accurate,832,733,886,748,paragraph
and,896,733,919,748,paragraph
SLAM(VOSLAM),80,738,204,754,paragraph
system.,208,738,257,754,paragraph
By,261,738,280,754,paragraph
combining,284,738,354,754,paragraph
a,358,738,365,754,paragraph
monocular,369,738,439,754,paragraph
camera,443,738,490,754,paragraph
robust,509,748,550,763,paragraph
motion,554,748,600,763,paragraph
tracking,605,748,658,763,paragraph
in,663,748,676,763,paragraph
different,680,748,736,763,paragraph
situations.,741,748,807,763,paragraph
For,812,748,834,763,paragraph
the,839,748,859,763,paragraph
situation,863,748,919,763,paragraph
with,80,754,108,769,paragraph
wheels,116,754,161,769,paragraph
and,169,754,193,769,paragraph
a,200,754,208,769,paragraph
MEMS,215,754,263,769,paragraph
"gyroscope,",271,754,342,769,paragraph
the,350,754,370,769,paragraph
method,377,754,426,769,paragraph
provides,434,754,490,769,paragraph
where,509,763,549,778,paragraph
both,554,763,583,778,paragraph
measurements,587,763,680,778,paragraph
are,685,763,705,778,paragraph
"available,",710,763,772,778,paragraph
we,777,763,795,778,paragraph
maximally,800,763,870,778,paragraph
exploit,875,763,919,778,paragraph
accurate,80,769,134,784,paragraph
and,144,769,167,784,paragraph
robust,177,769,217,784,paragraph
motion,227,769,273,784,paragraph
tracking,283,769,336,784,paragraph
for,346,769,365,784,paragraph
domestic,375,769,434,784,paragraph
service,444,769,490,784,paragraph
the,509,778,529,793,paragraph
both,537,778,566,793,paragraph
sensing,574,778,623,793,paragraph
cues,631,778,660,793,paragraph
to,668,778,680,793,paragraph
provide,688,778,738,793,paragraph
accurate,746,778,800,793,paragraph
motion,808,778,854,793,paragraph
tracking.,862,778,919,793,paragraph
robots,80,784,120,799,paragraph
moving,127,784,176,799,paragraph
on,182,784,199,799,paragraph
a,205,784,212,799,paragraph
"plane,",218,784,258,799,paragraph
e.g.,264,784,288,799,paragraph
cleaning,294,784,349,799,paragraph
"robot,",355,784,394,799,paragraph
nursing,400,784,449,799,paragraph
robot,455,784,490,799,paragraph
For,509,793,532,808,paragraph
the,539,793,559,808,paragraph
situation,567,793,623,808,paragraph
where,631,793,671,808,paragraph
visual,679,793,718,808,paragraph
information,725,793,802,808,paragraph
is,810,793,821,808,paragraph
not,829,793,850,808,paragraph
"available,",857,793,919,808,paragraph
and,80,799,103,814,paragraph
restaurant,111,799,175,814,paragraph
robot,184,799,218,814,paragraph
waiter.,226,799,270,814,paragraph
A,278,799,290,814,paragraph
single,298,799,337,814,paragraph
camera,345,799,392,814,paragraph
provides,400,799,456,814,paragraph
rich,464,799,490,814,paragraph
we,509,808,528,823,paragraph
use,537,808,559,823,paragraph
odometer,567,808,629,823,paragraph
measurements,637,808,730,823,paragraph
to,739,808,752,823,paragraph
improve,760,808,814,823,paragraph
the,823,808,842,823,paragraph
robustness,851,808,919,823,paragraph
information,80,814,156,829,paragraph
about,164,814,200,829,paragraph
the,207,814,227,829,paragraph
"environment,",235,814,320,829,paragraph
which,328,814,368,829,paragraph
allows,375,814,417,829,paragraph
for,425,814,444,829,paragraph
build-,451,814,490,829,paragraph
of,509,823,523,838,paragraph
the,530,823,550,838,paragraph
system,556,823,602,838,paragraph
and,608,823,632,838,paragraph
offer,639,823,670,838,paragraph
some,677,823,711,838,paragraph
strategies,718,823,779,838,paragraph
to,786,823,799,838,paragraph
render,805,823,847,838,paragraph
the,854,823,874,838,paragraph
visual,881,823,919,838,paragraph
ing,80,829,100,844,paragraph
3D,109,829,128,844,paragraph
"map,",137,829,169,844,paragraph
tracking,177,829,230,844,paragraph
camera,239,829,286,844,paragraph
pose,294,829,324,844,paragraph
and,332,829,356,844,paragraph
recognizing,364,829,441,844,paragraph
places,449,829,490,844,paragraph
information,509,838,586,853,paragraph
available,591,838,649,853,paragraph
as,654,838,668,853,paragraph
quick,673,838,709,853,paragraph
as,714,838,727,853,paragraph
possible.,732,838,790,853,paragraph
In,795,838,808,853,paragraph
"addition,",813,838,871,853,paragraph
for,876,838,895,853,paragraph
the,900,838,919,853,paragraph
already,80,844,127,859,paragraph
visited.,132,844,180,859,paragraph
"However,",184,844,246,859,paragraph
the,251,844,271,859,paragraph
scale,275,844,308,859,paragraph
of,313,844,326,859,paragraph
the,331,844,351,859,paragraph
environment,355,844,437,859,paragraph
can,442,844,464,859,paragraph
not,469,844,490,859,paragraph
critical,509,853,554,869,paragraph
drawback,559,853,622,869,paragraph
of,627,853,640,869,paragraph
the,645,853,664,869,paragraph
wheel,669,853,708,869,paragraph
"sensor,",712,853,757,869,paragraph
we,762,853,781,869,paragraph
provide,785,853,835,869,paragraph
a,839,853,847,869,paragraph
strategy,851,853,902,869,paragraph
to,907,853,919,869,paragraph
be,80,859,95,874,paragraph
determined,102,859,175,874,paragraph
using,182,859,218,874,paragraph
monocular,225,859,294,874,paragraph
"camera,",302,859,353,874,paragraph
and,360,859,383,874,paragraph
visual,390,859,429,874,paragraph
tracking,436,859,490,874,paragraph
detect,509,868,548,884,paragraph
and,554,868,577,884,paragraph
compensate,583,868,660,884,paragraph
for,665,868,684,884,paragraph
the,690,868,710,884,paragraph
slippage,716,868,770,884,paragraph
of,776,868,789,884,paragraph
the,795,868,815,884,paragraph
wheel,820,868,859,884,paragraph
encoder.,865,868,919,884,paragraph
system,80,874,125,889,paragraph
is,132,874,143,889,paragraph
sensitive,150,874,206,889,paragraph
to,213,874,226,889,paragraph
motion,233,874,279,889,paragraph
"blur,",287,874,316,889,paragraph
occlusions,323,874,392,889,paragraph
and,399,874,423,889,paragraph
illumina-,430,874,490,889,paragraph
In,509,884,523,899,paragraph
this,531,884,554,899,paragraph
"way,",563,884,593,899,paragraph
we,601,884,620,899,paragraph
can,628,884,650,899,paragraph
track,658,884,691,899,paragraph
the,699,884,719,899,paragraph
motion,727,884,773,899,paragraph
of,781,884,795,899,paragraph
the,803,884,823,899,paragraph
ground,831,884,877,899,paragraph
robot,885,884,919,899,paragraph
tion,80,889,105,905,paragraph
changes.,112,889,169,905,paragraph
Most,177,889,210,905,paragraph
ground,218,889,264,905,paragraph
robots,271,889,312,905,paragraph
are,320,889,339,905,paragraph
equipped,347,889,407,905,paragraph
with,414,889,443,905,paragraph
wheel,451,889,490,905,paragraph
accurately,509,899,576,914,paragraph
and,582,899,605,914,paragraph
robustly.,611,899,667,914,paragraph
The,526,914,551,929,paragraph
ﬁnal,558,914,587,929,paragraph
contribution,595,914,674,929,paragraph
of,682,914,695,929,paragraph
the,703,914,723,929,paragraph
paper,730,914,766,929,paragraph
is,774,914,785,929,paragraph
the,792,914,812,929,paragraph
extensive,820,914,880,929,paragraph
eval-,888,914,919,929,paragraph
S.,93,920,103,932,paragraph
Piao(piaosh@hit.edu.cn),109,920,238,932,paragraph
and,243,920,262,932,paragraph
M.,268,920,282,932,paragraph
Quan(15b903042@hit.edu.cn),288,920,447,932,paragraph
are,452,920,468,932,paragraph
the,474,920,490,932,paragraph
corresponding,80,931,154,943,paragraph
authors.,159,931,200,943,paragraph
uation,509,929,550,944,paragraph
of,558,929,571,944,paragraph
our,579,929,601,944,paragraph
system.,609,929,658,944,paragraph
Extensive,666,929,729,944,paragraph
experiments,737,929,816,944,paragraph
are,824,929,844,944,paragraph
performed,852,929,919,944,paragraph
