token,x0,y0,x1,y1,label
8,936,33,944,45,paragraph
[4],98,65,114,75,reference
E.R.,121,65,152,75,reference
"Caianiello,",157,65,228,75,reference
Lett.,233,65,266,75,reference
Nuovo,271,65,314,75,reference
Cimento,320,65,377,75,reference
"41,",382,65,404,75,reference
370,409,65,433,75,reference
(1984).,438,65,485,75,reference
[5],98,77,114,88,reference
W.R.,121,77,157,88,reference
"Wood,",162,77,206,88,reference
G.,211,77,228,88,reference
Papini,233,77,276,88,reference
and,282,77,307,88,reference
Y.Q.,312,77,344,88,reference
"Cai,",349,77,377,88,reference
Il,382,77,392,88,reference
Nuovo,397,77,440,88,reference
Cimento,445,77,502,88,reference
"104B,",507,77,551,88,reference
361,556,77,580,88,reference
and,585,77,610,88,reference
(errata,615,77,661,88,reference
corrige),667,77,718,88,reference
727,723,77,747,88,reference
(1989).,752,77,799,88,reference
[6],98,90,114,100,reference
G.,121,90,137,100,reference
"Papini,",143,90,191,100,reference
Nuovo,196,90,239,100,reference
Cimento,244,90,301,100,reference
B,306,90,317,100,reference
"117,",322,90,354,100,reference
1325,359,90,390,100,reference
(2002).,395,90,442,100,reference
[7],98,102,114,113,reference
A.,121,102,137,113,reference
"Das,",142,102,172,113,reference
J.,177,102,190,113,reference
Math.,195,102,236,113,reference
Phys.,241,102,278,113,reference
"21,",283,102,305,113,reference
1506,310,102,341,113,reference
(1980).,347,102,394,113,reference
[8],98,114,114,125,reference
E.,121,114,136,125,reference
R.,141,114,157,125,reference
Caianiello,162,114,229,125,reference
and,234,114,259,125,reference
G.,264,114,281,125,reference
"Vilasi,",286,114,329,125,reference
Lett.,334,114,367,125,reference
Nuovo,372,114,415,125,reference
Cimento,420,114,477,125,reference
"30,",482,114,505,125,reference
469,510,114,533,125,reference
(1981).,538,114,585,125,reference
[9],98,127,114,138,reference
P.,121,127,135,138,reference
"Caldirola,",140,127,206,138,reference
Lett.,211,127,244,138,reference
Nuovo,249,127,292,138,reference
Cimento,297,127,355,138,reference
"32,",360,127,382,138,reference
261,387,127,410,138,reference
(1981).,416,127,463,138,reference
[10],90,139,114,150,reference
E.,121,139,136,150,reference
R.,141,139,157,150,reference
"Caianiello,",162,139,233,150,reference
S.,239,139,251,150,reference
De,257,139,275,150,reference
Filippo,280,139,329,150,reference
and,334,139,359,150,reference
G.,364,139,381,150,reference
"Vilasi,",386,139,428,150,reference
Lett.,434,139,467,150,reference
Nuovo,472,139,515,150,reference
Cimento,520,139,577,150,reference
"33,",582,139,604,150,reference
555,610,139,633,150,reference
(1982).,638,139,685,150,reference
[11],90,152,114,162,reference
E.,121,152,136,162,reference
R.,141,152,157,162,reference
"Caianiello,",162,152,233,162,reference
S.,239,152,251,162,reference
de,257,152,272,162,reference
"Filippo,",277,152,330,162,reference
G.,335,152,352,162,reference
Marmo,357,152,405,162,reference
and,411,152,435,162,reference
G.,441,152,457,162,reference
"Vilasi,",462,152,505,162,reference
Lett.,510,152,543,162,reference
Nuovo,548,152,591,162,reference
Cimento,596,152,654,162,reference
"34,",659,152,681,162,reference
112,686,152,709,162,reference
(1982).,714,152,762,162,reference
[12],90,164,114,175,reference
E.,121,164,136,175,reference
R.,141,164,157,175,reference
Caianiello,162,164,229,175,reference
and,234,164,259,175,reference
G.,264,164,281,175,reference
"Landi,",286,164,329,175,reference
Lett.,334,164,367,175,reference
Nuovo,372,164,415,175,reference
Cimento,421,164,478,175,reference
"42,",483,164,505,175,reference
70,510,164,526,175,reference
(1985).,531,164,578,175,reference
[13],90,177,114,187,reference
E.,121,177,136,187,reference
R.,141,177,157,187,reference
"Caianiello,",162,177,233,187,reference
G.,239,177,255,187,reference
"Marmo,",260,177,313,187,reference
G.,318,177,335,187,reference
"Scarpetta,",340,177,409,187,reference
Nuovo,414,177,457,187,reference
Cimento,463,177,520,187,reference
"86A,",525,177,560,187,reference
33,566,177,581,187,reference
(1985).,586,177,634,187,reference
[14],90,189,114,200,reference
C.,121,189,137,200,reference
S.,142,189,155,200,reference
"Sharma,",160,189,216,200,reference
S.,221,189,234,200,reference
"Srirankanatham,",239,189,351,200,reference
Lett.,356,189,389,200,reference
Nuovo,395,189,438,200,reference
Cimento,443,189,500,200,reference
"44,",505,189,527,200,reference
"275,(1985).",532,189,607,200,reference
[15],90,201,114,212,reference
M.,121,201,140,212,reference
"Gasperini,",145,201,214,212,reference
Astrophys.,219,201,292,212,reference
Space,297,201,336,212,reference
Sci.,341,201,365,212,reference
"138,",371,201,402,212,reference
387(1987).,407,201,477,212,reference
[16],90,214,114,225,reference
M.,121,214,140,225,reference
"Toller,",145,214,188,225,reference
J.,193,214,206,225,reference
Math.,211,214,252,225,reference
Phys.,257,214,294,225,reference
"47,",299,214,321,225,reference
022904,327,214,373,225,reference
(2006).,378,214,426,225,reference
[17],90,226,114,237,reference
M.,121,226,140,237,reference
"Toller,",145,226,188,237,reference
hep-th/0312016.,193,226,304,237,reference
[18],90,239,114,249,reference
M.,121,239,140,249,reference
"Toller,",145,239,188,249,reference
hep-th/0409317.,193,239,304,249,reference
[19],90,251,114,262,reference
M.,121,251,140,262,reference
"Toller,",145,251,188,262,reference
Nuovo,193,251,236,262,reference
Cimento,242,251,299,262,reference
"102B,",304,251,348,262,reference
261,353,251,376,262,reference
(1988).,381,251,429,262,reference
[20],90,264,114,274,reference
M.,121,264,140,274,reference
"Toller,",145,264,188,274,reference
Int.,193,264,217,274,reference
J.,223,264,235,274,reference
Theor.,240,264,285,274,reference
Phys.,290,264,327,274,reference
"29,",332,264,355,274,reference
963,360,264,383,274,reference
(1990).,388,264,435,274,reference
[21],90,276,114,287,reference
M.,121,276,140,287,reference
"Toller,",145,276,188,287,reference
Phys.,193,276,231,287,reference
Lett.,236,276,269,287,reference
B,274,276,285,287,reference
"256,",290,276,321,287,reference
215,326,276,349,287,reference
(1991).,355,276,402,287,reference
[22],90,289,114,299,reference
B.,121,289,136,299,reference
"Mashhoon,",141,289,216,299,reference
Physics,221,289,271,299,reference
Letters,276,289,324,299,reference
A,329,289,341,299,reference
"143,",346,289,377,299,reference
176,382,289,405,299,reference
(1990).,410,289,458,299,reference
[23],90,301,114,312,reference
D.,121,301,137,312,reference
F.,142,301,157,312,reference
"Falla,",162,301,199,312,reference
P.T.,204,301,233,312,reference
"Landsberg,",238,301,313,312,reference
Nuovo,318,301,361,312,reference
Cimento,367,301,424,312,reference
"106B,",429,301,473,312,reference
669,478,301,501,312,reference
(1991).,506,301,554,312,reference
[24],90,313,114,324,reference
A.,121,313,137,324,reference
K.,142,313,158,324,reference
"Pati,",164,313,196,324,reference
Nuovo,201,313,244,324,reference
Cimento,249,313,307,324,reference
"107B,",312,313,356,324,reference
895,361,313,384,324,reference
(1992).,389,313,436,324,reference
[25],90,326,114,337,reference
A.,121,326,137,337,reference
K.,142,326,158,337,reference
"Pati,",164,326,196,337,reference
Europhys.,201,326,270,337,reference
Lett.,275,326,308,337,reference
"18,",313,326,335,337,reference
285,340,326,363,337,reference
(1992).,369,326,416,337,reference
[26],90,338,114,349,reference
R.,121,338,137,349,reference
"Parentani,",142,338,212,349,reference
R.,217,338,233,349,reference
"Potting,",238,338,293,349,reference
Phys.,298,338,335,349,reference
Rev.,340,338,371,349,reference
Lett.,376,338,409,349,reference
"63,",414,338,437,349,reference
945,442,338,465,349,reference
(1989).,470,338,517,349,reference
[27],90,351,114,361,reference
S.,121,351,134,361,reference
K.,139,351,155,361,reference
"Rama,",161,351,205,361,reference
Mod.,210,351,245,361,reference
Phys.,250,351,288,361,reference
Lett.,293,351,326,361,reference
A,331,351,342,361,reference
"18,",348,351,370,361,reference
527,375,351,398,361,reference
(2003).,403,351,451,361,reference
[28],90,363,114,374,reference
F.,121,363,135,374,reference
"Schuller,",141,363,198,374,reference
Ann.,203,363,237,374,reference
Phys.,242,363,279,374,reference
"299,",284,363,315,374,reference
174,320,363,344,374,reference
(2002).,349,363,396,374,reference
[29],90,376,114,386,reference
F.,121,376,135,386,reference
"Schuller,",141,376,198,386,reference
Phys.,203,376,241,386,reference
Lett.,246,376,279,386,reference
B,284,376,295,386,reference
"540,",300,376,331,386,reference
119,336,376,360,386,reference
(2002).,365,376,412,386,reference
[30],90,388,114,399,reference
F.,121,388,135,399,reference
"Schuller,",141,388,198,399,reference
Class.,203,388,243,399,reference
Quant.,248,388,295,399,reference
Grav.,300,388,338,399,reference
"20,",344,388,366,399,reference
4269,371,388,402,399,reference
(2003).,407,388,454,399,reference
[31],90,401,114,411,reference
R.,121,401,137,411,reference
G.,142,401,158,411,reference
"Torrome,",164,401,225,411,reference
gr-qc/0701091.,230,401,331,411,reference
[32],90,413,114,424,reference
R.,121,413,137,424,reference
G.,142,413,158,424,reference
"Torrome,",164,413,225,424,reference
gr-qc/0501094.,230,413,331,424,reference
[33],90,425,114,436,reference
Y.,121,425,137,436,reference
"Friedman,",142,425,210,436,reference
Y.,216,425,231,436,reference
"Gofman,",237,425,295,436,reference
gr-qc/0509004.,300,425,400,436,reference
[34],90,438,114,448,reference
C.W.,121,438,157,448,reference
"Misner,",162,438,212,448,reference
"K.S.Thorne,",218,438,300,448,reference
J.,305,438,318,448,reference
A.,323,438,339,448,reference
"Wheeler,",344,438,404,448,reference
Gravitation,414,438,491,448,reference
(W.H.,498,438,540,448,reference
Freeman,545,438,603,448,reference
and,608,438,633,448,reference
"Company,",638,438,706,448,reference
S.,711,438,724,448,reference
"Francisco,",729,438,796,448,reference
1973).,802,438,843,448,reference
[35],90,450,114,461,reference
H.,121,450,137,461,reference
E.,142,450,157,461,reference
"Brandt,",162,450,214,461,reference
Lett.,220,450,253,461,reference
Nuovo,258,450,301,461,reference
Cimento,306,450,363,461,reference
"38,",368,450,390,461,reference
522,396,450,419,461,reference
(1983).,424,450,471,461,reference
[36],90,463,114,473,reference
H.,121,463,137,473,reference
E.,142,463,157,473,reference
"Brandt,",162,463,214,473,reference
Found.,220,463,266,473,reference
Phys.,271,463,309,473,reference
Lett.,314,463,347,473,reference
"2,",352,463,365,473,reference
3,370,463,378,473,reference
(1989).,383,463,431,473,reference
[37],90,475,114,486,reference
G.,121,475,137,486,reference
"Papini,",143,475,191,486,reference
W.,196,475,216,486,reference
R.,221,475,237,486,reference
"Wood,",242,475,286,486,reference
Phys.,291,475,328,486,reference
Lett.,334,475,366,486,reference
A,372,475,383,486,reference
"170,",388,475,419,486,reference
409,425,475,448,486,reference
(1992).,453,475,500,486,reference
[38],90,488,114,498,reference
W.,121,488,141,498,reference
R.,146,488,162,498,reference
"Wood,",167,488,211,498,reference
G.,216,488,233,498,reference
"Papini,",238,488,286,498,reference
Phys.,291,488,328,498,reference
Rev.,334,488,364,498,reference
D,369,488,381,498,reference
"45,",386,488,409,498,reference
3617,414,488,445,498,reference
(1992).,450,488,497,498,reference
[39],90,500,114,511,reference
W.,121,500,141,511,reference
R.,146,500,162,511,reference
"Wood,",167,500,211,511,reference
G.,216,500,233,511,reference
"Papini,",238,500,286,511,reference
Found.,291,500,338,511,reference
Phys.,343,500,380,511,reference
Lett.,385,500,418,511,reference
"6,",423,500,437,511,reference
409,442,500,465,511,reference
(1993).,470,500,518,511,reference
[40],90,512,114,523,reference
G.,121,512,137,523,reference
"Papini,",143,512,191,523,reference
Mathematica,196,512,285,523,reference
Japonica,290,512,350,523,reference
"41,",355,512,377,523,reference
81,382,512,398,523,reference
(1995).,403,512,450,523,reference
[41],90,525,114,536,reference
J.,121,525,133,536,reference
P.,138,525,152,536,reference
"Vigier,",157,525,202,536,reference
Found.,208,525,254,536,reference
Phys.,259,525,297,536,reference
"21,",302,525,324,536,reference
125,329,525,352,536,reference
(1991).,358,525,405,536,reference
[42],90,537,114,548,reference
M.,121,537,140,548,reference
"McGuigan,",145,537,219,548,reference
Phys.,224,537,262,548,reference
Rev.,267,537,298,548,reference
D,303,537,315,548,reference
"50,",320,537,342,548,reference
5225,347,537,378,548,reference
(1994).,383,537,431,548,reference
[43],90,550,114,560,reference
V.V.,121,550,153,560,reference
"Nesterenko,",158,550,237,560,reference
A.,242,550,258,560,reference
"Feoli,",263,550,300,560,reference
G.,305,550,321,560,reference
"Lambiase,",326,550,394,560,reference
G.,399,550,416,560,reference
"Scarpetta,",421,550,490,560,reference
Phys.,495,550,533,560,reference
Rev.,538,550,569,560,reference
D,574,550,586,560,reference
"60,",591,550,613,560,reference
965001,618,550,665,560,reference
(1999).,670,550,717,560,reference
[44],90,562,114,573,reference
"See,",121,562,148,573,reference
for,153,562,171,573,reference
instance:,177,562,236,573,reference
J.C.,243,562,271,573,reference
"Breckenridge,",276,562,367,573,reference
V.,373,562,388,573,reference
"Elias,",394,562,431,573,reference
T.G.,436,562,468,573,reference
"Steele,",473,562,517,573,reference
Class.,522,562,562,573,reference
Quantum,567,562,631,573,reference
Grav.,636,562,674,573,reference
"12,",680,562,702,573,reference
637,707,562,730,573,reference
(1995).,735,562,783,573,reference
[45],90,575,114,585,reference
N.,121,575,137,585,reference
Sanchez,142,575,196,585,reference
and,201,575,226,585,reference
G.,231,575,248,585,reference
"Veneziano,",253,575,325,585,reference
Nucl.,330,575,366,585,reference
Phys.,371,575,408,585,reference
B,414,575,425,585,reference
"333,",430,575,461,585,reference
253,466,575,489,585,reference
(1990).,494,575,542,585,reference
[46],90,587,114,598,reference
M.,121,587,140,598,reference
"Gasperini,",145,587,214,598,reference
N.,219,587,235,598,reference
"Sanchez,",240,587,299,598,reference
G.,304,587,320,598,reference
"Veneziano,",325,587,398,598,reference
Nucl.,403,587,438,598,reference
Phys.,444,587,481,598,reference
"B,",486,587,501,598,reference
"364,",507,587,538,598,reference
365,543,587,566,598,reference
(1991).,571,587,618,598,reference
[47],90,600,114,610,reference
M.,121,600,140,610,reference
"Gasperini,",145,600,214,610,reference
N.,219,600,235,610,reference
"Sanchez,",240,600,299,610,reference
G.,304,600,320,610,reference
"Veneziano,",325,600,398,610,reference
Int.,403,600,427,610,reference
J.,432,600,444,610,reference
Mod.,449,600,485,610,reference
Phys.,490,600,527,610,reference
A,532,600,544,610,reference
"6,",549,600,562,610,reference
3853,568,600,598,610,reference
(1991).,604,600,651,610,reference
[48],90,612,114,623,reference
M.,121,612,140,623,reference
"Gasperini,",145,612,214,623,reference
Phys.,219,612,257,623,reference
Lett.,262,612,295,623,reference
B,300,612,311,623,reference
"258,",316,612,347,623,reference
70,352,612,368,623,reference
(1991).,373,612,420,623,reference
[49],90,624,114,635,reference
M.,121,624,140,635,reference
"Gasperini,",145,624,214,635,reference
Gen.,219,624,251,635,reference
Rel.,256,624,283,635,reference
Grav.,289,624,327,635,reference
"24,",332,624,354,635,reference
219,359,624,382,635,reference
(1992).,387,624,435,635,reference
[50],90,637,114,648,reference
V.P.,121,637,151,648,reference
Frolov,156,637,198,648,reference
and,203,637,228,648,reference
N.,233,637,249,648,reference
Sanchez.,254,637,313,648,reference
Nucl.,318,637,353,648,reference
Phys.,359,637,396,648,reference
B,401,637,412,648,reference
"349,",417,637,448,648,reference
815,453,637,477,648,reference
(1991).,482,637,529,648,reference
[51],90,649,114,660,reference
N.,121,649,137,660,reference
"Sanchez,",141,649,199,660,reference
in,203,649,216,660,reference
Structure:,220,649,287,660,reference
from,293,649,324,660,reference
Physics,329,649,379,660,reference
to,383,649,396,660,reference
General,401,649,453,660,reference
Systems,458,649,511,660,reference
eds.,516,649,542,660,reference
M.,546,649,565,660,reference
Marinaro,569,649,631,660,reference
and,635,649,660,660,reference
G.,664,649,680,660,reference
Scarpetta,684,649,749,660,reference
(World,753,649,800,660,reference
"Scientiﬁc,",804,649,869,660,reference
"Singapore,",873,649,944,660,reference
1993),121,662,158,672,reference
vol.,163,662,187,672,reference
"1,",192,662,205,672,reference
pag.,210,662,238,672,reference
118.,243,662,271,672,reference
[52],90,674,114,685,reference
E.R.,121,674,152,685,reference
"Caianiello,",157,674,228,685,reference
M.,233,674,252,685,reference
"Gasperini,",257,674,326,685,reference
G.,332,674,348,685,reference
"Scarpetta,",353,674,423,685,reference
Class.,428,674,467,685,reference
Quantum,473,674,537,685,reference
Grav.,542,674,580,685,reference
"8,",585,674,598,685,reference
659,603,674,627,685,reference
(1991).,632,674,679,685,reference
[53],90,687,114,697,reference
M.,121,687,140,697,reference
"Gasperini,",145,687,214,697,reference
in,219,687,232,697,reference
Advances,237,687,300,697,reference
in,305,687,319,697,reference
Theoretical,324,687,398,697,reference
Physics,404,687,454,697,reference
ed.,461,687,480,697,reference
E.R.,485,687,516,697,reference
"Caianiello,",521,687,593,697,reference
(World,598,687,645,697,reference
"Scientiﬁc,",650,687,715,697,reference
"Singapore,",720,687,791,697,reference
"1991),p.",797,687,851,697,reference
77.,856,687,876,697,reference
[54],90,699,114,710,reference
S.,121,699,134,710,reference
"Capozziello,",139,699,220,710,reference
G.,226,699,242,710,reference
"Lambiase,",247,699,315,710,reference
G.,320,699,337,710,reference
"Scarpetta,",342,699,411,710,reference
Nuovo,416,699,459,710,reference
Cimento,464,699,522,710,reference
"114B,",527,699,571,710,reference
93,576,699,591,710,reference
(1999).,596,699,644,710,reference
[55],90,711,114,722,reference
A.,121,711,137,722,reference
"Feoli,",142,711,178,722,reference
Nucl.,184,711,219,722,reference
Phys.,225,711,262,722,reference
B,267,711,278,722,reference
"396,",283,711,314,722,reference
261,319,711,343,722,reference
(1993).,348,711,395,722,reference
[56],90,724,114,735,reference
S.,121,724,134,735,reference
"Capozziello,",139,724,220,735,reference
G.,226,724,242,735,reference
"Lambiase,",247,724,315,735,reference
G.,320,724,337,735,reference
"Scarpetta,",342,724,411,735,reference
Int.,416,724,440,735,reference
J.,446,724,458,735,reference
Theor.,463,724,508,735,reference
Phys.,513,724,550,735,reference
"39,",555,724,578,735,reference
15,583,724,598,735,reference
(2000).,603,724,651,735,reference
[57],90,736,114,747,reference
E.R.,121,736,152,747,reference
"Caianiello,",157,736,228,747,reference
M.,233,736,252,747,reference
"Gasperini,",257,736,326,747,reference
and,332,736,357,747,reference
G.,362,736,378,747,reference
"Scarpetta,",383,736,453,747,reference
Nuovo,458,736,501,747,reference
Cimento,506,736,563,747,reference
"105B,",568,736,612,747,reference
259,617,736,641,747,reference
(1990).,646,736,693,747,reference
[58],90,749,114,759,reference
V.,121,749,137,759,reference
"Bozza,",142,749,187,759,reference
G.,192,749,208,759,reference
"Lambiase,",213,749,281,759,reference
G.,286,749,303,759,reference
"Papini,",308,749,356,759,reference
G.,361,749,378,759,reference
"Scarpetta,",383,749,452,759,reference
Phys.,457,749,495,759,reference
Lett.,500,749,533,759,reference
A,538,749,549,759,reference
"279,",555,749,586,759,reference
163,591,749,614,759,reference
(2001).,619,749,667,759,reference
[59],90,761,114,772,reference
V.,121,761,137,772,reference
"Bozza,",142,761,187,772,reference
S.,192,761,205,772,reference
"Capozziello,",210,761,291,772,reference
G.,296,761,313,772,reference
"Lambiase,",318,761,386,772,reference
G.,391,761,407,772,reference
"Scarpetta,",413,761,482,772,reference
Int.,487,761,511,772,reference
J.,516,761,529,772,reference
Theor.,534,761,579,772,reference
Phys.,584,761,621,772,reference
"40,",626,761,648,772,reference
849,653,761,677,772,reference
(2001).,682,761,729,772,reference
[60],90,774,114,784,reference
G.,121,774,137,784,reference
"Lambiase,",143,774,211,784,reference
G.,216,774,232,784,reference
"Papini,",237,774,285,784,reference
R.,290,774,306,784,reference
"Punzi,",311,774,355,784,reference
G.,360,774,376,784,reference
"Scarpetta,",381,774,451,784,reference
Class.,456,774,496,784,reference
Quant.,501,774,548,784,reference
Grav.,553,774,591,784,reference
"23,",596,774,616,784,reference
1347,621,774,652,784,reference
(2006).,657,774,704,784,reference
[61],90,786,114,797,reference
G.,121,786,137,797,reference
Gibbons,143,786,199,797,reference
and,204,786,229,797,reference
S.W.,235,786,268,797,reference
"Hawking,",273,786,336,797,reference
Phys.,341,786,378,797,reference
Rev.,384,786,414,797,reference
"D15,",420,786,455,797,reference
2738,461,786,492,797,reference
(1977).,497,786,544,797,reference
[62],90,799,114,809,reference
A.,121,799,137,809,reference
"Feoli,",142,799,178,809,reference
G.,184,799,200,809,reference
"Lambiase,",205,799,273,809,reference
G.,278,799,295,809,reference
"Papini,",300,799,348,809,reference
G.,353,799,369,809,reference
"Scarpetta,",375,799,444,809,reference
Phys.,449,799,486,809,reference
Lett.,492,799,524,809,reference
A,530,799,541,809,reference
"263,",546,799,577,809,reference
147,583,799,606,809,reference
(1999).,611,799,658,809,reference
[63],90,811,114,822,reference
S.,121,811,134,822,reference
"Capozziello,",139,811,220,822,reference
A.,226,811,242,822,reference
"Feoli,",247,811,283,822,reference
G.,288,811,305,822,reference
"Lambiase,",310,811,378,822,reference
G.,383,811,399,822,reference
"Papini,",404,811,452,822,reference
G.,458,811,474,822,reference
"Scarpetta,",479,811,548,822,reference
Phys.,554,811,591,822,reference
Lett.,596,811,629,822,reference
A,634,811,646,822,reference
"268,",651,811,682,822,reference
247,687,811,710,822,reference
(2000).,716,811,763,822,reference
[64],90,823,114,834,reference
V.,121,823,137,834,reference
"Bozza,",142,823,187,834,reference
A.,192,823,208,834,reference
"Feoli,",213,823,249,834,reference
G.,254,823,271,834,reference
"Papini,",276,823,324,834,reference
G.,329,823,346,834,reference
"Scarpetta,",351,823,420,834,reference
Phys.,425,823,463,834,reference
Lett.,468,823,501,834,reference
A,506,823,517,834,reference
"271,",523,823,554,834,reference
35,559,823,574,834,reference
(2000).,579,823,627,834,reference
[65],90,836,114,847,reference
V.,121,836,137,847,reference
"Bozza,",142,836,187,847,reference
A.,192,836,208,847,reference
"Feoli,",213,836,249,847,reference
G.,254,836,271,847,reference
"Lambiase,",276,836,344,847,reference
G.,349,836,365,847,reference
"Papini,",371,836,419,847,reference
G.,424,836,440,847,reference
"Scarpetta,",445,836,515,847,reference
Phys.,520,836,557,847,reference
Lett.,562,836,595,847,reference
A,600,836,612,847,reference
"283,",617,836,648,847,reference
53,653,836,669,847,reference
(2001).,674,836,721,847,reference
[66],90,848,114,859,reference
G.,121,848,137,859,reference
"Papini,",143,848,191,859,reference
G.,196,848,212,859,reference
"Scarpetta,",217,848,287,859,reference
V.,292,848,308,859,reference
"Bozza,",313,848,357,859,reference
A.,363,848,379,859,reference
"Feoli,",384,848,420,859,reference
G.,425,848,442,859,reference
"Lambiase,",447,848,515,859,reference
Phys.,520,848,557,859,reference
Lett.,562,848,595,859,reference
A,600,848,612,859,reference
"300,",617,848,648,859,reference
603,653,848,677,859,reference
(2002).,682,848,729,859,reference
