token,x0,y0,x1,y1,label
6,869,47,879,62,paragraph
L,556,80,570,106,paragraph
−,377,92,388,109,paragraph
−,407,92,418,109,paragraph
−,437,92,448,109,paragraph
−,467,92,478,109,paragraph
∂4,537,90,556,106,paragraph
(1),570,90,587,100,paragraph
+f1,344,99,377,117,paragraph
f2,389,99,407,117,paragraph
f3,419,99,437,117,paragraph
f4,449,99,467,117,paragraph
−,514,104,524,122,paragraph
−,551,104,562,122,paragraph
−,589,103,600,120,paragraph
−,627,104,638,122,paragraph
.,647,101,652,117,paragraph
(19),845,101,879,117,paragraph
r,368,109,375,119,paragraph
s,398,109,405,119,paragraph
t,428,109,433,119,paragraph
u,458,109,466,119,paragraph
∂F,487,112,511,127,paragraph
∂F,525,112,549,127,paragraph
∂F,563,112,586,127,paragraph
∂F,601,112,624,127,paragraph
r,511,120,517,130,paragraph
s,549,120,555,130,paragraph
t,586,120,591,130,paragraph
u,624,120,632,130,paragraph
±,435,129,446,146,paragraph
Next,117,138,158,153,paragraph
the,163,138,190,153,paragraph
derivatives,195,138,284,153,paragraph
with,290,138,327,153,paragraph
respect,333,138,392,153,paragraph
to,397,138,414,153,paragraph
F,420,138,432,153,paragraph
are,452,138,478,153,paragraph
expressed,483,138,563,153,paragraph
in,568,138,584,153,paragraph
terms,590,138,637,153,paragraph
of,643,138,658,153,paragraph
derivatives,664,138,752,153,paragraph
∂,764,136,771,146,paragraph
and,783,138,814,153,paragraph
∂,826,136,833,146,paragraph
",",839,138,845,153,paragraph
e.g.,850,138,879,153,paragraph
r,432,145,439,156,paragraph
∂x,760,147,776,157,paragraph
∂y,822,147,837,157,paragraph
∂,399,170,409,185,paragraph
1,453,170,463,185,paragraph
±,480,171,491,188,paragraph
∂,513,170,523,185,paragraph
∓,536,169,551,196,paragraph
∂,575,170,585,185,paragraph
±,412,183,423,201,paragraph
=,431,180,446,196,paragraph
F,465,180,477,196,paragraph
(,498,180,505,196,paragraph
i,555,180,562,196,paragraph
),593,180,601,196,paragraph
",",607,180,612,196,paragraph
(20),845,180,879,196,paragraph
∂F,386,191,409,206,paragraph
2,453,191,463,206,paragraph
r,477,188,483,198,paragraph
∂x,507,191,529,206,paragraph
∂y,570,191,590,206,paragraph
r,409,199,416,209,paragraph
using,117,220,161,235,paragraph
F,378,223,392,249,paragraph
G,515,223,527,249,paragraph
∂,367,234,377,249,paragraph
1,429,234,439,249,paragraph
±,456,235,467,252,paragraph
∂,504,234,514,249,paragraph
±,563,233,578,260,paragraph
1,583,234,593,249,paragraph
±,613,235,624,252,paragraph
±,388,247,399,265,paragraph
=,407,244,422,260,paragraph
F,441,244,453,260,paragraph
",",474,244,479,260,paragraph
±,523,247,534,265,paragraph
=,542,244,557,260,paragraph
F,598,244,610,260,paragraph
",",631,244,636,260,paragraph
(21),845,244,879,260,paragraph
∂F,362,255,386,270,paragraph
2,429,255,439,270,paragraph
r,453,252,460,262,paragraph
∂F,497,255,521,270,paragraph
2i,580,255,596,270,paragraph
r,610,252,616,262,paragraph
r,386,263,392,273,paragraph
r,521,263,527,273,paragraph
and,117,278,148,293,paragraph
∂2,225,290,243,306,paragraph
1,301,291,311,306,paragraph
∂,350,291,360,306,paragraph
−,373,290,388,316,paragraph
∂,419,291,429,306,paragraph
1,476,291,486,306,paragraph
∂2,562,290,580,306,paragraph
−,593,290,608,316,paragraph
∂2,655,290,673,306,paragraph
−,693,290,708,316,paragraph
∂2,719,290,737,306,paragraph
=,279,301,294,316,paragraph
δ,313,301,321,316,paragraph
(,335,301,343,316,paragraph
i,399,301,405,316,paragraph
),437,301,444,316,paragraph
+,455,301,470,316,paragraph
F,488,301,500,316,paragraph
+F,503,299,527,316,paragraph
+,529,299,540,309,paragraph
(,547,301,555,316,paragraph
2i,619,301,635,316,paragraph
),745,301,752,316,paragraph
",",759,301,764,316,paragraph
etc..,767,301,802,316,paragraph
(22),845,301,879,316,paragraph
∂F,196,312,220,327,paragraph
+∂F,222,311,257,327,paragraph
+,260,311,271,321,paragraph
2,301,312,311,327,paragraph
rs,321,308,334,318,paragraph
∂x,345,312,367,327,paragraph
∂y,414,312,434,327,paragraph
4,476,312,486,327,paragraph
r,500,309,506,319,paragraph
s,527,309,533,319,paragraph
∂x2,557,311,586,327,paragraph
∂x∂y,643,312,686,327,paragraph
∂y2,714,311,742,327,paragraph
r,220,319,226,329,paragraph
s,257,319,264,329,paragraph
An,142,335,167,350,paragraph
important,173,335,257,350,paragraph
typical,263,335,320,350,paragraph
derivative,326,335,407,350,paragraph
is,414,335,426,350,paragraph
L,340,352,354,378,paragraph
L,700,352,714,378,paragraph
L,779,352,792,378,paragraph
(cid:16),226,361,237,417,paragraph
∂4,321,362,339,378,paragraph
(1),354,362,371,372,paragraph
1,465,363,474,378,paragraph
∂2,681,362,699,378,paragraph
(1),714,362,731,372,paragraph
−,738,362,754,389,paragraph
∂2,760,362,778,378,paragraph
(1)(cid:17),792,361,820,417,paragraph
=,436,374,451,389,paragraph
(δ,476,374,492,389,paragraph
δ,506,374,514,389,paragraph
+,532,374,547,389,paragraph
δ,552,374,560,389,paragraph
δ,573,374,581,389,paragraph
+,601,374,615,389,paragraph
δ,620,374,628,389,paragraph
δ,640,374,649,389,paragraph
)(,664,374,679,389,paragraph
),813,374,820,389,paragraph
∂F,271,384,295,399,paragraph
+∂F,297,384,332,399,paragraph
+∂F,335,384,370,399,paragraph
+∂F,373,382,408,399,paragraph
+,411,384,421,394,paragraph
4,465,384,474,399,paragraph
rs,492,380,505,390,paragraph
tu,514,380,527,390,paragraph
rt,560,380,572,390,paragraph
su,581,380,595,390,paragraph
st,628,380,640,390,paragraph
ru,649,380,664,390,paragraph
∂x2,692,384,721,399,paragraph
∂y2,771,384,799,399,paragraph
r,295,392,301,402,paragraph
s,332,392,339,402,paragraph
t,370,392,375,402,paragraph
u,408,392,416,402,paragraph
1,214,403,224,418,paragraph
+,187,413,202,428,paragraph
δ,237,413,246,428,paragraph
F,260,413,272,428,paragraph
+F,275,411,299,428,paragraph
+,301,411,312,421,paragraph
+,317,413,332,428,paragraph
δ,337,413,345,428,paragraph
F,357,413,370,428,paragraph
+F,373,411,396,428,paragraph
+,399,411,410,421,paragraph
+,415,413,430,428,paragraph
δ,434,413,443,428,paragraph
F,455,413,467,428,paragraph
+F,470,411,494,428,paragraph
+,497,411,507,421,paragraph
+,513,413,527,428,paragraph
δ,532,413,540,428,paragraph
F,556,413,568,428,paragraph
+F,571,411,595,428,paragraph
+,597,411,608,421,paragraph
+,613,413,628,428,paragraph
δ,632,413,641,428,paragraph
F,656,413,669,428,paragraph
+F,671,411,695,428,paragraph
+,698,411,709,421,paragraph
+,714,413,729,428,paragraph
δ,733,413,741,428,paragraph
F,755,413,768,428,paragraph
+F,770,411,794,428,paragraph
+,797,411,808,421,paragraph
8,214,423,224,438,paragraph
rs,246,419,259,429,paragraph
t,272,421,277,431,paragraph
s,299,421,305,431,paragraph
rt,345,419,357,429,paragraph
s,370,421,376,431,paragraph
u,396,421,404,431,paragraph
st,443,419,454,429,paragraph
r,467,421,474,431,paragraph
u,494,421,502,431,paragraph
ru,540,419,555,429,paragraph
s,568,421,574,431,paragraph
t,595,421,600,431,paragraph
su,641,419,655,429,paragraph
r,669,421,675,431,paragraph
t,695,421,700,431,paragraph
tu,741,419,754,429,paragraph
r,768,421,774,431,paragraph
s,794,421,801,431,paragraph
L,690,430,704,456,paragraph
L,779,430,792,456,paragraph
(cid:16),553,441,564,498,paragraph
×,641,440,656,467,paragraph
∂3,672,440,690,456,paragraph
(1),704,440,722,450,paragraph
−,729,440,744,467,paragraph
∂3,760,440,778,456,paragraph
((cid:17)1),792,440,810,498,paragraph
(,662,451,670,467,paragraph
3,748,451,758,467,paragraph
),813,451,820,467,paragraph
∂x3,682,462,711,477,paragraph
∂x∂y2,760,462,810,477,paragraph
L,585,472,599,498,paragraph
L,677,472,691,498,paragraph
L,760,472,773,498,paragraph
1,424,483,433,498,paragraph
∂4,566,481,584,498,paragraph
(1),599,481,616,491,paragraph
−,624,482,639,508,paragraph
∂4,658,481,677,498,paragraph
(1),691,481,709,491,paragraph
∂4,741,481,759,498,paragraph
(1),773,481,791,491,paragraph
+,402,493,417,508,paragraph
F,440,493,452,508,paragraph
+F,455,491,479,508,paragraph
+F,482,491,506,508,paragraph
+F,508,491,532,508,paragraph
+,535,491,546,501,paragraph
6,643,493,653,508,paragraph
+,720,493,734,508,paragraph
",",812,493,817,508,paragraph
16,419,503,438,519,paragraph
r,452,501,459,511,paragraph
s,479,501,485,511,paragraph
t,506,501,510,511,paragraph
u,532,501,540,511,paragraph
∂x4,577,503,606,519,paragraph
∂x2∂y2,655,503,712,519,paragraph
∂y4,752,503,780,519,paragraph
(23),845,523,879,538,paragraph
±,721,543,732,560,paragraph
noting,117,552,170,567,paragraph
that,177,552,212,567,paragraph
odd,218,552,249,567,paragraph
derivatives,256,552,345,567,paragraph
with,351,552,388,567,paragraph
respect,395,552,454,567,paragraph
to,460,552,477,567,paragraph
y,483,552,493,567,paragraph
vanish,500,552,553,567,paragraph
for,559,552,582,567,paragraph
E,588,552,603,567,paragraph
=,608,552,623,567,paragraph
"0,",628,552,643,567,paragraph
i.e.,650,552,674,567,paragraph
at,682,552,699,567,paragraph
F,706,552,718,567,paragraph
=,738,552,753,567,paragraph
B,758,552,773,567,paragraph
.,780,552,786,567,paragraph
r,718,560,724,570,paragraph
r,773,558,779,568,paragraph
A.,386,571,407,585,section
Weak,428,571,478,585,section
magnetic,484,571,565,585,section
ﬁeld,572,571,610,585,section
In,142,605,159,621,paragraph
order,166,605,210,621,paragraph
to,216,605,233,621,paragraph
obtain,240,605,293,621,paragraph
the,300,605,327,621,paragraph
"O(ξ2),",334,604,386,621,paragraph
ξ,393,605,401,621,paragraph
=,409,605,424,621,paragraph
B/B,430,605,469,621,paragraph
",",476,605,482,621,paragraph
correction,489,605,571,621,paragraph
to,578,605,595,621,paragraph
the,602,605,629,621,paragraph
leading-order,636,605,745,621,paragraph
matrix,752,605,808,621,paragraph
element,815,605,879,621,paragraph
M,117,612,141,638,paragraph
c,469,612,475,622,paragraph
of,171,623,186,638,paragraph
eq.(A1),193,623,256,638,paragraph
the,262,623,288,638,paragraph
derivatives,295,623,384,638,paragraph
of,390,623,405,638,paragraph
Eq.,412,623,440,638,paragraph
(B7),447,623,485,638,paragraph
"enter,",491,623,538,638,paragraph
i.e.,545,623,569,638,paragraph
HE,141,629,163,639,paragraph
L,379,644,393,670,paragraph
L,468,644,481,670,paragraph
L,630,644,643,670,paragraph
L,708,644,722,670,paragraph
M,244,654,267,680,paragraph
1,295,655,305,670,paragraph
M,313,654,336,680,paragraph
∂3,360,653,378,670,paragraph
(1),393,653,410,663,paragraph
−,418,654,433,680,paragraph
∂3,449,653,467,670,paragraph
(1),481,653,499,663,paragraph
1,547,655,557,670,paragraph
M,565,654,589,680,paragraph
∂3,611,653,629,670,paragraph
(1),643,653,661,663,paragraph
∂3,689,653,707,670,paragraph
(1),722,653,739,663,paragraph
δ,235,665,243,680,paragraph
=,273,665,288,680,paragraph
(,351,665,358,680,paragraph
3,437,665,447,680,paragraph
),501,665,509,680,paragraph
+,520,665,535,680,paragraph
(,602,665,609,680,paragraph
+,668,665,683,680,paragraph
),742,665,750,680,paragraph
",",756,665,761,680,paragraph
(24),845,665,879,680,paragraph
8,295,675,305,691,paragraph
a,336,671,344,681,paragraph
∂x3,371,675,400,691,paragraph
∂x∂y2,449,675,499,691,paragraph
8,547,675,557,691,paragraph
b,589,671,594,681,paragraph
∂x3,622,675,651,691,paragraph
∂x∂y2,689,675,740,691,paragraph
where,117,704,166,719,paragraph
M,472,710,496,737,paragraph
=,509,721,524,737,paragraph
a,496,728,503,738,paragraph
·,160,736,166,762,paragraph
·,244,736,249,762,paragraph
·,315,736,321,762,paragraph
·,424,736,429,762,paragraph
·,507,736,512,762,paragraph
·,579,736,584,762,paragraph
·,687,736,692,762,paragraph
·,770,736,776,762,paragraph
·,842,736,848,762,paragraph
(f1+,121,744,155,762,paragraph
f4+)(f2+,170,744,238,762,paragraph
B)(f3+,253,744,310,762,paragraph
B),325,747,348,762,paragraph
+,359,747,374,762,paragraph
(f2+,385,744,418,762,paragraph
f4+)(f1+,433,744,502,762,paragraph
B)(f3+,517,744,574,762,paragraph
B),589,747,612,762,paragraph
+,622,747,637,762,paragraph
(f3+,648,744,682,762,paragraph
f4+)(f1+,697,744,765,762,paragraph
B)(f2+,780,744,837,762,paragraph
B),852,747,875,762,paragraph
·,188,761,194,787,paragraph
·,270,761,275,787,paragraph
·,339,761,345,787,paragraph
·,442,761,448,787,paragraph
·,524,761,529,787,paragraph
·,593,761,599,787,paragraph
·,696,761,702,787,paragraph
·,777,761,783,787,paragraph
·,847,761,853,787,paragraph
+,126,772,141,787,paragraph
(f1+,150,770,184,787,paragraph
f2+)(f3+,197,770,265,787,paragraph
B)(f4+,278,770,335,787,paragraph
B),348,772,371,787,paragraph
+,380,772,395,787,paragraph
(f1+,404,770,438,787,paragraph
f3+)(f2+,451,770,519,787,paragraph
B)(f4+,532,770,589,787,paragraph
B),602,772,625,787,paragraph
+,634,772,649,787,paragraph
(f2+,658,770,692,787,paragraph
f3+)(f1+,705,770,773,787,paragraph
B)(f4+,786,770,843,787,paragraph
B),856,772,879,787,paragraph
⇐⇒,492,786,528,812,paragraph
−,544,786,559,812,paragraph
+,418,797,432,812,paragraph
(,443,797,451,812,paragraph
+,461,797,476,812,paragraph
),570,797,578,812,paragraph
",",584,797,589,812,paragraph
(25),845,797,879,812,paragraph
and,117,822,148,837,paragraph
M,473,829,496,855,paragraph
=,508,840,523,855,paragraph
b,496,846,502,856,paragraph
·,160,854,166,880,paragraph
·,244,854,249,880,paragraph
−,299,855,310,873,paragraph
·,315,854,321,880,paragraph
·,424,854,429,880,paragraph
·,507,854,512,880,paragraph
−,563,855,574,873,paragraph
·,579,854,584,880,paragraph
·,687,854,692,880,paragraph
·,770,854,776,880,paragraph
−,826,855,837,873,paragraph
·,842,854,848,880,paragraph
(f1+,121,863,155,880,paragraph
f2+)(f3+,170,863,238,880,paragraph
B)(f4,253,863,299,880,paragraph
B),325,865,348,880,paragraph
+,359,865,374,880,paragraph
(f1+,385,863,418,880,paragraph
f3+)(f4+,433,863,502,880,paragraph
B)(f2,517,863,563,880,paragraph
B),589,865,612,880,paragraph
+,622,865,637,880,paragraph
(f1+,648,863,682,880,paragraph
f3+)(f2+,697,863,765,880,paragraph
B)(f4,780,863,826,880,paragraph
B),852,865,875,880,paragraph
·,188,879,194,905,paragraph
·,270,879,275,905,paragraph
−,324,881,335,898,paragraph
·,339,879,345,905,paragraph
·,442,879,448,905,paragraph
·,524,879,529,905,paragraph
−,578,881,589,898,paragraph
·,593,879,599,905,paragraph
·,696,879,702,905,paragraph
·,777,879,783,905,paragraph
−,832,881,843,898,paragraph
·,847,879,853,905,paragraph
+,126,890,141,905,paragraph
(f1+,150,888,184,905,paragraph
f2+)(f4+,197,888,265,905,paragraph
B)(f3,278,888,324,905,paragraph
B),348,890,371,905,paragraph
+,380,890,395,905,paragraph
(f2+,404,888,438,905,paragraph
f3+)(f4+,451,888,519,905,paragraph
B)(f1,532,888,578,905,paragraph
B),602,890,625,905,paragraph
+,634,890,649,905,paragraph
(f1+,658,888,692,905,paragraph
f4+)(f2+,705,888,773,905,paragraph
B)(f3,786,888,832,905,paragraph
B),856,890,879,905,paragraph
·,188,904,194,930,paragraph
·,270,904,275,930,paragraph
−,324,906,335,923,paragraph
·,339,904,345,930,paragraph
·,442,904,448,930,paragraph
·,524,904,529,930,paragraph
−,578,906,589,923,paragraph
·,593,904,599,930,paragraph
·,696,904,702,930,paragraph
·,777,904,783,930,paragraph
−,832,906,843,923,paragraph
·,847,904,853,930,paragraph
+,126,915,141,930,paragraph
(f1+,150,913,184,930,paragraph
f4+)(f3+,197,913,265,930,paragraph
B)(f2,278,913,324,930,paragraph
B),348,915,371,930,paragraph
+,380,915,395,930,paragraph
(f2+,404,913,438,930,paragraph
f3+)(f1+,451,913,519,930,paragraph
B)(f4,532,913,578,930,paragraph
B),602,915,625,930,paragraph
+,634,915,649,930,paragraph
(f3+,658,913,692,930,paragraph
f4+)(f2+,705,913,773,930,paragraph
B)(f1,786,913,832,930,paragraph
B),856,915,879,930,paragraph
##LTLine##,487,110,638,110,paragraph
##LTLine##,760,146,776,146,paragraph
##LTLine##,822,146,837,146,paragraph
##LTLine##,386,189,424,189,paragraph
##LTLine##,453,189,463,189,paragraph
##LTLine##,507,189,529,189,paragraph
##LTLine##,570,189,591,189,paragraph
##LTLine##,362,253,400,253,paragraph
##LTLine##,429,253,439,253,paragraph
##LTLine##,497,253,535,253,paragraph
##LTLine##,580,253,596,253,paragraph
##LTLine##,196,310,272,310,paragraph
##LTLine##,301,310,311,310,paragraph
##LTLine##,345,310,367,310,paragraph
##LTLine##,414,310,435,310,paragraph
##LTLine##,476,310,486,310,paragraph
##LTLine##,557,310,586,310,paragraph
##LTLine##,643,310,686,310,paragraph
##LTLine##,714,310,743,310,paragraph
##LTLine##,271,382,422,382,paragraph
##LTLine##,465,382,474,382,paragraph
##LTLine##,681,382,732,382,paragraph
##LTLine##,760,382,811,382,paragraph
##LTLine##,214,421,224,421,paragraph
##LTLine##,672,460,722,460,paragraph
##LTLine##,760,460,811,460,paragraph
##LTLine##,419,501,438,501,paragraph
##LTLine##,566,501,617,501,paragraph
##LTLine##,655,501,713,501,paragraph
##LTLine##,741,501,792,501,paragraph
##LTLine##,295,673,305,673,paragraph
##LTLine##,360,673,411,673,paragraph
##LTLine##,449,673,500,673,paragraph
##LTLine##,547,673,557,673,paragraph
##LTLine##,611,673,662,673,paragraph
##LTLine##,689,673,740,673,paragraph
