token,x0,y0,x1,y1,label
12,70,78,85,90,paragraph
mentioned,95,106,166,120,paragraph
inequalities.,173,106,254,120,paragraph
With,260,106,293,120,paragraph
the,300,106,320,120,paragraph
decrease,326,106,384,120,paragraph
of,391,106,404,120,paragraph
"K,",411,106,427,120,paragraph
X,434,106,444,120,paragraph
in-,452,106,470,120,paragraph
in,499,106,512,120,paragraph
Fig.,516,106,543,120,paragraph
4-9.,547,106,574,120,paragraph
We,578,106,600,120,paragraph
have,604,106,635,120,paragraph
demonstrated,640,106,730,120,paragraph
that,734,106,759,120,paragraph
the,764,106,784,120,paragraph
models,789,106,837,120,paragraph
obtained,841,106,899,120,paragraph
creases.,95,121,148,135,paragraph
The,154,121,180,135,paragraph
maximum,187,121,255,135,paragraph
value,261,121,297,135,paragraph
of,303,121,317,135,paragraph
compactness,324,121,409,135,paragraph
parame-,416,121,470,135,paragraph
in,499,121,512,135,paragraph
subsection,518,121,589,135,paragraph
b,595,121,603,135,paragraph
satisfy,609,121,653,135,paragraph
the,659,121,680,135,paragraph
physical,686,121,741,135,paragraph
requirements,747,121,835,135,paragraph
for,841,121,860,135,paragraph
wide,867,121,899,135,paragraph
ter,95,136,113,150,paragraph
is,120,136,131,150,paragraph
obtained,138,136,195,150,paragraph
(2M/R)max,202,135,278,151,paragraph
=,284,138,297,150,paragraph
"0.8246,",302,136,353,150,paragraph
using,360,136,396,150,paragraph
"(4.3.1),",403,136,452,150,paragraph
at,458,136,470,150,paragraph
range,499,136,536,150,paragraph
of,543,136,557,150,paragraph
values,563,136,606,150,paragraph
of,612,136,626,150,paragraph
"m,",633,135,649,150,paragraph
"n,",653,135,666,150,paragraph
"p,",671,135,684,150,paragraph
"δ,",688,135,703,150,paragraph
a,706,135,715,150,paragraph
and,721,136,745,150,paragraph
"K,",752,135,768,150,paragraph
giving,775,136,817,150,paragraph
us,824,136,839,150,paragraph
a,845,136,853,150,paragraph
possi-,859,136,899,150,paragraph
Kmin,95,150,125,166,paragraph
=,131,153,144,164,paragraph
"0.093,",148,150,191,165,paragraph
Xmax,194,150,226,166,paragraph
=,231,153,244,164,paragraph
0.672.,248,150,290,165,paragraph
Corresponding,296,150,395,165,paragraph
to,401,150,414,165,paragraph
the,419,150,439,165,paragraph
val-,445,150,470,165,paragraph
bility,499,150,534,165,paragraph
for,540,150,560,165,paragraph
different,565,150,623,165,paragraph
charge,628,150,673,165,paragraph
variations,679,150,744,165,paragraph
and,750,150,774,165,paragraph
anisotropy,780,150,851,165,paragraph
within,856,150,899,165,paragraph
ues,95,165,118,179,paragraph
of,123,165,137,179,paragraph
"(Kmin,",142,165,184,181,paragraph
Xmax),188,165,226,181,paragraph
the,232,165,252,179,paragraph
total,257,165,287,179,paragraph
charge,292,165,337,179,paragraph
to,342,165,355,179,paragraph
radius,360,165,401,179,paragraph
"ratio,",406,165,441,179,paragraph
and,446,165,470,179,paragraph
the,499,165,519,179,paragraph
ﬂuid,526,165,557,179,paragraph
spheres.,563,165,617,179,paragraph
The,624,165,650,179,paragraph
resulting,656,165,715,179,paragraph
spheres,721,165,771,179,paragraph
can,778,165,801,179,paragraph
be,807,165,823,179,paragraph
utilized,829,165,880,179,paragraph
to,886,165,899,179,paragraph
total,95,180,125,194,paragraph
charge,131,180,175,194,paragraph
to,181,180,194,194,paragraph
total,200,180,229,194,paragraph
mass,235,180,269,194,paragraph
ratio,274,180,305,194,paragraph
are,311,180,331,194,paragraph
found,337,180,376,194,paragraph
to,382,180,395,194,paragraph
be,401,180,416,194,paragraph
Q/R,422,180,453,194,paragraph
=,457,182,470,194,paragraph
construct,499,180,560,194,paragraph
physically,564,180,633,194,paragraph
reasonable,636,180,708,194,paragraph
compact,711,180,768,194,paragraph
self-bound,771,180,843,194,paragraph
charged,846,180,899,194,paragraph
0.3878,95,195,142,209,paragraph
and,147,195,171,209,paragraph
Q/M,176,195,210,209,paragraph
=,215,197,228,209,paragraph
0.9406,232,195,279,209,paragraph
using,284,195,320,209,paragraph
eq.,325,195,345,209,paragraph
(4.2.1).,350,195,399,209,paragraph
For,403,195,427,209,paragraph
a,431,195,439,209,paragraph
par-,444,195,470,209,paragraph
stellar,499,195,540,209,paragraph
model,544,195,586,209,paragraph
such,590,195,621,209,paragraph
as,625,195,639,209,paragraph
charged,643,195,696,209,paragraph
strange,700,195,748,209,paragraph
quark,753,195,791,209,paragraph
star.,795,195,822,209,paragraph
×,425,203,438,224,paragraph
ticular,95,210,138,224,paragraph
choice,142,210,186,224,paragraph
of,190,210,204,224,paragraph
stellar,208,210,249,224,paragraph
surface,253,210,301,224,paragraph
density,305,210,354,224,paragraph
ρs,358,209,372,225,paragraph
=,376,212,390,224,paragraph
4.68,393,210,423,224,paragraph
1014,440,208,470,224,paragraph
−,130,218,140,234,paragraph
g,95,224,104,239,paragraph
cm,110,224,130,239,paragraph
3,140,223,146,234,paragraph
6,152,223,159,234,paragraph
as,165,224,179,239,paragraph
parameter,185,224,252,239,paragraph
the,258,224,278,239,paragraph
total,284,224,314,239,paragraph
mass,319,224,353,239,paragraph
and,359,224,383,239,paragraph
other,388,224,423,239,paragraph
physi-,429,224,470,239,paragraph
cal,95,239,115,254,paragraph
quantities,119,239,184,254,paragraph
are,189,239,209,254,paragraph
calculated,214,239,281,254,paragraph
by,286,239,303,254,paragraph
the,307,239,327,254,paragraph
use,332,239,354,254,paragraph
of,358,239,372,254,paragraph
eqs.,377,239,403,254,paragraph
(5.2.1.1)-,408,239,470,254,paragraph
6,499,236,507,252,section
An,513,236,534,252,section
Application,539,236,622,252,section
of,626,236,640,252,section
the,644,236,666,252,section
Model,671,236,716,252,section
for,720,236,741,252,section
Some,746,236,785,252,section
Well,789,236,821,252,section
Known,825,236,877,252,section
(5.2.1.3),95,254,153,268,paragraph
and,158,254,182,268,paragraph
found,187,254,227,268,paragraph
M−max,232,254,267,278,paragraph
=,272,256,285,268,paragraph
"2.8740×M(cid:12),",289,254,364,283,paragraph
R,369,254,380,268,paragraph
=,384,256,397,268,paragraph
10−.35,401,254,439,278,paragraph
"km,",445,254,470,268,paragraph
Strange,499,251,555,266,section
Star,559,251,590,266,section
Candidates,594,251,675,266,section
P4c.6=6×27190.2703CM.,95,269,196,298,paragraph
eV,196,269,216,283,paragraph
fm,220,269,239,283,paragraph
"3,",249,268,260,283,paragraph
ρc,264,268,279,284,paragraph
=,284,271,297,283,paragraph
2.52,301,269,330,283,paragraph
1015,348,268,377,283,paragraph
g,383,269,391,283,paragraph
cm,396,269,416,283,paragraph
"3,",426,268,437,283,paragraph
Q,441,269,454,283,paragraph
=,457,271,470,283,paragraph
The,524,281,550,295,paragraph
analysis,555,281,609,295,paragraph
of,615,281,629,295,paragraph
very,634,281,663,295,paragraph
compact,669,281,725,295,paragraph
astrophysical,731,281,819,295,paragraph
objects,824,281,872,295,paragraph
has,877,281,899,295,paragraph
been,499,295,531,310,paragraph
a,536,295,543,310,paragraph
key,548,295,572,310,paragraph
issue,577,295,610,310,paragraph
in,615,295,628,310,paragraph
relativistic,633,295,704,310,paragraph
astrophysics,709,295,791,310,paragraph
for,796,295,816,310,paragraph
the,821,295,841,310,paragraph
last,846,295,869,310,paragraph
few,874,295,899,310,paragraph
Case,70,313,103,328,paragraph
Ib:,107,313,126,328,paragraph
Anisotropic,134,313,211,327,paragraph
pressure,216,313,272,327,paragraph
decades.,499,310,556,324,paragraph
Recent,561,310,608,324,paragraph
observations,612,310,697,324,paragraph
show,701,310,736,324,paragraph
that,741,310,766,324,paragraph
the,771,310,792,324,paragraph
estimated,797,310,861,324,paragraph
mass,866,310,899,324,paragraph
Due,95,328,123,342,paragraph
to,130,328,143,342,paragraph
the,151,328,171,342,paragraph
presence,178,328,237,342,paragraph
of,244,328,258,342,paragraph
pressure,265,328,321,342,paragraph
anisotropy,328,328,398,342,paragraph
the,406,328,426,342,paragraph
range,433,328,470,342,paragraph
and,499,325,523,339,paragraph
radius,528,325,569,339,paragraph
of,574,325,588,339,paragraph
several,593,325,640,339,paragraph
compact,645,325,702,339,paragraph
objects,707,325,754,339,paragraph
such,759,325,790,339,paragraph
as,795,325,809,339,paragraph
X-ray,814,325,853,339,paragraph
pulsar,858,325,899,339,paragraph
of,95,343,109,357,paragraph
values,116,343,158,357,paragraph
of,164,343,178,357,paragraph
K,185,343,196,357,paragraph
and,203,343,227,357,paragraph
X,234,343,244,357,paragraph
are,252,343,272,357,paragraph
increased.,278,343,346,357,paragraph
For,352,343,375,357,paragraph
the,381,343,402,357,paragraph
input,408,343,443,357,paragraph
pa-,449,343,470,357,paragraph
Her,499,340,524,354,paragraph
"X-1,",527,340,558,354,paragraph
X-ray,561,340,600,354,paragraph
burster,603,340,649,354,paragraph
4U,653,340,673,354,paragraph
"1820-30,",677,340,737,354,paragraph
millisecond,740,340,818,354,paragraph
pulsar,821,340,862,354,paragraph
SAX,866,340,899,354,paragraph
rameters,95,358,153,372,paragraph
m,159,358,171,372,paragraph
=,175,360,188,372,paragraph
"104,",193,356,221,372,paragraph
n,227,358,235,372,paragraph
=,239,360,252,372,paragraph
"0,",257,358,270,372,paragraph
p,276,358,285,372,paragraph
=,289,360,302,372,paragraph
"0.23,",307,358,341,372,paragraph
δ,347,357,355,372,paragraph
=,361,360,374,372,paragraph
"0.2,",379,358,405,372,paragraph
a,410,358,419,372,paragraph
=,423,360,436,372,paragraph
0.71,441,358,470,372,paragraph
J,499,355,505,369,paragraph
"1808.4-3658,",512,355,601,369,paragraph
X-ray,608,355,647,369,paragraph
sources,653,355,703,369,paragraph
4U,710,355,730,369,paragraph
"1728-34,",737,355,797,369,paragraph
PSR,803,355,833,369,paragraph
0943+10,839,355,899,369,paragraph
the,95,373,116,387,paragraph
maximum,123,373,191,387,paragraph
value,198,373,234,387,paragraph
of,241,373,255,387,paragraph
compactness,263,373,348,387,paragraph
parameter,355,373,422,387,paragraph
is,430,373,441,387,paragraph
ob-,448,373,470,387,paragraph
and,499,369,523,384,paragraph
RX,527,369,551,384,paragraph
J185635-3754,555,369,651,384,paragraph
are,655,369,675,384,paragraph
not,679,369,701,384,paragraph
compatible,705,369,780,384,paragraph
with,784,369,813,384,paragraph
the,818,369,838,384,paragraph
standard,842,369,899,384,paragraph
tained,95,387,136,402,paragraph
(2M/R)max,143,387,219,403,paragraph
=,225,390,238,401,paragraph
"0.8307,",243,387,294,402,paragraph
at,301,387,313,402,paragraph
Kmin,320,387,350,403,paragraph
=,356,390,369,401,paragraph
"0.094,",374,387,417,402,paragraph
Xmax,420,387,451,403,paragraph
=,457,390,470,401,paragraph
neutron,499,384,550,398,paragraph
star,555,384,580,398,paragraph
models,585,384,633,398,paragraph
"[173,",638,384,673,398,paragraph
174].,676,384,711,398,paragraph
For,716,384,739,398,paragraph
a,744,384,752,398,paragraph
recent,757,384,798,398,paragraph
review,803,384,848,398,paragraph
on,853,384,870,398,paragraph
this,875,384,899,398,paragraph
0.7.,95,402,121,416,paragraph
The,127,402,153,416,paragraph
charge-radius,158,402,249,416,paragraph
"ratio,",255,402,289,416,paragraph
and,295,402,319,416,paragraph
charge-mass,325,402,408,416,paragraph
ratio,414,402,444,416,paragraph
are,450,402,470,416,paragraph
may,499,399,528,413,paragraph
readers,532,399,580,413,paragraph
are,585,399,605,413,paragraph
referred,609,399,662,413,paragraph
to,666,399,679,413,paragraph
[24].,684,399,716,413,paragraph
f4o.6u8nd×to10b1e4Qg/cRm=−30.t3h8e9m0aaxnidmQu/mMm=as0s.9fo3u6n6d.,95,417,412,446,paragraph
FMormρaxs,412,416,453,447,paragraph
==,457,419,470,446,paragraph
an,499,429,515,443,paragraph
eBstaismedateonofththeearnaanlgyeticofmvoadrieoludsepvheylosipceadl,520,414,801,443,paragraph
"psoarafmar,etteorsgoeft",806,414,899,443,paragraph
"2.8999M(cid:12),",95,446,170,462,paragraph
with,175,447,205,461,paragraph
radius,211,447,252,461,paragraph
R,257,446,267,461,paragraph
=,272,449,285,461,paragraph
10.37,289,447,327,461,paragraph
"km,",333,447,358,461,paragraph
central,364,447,409,461,paragraph
pressure,415,447,470,461,paragraph
some,499,444,534,458,paragraph
potential,541,444,599,458,paragraph
strange,606,444,654,458,paragraph
star,660,444,685,458,paragraph
candidates,691,444,762,458,paragraph
we,768,444,787,458,paragraph
have,794,444,825,458,paragraph
calculated,831,444,899,458,paragraph
P2c.6=5×28140.1350g,95,461,185,490,paragraph
"Mcme−V3,famn−d3t,otcaelncthraalrgeeneQrg=y",187,455,374,490,paragraph
4d.e6n8s×ity10ρ2c0C=.,377,460,470,490,paragraph
"tthrael/vsualrufaecseopfrtehsesurreeleavnadntdepnhsyistyic,ablyquusainntgititehse,",499,458,809,487,paragraph
rseuﬁcnheadsmceanss-,814,458,899,487,paragraph
Details,95,491,143,505,paragraph
are,147,491,167,505,paragraph
reported,172,491,227,505,paragraph
in,232,491,245,505,paragraph
Tables,249,491,292,505,paragraph
2-3.,296,491,323,505,paragraph
and,499,488,523,502,paragraph
predicted,527,488,589,502,paragraph
radius,592,488,633,502,paragraph
of,637,488,651,502,paragraph
12,654,488,671,502,paragraph
pulsars,675,488,722,502,paragraph
recently,725,488,779,502,paragraph
reported,783,488,839,502,paragraph
in,842,488,855,502,paragraph
[175].,859,488,899,502,paragraph
The,499,503,525,517,paragraph
values,529,503,572,517,paragraph
are,576,503,596,517,paragraph
reported,600,503,656,517,paragraph
in,660,503,673,517,paragraph
Table,678,503,714,517,paragraph
4.,719,503,731,517,paragraph
The,95,517,121,531,paragraph
behaviors,127,517,191,531,paragraph
of,197,517,211,531,paragraph
various,216,517,265,531,paragraph
physical,270,517,325,531,paragraph
variables,331,517,391,531,paragraph
in,396,517,409,531,paragraph
the,414,517,435,531,paragraph
inte-,440,517,470,531,paragraph
7,499,516,507,532,section
Concluding,513,516,596,532,section
Remarks,600,516,665,532,section
(cid:112),415,526,432,570,paragraph
rior,70,532,94,546,paragraph
of,98,532,112,546,paragraph
the,116,532,137,546,paragraph
star,141,532,165,546,paragraph
have,169,532,200,546,paragraph
been,204,532,236,546,paragraph
investigated,240,532,320,546,paragraph
and,324,532,348,546,paragraph
found,352,532,391,546,paragraph
regular,395,532,442,546,paragraph
and,446,532,470,546,paragraph
(cid:112),70,541,87,585,paragraph
well,70,547,99,561,paragraph
behaved,105,547,161,561,paragraph
throughout,167,547,240,561,paragraph
the,247,547,267,561,paragraph
ﬂuid,274,547,304,561,paragraph
sphere.,311,547,359,561,paragraph
It,365,547,375,561,paragraph
has,381,547,404,561,paragraph
been,410,547,442,561,paragraph
ob-,448,547,470,561,paragraph
In,524,546,538,560,paragraph
this,545,546,570,560,paragraph
work,577,546,611,560,paragraph
we,619,546,638,560,paragraph
have,645,546,676,560,paragraph
studied,684,546,732,560,paragraph
particular,739,546,804,560,paragraph
simple,811,546,856,560,paragraph
fami-,863,546,899,560,paragraph
served,70,562,114,576,paragraph
that,117,562,142,576,paragraph
the,145,562,166,576,paragraph
radial,169,562,207,576,paragraph
and,210,562,234,576,paragraph
tangential,238,562,304,576,paragraph
speeds,307,562,351,576,paragraph
of,355,562,369,576,paragraph
sound,372,562,412,576,paragraph
"dPr/dρ,",432,561,487,577,paragraph
lies,499,561,522,575,paragraph
of,528,561,542,575,paragraph
relativistic,547,561,617,575,paragraph
charged,623,561,675,575,paragraph
stellar,681,561,721,575,paragraph
models,727,561,775,575,paragraph
obtained,781,561,838,575,paragraph
by,844,561,860,575,paragraph
solv-,866,561,899,575,paragraph
dPt/dρ,87,576,136,592,paragraph
always,144,576,190,591,paragraph
remain,197,576,243,591,paragraph
less,250,576,275,591,paragraph
than,281,576,310,591,paragraph
the,317,576,337,591,paragraph
speed,344,576,382,591,paragraph
of,388,576,402,591,paragraph
light,409,576,440,591,paragraph
and,446,576,470,591,paragraph
the,70,591,91,606,paragraph
condition,97,591,160,606,paragraph
of,166,591,180,606,paragraph
causality,186,591,246,606,paragraph
is,252,591,263,606,paragraph
satisﬁed.,269,591,328,606,paragraph
The,334,591,360,606,paragraph
mass-radius,366,591,446,606,paragraph
re-,452,591,470,606,paragraph
M,644,601,644,628,paragraph
a,656,601,656,628,paragraph
s,664,601,664,628,paragraph
s,671,601,671,628,paragraph
-,678,601,678,628,paragraph
R,682,601,682,628,paragraph
a,692,601,692,628,paragraph
d,700,601,700,628,paragraph
i,708,601,708,628,paragraph
u,711,601,711,628,paragraph
s,719,601,719,628,paragraph
R,730,601,730,628,paragraph
e,740,601,740,628,paragraph
l,748,601,748,628,paragraph
a,751,601,751,628,paragraph
t,758,601,758,628,paragraph
i,762,601,762,628,paragraph
o,765,601,765,628,paragraph
n,773,601,773,628,paragraph
lation,70,606,108,620,paragraph
for,113,606,133,620,paragraph
a,138,606,145,620,paragraph
sequence,150,606,211,620,paragraph
of,216,606,230,620,paragraph
charged,235,606,288,620,paragraph
ﬂuid,293,606,324,620,paragraph
spheres,329,606,379,620,paragraph
generated,384,606,449,620,paragraph
by,454,606,470,620,paragraph
3,552,612,552,629,paragraph
.5,557,612,559,629,paragraph
the,70,621,91,635,paragraph
Case,95,621,129,635,paragraph
I,133,621,139,635,paragraph
with,144,621,174,635,paragraph
the,178,621,199,635,paragraph
input,203,621,238,635,paragraph
m,242,621,254,635,paragraph
=,258,623,271,635,paragraph
"104,",275,620,303,635,paragraph
n,307,621,316,635,paragraph
=,319,623,333,635,paragraph
"0,",336,621,349,635,paragraph
p,355,621,363,635,paragraph
=,367,623,380,635,paragraph
"0.2,",384,621,409,635,paragraph
δ,414,620,422,635,paragraph
=,428,623,441,635,paragraph
"0.2,",445,621,470,635,paragraph
C,818,625,818,651,paragraph
a,827,625,827,651,paragraph
s,835,625,835,651,paragraph
e,842,625,842,651,paragraph
I,853,625,853,651,paragraph
≤,287,629,300,650,paragraph
a,70,636,79,650,paragraph
=,83,638,96,650,paragraph
"0.71,",100,636,134,650,paragraph
Kmin,140,636,170,651,paragraph
=,175,638,188,650,paragraph
"0.094,−0",192,636,249,664,paragraph
<,253,638,266,650,paragraph
X,270,636,281,650,paragraph
0.7,304,636,325,650,paragraph
and,331,636,355,650,paragraph
Case,360,636,394,650,paragraph
II,399,636,410,650,paragraph
with,417,636,446,650,paragraph
in-,452,636,470,650,paragraph
3,552,639,552,655,paragraph
.0,557,639,559,655,paragraph
C,818,636,818,662,paragraph
a,827,636,827,662,paragraph
s,835,636,835,662,paragraph
e,842,636,842,662,paragraph
I,853,636,853,662,paragraph
I,857,636,857,662,paragraph
put,70,650,92,665,paragraph
m,98,650,110,664,paragraph
=,114,653,127,664,paragraph
"2,",132,650,145,665,paragraph
n,150,650,159,664,paragraph
=,164,653,177,664,paragraph
"0,",181,650,194,665,paragraph
p,201,650,209,664,paragraph
=,214,653,227,664,paragraph
"1,",245,650,257,665,paragraph
δ,263,650,271,665,paragraph
=,278,653,291,664,paragraph
"0.2,",296,650,321,665,paragraph
a,327,650,336,664,paragraph
=,340,653,353,664,paragraph
"0.64,",358,650,392,665,paragraph
K,398,650,409,664,paragraph
=,415,653,428,664,paragraph
1.866,432,650,470,665,paragraph
≤,113,659,126,679,paragraph
×,373,659,386,679,paragraph
−,454,659,463,674,paragraph
0,70,665,79,680,paragraph
<,82,667,95,679,paragraph
X,98,665,108,679,paragraph
0.708,129,665,167,680,paragraph
with,171,665,200,680,paragraph
surface,204,665,252,680,paragraph
density,256,665,304,680,paragraph
ρs,308,664,322,680,paragraph
=,326,667,339,679,paragraph
4.69,342,665,371,680,paragraph
1014,388,664,417,680,paragraph
g,421,665,430,680,paragraph
cm,433,665,454,680,paragraph
3,463,664,470,675,paragraph
2,552,665,552,681,paragraph
.5,557,665,559,681,paragraph
have,70,680,101,694,paragraph
been,105,680,137,694,paragraph
demonstrated,141,680,231,694,paragraph
in,235,680,248,694,paragraph
Fig.,252,680,278,694,paragraph
1.,282,680,295,694,paragraph
The,299,680,325,694,paragraph
behavior,329,680,387,694,paragraph
of,391,680,405,694,paragraph
Fig.,409,680,436,694,paragraph
1,439,680,448,694,paragraph
re-,452,680,470,694,paragraph
produces,70,695,131,709,paragraph
that,134,695,159,709,paragraph
of,163,695,177,709,paragraph
other,181,695,215,709,paragraph
quark,219,695,257,709,paragraph
star,260,695,285,709,paragraph
models,288,695,337,709,paragraph
[38].,340,695,372,709,paragraph
The,376,695,402,709,paragraph
behaviors,406,695,470,709,paragraph
)sun2,517,685,552,707,paragraph
.0,557,691,559,707,paragraph
(M,517,700,549,702,paragraph
of,70,710,84,724,paragraph
pressure,91,710,147,724,paragraph
anisotropy,154,710,225,724,paragraph
the,231,710,252,724,paragraph
these,259,710,293,724,paragraph
cases,300,710,336,724,paragraph
have,343,710,374,724,paragraph
been,381,710,412,724,paragraph
demon-,419,710,470,724,paragraph
s,517,718,549,718,paragraph
M,518,712,549,712,paragraph
1,552,717,552,733,paragraph
.5,557,717,559,733,paragraph
strated,70,724,115,739,paragraph
in,122,724,135,739,paragraph
ﬁg,141,724,159,739,paragraph
2.,166,724,178,739,paragraph
In,185,724,199,739,paragraph
Fig.,205,724,232,739,paragraph
3,238,724,247,739,paragraph
the,253,724,274,739,paragraph
mass,281,724,314,739,paragraph
versus,321,724,363,739,paragraph
central,370,724,415,739,paragraph
density,422,724,470,739,paragraph
as,517,722,549,727,paragraph
for,70,739,90,754,paragraph
the,97,739,117,754,paragraph
same,124,739,159,754,paragraph
sequences,166,739,234,754,paragraph
of,241,739,255,754,paragraph
conﬁgurations,262,739,358,754,paragraph
are,365,739,385,754,paragraph
plotted,393,739,439,754,paragraph
and,446,739,470,754,paragraph
M,517,734,549,734,paragraph
1,552,743,552,760,paragraph
.0,557,743,559,760,paragraph
this,70,754,94,768,paragraph
shows,101,754,142,768,paragraph
the,149,754,169,768,paragraph
necessary,176,754,241,768,paragraph
condition,247,754,311,768,paragraph
of,317,754,331,768,paragraph
stability,337,754,391,768,paragraph
is,398,754,409,768,paragraph
satisﬁed,416,754,470,768,paragraph
(dPr/dρc,70,768,132,784,paragraph
>,137,771,150,783,paragraph
0).,154,769,173,783,paragraph
0,552,770,552,786,paragraph
.5,557,770,559,786,paragraph
8,565,777,565,794,paragraph
.0,569,777,572,794,paragraph
8,599,777,599,794,paragraph
.5,603,777,606,794,paragraph
9,633,777,633,794,paragraph
.0,638,777,640,794,paragraph
9,667,777,667,794,paragraph
.5,672,777,674,794,paragraph
1,699,777,699,794,paragraph
0,704,777,704,794,paragraph
.0,708,777,710,794,paragraph
1,733,777,733,794,paragraph
0,738,777,738,794,paragraph
.5,742,777,745,794,paragraph
1,767,777,767,794,paragraph
1,772,777,772,794,paragraph
.0,776,777,779,794,paragraph
1,801,777,801,794,paragraph
1,806,777,806,794,paragraph
.5,810,777,813,794,paragraph
1,835,777,835,794,paragraph
2,840,777,840,794,paragraph
.0,844,777,847,794,paragraph
The,95,784,121,798,paragraph
pressure-density,125,784,235,798,paragraph
proﬁles,238,784,288,798,paragraph
together,292,784,347,798,paragraph
with,350,784,380,798,paragraph
various,384,784,432,798,paragraph
other,436,784,470,798,paragraph
R,665,782,665,805,paragraph
a,673,782,673,805,paragraph
d,680,782,680,805,paragraph
i,686,782,686,805,paragraph
u,688,782,688,805,paragraph
s,695,782,695,805,paragraph
R,704,783,704,805,paragraph
(,716,782,716,805,paragraph
k,720,782,720,805,paragraph
m,725,782,725,805,paragraph
),735,782,735,805,paragraph
physical,70,799,126,813,paragraph
variables,130,799,190,813,paragraph
given,194,799,230,813,paragraph
by,234,799,251,813,paragraph
our,255,799,277,813,paragraph
analytical,281,799,346,813,paragraph
"model,",350,799,396,813,paragraph
are,400,799,420,813,paragraph
plotted,424,799,470,813,paragraph
6The,70,824,99,838,footer
surface,104,825,145,838,footer
density,150,825,191,838,footer
of,196,825,208,838,footer
bare,213,825,237,838,footer
strange,242,825,283,838,footer
stars,288,825,314,838,footer
is,319,825,329,838,footer
equal,334,825,365,838,footer
to,370,825,381,838,footer
that,386,825,407,838,footer
of,412,825,424,838,footer
strange,429,825,470,838,footer
Fig.,499,822,522,835,paragraph
1,527,822,534,835,paragraph
Mass-radius,545,823,615,835,caption
relation,620,823,663,835,caption
for,668,823,684,835,caption
a,689,823,695,835,caption
sequence,700,823,752,835,caption
of,756,823,768,835,caption
charged,773,823,818,835,caption
ﬂuid,822,823,848,835,caption
spheres.,853,823,899,835,caption
quark,70,837,103,849,footer
matter,108,837,144,849,footer
(SQM),149,837,189,849,footer
at,194,837,204,849,footer
zero,209,837,233,849,footer
pressure.,238,837,289,849,footer
By,294,837,311,849,footer
using,316,837,346,849,footer
the,351,837,369,849,footer
formula,374,837,419,849,footer
given,423,837,454,849,footer
in,459,837,470,849,footer
The,499,835,521,847,caption
solid,531,835,558,847,caption
(blue),568,835,602,847,caption
line,612,835,633,847,caption
corresponds,642,835,711,847,caption
to,721,835,732,847,caption
the,741,835,759,847,caption
Case,768,835,797,847,caption
I,806,835,811,847,caption
with,821,835,847,847,caption
the,856,835,874,847,caption
in-,883,835,899,847,caption
≤,888,841,899,859,caption
[f1m7−23],70,849,101,873,paragraph
"tihsecaSlQcuMlatdeednstoitybewρitsh=ms4c.26=×1150014MgecVm,",104,848,336,874,footer
"α−c3.=It0i.s17th,eBre=fo6re0sMomeVe",335,848,470,873,footer
p0u.7t.,499,847,521,871,caption
"(Am−n,dn,tph,eδ,daa,sKhmedin-)do=ted(1(0re4d,0),≤0li.n2e3,c0o.2rr,e0s.p7o1n,d0s.09to4),the0",527,846,848,883,caption
C<asXe,854,847,882,871,caption
II,890,859,899,871,caption
fourteen,70,873,118,885,footer
orders,121,873,157,885,footer
of,160,873,172,885,footer
magnitude,176,873,236,885,footer
larger,240,873,273,885,footer
than,276,873,301,885,footer
the,304,873,322,885,footer
surface,325,873,366,885,footer
density,370,873,411,885,footer
of,415,873,426,885,footer
normal,430,873,470,885,footer
"(2,",499,871,516,883,caption
"0,×",519,871,537,894,caption
"1,",544,871,555,883,caption
"0.2,",558,871,580,883,caption
"0.6−4,",584,871,613,890,caption
"1.866),",616,871,657,883,caption
0,662,871,669,883,caption
<,672,872,683,883,caption
X,687,870,696,882,caption
0.708,715,871,747,883,caption
with,752,871,777,883,caption
surface,781,871,822,883,caption
density,826,871,868,883,caption
ρs,872,870,884,883,caption
=,888,872,899,883,caption
neutron,70,885,114,897,footer
stars.,117,885,147,897,footer
4.69,499,882,524,895,caption
1014,539,881,564,895,caption
g,568,882,576,895,caption
cm,579,882,597,895,caption
3.,605,881,614,895,caption
##LTFigure##,499,599,899,818,figure
##LTLine##,70,95,899,95,paragraph
##LTLine##,432,563,483,563,paragraph
##LTLine##,87,578,137,578,paragraph
##LTLine##,70,823,151,823,paragraph
##LTLine##,756,692,756,692,paragraph
##LTLine##,571,781,571,784,paragraph
##LTLine##,588,781,588,783,paragraph
##LTLine##,605,781,605,784,paragraph
##LTLine##,622,781,622,783,paragraph
##LTLine##,639,781,639,784,paragraph
##LTLine##,656,781,656,783,paragraph
##LTLine##,673,781,673,784,paragraph
##LTLine##,690,781,690,783,paragraph
##LTLine##,707,781,707,784,paragraph
##LTLine##,724,781,724,783,paragraph
##LTLine##,741,781,741,784,paragraph
##LTLine##,758,781,758,783,paragraph
##LTLine##,775,781,775,784,paragraph
##LTLine##,792,781,792,783,paragraph
##LTLine##,809,781,809,784,paragraph
##LTLine##,826,781,826,783,paragraph
##LTLine##,843,781,843,784,paragraph
##LTLine##,571,781,843,781,paragraph
##LTLine##,567,781,571,781,paragraph
##LTLine##,569,768,571,768,paragraph
##LTLine##,567,755,571,755,paragraph
##LTLine##,569,742,571,742,paragraph
##LTLine##,567,729,571,729,paragraph
##LTLine##,569,716,571,716,paragraph
##LTLine##,567,703,571,703,paragraph
##LTLine##,569,690,571,690,paragraph
##LTLine##,567,677,571,677,paragraph
##LTLine##,569,664,571,664,paragraph
##LTLine##,567,650,571,650,paragraph
##LTLine##,569,637,571,637,paragraph
##LTLine##,567,624,571,624,paragraph
##LTLine##,571,624,571,781,paragraph
##LTLine##,784,643,814,643,paragraph
##LTLine##,784,655,789,655,paragraph
##LTLine##,792,655,793,655,paragraph
##LTLine##,796,655,801,655,paragraph
##LTLine##,804,655,804,655,paragraph
##LTLine##,808,655,812,655,paragraph
