token,x0,y0,x1,y1,label
[8],89,92,106,105,reference
Dassault,114,92,164,105,reference
Systemes.,178,92,237,105,reference
Abaqus,274,92,319,105,reference
Uniﬁed,332,92,376,105,reference
"FEA,",390,92,421,105,reference
2017.,434,92,467,105,reference
[26],504,92,529,105,reference
D.,537,92,551,105,reference
J.,555,92,565,105,reference
Reiley.,569,92,610,105,reference
Folded,617,92,657,105,reference
zoom,662,92,694,105,reference
lenses:,699,92,739,105,reference
a,744,92,751,105,reference
review,755,92,794,105,reference
of,799,92,811,105,reference
patent,815,92,851,105,reference
litera-,855,92,890,105,reference
https://www.3ds.com/products-services/simulia/.,114,106,400,119,reference
ture.,537,106,563,119,reference
Proc.,568,105,600,119,reference
"SPIE,",604,105,637,119,reference
"9293:92931O–92931O–7,",641,106,794,119,reference
2014.,798,106,831,119,reference
[9],89,121,106,135,reference
J.,114,121,123,135,reference
Donohue.,127,121,184,135,reference
Introductory,188,121,262,135,reference
review,265,121,304,135,reference
of,307,121,320,135,reference
target,323,121,356,135,reference
discrimination,359,121,444,135,reference
cri-,447,121,467,135,reference
[27],504,121,529,134,reference
D.,537,121,551,134,reference
C.,555,121,568,134,reference
"Sims,",572,121,605,134,reference
Y.,609,121,621,134,reference
"Yue,",625,121,652,134,reference
and,656,121,677,134,reference
S.,681,121,692,134,reference
K.,696,121,711,134,reference
Nayar.,714,121,753,134,reference
Towards,759,121,809,134,reference
ﬂexible,812,121,856,134,reference
sheet,860,121,890,134,reference
teria.,114,135,144,149,reference
Technical,155,135,212,149,reference
"report,",218,135,256,149,reference
Technical,263,135,319,149,reference
Report,325,135,365,149,reference
"PT-TR-92-2129,",371,135,467,149,reference
cameras:,537,135,589,148,reference
Deformable,593,135,663,148,reference
lens,667,135,690,148,reference
arrays,694,135,730,148,reference
with,733,135,759,148,reference
intrinsic,763,135,811,148,reference
optical,814,135,854,148,reference
adap-,858,135,890,148,reference
US,114,149,133,163,reference
Airforce,138,149,187,163,reference
Systems,193,149,241,163,reference
"Command,",247,149,311,163,reference
Phillips,317,149,362,163,reference
"Laboratory,",367,149,435,163,reference
Dec.,440,149,467,163,reference
tation.,537,148,574,162,reference
In,579,148,591,162,reference
2016,594,148,624,162,reference
IEEE,627,148,659,162,reference
International,662,148,740,162,reference
Conference,743,148,810,162,reference
on,813,148,828,162,reference
Computa-,832,148,890,162,reference
1991.,114,163,147,177,reference
tional,537,162,571,176,reference
Photography,575,162,651,176,reference
"(ICCP),",654,162,701,176,reference
pages,705,162,738,176,reference
"1–11,",742,162,775,176,reference
May,778,162,805,176,reference
2016.,809,162,842,176,reference
[10],81,179,106,192,reference
D.,114,179,128,192,reference
Graham-Rowe.,131,179,221,192,reference
Liquid,225,179,264,192,reference
lenses,267,179,303,192,reference
make,306,179,338,192,reference
a,341,179,348,192,reference
splash.,351,179,391,192,reference
Nature,396,179,436,192,reference
Pho-,439,179,467,192,reference
[28],504,177,529,191,reference
V.,537,177,549,191,reference
"Talla,",553,177,586,191,reference
M.,591,177,607,191,reference
"Hessar,",612,177,654,191,reference
B.,659,177,672,191,reference
"Kellogg,",677,177,727,191,reference
A.,732,177,746,191,reference
"Najaﬁ,",750,177,790,191,reference
J.,794,177,804,191,reference
R.,808,177,822,191,reference
"Smith,",826,177,865,191,reference
and,869,177,890,191,reference
"tonics,",114,192,153,206,reference
"Sample:2–4,",156,193,230,206,reference
2006.,234,193,267,206,reference
S.,537,191,549,205,reference
Gollakota.,552,191,614,205,reference
Lora,619,191,647,205,reference
backscatter:,651,191,721,205,reference
Enabling,725,191,778,205,reference
the,782,191,800,205,reference
vision,804,191,840,205,reference
of,843,191,856,205,reference
ubiq-,859,191,890,205,reference
[11],81,208,106,222,reference
J.,114,208,123,222,reference
"Kim,",130,208,160,222,reference
Y.,167,208,180,222,reference
"Jeong,",186,208,224,222,reference
H.,231,208,246,222,reference
"Kim,",252,208,282,222,reference
C.-K.,290,208,322,222,reference
"Lee,",329,208,354,222,reference
B.,362,208,375,222,reference
"Lee,",382,208,408,222,reference
J.,415,208,424,222,reference
"Hong,",431,208,467,222,reference
uitous,537,205,573,219,reference
connectivity.,576,205,651,219,reference
"CoRR,",656,205,695,219,reference
"abs/1705.05953,",699,205,795,219,reference
2017.,799,205,832,219,reference
Y.,114,222,126,236,reference
"Kim,",130,222,159,236,reference
Y.,163,222,175,236,reference
"Hong,",178,222,214,236,reference
S.-D.,218,222,249,236,reference
"Lee,",252,222,277,236,reference
and,281,222,302,236,reference
B.,305,222,319,236,reference
Lee.,322,222,347,236,reference
F-number,352,222,410,236,reference
matching,413,222,467,236,reference
[29],504,220,529,234,reference
J.,537,220,546,234,reference
"Tanida,",551,220,594,234,reference
T.,599,220,610,234,reference
"Kumagai,",615,220,672,234,reference
K.,677,220,691,234,reference
"Yamada,",696,220,747,234,reference
S.,752,220,763,234,reference
"Miyatake,",768,220,827,234,reference
K.,832,220,846,234,reference
"Ishida,",851,220,890,234,reference
method,114,236,158,250,reference
in,162,236,173,250,reference
light,177,236,204,250,reference
ﬁeld,208,236,234,250,reference
microscopy,238,236,307,250,reference
using,311,236,342,250,reference
an,346,236,360,250,reference
elastic,364,236,402,250,reference
micro,406,236,440,250,reference
lens,444,236,467,250,reference
T.,537,234,548,248,reference
"Morimoto,",552,234,615,248,reference
N.,618,234,632,248,reference
"Kondou,",636,234,686,248,reference
D.,690,234,704,248,reference
"Miyazaki,",707,234,766,248,reference
and,770,234,791,248,reference
Y.,794,234,807,248,reference
Ichioka.,810,234,858,248,reference
Thin,863,234,890,248,reference
array.,114,250,147,264,reference
Opt.,152,250,178,263,reference
"Lett.,",181,250,211,264,reference
"41(12):2751–2754,",215,250,328,264,reference
Jun,331,250,352,264,reference
2016.,355,250,388,264,reference
observation,537,248,605,261,reference
module,612,248,656,261,reference
by,663,248,678,261,reference
bound,685,248,722,261,reference
optics,729,248,764,261,reference
(TOMBO):,771,248,837,261,reference
concept,845,248,890,261,reference
and,537,262,558,275,reference
experimental,563,262,639,275,reference
veriﬁcation.,644,262,714,275,reference
Optical,724,261,768,275,reference
Society,773,261,815,275,reference
of,820,261,832,275,reference
"America,",837,261,890,275,reference
[12],81,266,106,279,reference
Y.,114,266,126,279,reference
"Kim,",130,266,159,279,reference
Y.-T.,163,266,191,279,reference
"Kim,",195,266,224,279,reference
J.-H.,228,266,256,279,reference
"Jung,",259,266,291,279,reference
S.-D.,294,266,325,279,reference
"Lee,",328,266,354,279,reference
and,357,266,378,279,reference
B.,382,266,395,279,reference
Lee.,398,266,424,279,reference
Three-,428,266,467,279,reference
"40(11):1806–1813,",537,275,649,289,reference
2001.,653,275,686,289,reference
dimensional,114,279,186,293,reference
Integral,190,279,235,293,reference
Imaging,240,279,288,293,reference
Using,293,279,328,293,reference
an,332,279,346,293,reference
Elastic,350,279,390,293,reference
PDMS,395,279,435,293,reference
Lens,439,279,467,293,reference
Array.,114,293,151,307,reference
IMID/IDMC/ASIA,156,293,264,307,reference
DISPLAY,268,293,324,307,reference
2008,328,293,357,307,reference
"DIGEST,",361,293,415,307,reference
2008.,419,293,452,307,reference
[30],504,291,529,304,reference
K.,537,291,551,304,reference
"Venkataraman,",558,291,645,304,reference
D.,652,291,667,304,reference
"Lelescu,",673,291,722,304,reference
J.,730,291,739,304,reference
"Duparre´,",746,290,797,304,reference
A.,805,291,819,304,reference
"McMahon,",826,291,890,304,reference
G.,537,304,551,318,reference
"Molina,",554,304,600,318,reference
P.,603,304,613,318,reference
"Chatterjee,",617,304,680,318,reference
R.,684,304,697,318,reference
"Mullis,",700,304,742,318,reference
and,745,304,767,318,reference
S.,770,304,781,318,reference
Nayar.,785,304,823,318,reference
Picam:,827,304,868,318,reference
An,872,304,890,318,reference
[13],81,309,106,323,reference
J.,114,309,123,323,reference
H.,126,309,141,323,reference
"Ko,",144,309,165,323,reference
M.,168,309,185,323,reference
F.,188,309,198,323,reference
"Amir,",201,309,235,323,reference
K.,239,309,253,323,reference
Z.,256,309,268,323,reference
"Ahmed,",271,309,318,323,reference
T.,321,309,333,323,reference
"Na,",336,309,357,323,reference
and,360,309,381,323,reference
S.,384,309,396,323,reference
Mukhopad-,399,309,467,323,reference
ultra-thin,537,318,591,332,reference
high,596,318,622,332,reference
performance,626,318,700,332,reference
monolithic,705,318,768,332,reference
camera,773,318,815,332,reference
array.,819,318,852,332,reference
ACM,860,318,890,332,reference
hyay.,114,323,145,337,reference
A,151,323,161,337,reference
single-chip,165,323,230,337,reference
image,234,323,270,337,reference
sensor,274,323,311,337,reference
node,315,323,343,337,reference
with,347,323,373,337,reference
energy,377,323,417,337,reference
harvest-,420,323,467,337,reference
Trans.,537,332,574,345,reference
"Graph.,",577,332,623,346,reference
"32(6):166:1–166:13,",626,332,747,346,reference
Nov.,751,332,778,346,reference
2013.,782,332,815,346,reference
ing,114,337,133,350,reference
from,137,337,165,350,reference
a,169,337,176,350,reference
cmos,180,337,211,350,reference
pixel,215,337,244,350,reference
array.,248,337,280,350,reference
IEEE,287,337,319,350,reference
Transactions,323,337,398,350,reference
on,402,337,417,350,reference
Circuits,421,337,467,350,reference
and,114,350,136,364,reference
Systems,139,350,185,364,reference
I:,188,350,198,364,reference
Regular,201,350,247,364,reference
"Papers,",250,350,294,364,reference
"64(9):2295–2307,",297,351,402,364,reference
Sept,406,351,432,364,reference
2017.,434,351,467,364,reference
[31],504,347,529,361,reference
R.,537,347,550,361,reference
"Vo¨lkel,",554,347,598,361,reference
M.,602,347,619,361,reference
"Eisner,",623,347,663,361,reference
and,667,347,689,361,reference
K.,693,347,707,361,reference
Weible.,711,347,756,361,reference
Miniaturized,762,347,838,361,reference
imaging,842,347,890,361,reference
systems.,537,361,587,375,reference
Microelectronic,591,361,685,374,reference
"Engineering,",688,361,764,375,reference
67,767,361,782,375,reference
–,785,361,793,375,reference
"68(8):461–472,",799,361,890,375,reference
[14],81,366,106,380,reference
B.,114,366,127,380,reference
"Lee,",131,366,156,380,reference
S.,160,366,172,380,reference
"Jung,",175,366,207,380,reference
and,210,366,231,380,reference
J.-H.,235,366,263,380,reference
Park.,267,366,297,380,reference
Viewing-angle-enhanced,302,366,448,380,reference
in-,451,366,467,380,reference
June,537,375,564,388,reference
2003.,567,375,600,388,reference
tegral,114,380,147,394,reference
imaging,151,380,199,394,reference
by,203,380,218,394,reference
lens,222,380,245,394,reference
switching.,249,380,310,394,reference
Opt.,316,380,342,394,reference
"Lett.,",346,380,376,394,reference
vol.,380,380,402,394,reference
27(10):pp.,406,380,467,394,reference
[32],504,390,529,404,reference
A.,537,390,551,404,reference
Yabe.,556,390,589,404,reference
Novel,600,390,635,404,reference
optical,640,390,680,404,reference
system,685,390,726,404,reference
for,731,390,749,404,reference
very,754,390,780,404,reference
thin,785,390,808,404,reference
zoom,813,390,845,404,reference
lenses.,851,390,890,404,reference
"818–820,",114,394,169,408,reference
May,173,394,199,408,reference
2002.,203,394,236,408,reference
Proc.,537,404,568,417,reference
"SPIE,",572,404,606,417,reference
"9580:95800M–95800M–7,",609,404,768,417,reference
2015.,771,404,804,417,reference
[15],81,410,106,424,reference
L.,114,410,127,424,reference
"Li,",133,410,149,424,reference
D.,156,410,170,424,reference
"Wang,",176,410,214,424,reference
C.,220,410,234,424,reference
"Liu,",240,410,264,424,reference
and,270,410,292,424,reference
Q.-H.,298,410,331,424,reference
Wang.,337,410,374,424,reference
Zoom,387,410,422,424,reference
micro-,428,410,467,424,reference
scope,114,424,147,437,reference
objective,153,424,206,437,reference
using,211,424,243,437,reference
electrowetting,248,424,332,437,reference
lenses.,337,424,376,437,reference
Opt.,387,424,413,437,reference
"Express,",418,424,467,437,reference
"24(3):2931–2940,",114,438,219,451,reference
Feb,223,438,245,451,reference
2016.,249,438,282,451,reference
[16],81,453,106,467,reference
Z.,114,453,127,467,reference
Li,131,453,144,467,reference
and,149,453,170,467,reference
J.,175,453,184,467,reference
Xiao.,189,453,221,467,reference
Strain,230,453,265,467,reference
tunable,270,453,313,467,reference
optics,318,453,353,467,reference
of,358,453,370,467,reference
elastomeric,375,453,442,467,reference
mi-,447,453,467,467,reference
crolens,114,467,156,481,reference
array.,159,467,192,481,reference
Extreme,195,467,244,481,reference
Mechanics,246,467,310,481,reference
"Letters,",312,467,357,481,reference
4:118,360,467,393,481,reference
–,396,467,403,481,reference
"123,",406,467,431,481,reference
2015.,434,467,467,481,reference
[17],81,483,106,497,reference
Light.,114,483,149,497,reference
Light,155,483,186,497,reference
"L16,",190,483,217,497,reference
2017.,221,483,254,497,reference
https://light.co/.,259,483,352,497,reference
[18],81,499,106,512,reference
Y.-H.,114,499,145,512,reference
"Lin,",150,499,174,512,reference
M.-S.,179,499,212,512,reference
"Chen,",217,499,251,512,reference
and,256,499,277,512,reference
H.-C.,282,499,315,512,reference
Lin.,319,499,343,512,reference
An,352,499,369,512,reference
electrically,374,499,439,512,reference
tun-,444,499,467,512,reference
able,114,513,138,526,reference
optical,142,513,182,526,reference
zoom,185,513,218,526,reference
system,222,513,262,526,reference
using,266,513,298,526,reference
two,301,513,323,526,reference
composite,327,513,387,526,reference
liquid,391,513,425,526,reference
crystal,428,513,467,526,reference
lenses,114,526,150,540,reference
with,155,526,181,540,reference
a,186,526,192,540,reference
large,197,526,226,540,reference
zoom,232,526,264,540,reference
ratio.,269,526,300,540,reference
Opt.,309,526,335,540,reference
"Express,",340,526,390,540,reference
19(5):4714–,395,526,467,540,reference
"4721,",114,540,147,554,reference
Feb,151,540,173,554,reference
2011.,176,540,209,554,reference
[19],81,556,106,570,reference
A.,114,556,128,570,reference
W.,132,556,148,570,reference
Lohmann.,152,556,212,570,reference
Scaling,219,556,263,570,reference
laws,267,556,293,570,reference
for,297,556,314,570,reference
lens,319,556,342,570,reference
systems.,346,556,396,570,reference
Appl.,403,556,434,569,reference
"Opt.,",438,556,467,570,reference
"28(23):4996–4998,",114,570,227,584,reference
Dec,230,570,254,584,reference
1989.,258,570,291,584,reference
[20],81,586,106,599,reference
J.-S.,114,586,140,599,reference
Lu,145,586,161,599,reference
and,166,586,187,599,reference
G.-D.,192,586,225,599,reference
J.,230,586,240,599,reference
Su.,245,586,264,599,reference
Optical,273,586,316,599,reference
zoom,321,586,353,599,reference
lens,358,586,382,599,reference
module,387,586,431,599,reference
using,436,586,467,599,reference
mems,114,600,149,613,reference
deformable,154,600,220,613,reference
mirrors,225,600,268,613,reference
for,273,600,290,613,reference
portable,295,600,343,613,reference
device.,347,600,389,613,reference
Proc.,397,599,429,613,reference
"SPIE,",434,599,467,613,reference
"8488:84880D–84880D–9,",114,613,267,627,reference
2012.,271,613,304,627,reference
[21],81,629,106,643,reference
S.,114,629,126,643,reference
"Naderiparizi,",130,629,207,643,reference
M.,211,629,228,643,reference
"Hessar,",232,629,275,643,reference
V.,280,629,292,643,reference
"Talla,",296,629,329,643,reference
S.,333,629,345,643,reference
"Gollakota,",349,629,411,643,reference
and,415,629,436,643,reference
J.,440,629,450,643,reference
R.,454,629,467,643,reference
Smith.,114,643,153,657,reference
Ultra-low-power,158,643,255,657,reference
wireless,259,643,307,657,reference
streaming,311,643,368,657,reference
cameras.,372,643,424,657,reference
"CoRR,",429,643,467,657,reference
"abs/1707.08718,",114,657,211,670,reference
2017.,214,657,247,670,reference
[22],81,673,106,686,reference
S.,114,673,126,686,reference
K.,131,673,145,686,reference
"Nayar,",151,673,190,686,reference
D.,196,673,210,686,reference
C.,215,673,229,686,reference
"Sims,",234,673,267,686,reference
and,273,673,294,686,reference
M.,300,673,316,686,reference
Fridberg.,322,673,375,686,reference
Towards,386,673,436,686,reference
self-,441,673,467,686,reference
powered,114,686,164,700,reference
cameras.,169,686,221,700,reference
In,230,686,242,700,reference
2015,247,686,276,700,reference
IEEE,281,686,313,700,reference
International,318,686,395,700,reference
Conference,400,686,467,700,reference
on,114,700,129,714,reference
Computational,134,700,222,714,reference
Photography,227,700,303,714,reference
"(ICCP),",308,700,355,714,reference
pages,360,700,393,714,reference
"1–10,",398,700,431,714,reference
April,436,700,467,714,reference
2015.,114,714,147,728,reference
[23],81,730,106,744,reference
A.,114,730,128,744,reference
"Obero¨rster,",132,730,198,744,reference
A.,202,730,216,744,reference
"Bru¨ckner,",221,730,278,744,reference
F.,282,730,293,744,reference
"Wippermann,",297,730,377,744,reference
A.,381,730,395,744,reference
"Bra¨uer,",399,730,442,744,reference
and,446,730,467,744,reference
H.,114,744,128,757,reference
P.,133,744,143,757,reference
A.,148,744,162,757,reference
Lensch.,167,744,213,757,reference
Digital,221,744,262,757,reference
focusing,266,744,317,757,reference
and,322,744,343,757,reference
refocusing,347,744,409,757,reference
with,414,744,440,757,reference
thin,445,744,467,757,reference
multi-aperture,114,758,198,771,reference
cameras.,201,758,253,771,reference
Proc.,259,757,290,771,reference
"SPIE,",294,757,328,771,reference
8299:829907–829907–,331,758,467,771,reference
"11,",114,771,132,785,reference
2012.,136,771,169,785,reference
[24],81,787,106,801,reference
R.,114,787,127,801,reference
"Peng,",134,787,167,801,reference
J.,174,787,183,801,reference
"Chen,",190,787,224,801,reference
C.,231,787,245,801,reference
"Zhu,",251,787,279,801,reference
and,286,787,307,801,reference
S.,313,787,325,801,reference
Zhuang.,332,787,380,801,reference
Design,394,787,436,801,reference
of,442,787,454,801,reference
a,461,787,467,801,reference
zoom,114,801,146,815,reference
lens,150,801,173,815,reference
without,176,801,221,815,reference
motorized,224,801,283,815,reference
optical,287,801,326,815,reference
elements.,329,801,385,815,reference
Opt.,389,801,415,814,reference
"Express,",418,801,467,815,reference
"15(11):6664–6669,",114,815,227,829,reference
May,230,815,257,829,reference
2007.,261,815,294,829,reference
[25],81,831,106,844,reference
A.,114,831,128,844,reference
"Portnoy,",135,831,184,844,reference
N.,191,831,205,844,reference
"Pitsianis,",212,831,265,844,reference
X.,273,831,287,844,reference
"Sun,",294,831,320,844,reference
D.,327,831,342,844,reference
"Brady,",348,831,387,844,reference
R.,394,831,407,844,reference
"Gibbons,",414,831,467,844,reference
A.,114,845,128,858,reference
"Silver,",133,845,171,858,reference
R.,176,845,189,858,reference
T.,194,845,206,858,reference
"Kolste,",210,845,252,858,reference
C.,257,845,270,858,reference
"Chen,",275,845,310,858,reference
T.,315,845,326,858,reference
"Dillon,",331,845,372,858,reference
and,377,845,398,858,reference
D.,403,845,417,858,reference
Prather.,422,845,467,858,reference
Design,114,858,155,872,reference
and,162,858,184,872,reference
characterization,191,858,284,872,reference
of,291,858,303,872,reference
thin,310,858,333,872,reference
multiple,340,858,389,872,reference
aperture,396,858,444,872,reference
in-,451,858,467,872,reference
frared,114,872,149,886,reference
cameras.,156,872,207,886,reference
Applied,223,872,268,886,reference
"Optics,",275,872,317,886,reference
"48(11):2115–2126,",324,872,437,886,reference
Apr,445,872,467,886,reference
2009.,114,886,147,900,reference
12,478,923,494,938,paragraph
