token,x0,y0,x1,y1,label
Quantum,291,215,399,237,title
Mechanics:,407,215,530,237,title
Harbinger,542,215,654,237,title
of,663,215,683,237,title
a,692,215,705,237,title
Non-Commutative,276,243,484,264,title
Probability,493,243,619,264,title
Theory?,627,243,720,264,title
∗,541,277,547,295,author
B.,450,286,469,301,author
J.,475,286,491,301,author
Hiley.,497,286,546,301,author
"TPRU,",306,317,357,330,date
"Birkbeck,",363,317,430,330,date
University,436,317,509,330,date
of,514,317,527,330,date
"London,",533,317,591,330,date
Malet,596,317,637,330,date
"Street,",643,317,690,330,date
London,421,334,475,347,date
WC1E,480,334,527,347,date
7HX.,533,334,570,347,date
Abstract,462,397,534,410,paragraph
In,274,419,289,431,abstract
this,296,419,323,431,abstract
paper,330,419,370,431,abstract
we,377,419,396,431,abstract
discuss,403,419,452,431,abstract
the,459,419,482,431,abstract
relevance,489,419,554,431,abstract
of,561,419,574,431,abstract
the,581,419,604,431,abstract
algebraic,611,419,675,431,abstract
approach,682,419,747,431,abstract
to,250,434,264,446,abstract
quantum,271,434,334,446,abstract
phenomena,342,434,422,446,abstract
ﬁrst,429,434,457,446,abstract
introduced,464,434,540,446,abstract
by,548,434,565,446,abstract
von,572,434,597,446,abstract
Neumann,604,434,673,446,abstract
before,680,434,723,446,abstract
he,730,434,747,446,abstract
confessed,250,449,315,462,abstract
to,321,449,336,462,abstract
Birkoﬀ,341,449,390,462,abstract
that,395,449,425,462,abstract
he,431,449,447,462,abstract
no,453,449,470,462,abstract
longer,476,449,519,462,abstract
believed,525,449,582,462,abstract
in,588,449,602,462,abstract
Hilbert,608,449,658,462,abstract
space.,664,449,707,462,abstract
This,715,449,747,462,abstract
approach,250,464,314,477,abstract
is,321,464,332,477,abstract
more,338,464,373,477,abstract
general,379,464,430,477,abstract
and,436,464,462,477,abstract
allows,469,464,512,477,abstract
us,518,464,533,477,abstract
to,540,464,554,477,abstract
see,560,464,581,477,abstract
the,587,464,610,477,abstract
structure,616,464,681,477,abstract
of,687,464,700,477,abstract
quan-,706,464,747,477,abstract
tum,250,479,279,492,abstract
processes,284,479,349,492,abstract
in,354,479,367,492,abstract
terms,373,479,412,492,abstract
of,418,479,431,492,abstract
non-commutative,436,479,559,492,abstract
probability,565,479,642,492,abstract
"theory,",647,479,696,492,abstract
a,702,479,710,492,abstract
non-,715,479,747,492,abstract
Boolean,250,494,307,507,abstract
structure,312,494,377,507,abstract
of,382,494,396,507,abstract
the,401,494,424,507,abstract
implicate,429,494,495,507,abstract
order,500,494,537,507,abstract
which,543,494,584,507,abstract
contains,590,494,648,507,abstract
Boolean,654,494,711,507,abstract
sub-,717,494,747,507,abstract
structures,250,509,320,522,abstract
which,325,509,366,522,abstract
accommodates,370,509,473,522,abstract
the,478,509,500,522,abstract
explicate,504,509,567,522,abstract
classical,571,509,628,522,abstract
world.,632,509,676,522,abstract
We,683,509,706,522,abstract
move,710,509,747,522,abstract
away,250,524,285,537,abstract
from,291,524,324,537,abstract
mechanical,331,524,409,537,abstract
‘waves’,415,524,465,537,abstract
and,472,524,498,537,abstract
‘particles’,504,524,573,537,abstract
and,580,524,606,537,abstract
take,612,524,642,537,abstract
as,649,524,663,537,abstract
basic,669,524,705,537,abstract
what,711,524,747,537,abstract
Bohm,250,540,292,552,abstract
called,298,540,338,552,abstract
a,344,540,352,552,abstract
structure,358,540,420,552,abstract
process.,426,540,480,552,abstract
This,488,540,520,552,abstract
enables,525,540,577,552,abstract
us,583,540,598,552,abstract
to,604,540,618,552,abstract
learn,624,540,659,552,abstract
new,665,540,693,552,abstract
lessons,698,540,747,552,abstract
that,250,555,279,567,abstract
can,285,555,309,567,abstract
have,314,555,346,567,abstract
a,352,555,360,567,abstract
wider,365,555,404,567,abstract
application,409,555,488,567,abstract
in,493,555,506,567,abstract
the,512,555,534,567,abstract
way,539,555,567,567,abstract
we,572,555,591,567,abstract
think,596,555,633,567,abstract
of,639,555,652,567,abstract
structures,657,555,728,567,abstract
in,733,555,747,567,abstract
language,250,570,312,582,abstract
and,317,570,344,582,abstract
thought,349,570,405,582,abstract
itself.,410,570,449,582,abstract
1,205,619,218,637,section
Introduction,245,619,390,637,section
As,233,653,253,667,paragraph
Murry,259,653,309,667,paragraph
Gell-Mann,315,653,397,667,paragraph
[1],403,653,422,667,paragraph
once,428,653,463,667,paragraph
wrote:-,469,653,523,667,paragraph
Quantum,250,669,317,682,paragraph
"mechanics,",321,669,398,682,paragraph
that,402,669,432,682,paragraph
"mysterious,",436,669,517,682,paragraph
confusing,522,669,588,682,paragraph
"discipline,",592,669,663,682,paragraph
which,668,669,709,682,paragraph
none,713,669,747,682,paragraph
of,250,684,263,697,paragraph
us,270,684,286,697,paragraph
really,294,684,333,697,paragraph
understands,341,684,427,697,paragraph
but,434,684,459,697,paragraph
which,467,684,508,697,paragraph
we,515,684,534,697,paragraph
know,542,684,579,697,paragraph
how,586,684,615,697,paragraph
to,622,684,637,697,paragraph
use.,645,684,672,697,paragraph
It,686,684,698,697,paragraph
works,706,684,747,697,paragraph
"perfectly,",250,700,315,712,paragraph
as,320,700,334,712,paragraph
far,339,700,359,712,paragraph
as,363,700,378,712,paragraph
we,383,700,401,712,paragraph
can,406,700,431,712,paragraph
"tell,",435,700,463,712,paragraph
in,468,700,481,712,paragraph
describing,486,700,558,712,paragraph
physical,562,700,619,712,paragraph
"reality,",624,700,673,712,paragraph
but,678,700,702,712,paragraph
it,707,700,718,712,paragraph
is,723,700,734,712,paragraph
a,738,700,747,712,paragraph
‘counter-intuitive’,250,715,376,727,paragraph
"discipline,",382,715,453,727,paragraph
as,459,715,474,727,paragraph
social,480,715,519,727,paragraph
scientists,526,715,590,727,paragraph
would,596,715,638,727,paragraph
say.,644,715,670,727,paragraph
Quantum,679,715,747,727,paragraph
mechanics,250,730,322,742,paragraph
is,329,730,340,742,paragraph
not,347,730,370,742,paragraph
a,377,730,385,742,paragraph
"theory,",392,730,441,742,paragraph
but,449,730,473,742,paragraph
rather,480,730,524,742,paragraph
a,531,730,539,742,paragraph
framework,546,730,621,742,paragraph
within,628,730,673,742,paragraph
which,680,730,721,742,paragraph
we,728,730,747,742,paragraph
believe,250,745,298,757,paragraph
a,303,745,312,757,paragraph
correct,317,745,366,757,paragraph
theory,371,745,417,757,paragraph
must,422,745,457,757,paragraph
ﬁt.,463,745,483,757,paragraph
The,205,775,236,788,paragraph
professional,243,775,334,788,paragraph
physicist,341,775,408,788,paragraph
still,415,775,444,788,paragraph
ﬁnds,451,775,488,788,paragraph
explaining,495,775,575,788,paragraph
exactly,582,775,637,788,paragraph
what,644,775,683,788,paragraph
the,690,775,715,788,paragraph
quantum,722,775,791,788,paragraph
formalism,205,792,282,806,paragraph
is,291,792,303,806,paragraph
telling,312,792,360,806,paragraph
us,369,792,386,806,paragraph
about,395,792,440,806,paragraph
Nature,448,792,502,806,paragraph
very,511,792,544,806,paragraph
diﬃcult.,553,792,618,806,paragraph
We,634,792,659,806,paragraph
know,668,792,708,806,paragraph
that,717,792,750,806,paragraph
it,758,792,770,806,paragraph
is,779,792,791,806,paragraph
something,205,809,284,823,paragraph
to,290,809,306,823,paragraph
do,312,809,331,823,paragraph
with,337,809,371,823,paragraph
non-commutativity,377,809,526,823,paragraph
because,532,809,592,823,paragraph
the,598,809,622,823,paragraph
commutative,628,809,729,823,paragraph
algebra,735,809,791,823,paragraph
∗,225,828,231,841,paragraph
E-mail,232,835,276,847,footer
address,281,835,330,847,footer
b.hiley@bbk.ac.uk.,335,835,458,847,footer
1,494,871,503,885,paragraph
##LTLine##,205,831,439,831,paragraph
