token,x0,y0,x1,y1,label
25,902,35,918,48,paragraph
compiled,88,68,151,80,paragraph
the,156,68,178,80,paragraph
codes,183,68,221,80,paragraph
with,226,68,258,80,paragraph
Microsoft,262,68,329,80,paragraph
Visual,334,68,379,80,paragraph
C++,383,68,420,80,paragraph
2015,425,68,457,80,paragraph
and,462,68,488,80,paragraph
operators,517,68,584,80,paragraph
on,589,68,606,80,paragraph
the,611,68,634,80,paragraph
vertices,638,68,692,80,paragraph
on,697,68,714,80,paragraph
the,719,68,741,80,paragraph
line.,746,68,776,80,paragraph
For,783,68,807,80,paragraph
pattern,812,68,864,80,paragraph
"2,",869,68,882,80,paragraph
each,887,68,918,80,paragraph
with,88,82,119,95,paragraph
O2,128,82,148,95,paragraph
option.,157,82,206,95,paragraph
The,222,82,250,95,paragraph
program,258,82,318,95,paragraph
was,326,82,352,95,paragraph
executed,360,82,422,95,paragraph
on,430,82,447,95,paragraph
Intel,456,82,488,95,paragraph
dotted,517,82,564,95,paragraph
line,571,82,596,95,paragraph
corresponds,604,82,688,95,paragraph
to,695,82,709,95,paragraph
a,717,82,725,95,paragraph
logical,732,82,777,95,paragraph
Z,785,82,796,95,paragraph
"operator,",804,82,869,95,paragraph
which,877,82,918,95,paragraph
Core,88,97,121,109,paragraph
i7-6700,128,97,179,109,paragraph
without,186,97,242,109,paragraph
parallelization.,249,97,354,109,paragraph
The,366,97,394,109,paragraph
MWPM,402,97,459,109,paragraph
de-,466,97,488,109,paragraph
is,517,97,528,109,paragraph
the,535,97,557,109,paragraph
product,564,97,619,109,paragraph
of,626,97,639,109,paragraph
the,645,97,668,109,paragraph
Pauli,674,97,711,109,paragraph
X,718,97,731,109,paragraph
operators,739,97,805,109,paragraph
on,812,97,829,109,paragraph
the,835,97,858,109,paragraph
vertices,864,97,918,109,paragraph
coder,88,111,126,124,paragraph
took,132,111,163,124,paragraph
about,169,111,210,124,paragraph
56,215,111,232,124,paragraph
microseconds,237,111,330,124,paragraph
per,336,111,359,124,paragraph
decoding.,364,111,432,124,paragraph
on,517,111,535,124,paragraph
the,541,111,563,124,paragraph
line.,569,111,599,124,paragraph
We,608,111,630,124,paragraph
choose,636,111,683,124,paragraph
d,689,111,697,124,paragraph
logical,703,111,748,124,paragraph
Y,754,111,764,124,paragraph
operators,773,111,840,124,paragraph
written,846,111,897,124,paragraph
as,903,111,918,124,paragraph
The,104,126,132,138,paragraph
proposed,137,126,201,138,paragraph
neural,207,126,251,138,paragraph
decoders,256,126,317,138,paragraph
were,323,126,355,138,paragraph
implemented,360,126,451,138,paragraph
with,457,126,488,138,paragraph
the,517,126,540,138,paragraph
product,547,126,602,138,paragraph
of,609,126,622,138,paragraph
the,628,126,651,138,paragraph
i-th,657,126,684,138,paragraph
logical,690,126,735,138,paragraph
X,742,126,755,138,paragraph
operator,763,126,823,138,paragraph
and,830,126,856,138,paragraph
the,862,126,885,138,paragraph
i-th,892,126,918,138,paragraph
−,775,131,788,153,paragraph
python,88,140,137,153,paragraph
and,144,140,171,153,paragraph
tensorﬂow.,177,140,254,153,paragraph
We,265,140,288,153,paragraph
measured,295,140,362,153,paragraph
the,369,140,391,153,paragraph
time,398,140,430,153,paragraph
for,436,140,456,153,paragraph
sin-,463,140,488,153,paragraph
logical,517,140,563,153,paragraph
Z,570,140,581,153,paragraph
operator,590,140,650,153,paragraph
for,657,140,677,153,paragraph
i,684,140,689,153,paragraph
=,697,140,710,153,paragraph
"0,",717,140,730,153,paragraph
.,733,140,737,153,paragraph
.,740,140,744,153,paragraph
.,747,140,752,153,paragraph
",",754,140,759,153,paragraph
d,762,140,770,153,paragraph
1.,792,140,805,153,paragraph
We,818,140,841,153,paragraph
choose,848,140,894,153,paragraph
3d,901,140,918,153,paragraph
gle,88,154,108,167,paragraph
prediction,114,154,186,167,paragraph
when,192,154,229,167,paragraph
we,236,154,254,167,paragraph
set,261,154,281,167,paragraph
batch,287,154,326,167,paragraph
size,333,154,358,167,paragraph
as,365,154,379,167,paragraph
"1,",386,154,399,167,paragraph
the,405,154,428,167,paragraph
number,434,154,488,167,paragraph
logical,517,154,563,167,paragraph
operators,568,154,635,167,paragraph
for,640,154,660,167,paragraph
the,665,154,688,167,paragraph
"[[d2,",693,153,722,167,paragraph
"1,",725,154,738,167,paragraph
d]],740,154,758,167,paragraph
surface,763,154,813,167,paragraph
code,818,154,850,167,paragraph
with,856,154,887,167,paragraph
two,893,154,918,167,paragraph
of,88,169,101,182,paragraph
layer,107,169,141,182,paragraph
as,148,169,162,182,paragraph
"2,",169,169,181,182,paragraph
the,188,169,211,182,paragraph
number,217,169,271,182,paragraph
of,277,169,291,182,paragraph
units,297,169,332,182,paragraph
per,339,169,362,182,paragraph
layer,368,169,402,182,paragraph
as,409,169,423,182,paragraph
7000,430,169,462,182,paragraph
for,469,169,488,182,paragraph
patterns,517,169,576,182,paragraph
as,583,169,598,182,paragraph
shown,605,169,649,182,paragraph
in,656,169,669,182,paragraph
Fig.,676,169,704,182,paragraph
17.,706,169,727,182,paragraph
The,739,169,767,182,paragraph
rule,774,169,801,182,paragraph
of,808,169,821,182,paragraph
choice,828,169,871,182,paragraph
is,878,169,888,182,paragraph
the,895,169,918,182,paragraph
the,88,183,110,196,paragraph
MLP,117,183,153,196,paragraph
model.,160,183,207,196,paragraph
The,219,183,247,196,paragraph
conﬁguration,253,183,346,196,paragraph
of,353,183,366,196,paragraph
the,373,183,396,196,paragraph
CNN,402,183,439,196,paragraph
model,445,183,488,196,paragraph
same,517,183,553,196,paragraph
as,558,183,573,196,paragraph
that,578,183,608,196,paragraph
of,614,183,627,196,paragraph
the,632,183,655,196,paragraph
"[[d2,",660,182,689,196,paragraph
"1,",692,183,705,196,paragraph
d]],708,183,725,196,paragraph
surface,730,183,780,196,paragraph
code.,785,183,822,196,paragraph
is,88,198,99,210,paragraph
shown,105,198,149,210,paragraph
in,155,198,169,210,paragraph
TABLE,175,198,230,210,paragraph
I.,233,198,244,210,paragraph
The,253,198,281,210,paragraph
computation,288,198,377,210,paragraph
was,384,198,409,210,paragraph
performed,416,198,488,210,paragraph
using,88,212,125,225,paragraph
Intel,132,212,164,225,paragraph
Core,171,212,205,225,paragraph
i7-6700,212,212,263,225,paragraph
and,270,212,296,225,paragraph
GeForce,303,212,361,225,paragraph
GTX,368,212,405,225,paragraph
1060,412,212,444,225,paragraph
6GB.,451,212,488,225,paragraph
We,534,219,556,232,paragraph
choose,564,219,610,232,paragraph
9(d,619,217,642,232,paragraph
+,647,219,660,232,paragraph
1),665,219,679,232,paragraph
logical,687,219,732,232,paragraph
operators,739,219,806,232,paragraph
for,813,219,833,232,paragraph
the,840,219,863,232,paragraph
"[6,6,6]-",870,219,918,232,paragraph
The,88,227,116,239,paragraph
proposed,122,227,186,239,paragraph
neural,192,227,237,239,paragraph
decoders,243,227,304,239,paragraph
with,310,227,342,239,paragraph
the,348,227,371,239,paragraph
MLP,377,227,413,239,paragraph
and,420,227,446,239,paragraph
CNN,452,227,488,239,paragraph
2,619,227,626,235,paragraph
color,517,235,552,248,paragraph
code,558,235,590,248,paragraph
as,596,235,610,248,paragraph
shown,616,235,660,248,paragraph
in,666,235,679,248,paragraph
Fig.,685,235,713,248,paragraph
18.,716,235,737,248,paragraph
There,745,235,787,248,paragraph
are,793,235,814,248,paragraph
1(d,822,233,845,248,paragraph
+,849,235,862,248,paragraph
1),866,235,880,248,paragraph
lines,886,235,918,248,paragraph
models,88,241,137,254,paragraph
took,143,241,174,254,paragraph
2.2,180,241,201,254,paragraph
milliseconds,207,241,292,254,paragraph
and,298,241,324,254,paragraph
7,329,241,338,254,paragraph
"milliseconds,",343,241,433,254,paragraph
respec-,439,241,488,254,paragraph
2,822,243,829,252,paragraph
for,517,250,537,262,paragraph
each,543,250,575,262,paragraph
pattern.,581,250,638,262,paragraph
In,648,250,663,262,paragraph
all,670,250,687,262,paragraph
of,693,250,707,262,paragraph
the,713,250,736,262,paragraph
three,742,250,778,262,paragraph
"patterns,",785,250,848,262,paragraph
each,855,250,886,262,paragraph
line,893,250,918,262,paragraph
"tively,",88,256,130,268,paragraph
for,135,256,155,268,paragraph
feed-forwarding,159,256,269,268,paragraph
the,274,256,297,268,paragraph
input,302,256,340,268,paragraph
data,344,256,376,268,paragraph
and,381,256,407,268,paragraph
ﬁnding,412,256,461,268,paragraph
the,466,256,488,268,paragraph
corresponds,517,264,601,277,paragraph
to,605,264,620,277,paragraph
the,624,264,646,277,paragraph
logical,650,264,696,277,paragraph
"X-,",700,264,724,277,paragraph
"Z-,",728,264,751,277,paragraph
and,755,264,781,277,paragraph
Y,785,264,795,277,paragraph
-operators,798,264,870,277,paragraph
on,874,264,891,277,paragraph
the,895,264,918,277,paragraph
most,88,270,122,283,paragraph
probable,127,270,188,283,paragraph
class,192,270,225,283,paragraph
w.,230,270,248,283,paragraph
Since,255,270,292,283,paragraph
the,296,270,319,283,paragraph
prediction,323,270,395,283,paragraph
of,399,270,412,283,paragraph
the,417,270,439,283,paragraph
neural,444,270,488,283,paragraph
physical,517,279,575,291,paragraph
qubits,581,279,625,291,paragraph
on,632,279,649,291,paragraph
the,655,279,678,291,paragraph
line.,685,279,715,291,paragraph
We,725,279,748,291,paragraph
choose,754,279,801,291,paragraph
6(d,807,279,830,291,paragraph
+,835,279,847,291,paragraph
1),852,279,866,291,paragraph
logical,873,279,918,291,paragraph
decoders,88,285,149,297,paragraph
can,153,285,178,297,paragraph
be,182,285,199,297,paragraph
done,203,285,236,297,paragraph
with,241,285,272,297,paragraph
simple,277,285,322,297,paragraph
matrix,326,285,374,297,paragraph
"multiplications,",378,285,488,297,paragraph
operators,517,293,584,306,paragraph
for,591,293,610,306,paragraph
the,617,293,640,306,paragraph
"[4,8,8]-color",646,293,729,306,paragraph
code,736,293,768,306,paragraph
as,774,293,789,306,paragraph
shown,796,293,840,306,paragraph
in,846,293,860,306,paragraph
Fig.,867,293,894,306,paragraph
19.,897,293,918,306,paragraph
we,88,299,106,312,paragraph
expect,112,299,158,312,paragraph
that,163,299,193,312,paragraph
the,199,299,221,312,paragraph
time,227,299,258,312,paragraph
for,264,299,283,312,paragraph
single,289,299,328,312,paragraph
prediction,334,299,405,312,paragraph
of,411,299,424,312,paragraph
the,429,299,452,312,paragraph
neu-,457,299,488,312,paragraph
There,517,308,559,320,paragraph
are,565,308,587,320,paragraph
1(d,594,306,617,320,paragraph
+,621,308,634,320,paragraph
1),638,308,652,320,paragraph
lines,658,308,690,320,paragraph
for,695,308,715,320,paragraph
each,721,308,752,320,paragraph
pattern.,757,308,814,320,paragraph
The,822,308,851,320,paragraph
choice,856,308,899,320,paragraph
of,905,308,918,320,paragraph
ral,88,314,107,326,paragraph
decoder,111,314,166,326,paragraph
can,170,314,194,326,paragraph
be,198,314,215,326,paragraph
made,219,314,257,326,paragraph
shortened,261,314,330,326,paragraph
by,335,314,352,326,paragraph
using,356,314,393,326,paragraph
an,397,314,414,326,paragraph
optimized,419,314,488,326,paragraph
2,594,315,601,324,paragraph
the,517,322,540,335,paragraph
logical,547,322,592,335,paragraph
operators,599,322,666,335,paragraph
is,673,322,684,335,paragraph
the,691,322,713,335,paragraph
same,720,322,755,335,paragraph
as,762,322,777,335,paragraph
that,784,322,814,335,paragraph
of,821,322,834,335,paragraph
the,841,322,863,335,paragraph
"[6,6,6]-",870,322,918,335,paragraph
"hardware,",88,328,158,341,paragraph
such,163,328,195,341,paragraph
as,200,328,215,341,paragraph
"FPGA,",220,328,271,341,paragraph
for,277,328,296,341,paragraph
example.,302,328,364,341,paragraph
color,517,337,552,349,paragraph
codes.,557,337,600,349,paragraph
APPENDIX,104,342,198,354,section
C,204,342,217,354,section
:,222,342,227,354,section
THE,233,342,270,354,section
SPECIFIC,276,342,358,354,section
CHOICES,363,342,443,354,section
OF,448,342,472,354,section
THE,121,356,158,367,section
UNIFORM,164,356,250,367,section
DATA,256,356,304,367,section
CONSTRUCTION,310,356,454,367,section
In,534,372,549,385,paragraph
all,554,372,571,385,paragraph
the,576,372,599,385,paragraph
patterned,604,372,673,385,paragraph
choice,678,372,721,385,paragraph
of,726,372,739,385,paragraph
the,745,372,767,385,paragraph
logical,773,372,818,385,paragraph
"operators,",823,372,894,385,paragraph
we,899,372,918,385,paragraph
We,104,387,127,399,paragraph
have,133,387,165,399,paragraph
introduced,171,387,247,399,paragraph
the,253,387,275,399,paragraph
uniform,281,387,337,399,paragraph
data,343,387,375,399,paragraph
construction,381,387,469,399,paragraph
in,475,387,488,399,paragraph
can,517,387,542,399,paragraph
verify,550,387,590,399,paragraph
that,598,387,627,399,paragraph
the,635,387,658,399,paragraph
sensitivity,666,387,738,399,paragraph
is,746,387,757,399,paragraph
"constant,",765,387,829,399,paragraph
since,838,387,872,399,paragraph
every,880,387,918,399,paragraph
Sec.,88,401,116,414,paragraph
III.,118,401,142,414,paragraph
In,147,401,162,414,paragraph
this,167,401,194,414,paragraph
"appendix,",199,401,269,414,paragraph
we,274,401,293,414,paragraph
show,298,401,333,414,paragraph
speciﬁc,339,401,390,414,paragraph
uniform,395,401,451,414,paragraph
data,457,401,488,414,paragraph
physical,517,401,575,414,paragraph
qubit,581,401,618,414,paragraph
is,624,401,635,414,paragraph
measured,641,401,708,414,paragraph
by,714,401,731,414,paragraph
at,737,401,752,414,paragraph
most,757,401,792,414,paragraph
constant,798,401,858,414,paragraph
number,864,401,918,414,paragraph
construction,88,416,176,428,paragraph
for,181,416,201,428,paragraph
the,206,416,229,428,paragraph
surface,234,416,283,428,paragraph
and,289,416,315,428,paragraph
color,320,416,355,428,paragraph
codes.,360,416,403,428,paragraph
of,517,416,531,428,paragraph
logical,537,416,583,428,paragraph
operators.,590,416,661,428,paragraph
On,672,416,694,428,paragraph
the,701,416,723,428,paragraph
other,730,416,767,428,paragraph
"hand,",774,416,814,428,paragraph
the,821,416,844,428,paragraph
minimum,851,416,918,428,paragraph
−,436,421,449,443,paragraph
We,104,430,127,443,paragraph
choose,134,430,181,443,paragraph
3d,188,430,205,443,paragraph
logical,213,430,258,443,paragraph
operators,266,430,332,443,paragraph
for,340,430,360,443,paragraph
the,367,430,390,443,paragraph
[[2d2,398,429,430,443,paragraph
2d,454,430,470,443,paragraph
+,476,430,488,443,paragraph
boundary,517,430,585,443,paragraph
distance,590,430,648,443,paragraph
is,652,430,663,443,paragraph
scaled,667,430,710,443,paragraph
as,714,430,729,443,paragraph
"O(d),",733,430,771,443,paragraph
since,776,430,810,443,paragraph
the,815,430,837,443,paragraph
same,842,430,877,443,paragraph
num-,881,430,918,443,paragraph
"1,",88,445,100,457,paragraph
"1,",103,445,116,457,paragraph
d]],118,445,136,457,paragraph
surface,143,445,192,457,paragraph
code,199,445,231,457,paragraph
by,238,445,255,457,paragraph
using,261,445,299,457,paragraph
two,305,445,331,457,paragraph
patterns,337,445,396,457,paragraph
as,403,445,417,457,paragraph
shown,424,445,468,457,paragraph
in,475,445,488,457,paragraph
ber,517,445,541,457,paragraph
O(d),548,445,582,457,paragraph
of,590,445,603,457,paragraph
logical,610,445,655,457,paragraph
"X-,",663,445,688,457,paragraph
Y,696,445,705,457,paragraph
"-,",709,445,719,457,paragraph
and,727,445,753,457,paragraph
Z-operators,761,445,845,457,paragraph
are,852,445,874,457,paragraph
used.,882,445,918,457,paragraph
−,858,451,868,466,paragraph
Fig.,88,459,116,472,paragraph
16.,118,459,139,472,paragraph
For,146,459,170,472,paragraph
pattern,176,459,228,472,paragraph
"1,",234,459,246,472,paragraph
each,252,459,283,472,paragraph
dotted,288,459,334,472,paragraph
line,340,459,365,472,paragraph
corresponds,371,459,455,472,paragraph
to,460,459,475,472,paragraph
a,480,459,488,472,paragraph
"Thus,",517,459,558,472,paragraph
the,563,459,585,472,paragraph
normalized,590,459,667,472,paragraph
sensitivity,672,459,744,472,paragraph
is,749,459,760,472,paragraph
scaled,764,459,807,472,paragraph
as,811,459,826,472,paragraph
O(d,830,459,858,472,paragraph
1),868,458,882,472,paragraph
with,886,459,918,472,paragraph
logical,88,474,133,486,paragraph
X,139,474,152,486,paragraph
"operator,",160,474,225,486,paragraph
which,231,474,272,486,paragraph
is,278,474,289,486,paragraph
the,295,474,317,486,paragraph
product,324,474,379,486,paragraph
of,385,474,398,486,paragraph
the,404,474,427,486,paragraph
Pauli,433,474,470,486,paragraph
Z,476,474,487,486,paragraph
these,517,474,554,486,paragraph
choices.,559,474,613,486,paragraph
∗,104,538,110,551,reference
[16],517,545,541,557,reference
M.-H.,547,545,586,557,reference
Hsieh,591,545,627,557,reference
and,632,545,657,557,reference
F.,662,545,676,557,reference
Le,681,545,697,557,reference
"Gall,",702,545,734,557,reference
Physical,739,545,793,557,reference
Review,798,545,846,557,reference
A,851,545,862,557,reference
"83,",867,545,889,557,reference
052331,894,545,939,557,reference
(2011).,944,545,990,557,reference
[1],95,558,111,570,reference
A.,118,558,133,570,reference
Y.,138,558,154,570,reference
"Kitaev,",159,558,207,570,reference
Russian,212,558,263,570,reference
Mathematical,268,558,359,570,reference
Surveys,364,558,415,570,reference
"52,",420,558,441,570,reference
1191,446,558,476,570,reference
(1997)[1.7],481,558,541,570,reference
H.,547,558,563,570,reference
Bombin,568,558,619,570,reference
and,624,558,648,570,reference
M.,653,558,671,570,reference
A.,676,558,692,570,reference
"Martin-Delgado,",697,558,805,570,reference
Journal,810,558,860,570,reference
of,865,558,877,570,reference
mathematical,882,558,971,570,reference
physics,976,558,1000,570,reference
"48,",1000,558,1000,570,reference
052105,1000,558,1000,570,reference
(2007).,1000,558,1000,570,reference
[2],95,572,111,583,reference
D.,118,572,133,583,reference
Aharonov,138,572,202,583,reference
and,207,572,231,583,reference
M.,236,572,254,583,reference
"Ben-Or,",259,572,311,583,reference
in,316,572,329,583,reference
Proceedings,333,572,408,583,reference
of,414,572,426,583,reference
the,431,572,451,583,reference
"twenty-nin[1t8h]aNn.nuDaellfAosCsMe,",456,572,628,583,reference
"PsyhmyspiocasiluRmevoinewThAeo8r9y,o0f1c2o3m17pu(t2i0n1g4)(.ACM,",630,572,918,583,reference
1997),118,585,154,596,reference
pp.,159,585,180,596,reference
176–188.,185,585,241,596,reference
[19],517,585,541,596,reference
G.,547,585,563,596,reference
Duclos-Cianci,568,585,660,596,reference
and,665,585,689,596,reference
D.,694,585,709,596,reference
"Poulin,",715,585,761,596,reference
Physical,766,585,821,596,reference
review,826,585,868,596,reference
letters,873,585,914,596,reference
"104,",919,585,949,596,reference
050504,955,585,1000,596,reference
(2010).,1000,585,1000,596,reference
[3],95,598,111,609,reference
E.,118,598,132,609,reference
"Knill,",138,598,174,609,reference
R.,180,598,195,609,reference
"Laﬂamme,",201,598,270,609,reference
and,281,598,305,609,reference
W.,311,598,330,609,reference
H.,336,598,351,609,reference
"Zurek,",357,598,399,609,reference
in,405,598,417,609,reference
Proceedings,423,598,498,609,reference
of[2th0e],504,598,541,609,reference
REo.,547,598,565,609,reference
"yMalagSeoscainet,yJ.ofML.oGndaomnbeAt:taM,",565,598,749,609,reference
"Aat.hCem´oractoicleasl,,",749,598,829,609,reference
"PahnydsiJc.alMa.nCdhow,",835,598,949,609,reference
Physical,955,598,1000,609,reference
review,1000,598,1000,609,reference
letters,1000,598,1000,609,reference
"114,",1000,598,1000,609,reference
200501,1000,598,1000,609,reference
(2015).,1000,598,1000,609,reference
Engineering,118,611,196,623,reference
"Sciences,",201,611,260,623,reference
Vol.,265,611,291,623,reference
454,296,611,318,623,reference
(The,323,611,355,623,reference
Royal,360,611,398,623,reference
"Society,",403,611,453,623,reference
1998),458,611,494,623,reference
pp.[2316]5G–3.8C4.arleo,499,611,611,623,reference
and,616,611,640,623,reference
M.,645,611,663,623,reference
"Troyer,",668,611,715,623,reference
Science,720,611,768,623,reference
"355,",773,611,803,623,reference
602,808,611,831,623,reference
(2017).,836,611,882,623,reference
[4],95,625,111,636,reference
J.,118,625,130,636,reference
"Kelly,",134,625,171,636,reference
R.,176,625,191,636,reference
"Barends,",195,625,253,636,reference
A.,257,625,273,636,reference
"Fowler,",277,625,324,636,reference
A.,329,625,344,636,reference
"Megrant,",348,625,408,636,reference
E.,412,625,427,636,reference
"Jeﬀrey,",431,625,478,636,reference
T.,482,625,497,636,reference
"Wh[2i2te],JD.",501,625,562,636,reference
".CSaarnrkas,qJu.iMllautaunsd,",562,625,674,636,reference
BR..,678,625,694,636,reference
"CGa.mMpeblkelol,,",697,625,764,636,reference
"YN.atCuhreenP,",769,625,830,636,reference
heyt,830,625,846,636,reference
"sailc.s,",846,625,868,636,reference
"N13a,tu4r3e1",872,625,923,636,reference
(2017).,928,625,974,636,reference
"519,",118,638,148,649,reference
66,153,638,168,649,reference
(2015).,173,638,219,649,reference
[23],517,638,541,649,reference
J.,547,638,559,649,reference
"Romero,",564,638,620,649,reference
J.,625,638,637,649,reference
"Olson,",642,638,684,649,reference
and,694,638,718,649,reference
A.,723,638,738,649,reference
"Aspuru-Guzik,",744,638,840,649,reference
arXiv,845,638,882,649,reference
preprint,887,638,940,649,reference
arXiv:1612.02806,945,638,1000,649,reference
(2016).,1000,638,1000,649,reference
[5],95,651,111,662,reference
A.,118,651,133,662,reference
"Co´rcoles,",138,651,198,662,reference
E.,203,651,217,662,reference
"Magesan,",222,651,284,662,reference
S.,289,651,301,662,reference
J.,306,651,318,662,reference
"Srinivasan,",323,651,395,662,reference
A.,400,651,415,662,reference
W.,420,651,440,662,reference
"Cross,",445,651,485,662,reference
M.,490,651,508,662,reference
"S[t2e4ﬀ]eGn,.",513,651,563,662,reference
"JT.oMrla.iGaanmdbRe.ttGa,.",567,651,678,662,reference
"ManedlkoJ,.",683,651,728,662,reference
"PMh.yCsihcaolwR,",732,651,803,662,reference
NevaiteuwreLceottmermsu1n1i9-,803,651,921,662,reference
",",921,651,926,662,reference
030501,931,651,976,662,reference
(2017).,981,651,1000,662,reference
cations,118,664,164,675,reference
6,169,664,177,675,reference
(2015).,182,664,228,675,reference
[25],517,664,541,675,reference
S.,547,664,560,675,reference
"Varsamopoulos,",565,664,669,675,reference
B.,674,664,688,675,reference
"Criger,",693,664,739,675,reference
and,749,664,773,675,reference
K.,778,664,794,675,reference
"Bertels,",799,664,849,675,reference
arXiv,854,664,891,675,reference
preprint,896,664,949,675,reference
arXiv:1705.00857,954,664,1000,675,reference
(2017).,1000,664,1000,675,reference
[6],95,677,111,689,reference
D.,118,677,133,689,reference
"Rist`e,",137,677,175,689,reference
S.,180,677,192,689,reference
"Poletto,",196,677,248,689,reference
M.-Z.,252,677,289,689,reference
"Huang,",293,677,340,689,reference
A.,344,677,360,689,reference
"Bruno,",364,677,409,689,reference
V.,413,677,428,689,reference
"Vesterinen,",432,677,505,689,reference
O[.2-6P].,510,677,544,689,reference
PSa.,547,677,564,689,reference
"iBraa,iraeuntdhLer.,DTiC.",564,677,666,689,reference
"Oar’lBo,riNena,tuBr.eTcaormamsinusnkiic,ataionndsC6.(B20e1e5n)a.kker,",665,677,949,689,reference
arXiv,954,677,991,689,reference
preprint,996,677,1000,689,reference
arXiv:1705.07855,1000,677,1000,689,reference
(2017).,1000,677,1000,689,reference
[7],95,691,111,702,reference
A.,118,691,133,702,reference
Y.,138,691,154,702,reference
"Kitaev,",159,691,207,702,reference
Annals,212,691,257,702,reference
of,262,691,275,702,reference
Physics,280,691,329,702,reference
"303,",334,691,364,702,reference
2,369,691,376,702,reference
(2003).,381,691,427,702,reference
[27],517,691,541,702,reference
S.,547,691,560,702,reference
Krastanov,565,691,633,702,reference
and,638,691,662,702,reference
L.,667,691,681,702,reference
"Jiang,",686,691,725,702,reference
arXiv,730,691,767,702,reference
preprint,772,691,825,702,reference
arXiv:1705.09334,830,691,943,702,reference
(2017).,953,691,999,702,reference
[8],95,704,111,715,reference
E.,118,704,132,715,reference
"Dennis,",137,704,186,715,reference
A.,191,704,207,715,reference
"Kitaev,",212,704,260,715,reference
A.,265,704,280,715,reference
"Landahl,",285,704,343,715,reference
and,353,704,378,715,reference
J.,383,704,395,715,reference
"Preskill,",400,704,453,715,reference
Journal,458,704,508,715,reference
o[f28M],513,704,544,715,reference
aNth.,544,704,565,715,reference
ePm.,565,704,585,715,reference
"aBtriceaulckPmhyasnincsa4n3d,X44.",585,704,721,715,reference
"5N2i,(2a0rX02iv).",721,704,787,715,reference
preprint,790,704,843,715,reference
arXiv:1710.09489,848,704,961,715,reference
(2017).,971,704,1000,715,reference
[9],95,717,111,728,reference
D.,118,717,133,728,reference
A.,138,717,154,728,reference
Lidar,159,717,194,728,reference
and,199,717,224,728,reference
T.,229,717,244,728,reference
A.,249,717,264,728,reference
"Brun,",269,717,307,728,reference
Quantum,312,717,373,728,reference
error,378,717,411,728,reference
correction,416,717,481,728,reference
(Cam[2b9r]idDge.,487,717,565,728,reference
"GUontitveesrmsitayn,ParreXssi,v2p0r1e3p)r.int",568,717,745,728,reference
quant-ph/9705052,750,717,869,728,reference
(1997).,879,717,925,728,reference
[10],88,730,111,741,reference
S.,118,730,130,741,reference
B.,135,730,150,741,reference
Bravyi,155,730,199,741,reference
and,204,730,228,741,reference
A.,233,730,249,741,reference
Y.,254,730,269,741,reference
"Kitaev,",274,730,322,741,reference
arXiv,327,730,364,741,reference
preprint,369,730,422,741,reference
quant-ph/9811[3005]2G(.1D99u8c)l.os-Cianci,427,730,660,741,reference
and,665,730,689,741,reference
D.,694,730,709,741,reference
"Poulin,",715,730,761,741,reference
in,766,730,779,741,reference
Information,784,730,862,741,reference
Theory,868,730,914,741,reference
Workshop,919,730,984,741,reference
"(ITW),",990,730,1000,741,reference
2010,1000,730,1000,741,reference
IEEE,1000,730,1000,741,reference
"(IEEE,",1000,730,1000,741,reference
2010),1000,730,1000,741,reference
pp.,1000,730,1000,741,reference
1–5.,1000,730,1000,741,reference
[11],88,743,111,755,reference
A.,118,743,133,755,reference
G.,138,743,154,755,reference
"Fowler,",159,743,207,755,reference
M.,212,743,230,755,reference
"Mariantoni,",235,743,312,755,reference
J.,317,743,329,755,reference
M.,334,743,352,755,reference
"Martinis,",357,743,417,755,reference
and,427,743,451,755,reference
A.,456,743,471,755,reference
N.,476,743,492,755,reference
"Cle[l3a1n]d,J.PEhydsmicoanldRs,evCiaewnaAdia8n6,Jo0u3r2n3a2l4o(f2m01a2t)h.ematics",497,743,858,755,reference
"17,",863,743,885,755,reference
449,890,743,912,755,reference
(1965).,917,743,963,755,reference
[12],88,757,111,768,reference
C.,118,757,133,768,reference
"Wang,",138,757,180,768,reference
J.,185,757,197,768,reference
"Harrington,",202,757,278,768,reference
and,288,757,312,768,reference
J.,317,757,329,768,reference
"Preskill,",334,757,388,768,reference
Annals,393,757,439,768,reference
of,444,757,456,768,reference
Physics,461,757,510,768,reference
"3[3023],",515,757,545,768,reference
K31.,547,757,565,768,reference
"H(2o0r0n3ik).,",568,757,618,768,reference
M.,623,757,641,768,reference
"Stinchcombe,",646,757,733,768,reference
and,743,757,767,768,reference
H.,772,757,788,768,reference
"White,",793,757,838,768,reference
Neural,843,757,887,768,reference
networks,892,757,950,768,reference
"2,",955,757,968,768,reference
359,973,757,995,768,reference
(1989).,1000,757,1000,768,reference
[13],88,770,111,781,reference
D.,118,770,133,781,reference
S.,138,770,151,781,reference
"Wang,",156,770,198,781,reference
A.,203,770,218,781,reference
G.,223,770,239,781,reference
"Fowler,",244,770,292,781,reference
and,302,770,326,781,reference
L.,331,770,345,781,reference
C.,350,770,365,781,reference
L.,370,770,383,781,reference
"Hollenberg,",388,770,463,781,reference
"Physica[l3R3]evDie.wKiAng8m3a,",468,770,620,781,reference
0a2n0d30J2.,623,770,669,781,reference
"B(2a0,1a1r)X.",671,770,723,781,reference
iv,723,770,735,781,reference
preprint,740,770,794,781,reference
arXiv:1412.6980,799,770,904,781,reference
(2014).,914,770,960,781,reference
[14],88,783,111,794,reference
A.,118,783,133,794,reference
G.,138,783,154,794,reference
"Fowler,",159,783,207,794,reference
A.,212,783,227,794,reference
C.,232,783,247,794,reference
"Whiteside,",252,783,322,794,reference
and,332,783,357,794,reference
L.,362,783,375,794,reference
C.,380,783,395,794,reference
L.,400,783,414,794,reference
"Hollenberg,",419,783,494,794,reference
Phy[3s4.]RVev.,499,783,566,794,reference
".KLoeltmt.og1o0r8o,v1,",566,783,655,794,reference
8M05a0th1e(m20a1ti2c)a.l,655,783,747,794,reference
Programming,752,783,842,794,reference
Computation,847,783,934,794,reference
"1,",939,783,952,794,reference
43,957,783,972,794,reference
(2009).,977,783,1000,794,reference
[15],88,796,111,808,reference
A.,118,796,133,808,reference
M.,138,796,156,808,reference
"Stephens,",161,796,224,808,reference
Physical,229,796,284,808,reference
Review,289,796,336,808,reference
A,341,796,352,808,reference
"89,",358,796,379,808,reference
022321,384,796,429,808,reference
(2014).,434,796,480,808,reference
∗,104,857,110,870,paragraph
1997),547,864,583,875,paragraph
pp.,588,864,609,875,paragraph
176–188.,614,864,671,875,paragraph
[1],95,877,111,889,paragraph
A.,118,877,133,889,paragraph
Y.,138,877,154,889,paragraph
"Kitaev,",159,877,207,889,paragraph
Russian,212,877,263,889,paragraph
Mathematical,268,877,359,889,paragraph
Surveys,364,877,415,889,paragraph
"52,",420,877,441,889,paragraph
1191,446,877,476,889,paragraph
(1997).[3],481,877,541,889,paragraph
E.,547,877,562,889,paragraph
"Knill,",567,877,604,889,paragraph
R.,610,877,625,889,paragraph
"Laﬂamme,",631,877,699,889,paragraph
and,711,877,735,889,paragraph
W.,740,877,760,889,paragraph
H.,766,877,781,889,paragraph
"Zurek,",787,877,829,889,paragraph
in,834,877,847,889,paragraph
Proceedings,853,877,927,889,paragraph
of,933,877,946,889,paragraph
the,951,877,971,889,paragraph
Royal,977,877,1000,889,paragraph
Society,1000,877,1000,889,paragraph
of,1000,877,1000,889,paragraph
London,1000,877,1000,889,paragraph
A:,1000,877,1000,889,paragraph
"Mathematical,",1000,877,1000,889,paragraph
Physical,1000,877,1000,889,paragraph
and,1000,877,1000,889,paragraph
[2],95,890,111,902,paragraph
D.,118,890,133,902,paragraph
Aharonov,138,890,202,902,paragraph
and,207,890,231,902,paragraph
M.,236,890,254,902,paragraph
"Ben-Or,",259,890,311,902,paragraph
in,316,890,329,902,paragraph
Proceedings,333,890,408,902,paragraph
of,414,890,426,902,paragraph
the,431,890,451,902,paragraph
twenty-ninth,456,890,538,902,paragraph
aEnnnguianleeArCinMg,543,890,628,902,paragraph
"Ssycimenpocessiu,mVool.n4T54he(oTryheofRcooymalpSuoticnigety(A,",631,890,890,902,paragraph
"1C9M98,)",888,890,924,902,paragraph
pp.,929,890,950,902,paragraph
365–384.,955,890,1000,902,paragraph
##LTLine##,619,226,626,226,paragraph
##LTLine##,822,242,829,242,paragraph
##LTLine##,594,315,601,315,paragraph
##LTLine##,303,516,703,516,reference
##LTLine##,353,516,653,516,reference
##LTLine##,403,516,603,516,reference
##LTLine##,303,835,703,835,paragraph
##LTLine##,353,835,653,835,paragraph
##LTLine##,403,835,603,835,paragraph
