token,x0,y0,x1,y1,label
34,121,78,134,90,paragraph
companied,121,107,190,120,paragraph
by,195,107,210,120,paragraph
a,215,107,222,120,paragraph
PWN,226,107,261,120,paragraph
with,265,107,294,120,paragraph
a,298,107,305,120,paragraph
rich,309,107,334,120,paragraph
structure,338,107,394,120,paragraph
(see,398,107,424,120,paragraph
Figure,428,107,469,120,paragraph
32).,474,107,499,120,paragraph
"Moreover,",503,107,569,120,paragraph
the,573,107,592,120,paragraph
spindown,596,107,658,120,paragraph
power,662,107,702,120,paragraph
of,121,120,134,134,paragraph
PSR,138,120,166,134,paragraph
B0355+54,171,120,238,134,paragraph
is,242,120,253,134,paragraph
similar,257,120,301,134,paragraph
to,305,120,318,134,paragraph
those,322,120,355,134,paragraph
of,360,120,373,134,paragraph
B1055–52,377,120,443,134,paragraph
and,448,120,471,134,paragraph
"B0656+14,",475,120,546,134,paragraph
but,550,120,570,134,paragraph
its,575,120,590,134,paragraph
PWN,594,120,629,134,paragraph
luminosity,633,120,702,134,paragraph
is,121,134,131,147,paragraph
at,135,134,147,147,paragraph
least,151,134,180,147,paragraph
a,184,134,191,147,paragraph
factor,195,134,232,147,paragraph
of,236,134,249,147,paragraph
300,254,134,277,147,paragraph
higher.,282,134,325,147,paragraph
"Obviously,",329,134,398,147,paragraph
there,402,134,434,147,paragraph
must,438,134,469,147,paragraph
be,473,134,488,147,paragraph
some,493,134,526,147,paragraph
other,530,134,563,147,paragraph
factors,567,134,610,147,paragraph
that,614,134,638,147,paragraph
affect,642,134,678,147,paragraph
the,682,134,702,147,paragraph
X-ray,121,147,158,161,paragraph
efﬁciency,162,147,224,161,paragraph
and,229,147,252,161,paragraph
appearance,256,147,328,161,paragraph
of,332,147,345,161,paragraph
PWNe,350,147,392,161,paragraph
created,397,147,443,161,paragraph
by,447,147,463,161,paragraph
pulsars,468,147,513,161,paragraph
moving,517,147,566,161,paragraph
in,570,147,582,161,paragraph
the,587,147,606,161,paragraph
ISM.,611,147,643,161,paragraph
A,648,147,659,161,paragraph
possi-,664,147,702,161,paragraph
ble,121,161,140,175,paragraph
reason,144,161,186,175,paragraph
for,190,161,209,175,paragraph
these,213,161,246,175,paragraph
differences,251,161,321,175,paragraph
could,325,161,361,175,paragraph
be,365,161,380,175,paragraph
different,385,161,439,175,paragraph
orientations,443,161,519,175,paragraph
of,523,161,536,175,paragraph
the,541,161,560,175,paragraph
pulsar,565,161,604,175,paragraph
rotational,608,161,669,175,paragraph
axes,673,161,702,175,paragraph
(hence,121,175,163,188,paragraph
the,168,175,187,188,paragraph
equatorial,192,175,256,188,paragraph
planes),261,175,307,188,paragraph
with,312,175,340,188,paragraph
respect,345,175,390,188,paragraph
to,395,175,407,188,paragraph
their,412,175,441,188,paragraph
velocities.,446,175,511,188,paragraph
Another,516,175,568,188,paragraph
parameter,573,175,637,188,paragraph
on,642,175,658,188,paragraph
which,663,175,702,188,paragraph
the,121,188,140,202,paragraph
PWN,144,188,179,202,paragraph
properties,184,188,247,202,paragraph
should,251,188,294,202,paragraph
depend,298,188,344,202,paragraph
is,348,188,359,202,paragraph
the,363,188,382,202,paragraph
angle,387,188,421,202,paragraph
between,425,188,478,202,paragraph
the,482,188,502,202,paragraph
spin,506,188,533,202,paragraph
and,537,188,560,202,paragraph
magnetic,564,188,622,202,paragraph
"axes,",626,188,658,202,paragraph
which,663,188,702,202,paragraph
affects,121,202,163,216,paragraph
the,167,202,186,216,paragraph
conversion,190,202,259,216,paragraph
of,263,202,277,216,paragraph
the,281,202,300,216,paragraph
PW,304,202,328,216,paragraph
magnetic,332,202,391,216,paragraph
energy,395,202,438,216,paragraph
into,442,202,467,216,paragraph
kinetic,471,202,514,216,paragraph
energy,518,202,561,216,paragraph
and,565,202,588,216,paragraph
particle,592,202,640,216,paragraph
accelera-,644,202,702,216,paragraph
tion.,121,216,149,229,paragraph
In,153,216,167,229,paragraph
"particular,",171,216,235,229,paragraph
the,239,216,259,229,paragraph
very,263,216,291,229,paragraph
low,295,216,319,229,paragraph
efﬁciencies,323,216,395,229,paragraph
of,399,216,412,229,paragraph
some,417,216,450,229,paragraph
PWNe,454,216,497,229,paragraph
could,501,216,536,229,paragraph
be,541,216,556,229,paragraph
associated,560,216,625,229,paragraph
with,629,216,658,229,paragraph
nearly,662,216,702,229,paragraph
aligned,121,229,167,243,paragraph
spin,171,229,198,243,paragraph
and,202,229,225,243,paragraph
magnetic,229,229,287,243,paragraph
axes.,291,229,323,243,paragraph
To,327,229,344,243,paragraph
check,348,229,385,243,paragraph
these,389,229,422,243,paragraph
"hypotheses,",426,229,500,243,paragraph
it,504,229,513,243,paragraph
would,517,229,557,243,paragraph
be,561,229,576,243,paragraph
useful,580,229,619,243,paragraph
to,623,229,635,243,paragraph
look,640,229,668,243,paragraph
for,672,229,690,243,paragraph
a,694,229,702,243,paragraph
correlation,121,243,189,256,paragraph
between,193,243,246,256,paragraph
the,250,243,270,256,paragraph
PWN,274,243,309,256,paragraph
properties,313,243,377,256,paragraph
and,381,243,404,256,paragraph
multiwavelength,408,243,514,256,paragraph
pulsations.,518,243,586,256,paragraph
3.2.9,121,257,152,270,section
General,158,257,210,270,section
overview,214,257,271,270,section
of,275,257,287,270,section
the,291,257,311,270,section
X-ray,315,257,351,270,section
PWNe,354,257,395,270,section
created,399,257,446,270,section
by,450,257,465,270,section
supersonically,469,257,562,270,section
moving,566,257,612,270,section
pulsars,616,257,663,270,section
About,146,284,185,298,paragraph
15,192,284,208,298,paragraph
X-ray,215,284,252,298,paragraph
PWNe,259,284,301,298,paragraph
created,308,284,354,298,paragraph
by,361,284,377,298,paragraph
pulsars,383,284,429,298,paragraph
moving,435,284,484,298,paragraph
through,490,284,540,298,paragraph
the,547,284,566,298,paragraph
ISM,573,284,601,298,paragraph
have,608,284,638,298,paragraph
been,644,284,674,298,paragraph
de-,681,284,702,298,paragraph
tected.,121,298,162,311,paragraph
The,168,298,192,311,paragraph
spindown,198,298,259,311,paragraph
powers,265,298,310,311,paragraph
E˙,315,295,325,311,paragraph
of,332,298,345,311,paragraph
these,350,298,383,311,paragraph
pulsars,388,298,433,311,paragraph
are,438,298,458,311,paragraph
in,463,298,475,311,paragraph
the,481,298,500,311,paragraph
range,505,298,541,311,paragraph
from,546,298,577,311,paragraph
1.2,582,298,603,311,paragraph
×,605,291,618,311,paragraph
1033,620,296,648,311,paragraph
erg,654,298,674,311,paragraph
s−1,679,292,701,311,paragraph
×,400,305,412,325,paragraph
−,482,305,492,320,paragraph
(PSR,121,311,154,325,paragraph
"B2224+65,",160,311,232,325,paragraph
the,238,311,257,325,paragraph
Guitar,264,311,304,325,paragraph
PWN),311,311,351,325,paragraph
to,358,311,370,325,paragraph
2.5,376,311,397,325,paragraph
1036,415,310,443,325,paragraph
erg,450,311,470,325,paragraph
s,476,311,482,325,paragraph
1,492,310,497,320,paragraph
(PSR,505,311,538,325,paragraph
"J1747–2958,",544,311,626,325,paragraph
the,632,311,652,325,paragraph
Mouse,658,311,702,325,paragraph
PWN).,121,325,165,338,paragraph
Electrons/positrons,169,325,292,338,paragraph
of,295,325,309,338,paragraph
PWs,312,325,342,338,paragraph
of,346,325,359,338,paragraph
less,363,325,387,338,paragraph
powerful,390,325,447,338,paragraph
"pulsars,",451,325,500,338,paragraph
which,504,325,543,338,paragraph
consitute,546,325,604,338,paragraph
the,608,325,627,338,paragraph
majority,631,325,685,338,paragraph
of,688,325,702,338,paragraph
rotation-powered,121,338,230,352,paragraph
"pulsars,",234,338,283,352,paragraph
apparently,287,338,354,352,paragraph
cannot,358,338,401,352,paragraph
be,405,338,420,352,paragraph
accelerated,424,338,496,352,paragraph
to,500,338,512,352,paragraph
energies,516,338,569,352,paragraph
high,573,338,602,352,paragraph
enough,606,338,653,352,paragraph
to,657,338,669,352,paragraph
emit,673,338,702,352,paragraph
X-ray,121,352,158,366,paragraph
synchrotron,162,352,238,366,paragraph
"radiation,",243,352,303,366,paragraph
and,308,352,331,366,paragraph
even,335,352,365,366,paragraph
if,369,352,379,366,paragraph
the,384,352,403,366,paragraph
energy,408,352,451,366,paragraph
is,455,352,466,366,paragraph
"sufﬁcient,",470,352,533,366,paragraph
the,538,352,557,366,paragraph
PWN,562,352,597,366,paragraph
luminosity,602,352,670,366,paragraph
may,674,352,702,366,paragraph
be,121,366,136,379,paragraph
too,140,366,160,379,paragraph
low,164,366,187,379,paragraph
to,191,366,204,379,paragraph
detect,208,366,246,379,paragraph
"it,",250,366,262,379,paragraph
even,266,366,296,379,paragraph
from,300,366,331,379,paragraph
nearby,335,366,378,379,paragraph
sources.,382,366,434,379,paragraph
The,146,380,170,393,paragraph
examples,177,380,237,393,paragraph
presented,243,380,304,393,paragraph
here,310,380,338,393,paragraph
show,344,380,377,393,paragraph
that,384,380,408,393,paragraph
most,414,380,445,393,paragraph
supersonically,452,380,543,393,paragraph
moving,550,380,598,393,paragraph
pulsars,605,380,650,393,paragraph
are,656,380,676,393,paragraph
ac-,682,380,702,393,paragraph
companied,121,393,190,407,paragraph
by,197,393,212,407,paragraph
"tails,",219,393,249,407,paragraph
with,256,393,284,407,paragraph
typical,290,393,333,407,paragraph
lengths,340,393,386,407,paragraph
of,392,393,405,407,paragraph
a,411,393,419,407,paragraph
few,425,393,448,407,paragraph
parsecs.,455,393,505,407,paragraph
"However,",512,393,572,407,paragraph
the,579,393,598,407,paragraph
appearances,604,393,682,407,paragraph
of,688,393,702,407,paragraph
PWN,121,407,156,420,paragraph
heads,160,407,196,420,paragraph
vary,199,407,227,420,paragraph
considerably,231,407,312,420,paragraph
in,316,407,328,420,paragraph
different,332,407,386,420,paragraph
sources.,390,407,442,420,paragraph
Some,445,407,482,420,paragraph
of,485,407,498,420,paragraph
the,502,407,522,420,paragraph
well-resolved,525,407,612,420,paragraph
PWNe,615,407,658,420,paragraph
have,661,407,691,420,paragraph
a,694,407,702,420,paragraph
ﬁlled,121,421,153,434,paragraph
PWN,157,421,193,434,paragraph
head,197,421,227,434,paragraph
morphology,231,421,308,434,paragraph
"(e.g.,",313,421,345,434,paragraph
the,349,421,368,434,paragraph
"Mouse,",372,421,420,434,paragraph
"B0355+54,",424,421,495,434,paragraph
J1741–2044),499,421,582,434,paragraph
while,586,421,621,434,paragraph
others,625,421,664,434,paragraph
show,668,421,702,434,paragraph
“hollow”,121,434,178,448,paragraph
morphologies,184,434,271,448,paragraph
"(Geminga,",276,434,344,448,paragraph
J1509–5850).,349,434,436,448,paragraph
"Moreover,",441,434,507,448,paragraph
there,512,434,544,448,paragraph
is,549,434,560,448,paragraph
at,565,434,576,448,paragraph
least,581,434,611,448,paragraph
one,616,434,639,448,paragraph
"example,",644,434,702,448,paragraph
"J0357+3205,",121,448,203,461,paragraph
which,207,448,246,461,paragraph
shows,250,448,290,461,paragraph
a,294,448,301,461,paragraph
long,305,448,333,461,paragraph
tail,337,448,358,461,paragraph
but,362,448,382,461,paragraph
no,386,448,402,461,paragraph
resolved,406,448,459,461,paragraph
PWN,464,448,499,461,paragraph
head,503,448,533,461,paragraph
around,537,448,581,461,paragraph
the,585,448,605,461,paragraph
pulsar.,609,448,651,461,paragraph
The,655,448,680,461,paragraph
di-,684,448,702,461,paragraph
versity,121,461,164,475,paragraph
of,167,461,180,475,paragraph
PWN,183,461,219,475,paragraph
heads,222,461,258,475,paragraph
suggests,261,461,315,475,paragraph
that,318,461,342,475,paragraph
PWs,345,461,376,475,paragraph
of,379,461,392,475,paragraph
old,395,461,416,475,paragraph
pulsars,419,461,464,475,paragraph
are,467,461,486,475,paragraph
"anisotropic,",490,461,564,475,paragraph
perhaps,568,461,617,475,paragraph
concentrated,620,461,702,475,paragraph
around,121,475,165,489,paragraph
the,170,475,189,489,paragraph
equatorial,194,475,258,489,paragraph
plane,262,475,297,489,paragraph
(as,302,475,320,489,paragraph
in,325,475,338,489,paragraph
the,343,475,362,489,paragraph
Crab,367,475,398,489,paragraph
and,403,475,426,489,paragraph
some,431,475,464,489,paragraph
other,469,475,502,489,paragraph
young,507,475,546,489,paragraph
pulsars),551,475,602,489,paragraph
in,607,475,619,489,paragraph
many,624,475,659,489,paragraph
cases.,664,475,702,489,paragraph
The,121,489,145,502,paragraph
different,150,489,204,502,paragraph
appearances,209,489,287,502,paragraph
of,292,489,305,502,paragraph
the,310,489,329,502,paragraph
compact,334,489,388,502,paragraph
PWN,393,489,428,502,paragraph
components,433,489,510,502,paragraph
could,515,489,550,502,paragraph
be,555,489,570,502,paragraph
due,574,489,597,502,paragraph
to,602,489,615,502,paragraph
different,619,489,674,502,paragraph
ori-,679,489,702,502,paragraph
entations,121,502,178,516,paragraph
of,182,502,195,516,paragraph
the,199,502,218,516,paragraph
pulsar’s,222,502,272,516,paragraph
spin,276,502,302,516,paragraph
axis,306,502,332,516,paragraph
with,336,502,364,516,paragraph
respect,368,502,413,516,paragraph
to,417,502,429,516,paragraph
the,433,502,452,516,paragraph
velocity,456,502,507,516,paragraph
direction,511,502,568,516,paragraph
and,572,502,595,516,paragraph
the,598,502,618,516,paragraph
line,622,502,646,516,paragraph
of,649,502,663,516,paragraph
sight.,667,502,702,516,paragraph
A,121,516,132,529,paragraph
particularly,138,516,211,529,paragraph
puzzling,217,516,272,529,paragraph
morphology,278,516,355,529,paragraph
is,361,516,372,529,paragraph
seen,378,516,406,529,paragraph
in,412,516,424,529,paragraph
the,430,516,449,529,paragraph
Geminga,455,516,513,529,paragraph
"PWN,",519,516,559,529,paragraph
with,564,516,593,529,paragraph
its,598,516,613,529,paragraph
three,619,516,651,529,paragraph
"“tails”,",657,516,702,529,paragraph
which,121,530,159,543,paragraph
can,163,530,185,543,paragraph
be,189,530,204,543,paragraph
considered,208,530,277,543,paragraph
as,280,530,294,543,paragraph
a,297,530,304,543,paragraph
hollow-morphology,308,530,435,543,paragraph
compact,439,530,493,543,paragraph
PWN,496,530,532,543,paragraph
component,535,530,606,543,paragraph
observed,610,530,667,543,paragraph
from,671,530,702,543,paragraph
a,121,543,128,557,paragraph
close,132,543,164,557,paragraph
distance,169,543,221,557,paragraph
(it,225,543,239,557,paragraph
might,243,543,280,557,paragraph
have,285,543,314,557,paragraph
a,318,543,325,557,paragraph
much,330,543,365,557,paragraph
longer,369,543,410,557,paragraph
tail,414,543,434,557,paragraph
that,438,543,462,557,paragraph
is,466,543,477,557,paragraph
perhaps,481,543,531,557,paragraph
too,535,543,555,557,paragraph
faint,559,543,588,557,paragraph
to,593,543,605,557,paragraph
be,609,543,624,557,paragraph
detected,628,543,681,557,paragraph
by,686,543,702,557,paragraph
the,121,557,140,570,paragraph
current,144,557,189,570,paragraph
instruments).,193,557,276,570,paragraph
Quite,146,571,181,584,paragraph
unexpected,187,571,259,584,paragraph
was,266,571,290,584,paragraph
the,296,571,316,584,paragraph
discovery,322,571,383,584,paragraph
of,390,571,403,584,paragraph
“misaligned,409,571,486,584,paragraph
outﬂows”,492,571,553,584,paragraph
in,560,571,572,584,paragraph
X-ray,578,571,615,584,paragraph
observations,622,571,702,584,paragraph
of,121,584,134,598,paragraph
several,139,584,184,598,paragraph
pulsars:,189,584,238,598,paragraph
B2224+65,244,584,311,598,paragraph
(the,316,584,341,598,paragraph
"Guitar),",346,584,396,598,paragraph
"J1509–5850,",402,584,483,598,paragraph
"B0355+54,",489,584,560,598,paragraph
described,565,584,626,598,paragraph
"above,",632,584,673,598,paragraph
and,679,584,702,598,paragraph
likely,121,598,157,612,paragraph
the,160,598,180,612,paragraph
spectacular,183,598,255,612,paragraph
Lighthouse,259,598,330,612,paragraph
nebula,334,598,376,612,paragraph
created,379,598,425,612,paragraph
by,429,598,445,612,paragraph
PSR,449,598,477,612,paragraph
J1101–6101,481,598,558,612,paragraph
(Pavan,562,598,605,612,paragraph
et,609,598,620,612,paragraph
al.,624,598,639,612,paragraph
2016,643,598,675,612,paragraph
and,679,598,702,612,paragraph
references,121,612,186,625,paragraph
therein;,192,612,240,625,paragraph
see,246,612,266,625,paragraph
Figure,272,612,314,625,paragraph
36).,319,612,344,625,paragraph
Their,350,612,385,625,paragraph
nature,390,612,430,625,paragraph
still,436,612,460,625,paragraph
remains,465,612,516,625,paragraph
puzzling.,522,612,580,625,paragraph
A,586,612,598,625,paragraph
hypothesis,603,612,671,625,paragraph
was,677,612,702,625,paragraph
suggested,121,625,183,639,paragraph
by,188,625,204,639,paragraph
Bandiera,208,625,266,639,paragraph
(2008),270,625,313,639,paragraph
that,317,625,341,639,paragraph
these,346,625,379,639,paragraph
features,383,625,434,639,paragraph
are,438,625,458,639,paragraph
produced,462,625,521,639,paragraph
by,526,625,542,639,paragraph
synchrotron,547,625,622,639,paragraph
radiation,627,625,684,639,paragraph
of,688,625,702,639,paragraph
very,121,639,149,652,paragraph
high,152,639,180,652,paragraph
energy,183,639,226,652,paragraph
particles,229,639,283,652,paragraph
leaked,286,639,327,652,paragraph
from,330,639,361,652,paragraph
the,364,639,384,652,paragraph
TSs,387,639,412,652,paragraph
into,415,639,440,652,paragraph
the,443,639,462,652,paragraph
ambient,465,639,516,652,paragraph
ISM,520,639,548,652,paragraph
along,551,639,586,652,paragraph
the,589,639,609,652,paragraph
ISM,612,639,640,652,paragraph
magnetic,643,639,702,652,paragraph
"ﬁeld,",121,652,153,666,paragraph
but,157,652,177,666,paragraph
this,181,652,204,666,paragraph
interpretation,208,652,293,666,paragraph
remains,297,652,348,666,paragraph
to,352,652,364,666,paragraph
be,368,652,383,666,paragraph
conﬁrmed,387,652,452,666,paragraph
by,456,652,471,666,paragraph
quantitative,475,652,550,666,paragraph
modeling.,554,652,618,666,paragraph
Although,146,666,206,680,paragraph
the,210,666,230,680,paragraph
ﬂow,234,666,262,680,paragraph
speeds,267,666,309,680,paragraph
along,314,666,349,680,paragraph
the,353,666,373,680,paragraph
tails,377,666,404,680,paragraph
or,408,666,422,680,paragraph
misaligned,426,666,496,680,paragraph
outﬂows,501,666,555,680,paragraph
have,560,666,589,680,paragraph
not,594,666,614,680,paragraph
been,618,666,648,680,paragraph
directly,653,666,702,680,paragraph
"measured,",121,680,185,694,paragraph
they,191,680,218,694,paragraph
have,224,680,253,694,paragraph
been,259,680,289,694,paragraph
crudely,294,680,342,694,paragraph
estimated,348,680,409,694,paragraph
for,414,680,433,694,paragraph
some,438,680,472,694,paragraph
tails,477,680,504,694,paragraph
based,509,680,546,694,paragraph
on,551,680,567,694,paragraph
circumstantial,573,680,663,694,paragraph
argu-,668,680,702,694,paragraph
ments.,121,694,162,707,paragraph
These,168,694,206,707,paragraph
estimates,211,694,270,707,paragraph
show,276,694,309,707,paragraph
that,314,694,338,707,paragraph
ﬂow,344,694,372,707,paragraph
speeds,377,694,419,707,paragraph
considerably,425,694,506,707,paragraph
exceed,511,694,555,707,paragraph
the,561,694,580,707,paragraph
pulsar,585,694,624,707,paragraph
"speeds,",630,694,676,707,paragraph
but,682,694,702,707,paragraph
they,121,707,148,721,paragraph
are,152,707,171,721,paragraph
well,175,707,202,721,paragraph
below,206,707,245,721,paragraph
the,249,707,268,721,paragraph
mildly,272,707,314,721,paragraph
relativistic,318,707,385,721,paragraph
speeds,389,707,431,721,paragraph
predicted,435,707,494,721,paragraph
by,498,707,514,721,paragraph
the,518,707,537,721,paragraph
numerical,541,707,605,721,paragraph
simulations.,609,707,686,721,paragraph
The,146,721,170,735,paragraph
X-ray,175,721,213,735,paragraph
"efﬁciencies,",218,721,294,735,paragraph
ηX,299,720,316,736,paragraph
=,322,723,334,735,paragraph
"LX/E˙,",338,719,379,736,paragraph
of,384,721,397,735,paragraph
the,402,721,422,735,paragraph
o∼bserv−ed,427,721,484,748,paragraph
PWNe,489,721,532,735,paragraph
vary,537,721,564,735,paragraph
between,570,721,623,735,paragraph
(cid:46),628,716,640,732,paragraph
2,644,721,652,735,paragraph
×,655,715,667,735,paragraph
10−6,670,715,701,735,paragraph
(the,121,735,145,748,paragraph
alleged,150,735,196,748,paragraph
PWN,201,735,237,748,paragraph
around,242,735,286,748,paragraph
PSR,291,735,320,748,paragraph
B0656+14),325,735,397,748,paragraph
and,403,735,426,748,paragraph
10,447,735,463,748,paragraph
2,472,734,478,744,paragraph
(the,484,735,509,748,paragraph
Mouse).,514,735,567,748,paragraph
The,572,735,597,748,paragraph
reason,602,735,643,748,paragraph
for,649,735,667,748,paragraph
such,672,735,702,748,paragraph
a,121,748,128,762,paragraph
huge,132,748,163,762,paragraph
scatter,168,748,209,762,paragraph
remains,214,748,264,762,paragraph
unclear.,269,748,318,762,paragraph
At,323,748,339,762,paragraph
least,343,748,373,762,paragraph
"partly,",377,748,417,762,paragraph
it,422,748,431,762,paragraph
can,435,748,457,762,paragraph
be,462,748,477,762,paragraph
due,481,748,504,762,paragraph
to,509,748,521,762,paragraph
different,526,748,580,762,paragraph
orientations,585,748,660,762,paragraph
of,664,748,678,762,paragraph
the,682,748,702,762,paragraph
pulsar,121,762,159,776,paragraph
equatorial,165,762,228,776,paragraph
"planes,",233,762,278,776,paragraph
where,283,762,322,776,paragraph
the,327,762,346,776,paragraph
PWs,352,762,382,776,paragraph
are,387,762,406,776,paragraph
presumably,411,762,486,776,paragraph
"concentrated,",491,762,576,776,paragraph
with,581,762,609,776,paragraph
respect,614,762,659,776,paragraph
to,665,762,677,776,paragraph
the,682,762,702,776,paragraph
##LTLine##,121,95,702,95,paragraph
