token,x0,y0,x1,y1,label
5D.,124,89,152,106,reference
"Mart´ınez,",159,91,240,106,reference
D.,248,91,268,106,reference
del,275,91,300,106,reference
"Castillo-Negrete,",308,91,447,106,reference
A.,456,91,475,106,reference
"Olvera,",483,91,544,106,reference
and,552,91,582,106,reference
R.,590,91,610,106,reference
Calleja.,617,91,681,106,reference
Self-consistent,693,91,812,106,reference
chaotic,820,91,879,106,reference
transport,132,117,210,132,reference
in,215,117,231,132,reference
a,236,117,245,132,reference
high,250,117,286,132,reference
dimensional,291,117,390,132,reference
mean-ﬁeld,395,117,481,132,reference
hamiltonian,486,117,586,132,reference
map,591,117,627,132,reference
model.,632,117,688,132,reference
"QTDS,",694,117,753,132,reference
"14(2):313–335,",758,117,879,132,reference
2015.,132,144,175,159,reference
6M.,124,169,155,185,reference
Canadell,159,170,232,185,reference
and,237,170,268,185,reference
R.,272,170,292,185,reference
de,296,170,315,185,reference
la,320,170,334,185,reference
Llave.,339,170,389,185,reference
KAM,394,170,441,185,reference
tori,445,170,475,185,reference
and,479,170,510,185,reference
whiskered,515,170,596,185,reference
invariant,601,170,675,185,reference
tori,679,170,709,185,reference
for,713,170,736,185,reference
non-autonomous,741,170,879,185,reference
systems.,132,196,202,212,reference
Physica,210,196,273,212,reference
"D,",280,196,300,212,reference
"310:104–113,",306,196,413,212,reference
2015.,419,196,463,212,reference
7S.,124,221,148,238,reference
Tompaidis.,157,223,249,238,reference
Numerical,267,223,352,238,reference
study,362,223,408,238,reference
of,417,223,433,238,reference
invariant,442,223,516,238,reference
sets,526,223,557,238,reference
of,566,223,581,238,reference
a,591,223,600,238,reference
quasiperiodic,610,223,720,238,reference
perturbation,729,223,835,238,reference
of,845,223,860,238,reference
a,869,223,879,238,reference
symplectic,132,249,220,264,reference
map.,226,249,267,264,reference
Exp.,276,249,313,264,reference
"Math.,",320,249,374,264,reference
"5(3):211–230,",381,249,492,264,reference
1996.,499,249,542,264,reference
8Carles,124,274,184,291,reference
Simo´.,190,276,236,291,reference
Experiments,243,276,348,291,reference
looking,354,276,415,291,reference
for,420,276,443,291,reference
theoretical,449,276,537,291,reference
predictions.,542,276,639,291,reference
Indagationes,646,276,752,291,reference
"Mathematicae,",758,276,879,291,reference
2015.,132,302,175,317,reference
9J,124,327,142,344,reference
Moser.,148,329,204,344,reference
On,214,329,239,344,reference
invariant,246,329,320,344,reference
curves,327,329,379,344,reference
of,386,329,401,344,reference
area-preserving,408,329,535,344,reference
maps,542,329,585,344,reference
of,592,329,608,344,reference
an,614,329,635,344,reference
annulus.,641,329,711,344,reference
nach.,718,329,762,344,reference
Akad.,772,329,820,344,reference
"Wiss.,",827,329,879,344,reference
"Gottingen,",132,355,220,370,reference
Math.,227,355,276,370,reference
Phys.,282,355,328,370,reference
Kl.,335,355,360,370,reference
"II,",367,355,387,370,reference
"1(1),",394,355,433,370,reference
1962.,439,355,483,370,reference
10Renato,117,380,192,396,reference
C.,198,381,217,396,reference
"Calleja,",224,381,287,396,reference
Alessandra,293,381,384,396,reference
"Celletti,",391,381,458,396,reference
Corrado,464,381,532,396,reference
"Falcolini,",539,381,614,396,reference
and,621,381,652,396,reference
Rafael,658,381,711,396,reference
de,717,381,737,396,reference
la,743,381,758,396,reference
Llave.,764,381,814,396,reference
An,823,381,848,396,reference
ex-,854,381,879,396,reference
tension,132,408,191,423,reference
of,197,408,212,423,reference
Greene’s,217,408,289,423,reference
criterion,294,408,364,423,reference
for,370,408,392,423,reference
conformally,398,408,495,423,reference
symplectic,501,408,589,423,reference
systems,594,408,658,423,reference
and,664,408,695,423,reference
a,700,408,709,423,reference
partial,715,408,770,423,reference
justiﬁcation.,775,408,879,423,reference
SIAM,132,434,181,449,reference
J.,188,434,204,449,reference
Math.,211,434,260,449,reference
"Anal.,",267,434,317,449,reference
"46(4):2350–2384,",323,434,463,449,reference
2014.,470,434,513,449,reference
11J.,117,459,147,476,reference
M.,153,461,176,476,reference
Greene.,182,461,246,476,reference
A,253,461,268,476,reference
method,274,461,337,476,reference
for,343,461,366,476,reference
determining,372,461,472,476,reference
a,478,461,487,476,reference
stochastic,493,461,575,476,reference
transition.,581,461,667,476,reference
Journal,675,461,739,476,reference
of,745,461,761,476,reference
Mathematical,767,461,879,476,reference
"Physics,",132,487,199,502,reference
"20:1183–1201,",206,487,322,502,reference
June,328,487,368,502,reference
1979.,374,487,418,502,reference
12R.,117,512,151,529,reference
de,158,513,177,529,reference
la,184,513,198,529,reference
Llave.,205,513,255,529,reference
A,264,513,278,529,reference
tutorial,285,513,348,529,reference
on,354,513,374,529,reference
KAM,381,513,428,529,reference
theory.,434,513,492,529,reference
In,501,513,519,529,reference
Smooth,525,513,586,529,reference
ergodic,593,513,651,529,reference
theory,658,513,709,529,reference
and,716,513,747,529,reference
its,754,513,774,529,reference
applications,781,513,879,529,reference
"(Seattle,",132,540,200,555,reference
"WA,",206,540,244,555,reference
"1999),",249,540,302,555,reference
volume,307,540,367,555,reference
69,372,540,391,555,reference
of,396,540,411,555,reference
Proc.,416,540,460,555,reference
Sympos.,466,540,534,555,reference
Pure,539,540,578,555,reference
"Math.,",584,540,638,555,reference
pages,644,540,689,555,reference
175–292.,694,540,767,555,reference
Amer.,772,540,823,555,reference
Math.,829,540,879,555,reference
"Soc.,",132,566,172,581,reference
"Providence,",178,566,275,581,reference
"RI,",281,566,308,581,reference
2001.,314,566,358,581,reference
13R.,117,591,151,608,reference
Calleja,159,593,217,608,reference
and,225,593,256,608,reference
R.,264,593,284,608,reference
de,292,593,311,608,reference
la,319,593,334,608,reference
Llave.,342,593,392,608,reference
A,406,593,420,608,reference
numerically,428,593,525,608,reference
accessible,533,593,613,608,reference
criterion,621,593,691,608,reference
for,699,593,722,608,reference
the,730,593,757,608,reference
breakdown,765,593,855,608,reference
of,864,593,879,608,reference
quasi-periodic,132,619,248,634,reference
solutions,253,619,327,634,reference
and,332,619,363,634,reference
its,368,619,388,634,reference
rigorous,393,619,460,634,reference
justiﬁcation.,466,619,569,634,reference
"Nonlinearity,",576,619,684,634,reference
"23(9):2029–2058,",690,619,830,634,reference
2010.,835,619,879,634,reference
14R.,117,644,151,661,reference
de,156,646,175,661,reference
la,180,646,194,661,reference
"Llave,",199,646,249,661,reference
A.,254,646,273,661,reference
"Gonza´lez,",278,646,359,661,reference
A`.,364,642,383,661,reference
"Jorba,",388,646,440,661,reference
and,445,646,476,661,reference
J.,481,646,496,661,reference
Villanueva.,500,646,593,661,reference
KAM,599,646,646,661,reference
theory,650,646,704,661,reference
without,709,646,773,661,reference
action-angle,778,646,879,661,reference
variables.,132,672,210,687,reference
"Nonlinearity,",218,672,327,687,reference
"18(2):855–895,",333,672,455,687,reference
2005.,461,672,505,687,reference
15R.,117,697,151,713,reference
"Calleja,",159,698,223,713,reference
A.,231,698,251,713,reference
"Celletti,",259,698,326,713,reference
and,335,698,365,713,reference
R.,374,698,393,713,reference
de,401,698,420,713,reference
la,428,698,443,713,reference
Llave.,452,698,501,713,reference
A,515,698,529,713,reference
KAM,538,698,584,713,reference
theory,592,698,646,713,reference
for,654,698,677,713,reference
conformally,685,698,783,713,reference
symplectic,791,698,879,713,reference
systems:,132,725,202,740,reference
eﬃcient,212,725,276,740,reference
algorithms,283,725,372,740,reference
and,379,725,410,740,reference
their,417,725,456,740,reference
validation.,463,725,551,740,reference
J.,562,725,578,740,reference
Diﬀerential,585,725,680,740,reference
"Equations,",687,725,775,740,reference
255(5):978–,782,725,879,740,reference
"1049,",132,751,175,766,reference
2013.,182,751,225,766,reference
16E.,117,776,150,793,reference
Zehnder.,155,778,228,793,reference
Generalized,234,778,332,793,reference
implicit,337,778,401,793,reference
function,406,778,474,793,reference
theorems,479,778,555,793,reference
with,559,778,597,793,reference
applications,601,778,701,793,reference
to,706,778,723,793,reference
some,728,778,770,793,reference
small,775,778,818,793,reference
divisor,823,778,879,793,reference
problems.,132,804,213,819,reference
I.,219,804,231,819,reference
Comm.,240,804,300,819,reference
Pure,307,804,346,819,reference
Appl.,353,804,398,819,reference
"Math.,",404,804,459,819,reference
"28:91–140,",465,804,552,819,reference
1975.,558,804,602,819,reference
17R.,117,829,151,846,reference
Calleja,158,830,216,846,reference
and,223,830,254,846,reference
R.,261,830,280,846,reference
de,287,830,306,846,reference
la,313,830,328,846,reference
Llave.,335,830,385,846,reference
Fast,395,830,431,846,reference
numerical,438,830,519,846,reference
computation,526,830,631,846,reference
of,638,830,653,846,reference
quasi-periodic,660,830,777,846,reference
equilibrium,784,830,879,846,reference
states,132,857,180,872,reference
in,187,857,203,872,reference
1D,211,857,235,872,reference
statistical,243,857,324,872,reference
"mechanics,",331,857,421,872,reference
including,429,857,505,872,reference
twist,513,857,554,872,reference
maps.,561,857,610,872,reference
"Nonlinearity,",622,857,731,872,reference
"22(6):1311–1336,",739,857,879,872,reference
2009.,132,883,175,898,reference
18R.,117,908,151,925,reference
Calleja,158,910,216,925,reference
and,222,910,253,925,reference
R.,259,910,279,925,reference
de,285,910,304,925,reference
la,311,910,325,925,reference
Llave.,332,910,382,925,reference
Computation,390,910,501,925,reference
of,507,910,523,925,reference
the,529,910,556,925,reference
breakdown,562,910,652,925,reference
of,659,910,674,925,reference
analyticity,681,910,769,925,reference
in,776,910,792,925,reference
statistical,798,910,879,925,reference
32,479,953,498,968,paragraph
