token,x0,y0,x1,y1,label
Prepared,140,101,225,115,paragraph
for,232,101,263,115,paragraph
submission,270,101,362,115,paragraph
to,368,101,390,115,paragraph
JHEP,397,101,448,115,paragraph
Does,140,196,217,222,title
horizon,230,196,341,222,title
entropy,353,196,469,222,title
satisfy,482,196,578,222,title
a,591,196,608,222,title
Quantum,621,196,765,222,title
Null,777,196,840,222,title
Energy,140,230,245,257,title
Conjecture?,258,230,442,257,title
Zicao,140,325,188,340,author
Fu,195,325,218,340,author
and,225,325,257,340,author
Donald,264,325,328,340,author
Marolf,335,325,393,340,author
Department,152,351,244,365,author
of,250,351,265,365,author
"Physics,",271,351,334,365,author
University,341,351,421,365,author
of,427,351,442,365,author
"California,",448,351,532,365,author
Santa,539,351,583,365,author
"Barbara,",589,351,656,365,author
CA,662,351,688,365,author
"93106,",695,351,746,365,author
USA,752,351,789,365,author
E-mail:,152,378,214,393,paragraph
"zicaofu@physics.ucsb.edu,",224,378,470,393,paragraph
marolf@physics.ucsb.edu,477,379,708,393,paragraph
Abstract:,140,415,240,430,paragraph
A,245,418,259,433,abstract
modern,264,418,327,433,abstract
version,332,418,390,433,abstract
of,395,418,411,433,abstract
the,415,418,442,433,abstract
idea,447,418,481,433,abstract
that,486,418,521,433,abstract
the,526,418,552,433,abstract
area,557,418,592,433,abstract
of,597,418,612,433,abstract
event,617,418,661,433,abstract
horizons,666,418,735,433,abstract
gives,740,418,780,433,abstract
4G,785,418,810,433,abstract
times,815,418,860,433,abstract
an,140,438,160,453,abstract
entropy,166,438,229,453,abstract
is,235,438,248,453,abstract
the,254,438,281,453,abstract
Hubeny-Rangamani,287,438,453,453,abstract
Causal,459,438,515,453,abstract
Holographic,521,438,622,453,abstract
Information,628,438,727,453,abstract
(CHI),733,438,783,453,abstract
proposal,789,438,860,453,abstract
for,140,458,162,473,abstract
holographic,168,458,265,473,abstract
ﬁeld,271,458,306,473,abstract
theories.,312,458,383,473,abstract
Given,391,458,440,473,abstract
a,446,458,456,473,abstract
region,462,458,513,473,abstract
R,519,458,533,473,abstract
of,540,458,555,473,abstract
a,561,458,571,473,abstract
holographic,577,458,673,473,abstract
"QFTs,",679,458,733,473,abstract
CHI,740,458,775,473,abstract
computes,781,458,859,473,abstract
A/4G,140,478,188,494,abstract
on,197,478,217,494,abstract
a,225,478,235,494,abstract
certain,243,478,301,494,abstract
cut,309,478,336,494,abstract
of,344,478,360,494,abstract
an,368,478,388,494,abstract
event,397,478,441,494,abstract
horizon,449,478,511,494,abstract
in,519,478,535,494,abstract
the,544,478,570,494,abstract
gravitational,579,478,685,494,abstract
dual.,694,478,735,494,abstract
The,750,478,783,494,abstract
result,791,478,838,494,abstract
is,847,478,859,494,abstract
naturally,140,498,215,514,abstract
interpreted,224,498,316,514,abstract
as,324,498,341,514,abstract
a,350,498,359,514,abstract
coarse-grained,367,498,487,514,abstract
entropy,495,498,558,514,abstract
for,566,498,589,514,abstract
the,598,498,624,514,abstract
QFT.,633,498,679,514,abstract
CHI,687,498,722,514,abstract
is,731,498,744,514,abstract
known,752,498,806,514,abstract
to,814,498,831,514,abstract
be,840,498,859,514,abstract
ﬁnitely,140,519,197,534,abstract
greater,205,519,264,534,abstract
than,272,519,310,534,abstract
the,318,519,345,534,abstract
ﬁne-grained,353,519,450,534,abstract
Hubeny-Rangamani-Takayanagi,458,519,725,534,abstract
(HRT),733,519,788,534,abstract
entropy,796,519,859,534,abstract
when,140,539,183,554,abstract
∂R,190,539,216,554,abstract
lies,223,539,249,554,abstract
on,256,539,276,554,abstract
a,283,539,293,554,abstract
Killing,299,539,356,554,abstract
horizon,363,539,424,554,abstract
of,431,539,446,554,abstract
the,453,539,480,554,abstract
QFT,487,539,528,554,abstract
"spacetime,",535,539,622,554,abstract
and,629,539,660,554,abstract
in,666,539,682,554,abstract
this,689,539,720,554,abstract
context,727,539,789,554,abstract
satisﬁes,795,539,860,554,abstract
other,140,559,183,574,abstract
non-trivial,190,559,278,574,abstract
properties,285,559,369,574,abstract
expected,376,559,449,574,abstract
of,456,559,472,574,abstract
an,479,559,499,574,abstract
entropy.,506,559,573,574,abstract
Here,584,559,623,574,abstract
we,630,559,652,574,abstract
present,659,559,719,574,abstract
evidence,727,559,797,574,abstract
that,804,559,840,574,abstract
it,847,559,859,574,abstract
also,140,579,171,594,abstract
satisﬁes,180,579,244,594,abstract
the,252,579,279,594,abstract
quantum,287,579,362,594,abstract
,370,579,402,594,abstract
energy,410,579,465,594,abstract
condition,473,579,551,594,abstract
"(QNEC),",559,579,635,594,abstract
which,644,579,692,594,abstract
bounds,701,579,761,594,abstract
the,769,579,796,594,abstract
second,804,579,860,594,abstract
derivative,140,599,221,614,abstract
of,226,599,242,614,abstract
the,248,599,274,614,abstract
entropy,280,599,343,614,abstract
of,349,599,364,614,abstract
a,370,599,379,614,abstract
quantum,385,599,460,614,abstract
ﬁeld,465,599,500,614,abstract
theory,506,599,560,614,abstract
on,565,599,586,614,abstract
one,591,599,620,614,abstract
side,626,599,658,614,abstract
of,663,599,679,614,abstract
a,684,599,694,614,abstract
non-expanding,700,599,822,614,abstract
,828,599,860,614,abstract
surface,140,619,198,634,abstract
by,205,619,225,634,abstract
the,232,619,258,634,abstract
ﬂux,265,619,297,634,abstract
of,304,619,319,634,abstract
stress-energy,326,619,433,634,abstract
across,440,619,490,634,abstract
the,497,619,524,634,abstract
surface.,531,619,594,634,abstract
In,605,619,622,634,abstract
"particular,",629,619,716,634,abstract
we,724,619,745,634,abstract
show,752,619,793,634,abstract
CHI,800,619,835,634,abstract
to,843,619,860,634,abstract
satisfy,140,639,193,654,abstract
the,200,639,227,654,abstract
QNEC,234,639,290,654,abstract
in,297,639,313,654,abstract
1+1,320,639,354,654,abstract
holographic,361,639,458,654,abstract
CFTs,465,639,512,654,abstract
when,520,639,563,654,abstract
evaluated,570,639,649,654,abstract
in,657,639,672,654,abstract
states,680,639,728,654,abstract
dual,735,639,771,654,abstract
to,778,639,795,654,abstract
conical,802,639,860,654,abstract
defects,140,659,196,674,abstract
in,204,659,220,674,abstract
AdS,228,659,264,674,abstract
.,271,659,277,674,abstract
This,289,659,326,674,abstract
surprising,334,659,416,674,abstract
result,424,659,471,674,abstract
further,479,659,537,674,abstract
supports,544,659,616,674,abstract
the,624,659,651,674,abstract
idea,658,659,692,674,abstract
that,700,659,735,674,abstract
CHI,743,659,778,674,abstract
deﬁnes,786,659,842,674,abstract
a,850,659,860,674,abstract
3,264,665,270,675,abstract
useful,140,679,188,694,abstract
notion,192,679,246,694,abstract
of,250,679,265,694,abstract
coarse-grained,270,679,389,694,abstract
holographic,393,679,490,694,abstract
"entropy,",495,679,561,694,abstract
and,566,679,597,694,abstract
suggests,602,679,670,694,abstract
unprecedented,674,679,795,694,abstract
bounds,799,679,860,694,abstract
on,140,699,160,714,abstract
the,165,699,191,714,abstract
rate,197,699,230,714,abstract
at,235,699,252,714,abstract
which,257,699,306,714,abstract
bulk,311,699,347,714,abstract
horizon,353,699,414,714,abstract
generators,420,699,506,714,abstract
emerge,511,699,569,714,abstract
from,575,699,613,714,abstract
a,619,699,628,714,abstract
caustic.,633,699,696,714,abstract
To,704,699,726,714,abstract
supplement,731,699,827,714,abstract
our,832,699,859,714,abstract
"motivation,",140,719,235,734,abstract
we,240,719,261,734,abstract
include,266,719,325,734,abstract
an,330,719,350,734,abstract
appendix,355,719,431,734,abstract
deriving,436,719,503,734,abstract
a,508,719,518,734,abstract
corresponding,522,719,639,734,abstract
coarse-grained,643,719,762,734,abstract
generalized,767,719,859,734,abstract
second,140,739,195,754,abstract
law,201,739,229,754,abstract
for,236,739,259,754,abstract
1+1,265,739,299,754,abstract
holographic,305,739,402,754,abstract
CFTs,408,739,456,754,abstract
perturbatively,462,739,581,754,abstract
coupled,588,739,652,754,abstract
to,658,739,675,754,abstract
dilaton,681,739,740,754,abstract
gravity.,746,739,808,754,abstract
