token,x0,y0,x1,y1,label
[8],226,160,243,172,reference
Stefano,252,160,304,172,reference
Borgo.,309,160,356,172,reference
Coalitions,363,160,434,172,reference
in,439,160,453,172,reference
action,457,160,501,172,reference
logic.,506,160,543,172,reference
In,549,160,564,172,reference
20th,569,160,599,172,reference
International,605,160,698,172,reference
Joint,703,160,739,172,reference
Con-,745,160,780,172,reference
ference,252,175,301,187,reference
on,307,175,324,187,reference
Artiﬁcial,330,175,393,187,reference
"Intelligence,",399,175,484,187,reference
pages,490,175,529,187,reference
"1822–1827,",534,175,612,187,reference
2007.,617,175,654,187,reference
[9],226,198,243,210,reference
Ronald,252,198,302,210,reference
"Fagin,",310,198,354,210,reference
Joseph,362,198,411,210,reference
Y.,418,198,435,210,reference
"Halpern,",443,198,505,210,reference
Yoram,513,198,560,210,reference
"Moses,",568,198,616,210,reference
and,624,198,650,210,reference
Moshe,658,198,704,210,reference
Y.,712,198,728,210,reference
Vardi.,736,198,780,210,reference
Reasoning,252,213,323,226,reference
about,329,213,367,226,reference
knowledge.,372,213,448,226,reference
MIT,455,213,487,226,reference
"Press,",493,213,535,226,reference
"Cambridge,",540,213,622,226,reference
"MA,",628,213,659,226,reference
1995.,665,213,702,226,reference
[10],218,236,243,249,reference
Raul,252,236,285,249,reference
"Fervari,",293,236,347,249,reference
Andreas,355,236,413,249,reference
"Herzig,",420,236,471,249,reference
Yanjun,479,236,530,249,reference
"Li,",537,236,556,249,reference
and,564,236,590,249,reference
Yanjing,598,236,652,249,reference
Wang.,660,236,705,249,reference
Strategi-,718,236,780,249,reference
cally,252,251,285,264,reference
knowing,292,251,350,264,reference
how.,357,251,390,264,reference
In,402,251,417,264,reference
26th,424,251,455,264,reference
International,462,251,555,264,reference
Joint,562,251,599,264,reference
Conference,606,251,685,264,reference
on,692,251,709,264,reference
Artiﬁcial,717,251,780,264,reference
Intelligence,252,266,332,279,reference
"(IJCAI-17),",338,266,424,279,reference
August,430,266,478,279,reference
"19-25,",484,266,528,279,reference
"2017,",534,266,572,279,reference
2017.,577,266,614,279,reference
(to,622,266,642,279,reference
appear).,648,266,707,279,reference
[11],218,290,243,302,reference
Valentin,252,290,311,302,reference
Goranko.,318,290,383,302,reference
Coalition,396,290,461,302,reference
games,468,290,512,302,reference
and,519,290,545,302,reference
alternating,553,290,630,302,reference
temporal,638,290,701,302,reference
logics.,709,290,752,302,reference
In,765,290,780,302,reference
Proceedings,252,305,333,317,reference
of,339,305,352,317,reference
the,358,305,379,317,reference
8th,385,305,407,317,reference
conference,414,305,487,317,reference
on,493,305,511,317,reference
Theoretical,517,305,595,317,reference
aspects,601,305,649,317,reference
of,655,305,669,317,reference
rationality,675,305,748,317,reference
and,754,305,780,317,reference
"knowledge,",252,320,327,332,reference
pages,332,320,371,332,reference
259–272.,377,320,438,332,reference
Morgan,444,320,498,332,reference
Kaufmann,504,320,578,332,reference
Publishers,584,320,657,332,reference
"Inc.,",663,320,694,332,reference
2001.,700,320,737,332,reference
[12],218,343,243,356,reference
James,252,343,295,356,reference
N,299,343,311,356,reference
Gray.,315,343,353,356,reference
Notes,358,343,398,356,reference
on,402,343,419,356,reference
data,422,343,454,356,reference
base,458,343,489,356,reference
operating,492,343,560,356,reference
systems.,563,343,623,356,reference
In,627,343,642,356,reference
Operating,646,343,714,356,reference
"Systems,",719,343,780,356,reference
pages,252,358,291,371,reference
393–481.,296,358,357,371,reference
"Springer,",363,358,427,371,reference
1978.,433,358,470,371,reference
[13],218,381,243,394,reference
Wojciech,252,381,316,394,reference
Jamroga,322,381,383,394,reference
and,390,381,416,394,reference
Thomas,423,381,480,394,reference
˚Agotnes.,487,379,549,394,reference
Constructive,560,381,650,394,reference
knowledge:,657,381,735,394,reference
what,744,381,780,394,reference
agents,252,396,296,409,reference
can,302,396,327,409,reference
achieve,333,396,384,409,reference
under,390,396,430,409,reference
imperfect,436,396,503,409,reference
information.,509,396,597,409,reference
Journal,605,396,659,409,reference
of,666,396,679,409,reference
Applied,685,396,738,409,reference
Non-,744,396,780,409,reference
Classical,252,411,313,424,reference
"Logics,",319,411,367,424,reference
"17(4):423–475,",372,411,475,424,reference
2007.,481,411,518,424,reference
[14],218,435,243,447,reference
Wojciech,252,435,316,447,reference
Jamroga,323,435,384,447,reference
and,391,435,417,447,reference
Wiebe,424,435,470,447,reference
van,477,435,502,447,reference
der,509,435,531,447,reference
Hoek.,539,435,580,447,reference
Agents,592,435,641,447,reference
that,648,435,678,447,reference
know,685,435,722,447,reference
how,730,435,758,447,reference
to,765,435,780,447,reference
play.,252,450,285,462,reference
Fundamenta,292,450,379,462,reference
"Informaticae,",385,450,480,462,reference
"63(2-3):185–219,",485,450,602,462,reference
2004.,607,450,644,462,reference
[15],218,473,243,486,reference
Sara,252,473,283,486,reference
Miner,289,473,331,486,reference
More,337,473,374,486,reference
and,380,473,406,486,reference
Pavel,412,473,451,486,reference
Naumov.,457,473,521,486,reference
Calculus,530,473,590,486,reference
of,596,473,610,486,reference
cooperation,616,473,699,486,reference
and,705,473,731,486,reference
game-,737,473,780,486,reference
based,252,488,291,501,reference
reasoning,300,488,368,501,reference
about,377,488,418,501,reference
protocol,427,488,485,501,reference
privacy.,494,488,549,501,reference
ACM,567,488,605,501,reference
Trans.,614,488,659,501,reference
Comput.,668,488,729,501,reference
"Logic,",738,488,780,501,reference
"13(3):22:1–22:21,",252,503,372,516,reference
August,377,503,428,516,reference
2012.,434,503,471,516,reference
[16],218,526,243,539,reference
Pavel,252,526,290,539,reference
Naumov,293,526,353,539,reference
and,356,526,382,539,reference
Jia,386,526,407,539,reference
Tao.,411,526,442,539,reference
Coalition,446,526,511,539,reference
power,515,526,557,539,reference
in,561,526,574,539,reference
epistemic,578,526,644,539,reference
transition,648,526,717,539,reference
systems.,720,526,780,539,reference
In,252,542,266,554,reference
Proceedings,270,542,351,554,reference
of,356,542,369,554,reference
the,374,542,395,554,reference
2017,399,542,433,554,reference
International,437,542,530,554,reference
Conference,534,542,613,554,reference
on,617,542,635,554,reference
Autonomous,639,542,728,554,reference
Agents,732,542,780,554,reference
and,252,557,277,569,reference
Multiagent,283,557,359,569,reference
"Systems,",365,557,426,569,reference
pages,431,557,470,569,reference
"723–731,",476,557,537,569,reference
2017.,543,557,580,569,reference
[17],218,580,243,592,reference
Pavel,252,580,290,592,reference
Naumov,293,580,353,592,reference
and,356,580,383,592,reference
Jia,386,580,407,592,reference
Tao.,411,580,442,592,reference
Together,447,580,510,592,reference
we,513,580,532,592,reference
know,535,580,573,592,reference
how,576,580,605,592,reference
to,608,580,623,592,reference
achieve:,627,580,682,592,reference
An,689,580,710,592,reference
epistemic,714,580,780,592,reference
logic,252,595,284,608,reference
of,289,595,302,608,reference
know-how.,306,595,382,608,reference
In,387,595,402,608,reference
16th,407,595,437,608,reference
conference,442,595,516,608,reference
on,521,595,538,608,reference
Theoretical,543,595,621,608,reference
Aspects,626,595,678,608,reference
of,683,595,697,608,reference
Rationality,702,595,780,608,reference
and,252,610,277,623,reference
Knowledge,283,610,359,623,reference
(TARK,365,610,418,623,reference
"‘17),",424,610,457,623,reference
July,463,610,493,623,reference
"24-26,",498,610,542,623,reference
"2017,",548,610,586,623,reference
2017.,592,610,629,623,reference
(to,636,610,657,623,reference
appear).,662,610,721,623,reference
[18],218,633,243,646,reference
Marc,252,633,288,646,reference
Pauly.,295,633,339,646,reference
Logic,352,633,389,646,reference
for,396,633,416,646,reference
Social,424,633,465,646,reference
Software.,473,633,538,646,reference
PhD,550,633,583,646,reference
"thesis,",590,633,634,646,reference
Institute,642,633,703,646,reference
for,710,633,730,646,reference
"Logic,",737,633,780,646,reference
"Language,",252,648,324,661,reference
and,330,648,356,661,reference
"Computation,",361,648,460,661,reference
2001.,465,648,502,661,reference
[19],218,672,243,684,reference
Marc,252,672,288,684,reference
Pauly.,293,672,337,684,reference
A,343,672,355,684,reference
modal,359,672,403,684,reference
logic,408,672,440,684,reference
for,445,672,464,684,reference
coalitional,469,672,542,684,reference
power,547,672,589,684,reference
in,593,672,607,684,reference
games.,612,672,660,684,reference
Journal,665,672,720,684,reference
of,725,672,738,684,reference
Logic,743,672,780,684,reference
and,252,687,277,699,reference
"Computation,",283,687,380,699,reference
"12(1):149–166,",385,687,488,699,reference
2002.,494,687,531,699,reference
[20],218,710,243,722,reference
Henrik,252,710,300,722,reference
Sahlqvist.,304,710,374,722,reference
Completeness,379,710,476,722,reference
and,481,710,507,722,reference
correspondence,511,710,620,722,reference
in,624,710,638,722,reference
the,642,710,665,722,reference
ﬁrst,669,710,697,722,reference
and,702,710,728,722,reference
second,733,710,780,722,reference
order,252,725,289,738,reference
semantics,297,725,365,738,reference
for,373,725,392,738,reference
modal,400,725,444,738,reference
logic.,452,725,489,738,reference
Studies,504,725,554,738,reference
in,563,725,577,738,reference
Logic,585,725,622,738,reference
and,630,725,656,738,reference
the,664,725,685,738,reference
Foundations,693,725,780,738,reference
of,252,740,265,753,reference
"Mathematics,",272,740,367,753,reference
"82:110–143,",374,740,457,753,reference
1975.,464,740,501,753,reference
(Proc.,513,740,557,753,reference
of,564,740,578,753,reference
the,585,740,607,753,reference
3rd,614,740,638,753,reference
Scandinavial,645,740,734,753,reference
Logic,741,740,780,753,reference
"Symposium,",252,755,338,768,reference
"Uppsala,",344,755,406,768,reference
1973).,411,755,455,768,reference
[21],218,778,243,791,reference
Luigi,252,778,288,791,reference
"Sauro,",301,778,346,791,reference
Jelle,360,778,392,791,reference
"Gerbrandy,",405,778,485,791,reference
Wiebe,499,778,544,791,reference
van,557,778,582,791,reference
der,595,778,617,791,reference
"Hoek,",630,778,671,791,reference
and,686,778,712,791,reference
Michael,725,778,780,791,reference
Wooldridge.,252,794,337,806,reference
Reasoning,348,794,421,806,reference
about,427,794,468,806,reference
action,475,794,518,806,reference
and,525,794,551,806,reference
cooperation.,558,794,646,806,reference
In,657,794,672,806,reference
Proceedings,678,794,759,806,reference
of,766,794,780,806,reference
the,252,809,273,821,reference
Fifth,279,809,313,821,reference
International,319,809,412,821,reference
Joint,417,809,454,821,reference
Conference,460,809,538,821,reference
on,544,809,561,821,reference
Autonomous,567,809,656,821,reference
Agents,662,809,709,821,reference
and,715,809,741,821,reference
Mul-,746,809,780,821,reference
tiagent,252,824,300,836,reference
"Systems,",306,824,367,836,reference
AAMAS,373,824,434,836,reference
"’06,",439,824,465,836,reference
pages,471,824,510,836,reference
"185–192,",515,824,577,836,reference
New,583,824,614,836,reference
"York,",620,824,658,836,reference
"NY,",664,824,693,836,reference
"USA,",699,824,737,836,reference
2006.,743,824,780,836,reference
ACM.,252,839,294,851,reference
33,491,877,507,889,paragraph
