token,x0,y0,x1,y1,label
Structural,523,86,604,105,paragraph
evolution,609,86,684,105,paragraph
of,689,86,704,105,paragraph
thin,709,86,740,105,paragraph
and,745,86,775,105,paragraph
thick,780,86,819,105,paragraph
discs,824,86,864,105,paragraph
19,894,83,914,102,paragraph
ate,70,116,88,130,paragraph
an,92,116,106,130,paragraph
appropriate,110,116,179,130,paragraph
thick,182,116,212,130,paragraph
disc,216,116,240,130,paragraph
in,244,116,256,130,paragraph
the,260,116,278,130,paragraph
ICs,282,116,303,130,paragraph
and,307,116,329,130,paragraph
only,332,116,359,130,paragraph
add,363,116,384,130,paragraph
thin-disc,388,116,441,130,paragraph
stars,445,116,472,130,paragraph
signiﬁcantly,512,116,586,130,list
in,591,116,603,130,list
the,608,116,626,130,list
predicted,631,116,687,130,list
age,691,116,712,130,list
maps,717,116,748,130,list
of,753,116,766,130,list
the,770,116,789,130,list
discs.,793,116,827,130,list
The,832,116,855,130,list
observed,860,116,914,130,list
during,70,129,110,143,paragraph
the,113,129,132,143,paragraph
"simulation,",135,129,202,143,paragraph
or,205,129,218,143,paragraph
b),221,129,233,143,paragraph
start,237,129,263,143,paragraph
with,266,129,293,143,paragraph
"low-mass,",296,129,356,143,paragraph
diﬀuse,360,129,401,143,paragraph
elliptical,404,129,456,143,paragraph
or,460,129,472,143,paragraph
Snhd,512,129,543,143,list
radial,547,129,581,143,list
age,585,129,605,143,list
gradient,609,129,658,143,list
at,662,129,672,143,list
|,676,126,680,145,list
|,688,126,691,145,list
1kpc,710,129,742,143,list
and,745,129,767,143,list
the,770,129,789,143,list
vertical,792,129,837,143,list
age,841,129,861,143,list
gradient,865,129,914,143,list
z,681,133,686,145,list
>,696,135,705,145,list
compact,70,142,121,156,paragraph
bulge,125,142,158,156,paragraph
ICs,162,142,183,156,paragraph
and,187,142,209,156,paragraph
add,213,142,234,156,paragraph
stars,238,142,266,156,paragraph
with,269,142,296,156,paragraph
continuously,300,142,378,156,paragraph
declining,381,142,438,156,paragraph
input,441,142,472,156,paragraph
both,512,142,539,156,list
favour,543,142,581,156,list
models,584,142,628,156,list
with,632,142,658,156,list
declining,662,142,718,156,list
.,738,142,742,156,list
"However,",746,142,802,156,list
the,806,142,824,156,list
measurements,828,142,914,156,list
σ0,722,147,737,158,list
velocity,70,155,118,169,paragraph
dispersion,123,155,185,169,paragraph
(,206,152,211,171,paragraph
).,216,152,225,171,paragraph
Hence,230,155,269,169,paragraph
in,273,155,285,169,paragraph
scenario,290,155,341,169,paragraph
b),345,155,358,169,paragraph
we,363,155,380,169,paragraph
form,385,155,414,169,paragraph
kinemat-,419,155,472,169,paragraph
are,512,155,531,169,list
still,534,155,556,169,list
rather,559,155,594,169,list
uncertain,597,155,653,169,list
and,656,155,678,169,list
models,681,155,724,169,list
with,727,155,754,169,list
thick,757,155,787,169,list
IC,790,155,805,169,list
discs,808,155,838,169,list
by,841,155,855,169,list
construc-,858,155,914,169,list
σ0,190,160,206,171,paragraph
t,211,159,216,171,paragraph
ically,70,168,103,182,paragraph
hot,108,168,128,182,paragraph
thick,132,168,162,182,paragraph
disc,167,168,191,182,paragraph
stars,196,168,224,182,paragraph
at,228,168,239,182,paragraph
early,244,168,274,182,paragraph
times,279,168,311,182,paragraph
and,316,168,338,182,paragraph
cold,343,168,369,182,paragraph
thin,373,168,397,182,paragraph
populations,402,168,472,182,paragraph
tion,512,168,536,182,list
ignore,541,168,579,182,list
any,584,168,605,182,list
internal,610,168,656,182,list
structure,661,168,714,182,list
of,719,168,731,182,list
the,736,168,754,182,list
thick,759,168,789,182,list
disc.,794,168,822,182,list
Such,827,168,857,182,list
structure,861,168,914,182,list
at,70,181,81,195,paragraph
late,86,181,107,195,paragraph
"times,",112,181,148,195,paragraph
whereas,153,181,202,195,paragraph
in,207,181,218,195,paragraph
scenario,223,181,273,195,paragraph
a),278,181,290,195,paragraph
the,294,181,313,195,paragraph
simulation,317,181,381,195,paragraph
starts,385,181,417,195,paragraph
after,422,181,449,195,paragraph
the,454,181,472,195,paragraph
could,512,181,546,195,list
be,550,181,564,195,list
added,568,181,604,195,list
to,607,181,619,195,list
these,623,181,654,195,list
models.,658,181,705,195,list
structure,70,194,123,208,paragraph
that,129,194,152,208,paragraph
will,158,194,181,208,paragraph
morph,187,194,227,208,paragraph
into,233,194,257,208,paragraph
the,263,194,281,208,paragraph
thick,287,194,317,208,paragraph
disc,323,194,347,208,paragraph
is,353,194,363,208,paragraph
fully,370,194,398,208,paragraph
formed.,404,194,451,208,paragraph
To,457,194,472,208,paragraph
•,527,191,535,210,list
Bar,542,194,564,208,list
buckling,569,194,621,208,list
in,625,194,637,208,list
thin+thick,641,194,703,208,list
disc,708,194,732,208,list
systems,736,194,783,208,list
creates,788,194,830,208,list
characteristic,834,194,914,208,list
understand,70,207,136,221,paragraph
the,141,207,160,221,paragraph
evolution,165,207,221,221,paragraph
of,226,207,239,221,paragraph
our,244,207,264,221,paragraph
"models,",269,207,317,221,paragraph
we,322,207,339,221,paragraph
simulate,344,207,395,221,paragraph
a,401,207,407,221,paragraph
variety,413,207,454,221,paragraph
of,460,207,472,221,paragraph
age,512,207,533,221,list
patterns,537,207,585,221,list
in,588,207,600,221,list
edge-on,604,207,652,221,list
views,655,207,690,221,list
of,693,207,706,221,list
the,709,207,728,221,list
bar,732,207,751,221,list
region.,754,207,797,221,list
Buckling,800,207,855,221,list
predomi-,859,207,914,221,list
histories,70,220,121,234,paragraph
of,125,220,138,234,paragraph
star,142,220,163,234,paragraph
"formation,",167,220,230,234,paragraph
dark,234,220,261,234,paragraph
halo,265,220,291,234,paragraph
densities,295,220,348,234,paragraph
and,352,220,373,234,paragraph
thick,377,220,407,234,paragraph
disc,411,220,436,234,paragraph
prop-,439,220,472,234,paragraph
nantly,512,220,550,234,list
aﬀects,553,220,593,234,list
thin-disc,596,220,649,234,list
stars,653,220,680,234,list
and,684,220,706,234,list
causes,710,220,749,234,list
them,753,220,783,234,list
to,787,220,799,234,list
form,802,220,831,234,list
a,835,220,842,234,list
structure,846,220,899,234,list
in,902,220,914,234,list
erties.,70,233,107,247,paragraph
the,512,233,531,247,list
(,535,230,540,249,list
),562,230,567,249,list
plane,570,233,603,247,list
resembling,607,233,674,247,list
two,678,233,700,247,list
diamonds,704,233,762,247,list
overlapping,766,233,837,247,list
at,841,233,852,247,list
the,855,233,874,247,list
galac-,878,233,914,247,list
"R,z",540,237,561,250,list
Both,100,246,130,260,paragraph
types,133,246,164,260,paragraph
of,167,246,180,260,paragraph
models,182,246,226,260,paragraph
can,229,246,250,260,paragraph
produce,253,246,301,260,paragraph
at,304,246,315,260,paragraph
ﬁnal,318,246,344,260,paragraph
time,347,246,374,260,paragraph
models,389,246,433,260,paragraph
which,436,246,472,260,paragraph
tic,512,246,527,260,list
centre.,531,246,572,260,list
The,576,246,599,260,list
cones,603,246,638,260,list
above,642,246,677,260,list
and,680,246,702,260,list
below,706,246,742,260,list
the,746,246,765,260,list
centre,769,246,806,260,list
are,810,246,828,260,list
dominated,832,246,896,260,list
by,900,246,914,260,list
tf,377,250,385,263,paragraph
are,70,259,89,273,paragraph
similar,92,259,134,273,paragraph
in,138,259,150,273,paragraph
structure,154,259,206,273,paragraph
to,210,259,222,273,paragraph
the,226,259,244,273,paragraph
MW.,248,259,278,273,paragraph
We,282,259,301,273,paragraph
ﬁnd:,305,259,333,273,paragraph
thick-disc,512,259,570,273,list
stars.,574,259,605,273,list
•,85,269,93,288,list
Both,100,272,130,286,list
scenarios,133,272,189,286,list
create,192,272,228,286,list
double-exponential,230,272,346,286,list
vertical,349,272,394,286,list
proﬁles.,397,272,446,286,list
The,449,272,472,286,list
Considering,542,280,616,294,paragraph
the,622,280,641,294,paragraph
wealth,646,280,686,294,paragraph
of,692,280,704,294,paragraph
data,710,280,735,294,paragraph
on,741,280,756,294,paragraph
the,762,280,780,294,paragraph
structure,786,280,838,294,paragraph
of,844,280,857,294,paragraph
the,862,280,881,294,paragraph
MW,887,280,914,294,paragraph
scaleheight,70,285,138,300,list
of,141,285,154,300,list
the,157,285,175,300,list
thin,178,285,201,300,list
disc,204,285,229,300,list
is,232,285,242,300,list
governed,245,285,300,300,list
by,303,285,318,300,list
GMC,320,285,355,300,list
heating.,358,285,406,300,list
To,409,285,424,300,list
achieve,427,285,472,300,list
a,70,298,77,313,list
MW-like,82,298,136,313,list
thick,141,298,171,313,list
disc,176,298,200,313,list
exponential,205,298,275,313,list
scaleheight,279,298,347,313,list
∼,391,295,401,314,list
1kpc,406,298,438,313,list
at,443,298,454,313,list
",",468,298,472,313,list
that,512,293,535,307,paragraph
will,540,293,563,307,paragraph
soon,569,293,597,307,paragraph
become,602,293,649,307,paragraph
available,654,293,708,307,paragraph
from,713,293,742,307,paragraph
surveys,747,293,792,307,paragraph
such,797,293,824,307,paragraph
as,830,293,842,307,paragraph
Gaia,847,293,876,307,paragraph
(Gaia,881,293,914,307,paragraph
thick-disc,70,311,128,326,list
ICs,134,311,155,326,list
with,161,311,187,326,list
isothermal,193,311,257,326,list
vertical,262,311,307,326,list
scalehehitghhictks,313,302,387,326,list
∼,412,308,422,327,list
1,429,311,436,326,list
7kptfc,440,302,472,326,list
Collaboration,512,306,595,320,paragraph
"2016),",598,306,637,320,paragraph
evolutionary,640,306,715,320,paragraph
models,718,306,761,320,paragraph
of,764,306,777,320,paragraph
disc,779,306,804,320,paragraph
galaxies,806,306,856,320,paragraph
that,858,306,881,320,paragraph
grow,884,306,914,320,paragraph
z0,393,315,405,328,list
.,436,317,440,328,list
over,512,319,538,333,paragraph
cosmological,542,319,622,333,paragraph
timescales,626,319,689,333,paragraph
and,693,319,715,333,paragraph
contain,718,319,763,333,paragraph
both,767,319,793,333,paragraph
thick,797,319,827,333,paragraph
and,831,319,853,333,paragraph
thin,857,319,880,333,paragraph
discs,884,319,914,333,paragraph
are,70,324,89,339,list
suitable.,92,324,142,339,list
For,145,324,166,339,list
declining,169,324,225,339,list
"models,",248,324,295,339,list
the,298,324,316,339,list
input,319,324,350,339,list
velocity,353,324,401,339,list
dispersions,404,324,472,339,list
should,70,337,110,352,list
be,116,337,131,352,list
∼,160,334,170,353,list
40,177,337,192,352,list
−,197,334,206,353,list
50σkm0,211,329,248,352,list
s−1,250,334,270,352,list
at,277,337,288,352,list
the,294,337,312,352,list
earliest,318,337,361,352,list
formation,367,337,426,352,list
stages.,432,337,472,352,list
will,512,332,536,346,paragraph
be,540,332,554,346,paragraph
essential,558,332,610,346,paragraph
to,614,332,626,346,paragraph
connect,630,332,676,346,paragraph
the,680,332,699,346,paragraph
data,703,332,728,346,paragraph
to,732,332,744,346,paragraph
the,748,332,766,346,paragraph
formation,770,332,829,346,paragraph
history,833,332,875,346,paragraph
of,879,332,892,346,paragraph
the,896,332,914,346,paragraph
σ0,137,342,152,354,list
MW.,512,345,542,359,paragraph
Our,545,345,569,359,paragraph
models,572,345,615,359,paragraph
allow,618,345,651,359,paragraph
for,654,345,671,359,paragraph
a,674,345,680,359,paragraph
relatively,683,345,739,359,paragraph
controlled,742,345,803,359,paragraph
and,806,345,828,359,paragraph
ﬂexible,831,345,876,359,paragraph
"setup,",879,345,914,359,paragraph
Thick,70,350,105,365,list
disc,109,350,133,365,list
scaleheights,137,350,211,365,list
are,214,350,233,365,list
not,237,350,256,365,list
aﬀected,260,350,307,365,list
by,311,350,325,365,list
GMC,329,350,364,365,list
heating.,367,350,415,365,list
•,85,360,93,379,list
Models,100,363,146,378,list
need,151,363,180,378,list
to,185,363,197,378,list
undergo,202,363,252,378,list
inside-out,257,363,317,378,list
growth,323,363,365,378,list
to,371,363,382,378,list
reproduce,388,363,448,378,list
the,454,363,472,378,list
can,512,358,533,372,paragraph
be,536,358,551,372,paragraph
produced,554,358,610,372,paragraph
in,613,358,624,372,paragraph
large,627,358,657,372,paragraph
numbers,660,358,712,372,paragraph
and,715,358,737,372,paragraph
capture,740,358,784,372,paragraph
a,787,358,794,372,paragraph
wealth,797,358,837,372,paragraph
of,840,358,852,372,paragraph
important,855,358,914,372,paragraph
dynamical,512,371,575,385,paragraph
processes.,579,371,640,385,paragraph
observed,70,377,124,391,list
dependence,129,377,200,391,list
of,205,377,218,391,list
radial,223,377,257,391,list
scale-length,262,377,334,391,list
on,362,377,377,391,list
chemical,382,377,436,391,list
com-,441,377,472,391,list
h,340,380,347,393,list
position,70,390,119,404,list
of,127,390,139,404,list
disc,147,390,172,404,list
stars.,179,390,211,404,list
We,219,390,238,404,list
ﬁnd,246,390,270,404,list
that,278,390,300,404,list
modelsR,308,386,356,404,list
which,360,390,396,404,list
grow,404,390,435,404,list
from,443,390,472,404,list
We,542,384,562,398,paragraph
have,567,384,594,398,paragraph
demonstrated,598,384,679,398,paragraph
that,684,384,706,398,paragraph
our,711,384,731,398,paragraph
models,735,384,779,398,paragraph
can,783,384,804,398,paragraph
reasonably,808,384,873,398,paragraph
repro-,877,384,914,398,paragraph
∼,95,399,104,418,list
1,111,403,118,417,list
−,123,399,132,418,list
2kpc,136,403,168,417,list
at,174,403,185,417,list
early,190,403,219,417,list
times,225,403,257,417,list
to,263,403,274,417,list
∼,304,399,314,418,list
3,320,403,328,417,list
−,332,399,342,418,list
4kpc,346,403,378,417,list
today,383,403,416,417,list
are,422,403,440,417,list
suit-,445,403,472,417,list
duce,512,397,541,411,paragraph
a,544,397,550,411,paragraph
variety,553,397,595,411,paragraph
of,598,397,611,411,paragraph
observations,614,397,690,411,paragraph
of,693,397,705,411,paragraph
the,708,397,727,411,paragraph
structure,730,397,783,411,paragraph
of,786,397,798,411,paragraph
the,801,397,819,411,paragraph
MW.,822,397,852,411,paragraph
No,855,397,874,411,paragraph
model,877,397,914,411,paragraph
h,71,406,78,419,list
h,280,406,288,419,list
abRle.,70,412,99,430,list
R,288,412,297,420,list
sticks,512,410,546,424,paragraph
out,549,410,569,424,paragraph
as,572,410,584,424,paragraph
particularly,588,410,657,424,paragraph
similar,660,410,702,424,paragraph
to,705,410,717,424,paragraph
the,720,410,739,424,paragraph
MW,742,410,769,424,paragraph
in,773,410,784,424,paragraph
all,788,410,803,424,paragraph
"aspects,",806,410,853,424,paragraph
but,857,410,876,424,paragraph
this,879,410,901,424,paragraph
is,904,410,914,424,paragraph
•,85,425,93,444,list
To,100,429,116,443,list
explain,121,429,165,443,list
the,170,429,188,443,list
baryon,193,429,235,443,list
dominance,240,429,306,443,list
of,311,429,324,443,list
the,329,429,348,443,list
Galactic,353,429,403,443,list
"centre,",408,429,449,443,list
the,454,429,472,443,list
to,512,423,524,437,paragraph
be,527,423,542,437,paragraph
expected,545,423,598,437,paragraph
given,601,423,634,437,paragraph
the,637,423,656,437,paragraph
remaining,659,423,720,437,paragraph
shortcomings,724,423,805,437,paragraph
in,808,423,820,437,paragraph
modelling.,823,423,888,437,paragraph
In,892,423,904,437,paragraph
a,907,423,914,437,paragraph
companion,512,436,579,450,paragraph
paper,583,436,617,450,paragraph
(Paper,621,436,660,450,paragraph
4),664,436,677,450,paragraph
we,681,436,698,450,paragraph
examine,702,436,752,450,paragraph
the,756,436,775,450,paragraph
models,779,436,822,450,paragraph
presented,826,436,884,450,paragraph
here,888,436,914,450,paragraph
circular,70,442,116,456,list
speed,123,442,157,456,list
curve,163,442,196,456,list
of,203,442,215,456,list
the,221,442,240,456,list
MW,246,442,274,456,list
and,280,442,302,456,list
the,308,442,326,456,list
structure,332,442,385,456,list
of,392,442,404,456,list
the,410,442,429,456,list
bar,435,442,454,456,list
in,460,442,472,456,list
in,512,449,524,463,paragraph
light,528,449,555,463,paragraph
of,559,449,572,463,paragraph
Snhd,576,449,607,463,paragraph
kinematics,610,449,676,463,paragraph
and,679,449,701,463,paragraph
constraints,705,449,770,463,paragraph
on,774,449,789,463,paragraph
radial,793,449,827,463,paragraph
migration.,831,449,893,463,paragraph
the,70,455,89,469,list
presence,94,455,146,469,list
of,151,455,164,469,list
a,168,455,175,469,list
thick,180,455,210,469,list
"disc,",215,455,243,469,list
we,248,455,265,469,list
favour,270,455,308,469,list
DM,312,455,337,469,list
haloes,341,455,380,469,list
which,385,455,421,469,list
at,426,455,437,469,list
mass,442,455,472,469,list
MDM,71,471,103,484,list
=,108,472,118,482,list
1012,122,467,149,482,list
M(cid:12),153,469,174,485,list
have,179,468,207,482,list
an,210,468,225,482,list
initial,228,468,264,482,list
concentration,267,468,349,482,list
parameter,353,468,413,482,list
c,417,471,424,484,list
∼,428,465,438,484,list
7.,442,468,454,482,list
It,100,488,110,502,paragraph
is,113,488,123,502,paragraph
essential,126,488,178,502,paragraph
that,182,488,204,502,paragraph
thick,207,488,237,502,paragraph
disc,241,488,265,502,paragraph
stars,268,488,296,502,paragraph
are,299,488,317,502,paragraph
already,321,488,365,502,paragraph
hot,368,488,388,502,paragraph
when,391,488,424,502,paragraph
the,427,488,445,502,paragraph
thin,449,488,472,502,paragraph
ACKNOWLEDGEMENTS,512,494,688,510,section
disc,70,501,95,515,paragraph
starts,99,501,131,515,paragraph
forming,135,501,183,515,paragraph
because,187,501,235,515,paragraph
Paper,239,501,273,515,paragraph
1,277,501,285,515,paragraph
showed,289,501,334,515,paragraph
that,338,501,361,515,paragraph
heating,365,501,409,515,paragraph
by,413,501,428,515,paragraph
GMCs,432,501,472,515,paragraph
and,70,514,92,528,paragraph
non-axisymmetries,98,514,214,528,paragraph
is,219,514,230,528,paragraph
incapable,235,514,293,528,paragraph
of,299,514,311,528,paragraph
producing,317,514,378,528,paragraph
the,384,514,403,528,paragraph
thick,408,514,438,528,paragraph
"disc,",444,514,472,528,paragraph
We,542,514,562,528,paragraph
thank,568,514,601,528,paragraph
the,607,514,625,528,paragraph
referee,631,514,672,528,paragraph
for,677,514,694,528,paragraph
comments,700,514,762,528,paragraph
that,767,514,790,528,paragraph
helped,795,514,836,528,paragraph
improve,841,514,890,528,paragraph
the,896,514,914,528,paragraph
although,70,527,123,541,paragraph
it,127,527,135,541,paragraph
explains,139,527,189,541,paragraph
the,192,527,211,541,paragraph
properties,214,527,275,541,paragraph
of,279,527,291,541,paragraph
the,295,527,313,541,paragraph
thin,317,527,341,541,paragraph
disc.,344,527,372,541,paragraph
The,376,527,399,541,paragraph
presence,403,527,456,541,paragraph
of,460,527,472,541,paragraph
paper.,512,527,549,541,paragraph
It,552,527,561,541,paragraph
is,565,527,575,541,paragraph
a,578,527,585,541,paragraph
pleasure,588,527,638,541,paragraph
to,642,527,653,541,paragraph
thank,657,527,690,541,paragraph
Ralph,694,527,730,541,paragraph
Schönrich,733,527,794,541,paragraph
for,797,527,814,541,paragraph
valuable,817,527,868,541,paragraph
discus-,871,527,914,541,paragraph
the,70,540,89,554,paragraph
thick,93,540,123,554,paragraph
disc,128,540,152,554,paragraph
modiﬁes,157,540,209,554,paragraph
the,213,540,232,554,paragraph
evolution,236,540,293,554,paragraph
of,297,540,310,554,paragraph
the,314,540,333,554,paragraph
thin,337,540,361,554,paragraph
"disc,",366,540,394,554,paragraph
but,398,540,418,554,paragraph
the,422,540,441,554,paragraph
ﬁnal,445,540,472,554,paragraph
sions,512,540,543,554,paragraph
and,547,540,569,554,paragraph
comments,573,540,635,554,paragraph
on,638,540,653,554,paragraph
the,657,540,676,554,paragraph
manuscript.,679,540,750,554,paragraph
properties,70,553,131,567,paragraph
of,134,553,147,567,paragraph
the,150,553,168,567,paragraph
thin,171,553,195,567,paragraph
discs,198,553,228,567,paragraph
in,231,553,243,567,paragraph
our,246,553,266,567,paragraph
thin+thick,270,553,331,567,paragraph
disc,335,553,359,567,paragraph
models,362,553,406,567,paragraph
are,409,553,427,567,paragraph
similar,430,553,472,567,paragraph
This,542,553,569,567,paragraph
work,573,553,604,567,paragraph
was,608,553,631,567,paragraph
supported,635,553,695,567,paragraph
by,699,553,714,567,paragraph
the,718,553,737,567,paragraph
UK,741,553,762,567,paragraph
Science,767,553,814,567,paragraph
and,818,553,840,567,paragraph
Technology,844,553,914,567,paragraph
to,70,566,82,580,paragraph
those,85,566,117,580,paragraph
of,120,566,132,580,paragraph
thin-disc-only,135,566,219,580,paragraph
models,222,566,266,580,paragraph
in,269,566,281,580,paragraph
slightly,284,566,328,580,paragraph
more,331,566,362,580,paragraph
concentrated,365,566,442,580,paragraph
dark,445,566,472,580,paragraph
Facilities,512,566,567,580,paragraph
Council,574,566,621,580,paragraph
(STFC),628,566,674,580,paragraph
through,681,566,727,580,paragraph
grant,734,566,765,580,paragraph
ST/K00106X/1,772,566,864,580,paragraph
and,871,566,893,580,paragraph
by,900,566,914,580,paragraph
haloes.,70,579,113,593,paragraph
"Crucially,",117,579,175,593,paragraph
this,179,579,201,593,paragraph
change,205,579,247,593,paragraph
in,251,579,263,593,paragraph
halo,267,579,293,593,paragraph
density,297,579,340,593,paragraph
and,344,579,366,593,paragraph
the,370,579,388,593,paragraph
presence,392,579,445,593,paragraph
of,449,579,461,593,paragraph
a,465,579,472,593,paragraph
the,512,579,531,593,paragraph
European,536,579,593,593,paragraph
Research,598,579,653,593,paragraph
Council,658,579,706,593,paragraph
under,710,579,745,593,paragraph
the,750,579,768,593,paragraph
European,773,579,831,593,paragraph
Union’s,836,579,882,593,paragraph
Sev-,887,579,914,593,paragraph
hot,70,592,90,606,paragraph
and,93,592,114,606,paragraph
thick,117,592,147,606,paragraph
disc,150,592,175,606,paragraph
make,178,592,210,606,paragraph
it,213,592,221,606,paragraph
possible,224,592,274,606,paragraph
to,277,592,289,606,paragraph
bring,292,592,324,606,paragraph
models,327,592,370,606,paragraph
with,373,592,400,606,paragraph
appropriate,403,592,472,606,paragraph
enth,512,592,538,606,paragraph
Framework,545,592,613,606,paragraph
Programme,619,592,690,606,paragraph
(FP7/2007-2013)/ERC,696,592,833,606,paragraph
grant,839,592,870,606,paragraph
agree-,876,592,914,606,paragraph
bars,70,605,95,619,paragraph
into,98,605,122,619,paragraph
agreement,124,605,187,619,paragraph
with,190,605,217,619,paragraph
the,219,605,238,619,paragraph
baryon,240,605,282,619,paragraph
fractions,285,605,337,619,paragraph
inferred,340,605,388,619,paragraph
for,390,605,407,619,paragraph
the,410,605,428,619,paragraph
central,431,605,472,619,paragraph
ment,512,605,542,619,paragraph
no.,549,605,568,619,paragraph
321067.,575,605,624,619,paragraph
This,631,605,658,619,paragraph
work,665,605,695,619,paragraph
used,702,605,730,619,paragraph
the,736,605,755,619,paragraph
following,762,605,819,619,paragraph
compute,826,605,878,619,paragraph
clus-,885,605,914,619,paragraph
MW.,70,618,100,632,paragraph
ters,512,618,534,632,paragraph
of,543,618,555,632,paragraph
the,564,618,582,632,paragraph
STFC,591,618,626,632,paragraph
DiRAC,635,618,680,632,paragraph
HPC,689,618,718,632,paragraph
Facility,727,618,772,632,paragraph
(www.dirac.ac.uk):,781,618,896,632,paragraph
i),905,618,914,632,paragraph
"Regardingthenon-axisymmetricstructuresofthedisc,weﬁnd:",100,631,472,645,paragraph
The,512,631,536,645,paragraph
COSMA,542,631,596,645,paragraph
Data,603,631,631,645,paragraph
Centric,638,631,682,645,paragraph
system,689,631,730,645,paragraph
at,737,631,748,645,paragraph
Durham,755,631,804,645,paragraph
"University,",811,631,876,645,paragraph
oper-,883,631,914,645,paragraph
ated,512,644,537,658,paragraph
by,544,644,558,658,paragraph
the,565,644,583,658,paragraph
Institute,589,644,639,658,paragraph
for,645,644,662,658,paragraph
Computational,668,644,758,658,paragraph
Cosmology.,764,644,836,658,paragraph
This,843,644,869,658,paragraph
equip-,876,644,914,658,paragraph
•,85,648,93,667,list
Bars,100,651,128,666,list
with,134,651,161,666,list
a,167,651,174,666,list
structure,180,651,233,666,list
similar,239,651,281,666,list
to,288,651,299,666,list
that,306,651,328,666,list
of,335,651,347,666,list
the,353,651,372,666,list
MW,378,651,406,666,list
"bar,",412,651,434,666,list
i.e.,441,651,459,666,list
a,465,651,472,666,list
ment,512,657,542,671,paragraph
was,547,657,570,671,paragraph
funded,575,657,617,671,paragraph
by,622,657,637,671,paragraph
a,641,657,648,671,paragraph
BIS,653,657,676,671,paragraph
National,681,657,733,671,paragraph
E-infrastructure,738,657,833,671,paragraph
capital,838,657,878,671,paragraph
grant,883,657,914,671,paragraph
boxy/peanut-shaped,70,664,191,679,list
bulge,194,664,227,679,list
at,229,664,240,679,list
2kpc,271,664,303,679,list
with,306,664,333,679,list
an,335,664,349,679,list
X-shape,352,664,401,679,list
surrounded,404,664,472,679,list
R,243,668,253,681,list
<,257,670,267,681,list
"ST/K00042X/1,",512,670,609,684,paragraph
STFC,612,670,648,684,paragraph
capital,652,670,692,684,paragraph
grant,696,670,727,684,paragraph
"ST/K00087X/1,",731,670,827,684,paragraph
DiRAC,831,670,876,684,paragraph
Oper-,880,670,914,684,paragraph
by,70,677,85,692,list
a,89,677,96,692,list
vertically,101,677,157,692,list
thin,162,677,185,692,list
part,190,677,214,692,list
extending,218,677,277,692,list
to,282,677,293,692,list
∼,313,674,323,693,list
4,328,677,336,692,list
−,340,674,349,693,list
"5kpc,",353,677,389,692,list
can,393,677,414,692,list
be,419,677,433,692,list
found,438,677,472,692,list
R,299,681,308,694,list
ations,512,683,548,697,paragraph
grant,552,683,583,697,paragraph
ST/K003267/1,586,683,675,697,paragraph
and,679,683,701,697,paragraph
Durham,704,683,753,697,paragraph
University.,757,683,822,697,paragraph
ii),825,683,839,697,paragraph
The,842,683,866,697,paragraph
DiRAC,869,683,914,697,paragraph
in,70,690,82,705,list
some,86,690,118,705,list
of,122,690,135,705,list
our,139,690,159,705,list
viable,163,690,200,705,list
models.,204,690,252,705,list
Stochasticity,256,690,333,705,list
in,337,690,349,705,list
the,353,690,372,705,list
evolution,376,690,432,705,list
of,436,690,449,705,list
bar,453,690,472,705,list
Complexity,512,696,583,710,paragraph
"system,",587,696,632,710,paragraph
operated,635,696,687,710,paragraph
by,691,696,705,710,paragraph
the,709,696,727,710,paragraph
University,731,696,794,710,paragraph
of,797,696,810,710,paragraph
Leicester,813,696,868,710,paragraph
IT,872,696,886,710,paragraph
Ser-,890,696,914,710,paragraph
lengths,70,703,114,718,list
and,118,703,139,718,list
strengths,143,703,197,718,list
complicates,201,703,273,718,list
the,277,703,295,718,list
comparison.,299,703,373,718,list
vices.,512,709,547,723,paragraph
This,552,709,579,723,paragraph
equipment,584,709,647,723,paragraph
is,652,709,662,723,paragraph
funded,667,709,709,723,paragraph
by,714,709,728,723,paragraph
BIS,733,709,757,723,paragraph
National,761,709,813,723,paragraph
E-Infrastructure,818,709,914,723,paragraph
•,85,713,93,732,list
The,100,716,124,731,list
presence,128,716,180,731,list
of,184,716,197,731,list
a,201,716,207,731,list
"hot,",211,716,234,731,list
thick-disc,238,716,296,731,list
stellar,300,716,337,731,list
population,341,716,405,731,list
at,409,716,420,731,list
the,424,716,442,731,list
start,446,716,472,731,list
capital,512,722,552,736,paragraph
grant,558,722,590,736,paragraph
ST/K000373/1,595,722,685,736,paragraph
and,691,722,712,736,paragraph
STFC,718,722,754,736,paragraph
DiRAC,760,722,805,736,paragraph
Operations,811,722,877,736,paragraph
grant,883,722,914,736,paragraph
of,70,730,83,744,list
thin-disc,86,730,138,744,list
formation,141,730,200,744,list
suppresses,203,730,267,744,list
non-axisymmetries,270,730,386,744,list
and,389,730,411,744,list
delays,413,730,451,744,list
the,454,730,472,744,list
ST/K0003259/1.,512,735,613,749,paragraph
iii),619,735,637,749,paragraph
The,643,735,666,749,paragraph
Oxford,672,735,715,749,paragraph
University,722,735,784,749,paragraph
Berg,790,735,819,749,paragraph
Cluster,826,735,869,749,paragraph
jointly,875,735,914,749,paragraph
formation,70,743,129,757,list
of,133,743,146,757,list
the,149,743,168,757,list
bar.,172,743,194,757,list
funded,512,748,554,762,paragraph
by,561,748,575,762,paragraph
"STFC,",582,748,621,762,paragraph
the,628,748,647,762,paragraph
Large,653,748,688,762,paragraph
Facilities,694,748,749,762,paragraph
Capital,756,748,799,762,paragraph
Fund,806,748,837,762,paragraph
of,843,748,856,762,paragraph
BIS,862,748,886,762,paragraph
and,892,748,914,762,paragraph
•,85,752,93,771,list
In,100,756,113,770,list
models,116,756,160,770,list
with,163,756,190,770,list
an,194,756,208,770,list
appropriate,211,756,280,770,list
"bar,",283,756,306,770,list
the,309,756,328,770,list
local,331,756,360,770,list
exponential,364,756,434,770,list
scale-,437,756,472,770,list
the,512,761,531,776,paragraph
University,539,761,602,776,paragraph
of,611,761,623,776,paragraph
Oxford.,632,761,678,776,paragraph
DiRAC,687,761,732,776,paragraph
is,741,761,751,776,paragraph
part,759,761,783,776,paragraph
of,792,761,804,776,paragraph
the,813,761,831,776,paragraph
National,840,761,891,776,paragraph
E-,900,761,914,776,paragraph
lengths,70,769,114,783,list
(,137,765,142,784,list
),159,765,164,784,list
of,169,769,182,783,list
all,187,769,202,783,list
mono-age,207,769,267,783,list
populations,272,769,343,783,list
are,348,769,366,783,list
increased,372,769,429,783,list
by,434,769,448,783,list
the,454,769,472,783,list
h,120,772,127,785,list
R0,143,772,158,785,list
Infrastructure.,512,774,598,789,paragraph
radial,70,782,105,796,list
rediRstribution,108,778,189,796,list
of,192,782,205,796,list
matter,208,782,246,796,list
that,249,782,272,796,list
the,275,782,294,796,list
bar,297,782,316,796,list
and,319,782,341,796,list
spirals,344,782,383,796,list
generate.,386,782,441,796,list
Pop-,444,782,472,796,list
REFERENCES,512,788,613,804,paragraph
ulations,70,795,118,809,list
measured,124,795,182,809,list
in,188,795,200,809,list
the,206,795,224,809,list
Snhd,230,795,261,809,list
today,267,795,300,809,list
have,306,795,334,809,list
thus,340,795,365,809,list
likely,371,795,405,809,list
had,411,795,433,809,list
lower,439,795,472,809,list
h,71,811,78,824,list
(R0),88,805,115,824,list
in,119,808,130,822,list
the,134,808,153,822,list
past.,156,808,184,822,list
Athanassoula,512,808,584,821,reference
"E.,",588,808,603,821,reference
Rodionov,607,808,659,821,reference
S.,663,808,674,821,reference
"A.,",678,808,695,821,reference
Peschken,699,808,748,821,reference
"N.,",753,808,769,821,reference
Lambert,773,808,819,821,reference
J.,823,808,831,821,reference
"C.,",835,808,851,821,reference
"2016,",855,808,885,821,reference
"ApJ,",889,808,914,821,reference
R•,79,817,93,837,list
The,100,821,124,835,list
dark,127,821,154,835,list
halo’s,157,821,192,835,list
density,195,821,239,835,list
proﬁle,242,821,281,835,list
is,284,821,294,835,list
modiﬁed,297,821,351,835,list
by,354,821,368,835,list
the,371,821,390,835,list
growth,393,821,435,835,list
of,438,821,451,835,list
the,454,821,472,835,list
"821,",535,820,558,832,reference
90,562,820,575,832,reference
disc,70,834,95,848,list
and,99,834,120,848,list
the,124,834,143,848,list
non-axisymmetric,147,834,257,848,list
structures,261,834,319,848,list
that,323,834,346,848,list
form,350,834,379,848,list
in,383,834,394,848,list
the,398,834,417,848,list
"disc,",421,834,449,848,list
but,453,834,472,848,list
Aumer,512,832,549,844,reference
"M.,",552,832,571,844,reference
Binney,574,832,613,844,reference
J.,616,832,625,844,reference
"J.,",628,832,640,844,reference
"2009,",643,832,673,844,reference
"MNRAS,",677,832,728,844,reference
"397,",731,832,754,844,reference
1286,758,832,785,844,reference
the,70,847,89,861,list
proﬁle,93,847,132,861,list
does,137,847,164,861,list
not,169,847,188,861,list
develop,192,847,239,861,list
a,243,847,250,861,list
central,254,847,295,861,list
core,300,847,326,861,list
as,330,847,343,861,list
is,347,847,357,861,list
currently,361,847,416,861,list
favoured,420,847,472,861,list
Aumer,512,844,549,856,reference
"M.,",552,844,571,856,reference
Schönrich,574,844,629,856,reference
"R.,",632,844,648,856,reference
"2015,",651,844,681,856,reference
"MNRAS,",684,844,735,856,reference
"454,",739,844,762,856,reference
3166,766,844,792,856,reference
(AS15),796,844,835,856,reference
Aumer,512,855,549,868,reference
"M.,",552,855,571,868,reference
Binney,574,855,613,868,reference
"J.,",616,855,628,868,reference
Schönrich,631,855,686,868,reference
"R.,",689,855,704,868,reference
"2016a,",708,855,744,868,reference
"MNRAS,",747,855,798,868,reference
"459,",802,855,825,868,reference
3326,828,855,855,868,reference
(Paper,859,855,893,868,reference
1),897,855,908,868,reference
for,70,860,87,874,list
the,91,860,109,874,list
centre,113,860,150,874,list
of,154,860,166,874,list
the,170,860,189,874,list
MW.,192,860,222,874,list
Aumer,512,867,549,880,reference
"M.,",552,867,571,880,reference
Binney,574,867,613,880,reference
"J.,",616,867,628,880,reference
Schönrich,631,867,686,880,reference
"R.,",689,867,704,880,reference
"2016b,",708,867,745,880,reference
"MNRAS,",748,867,799,880,reference
"462,",802,867,826,880,reference
1697,829,867,856,880,reference
(Paper,859,867,894,880,reference
2),897,867,908,880,reference
To,100,880,116,894,paragraph
distinguish,122,880,188,894,paragraph
between,194,880,244,894,paragraph
formation,250,880,309,894,paragraph
"scenarios,",315,880,375,894,paragraph
it,381,880,389,894,paragraph
is,396,880,406,894,paragraph
helpful,412,880,454,894,paragraph
to,460,880,472,894,paragraph
Aumer,512,879,549,892,reference
"M.,",552,879,571,892,reference
Binney,574,879,613,892,reference
"J.,",616,879,628,892,reference
Schönrich,631,879,686,892,reference
"R.,",689,879,704,892,reference
"2017,",708,879,738,892,reference
submitted,741,879,794,892,reference
to,798,879,808,892,reference
MNRAS,811,879,859,892,reference
(Paper,862,879,897,892,reference
4),900,879,911,892,reference
study,70,893,103,907,paragraph
the,106,893,125,907,paragraph
radial,128,893,163,907,paragraph
and,166,893,188,907,paragraph
vertical,192,893,237,907,paragraph
age,240,893,261,907,paragraph
structure,264,893,317,907,paragraph
of,321,893,333,907,paragraph
disc,337,893,361,907,paragraph
galaxies.,365,893,417,907,paragraph
We,421,893,441,907,paragraph
ﬁnd:,444,893,472,907,paragraph
Bensby,512,891,552,904,reference
"T.,",555,891,569,904,reference
Feltzing,573,891,616,904,reference
"S.,",620,891,634,904,reference
Lundström,637,891,696,904,reference
"I.,",699,891,710,904,reference
"2003,",714,891,744,904,reference
"A&A,",747,891,780,904,reference
"410,",783,891,807,904,reference
527,810,891,830,904,reference
"BinneyJ.,TremaineS.,2008,GalacticDynamics:SecondEdition,Princeton",512,903,914,916,reference
•,85,910,93,929,list
Our,100,913,124,927,list
two,127,913,149,927,list
types,152,913,184,927,list
of,187,913,199,927,list
models,203,913,246,927,list
for,249,913,266,927,list
the,269,913,288,927,list
creation,291,913,339,927,list
of,342,913,355,927,list
the,358,913,376,927,list
thick,379,913,409,927,list
disc,412,913,437,927,list
diﬀer,440,913,472,927,list
University,535,915,591,927,reference
"Press,",594,915,626,927,reference
Princeton,629,915,681,927,reference
MNRAS,70,941,118,953,paragraph
"000,",121,941,145,955,paragraph
1–20,148,941,175,953,paragraph
(2017),178,941,214,953,paragraph
