token,x0,y0,x1,y1,label
7,910,35,918,48,paragraph
(cid:82),133,53,141,100,paragraph
(cid:82),248,53,256,100,paragraph
(cid:82),290,53,297,100,paragraph
(cid:82),368,53,375,100,paragraph
(cid:82),482,53,490,100,paragraph
(cid:82),522,53,530,100,paragraph
Performing,517,68,596,80,paragraph
corresponding,608,68,707,80,paragraph
expansions,718,68,795,80,paragraph
in,806,68,819,80,paragraph
the,831,68,853,80,paragraph
Green’s,864,68,918,80,paragraph
≡,153,84,166,105,paragraph
−,201,85,211,100,paragraph
≡,387,84,400,105,paragraph
−,435,85,445,100,paragraph
functions,517,82,582,95,paragraph
and,589,82,616,95,paragraph
keeping,623,82,676,95,paragraph
only,683,82,714,95,paragraph
terms,721,82,761,95,paragraph
of,768,82,781,95,paragraph
order,788,82,826,95,paragraph
"Q2,",833,81,857,95,paragraph
we,865,82,884,95,paragraph
ﬁnd,891,82,918,95,paragraph
where,88,93,129,105,paragraph
k,141,100,148,109,paragraph
(2π),170,93,201,105,paragraph
(d+1),211,91,245,100,paragraph
ddk,262,91,286,105,paragraph
dωm,303,93,333,107,paragraph
an−d,338,93,364,123,paragraph
q,375,100,381,109,paragraph
(2π),404,93,435,105,paragraph
(d+1),445,91,478,100,paragraph
ddqthadtΩtmh.e,495,91,578,109,paragraph
high-energy,585,97,668,109,paragraph
Q2,676,95,695,109,paragraph
term,704,97,737,109,paragraph
in,745,97,758,109,paragraph
"δΠ˜s(Q,",766,93,818,110,paragraph
0),821,97,835,109,paragraph
consists,843,97,897,109,paragraph
of,905,97,918,109,paragraph
For,88,111,112,123,paragraph
a,118,111,126,123,paragraph
quadratic,133,111,200,123,paragraph
spectrum,207,111,273,123,paragraph
ε,280,111,287,123,paragraph
=,302,111,315,123,paragraph
(k2,322,109,343,123,paragraph
k2,366,109,381,123,paragraph
")/2m,",385,111,426,123,paragraph
the,433,111,456,123,paragraph
dis-,463,111,488,123,paragraph
four,517,111,546,124,paragraph
parts,551,111,588,124,paragraph
k,287,115,295,124,paragraph
F,374,117,383,126,paragraph
persions,88,125,145,138,paragraph
in,151,125,164,138,paragraph
Eqs.,170,125,200,138,paragraph
(18),206,125,235,138,paragraph
and,240,125,266,138,paragraph
(19),272,125,301,138,paragraph
are,306,125,328,138,paragraph
expanded,333,125,401,138,paragraph
as,406,125,421,138,paragraph
δΠ˜,565,138,586,154,paragraph
"(Q,",592,141,617,154,paragraph
0),620,141,635,154,paragraph
=,639,141,652,154,paragraph
D,656,141,670,154,paragraph
(Q),683,141,710,154,paragraph
+,714,141,726,154,paragraph
D,730,141,743,154,paragraph
(Q),750,141,777,154,paragraph
±,247,149,260,171,paragraph
1,272,150,280,162,paragraph
·,303,149,308,171,paragraph
Q2,348,148,368,162,paragraph
s,586,146,592,155,paragraph
ab,670,146,683,155,paragraph
c,743,146,749,155,paragraph
εk±Q/2,155,157,205,172,paragraph
=,210,158,223,171,paragraph
εk,227,158,242,172,paragraph
2mk,265,158,299,179,paragraph
Q,311,158,325,171,paragraph
+,329,158,341,171,paragraph
"8m,",347,158,376,179,paragraph
=,639,161,652,173,paragraph
"δΠ˜s,1",656,158,693,174,paragraph
+,697,161,710,173,paragraph
"δΠ˜s,2",714,158,750,174,paragraph
+,755,161,767,173,paragraph
"δΠ˜s,3",771,158,807,174,paragraph
+,812,161,824,173,paragraph
"δΠ˜s,4,",828,158,870,174,paragraph
(21),889,161,918,173,paragraph
±,265,181,277,203,paragraph
1,290,182,298,195,paragraph
·,366,181,370,203,paragraph
Q2,411,181,430,195,paragraph
ε,137,191,145,203,paragraph
±,170,189,180,205,paragraph
=,210,191,223,203,paragraph
ε,227,191,235,203,paragraph
(k,310,191,326,203,paragraph
+,330,191,342,203,paragraph
q),346,191,362,203,paragraph
Q,374,191,388,203,paragraph
+,392,191,404,203,paragraph
.,434,191,439,203,paragraph
(20),459,191,488,203,paragraph
where,517,191,559,203,paragraph
k+q,145,196,170,205,paragraph
Q/2,180,196,205,205,paragraph
k+q,235,196,260,204,paragraph
2m(cid:90),283,199,305,249,paragraph
8m,410,199,432,212,paragraph
(cid:2),380,209,387,256,paragraph
(cid:3),703,209,710,256,paragraph
1,271,240,279,252,paragraph
(cid:90),287,239,296,286,paragraph
·,342,239,346,261,paragraph
δΠ˜,199,245,219,261,paragraph
=,241,248,254,261,paragraph
(cid:2)(k,317,246,338,293,paragraph
Q)2,350,246,377,261,paragraph
G2G4,387,246,427,261,paragraph
+,448,248,461,261,paragraph
2G3G3,465,246,513,261,paragraph
+,535,248,547,261,paragraph
3(cid:3)G4G2,551,246,599,293,paragraph
+,621,248,633,261,paragraph
4G5G,637,246,679,261,paragraph
U,712,248,724,261,paragraph
"(q,",746,248,766,261,paragraph
Ω,769,248,781,261,paragraph
"),",793,248,804,261,paragraph
(22a),881,248,918,261,paragraph
"s,1",219,253,236,262,paragraph
2m2,260,256,289,270,paragraph
k,400,254,407,263,paragraph
k+q,420,254,444,263,paragraph
k,486,254,493,263,paragraph
k+q,507,254,530,263,paragraph
k,572,254,579,263,paragraph
k+q,593,254,616,263,paragraph
k,658,254,665,263,paragraph
k+q,679,253,702,262,paragraph
dyn,724,253,745,262,paragraph
m,781,253,792,262,paragraph
"k,q",303,263,320,272,paragraph
Q2,261,275,281,289,paragraph
(cid:90),286,274,295,321,paragraph
δΠ˜,199,282,219,298,paragraph
=,241,285,254,298,paragraph
G2G3,324,283,364,298,paragraph
+,386,285,398,298,paragraph
2G(cid:2),402,281,423,328,paragraph
3G2,423,283,450,298,paragraph
+,472,285,484,298,paragraph
3G4G,488,283,530,298,paragraph
U,563,285,575,298,paragraph
"(q,",597,285,617,298,paragraph
Ω,620,285,632,298,paragraph
"(cid:3)),",642,281,655,328,paragraph
(22b),880,285,918,298,paragraph
"s,2",219,290,236,299,paragraph
2m,260,294,282,306,paragraph
k,337,291,344,300,paragraph
k+q,358,291,381,300,paragraph
k,423,291,430,300,paragraph
k+q,444,291,467,300,paragraph
k,509,291,516,300,paragraph
k+q,530,290,553,299,paragraph
dyn,575,290,596,299,paragraph
m,632,290,643,299,paragraph
"k,q",296,300,313,309,paragraph
1,267,312,275,325,paragraph
(cid:90),294,310,303,356,paragraph
·,333,311,338,333,paragraph
·,382,311,386,333,paragraph
δΠ˜,199,317,219,333,paragraph
=,241,321,254,333,paragraph
(k,314,321,330,333,paragraph
Q)(q(cid:2),342,316,387,363,paragraph
Q),390,321,410,333,paragraph
G2G4,420,318,460,333,paragraph
+,481,321,494,333,paragraph
2G3G(cid:3)3,498,316,546,363,paragraph
+,567,321,580,333,paragraph
G4G2,584,318,624,333,paragraph
U,651,321,662,333,paragraph
"(q,",684,321,705,333,paragraph
Ω,708,321,720,333,paragraph
"),",732,321,743,333,paragraph
(22c),882,321,918,333,paragraph
"s,3",219,326,236,334,paragraph
m2,260,329,281,342,paragraph
k,433,327,440,336,paragraph
k+q,453,327,477,336,paragraph
k,519,327,526,336,paragraph
k+q,539,327,563,336,paragraph
k,596,327,603,336,paragraph
k+q,617,327,640,336,paragraph
dyn,662,326,684,334,paragraph
m,720,326,731,334,paragraph
"k,q",295,335,312,344,paragraph
1,271,347,279,360,paragraph
·,342,347,346,368,paragraph
δΠ˜,199,353,219,368,paragraph
=,241,356,254,368,paragraph
(q,322,356,338,368,paragraph
Q)2,350,354,377,368,paragraph
G2G4,387,354,427,368,paragraph
+,448,356,461,368,paragraph
2G3G3,465,354,513,368,paragraph
U,540,356,551,368,paragraph
"(q,",574,356,594,368,paragraph
Ω,597,356,609,368,paragraph
),621,356,627,368,paragraph
(22d),880,356,918,368,paragraph
"s,4",219,361,236,370,paragraph
2m2,260,364,289,377,paragraph
k,400,362,407,371,paragraph
k+q,420,362,444,371,paragraph
k,486,362,493,371,paragraph
k+q,507,362,530,371,paragraph
dyn,551,361,573,370,paragraph
m,609,361,620,370,paragraph
"k,q",303,370,320,379,paragraph
with,88,421,119,434,paragraph
we,517,421,536,434,paragraph
ﬁnd,543,421,570,434,paragraph
that,577,421,607,434,paragraph
each,614,421,645,434,paragraph
term,652,421,685,434,paragraph
in,692,421,706,434,paragraph
square,712,421,758,434,paragraph
brackets,765,421,823,434,paragraph
in,830,421,844,434,paragraph
Eq.,851,421,875,434,paragraph
(22c),882,421,918,434,paragraph
(cid:90),544,431,553,478,paragraph
(cid:90),590,431,599,478,paragraph
yields,517,436,558,449,paragraph
a,563,436,571,449,paragraph
combination,577,436,664,449,paragraph
≡,126,440,139,462,paragraph
≡,285,440,298,462,paragraph
G,101,449,114,462,paragraph
"G(k,",143,449,177,462,paragraph
ω,180,449,190,462,paragraph
),202,449,209,462,paragraph
and,213,449,239,462,paragraph
G,244,449,257,462,paragraph
G(k,303,449,332,462,paragraph
+,335,449,348,462,paragraph
"q,",352,449,366,462,paragraph
ω,369,449,379,462,paragraph
+,395,449,407,462,paragraph
Ω,411,449,423,462,paragraph
).,435,449,446,462,paragraph
(23),459,449,488,462,paragraph
k,114,454,121,463,paragraph
m,190,454,201,463,paragraph
k+q,257,454,280,463,paragraph
m,379,454,390,463,paragraph
m,423,454,434,463,paragraph
(cid:90),129,463,138,510,paragraph
(cid:90),317,463,326,510,paragraph
·,774,460,779,482,paragraph
−,802,460,815,482,paragraph
·,653,468,658,490,paragraph
sgn(ε,684,469,722,482,paragraph
+,734,469,746,482,paragraph
v,750,469,760,482,paragraph
q),782,469,799,482,paragraph
sgnε,819,469,850,482,paragraph
It,104,478,116,490,paragraph
can,122,478,146,490,paragraph
be,152,478,168,490,paragraph
readily,174,478,222,490,paragraph
shown,228,478,271,490,paragraph
that,277,478,307,490,paragraph
ddq,563,475,587,490,paragraph
dε,609,478,625,490,paragraph
(q,634,478,650,490,paragraph
Q),662,478,682,490,paragraph
k,722,474,729,483,paragraph
−F,755,474,768,499,paragraph
·,795,477,800,499,paragraph
k,850,474,858,483,paragraph
",",860,478,865,490,paragraph
(25),889,478,918,490,paragraph
k,625,483,633,491,paragraph
(iΩ,715,486,739,499,paragraph
v,771,486,781,499,paragraph
q)5,804,486,826,499,paragraph
m,739,491,750,500,paragraph
F,781,491,789,500,paragraph
(cid:90),208,496,217,543,paragraph
−,260,500,272,522,paragraph
m,286,501,300,514,paragraph
−,388,501,398,516,paragraph
dω,148,510,167,522,paragraph
GnGm,179,507,225,522,paragraph
=,243,510,255,522,paragraph
−,288,509,300,531,paragraph
dω,336,510,354,522,paragraph
Gn,367,507,388,522,paragraph
1Gm+1,398,507,446,522,paragraph
m,167,515,178,523,paragraph
k,192,516,199,525,paragraph
k+q,214,516,237,525,paragraph
n,274,518,284,531,paragraph
1,304,518,312,531,paragraph
m,354,515,366,523,paragraph
k,380,516,386,525,paragraph
k+q,418,516,441,525,paragraph
which,517,519,559,532,paragraph
is,565,519,576,532,paragraph
odd,582,519,609,532,paragraph
in,615,519,628,532,paragraph
Ω,635,519,646,532,paragraph
.,659,519,663,532,paragraph
Since,673,519,710,532,paragraph
the,716,519,739,532,paragraph
potential,745,519,808,532,paragraph
is,815,519,825,532,paragraph
even,832,519,863,532,paragraph
in,870,519,883,532,paragraph
Ω,889,519,901,532,paragraph
",",913,519,918,532,paragraph
m,646,524,658,533,paragraph
m,901,524,913,533,paragraph
−,146,533,159,555,paragraph
n,177,534,187,547,paragraph
−,320,534,331,549,paragraph
the,517,534,540,546,paragraph
integral,548,534,602,546,paragraph
over,609,534,639,546,paragraph
Ω,646,534,658,546,paragraph
"vanishes,",678,534,741,546,paragraph
and,749,534,776,546,paragraph
thus,783,534,814,546,paragraph
δΠ˜,821,531,841,546,paragraph
=,867,534,879,546,paragraph
0,888,534,896,546,paragraph
to,903,534,918,546,paragraph
=,129,543,142,555,paragraph
−,179,542,192,564,paragraph
dω,227,543,246,555,paragraph
Gn+1Gm,258,540,320,555,paragraph
1.,331,540,342,555,paragraph
(24),459,543,488,555,paragraph
m,658,539,670,548,paragraph
"s,3",841,539,858,548,paragraph
m,161,551,175,564,paragraph
1,195,551,203,564,paragraph
m,246,548,257,556,paragraph
k,271,549,278,558,paragraph
k+q,309,549,332,558,paragraph
leading,517,548,568,561,paragraph
order.,574,548,615,561,paragraph
The,534,567,562,579,paragraph
only,568,567,599,579,paragraph
term,605,567,639,579,paragraph
that,646,567,675,579,paragraph
does,682,567,713,579,paragraph
not,720,567,743,579,paragraph
vanish,750,567,795,579,paragraph
by,802,567,819,579,paragraph
gauge,825,567,866,579,paragraph
invari-,873,567,918,579,paragraph
Applying,88,575,153,588,paragraph
this,159,575,186,588,paragraph
identity,192,575,247,588,paragraph
to,253,575,268,588,paragraph
Eqs.,274,575,305,588,paragraph
(22a),311,575,348,588,paragraph
and,354,575,381,588,paragraph
"(22b),",387,575,429,588,paragraph
we,436,575,455,588,paragraph
ﬁnd,461,575,488,588,paragraph
ance,517,581,549,594,paragraph
and,555,581,581,594,paragraph
is,588,581,599,594,paragraph
non-zero,605,581,665,594,paragraph
to,671,581,686,594,paragraph
leading,692,581,743,594,paragraph
order,749,581,786,594,paragraph
is,792,581,803,594,paragraph
thus,809,581,839,594,paragraph
δΠ˜,846,578,866,594,paragraph
.,883,581,887,594,paragraph
(In,897,581,918,594,paragraph
"s,4",866,586,882,595,paragraph
that,88,590,118,602,paragraph
all,123,590,141,602,paragraph
terms,147,590,186,602,paragraph
in,192,590,206,602,paragraph
square,212,590,258,602,paragraph
brackets,264,590,322,602,paragraph
cancel,328,590,371,602,paragraph
each,377,590,408,602,paragraph
"other,",414,590,456,602,paragraph
and,462,590,488,602,paragraph
Appendix,517,595,587,608,paragraph
",",594,595,598,608,paragraph
we,605,595,624,608,paragraph
demonstrate,631,595,719,608,paragraph
another,725,595,780,608,paragraph
way,787,595,814,608,paragraph
of,821,595,834,608,paragraph
arriving,841,595,897,608,paragraph
at,903,595,918,608,paragraph
thus,88,604,118,617,paragraph
δΠ˜,124,601,144,617,paragraph
=,166,604,178,617,paragraph
δΠ˜,183,601,203,617,paragraph
=,225,604,238,617,paragraph
0,243,604,251,617,paragraph
This,256,604,288,617,paragraph
result,293,604,333,617,paragraph
can,339,604,363,617,paragraph
be,369,604,386,617,paragraph
related,391,604,440,617,paragraph
to,446,604,460,617,paragraph
the,466,604,488,617,paragraph
"s,1",144,609,160,618,paragraph
"s,2",203,609,220,618,paragraph
the,517,610,540,622,paragraph
same,547,610,582,622,paragraph
result,589,610,629,622,paragraph
by,636,610,653,622,paragraph
ﬁrst,660,610,689,622,paragraph
combining,695,610,768,622,paragraph
diagrams,775,610,840,622,paragraph
Fig.,846,610,874,622,paragraph
2,881,610,889,622,paragraph
a-c,896,610,918,622,paragraph
fact,88,619,114,631,paragraph
that,119,619,149,631,paragraph
any,153,619,178,631,paragraph
two-particle,183,619,267,631,paragraph
correlation,271,619,347,631,paragraph
function,352,619,410,631,paragraph
is,414,619,425,631,paragraph
a,430,619,438,631,paragraph
gauge-,442,619,488,631,paragraph
and,517,624,544,637,paragraph
then,550,624,581,637,paragraph
expanding,587,624,660,637,paragraph
the,666,624,688,637,paragraph
result,694,624,734,637,paragraph
to,740,624,754,637,paragraph
order,760,624,797,637,paragraph
Q2.),803,623,834,637,paragraph
The,842,624,871,637,paragraph
calcu-,876,624,918,637,paragraph
invariant,88,633,151,646,paragraph
object,155,633,199,646,paragraph
"and,",204,633,234,646,paragraph
as,239,633,254,646,paragraph
"such,",258,633,294,646,paragraph
can,299,633,323,646,paragraph
contain,328,633,380,646,paragraph
the,385,633,407,646,paragraph
interaction,412,633,488,646,paragraph
→,472,638,488,660,paragraph
lation,517,640,558,653,paragraph
of,565,640,578,653,paragraph
δΠ˜,585,637,605,653,paragraph
is,629,640,640,653,paragraph
fairly,646,640,683,653,paragraph
straightforward.,690,640,804,653,paragraph
The,815,640,843,653,paragraph
frequency,850,640,918,653,paragraph
potential,88,648,151,660,paragraph
only,157,648,187,660,paragraph
multiplied,193,648,264,660,paragraph
by,270,648,287,660,paragraph
factor,293,648,334,660,paragraph
that,340,648,369,660,paragraph
vanishes,375,648,434,660,paragraph
at,439,648,454,660,paragraph
q,459,648,467,660,paragraph
"s,4",605,645,621,654,paragraph
int(cid:90)egrals,517,653,578,700,paragraph
in,583,657,597,669,paragraph
δΠ˜,602,654,622,669,paragraph
are,645,657,667,669,paragraph
calculated,672,657,744,669,paragraph
as,749,657,764,669,paragraph
0.37,88,661,113,675,paragraph
Such,121,662,154,675,paragraph
a,161,662,169,675,paragraph
factor,175,662,217,675,paragraph
ensures,223,662,275,675,paragraph
that,281,662,311,675,paragraph
there,317,662,354,675,paragraph
is,360,662,371,675,paragraph
no,377,662,394,675,paragraph
contribution,401,662,488,675,paragraph
"s,4",622,662,639,671,paragraph
from,88,677,121,689,paragraph
a,127,677,136,689,paragraph
potential,142,677,206,689,paragraph
which,212,677,254,689,paragraph
is,260,677,271,689,paragraph
constant,278,677,338,689,paragraph
in,345,677,358,689,paragraph
real,365,677,391,689,paragraph
"space,",398,677,441,689,paragraph
"i.e.,",448,677,473,689,paragraph
a,480,677,488,689,paragraph
·,784,682,788,704,paragraph
−,811,682,824,704,paragraph
delta-function,88,691,187,704,paragraph
in,195,691,208,704,paragraph
the,216,691,239,704,paragraph
momentum,247,691,327,704,paragraph
space.,335,691,377,704,paragraph
There,392,691,433,704,paragraph
are,441,691,463,704,paragraph
no,471,691,488,704,paragraph
dω,556,691,575,704,paragraph
−,630,691,640,706,paragraph
sgn(ε,693,691,731,704,paragraph
+,743,691,756,704,paragraph
v,759,691,769,704,paragraph
q),792,691,808,704,paragraph
sgnε,828,691,859,704,paragraph
such,88,706,119,718,paragraph
factors,124,706,172,718,paragraph
in,177,706,191,718,paragraph
"δΠ˜s,1",196,702,232,719,paragraph
and,239,706,265,718,paragraph
"δΠ˜s,2,",270,702,312,719,paragraph
and,317,706,343,718,paragraph
therefore,349,706,412,718,paragraph
they,417,706,448,718,paragraph
must,453,706,488,718,paragraph
2πm,563,696,586,721,paragraph
GnkG6k+nq,589,697,648,715,paragraph
=,654,700,666,712,paragraph
Cn,671,700,690,713,paragraph
2,719,710,727,723,paragraph
(kiΩ,730,696,754,723,paragraph
F−,769,696,782,723,paragraph
v,786,710,796,723,paragraph
·,810,701,815,723,paragraph
q)5,818,707,841,723,paragraph
k,859,696,867,705,paragraph
",",870,700,874,712,paragraph
(26),889,700,918,712,paragraph
m,754,715,765,724,paragraph
F,796,715,804,724,paragraph
vanish.,88,720,137,733,paragraph
The,104,735,132,747,paragraph
combination,140,735,227,747,paragraph
of,235,735,248,747,paragraph
the,256,735,279,747,paragraph
Green’s,287,735,340,747,paragraph
functions,348,735,413,747,paragraph
in,421,735,434,747,paragraph
square,442,735,488,747,paragraph
−,664,734,677,756,paragraph
brackets,88,749,146,762,paragraph
in,152,749,166,762,paragraph
δΠ˜,172,746,192,762,paragraph
does,216,749,247,762,paragraph
not,253,749,277,762,paragraph
vanish,283,749,328,762,paragraph
on,334,749,351,762,paragraph
applying,357,749,418,762,paragraph
Eq.,424,749,449,762,paragraph
(24).,455,749,488,762,paragraph
where,517,743,559,756,paragraph
C2,567,743,585,757,paragraph
=,594,743,607,756,paragraph
C4,616,743,634,757,paragraph
=,643,743,656,756,paragraph
4,677,743,685,756,paragraph
and,693,743,719,756,paragraph
C3,727,743,745,757,paragraph
=,754,743,767,756,paragraph
6.,775,743,788,756,paragraph
Now,802,743,834,756,paragraph
we,842,743,860,756,paragraph
replace,868,743,918,756,paragraph
"s,3",192,754,209,763,paragraph
ddk/(2π)d,517,756,588,770,paragraph
by,594,758,611,770,paragraph
N,616,758,629,770,paragraph
dε,640,758,656,770,paragraph
dϑ,664,758,683,770,paragraph
"/(2dπ),",690,756,741,770,paragraph
where,746,758,788,770,paragraph
ϑ,792,758,802,770,paragraph
is,815,758,826,770,paragraph
the,830,758,853,770,paragraph
solid,858,758,890,770,paragraph
an-,895,758,918,770,paragraph
This,88,764,119,776,paragraph
can,125,764,150,776,paragraph
be,156,764,172,776,paragraph
related,178,764,227,776,paragraph
to,233,764,247,776,paragraph
the,253,764,276,776,paragraph
fact,282,764,308,776,paragraph
the,314,764,337,776,paragraph
integrand,343,764,410,776,paragraph
contains,416,764,474,776,paragraph
a,480,764,488,776,paragraph
F,629,763,637,772,paragraph
k,656,763,664,772,paragraph
d,683,763,689,772,paragraph
d,802,763,809,772,paragraph
common,88,778,147,791,paragraph
factor,152,778,193,791,paragraph
of,197,778,211,791,paragraph
"q,",215,778,227,791,paragraph
and,232,778,258,791,paragraph
thus,262,778,293,791,paragraph
δΠ˜,297,775,317,791,paragraph
does,339,778,370,791,paragraph
not,375,778,398,791,paragraph
have,403,778,435,791,paragraph
to,439,778,454,791,paragraph
van-,458,778,488,791,paragraph
gle,517,772,537,785,paragraph
in,543,772,557,785,paragraph
d,563,772,571,785,paragraph
"dimensions,",577,772,659,785,paragraph
and,665,772,691,785,paragraph
integrate,697,772,760,785,paragraph
over,766,772,795,785,paragraph
εk.,801,772,822,786,paragraph
The,830,772,858,785,paragraph
integral,864,772,918,785,paragraph
"s,3",317,783,334,792,paragraph
over,517,787,547,799,paragraph
ε,551,787,559,799,paragraph
is,571,787,582,799,paragraph
conﬁned,586,787,645,799,paragraph
by,649,787,666,799,paragraph
the,670,787,693,799,paragraph
sign,697,787,725,799,paragraph
functions,729,787,794,799,paragraph
in,798,787,812,799,paragraph
Eq.,816,787,840,799,paragraph
(26),844,787,873,799,paragraph
to,877,787,891,799,paragraph
the,895,787,918,799,paragraph
ish,88,793,108,805,paragraph
identically.,113,793,190,805,paragraph
"However,",198,793,263,805,paragraph
it,269,793,280,805,paragraph
still,285,793,312,805,paragraph
gives,317,793,352,805,paragraph
no,358,793,375,805,paragraph
contribution,381,793,468,805,paragraph
to,474,793,488,805,paragraph
k,559,792,566,800,paragraph
|,587,792,592,814,paragraph
·,614,792,619,814,paragraph
|,630,792,635,814,paragraph
·,814,792,818,814,paragraph
region,517,801,561,814,paragraph
"(0,",565,801,584,814,paragraph
v,592,801,602,814,paragraph
q,620,801,630,814,paragraph
),635,801,641,814,paragraph
and,646,801,672,814,paragraph
gives,676,801,711,814,paragraph
a,715,801,723,814,paragraph
factor,728,801,769,814,paragraph
of,774,801,787,814,paragraph
v,791,801,801,814,paragraph
q,820,801,830,814,paragraph
=,834,801,847,814,paragraph
v,852,801,859,814,paragraph
q,870,801,878,814,paragraph
cos,881,801,903,814,paragraph
θ.,905,801,918,814,paragraph
leading,88,807,138,820,paragraph
order,144,807,181,820,paragraph
in,187,807,201,820,paragraph
κ/k,206,807,232,820,paragraph
.,243,807,248,820,paragraph
"Indeed,",256,807,308,820,paragraph
integrating,314,807,391,820,paragraph
ﬁrst,397,807,425,820,paragraph
over,431,807,460,820,paragraph
ω,466,807,476,820,paragraph
F,602,806,610,815,paragraph
F,801,806,809,815,paragraph
F,859,806,868,815,paragraph
F,232,812,241,821,paragraph
·,338,812,343,834,paragraph
m,476,812,487,821,paragraph
Averaging,517,816,589,828,paragraph
over,595,816,625,828,paragraph
the,630,816,653,828,paragraph
angle,659,816,696,828,paragraph
between,702,816,759,828,paragraph
v,765,816,775,828,paragraph
and,791,816,818,828,paragraph
Q,824,816,838,828,paragraph
(the,843,816,872,828,paragraph
direc-,878,816,918,828,paragraph
and,88,822,114,834,paragraph
approximating,119,822,222,834,paragraph
ε,226,822,234,834,paragraph
=,265,822,278,834,paragraph
ε,282,822,290,834,paragraph
+v,300,822,325,834,paragraph
q,345,822,355,834,paragraph
with,359,822,391,834,paragraph
v,396,822,405,834,paragraph
=,421,822,433,834,paragraph
v,438,822,446,834,paragraph
"k/k,",457,822,488,834,paragraph
F,775,821,783,829,paragraph
k+q,234,827,260,835,paragraph
k,290,827,297,835,paragraph
F,325,827,333,835,paragraph
F,405,827,414,835,paragraph
F,446,827,454,835,paragraph
tion(cid:90),517,828,548,875,paragraph
of,551,830,564,843,paragraph
which,570,830,611,843,paragraph
is,616,830,627,843,paragraph
chosen,632,830,679,843,paragraph
as,685,830,699,843,paragraph
a,705,830,713,843,paragraph
reference),718,830,787,843,paragraph
yields(cid:18),793,827,844,874,paragraph
(cid:19),875,827,887,874,paragraph
dϑ,568,866,586,878,paragraph
cos,655,866,677,878,paragraph
θ,680,866,688,878,paragraph
1,782,866,790,878,paragraph
Ω,847,866,859,878,paragraph
2d−1dπ,560,870,601,895,paragraph
(iΩ,606,883,630,895,paragraph
−,646,873,658,895,paragraph
v,662,883,670,895,paragraph
q,681,883,688,895,paragraph
cos,691,883,713,895,paragraph
θ)5,716,882,737,895,paragraph
=,744,874,757,887,paragraph
(v,763,883,777,895,paragraph
q)5,788,882,809,895,paragraph
Fd,811,874,829,888,paragraph
v,846,883,854,895,paragraph
mq,859,870,872,895,paragraph
",",889,874,894,887,paragraph
from,102,887,130,897,paragraph
2kF,134,887,156,898,paragraph
scattering,163,887,223,897,paragraph
"processes,",227,887,286,897,paragraph
appear,291,887,332,897,paragraph
only,337,887,363,897,paragraph
at,368,887,380,897,paragraph
the,385,887,404,897,paragraph
next,409,887,436,897,paragraph
order,440,887,472,897,paragraph
in,477,887,488,897,paragraph
m,630,888,641,896,paragraph
F,670,888,678,896,paragraph
F,777,888,785,896,paragraph
F,854,888,862,896,paragraph
κ/kF,102,899,131,910,paragraph
and,138,899,161,909,paragraph
can,165,899,186,909,paragraph
be,191,899,205,909,paragraph
neglected.,209,899,269,909,paragraph
(27),889,900,918,913,paragraph
##LTLine##,265,165,288,165,paragraph
##LTLine##,347,165,369,165,paragraph
##LTLine##,283,198,305,198,paragraph
##LTLine##,410,198,432,198,paragraph
##LTLine##,88,221,488,221,paragraph
##LTLine##,488,213,488,221,paragraph
##LTLine##,260,255,290,255,paragraph
##LTLine##,260,292,282,292,paragraph
##LTLine##,260,328,282,328,paragraph
##LTLine##,260,363,290,363,paragraph
##LTLine##,518,398,518,406,paragraph
##LTLine##,518,399,918,399,paragraph
##LTLine##,274,517,312,517,paragraph
##LTLine##,161,550,203,550,paragraph
##LTLine##,88,858,147,858,paragraph
##LTLine##,684,485,858,485,paragraph
##LTLine##,556,707,587,707,paragraph
##LTLine##,693,707,868,707,paragraph
##LTLine##,560,881,602,881,paragraph
##LTLine##,606,881,737,881,paragraph
##LTLine##,763,881,810,881,paragraph
##LTLine##,846,881,873,881,paragraph
