token,x0,y0,x1,y1,label
2,914,30,919,41,paragraph
datasets,80,68,131,84,paragraph
show,137,68,171,84,paragraph
our,177,68,199,84,paragraph
proposed,205,68,265,84,paragraph
method,271,68,320,84,paragraph
can,326,68,349,84,paragraph
achieve,355,68,404,84,paragraph
state-of-the-,410,68,490,84,paragraph
To,526,68,542,84,paragraph
aid,549,68,569,84,paragraph
the,576,68,596,84,paragraph
prediction,603,68,669,84,paragraph
in,676,68,689,84,paragraph
"Eq.1,",695,68,730,84,paragraph
we,737,68,756,84,paragraph
need,763,68,793,84,paragraph
to,800,68,813,84,paragraph
use,820,68,842,84,paragraph
the,849,68,868,84,paragraph
textual,875,68,919,84,paragraph
art,80,84,97,99,paragraph
results.,102,84,149,99,paragraph
category,509,84,565,99,paragraph
representation,571,84,663,99,paragraph
k,669,86,679,98,paragraph
as,685,84,698,99,paragraph
an,704,84,720,99,paragraph
in-between,726,84,798,99,paragraph
layer,804,84,836,99,paragraph
to,842,84,855,99,paragraph
decouple,861,84,919,99,paragraph
II.,98,99,114,114,section
GENERATIVE,123,99,232,114,section
LATENT,237,99,302,114,section
PROTOTYPE,307,99,405,114,section
MODEL,410,99,471,114,section
images,509,99,555,114,paragraph
x,565,101,575,113,paragraph
from,584,99,616,114,paragraph
label,625,99,657,114,paragraph
"l,",666,99,676,114,paragraph
due,685,99,709,114,paragraph
to,718,99,731,114,paragraph
its,740,99,756,114,paragraph
easy,765,99,794,114,paragraph
accessability,803,99,887,114,paragraph
and,896,99,919,114,paragraph
A.,80,117,94,133,section
Problem,102,117,157,133,section
Setti(cid:84)ng,163,115,208,162,section
semantic,509,114,567,129,paragraph
integrity.,573,114,631,129,paragraph
Common,637,114,697,129,paragraph
practice,703,114,755,129,paragraph
is,761,114,772,129,paragraph
to,777,114,790,129,paragraph
assign,796,114,837,129,paragraph
k,843,116,852,129,paragraph
on,858,114,875,129,paragraph
a,880,114,888,129,paragraph
per-,894,114,919,129,paragraph
L,280,130,292,152,paragraph
{,332,130,340,152,paragraph
},400,130,409,152,paragraph
L,450,130,461,152,paragraph
class,509,129,541,144,paragraph
"basis,",548,129,585,144,paragraph
or,592,129,605,144,paragraph
a,612,129,619,144,paragraph
per-image,626,129,692,144,paragraph
basis.,699,129,736,144,paragraph
The,743,129,768,144,paragraph
former,775,129,820,144,paragraph
is,827,129,837,144,paragraph
particularly,844,129,919,144,paragraph
Following,96,137,162,152,paragraph
"convention,",171,137,246,152,paragraph
let,255,137,272,152,paragraph
=,309,139,322,152,paragraph
"y1,",340,137,360,152,paragraph
"...,",363,139,381,152,paragraph
yk,384,137,399,152,paragraph
and,417,137,441,152,paragraph
=,477,139,490,152,paragraph
{,80,145,88,167,paragraph
},145,145,153,167,paragraph
L,167,145,179,167,paragraph
L,205,145,216,167,paragraph
∅,259,145,267,167,paragraph
s,292,144,298,153,paragraph
s,348,145,354,154,paragraph
s,392,145,398,154,paragraph
t,461,144,466,153,paragraph
"helpful,",509,144,559,159,paragraph
since,569,144,602,159,paragraph
it,611,144,621,159,paragraph
allows,630,144,672,159,paragraph
the,681,144,701,159,paragraph
minimum,710,144,774,159,paragraph
effort,783,144,819,159,paragraph
of,828,144,841,159,paragraph
annotating,851,144,919,159,paragraph
"y1,",88,153,108,167,paragraph
"...,",111,154,129,167,paragraph
yl,132,153,144,167,paragraph
",",153,152,157,167,paragraph
=,234,154,247,167,paragraph
be,277,152,293,167,paragraph
disjoint,302,152,351,167,paragraph
label,361,152,393,167,paragraph
sets,403,152,427,167,paragraph
of,437,152,451,167,paragraph
seen,461,152,490,167,paragraph
t,96,160,101,169,paragraph
t,140,160,144,169,paragraph
s,179,159,185,168,paragraph
t,216,159,221,168,paragraph
D,389,160,402,182,paragraph
a,509,159,516,174,paragraph
theoretically,525,159,606,174,paragraph
unlimited,615,159,677,174,paragraph
number,685,159,735,174,paragraph
of,743,159,757,174,paragraph
unseen,765,159,811,174,paragraph
categories.,819,159,889,174,paragraph
For,897,159,919,174,paragraph
and,80,167,103,182,paragraph
unseen,113,167,159,182,paragraph
classes,169,167,214,182,paragraph
in,224,167,237,182,paragraph
the,247,167,267,182,paragraph
source,277,167,320,182,paragraph
domain,330,167,379,182,paragraph
and,419,167,443,182,paragraph
target,453,167,490,182,paragraph
D,136,175,148,197,paragraph
s,402,174,408,183,paragraph
"convenience,",509,174,594,189,paragraph
we,599,174,618,189,paragraph
consider,623,174,678,189,paragraph
the,683,174,703,189,paragraph
former,708,174,752,189,paragraph
case,757,174,785,189,paragraph
to,790,174,803,189,paragraph
give,808,174,835,189,paragraph
our,840,174,862,189,paragraph
"method,",867,174,919,189,paragraph
domain,80,182,128,197,paragraph
",",154,182,158,197,paragraph
respectively.,165,182,246,197,paragraph
Each,254,182,286,197,paragraph
category,294,182,349,197,paragraph
corresponds,357,182,435,197,paragraph
one-to-,443,182,490,197,paragraph
t,148,189,153,198,paragraph
Z,394,190,406,212,paragraph
which,509,189,549,204,paragraph
can,555,189,577,204,paragraph
easily,583,189,621,204,paragraph
be,627,189,642,204,paragraph
extended,648,189,706,204,paragraph
to,712,189,725,204,paragraph
the,730,189,750,204,paragraph
latter.,756,189,793,204,paragraph
one,80,197,103,212,paragraph
to,110,197,122,212,paragraph
a,129,197,136,212,paragraph
unique,143,197,187,212,paragraph
prototype,194,197,256,212,paragraph
in,263,197,275,212,paragraph
the,282,197,302,212,paragraph
latent,309,197,345,212,paragraph
space,351,197,388,212,paragraph
",",407,197,411,212,paragraph
denoted,418,197,470,212,paragraph
as,476,197,490,212,paragraph
Z,80,205,91,227,paragraph
{,126,205,134,227,paragraph
},194,205,202,227,paragraph
Z,240,205,252,227,paragraph
{,285,205,293,227,paragraph
},354,205,362,227,paragraph
The,526,204,551,220,paragraph
per-class,559,204,617,220,paragraph
annotation,625,204,694,220,paragraph
allows,703,204,745,220,paragraph
a,753,204,760,220,paragraph
deterministic,769,204,854,220,paragraph
labelling,863,204,919,220,paragraph
=,106,214,118,227,paragraph
"z1,",134,213,154,227,paragraph
"...,",157,214,175,227,paragraph
zk,178,213,193,227,paragraph
and,209,212,233,227,paragraph
=,265,214,278,227,paragraph
"k1,",293,213,315,227,paragraph
"...,",318,214,336,227,paragraph
kl,338,213,352,227,paragraph
.,362,212,366,227,paragraph
We,373,212,395,227,paragraph
assume,402,212,450,227,paragraph
there,457,212,490,227,paragraph
s,91,219,97,228,paragraph
s,142,221,148,229,paragraph
s,186,221,192,229,paragraph
t,252,219,257,228,paragraph
t,303,221,308,229,paragraph
t,348,221,353,229,paragraph
of,509,219,523,235,paragraph
the,532,219,552,235,paragraph
intermediate,561,219,642,235,paragraph
semantic,651,219,709,235,paragraph
layer,718,219,750,235,paragraph
k.,759,219,773,235,paragraph
"Therefore,",782,219,850,235,paragraph
the,859,219,879,235,paragraph
label,888,219,919,235,paragraph
are,80,227,99,242,paragraph
two,104,227,128,242,paragraph
different,133,227,189,242,paragraph
types,193,227,228,242,paragraph
of,232,227,246,242,paragraph
observed,250,227,309,242,paragraph
category,313,227,369,242,paragraph
representations,374,227,472,242,paragraph
in,477,227,490,242,paragraph
X,247,235,258,257,paragraph
K,418,235,430,257,paragraph
prediction,509,235,575,250,paragraph
in,581,235,594,250,paragraph
Eq.1,599,235,630,250,paragraph
becomes:,635,235,697,250,paragraph
"ZSL,",80,242,113,258,paragraph
i.e.,119,242,138,258,paragraph
visual,144,242,183,258,paragraph
features,189,242,241,258,paragraph
and,267,242,290,258,paragraph
semantic,296,242,354,258,paragraph
features,360,242,412,258,paragraph
(deﬁned,436,242,490,258,paragraph
K,240,251,252,272,paragraph
L,386,251,397,272,paragraph
L,444,251,456,272,paragraph
by,80,257,96,273,paragraph
attributes/texts).,104,257,209,273,paragraph
In,218,257,231,273,paragraph
",",252,257,257,273,paragraph
all,265,257,281,273,paragraph
categories,290,257,356,273,paragraph
in,364,257,377,273,paragraph
and,412,257,436,273,paragraph
are,470,257,490,273,paragraph
|,739,258,744,280,equation
∈,777,258,788,280,equation
L,792,258,803,280,equation
K,172,266,184,287,paragraph
K,226,266,238,287,paragraph
s,397,265,403,273,paragraph
t,456,265,460,273,paragraph
y,615,267,623,280,equation
=,633,267,646,280,equation
arg,650,267,673,280,equation
max,676,267,706,280,equation
p(kl,709,265,738,280,equation
"x),",744,267,764,280,equation
l,767,267,772,280,equation
",",809,267,814,280,equation
(2),901,265,919,280,equation
embedded,80,273,146,288,paragraph
as,152,273,166,288,paragraph
and,197,273,220,288,paragraph
in,250,273,263,288,paragraph
advance.,268,273,325,288,paragraph
Given,331,273,370,288,paragraph
a,376,273,383,288,paragraph
new,389,273,416,288,paragraph
test,422,273,444,288,paragraph
image,450,273,490,288,paragraph
t,623,272,628,281,equation
t,733,274,738,282,equation
t,803,272,808,281,equation
s,184,280,190,289,paragraph
t,238,280,243,289,paragraph
l,689,279,693,288,equation
feature,80,288,125,303,paragraph
x,133,290,143,303,paragraph
",",148,288,153,303,paragraph
the,161,288,181,303,paragraph
task,189,288,215,303,paragraph
of,223,288,237,303,paragraph
zero-shot,245,288,305,303,paragraph
learning,313,288,367,303,paragraph
is,375,288,386,303,paragraph
to,394,288,407,303,paragraph
construct,415,288,474,303,paragraph
a,482,288,490,303,paragraph
t,143,295,148,304,paragraph
|,288,296,293,318,paragraph
classiﬁer,80,303,137,318,paragraph
f,144,305,152,318,paragraph
:,161,305,166,318,paragraph
arg,173,305,195,318,paragraph
max,198,305,228,318,paragraph
log,236,305,257,318,paragraph
p(yl,260,304,287,318,paragraph
x,293,305,302,318,paragraph
),308,305,315,318,paragraph
by,322,303,338,318,paragraph
making,345,303,394,318,paragraph
use,401,303,422,318,paragraph
of,429,303,443,318,paragraph
image,450,303,490,318,paragraph
{,176,311,184,333,paragraph
}l⊂,220,310,245,333,paragraph
X,250,311,262,333,paragraph
×Lt,265,311,290,333,paragraph
t,302,310,307,319,paragraph
source,80,318,122,333,paragraph
dataset,126,318,172,333,paragraph
x,184,320,194,333,paragraph
",",199,320,204,333,paragraph
y,207,320,215,333,paragraph
and,302,318,325,333,paragraph
all,330,318,346,333,paragraph
available,350,318,408,333,paragraph
information,413,318,490,333,paragraph
K,98,326,110,348,paragraph
i,194,325,199,334,paragraph
i,215,325,219,334,paragraph
s,290,325,297,334,paragraph
C.,509,324,524,339,section
Prerequisite,532,324,612,339,section
Condition,617,324,682,339,section
in,80,333,92,348,paragraph
.,111,333,115,348,paragraph
Before,526,344,570,359,paragraph
introducing,578,344,653,359,paragraph
the,661,344,681,359,paragraph
proposed,688,344,748,359,paragraph
"method,",756,344,809,359,paragraph
we,817,344,836,359,paragraph
ﬁrst,844,344,869,359,paragraph
give,877,344,904,359,paragraph
a,912,344,919,359,paragraph
B.,80,348,94,363,section
ZSL,102,348,128,363,section
with,134,348,162,363,section
A,167,348,177,363,section
Latent,183,348,225,363,section
Prototypical,230,348,311,363,section
Space,317,348,356,363,section
K,817,352,830,374,paragraph
discussion,509,359,577,374,paragraph
about,584,359,621,374,paragraph
the,628,359,648,374,paragraph
category,655,359,711,374,paragraph
representation,718,359,810,374,paragraph
to,837,359,850,374,paragraph
assist,857,359,892,374,paragraph
the,900,359,919,374,paragraph
Let,96,367,117,382,paragraph
us,123,367,138,382,paragraph
motive,143,367,188,382,paragraph
our,193,367,215,382,paragraph
approach,220,367,280,382,paragraph
from,286,367,317,382,paragraph
a,323,367,330,382,paragraph
generative,336,367,403,382,paragraph
probabilistic,408,367,490,382,paragraph
ZSL,509,374,538,389,paragraph
task.,543,374,574,389,paragraph
"Obviously,",579,374,650,389,paragraph
not,655,374,676,389,paragraph
any,681,374,704,389,paragraph
representation,709,374,802,389,paragraph
has,807,374,829,389,paragraph
the,834,374,854,389,paragraph
ability,859,374,901,389,paragraph
of,906,374,919,389,paragraph
modelling,80,382,146,397,paragraph
perspective.,150,382,227,397,paragraph
We,231,382,253,397,paragraph
assume,257,382,305,397,paragraph
that,309,382,333,397,paragraph
for,337,382,356,397,paragraph
each,360,382,390,397,paragraph
"category,",394,382,453,397,paragraph
there,457,382,490,397,paragraph
transcending,509,389,592,404,paragraph
class,598,389,630,404,paragraph
boundaries,636,389,707,404,paragraph
and,713,389,737,404,paragraph
be,743,389,758,404,paragraph
used,764,389,794,404,paragraph
to,800,389,812,404,paragraph
transfer,818,389,868,404,paragraph
knowl-,874,389,919,404,paragraph
are,80,397,99,412,paragraph
several,108,397,154,412,paragraph
different,163,397,219,412,paragraph
observed,228,397,286,412,paragraph
"representations,",295,397,398,412,paragraph
e.g.,407,397,430,412,paragraph
"images,",440,397,490,412,paragraph
edge,509,404,540,419,paragraph
for,548,404,567,419,paragraph
making,576,404,625,419,paragraph
predictions.,633,404,710,419,paragraph
It,718,404,728,419,paragraph
should,736,404,780,419,paragraph
meet,788,404,820,419,paragraph
the,828,404,848,419,paragraph
following,857,404,919,419,paragraph
texts,80,412,110,427,paragraph
or,118,412,131,427,paragraph
audio.,139,412,179,427,paragraph
Each,187,412,219,427,paragraph
describes,227,412,287,427,paragraph
the,295,412,315,427,paragraph
category,322,412,378,427,paragraph
from,386,412,418,427,paragraph
a,425,412,432,427,paragraph
speciﬁc,440,412,490,427,paragraph
property.,509,419,567,435,paragraph
perspective,80,427,153,443,paragraph
and,162,427,186,443,paragraph
is,195,427,206,443,paragraph
developed,216,427,282,443,paragraph
from,292,427,323,443,paragraph
the,333,427,353,443,paragraph
category,362,427,418,443,paragraph
prototype,427,427,490,443,paragraph
∃,669,428,678,449,paragraph
∈,698,428,709,449,paragraph
K,714,428,727,449,paragraph
(cid:54)∈,778,428,789,449,paragraph
Basic,526,433,563,450,paragraph
Property.,569,433,634,450,paragraph
For,640,434,663,449,paragraph
ki,678,435,692,449,paragraph
",",732,434,736,449,paragraph
if,742,434,751,449,paragraph
ki,757,435,772,449,paragraph
range(K,794,437,857,449,paragraph
"),",864,434,874,449,paragraph
where,880,434,919,449,paragraph
(an,80,443,100,458,paragraph
original,108,443,159,458,paragraph
or,167,443,181,458,paragraph
ﬁrst,189,443,214,458,paragraph
model,222,443,263,458,paragraph
of,271,443,285,458,paragraph
something,293,443,361,458,paragraph
from,369,443,400,458,paragraph
which,408,443,448,458,paragraph
other,456,443,490,458,paragraph
t,688,443,693,452,paragraph
t,727,442,732,451,paragraph
t,767,443,772,452,paragraph
s,857,442,863,451,paragraph
K,509,452,524,465,paragraph
=,536,452,549,465,paragraph
"[k1,",555,450,581,465,paragraph
"...,",584,452,602,465,paragraph
kk],604,450,627,465,paragraph
and,633,450,657,465,paragraph
range(K,664,452,727,465,paragraph
),734,452,740,465,paragraph
denotes,746,450,796,465,paragraph
the,802,450,822,465,paragraph
column,828,450,876,465,paragraph
space,882,450,919,465,paragraph
forms,80,458,117,473,paragraph
are,122,458,142,473,paragraph
copied,147,458,191,473,paragraph
or,196,458,209,473,paragraph
"developed1),",214,457,296,473,paragraph
which,301,458,341,473,paragraph
abstracts,346,458,403,473,paragraph
the,408,458,428,473,paragraph
common,433,458,490,473,paragraph
s,524,457,530,466,paragraph
s,569,458,575,467,paragraph
s,614,458,620,467,paragraph
K,670,458,683,480,paragraph
{Ks,708,457,733,480,paragraph
K,742,458,755,480,paragraph
},760,458,769,480,paragraph
of,509,465,522,480,paragraph
the,528,465,548,480,paragraph
matrix,555,465,597,480,paragraph
K,604,467,618,480,paragraph
",",625,465,629,480,paragraph
then,636,465,664,480,paragraph
=,689,467,702,480,paragraph
",",735,467,740,480,paragraph
has,775,465,798,480,paragraph
no,804,465,820,480,paragraph
transferability,827,465,919,480,paragraph
essence,80,473,129,488,paragraph
about,135,473,171,488,paragraph
the,177,473,197,488,paragraph
category,203,473,259,488,paragraph
from,265,473,296,488,paragraph
these,302,473,336,488,paragraph
representations.,342,473,444,488,paragraph
In,450,473,464,488,paragraph
the,470,473,490,488,paragraph
s,618,472,625,481,paragraph
s,728,472,734,481,paragraph
t,755,472,760,481,paragraph
for,509,480,528,495,paragraph
ZSL.,534,480,564,495,paragraph
latent,80,488,116,503,paragraph
prototypical,123,488,202,503,paragraph
"space,",209,488,250,503,paragraph
we,257,488,276,503,paragraph
assume,284,488,332,503,paragraph
the,339,488,359,503,paragraph
manifold,366,488,425,503,paragraph
structure,433,488,490,503,paragraph
(cid:54)∈,655,488,665,510,paragraph
∀,755,488,764,510,paragraph
∈,779,488,789,510,paragraph
R,794,491,806,507,paragraph
⊥,842,488,855,510,paragraph
Proof.,526,495,566,510,paragraph
For,570,495,592,510,paragraph
"ki,",596,495,616,510,paragraph
if,620,495,630,510,paragraph
ki,634,496,649,510,paragraph
range(K,670,497,733,510,paragraph
"),",740,495,750,510,paragraph
α,764,497,774,510,paragraph
"k,",806,495,818,510,paragraph
ki,822,496,836,510,paragraph
K,859,497,874,510,paragraph
"α,",881,495,895,510,paragraph
i.e.,900,495,919,510,paragraph
of,80,503,93,518,paragraph
prototypes,101,503,170,518,paragraph
encodes,179,503,231,518,paragraph
the,239,503,259,518,paragraph
underlying,268,503,338,518,paragraph
semantic,347,503,404,518,paragraph
relationship,413,503,490,518,paragraph
t,606,503,611,512,paragraph
t,644,503,649,512,paragraph
s,733,502,739,511,paragraph
t,832,503,837,512,paragraph
s,874,502,880,511,paragraph
ki,509,511,524,525,paragraph
is,531,510,542,525,paragraph
not,548,510,569,525,paragraph
in,575,510,588,525,paragraph
the,594,510,614,525,paragraph
subspace,620,510,679,525,paragraph
spanned,685,510,739,525,paragraph
by,745,510,761,525,paragraph
all,767,510,783,525,paragraph
seen,790,510,819,525,paragraph
classes.,825,510,874,525,paragraph
Given,880,510,919,525,paragraph
between,80,518,134,533,paragraph
different,139,518,194,533,paragraph
categories.,199,518,269,533,paragraph
The,274,518,299,533,paragraph
similar,304,518,349,533,paragraph
assumption,354,518,428,533,paragraph
has,433,518,454,533,paragraph
been,459,518,490,533,paragraph
t,519,519,524,527,paragraph
∀,536,518,545,540,paragraph
∈,566,518,577,540,paragraph
|,645,518,649,540,paragraph
x,509,528,519,540,paragraph
",",525,525,529,540,paragraph
kl,545,526,559,540,paragraph
K,583,528,598,540,paragraph
",",604,525,608,540,paragraph
p(kl,615,526,643,540,paragraph
x,649,528,659,540,paragraph
),665,528,671,540,paragraph
has,678,525,699,540,paragraph
the,706,525,726,540,paragraph
same,733,525,766,540,paragraph
possibility.,773,525,843,540,paragraph
Thus,850,525,883,540,paragraph
Eq.2,889,525,919,540,paragraph
successfully,80,533,159,548,paragraph
applied,165,533,213,548,paragraph
in,218,533,231,548,paragraph
[20]–[23],237,533,299,548,paragraph
.,305,533,309,548,paragraph
t,519,532,524,541,paragraph
t,554,534,559,542,paragraph
t,598,532,603,541,paragraph
t,639,534,644,542,paragraph
t,659,532,664,541,paragraph
∈,479,541,490,563,paragraph
can’t,509,540,542,555,paragraph
make,547,540,582,555,paragraph
predictions.,588,540,664,555,paragraph
To,96,548,113,563,paragraph
formulate,118,548,182,563,paragraph
this,187,548,211,563,paragraph
"process,",217,548,269,563,paragraph
we,275,548,294,563,paragraph
use,300,548,322,563,paragraph
the,327,548,347,563,paragraph
random,353,548,403,563,paragraph
variable,408,548,460,563,paragraph
z,466,550,474,563,paragraph
R,80,559,91,576,paragraph
Z,449,556,460,578,paragraph
This,526,555,554,571,paragraph
property,564,555,619,571,paragraph
describes,629,555,690,571,paragraph
a,700,555,707,571,paragraph
kind,717,555,746,571,paragraph
of,755,555,769,571,paragraph
criterion,779,555,834,571,paragraph
to,844,555,856,571,paragraph
evaluate,866,555,919,571,paragraph
m,91,564,103,573,paragraph
to,108,563,121,578,paragraph
denote,125,563,169,578,paragraph
the,173,563,193,578,paragraph
category,198,563,254,578,paragraph
prototype,258,563,321,578,paragraph
in,325,563,338,578,paragraph
the,343,563,362,578,paragraph
latent,367,563,403,578,paragraph
space,408,563,444,578,paragraph
and,466,563,490,578,paragraph
∈,94,571,105,593,paragraph
R,110,574,122,591,paragraph
whether,509,571,562,586,paragraph
a,572,571,579,586,paragraph
speciﬁc,589,571,639,586,paragraph
category,649,571,704,586,paragraph
representation,714,571,806,586,paragraph
is,816,571,827,586,paragraph
transferrable,837,571,919,586,paragraph
k,80,581,89,593,paragraph
d,122,579,129,588,paragraph
to,135,578,148,594,paragraph
denote,154,578,197,594,paragraph
the,203,578,223,594,paragraph
observed,229,578,288,594,paragraph
representation,294,578,386,594,paragraph
for,392,578,411,594,paragraph
clarity.,417,578,461,594,paragraph
For,467,578,490,594,paragraph
intuitionally.,509,586,592,601,paragraph
Similar,598,586,646,601,paragraph
conclusion,653,586,723,601,paragraph
about,730,586,766,601,paragraph
binary,772,586,814,601,paragraph
attribute,820,586,874,601,paragraph
repre-,881,586,919,601,paragraph
each,80,593,109,609,paragraph
"observation,",114,593,194,609,paragraph
the,198,593,218,609,paragraph
generation,223,593,292,609,paragraph
"process,",296,593,349,609,paragraph
shown,354,593,396,609,paragraph
in,401,593,413,609,paragraph
"Fig.1,",418,593,456,609,paragraph
is,461,593,471,609,paragraph
as,476,593,490,609,paragraph
sentations,509,601,574,616,paragraph
has,580,601,602,616,paragraph
been,607,601,638,616,paragraph
discussed,644,601,706,616,paragraph
in,712,601,725,616,paragraph
"[2],",730,601,753,616,paragraph
[24].,759,601,790,616,paragraph
follows.,80,609,132,624,paragraph
∼,345,617,357,639,list
D.,509,616,525,631,section
Generative,533,616,605,631,section
Latent,611,616,653,631,section
Prototype,658,616,722,631,section
Model,727,616,769,631,section
(GLaP),775,616,825,631,section
•,96,623,102,638,list
Choose,112,624,161,639,list
a,169,624,177,639,list
category,185,624,241,639,list
prototype,249,624,312,639,list
z,320,626,328,639,list
p(z,367,626,390,639,list
),396,626,403,639,list
=,412,626,425,639,list
"Cat(Z),",434,624,490,639,list
c,328,631,334,640,list
c,390,631,395,640,list
where,112,639,152,654,list
Cat(Z),160,641,211,654,list
is,219,639,230,654,list
the,237,639,257,654,list
categorical,265,639,336,654,list
distribution,344,639,419,654,list
and,426,639,450,654,list
Z,457,641,469,654,list
=,477,641,490,654,list
Based,526,635,565,650,paragraph
on,570,635,587,650,paragraph
the,592,635,612,650,paragraph
above,617,635,655,650,paragraph
"discussion,",660,635,732,650,paragraph
we,737,635,756,650,paragraph
propose,761,635,813,650,paragraph
the,818,635,838,650,paragraph
solution,843,635,895,650,paragraph
for,901,635,919,650,paragraph
[z,112,656,125,669,list
",",132,656,137,669,list
"...,",140,656,158,669,list
z,160,656,169,669,list
],191,656,195,669,list
contains,201,654,255,669,list
all,261,654,277,669,list
the,283,654,303,669,list
prototypes.,309,654,381,669,list
our,509,650,531,666,paragraph
probabilistic,537,650,618,666,paragraph
model,624,650,664,666,paragraph
in,670,650,683,666,paragraph
Eq.2.,689,650,723,666,paragraph
1,125,661,132,670,list
k+l,169,661,190,670,list
"•SpGkpec(ekina∼|lezlryca,p)te(iinkso|ZzabScsl)Lei.nr,vewWaarteiitoGhhnaoasvuuetsostfilwaotnsohsetdyiopscftaertsigebogeunfotierroyrenapl.prietryso,etonwttyaetpieoanszss,cuim.aees.",96,668,490,732,list
"ifmnrogaDm,xuoletonrgaetoiDnntiahnptegu(krada|balxsta)se,onilcnwuethDioeo(cid:90)srfnebtafyorgrmeEtaxqdi.o2mmiizasiinntoginiltesstaarlnoncgepls(ikkde|uxlri)hinodgoirdter,aciit.nley-.",509,666,919,755,equation
∼,403,725,415,747,paragraph
|,445,725,450,747,paragraph
s,573,723,579,729,paragraph
image,80,732,119,747,paragraph
x,126,734,136,747,paragraph
and,142,732,165,747,paragraph
text,172,732,196,747,paragraph
k.,202,732,216,747,paragraph
For,223,732,245,747,paragraph
class,252,732,283,747,paragraph
"c,",290,732,301,747,paragraph
we,307,732,326,747,paragraph
assume,333,732,380,747,paragraph
x,387,734,397,747,paragraph
p(x,421,734,445,747,paragraph
z,450,734,458,747,paragraph
),465,734,471,747,paragraph
=,477,734,490,747,paragraph
N,80,740,93,762,paragraph
|,111,740,116,762,paragraph
∼,246,740,258,762,paragraph
|,292,740,296,762,paragraph
N,348,740,361,762,paragraph
c,458,739,464,748,paragraph
X,476,740,487,762,paragraph
"and(xKP,xzrecs,pΣecxt)ivaenlyd.",80,747,219,777,paragraph
kP,227,749,241,777,paragraph
∈p(kRdz×c)m,261,749,323,777,paragraph
=and,326,749,356,777,paragraph
"(PPkz∈c,",363,749,410,777,paragraph
ΣRka)×mforare,413,747,490,777,paragraph
p(k|x),592,745,637,767,equation
∝,641,745,654,767,equation
p(k|zc)p(x|zc)p(zc)dzc,677,745,836,768,equation
(3),901,752,919,767,equation
x,241,769,249,778,paragraph
∈,276,770,286,792,paragraph
R,294,773,306,790,paragraph
×,312,771,323,787,paragraph
∈k,370,769,385,792,paragraph
R,389,773,400,790,paragraph
×,407,771,418,787,paragraph
the,80,777,99,792,paragraph
projection,107,777,173,792,paragraph
"matrices,",180,777,239,792,paragraph
Σ,246,779,260,792,paragraph
d,306,778,312,787,paragraph
"d,",323,777,334,792,paragraph
Σ,341,779,355,792,paragraph
a,400,778,407,787,paragraph
a,418,778,425,787,paragraph
are,433,777,453,792,paragraph
their,460,777,490,792,paragraph
x,260,784,267,793,paragraph
k,355,784,362,793,paragraph
|,899,786,903,808,paragraph
covariance,80,792,149,807,paragraph
matrices.,155,792,214,807,paragraph
Because,219,792,273,807,paragraph
x,278,794,288,807,paragraph
and,293,792,317,807,paragraph
k,322,794,332,807,paragraph
depict,337,792,377,807,paragraph
different,382,792,438,807,paragraph
aspects,443,792,490,807,paragraph
All,526,793,546,808,paragraph
three,551,793,584,808,paragraph
distributions,589,793,670,808,paragraph
are,675,793,695,808,paragraph
in,700,793,713,808,paragraph
the,718,793,738,808,paragraph
exponential,743,793,819,808,paragraph
family.,824,793,869,808,paragraph
p(k,874,795,899,808,paragraph
x),903,795,919,808,paragraph
N,813,801,826,823,paragraph
of,80,807,93,822,paragraph
the,102,807,122,822,paragraph
"category,",130,807,189,822,paragraph
we,198,807,217,822,paragraph
give,226,807,253,822,paragraph
the,262,807,282,822,paragraph
conditional,291,807,364,822,paragraph
independence,373,807,462,822,paragraph
for,471,807,490,822,paragraph
is,509,808,520,823,paragraph
actually,526,808,577,823,paragraph
a,583,808,590,823,paragraph
linear,595,808,632,823,paragraph
Gaussian,638,808,698,823,paragraph
"distribution,",703,808,782,823,paragraph
i.e.,787,808,807,823,paragraph
(Ax,828,810,859,823,paragraph
+,862,810,875,823,paragraph
"b,",878,810,893,823,paragraph
"Σ),",896,808,919,823,paragraph
"them,",80,822,116,838,paragraph
i.e.,122,822,142,838,paragraph
"p(x,",147,825,176,837,paragraph
k|z,179,815,202,837,paragraph
),208,825,215,837,paragraph
=,219,825,232,837,paragraph
p(x|z,236,815,274,837,paragraph
)p(k|z,280,815,324,837,paragraph
).,331,822,341,838,paragraph
where,509,823,549,838,paragraph
A,558,825,572,838,paragraph
∈,583,816,594,838,paragraph
Ra×d,604,817,640,836,paragraph
and,650,823,673,838,paragraph
b,682,825,693,838,paragraph
∈,703,816,714,838,paragraph
Ra,725,819,743,836,paragraph
establish,753,823,810,838,paragraph
the,819,823,839,838,paragraph
connection,848,823,919,838,paragraph
c,202,830,208,838,paragraph
c,274,830,280,838,paragraph
D,284,830,297,852,paragraph
c,324,830,330,838,paragraph
Given,96,837,135,853,paragraph
an,142,837,157,853,paragraph
instance,164,837,217,853,paragraph
x,224,840,233,852,paragraph
from,246,837,277,853,paragraph
",",302,837,306,853,paragraph
its,313,837,328,853,paragraph
class,335,837,367,853,paragraph
label,373,837,405,853,paragraph
is,412,837,423,853,paragraph
predicted,429,837,490,853,paragraph
between,509,838,564,853,paragraph
x,572,840,582,853,paragraph
and,590,838,614,853,paragraph
k,622,840,632,853,paragraph
and,640,838,664,853,paragraph
can,672,838,695,853,paragraph
be,703,838,718,853,paragraph
solved,727,838,769,853,paragraph
in,777,838,790,853,paragraph
closed,798,838,840,853,paragraph
form,848,838,880,853,paragraph
[25].,888,838,919,853,paragraph
t,233,845,238,853,paragraph
t,297,845,302,853,paragraph
as,80,853,93,868,paragraph
Take,509,853,540,868,paragraph
the,548,853,568,868,paragraph
simplest,575,853,629,868,paragraph
case,637,853,665,868,paragraph
for,672,853,691,868,paragraph
example.,699,853,758,868,paragraph
When,765,853,804,868,paragraph
Σ,811,856,825,868,paragraph
=,833,856,845,868,paragraph
"I,",853,856,865,868,paragraph
b,867,856,878,868,paragraph
=,886,856,898,868,paragraph
"0,",906,853,919,868,paragraph
−,644,863,655,878,paragraph
(cid:84),660,862,673,909,paragraph
A,509,871,523,883,paragraph
=,532,871,545,883,paragraph
KXT,554,869,591,883,paragraph
(XXT,593,869,636,883,paragraph
),638,871,644,883,paragraph
"1,",655,868,666,884,paragraph
where,674,868,714,884,paragraph
K,722,871,737,883,paragraph
=,746,871,758,883,paragraph
[k,767,871,782,883,paragraph
",",789,871,794,883,paragraph
"...,",796,871,814,883,paragraph
k,817,871,827,883,paragraph
],839,871,844,883,paragraph
and,852,868,876,884,paragraph
X,884,871,898,883,paragraph
=,907,871,919,883,paragraph
|,304,876,309,898,equation
∈,342,876,353,898,equation
L,357,876,368,898,equation
1,782,876,788,884,paragraph
N,827,876,837,884,paragraph
y,190,885,198,898,equation
=,209,885,221,898,equation
arg,226,885,249,898,equation
max,252,885,282,898,equation
p(l,285,885,304,898,equation
"x),",309,885,329,898,equation
l,332,885,337,898,equation
.,374,885,379,898,equation
(1),471,883,490,898,equation
[x,509,886,524,898,paragraph
",",531,886,535,898,paragraph
"...,",538,886,556,898,paragraph
x,559,886,569,898,paragraph
].,581,883,590,899,paragraph
t,198,890,203,899,equation
t,368,890,373,899,equation
1,524,891,530,900,paragraph
N,569,891,579,900,paragraph
L,639,892,650,914,paragraph
L,676,892,687,914,paragraph
∅,715,892,723,914,paragraph
l,265,896,269,905,equation
"However,",526,899,588,914,paragraph
due,593,899,616,914,paragraph
to,621,899,634,914,paragraph
=,698,901,710,914,paragraph
",",723,899,727,914,paragraph
the,732,899,752,914,paragraph
underlying,757,899,827,914,paragraph
data,832,899,860,914,paragraph
distribu-,865,899,920,914,paragraph
s,650,906,656,915,paragraph
t,687,906,692,915,paragraph
tions,509,914,541,929,paragraph
of,547,914,561,929,paragraph
the,567,914,587,929,paragraph
object,593,914,633,929,paragraph
categories,639,914,705,929,paragraph
differ.,711,914,750,929,paragraph
Approximating,756,914,856,929,paragraph
the,862,914,882,929,paragraph
ideal,888,914,919,929,paragraph
|,596,922,600,944,paragraph
D,651,922,664,944,paragraph
1Deﬁnition,93,930,151,943,footer
taken,156,931,184,943,footer
from,188,931,214,943,footer
Merriam-Webster.com,218,931,335,943,footer
dictionary.,340,931,395,943,footer
function,509,929,564,944,paragraph
p(k,571,931,596,944,paragraph
x),600,931,616,944,paragraph
for,624,929,643,944,paragraph
using,677,929,712,944,paragraph
Eq.3,720,929,750,944,paragraph
suffers,758,929,802,944,paragraph
from,810,929,842,944,paragraph
a,849,929,857,944,paragraph
domains,864,929,919,944,paragraph
t,664,936,668,945,paragraph
