token,x0,y0,x1,y1,label
42,220,95,234,108,paragraph
Christian,553,95,604,108,author
Klein,608,95,638,108,author
and,642,95,662,108,author
Jean-Claude,665,95,734,108,author
Saut,737,95,762,108,author
(cid:112),669,317,682,357,caption
×,390,344,401,362,caption
−,416,344,424,358,caption
Fig.,220,348,242,362,paragraph
7,245,348,252,362,paragraph
Solution,259,349,306,362,caption
at,309,349,319,362,caption
time,322,349,347,362,caption
t,350,349,354,362,caption
=,357,351,368,362,caption
4.8,371,349,389,362,caption
10,403,349,416,362,caption
4,424,348,429,358,caption
to,433,349,444,362,caption
the,447,349,464,362,caption
KP-I,467,349,494,362,caption
solution,497,349,542,362,caption
with,545,349,570,362,caption
initial,573,349,605,362,caption
data,608,349,631,362,caption
sech,635,349,659,362,caption
2,663,348,668,358,caption
x2,682,349,694,362,caption
"+y2,",696,349,725,362,caption
which,728,349,762,362,caption
are,220,362,237,375,caption
not,240,362,258,375,caption
subject,261,362,300,375,caption
to,304,362,315,375,caption
the,318,362,335,375,caption
zero,338,362,362,375,caption
mass,366,362,393,375,caption
constraint.,397,362,455,375,caption
relation,220,413,279,431,paragraph
of,284,413,300,431,paragraph
the,304,413,328,431,paragraph
original,332,413,393,431,paragraph
system,397,413,451,431,paragraph
(for,456,413,485,431,paragraph
instance,489,413,553,431,paragraph
the,557,413,581,431,paragraph
water,585,413,628,431,paragraph
wave,633,413,673,431,paragraph
system),677,413,738,431,paragraph
by,742,413,762,431,paragraph
that,220,430,249,449,paragraph
of,254,430,270,449,paragraph
the,275,430,299,449,paragraph
KP,304,430,329,449,paragraph
equation.,334,430,406,449,paragraph
Another,239,448,303,466,paragraph
drawback,309,448,384,466,paragraph
is,390,448,403,466,paragraph
the,408,448,432,466,paragraph
poor,437,448,473,466,paragraph
error,479,448,517,466,paragraph
estimate,522,448,587,466,paragraph
between,592,448,658,466,paragraph
the,663,448,687,466,paragraph
KP,692,448,717,466,paragraph
solu-,723,448,762,466,paragraph
tion,220,466,250,484,paragraph
and,254,466,282,484,paragraph
the,286,466,310,484,paragraph
solution,313,466,376,484,paragraph
of,380,466,396,484,paragraph
the,400,466,424,484,paragraph
original,428,466,488,484,paragraph
problem.,492,466,562,484,paragraph
This,566,466,601,484,paragraph
has,604,466,630,484,paragraph
been,634,466,671,484,paragraph
established,675,466,762,484,paragraph
clearly,220,483,273,501,paragraph
in,278,483,293,501,paragraph
the,298,483,322,501,paragraph
context,327,483,384,501,paragraph
of,389,483,405,501,paragraph
water,410,483,453,501,paragraph
waves,458,483,506,501,paragraph
(see,511,483,542,501,paragraph
"[139,",547,483,588,501,paragraph
"140,",593,483,627,501,paragraph
142]).,632,483,679,501,paragraph
4.2.2,220,500,252,516,section
The,260,500,288,516,section
Cauchy,292,500,345,516,section
problem,349,500,407,516,section
by,411,500,429,516,section
PDE,433,500,465,516,section
techniques,469,500,543,516,section
All,239,531,264,549,paragraph
the,270,531,294,549,paragraph
KP,301,531,326,549,paragraph
type,332,531,365,549,paragraph
equations,372,531,447,549,paragraph
can,453,531,480,549,paragraph
be,486,531,505,549,paragraph
viewed,511,531,567,549,paragraph
as,573,531,589,549,paragraph
a,596,531,604,549,paragraph
linear,611,531,655,549,paragraph
skew-adjoint,661,531,762,549,paragraph
perturbation,220,549,315,567,paragraph
of,320,549,336,567,paragraph
the,340,549,364,567,paragraph
Burgers,368,549,430,567,paragraph
equation.,434,549,506,567,paragraph
Using,511,549,557,567,paragraph
this,562,549,590,567,paragraph
"structure,",594,549,667,567,paragraph
it,672,549,682,567,paragraph
is,687,549,700,567,paragraph
not,704,549,729,567,paragraph
dif-,733,549,762,567,paragraph
ﬁcult,220,566,260,584,paragraph
(for,264,566,293,584,paragraph
instance,297,566,361,584,paragraph
by,365,566,385,584,paragraph
a,389,566,397,584,paragraph
compactness,401,566,501,584,paragraph
method),505,566,570,584,paragraph
to,574,566,589,584,paragraph
prove,593,566,637,584,paragraph
that,641,566,670,584,paragraph
the,674,566,698,584,paragraph
Cauchy,702,566,762,584,paragraph
problem,220,584,285,602,paragraph
is,290,584,303,602,paragraph
locally,308,584,361,602,paragraph
well-posed,366,584,452,602,paragraph
for,457,584,480,602,paragraph
data,485,584,518,602,paragraph
in,523,584,538,602,paragraph
the,543,584,567,602,paragraph
Sobolev,572,584,636,602,paragraph
spaces,641,584,692,602,paragraph
"Hs(R2),",697,579,762,602,paragraph
s,220,601,227,619,paragraph
>,232,604,247,619,paragraph
2,251,601,261,620,paragraph
(see,266,601,297,620,paragraph
"[221],",302,601,349,620,paragraph
"[200],",354,601,401,620,paragraph
[93],406,601,439,620,paragraph
for,444,601,467,620,paragraph
results,471,601,522,620,paragraph
in,527,601,542,620,paragraph
this,547,601,576,620,paragraph
direction).,580,601,661,620,paragraph
"Unfortunately,",239,619,352,637,paragraph
this,361,619,389,637,paragraph
kind,398,619,433,637,paragraph
of,441,619,458,637,paragraph
result,466,619,510,637,paragraph
does,518,619,554,637,paragraph
not,563,619,588,637,paragraph
sufﬁce,596,619,648,637,paragraph
to,656,619,672,637,paragraph
obtain,680,619,729,637,paragraph
the,738,619,762,637,paragraph
global,220,637,270,655,paragraph
well-posedness,277,637,396,655,paragraph
of,404,637,420,655,paragraph
the,428,637,452,655,paragraph
Cauchy,459,637,519,655,paragraph
problem.,526,637,596,655,paragraph
This,604,637,638,655,paragraph
would,646,637,695,655,paragraph
need,702,637,739,655,paragraph
to,746,637,762,655,paragraph
use,220,654,246,673,paragraph
the,250,654,274,673,paragraph
conservation,278,654,379,672,paragraph
laws,383,654,419,672,paragraph
of,424,654,440,673,paragraph
the,444,654,468,673,paragraph
equations.,472,654,552,673,paragraph
For,556,654,583,673,paragraph
general,588,654,647,672,paragraph
KP,651,654,676,673,paragraph
type,680,654,714,673,paragraph
equa-,718,654,762,673,paragraph
"tions,",220,672,263,690,paragraph
there,267,672,306,690,paragraph
are,311,672,335,690,paragraph
only,339,672,374,690,paragraph
two,379,672,408,690,paragraph
of,412,672,429,690,paragraph
"them,",433,672,477,690,paragraph
the,482,672,506,690,paragraph
conservation,510,672,610,690,paragraph
of,614,672,631,690,paragraph
the,635,672,659,690,paragraph
L2,664,670,682,690,paragraph
norm,688,672,729,690,paragraph
and,733,672,762,690,paragraph
the,220,690,244,708,paragraph
conservation,250,690,349,708,paragraph
of,356,690,372,708,paragraph
the,379,690,403,708,paragraph
energy,409,690,462,708,paragraph
(Hamiltonian).,468,690,584,708,paragraph
For,590,690,617,708,paragraph
the,624,690,648,708,paragraph
general,654,690,712,708,paragraph
equa-,718,690,762,708,paragraph
tion,220,707,250,725,paragraph
(46),257,707,289,725,paragraph
where,296,707,344,725,paragraph
f,354,707,359,725,paragraph
(u),362,707,387,725,paragraph
=,392,710,407,725,paragraph
p+1,416,705,435,729,paragraph
"1up+1,",434,705,487,730,paragraph
and,494,707,522,725,paragraph
without,529,707,588,725,paragraph
the,595,707,619,725,paragraph
transport,626,707,695,725,paragraph
term,702,707,738,725,paragraph
ux,744,707,761,727,paragraph
(which,220,726,274,744,paragraph
can,280,726,307,744,paragraph
be,312,726,331,744,paragraph
eliminated,336,726,419,744,paragraph
by,424,726,444,744,paragraph
a,449,726,458,744,paragraph
change,464,726,519,744,paragraph
of,524,726,541,744,paragraph
"variable),",546,726,620,744,paragraph
we,626,726,648,744,paragraph
recall,654,726,697,744,paragraph
that,703,726,732,744,paragraph
the,738,726,762,744,paragraph
Hamiltonian,220,744,317,762,paragraph
reads,322,744,363,762,paragraph
##LTFigure##,301,121,680,341,figure
##LTFigure##,301,121,681,315,figure
##LTFigure##,301,315,681,341,figure
##LTLine##,682,350,721,350,caption
##LTLine##,415,718,442,718,paragraph
