token,x0,y0,x1,y1,label
STRING,328,48,381,63,paragraph
AND,386,50,416,62,paragraph
MEMBRANE,420,48,504,63,paragraph
GAUSSIAN,509,48,582,63,paragraph
PROCESSES,587,48,666,63,paragraph
(cid:0),270,91,278,142,paragraph
(cid:1),357,91,365,142,paragraph
Proposition,147,113,234,131,paragraph
4,239,113,248,131,paragraph
(Additively,252,113,337,131,paragraph
separable,341,113,415,131,paragraph
string,419,113,462,131,paragraph
GPs,466,113,497,131,paragraph
are,501,113,526,131,paragraph
ﬂexible),530,113,591,131,paragraph
(cid:80),147,126,165,177,paragraph
||,278,124,288,148,paragraph
−,302,124,316,148,paragraph
||,330,124,340,148,paragraph
C,739,124,748,148,paragraph
Let,147,132,170,148,paragraph
"k(x,",175,134,207,148,paragraph
y),210,134,227,148,paragraph
:=,233,134,252,148,paragraph
ρ,258,134,267,148,paragraph
x,288,134,299,148,paragraph
y,320,134,329,148,paragraph
2,340,132,346,142,paragraph
be,370,132,387,148,paragraph
a,392,132,400,148,paragraph
stationary,405,132,475,148,paragraph
covariance,480,132,557,148,paragraph
function,562,132,622,148,paragraph
generating,627,132,702,148,paragraph
a.s.,707,132,731,148,paragraph
1,749,132,756,142,paragraph
GP,762,132,785,148,paragraph
paths,790,132,827,148,paragraph
in-,833,132,852,148,paragraph
R,213,144,226,162,paragraph
L2,340,141,355,152,paragraph
C,457,141,466,165,paragraph
∞,535,141,553,165,paragraph
dexed,147,149,189,165,paragraph
on,192,149,210,165,paragraph
"d,",226,149,239,165,paragraph
d,245,151,255,165,paragraph
>,260,151,273,165,paragraph
"0,",278,149,292,165,paragraph
and,295,149,321,165,paragraph
ρ,324,151,334,165,paragraph
a,337,149,345,165,paragraph
function,348,149,408,165,paragraph
that,411,149,438,165,paragraph
is,441,149,453,165,paragraph
2,467,149,474,159,paragraph
on,478,149,496,165,paragraph
"]0,",499,151,518,165,paragraph
+,521,151,535,165,paragraph
[,553,151,558,165,paragraph
and,561,149,587,165,paragraph
continuous,590,149,668,165,paragraph
at,672,149,685,165,paragraph
0.,688,149,701,165,paragraph
Let,707,149,730,165,paragraph
φ,734,151,744,165,paragraph
(x,752,151,769,165,paragraph
",",776,151,781,165,paragraph
.,784,151,789,165,paragraph
.,792,151,797,165,paragraph
.,800,151,805,165,paragraph
",",808,151,813,165,paragraph
x,816,151,826,165,paragraph
),834,151,841,165,paragraph
=,846,151,860,165,paragraph
s,744,156,751,166,paragraph
1,769,156,776,166,paragraph
d,826,156,833,166,paragraph
d,165,165,172,175,paragraph
x,193,168,203,182,paragraph
",",211,166,215,182,paragraph
let,219,166,237,182,paragraph
(zj),240,165,271,182,paragraph
∈,276,167,285,184,paragraph
∈,313,167,322,184,paragraph
be,356,166,373,182,paragraph
independent,377,166,464,182,paragraph
stationary,467,166,538,182,paragraph
Gaussian,542,166,607,182,paragraph
processes,611,166,679,182,paragraph
with,683,166,714,182,paragraph
mean,718,166,757,182,paragraph
0,761,168,769,182,paragraph
and,773,166,799,182,paragraph
covari-,803,166,852,182,paragraph
j=1,165,175,189,185,paragraph
j,203,173,209,183,paragraph
t,256,175,261,185,paragraph
t,271,174,276,184,paragraph
"Ij,",285,174,302,184,paragraph
j,306,174,312,184,paragraph
[1..d],322,174,351,184,paragraph
R,447,180,460,199,paragraph
ance,147,185,179,202,paragraph
function,184,185,243,202,paragraph
k,248,188,257,201,paragraph
(where,262,185,311,202,paragraph
the,316,185,338,202,paragraph
L2,342,186,361,201,paragraph
norm,367,185,404,202,paragraph
is,409,185,421,202,paragraph
on,425,185,443,202,paragraph
"),",460,185,471,202,paragraph
and,475,185,501,202,paragraph
let,505,185,523,202,paragraph
f(t,528,188,552,201,paragraph
",",560,188,565,201,paragraph
.,567,188,572,201,paragraph
.,575,188,580,201,paragraph
.,583,188,588,201,paragraph
",",591,188,596,201,paragraph
t,599,188,606,201,paragraph
),614,188,620,201,paragraph
=,625,188,639,201,paragraph
φ,644,188,655,201,paragraph
(z1,662,186,685,201,paragraph
",",690,188,695,201,paragraph
.,698,188,703,201,paragraph
.,706,188,711,201,paragraph
.,714,188,719,201,paragraph
",",722,188,727,201,paragraph
zd,730,186,746,201,paragraph
),751,188,758,201,paragraph
be,762,185,779,202,paragraph
the,784,185,805,202,paragraph
corre-,810,185,852,202,paragraph
1,552,193,559,203,paragraph
d,606,193,613,203,paragraph
s,655,193,661,203,paragraph
t1,677,194,688,205,paragraph
td,738,194,749,205,paragraph
×·,785,196,804,220,paragraph
·,807,196,812,220,paragraph
·×,815,196,835,220,paragraph
sponding,147,203,212,220,paragraph
stationary,215,203,286,220,paragraph
string,289,203,330,220,paragraph
GP.,333,203,359,220,paragraph
"Finally,",362,203,416,220,paragraph
let,420,203,438,220,paragraph
g,441,206,450,220,paragraph
be,454,203,471,220,paragraph
an,474,203,491,220,paragraph
isotropic,495,203,557,220,paragraph
Gaussian,561,203,626,220,paragraph
process,630,203,683,220,paragraph
indexed,687,203,742,220,paragraph
on,746,203,764,220,paragraph
I1,767,204,783,220,paragraph
Id,835,204,852,220,paragraph
R,614,216,627,234,paragraph
with,147,221,178,237,paragraph
mean,183,221,221,237,paragraph
0,226,221,235,237,paragraph
and,239,221,265,237,paragraph
covariance,269,221,346,237,paragraph
function,350,221,410,237,paragraph
k,414,223,423,237,paragraph
(where,428,221,478,237,paragraph
the,482,221,504,237,paragraph
L2,509,221,528,237,paragraph
norm,533,221,571,237,paragraph
is,575,221,587,237,paragraph
on,591,221,609,237,paragraph
d).,627,221,645,237,paragraph
Then:,650,221,692,237,paragraph
∀,166,230,176,254,paragraph
∈,195,230,207,254,paragraph
×,233,230,247,254,paragraph
·,251,230,256,254,paragraph
·,259,230,264,254,paragraph
·,267,230,272,254,paragraph
×,276,230,290,254,paragraph
∇,346,230,361,254,paragraph
∇,450,230,465,254,paragraph
1),147,238,161,254,paragraph
x,180,240,190,254,paragraph
I1,212,238,228,254,paragraph
"Id,",294,238,316,254,paragraph
H(,323,240,346,254,paragraph
f(x)),361,240,403,254,paragraph
=,408,240,422,254,paragraph
H(,427,240,450,254,paragraph
"g(x)),",465,238,509,254,paragraph
∀,166,247,176,271,paragraph
(cid:54),195,247,195,271,paragraph
∈,229,247,240,271,paragraph
×,266,247,280,271,paragraph
·,284,247,289,271,paragraph
·,292,247,297,271,paragraph
·,300,247,305,271,paragraph
×,309,247,323,271,paragraph
∇,372,247,387,271,paragraph
∇,430,247,445,271,paragraph
≤,490,247,504,271,paragraph
∇,525,247,540,271,paragraph
∇,581,247,596,271,paragraph
2),147,255,161,271,paragraph
x,180,257,190,271,paragraph
=,195,257,209,271,paragraph
y,214,257,223,271,paragraph
I1,245,255,261,271,paragraph
"Id,",327,255,349,271,paragraph
I(,356,257,372,271,paragraph
f(x);,387,257,427,271,paragraph
f(y)),445,257,486,271,paragraph
I(,509,257,525,271,paragraph
g(x);,540,257,578,271,paragraph
g(y)).,596,255,640,271,paragraph
To,147,289,165,306,paragraph
prove,169,289,209,306,paragraph
Proposition,214,289,296,306,paragraph
4,301,289,309,306,paragraph
we,314,289,335,306,paragraph
need,339,289,373,306,paragraph
a,377,289,385,306,paragraph
"lemma,",390,289,443,306,paragraph
which,447,289,491,306,paragraph
we,495,289,516,306,paragraph
state,520,289,553,306,paragraph
and,557,289,583,306,paragraph
prove,588,289,628,306,paragraph
below.,632,289,679,306,paragraph
Lemma,147,305,205,323,paragraph
8,209,305,218,323,paragraph
Let,227,306,250,322,paragraph
X,254,309,269,322,paragraph
be,283,306,300,322,paragraph
a,304,306,313,322,paragraph
sequence,317,306,383,322,paragraph
of,387,306,401,322,paragraph
Gaussian,405,306,473,322,paragraph
random,477,306,532,322,paragraph
vectors,537,306,588,322,paragraph
with,592,306,623,322,paragraph
auto-covariance,627,306,744,322,paragraph
matrix,748,306,795,322,paragraph
Σ,799,309,812,322,paragraph
and,826,306,852,322,paragraph
n,269,314,278,324,paragraph
→,501,316,519,340,paragraph
→,612,316,630,340,paragraph
n,812,314,821,324,paragraph
mean,147,323,185,339,paragraph
µ,190,326,200,340,paragraph
",",210,323,214,339,paragraph
converging,218,323,297,339,paragraph
almost,302,323,349,339,paragraph
surely,354,323,397,339,paragraph
to,401,323,415,339,paragraph
X∞.,419,323,453,341,paragraph
If,459,323,470,339,paragraph
Σ,474,326,487,340,paragraph
Σ∞,524,323,551,341,paragraph
and,556,323,583,339,paragraph
µ,587,326,598,340,paragraph
µ∞,635,323,659,341,paragraph
then,665,323,695,339,paragraph
X∞,700,323,728,341,paragraph
is,734,323,745,339,paragraph
Gaussian,750,323,817,339,paragraph
with,822,323,852,339,paragraph
n,200,331,209,341,paragraph
n,487,331,495,341,paragraph
n,598,331,606,341,paragraph
mean,147,340,185,357,paragraph
µ∞,190,341,214,358,paragraph
and,219,340,246,357,paragraph
auto-covariance,251,340,367,357,paragraph
matrix,372,340,418,357,paragraph
Σ∞.,423,340,455,358,paragraph
Proof,147,367,189,384,paragraph
We,198,368,221,385,paragraph
need,225,368,259,385,paragraph
to,264,368,277,385,paragraph
show,282,368,319,385,paragraph
that,324,368,350,385,paragraph
the,355,368,377,385,paragraph
characteristic,381,368,476,385,paragraph
function,480,368,540,385,paragraph
of,544,368,559,385,paragraph
X∞,564,368,592,386,paragraph
is,598,368,609,385,paragraph
−,582,390,593,408,paragraph
φX∞(t),348,401,404,417,paragraph
:=,409,401,428,414,paragraph
E(eitTX∞),433,396,510,415,paragraph
=,515,401,529,414,paragraph
eitTµ∞,534,396,581,414,paragraph
12tTΣ∞t.,595,396,651,414,paragraph
∀,388,422,398,446,paragraph
|,424,422,429,446,paragraph
−,473,423,483,440,paragraph
|,532,422,537,446,paragraph
−,578,423,589,440,paragraph
≤,646,422,660,446,paragraph
As,147,430,166,447,paragraph
Σn,173,433,194,448,paragraph
is,202,430,214,447,paragraph
positive,221,430,277,447,paragraph
"semi-deﬁnite,",283,430,381,447,paragraph
"n,",398,433,414,446,paragraph
eitTµn,429,429,472,446,paragraph
12tTΣnt,485,428,531,444,paragraph
=,546,433,560,446,paragraph
e,569,433,578,446,paragraph
12tTΣnt,590,428,636,444,paragraph
1.,670,433,683,446,paragraph
"Hence,",690,430,740,447,paragraph
by,748,430,765,447,paragraph
Lebesgue’s,772,430,852,447,paragraph
dominated,147,447,222,464,paragraph
convergence,226,447,315,464,paragraph
"theorem,",320,447,382,464,paragraph
−,639,471,650,489,paragraph
−,771,471,782,489,paragraph
φX∞(t),159,482,215,497,paragraph
=,220,482,234,495,paragraph
E(,239,479,257,496,paragraph
→lim∞,265,482,304,503,paragraph
eitTXn),311,477,366,495,paragraph
=,371,482,385,495,paragraph
→lim∞,398,482,437,503,paragraph
E(eitTXn),444,477,517,496,paragraph
=,522,482,536,495,paragraph
→lim∞,549,482,588,503,paragraph
eitTµn,595,477,638,495,paragraph
12tTΣnt,652,477,698,492,paragraph
=,703,482,717,495,paragraph
eitTµ∞,722,477,770,495,paragraph
12tTΣ∞t.,784,477,840,495,paragraph
n,257,493,265,503,paragraph
+,279,493,290,503,paragraph
n,390,493,398,503,paragraph
+,412,493,423,503,paragraph
n,541,493,549,503,paragraph
+,563,493,574,503,paragraph
Appendix,147,571,220,589,paragraph
E.1,225,571,250,589,paragraph
Proof,259,571,301,589,paragraph
of,306,571,321,589,paragraph
Proposition,325,571,413,589,paragraph
4,417,571,426,589,paragraph
1),431,571,446,589,paragraph
∈,297,590,309,614,paragraph
×,334,590,348,614,paragraph
·,352,590,357,614,paragraph
·,360,590,365,614,paragraph
·,368,590,373,614,paragraph
×,376,590,390,614,paragraph
∇,601,590,616,614,paragraph
∇,705,590,719,614,paragraph
Let,147,597,170,614,paragraph
x,175,600,185,614,paragraph
=,190,600,204,614,paragraph
"(tx,",209,598,236,614,paragraph
.,239,600,243,614,paragraph
.,246,600,251,614,paragraph
.,254,600,259,614,paragraph
",",262,600,267,614,paragraph
tx),270,598,292,614,paragraph
I1,314,598,330,614,paragraph
Id.,394,597,415,614,paragraph
We,421,597,444,614,paragraph
want,448,597,483,614,paragraph
to,487,597,501,614,paragraph
show,505,597,542,614,paragraph
that,547,597,574,614,paragraph
H(,578,600,601,614,paragraph
f(x)),616,600,658,614,paragraph
=,663,600,676,614,paragraph
H(,681,600,705,614,paragraph
g(x)),719,600,760,614,paragraph
where,764,597,807,614,paragraph
f,812,600,820,614,paragraph
and,827,597,852,614,paragraph
1,222,606,229,617,paragraph
d,277,607,284,617,paragraph
(cid:16),480,604,491,655,equation
(cid:17),574,604,584,655,equation
g,147,617,155,631,paragraph
are,160,614,182,631,paragraph
as,186,614,201,631,paragraph
per,206,614,228,631,paragraph
Proposition,233,614,315,631,paragraph
"4,",320,614,333,631,paragraph
and,337,614,363,631,paragraph
H,368,617,382,631,paragraph
is,388,614,400,631,paragraph
the,405,614,426,631,paragraph
entropy,431,614,485,631,paragraph
operator.,490,614,552,631,paragraph
"Firstly,",558,614,608,631,paragraph
we,612,614,633,631,paragraph
note,638,614,668,631,paragraph
from,673,614,707,631,paragraph
Equation,712,614,776,631,paragraph
(11),781,614,810,631,paragraph
that,815,614,842,631,paragraph
∇,407,641,422,665,equation
(cid:48),507,641,510,658,equation
(cid:48),568,641,572,658,equation
f(x),422,651,456,665,equation
=,461,651,475,665,equation
z1,491,648,507,665,equation
",",512,651,517,665,equation
.,520,651,525,665,equation
.,528,651,533,665,equation
.,536,651,541,665,equation
",",544,651,549,665,equation
zd,552,648,568,665,equation
",",587,651,592,665,equation
(79),823,649,852,665,equation
tx,499,656,511,668,equation
tx,560,656,572,668,equation
(cid:16),269,667,280,718,paragraph
(cid:17),324,667,335,718,paragraph
1,504,663,510,670,equation
d,565,663,572,671,equation
(cid:48),604,682,608,699,paragraph
where,174,691,218,707,paragraph
the,223,691,244,707,paragraph
joint,249,691,282,707,paragraph
law,287,691,312,707,paragraph
of,317,691,332,707,paragraph
the,337,691,359,707,paragraph
GP,364,691,386,707,paragraph
(zj),391,689,421,707,paragraph
∈,426,692,435,709,paragraph
and,455,691,480,707,paragraph
its,485,691,502,707,paragraph
derivative,507,691,577,707,paragraph
(zj,581,689,603,707,paragraph
),608,693,615,707,paragraph
∈,620,692,629,709,paragraph
is,649,691,660,707,paragraph
provided,665,691,728,707,paragraph
in,733,691,747,707,paragraph
Proposition,752,691,834,707,paragraph
1.,839,691,852,707,paragraph
(cid:48),320,703,323,720,paragraph
∈,392,704,404,728,paragraph
t,406,700,411,710,paragraph
t,421,699,426,709,paragraph
Ij,435,698,448,709,paragraph
t,597,700,602,710,paragraph
t,615,699,620,709,paragraph
Ij,629,698,641,709,paragraph
∇,774,704,789,728,paragraph
As,147,711,166,728,paragraph
the,171,711,192,728,paragraph
processes,197,711,265,728,paragraph
"zj,",280,710,301,728,paragraph
zj,304,710,319,728,paragraph
",",366,714,371,728,paragraph
j,378,714,386,728,paragraph
[1..d],409,714,447,728,paragraph
are,451,711,473,728,paragraph
assumed,477,711,538,728,paragraph
to,543,711,557,728,paragraph
be,561,711,578,728,paragraph
independent,582,711,669,728,paragraph
of,674,711,688,728,paragraph
each,693,711,725,728,paragraph
"other,",730,711,770,728,paragraph
f(x),789,714,824,728,paragraph
is,828,711,840,728,paragraph
a,845,711,852,728,paragraph
t,288,721,293,731,paragraph
t,313,721,318,731,paragraph
∈,340,719,349,737,paragraph
t,335,726,340,737,paragraph
Ij,349,726,361,737,paragraph
Gaussian,147,732,212,749,paragraph
vector,216,732,261,749,paragraph
and,265,732,291,749,paragraph
its,295,732,312,749,paragraph
covariance,317,732,393,749,paragraph
matrix,398,732,444,749,paragraph
reads:,449,732,491,749,paragraph
−,494,762,507,786,equation
dρ,519,760,537,777,equation
Σ∇,418,770,442,788,equation
=,475,772,489,786,equation
2,507,772,516,786,equation
(0)I,539,769,568,786,equation
",",576,772,581,786,equation
(80),823,769,852,786,equation
f(x),442,778,469,788,equation
dx,518,779,537,795,equation
d,568,777,575,787,equation
×,296,804,310,828,paragraph
where,174,811,218,828,paragraph
I,222,811,228,828,paragraph
is,241,811,252,828,paragraph
the,257,811,279,828,paragraph
d,283,814,292,828,paragraph
d,314,814,323,828,paragraph
identity,328,811,382,828,paragraph
matrix.,387,811,438,828,paragraph
"Hence,",443,811,493,828,paragraph
d,228,819,235,829,paragraph
∇,355,841,370,865,equation
d,438,842,447,855,equation
1,568,842,577,855,equation
|,600,841,605,865,equation
|,657,841,662,865,equation
H(,332,851,355,865,equation
f(x)),370,851,412,865,equation
=,417,851,431,865,equation
(1,452,851,468,865,equation
+,472,851,485,865,equation
ln(2π)),489,851,545,865,equation
+,549,851,563,865,equation
ln,582,851,597,865,equation
Σ∇,605,849,630,867,equation
.,662,851,667,865,equation
(81),823,848,852,865,equation
2,438,860,447,874,equation
2,568,860,577,874,equation
f(x),630,857,656,867,equation
73,491,912,508,927,paragraph
##LTLine##,595,403,601,403,paragraph
##LTLine##,485,436,491,436,paragraph
##LTLine##,590,436,596,436,paragraph
##LTLine##,652,484,658,484,paragraph
##LTLine##,784,484,790,484,paragraph
##LTLine##,518,779,537,779,equation
##LTLine##,438,859,447,859,equation
##LTLine##,568,859,577,859,equation
