token,x0,y0,x1,y1,label
To,174,102,196,118,paragraph
clarify,205,102,257,118,paragraph
the,266,102,293,118,paragraph
"construction,",302,102,411,118,paragraph
and,421,102,452,118,paragraph
for,461,102,484,118,paragraph
the,493,102,520,118,paragraph
purpose,529,102,595,118,paragraph
of,604,102,619,118,paragraph
the,629,102,655,118,paragraph
later,665,102,703,118,paragraph
"discussion,",712,102,801,118,paragraph
let,811,102,832,118,paragraph
us,841,102,860,118,paragraph
QC,415,111,441,138,paragraph
QC,492,111,518,138,paragraph
review,140,122,193,138,paragraph
the,199,122,225,138,paragraph
examples,231,122,307,138,paragraph
of,312,122,327,138,paragraph
the,333,122,359,138,paragraph
cones,365,122,410,138,paragraph
and,456,122,486,138,paragraph
.,527,122,532,138,paragraph
In,540,122,558,138,paragraph
the,563,122,590,138,paragraph
N,595,122,611,138,paragraph
=,618,122,633,138,paragraph
2,638,122,648,138,paragraph
case,653,122,687,138,paragraph
the,693,122,719,138,paragraph
inequalities,725,122,819,138,paragraph
that,824,122,859,138,paragraph
2,442,129,449,139,paragraph
3,519,129,526,139,paragraph
SA,603,131,632,158,paragraph
AL,786,131,815,158,paragraph
determine,140,143,222,158,paragraph
the,229,143,255,158,paragraph
quantum,262,143,336,158,paragraph
cone,342,143,380,158,paragraph
are,386,143,412,158,paragraph
simply,418,143,473,158,paragraph
subadditivity,479,143,589,158,paragraph
(,596,143,603,158,paragraph
),632,143,639,158,paragraph
and,646,143,677,158,paragraph
Araki-Lieb,683,143,772,158,paragraph
(,779,143,786,158,paragraph
),815,143,823,158,paragraph
SA,391,187,420,213,equation
≥,545,187,560,213,equation
:,426,198,431,213,equation
S,469,198,481,213,equation
+,496,198,511,213,equation
S,516,198,527,213,equation
S,565,198,577,213,equation
",",603,198,608,213,equation
A,481,204,491,214,equation
B,527,204,538,214,equation
AB,577,204,598,214,equation
AL,391,211,420,237,equation
≥,555,211,570,237,equation
:,426,222,431,237,equation
S,469,222,481,237,equation
+,496,222,511,237,equation
S,516,222,527,237,equation
S,576,222,587,237,equation
.,603,222,608,237,equation
(2.1),820,222,860,237,equation
A,481,228,491,238,equation
AB,527,228,548,238,equation
B,587,228,598,238,equation
Note,174,277,214,292,paragraph
that,221,277,256,292,paragraph
even,263,277,300,292,paragraph
if,308,277,319,292,paragraph
the,326,277,353,292,paragraph
two,360,277,390,292,paragraph
inequalities,397,277,491,292,paragraph
are,498,277,524,292,paragraph
physically,531,277,613,292,paragraph
"equivalent,",620,277,710,292,paragraph
in,718,277,734,292,paragraph
the,741,277,767,292,paragraph
sense,775,277,817,292,paragraph
that,824,277,860,292,paragraph
one,140,297,168,312,paragraph
implies,177,297,236,312,paragraph
the,245,297,271,312,paragraph
"other,",281,297,329,312,paragraph
both,339,297,378,312,paragraph
are,387,297,412,312,paragraph
necessary,422,297,500,312,paragraph
for,509,297,532,312,paragraph
the,541,297,567,312,paragraph
construction,576,297,680,312,paragraph
of,689,297,704,312,paragraph
the,713,297,740,312,paragraph
cone,749,297,786,312,paragraph
because,795,297,860,312,paragraph
they,140,317,176,332,paragraph
correspond,183,317,274,332,paragraph
to,281,317,298,332,paragraph
diﬀerent,304,317,374,332,paragraph
facets.,380,317,433,332,paragraph
For,443,317,471,332,paragraph
the,477,317,504,332,paragraph
same,511,317,552,332,paragraph
reason,559,317,612,332,paragraph
one,619,317,648,332,paragraph
should,655,317,709,332,paragraph
also,716,317,748,332,paragraph
include,754,317,814,332,paragraph
both,821,317,860,332,paragraph
AL,234,326,263,352,paragraph
versions,140,337,206,352,paragraph
of,212,337,227,352,paragraph
obtained,269,337,341,352,paragraph
by,348,337,368,352,paragraph
swapping,374,337,452,352,paragraph
A,458,337,472,352,paragraph
and,479,337,509,352,paragraph
B.,516,337,537,352,paragraph
The,545,337,578,352,paragraph
extremal,584,337,657,352,paragraph
rays,664,337,698,352,paragraph
are,704,337,730,352,paragraph
∈,436,366,449,392,equation
{,454,366,464,392,equation
},663,366,673,392,equation
(S,318,377,337,392,equation
",",348,377,353,392,equation
S,357,377,368,392,equation
",",380,377,385,392,equation
S,389,377,401,392,equation
),423,377,430,392,equation
"(1,",464,377,486,392,equation
"0,",489,377,504,392,equation
"1),",508,377,530,392,equation
"(0,",533,377,555,392,equation
"1,",559,377,574,392,equation
"1),",577,377,599,392,equation
"(1,",602,377,625,392,equation
"1,",628,377,643,392,equation
0),646,377,663,392,equation
",",676,377,681,392,equation
(2.2),820,377,860,392,equation
A,337,383,347,394,equation
B,368,383,379,394,equation
AB,401,383,421,394,equation
corresponding,174,425,290,441,paragraph
to,296,425,313,441,paragraph
obvious,319,425,382,441,paragraph
quantum,388,425,462,441,paragraph
states.,468,425,522,441,paragraph
These,530,425,579,441,paragraph
rays,585,425,619,441,paragraph
are,625,425,650,441,paragraph
actually,656,425,723,441,paragraph
equivalent,729,425,813,441,paragraph
since,819,425,860,441,paragraph
they,140,446,176,461,paragraph
are,183,446,208,461,paragraph
mapped,215,446,281,461,paragraph
to,288,446,305,461,paragraph
each,311,446,348,461,paragraph
other,355,446,398,461,paragraph
by,405,446,425,461,paragraph
permutations,431,446,542,461,paragraph
of,549,446,564,461,paragraph
the,571,446,597,461,paragraph
subsystems.,604,446,702,461,paragraph
Here,711,446,750,461,paragraph
we,757,446,779,461,paragraph
list,785,446,811,461,paragraph
all,817,446,838,461,paragraph
of,844,446,859,461,paragraph
them,140,466,182,481,paragraph
just,188,466,220,481,paragraph
for,226,466,249,481,paragraph
"clarity,",255,466,312,481,paragraph
in,319,466,335,481,paragraph
the,341,466,368,481,paragraph
following,374,466,448,481,paragraph
we,455,466,476,481,paragraph
will,483,466,513,481,paragraph
only,519,466,555,481,paragraph
focus,561,466,604,481,paragraph
on,610,466,630,481,paragraph
inequivalent,637,466,737,481,paragraph
rays.,743,466,783,481,paragraph
To,174,486,196,501,paragraph
obtain,201,486,254,501,paragraph
the,259,486,285,501,paragraph
N,290,486,305,501,paragraph
=,313,486,328,501,paragraph
3,333,486,343,501,paragraph
cone,348,486,385,501,paragraph
we,390,486,411,501,paragraph
can,416,486,445,501,paragraph
imagine,450,486,515,501,paragraph
that,520,486,555,501,paragraph
we,560,486,581,501,paragraph
ﬁrst,586,486,619,501,paragraph
build,624,486,667,501,paragraph
a,672,486,681,501,paragraph
“candidate,686,486,776,501,paragraph
cone”,781,486,828,501,paragraph
ob-,833,486,860,501,paragraph
tained,140,506,192,521,paragraph
from,197,506,236,521,paragraph
all,241,506,261,521,paragraph
possible,266,506,332,521,paragraph
versions,337,506,403,521,paragraph
of,408,506,424,521,paragraph
the,429,506,455,521,paragraph
N,461,506,476,521,paragraph
=,483,506,498,521,paragraph
2,504,506,513,521,paragraph
inequalities,518,506,613,521,paragraph
for,618,506,641,521,paragraph
three,646,506,688,521,paragraph
subsystems,694,506,787,521,paragraph
"A,",792,506,812,521,paragraph
"B,",815,506,836,521,paragraph
C.,839,506,860,521,paragraph
We,140,526,166,541,paragraph
then,172,526,209,541,paragraph
cut,215,526,242,541,paragraph
away,248,526,290,541,paragraph
parts,296,526,338,541,paragraph
of,344,526,360,541,paragraph
this,366,526,397,541,paragraph
cone,403,526,440,541,paragraph
by,446,526,466,541,paragraph
slicing,473,526,525,541,paragraph
along,531,526,576,541,paragraph
the,582,526,608,541,paragraph
hyperplanes,614,526,714,541,paragraph
corresponding,720,526,836,541,paragraph
to,842,526,859,541,paragraph
−,305,535,320,561,paragraph
SSA,773,535,815,561,paragraph
all,140,546,160,561,paragraph
"new,",166,546,204,561,paragraph
genuinely,210,546,289,561,paragraph
3,295,546,305,561,paragraph
"partite,",320,546,382,561,paragraph
inequalities.4,388,544,494,561,paragraph
These,504,546,553,561,paragraph
are,559,546,584,561,paragraph
strong,591,546,643,561,paragraph
subadditivity,649,546,759,561,paragraph
(,765,546,773,561,paragraph
),815,546,822,561,paragraph
and,829,546,860,561,paragraph
WM,311,555,355,581,paragraph
weak,140,566,181,581,paragraph
monotonicity,187,566,297,581,paragraph
(,303,566,311,581,paragraph
)5,355,564,369,581,paragraph
SSA,346,610,388,636,equation
≥,534,610,549,636,equation
:,393,621,399,636,equation
S,437,621,449,636,equation
+,475,621,490,636,equation
S,494,621,506,636,equation
S,555,621,567,636,equation
+,583,621,598,636,equation
S,602,621,614,636,equation
",",650,621,656,636,equation
AB,449,627,469,638,equation
BC,506,627,527,638,equation
B,567,627,577,638,equation
ABC,614,627,645,638,equation
WM,343,634,388,660,equation
≥,534,634,549,660,equation
:,393,645,399,660,equation
S,437,645,449,660,equation
+,475,645,490,660,equation
S,494,645,506,660,equation
S,555,645,567,660,equation
+,582,645,597,660,equation
S,601,645,613,660,equation
.,628,645,633,660,equation
(2.3),820,645,860,660,equation
AB,449,651,469,661,equation
BC,506,651,527,661,equation
A,567,651,577,661,equation
C,613,651,623,661,equation
The,174,700,207,715,paragraph
extremal,213,700,286,715,paragraph
rays,292,700,327,715,paragraph
are,333,700,358,715,paragraph
"then,",365,700,407,715,paragraph
up,414,700,435,715,paragraph
to,441,700,458,715,paragraph
permutations,465,700,575,715,paragraph
∈,566,744,579,771,equation
(S,277,755,296,771,equation
",",307,755,313,771,equation
S,316,755,328,771,equation
",",340,755,345,771,equation
S,348,755,360,771,equation
",",372,755,377,771,equation
S,380,755,392,771,equation
",",414,755,419,771,equation
S,423,755,434,771,equation
",",456,755,462,771,equation
S,465,755,477,771,equation
",",499,755,505,771,equation
S,508,755,520,771,equation
),553,755,560,771,equation
A,296,762,307,772,equation
B,328,762,338,772,equation
C,360,762,370,772,equation
AB,392,762,413,772,equation
AC,434,762,455,772,equation
BC,477,762,498,772,equation
ABC,520,762,551,772,equation
{,277,768,287,794,equation
},704,768,713,794,equation
"(1,",287,779,309,794,equation
"1,",312,779,327,794,equation
"0,",330,779,345,794,equation
"0,",349,779,364,794,equation
"1,",367,779,382,794,equation
"1,",385,779,400,794,equation
"0),",403,779,425,794,equation
"(1,",429,779,451,794,equation
"1,",454,779,469,794,equation
"1,",472,779,487,794,equation
"2,",490,779,505,794,equation
"2,",509,779,523,794,equation
"2,",527,779,542,794,equation
"1),",545,779,567,794,equation
"(1,",570,779,593,794,equation
"1,",596,779,611,794,equation
"1,",614,779,629,794,equation
"1,",632,779,647,794,equation
"1,",650,779,665,794,equation
"1,",669,779,683,794,equation
1),687,779,704,794,equation
.,717,779,722,794,equation
(2.4),820,779,860,794,equation
SA,287,802,311,824,footer
≥,475,802,487,824,footer
≥,609,802,622,824,footer
4For,161,810,193,824,footer
example,198,811,256,824,footer
for,262,811,281,824,footer
one,317,811,341,824,footer
also,346,811,374,824,footer
has,379,811,403,824,footer
S,408,811,418,824,footer
+,433,811,445,824,footer
S,449,811,459,824,footer
S,492,811,502,824,footer
",",523,811,527,824,footer
S,533,811,543,824,footer
+,557,811,570,824,footer
S,573,811,583,824,footer
S,627,811,637,824,footer
and,673,811,699,824,footer
various,705,811,755,824,footer
permutations.,761,811,860,824,footer
A,418,816,428,825,footer
C,459,816,468,825,footer
AC,502,816,521,825,footer
A,543,816,552,825,footer
BC,583,816,603,825,footer
ABC,637,816,666,825,footer
However,140,828,200,841,footer
this,205,828,231,841,footer
description,237,828,315,841,footer
is,320,828,331,841,footer
redundant,337,828,409,841,footer
and,415,828,441,841,footer
some,446,828,482,841,footer
of,487,828,500,841,footer
the,506,828,528,841,footer
inequalities,534,828,614,841,footer
can,619,828,644,841,footer
be,649,828,666,841,footer
removed.,671,828,735,841,footer
5Again,161,842,211,856,footer
the,216,844,239,856,footer
two,244,844,270,856,footer
inequalities,275,844,355,856,footer
are,361,844,382,856,footer
equivalent,388,844,460,856,footer
but,465,844,490,856,footer
both,495,844,528,856,footer
should,533,844,580,856,footer
be,585,844,602,856,footer
considered.,607,844,686,856,footer
–,479,915,488,930,paragraph
4,495,915,504,930,paragraph
–,511,915,520,930,paragraph
##LTLine##,140,808,427,808,paragraph
