token,x0,y0,x1,y1,label
Computational,174,100,275,113,paragraph
Linguistics,279,100,352,113,paragraph
Volume,663,100,714,113,paragraph
"xx,",718,100,737,113,paragraph
Number,741,100,797,113,paragraph
xx,801,100,817,113,paragraph
4.2,174,158,195,173,section
Generative,199,158,284,173,section
process,288,158,344,173,section
The,204,187,232,201,paragraph
process,235,187,291,201,paragraph
for,294,187,315,201,paragraph
generating,319,187,398,201,paragraph
sentences,402,187,473,201,paragraph
in,476,187,491,201,paragraph
this,494,187,521,201,paragraph
framework,525,187,607,201,paragraph
begins,611,187,659,201,paragraph
by,663,187,681,201,paragraph
drawing,685,187,748,201,paragraph
a,751,187,760,201,paragraph
seman-,763,187,817,201,paragraph
∈,287,194,298,214,paragraph
X,303,194,315,214,paragraph
tic,174,201,192,215,paragraph
statement,196,201,268,215,paragraph
x,273,203,282,214,paragraph
where,329,201,375,215,paragraph
S,379,201,388,215,paragraph
is,392,201,404,215,paragraph
the,409,201,432,215,paragraph
root,436,201,466,215,paragraph
nonterminal.,471,201,566,215,paragraph
"Thus,",571,201,612,215,paragraph
there,616,201,654,215,paragraph
is,658,201,670,215,paragraph
a,675,201,683,215,paragraph
prior,687,201,725,215,paragraph
distribution,729,201,817,215,paragraph
∈,277,208,288,229,paragraph
X,292,208,304,229,paragraph
S,315,207,323,215,paragraph
p(x),174,217,205,229,paragraph
for,211,215,232,230,paragraph
all,238,215,256,230,paragraph
x,262,217,272,229,paragraph
.,314,215,318,230,paragraph
"Next,",324,215,365,230,paragraph
the,371,215,394,230,paragraph
syntax,400,215,449,230,paragraph
is,455,215,467,230,paragraph
generated,473,215,546,230,paragraph
top-down,553,215,626,230,paragraph
starting,632,215,689,230,paragraph
at,695,215,709,230,paragraph
S.,715,215,728,230,paragraph
We,734,215,757,230,paragraph
draw,763,215,802,230,paragraph
a,808,215,817,230,paragraph
S,304,221,313,230,paragraph
production,174,229,256,244,paragraph
rule,260,229,290,244,paragraph
with,294,229,328,244,paragraph
S,332,229,341,244,paragraph
as,345,229,361,244,paragraph
the,365,229,388,244,paragraph
left-hand,392,229,460,244,paragraph
side,464,229,494,244,paragraph
from,498,229,534,244,paragraph
select,538,230,598,242,paragraph
.,619,229,623,244,paragraph
The,627,229,655,244,paragraph
semantic,659,229,725,244,paragraph
transforma-,729,229,817,244,paragraph
"S,x",598,236,618,244,paragraph
tion,174,244,203,258,paragraph
operations,208,244,287,258,paragraph
f,292,245,300,257,paragraph
are,311,244,334,258,paragraph
applied,339,244,396,258,paragraph
to,401,244,416,258,paragraph
x,421,245,431,257,paragraph
and,436,244,465,258,paragraph
the,470,244,493,258,paragraph
process,498,244,554,258,paragraph
is,559,244,571,258,paragraph
repeated,576,244,641,258,paragraph
for,646,244,668,258,paragraph
the,673,244,696,258,paragraph
right-hand,702,244,781,258,paragraph
side,787,244,817,258,paragraph
i,300,250,305,258,paragraph
nonterminals.,174,258,276,272,paragraph
More,281,258,320,272,paragraph
"concretely,",325,258,403,272,paragraph
we,407,258,429,272,paragraph
deﬁne,434,258,480,272,paragraph
the,484,258,507,272,paragraph
following,512,258,583,272,paragraph
operation,588,258,659,272,paragraph
expand,664,258,724,271,paragraph
which,728,258,774,272,paragraph
takes,779,258,817,272,paragraph
∈,383,265,394,285,paragraph
W,399,265,415,285,paragraph
∪,420,265,432,285,paragraph
N,435,265,449,285,paragraph
∈,662,265,673,285,paragraph
X,677,265,689,285,paragraph
two,174,272,202,287,paragraph
arguments:,207,272,290,287,paragraph
a,294,272,302,287,paragraph
symbol,307,272,361,287,paragraph
A,365,272,378,287,paragraph
and,456,272,484,287,paragraph
a,488,272,497,287,paragraph
semantic,501,272,567,287,paragraph
statement,571,272,643,287,paragraph
x,647,274,657,285,paragraph
.,700,272,704,287,paragraph
A,689,278,699,287,paragraph
1,190,299,196,309,paragraph
function,204,295,269,310,paragraph
"expand(x,",273,295,357,310,paragraph
A),361,296,385,310,paragraph
∈,263,303,274,323,paragraph
W,279,303,296,323,paragraph
2,190,313,196,323,paragraph
if,230,310,242,324,paragraph
A,246,312,259,323,paragraph
/*,255,325,276,339,paragraph
simply,286,325,346,337,paragraph
return,356,325,416,337,paragraph
the,426,325,456,337,paragraph
word,466,325,507,337,paragraph
if,517,325,537,337,paragraph
A,547,324,560,339,paragraph
is,570,325,590,337,paragraph
a,600,325,610,337,paragraph
terminal,620,325,701,337,paragraph
*/,711,325,731,339,paragraph
3,190,342,196,352,paragraph
return,255,338,303,353,paragraph
A,307,338,320,353,paragraph
else,230,357,259,371,paragraph
4,190,360,196,371,paragraph
→,655,364,672,385,paragraph
/*,255,372,276,386,paragraph
select,286,372,346,384,paragraph
a,356,372,366,384,paragraph
production,376,372,477,384,paragraph
rule,487,372,527,384,paragraph
with,537,372,577,384,paragraph
form,587,372,627,384,paragraph
A,637,371,650,386,paragraph
B,676,371,687,386,paragraph
",",694,373,699,385,paragraph
.,702,373,706,385,paragraph
.,709,373,714,385,paragraph
.,716,373,721,385,paragraph
",",724,373,728,385,paragraph
B,731,371,742,386,paragraph
*/,760,372,780,386,paragraph
∼,444,378,457,399,paragraph
1,687,378,693,386,paragraph
k,742,378,749,386,paragraph
5,190,389,196,399,paragraph
"(A,",255,386,280,400,paragraph
"B1,",282,386,305,400,paragraph
.,308,387,312,399,paragraph
.,315,387,320,399,paragraph
.,323,387,327,399,paragraph
",",330,387,335,399,paragraph
"Bk,",337,386,361,400,paragraph
"f1,",363,387,384,400,paragraph
.,386,387,391,399,paragraph
.,394,387,399,399,paragraph
.,401,387,406,399,paragraph
",",409,387,413,399,paragraph
fk),416,387,439,400,paragraph
"selectA,x",462,386,542,401,paragraph
6,190,403,196,413,paragraph
return,255,399,303,414,paragraph
"yield(expand(f1(x),",307,400,474,414,paragraph
"B1),",476,400,505,414,paragraph
.,508,401,513,413,paragraph
.,516,401,520,413,paragraph
.,523,401,528,413,paragraph
",",530,401,535,413,paragraph
"expand(fk(x),",538,400,648,414,paragraph
Bk)),651,400,683,414,paragraph
The,174,430,202,444,paragraph
yield,206,430,257,443,paragraph
operation,261,430,333,444,paragraph
concatenates,337,430,431,444,paragraph
strings,436,430,486,444,paragraph
into,491,430,520,444,paragraph
a,524,430,533,444,paragraph
single,537,430,581,444,paragraph
output,586,430,636,444,paragraph
string.,640,430,688,444,paragraph
"Then,",692,430,734,444,paragraph
the,739,430,762,444,paragraph
output,766,430,817,444,paragraph
sentence,174,444,237,459,paragraph
y,244,446,252,457,paragraph
is,260,444,272,459,paragraph
generated,279,444,352,459,paragraph
simply,359,444,410,459,paragraph
by,417,444,436,459,paragraph
y,442,446,451,457,paragraph
=,456,446,469,457,paragraph
"expand(x,",474,444,555,457,paragraph
S).,557,444,577,459,paragraph
Depending,584,444,667,459,paragraph
on,674,444,692,459,paragraph
the,699,444,722,459,paragraph
"application,",729,444,817,459,paragraph
we,174,458,196,473,paragraph
may,203,458,235,473,paragraph
require,243,458,296,473,paragraph
that,303,458,332,473,paragraph
the,339,458,362,473,paragraph
generative,369,458,447,473,paragraph
process,454,458,510,473,paragraph
capitalizes,517,458,595,473,paragraph
the,602,458,625,473,paragraph
ﬁrst,632,458,661,473,paragraph
letter,669,458,707,473,paragraph
of,714,458,729,473,paragraph
the,736,458,759,473,paragraph
output,766,458,817,473,paragraph
"sentence,",174,472,242,487,paragraph
and/or,246,472,300,487,paragraph
appends,304,472,367,487,paragraph
terminating,372,472,459,487,paragraph
punctuation,463,472,553,487,paragraph
to,557,472,572,487,paragraph
the,576,472,599,487,paragraph
end.,603,472,636,487,paragraph
A,640,472,653,487,paragraph
noise,657,472,696,487,paragraph
model,700,472,747,487,paragraph
may,751,472,783,487,paragraph
also,787,472,817,487,paragraph
be,174,487,191,501,paragraph
appended,195,487,270,501,paragraph
to,274,487,289,501,paragraph
the,293,487,316,501,paragraph
generative,321,487,399,501,paragraph
process.,403,487,462,501,paragraph
The,466,487,494,501,paragraph
above,499,487,543,501,paragraph
algorithm,547,487,620,501,paragraph
may,625,487,657,501,paragraph
be,661,487,679,501,paragraph
easily,683,487,725,501,paragraph
extended,730,487,798,501,paragraph
to,802,487,817,501,paragraph
also,174,501,203,515,paragraph
return,207,501,254,515,paragraph
the,258,501,281,515,paragraph
full,285,501,311,515,paragraph
syntax,315,501,364,515,paragraph
tree.,368,501,400,515,paragraph
4.3,174,529,195,544,section
Selecting,199,529,270,544,section
production,274,529,358,544,section
rules,363,529,401,544,section
There,204,558,246,572,paragraph
are,252,558,275,572,paragraph
many,281,558,323,572,paragraph
possible,330,558,390,572,paragraph
choices,396,558,450,572,paragraph
for,456,558,477,572,paragraph
the,484,558,507,572,paragraph
select,513,558,573,571,paragraph
distribution.,579,558,671,572,paragraph
The,677,558,705,572,paragraph
most,712,558,748,572,paragraph
straight-,754,558,817,572,paragraph
forward,174,572,234,586,paragraph
is,239,572,251,586,paragraph
to,256,572,270,586,paragraph
deﬁne,275,572,322,586,paragraph
a,327,572,335,586,paragraph
categorical,340,572,420,586,paragraph
distribution,425,572,512,586,paragraph
over,517,572,551,586,paragraph
the,556,572,579,586,paragraph
available,584,572,650,586,paragraph
production,655,572,738,586,paragraph
"rules,",743,572,783,586,paragraph
and,788,572,817,586,paragraph
simply,174,586,225,601,paragraph
draw,232,586,271,601,paragraph
the,278,586,301,601,paragraph
selected,309,586,368,601,paragraph
rule,375,586,404,601,paragraph
from,411,586,447,601,paragraph
this,454,586,481,601,paragraph
distribution.,489,586,581,601,paragraph
The,588,586,616,601,paragraph
result,623,586,665,601,paragraph
would,672,586,720,601,paragraph
be,727,586,744,601,paragraph
a,752,586,760,601,paragraph
simple,767,586,817,601,paragraph
extension,174,600,245,615,paragraph
of,250,600,265,615,paragraph
probabilistic,270,600,362,615,paragraph
context-free,367,600,454,615,paragraph
grammars,460,600,535,615,paragraph
(PCFGs),541,600,603,615,paragraph
that,608,600,637,615,paragraph
couples,643,600,699,615,paragraph
semantics,705,600,777,615,paragraph
with,783,600,817,615,paragraph
syntax.,174,615,227,629,paragraph
"However,",231,615,303,629,paragraph
this,308,615,335,629,paragraph
would,340,615,388,629,paragraph
remove,393,615,448,629,paragraph
any,453,615,480,629,paragraph
dependence,485,615,574,629,paragraph
between,579,615,642,629,paragraph
the,646,615,669,629,paragraph
semantic,674,615,740,629,paragraph
statement,744,615,817,629,paragraph
and,174,629,202,643,paragraph
the,206,629,230,643,paragraph
production,234,629,316,643,paragraph
rule,320,629,350,643,paragraph
selection.,354,629,423,643,paragraph
To,204,643,222,658,paragraph
illustrate,229,643,295,658,paragraph
the,302,643,325,658,paragraph
importance,332,643,417,658,paragraph
of,424,643,439,658,paragraph
this,446,643,473,658,paragraph
"dependence,",480,643,574,658,paragraph
consider,581,643,644,658,paragraph
generating,651,643,731,658,paragraph
a,738,643,746,658,paragraph
sentence,753,643,817,658,paragraph
with,174,657,208,672,paragraph
the,211,657,234,672,paragraph
semantic,238,657,303,672,paragraph
statement,307,657,379,672,paragraph
"athlete_plays_sport(athlete:roger_federer,sport:tennis)",383,657,746,671,paragraph
using,749,657,790,672,paragraph
the,794,657,817,672,paragraph
grammar,174,671,243,686,paragraph
in,248,671,262,686,paragraph
ﬁgure,267,671,311,686,paragraph
2,316,671,324,686,paragraph
(the,329,671,358,686,paragraph
process,363,671,418,686,paragraph
is,423,671,435,686,paragraph
graphically,440,671,523,686,paragraph
depicted,528,671,593,686,paragraph
in,597,671,612,686,paragraph
ﬁgure,617,671,661,686,paragraph
3).,666,671,684,686,paragraph
We,689,671,712,686,paragraph
start,717,671,750,686,paragraph
with,755,671,789,686,paragraph
the,794,671,817,686,paragraph
root,174,686,204,700,paragraph
nonterminal,208,686,299,700,paragraph
S:,304,686,317,700,paragraph
step,174,714,201,728,list
1,205,714,213,728,list
We,221,714,244,729,list
can,249,714,274,729,list
only,278,714,311,729,list
select,315,714,356,729,list
the,361,714,384,729,list
ﬁrst,388,714,417,729,list
production,421,714,504,729,list
"rule,",508,714,542,729,list
and,546,714,574,729,list
so,578,714,595,729,list
we,599,714,621,729,list
apply,625,714,668,729,list
the,672,714,695,729,list
semantic,699,714,765,729,list
opera-,769,714,817,729,list
tion,221,728,250,743,list
select_arg1,254,729,364,741,list
on,367,728,386,743,list
the,389,728,413,743,list
semantic,416,728,482,743,list
statement,485,728,557,743,list
to,560,728,575,743,list
obtain,578,728,625,743,list
athlete:roger_federer,628,728,766,743,list
for,769,728,790,743,list
the,794,728,817,743,list
right-hand,221,743,301,757,list
side,305,743,335,757,list
nonterminal,340,743,431,757,list
N.,436,743,454,757,list
We,458,743,481,757,list
apply,486,743,528,757,list
the,533,743,556,757,list
semantic,560,743,626,757,list
operation,630,743,702,757,list
delete_arg1,706,743,817,755,list
·,428,750,432,770,list
to,221,757,236,771,list
obtain,240,757,287,771,list
athlete_plays_sport(,291,756,428,771,list
",sport:tennis)",432,756,523,771,list
for,527,757,548,771,list
VP.,552,757,579,771,list
step,174,777,201,792,list
2,205,777,213,792,list
Expanding,221,778,302,792,list
"N,",308,778,326,792,list
we,331,778,353,792,list
select,358,778,419,791,list
a,424,778,432,792,list
terminal,438,778,501,792,list
symbol,506,778,560,792,list
given,566,778,607,792,list
the,612,778,636,792,list
semantic,641,778,707,792,list
statement,712,778,784,792,list
ath-,790,777,817,792,list
lete:roger_federer.,221,791,342,806,list
Suppose,346,792,409,806,list
“Andre,413,792,469,806,list
Agassi”,473,792,531,806,list
is,535,792,547,806,list
returned.,552,792,620,806,list
step,174,812,201,827,list
3,205,812,213,827,list
"Now,",221,813,261,827,list
we,268,813,290,827,list
expand,297,813,352,827,list
the,359,813,383,827,list
VP,390,813,412,827,list
symbol.,419,813,478,827,list
We,485,813,508,827,list
draw,515,813,555,827,list
from,562,813,597,827,list
select,605,813,665,826,list
to,688,813,703,827,list
choose,710,813,761,827,list
one,768,813,795,827,list
of,802,813,817,827,list
V→P,665,818,683,841,list
the,221,827,244,842,list
two,252,827,281,842,list
available,288,827,355,842,list
production,362,827,445,842,list
rules.,452,827,493,842,list
Suppose,500,827,564,842,list
the,571,827,594,842,list
rule,602,827,631,842,list
VP,639,827,661,842,list
V,687,827,699,842,list
N,712,827,726,842,list
is,734,827,746,842,list
selected.,753,827,817,842,list
14,174,884,191,898,paragraph
##LTLine##,90,21,90,50,paragraph
##LTLine##,20,71,60,71,paragraph
##LTLine##,938,71,978,71,paragraph
##LTLine##,907,21,907,50,paragraph
##LTLine##,20,927,60,927,paragraph
##LTLine##,90,948,90,977,paragraph
##LTLine##,907,948,907,977,paragraph
##LTLine##,937,927,978,927,paragraph
##LTLine##,174,292,817,292,paragraph
##LTLine##,213,311,213,420,paragraph
##LTLine##,238,325,238,354,paragraph
##LTLine##,239,354,247,354,paragraph
##LTLine##,238,373,238,416,paragraph
##LTLine##,239,415,247,415,paragraph
##LTLine##,213,420,221,420,paragraph
##LTLine##,174,427,817,427,paragraph
