token,x0,y0,x1,y1,label
Atmosphere-interior,300,55,443,67,paragraph
exchange,449,55,513,67,paragraph
on,518,55,535,67,paragraph
hot,541,55,564,67,paragraph
rocky,570,55,609,67,paragraph
exoplanets,614,55,689,67,paragraph
13,901,55,918,67,paragraph
ATMOSPHERE-INTERIOR,216,81,421,94,paragraph
EXCHANGE,427,81,522,94,paragraph
ON,527,81,552,94,paragraph
HOT,558,81,594,94,paragraph
ROCKY,600,81,660,94,paragraph
EXOPLANETS,666,81,779,94,paragraph
Edwin,448,98,494,109,author
S.,499,98,513,109,author
Kite,518,98,552,109,author
0,347,115,354,125,section
University,363,115,425,125,author
of,430,115,441,125,author
"Chicago,",446,115,498,125,author
"Chicago,",503,115,555,125,author
IL,559,115,573,125,author
"60637,",578,115,616,125,author
USA;,621,115,653,125,author
kite@uchicago.edu,445,127,555,138,author
Bruce,434,159,480,171,author
Fegley,486,159,538,171,author
Jr.,544,159,566,171,author
0,347,175,354,185,section
University,363,175,425,185,author
of,430,175,441,185,author
"Chicago,",446,175,498,185,author
"Chicago,",503,175,555,185,author
IL,559,175,573,185,author
"60637,",578,175,616,185,author
USA;,621,175,653,185,author
kite@uchicago.edu,99,185,210,195,author
Planetary,219,185,278,195,author
Chemistry,283,185,346,195,author
"Laboratory,",350,185,421,195,author
McDonnell,426,185,491,195,author
Center,496,185,536,195,author
for,541,185,557,195,author
the,562,185,581,195,author
Space,586,185,620,195,author
Sciences,625,185,674,195,author
&,679,185,689,195,author
Department,694,185,767,195,author
of,771,185,782,195,author
Earth,787,185,822,195,author
&,826,185,837,195,author
Planetary,842,185,901,195,author
"Sciences,",473,196,527,206,author
Washington,367,206,438,216,author
"University,",443,206,507,216,author
St,512,206,525,216,author
Louis,530,206,562,216,author
MO,567,206,590,216,author
63130.,595,206,633,216,author
Laura,440,238,486,249,author
Schaefer,491,238,560,249,author
0,347,253,354,264,section
University,363,253,425,264,author
of,430,253,441,264,author
"Chicago,",446,253,498,264,author
"Chicago,",503,253,555,264,author
IL,559,253,573,264,author
"60637,",578,253,616,264,author
USA;,621,253,653,264,author
kite@uchicago.edu,209,264,320,274,author
Harvard-Smithsonian,329,264,458,274,author
Center,462,264,503,274,author
for,507,264,524,274,author
"Astrophysics,",528,264,609,274,author
"Cambridge,",614,264,683,274,author
MA,688,264,711,274,author
"02138,",715,264,754,274,author
USA.,759,264,791,274,author
and,486,277,514,289,section
Eric,455,294,488,306,author
Gaidos,494,294,545,306,author
0,347,310,354,320,section
University,363,310,425,320,author
of,430,310,441,320,author
"Chicago,",446,310,498,320,author
"Chicago,",503,310,555,320,author
IL,559,310,573,320,author
"60637,",578,310,616,320,author
USA;,621,310,653,320,author
kite@uchicago.edu,263,320,374,330,author
University,383,320,445,330,author
of,450,320,461,330,author
Hawaii,466,320,507,330,author
at,511,320,524,330,author
"Manoa,",528,320,573,330,author
"Honolulu,",578,320,637,330,author
HI,641,320,657,330,author
"96822,",661,320,700,330,author
USA.,704,320,737,330,author
Subject,141,348,191,361,section
headings:,196,348,261,361,section
planets,266,348,317,361,abstract
and,321,348,347,361,abstract
satellites:,352,348,418,361,abstract
terrestrial,424,348,494,361,abstract
planets,499,348,549,361,abstract
—,554,348,570,361,abstract
planets,574,348,625,361,abstract
and,629,348,655,361,abstract
satellites:,660,348,726,361,abstract
physical,732,348,790,361,abstract
evolution,794,348,859,361,abstract
—,274,362,290,374,abstract
planets,294,362,345,374,abstract
and,349,362,375,374,abstract
satellites:,379,362,446,374,abstract
surfaces,452,362,508,374,abstract
—,512,362,529,374,abstract
planets,533,362,583,374,abstract
and,588,362,614,374,abstract
satellites:,618,362,684,374,abstract
individual,691,362,762,374,abstract
(Kepler-10,766,362,841,374,abstract
"b,",845,362,859,374,abstract
CoRoT-7,274,375,339,388,abstract
"b,",345,375,359,388,abstract
KIC,365,375,396,388,abstract
12557548,402,375,467,388,abstract
"b,",473,375,487,388,abstract
KOI-2700,494,375,562,388,abstract
"b,",569,375,582,388,abstract
K2-22,589,375,631,388,abstract
"b,",637,375,651,388,abstract
K2-19,658,375,700,388,abstract
"d,",706,375,720,388,abstract
WD,726,375,756,388,abstract
"1145+017,",762,375,836,388,abstract
55,843,375,859,388,abstract
Cnc,274,388,302,401,abstract
"e,",307,388,319,401,abstract
HD,324,388,349,401,abstract
219134,354,388,403,401,abstract
"b,",409,388,422,401,abstract
Kepler-36,428,388,496,401,abstract
"b,",502,388,515,401,abstract
Kepler-78,521,388,590,401,abstract
"b,",595,388,609,401,abstract
Kepler-93,614,388,683,401,abstract
"b,",688,388,702,401,abstract
WASP-47,707,388,776,401,abstract
e).,782,388,800,401,abstract
4.,227,426,238,438,section
DISCUSSION.,248,427,337,438,section
to,518,425,533,438,paragraph
the,543,425,565,438,paragraph
magma-pool,575,425,662,438,paragraph
circulation,672,425,747,438,paragraph
on,757,425,774,438,paragraph
planets,784,425,834,438,paragraph
where,844,425,886,438,paragraph
the,895,425,918,438,paragraph
magma-pool,518,439,606,451,paragraph
circulation,612,439,687,451,paragraph
is,693,439,704,451,paragraph
dominated,710,439,785,451,paragraph
by,791,439,808,451,paragraph
the,814,439,836,451,paragraph
mass,842,439,877,451,paragraph
load-,882,439,918,451,paragraph
4.1.,85,445,108,456,section
Overview,118,444,184,456,section
of,189,444,203,456,section
Approximations,209,444,320,456,section
&,326,444,339,456,section
Model,344,444,387,456,section
Limitations.,392,444,479,456,section
ing,518,452,540,465,paragraph
of,546,452,560,465,paragraph
atmospheric,566,452,652,465,paragraph
condensates,658,452,743,465,paragraph
(?).,749,452,775,465,paragraph
Such,785,452,819,465,paragraph
mass,825,452,860,465,paragraph
loading,866,452,918,465,paragraph
Our,82,462,110,475,paragraph
model,115,462,158,475,paragraph
omits,163,462,202,475,paragraph
or,206,462,221,475,paragraph
simpliﬁes,225,462,291,475,paragraph
geologic,295,462,351,475,paragraph
processes,356,462,421,475,paragraph
that,425,462,455,475,paragraph
are,460,462,482,475,paragraph
could,518,465,556,478,paragraph
throw,561,465,602,478,paragraph
the,606,465,628,478,paragraph
magma-pool,633,465,720,478,paragraph
circulation,724,465,800,478,paragraph
into,804,465,831,478,paragraph
"reverse,",835,465,889,478,paragraph
but,893,465,918,478,paragraph
not,82,475,106,488,paragraph
well,114,475,141,488,paragraph
understood,149,475,229,488,paragraph
even,236,475,268,488,paragraph
for,276,475,295,488,paragraph
the,303,475,325,488,paragraph
rocks,333,475,370,488,paragraph
of,378,475,391,488,paragraph
Earth.,398,475,444,488,paragraph
For,458,475,482,488,paragraph
only,518,479,549,491,paragraph
on,557,479,574,491,paragraph
strongly,582,479,639,491,paragraph
atmosphere-dominated,647,479,809,491,paragraph
planets,817,479,868,491,paragraph
where,876,479,918,491,paragraph
"example,",82,489,145,501,paragraph
two-phase,151,489,222,501,paragraph
(mush),228,489,278,501,paragraph
"eﬀects,",284,489,332,501,paragraph
such,338,489,369,501,paragraph
as,375,489,390,501,paragraph
magma,395,489,447,501,paragraph
soli-,453,489,482,501,paragraph
the,518,492,541,504,paragraph
magma-pool,545,492,632,504,paragraph
circulation,636,492,711,504,paragraph
is,715,492,726,504,paragraph
much,730,492,767,504,paragraph
less,771,492,796,504,paragraph
eﬃcient,799,492,854,504,paragraph
at,858,492,872,504,paragraph
trans-,876,492,918,504,paragraph
"tons,",82,502,117,515,paragraph
"ﬁlter-pressing,",122,502,222,515,paragraph
and,227,502,254,515,paragraph
ﬁngering,258,502,320,515,paragraph
instabilities,325,502,406,515,paragraph
"(???),",411,502,455,515,paragraph
are,460,502,482,515,paragraph
porting,518,505,570,518,paragraph
heat,576,505,607,518,paragraph
than,612,505,645,518,paragraph
is,650,505,661,518,paragraph
the,666,505,689,518,paragraph
atmosphere.,694,505,781,518,paragraph
not,82,515,106,528,paragraph
included,113,515,173,528,paragraph
in,180,515,193,528,paragraph
our,201,515,224,528,paragraph
model.,231,515,279,528,paragraph
Melt-residue,291,515,380,528,paragraph
separation,387,515,460,528,paragraph
at,467,515,482,528,paragraph
The,533,518,561,531,paragraph
atmospheric,565,518,651,531,paragraph
model,656,518,699,531,paragraph
has,703,518,726,531,paragraph
several,731,518,779,531,paragraph
limitations:,783,518,863,531,paragraph
(1),870,518,891,531,paragraph
We,895,518,918,531,paragraph
modest,82,529,134,541,paragraph
temperatures,139,529,233,541,paragraph
(low,239,529,269,541,paragraph
melt,275,529,307,541,paragraph
fractions),312,529,380,541,paragraph
will,386,529,411,541,paragraph
yield,417,529,451,541,paragraph
Ca-,456,529,482,541,paragraph
assume,518,532,569,544,paragraph
that,579,532,608,544,paragraph
the,618,532,640,544,paragraph
temperature,650,532,737,544,paragraph
of,746,532,759,544,paragraph
evaporating,769,532,852,544,paragraph
gases,861,532,897,544,paragraph
is,907,532,918,544,paragraph
"rich,",82,542,114,554,paragraph
Al-rich,120,542,169,554,paragraph
melts.,175,542,218,554,paragraph
Ca/Al-rich,228,542,304,554,paragraph
melts,311,542,349,554,paragraph
have,355,542,387,554,paragraph
low,393,542,417,554,paragraph
"Tlo,",424,542,449,556,paragraph
and,455,542,482,554,paragraph
equal,518,545,556,558,paragraph
to,562,545,577,558,paragraph
the,583,545,605,558,paragraph
substellar,612,545,680,558,paragraph
temperature.,686,545,778,558,paragraph
(2),787,545,808,558,paragraph
The,814,545,842,558,paragraph
model,849,545,892,558,paragraph
as-,898,545,918,558,paragraph
tend,82,555,114,568,paragraph
to,119,555,134,568,paragraph
favor,139,555,174,568,paragraph
overturning,179,555,261,568,paragraph
during,266,555,312,568,paragraph
fractional,317,555,384,568,paragraph
vaporization.,389,555,482,568,paragraph
sumes,518,558,561,571,paragraph
a,568,558,576,571,paragraph
single,583,558,623,571,paragraph
atmospheric,630,558,717,571,paragraph
species.,724,558,777,571,paragraph
Although,789,558,855,571,paragraph
a,863,558,871,571,paragraph
single,878,558,918,571,paragraph
This,82,568,114,581,paragraph
overturning-promoting,121,568,282,581,paragraph
eﬀect,288,568,326,581,paragraph
is,333,568,344,581,paragraph
less,350,568,375,581,paragraph
strong,382,568,426,581,paragraph
for,433,568,452,581,paragraph
the,459,568,482,581,paragraph
species,518,572,567,584,paragraph
typically,573,572,634,584,paragraph
dominates,641,572,713,584,paragraph
the,720,572,742,584,paragraph
silicate,749,572,797,584,paragraph
atmosphere,804,572,885,584,paragraph
"(?),",892,572,918,584,paragraph
high,82,582,113,594,paragraph
melt,119,582,150,594,paragraph
fractions,156,582,217,594,paragraph
(hot,223,582,252,594,paragraph
rocky,258,582,297,594,paragraph
exoplanets),303,582,384,594,paragraph
that,389,582,419,594,paragraph
are,425,582,446,594,paragraph
con-,452,582,482,594,paragraph
real,518,585,545,597,paragraph
atmospheres,552,585,640,597,paragraph
have,648,585,680,597,paragraph
multiple,688,585,746,597,paragraph
species.,754,585,807,597,paragraph
This,821,585,852,597,paragraph
is,860,585,871,597,paragraph
not,878,585,902,597,paragraph
a,910,585,918,597,paragraph
sidered,82,595,132,608,paragraph
here.,136,595,171,608,paragraph
"However,",178,595,242,608,paragraph
even,247,595,278,608,paragraph
at,282,595,297,608,paragraph
high,301,595,332,608,paragraph
melt,336,595,367,608,paragraph
"fraction,",371,595,431,608,paragraph
olivine,435,595,482,608,paragraph
big,518,598,540,611,paragraph
problem,548,598,606,611,paragraph
in,615,598,628,611,paragraph
the,637,598,659,611,paragraph
evaporation,667,598,751,611,paragraph
zone,759,598,791,611,paragraph
(where,799,598,847,611,paragraph
the,855,598,878,611,paragraph
total,886,598,918,611,paragraph
seperation,82,608,155,621,paragraph
from,162,608,195,621,paragraph
melt,201,608,233,621,paragraph
might,240,608,281,621,paragraph
still,287,608,314,621,paragraph
be,320,608,337,621,paragraph
"important,",343,608,419,621,paragraph
and,426,608,453,621,paragraph
the,459,608,482,621,paragraph
saturation,518,611,591,624,paragraph
vapor,598,611,638,624,paragraph
pressure,645,611,703,624,paragraph
exceeds,710,611,763,624,paragraph
the,770,611,792,624,paragraph
total,799,611,831,624,paragraph
pressure,839,611,898,624,paragraph
of,905,611,918,624,paragraph
eﬀect,82,622,120,634,paragraph
of,126,622,139,634,paragraph
this,145,622,172,634,paragraph
process,178,622,229,634,paragraph
on,236,622,253,634,paragraph
surface,259,622,308,634,paragraph
composition,315,622,400,634,paragraph
could,406,622,444,634,paragraph
be,451,622,467,634,paragraph
a,474,622,482,634,paragraph
the,518,625,541,637,paragraph
overlying,548,625,613,637,paragraph
atmosphere).,620,625,712,637,paragraph
"However,",725,625,790,637,paragraph
in,797,625,811,637,paragraph
the,818,625,841,637,paragraph
condensa-,848,625,918,637,paragraph
target,82,635,125,647,paragraph
for,130,635,150,647,paragraph
future,155,635,198,647,paragraph
work,204,635,238,647,paragraph
(??).,244,635,278,647,paragraph
tion,518,638,546,651,paragraph
"zone,",553,638,589,651,paragraph
less-refractory,595,638,695,651,paragraph
atmospheric,701,638,787,651,paragraph
constituents,793,638,879,651,paragraph
form,885,638,918,651,paragraph
Bulk-rock,97,648,167,661,paragraph
compositions,173,648,265,661,paragraph
are,272,648,294,661,paragraph
assumed,301,648,361,661,paragraph
to,367,648,382,661,paragraph
be,389,648,405,661,paragraph
similar,412,648,460,661,paragraph
to,467,648,482,661,paragraph
a,518,651,527,664,paragraph
diﬀusion,531,651,591,664,paragraph
barrier,596,651,644,664,paragraph
to,649,651,663,664,paragraph
"condensation,",668,651,764,664,paragraph
so,769,651,784,664,paragraph
condensation-zone,788,651,918,664,paragraph
Solar,82,661,119,674,paragraph
System,124,661,175,674,paragraph
"silicates,",180,661,240,674,paragraph
consistent,245,661,315,674,paragraph
with,321,661,352,674,paragraph
rocky,357,661,396,674,paragraph
planet,401,661,446,674,paragraph
den-,451,661,482,674,paragraph
pressures,518,665,583,677,paragraph
will,591,665,616,677,paragraph
be,624,665,641,677,paragraph
higher,649,665,694,677,paragraph
in,702,665,715,677,paragraph
reality,723,665,768,677,paragraph
than,776,665,809,677,paragraph
in,817,665,831,677,paragraph
our,839,665,862,677,paragraph
model.,870,665,918,677,paragraph
"sities,",82,675,122,687,paragraph
stellar,131,675,174,687,paragraph
"spectra,",182,675,238,687,paragraph
and,246,675,272,687,paragraph
white-dwarf,280,675,364,687,paragraph
data,372,675,404,687,paragraph
(??????).,411,675,482,687,paragraph
This,518,678,550,690,paragraph
could,559,678,597,690,paragraph
increase,605,678,661,690,paragraph
P,670,678,680,690,paragraph
at,691,678,706,690,paragraph
θ,714,678,722,690,paragraph
.,729,678,734,690,paragraph
(3),751,678,771,690,paragraph
Feedbacks,780,678,852,690,paragraph
between,860,678,918,690,paragraph
p,722,683,729,692,paragraph
Some,82,688,120,700,paragraph
accretion,132,688,196,700,paragraph
simulations,207,688,288,700,paragraph
predict,299,688,349,700,paragraph
strongly,360,688,418,700,paragraph
varying,429,688,482,700,paragraph
X,518,691,532,704,paragraph
and,544,691,571,704,paragraph
P(θ),576,691,610,704,paragraph
during,615,691,661,704,paragraph
surface,667,691,716,704,paragraph
compositional,722,691,820,704,paragraph
evolution,825,691,890,704,paragraph
are,896,691,918,704,paragraph
s,532,696,538,705,paragraph
Mg/Si,82,701,127,714,paragraph
(??).,133,701,168,714,paragraph
Future,175,701,223,714,paragraph
work,228,701,263,714,paragraph
might,268,701,309,714,paragraph
compute,315,701,375,714,paragraph
(ρ0,381,701,402,715,paragraph
-,409,701,414,714,paragraph
ρh),420,701,443,715,paragraph
for,448,701,468,714,paragraph
a,474,701,482,714,paragraph
neglected.,518,704,589,717,paragraph
(4),598,704,619,717,paragraph
Magnetic,625,704,691,717,paragraph
eﬀects,697,704,741,717,paragraph
−(???),747,704,786,729,paragraph
are,796,704,818,717,paragraph
not,824,704,847,717,paragraph
included.,853,704,918,717,paragraph
broad,82,714,123,727,paragraph
range,129,714,168,727,paragraph
of,173,714,186,727,paragraph
silicate,191,714,240,727,paragraph
composition,246,714,331,727,paragraph
(Fig.,337,714,371,727,paragraph
7).,378,714,397,727,paragraph
∼,718,711,730,733,paragraph
Thermal,518,721,579,733,paragraph
ionization,585,721,655,733,paragraph
reaches,661,721,712,733,paragraph
10,730,721,747,733,paragraph
3,753,719,759,728,paragraph
(fractional),766,721,846,733,paragraph
at,852,721,867,733,paragraph
3100K,872,721,918,733,paragraph
We,97,728,120,740,paragraph
assume,127,728,178,740,paragraph
a,186,728,194,740,paragraph
well-stirred,201,728,281,740,paragraph
mantle.,288,728,341,740,paragraph
Well-stirred,355,728,438,740,paragraph
man-,445,728,482,740,paragraph
for,518,734,538,747,paragraph
Bulk,542,734,576,747,paragraph
Silicate,580,734,632,747,paragraph
Earth.,636,734,681,747,paragraph
(5),688,734,709,747,paragraph
We,713,734,736,747,paragraph
ﬁnd,740,734,767,747,paragraph
the,772,734,794,747,paragraph
initial,799,734,840,747,paragraph
"winds,",844,734,890,747,paragraph
not,894,734,918,747,paragraph
tles,82,741,107,754,paragraph
are,113,741,135,754,paragraph
predicted,141,741,207,754,paragraph
for,213,741,233,754,paragraph
"large,",239,741,278,754,paragraph
hot,284,741,308,754,paragraph
planets,314,741,365,754,paragraph
by,371,741,388,754,paragraph
simple,394,741,439,754,paragraph
theo-,446,741,482,754,paragraph
the,518,747,541,760,paragraph
more,548,747,583,760,paragraph
complex,589,747,648,760,paragraph
wind,654,747,689,760,paragraph
pattern,695,747,747,760,paragraph
that,754,747,784,760,paragraph
may,790,747,820,760,paragraph
subsequently,827,747,918,760,paragraph
ries.,82,754,111,767,paragraph
Simple,118,754,166,767,paragraph
theories,171,754,226,767,paragraph
are,231,754,253,767,paragraph
undermined,257,754,341,767,paragraph
by,346,754,363,767,paragraph
142Nd,368,753,409,767,paragraph
and,414,754,440,767,paragraph
182W,445,753,482,767,paragraph
develop,518,761,572,773,paragraph
after,580,761,613,773,paragraph
compositional,622,761,720,773,paragraph
variegation,729,761,807,773,paragraph
develops.,816,761,880,773,paragraph
(6),897,761,918,773,paragraph
"anomalies,",82,768,157,780,paragraph
which,161,768,202,780,paragraph
show,206,768,241,780,paragraph
that,245,768,275,780,paragraph
the,279,768,301,780,paragraph
Early,305,768,344,780,paragraph
Earth’s,348,768,400,780,paragraph
mantle,404,768,452,780,paragraph
was,456,768,482,780,paragraph
Our,518,774,547,786,paragraph
model,552,774,595,786,paragraph
lacks,600,774,635,786,paragraph
shocks,640,774,686,786,paragraph
(?).,691,774,718,786,paragraph
not,82,781,106,793,paragraph
well-stirred,111,781,191,793,paragraph
(???).,196,781,240,793,paragraph
This,247,781,279,793,paragraph
is,284,781,295,793,paragraph
not,301,781,324,793,paragraph
understood.,330,781,414,793,paragraph
Io’s,533,787,558,800,paragraph
atmosphere,567,787,649,800,paragraph
is,658,787,669,800,paragraph
the,678,787,700,800,paragraph
best,709,787,739,800,paragraph
solar,748,787,781,800,paragraph
system,790,787,839,800,paragraph
analog,848,787,894,800,paragraph
to,903,787,918,800,paragraph
We,97,794,120,807,paragraph
do,125,794,142,807,paragraph
not,147,794,170,807,paragraph
discuss,175,794,224,807,paragraph
loss,229,794,255,807,paragraph
of,260,794,273,807,paragraph
atmophiles,278,794,355,807,paragraph
(i.e.,360,794,387,807,paragraph
primary,394,794,451,807,paragraph
and,455,794,482,807,paragraph
magma-planet,518,800,620,813,paragraph
atmospheres.,626,800,719,813,paragraph
Over,728,800,763,813,paragraph
most,769,800,804,813,paragraph
of,810,800,823,813,paragraph
Io’s,829,800,854,813,paragraph
"dayside,",861,800,918,813,paragraph
outgassed,82,807,151,820,paragraph
"atmospheres),",159,807,258,820,paragraph
oceans,267,807,313,820,paragraph
and,321,807,348,820,paragraph
crust,356,807,391,820,paragraph
(?).,399,807,425,820,paragraph
These,440,807,482,820,paragraph
the,518,814,541,826,paragraph
approach,547,814,612,826,paragraph
of,618,814,631,826,paragraph
?,637,814,646,826,paragraph
matches,656,814,713,826,paragraph
Io-atmosphere,719,814,820,826,paragraph
data,827,814,858,826,paragraph
(??).,864,814,899,826,paragraph
?,909,814,918,826,paragraph
steps,82,821,118,833,paragraph
should,125,821,171,833,paragraph
complete,178,821,241,833,paragraph
in,249,821,262,833,paragraph
<,269,821,282,833,paragraph
1,289,821,297,833,paragraph
Ga,304,821,325,833,paragraph
even,332,821,364,833,paragraph
if,371,821,380,833,paragraph
the,387,821,410,833,paragraph
eﬃciency,417,821,482,833,paragraph
ﬁnd,518,827,546,840,paragraph
(in,553,827,573,840,paragraph
a,580,827,588,840,paragraph
sophisticated,596,827,688,840,paragraph
model,695,827,738,840,paragraph
that,746,827,776,840,paragraph
includes,783,827,840,840,paragraph
both,847,827,880,840,paragraph
sub-,888,827,918,840,paragraph
of,82,834,96,847,paragraph
EUV-driven,101,834,186,847,paragraph
atmospheric,191,834,277,847,paragraph
escape,282,834,328,847,paragraph
is,333,834,344,847,paragraph
"low,",349,834,377,847,paragraph
although,382,834,445,847,paragraph
CO,450,834,474,847,paragraph
2,474,839,481,848,paragraph
limation,518,840,577,853,paragraph
and,586,840,612,853,paragraph
volcanic,621,840,678,853,paragraph
loading),686,840,744,853,paragraph
that,753,840,783,853,paragraph
Io’s,792,840,817,853,paragraph
atmosphere’s,825,840,918,853,paragraph
might,82,847,124,860,paragraph
resist,129,847,166,860,paragraph
ablation,171,847,229,860,paragraph
through,235,847,291,860,paragraph
4.3,296,847,317,860,paragraph
µm-band,322,847,386,860,paragraph
cooling,391,847,442,860,paragraph
(??).,447,847,482,860,paragraph
◦,726,846,733,861,paragraph
◦,764,846,770,861,paragraph
evaporation,518,854,602,866,paragraph
zone,609,854,641,866,paragraph
extends,649,854,702,866,paragraph
45,710,854,726,866,paragraph
-105,734,854,764,866,paragraph
from,779,854,812,866,paragraph
the,819,854,842,866,paragraph
substellar,850,854,918,866,paragraph
Fig.,82,861,110,873,paragraph
??,125,861,143,873,paragraph
shows,151,861,192,873,paragraph
results,200,861,246,873,paragraph
of,254,861,268,873,paragraph
a,276,861,284,873,paragraph
sensitivity,292,861,364,873,paragraph
test,372,861,398,873,paragraph
for,406,861,426,873,paragraph
crustal,434,861,482,873,paragraph
"point,",518,867,560,879,paragraph
which,565,867,607,879,paragraph
is,612,867,623,879,paragraph
more,628,867,664,879,paragraph
than,669,867,702,879,paragraph
predicted,707,867,773,879,paragraph
by,779,867,796,879,paragraph
?.,801,867,815,879,paragraph
evaporation.,82,874,170,886,paragraph
Crystallization,533,880,638,893,paragraph
is,641,880,652,893,paragraph
inevitable,656,880,725,893,paragraph
near,729,880,760,893,paragraph
the,763,880,786,893,paragraph
edge,789,880,821,893,paragraph
of,825,880,838,893,paragraph
a,841,880,849,893,paragraph
compositionally-,853,880,970,893,paragraph
We,97,887,120,900,paragraph
also,126,887,153,900,paragraph
do,160,887,177,900,paragraph
not,184,887,207,900,paragraph
pursue,213,887,261,900,paragraph
the,267,887,290,900,paragraph
question,296,887,355,900,paragraph
of,362,887,375,900,paragraph
what,382,887,417,900,paragraph
happens,423,887,482,900,paragraph
evolved,518,893,571,906,paragraph
"pool,",578,893,614,906,paragraph
because,621,893,676,906,paragraph
T,683,893,693,906,paragraph
is,712,893,723,906,paragraph
only,730,893,760,906,paragraph
just,768,893,794,906,paragraph
above,802,893,842,906,paragraph
the,850,893,872,906,paragraph
CaO-,880,893,918,906,paragraph
lo,693,898,704,907,paragraph
Al,518,907,535,919,paragraph
O,542,907,555,919,paragraph
solidus,572,907,620,919,paragraph
(??).,629,907,664,919,paragraph
If,683,907,693,919,paragraph
crystals,703,907,757,919,paragraph
are,766,907,788,919,paragraph
small,797,907,834,919,paragraph
enough,843,907,894,919,paragraph
to,903,907,918,919,paragraph
2,535,912,542,920,paragraph
3,555,912,562,920,paragraph
