token,x0,y0,x1,y1,label
De,162,127,181,140,reference
"Ridder,",185,127,238,140,reference
"J.,",242,127,260,140,reference
"Barban,",264,127,321,140,reference
"C.,",325,127,346,140,reference
"Baudin,",350,127,406,140,reference
F.,411,127,426,140,reference
et,430,127,443,140,reference
"al.,",448,127,469,140,reference
"2009,",474,127,511,140,reference
“Non-radial,515,127,599,140,reference
oscillation,603,127,674,140,reference
modes,678,127,723,140,reference
with,727,127,759,140,reference
long,763,127,793,140,reference
lifetimes,797,127,856,140,reference
in,178,142,191,155,reference
giant,197,142,233,155,reference
"stars”,",238,142,284,155,reference
"Nature,",290,142,344,155,reference
"459,",349,142,382,155,reference
398–400.,387,142,449,155,reference
"[DOI],",454,142,496,155,reference
[ADS],501,143,541,155,reference
→,747,158,763,180,reference
"Degl’Innocenti,",162,167,269,180,reference
"S.,",275,167,293,180,reference
"Fiorentini,",298,167,372,180,reference
G.,377,167,395,180,reference
and,400,167,426,180,reference
"Ricci,",431,167,471,180,reference
"B.,",476,167,497,180,reference
"1998,",502,167,539,180,reference
“Helioseismology,544,167,665,180,reference
and,670,167,696,180,reference
p,701,167,710,180,reference
+,715,167,728,180,reference
p,733,167,742,180,reference
d,769,167,778,180,reference
+,783,167,795,180,reference
e+,800,166,818,180,reference
+,824,167,836,180,reference
ν,841,167,849,180,reference
e,849,172,856,181,reference
in,178,182,191,195,reference
the,197,182,219,195,reference
"sun”,",225,182,262,195,reference
Phys.,268,182,306,195,reference
Lett.,312,182,345,195,reference
"B,",351,182,368,195,reference
"416,",374,182,406,195,reference
365–368.,412,182,473,195,reference
"[DOI],",479,182,520,195,reference
"[ADS],",526,182,570,195,reference
[astro-ph/9707133],575,183,698,195,reference
"Deheuvels,",162,207,237,220,reference
S.,242,207,255,220,reference
and,260,207,286,220,reference
"Michel,",290,207,341,220,reference
"E.,",346,207,366,220,reference
"2011,",370,207,407,220,reference
“Constraints,412,207,502,220,reference
on,506,207,523,220,reference
the,528,207,550,220,reference
structure,554,207,619,220,reference
of,623,207,636,220,reference
the,640,207,663,220,reference
core,667,207,696,220,reference
of,700,207,713,220,reference
subgiants,717,207,784,220,reference
via,788,207,809,220,reference
mixed,813,207,856,220,reference
modes:,178,222,227,235,reference
the,238,222,261,235,reference
case,268,222,297,235,reference
of,305,222,318,235,reference
HD,325,222,350,235,reference
"49385”,",357,222,411,235,reference
Astron.,418,222,471,235,reference
"Astrophys.,",479,222,558,235,reference
"535,",566,222,598,235,reference
A91.,606,222,639,235,reference
"[DOI],",646,222,688,235,reference
"[ADS],",695,222,739,235,reference
[arXiv:1109.1191,747,223,856,235,reference
[astro-ph.SR]],178,238,269,250,reference
"Deheuvels,",162,262,237,275,reference
S.,243,262,257,275,reference
and,263,262,289,275,reference
the,295,262,318,275,reference
CoRoT,323,262,375,275,reference
"Team,",381,262,425,275,reference
"2014,",431,262,468,275,reference
“Some,474,262,520,275,reference
highlights,526,262,595,275,reference
of,601,262,614,275,reference
the,620,262,643,275,reference
latest,649,262,688,275,reference
CoRoT,694,262,745,275,reference
results,751,262,798,275,reference
on,803,262,821,275,reference
stel-,826,262,856,275,reference
lar,178,277,197,290,reference
"physics”,",203,277,267,290,reference
in,273,277,287,290,reference
Precision,293,277,358,290,reference
"Asteroseismology,",365,277,492,290,reference
(Eds.),498,277,542,290,reference
"Guzik,",548,277,595,290,reference
J.,601,277,614,290,reference
"A.,",621,277,642,290,reference
"Chaplin,",648,277,709,290,reference
W.,715,277,737,290,reference
"J.,",743,277,760,290,reference
"Handler,",767,277,828,290,reference
"G.,",835,277,856,290,reference
"Pigulski,",178,293,239,305,reference
"A.,",245,293,267,305,reference
IAU,273,293,303,305,reference
"Symposium,",309,293,395,305,reference
"301,",402,293,431,305,reference
pp.,437,293,459,305,reference
"47–54,",465,293,510,305,reference
Cambridge,517,293,594,305,reference
University,600,293,673,305,reference
"Press,",679,293,721,305,reference
Cambridge.,727,293,809,305,reference
"[DOI],",815,293,856,305,reference
[ADS],178,309,217,320,reference
"Deheuvels,",162,333,237,345,reference
"S.,",244,333,262,345,reference
"Bruntt,",268,333,321,345,reference
"H.,",327,333,348,345,reference
"Michel,",354,333,406,345,reference
E.,412,333,428,345,reference
et,434,333,447,345,reference
"al.,",453,333,475,345,reference
"2010,",481,333,518,345,reference
“Seismic,525,333,585,345,reference
and,591,333,618,345,reference
spectroscopic,624,333,718,345,reference
characterization,724,333,837,345,reference
of,843,333,856,345,reference
the,178,348,201,360,reference
solar-like,206,348,270,360,reference
pulsating,276,348,341,360,reference
CoRoT,347,348,399,360,reference
target,405,348,447,360,reference
HD,453,348,478,360,reference
"49385”,",484,348,537,360,reference
Astron.,543,348,596,360,reference
"Astrophys.,",602,348,681,360,reference
"515,",687,348,720,360,reference
A87.,726,348,759,360,reference
"[DOI],",765,348,806,360,reference
"[ADS],",812,348,856,360,reference
[arXiv:1003.4368,178,364,288,375,reference
[astro-ph.SR]],293,364,383,375,reference
"Deheuvels,",162,388,237,400,reference
"S.,",242,388,260,400,reference
"Garc´ıa,",265,388,317,400,reference
R.,321,388,338,400,reference
"A.,",342,388,364,400,reference
"Chaplin,",368,388,429,400,reference
W.,434,388,455,400,reference
J.,459,388,472,400,reference
et,477,388,490,400,reference
"al.,",495,388,517,400,reference
"2012,",521,388,558,400,reference
“Seismic,563,388,624,400,reference
Evidence,628,388,692,400,reference
for,697,388,716,400,reference
a,721,388,729,400,reference
Rapidly,733,388,789,400,reference
Rotating,794,388,856,400,reference
Core,178,403,211,415,reference
in,216,403,230,415,reference
a,235,403,243,415,reference
Lower-giant-branch,248,403,386,415,reference
Star,391,403,421,415,reference
Observed,426,403,492,415,reference
with,497,403,529,415,reference
"Kepler”,",534,403,594,415,reference
Astrophys.,599,403,674,415,reference
"J.,",679,403,697,415,reference
"756,",702,403,735,415,reference
19.,740,403,761,415,reference
"[DOI],",766,403,807,415,reference
"[ADS],",812,403,856,415,reference
[arXiv:1206.3312,178,419,288,430,reference
[astro-ph.SR]],293,419,383,430,reference
"Deheuvels,",162,443,237,455,reference
"S.,",242,443,260,455,reference
"Do˘gan,",265,443,316,455,reference
"G.,",320,443,342,455,reference
"Goupil,",347,443,400,455,reference
M.,404,443,424,455,reference
J.,428,443,441,455,reference
et,446,443,460,455,reference
"al.,",464,443,486,455,reference
"2014,",491,443,528,455,reference
“Seismic,533,443,593,455,reference
constraints,598,443,675,455,reference
on,680,443,697,455,reference
the,702,443,724,455,reference
radial,729,443,770,455,reference
dependence,775,443,856,455,reference
of,178,458,191,471,reference
the,195,458,218,471,reference
internal,221,458,276,471,reference
rotation,280,458,337,471,reference
proﬁles,341,458,392,471,reference
of,396,458,409,471,reference
six,413,458,432,471,reference
Kepler,436,458,483,471,reference
subgiants,487,458,554,471,reference
and,558,458,584,471,reference
young,588,458,631,471,reference
red,634,458,657,471,reference
"giants”,",661,458,716,471,reference
Astron.,720,458,773,471,reference
"Astrophys.,",777,458,856,471,reference
"564,",178,473,210,486,reference
A27.,216,473,249,486,reference
"[DOI],",254,473,296,486,reference
"[ADS],",301,473,345,486,reference
[arXiv:1401.3096,351,474,460,485,reference
[astro-ph.SR]],465,474,556,485,reference
"Demarque,",162,498,239,511,reference
"P.,",246,498,265,511,reference
"Krauss,",272,498,326,511,reference
L.,333,498,348,511,reference
"M.,",355,498,379,511,reference
"Guenther,",386,498,458,511,reference
D.,465,498,482,511,reference
B.,489,498,505,511,reference
and,512,498,538,511,reference
"Nydam,",545,498,601,511,reference
"D.,",609,498,630,511,reference
"1994,",637,498,675,511,reference
“The,682,498,718,511,reference
Sun,725,498,752,511,reference
as,759,498,774,511,reference
a,781,498,789,511,reference
probe,796,498,836,511,reference
of,843,498,856,511,reference
varying,178,513,230,526,reference
"G”,",236,513,261,526,reference
Astrophys.,267,513,341,526,reference
"J.,",347,513,365,526,reference
"437,",371,513,403,526,reference
870–878.,409,513,470,526,reference
"[DOI],",476,513,517,526,reference
[ADS],523,514,562,525,reference
"Demarque,",162,538,239,551,reference
"P.,",245,538,264,551,reference
"Guenther,",270,538,342,551,reference
D.,348,538,365,551,reference
B.,371,538,387,551,reference
and,394,538,420,551,reference
"Kim,",426,538,461,551,reference
"Y.-C.,",468,538,511,551,reference
"1997,",517,538,554,551,reference
“The,561,538,597,551,reference
Run,603,538,633,551,reference
of,639,538,653,551,reference
Superadiabaticity,659,538,784,551,reference
in,790,538,804,551,reference
Stellar,810,538,856,551,reference
Convection,178,553,257,566,reference
Zones.,262,553,308,566,reference
I.,313,553,324,566,reference
The,329,553,357,566,reference
"Sun”,",362,553,402,566,reference
Astrophys.,408,553,482,566,reference
"J.,",488,553,506,566,reference
"474,",512,553,544,566,reference
790.,550,553,579,566,reference
"[DOI],",584,553,626,566,reference
[ADS],631,554,671,565,reference
"Demarque,",162,578,239,591,reference
P.,243,578,258,591,reference
R.,262,578,278,591,reference
and,283,578,309,591,reference
"Percy,",314,578,357,591,reference
J.,361,578,374,591,reference
"R.,",379,578,400,591,reference
"1964,",404,578,441,591,reference
“A,446,578,466,591,reference
Series,471,578,512,591,reference
of,516,578,529,591,reference
Solar,533,578,570,591,reference
"Models”,",574,578,637,591,reference
Astrophys.,642,578,717,591,reference
"J.,",722,578,740,591,reference
"140,",744,578,777,591,reference
541.,782,578,810,591,reference
"[DOI],",815,578,856,591,reference
[ADS],178,594,217,606,reference
"Deubner,",162,618,227,631,reference
"F.-L.,",231,618,271,631,reference
"1975,",275,618,312,631,reference
“Observations,317,618,417,631,reference
of,421,618,434,631,reference
low,438,618,462,631,reference
wavenumber,467,618,555,631,reference
nonradial,559,618,626,631,reference
eigenmodes,630,618,711,631,reference
of,715,618,728,631,reference
the,733,618,755,631,reference
"Sun”,",759,618,799,631,reference
Astron.,804,618,856,631,reference
"Astrophys.,",178,633,257,646,reference
"44,",263,633,286,646,reference
371–375.,291,633,353,646,reference
[ADS],358,634,398,646,reference
"Deubner,",162,658,227,671,reference
F.-L.,233,658,268,671,reference
and,274,658,300,671,reference
"Gough,",306,658,358,671,reference
"D.,",364,658,386,671,reference
"1984,",392,658,429,671,reference
“Helioseismology:,435,658,560,671,reference
Oscillations,568,658,651,671,reference
as,657,658,671,671,reference
a,677,658,685,671,reference
Daignostic,691,658,766,671,reference
of,772,658,786,671,reference
the,792,658,814,671,reference
Solar,820,658,856,671,reference
"Interior”,",178,673,244,686,reference
Annu.,249,673,293,686,reference
Rev.,299,673,330,686,reference
Astron.,336,673,388,686,reference
"Astrophys.,",394,673,474,686,reference
"22,",479,673,502,686,reference
593–619.,508,673,569,686,reference
"[DOI],",575,673,616,686,reference
[ADS],622,674,661,686,reference
Di,162,698,179,711,reference
"Mauro,",183,698,234,711,reference
M.,239,698,259,711,reference
"P.,",263,698,282,711,reference
"Christensen-Dalsgaard,",287,698,451,711,reference
"J.,",456,698,474,711,reference
"Rabello-Soares,",478,698,588,711,reference
M.,593,698,612,711,reference
C.,617,698,633,711,reference
and,638,698,664,711,reference
"Basu,",668,698,708,711,reference
"S.,",713,698,731,711,reference
"2002,",736,698,773,711,reference
“Inferences,778,698,856,711,reference
on,178,713,195,726,reference
the,200,713,223,726,reference
solar,229,713,262,726,reference
envelope,268,713,328,726,reference
with,334,713,365,726,reference
high-degree,371,713,452,726,reference
"modes”,",458,713,515,726,reference
Astron.,520,713,573,726,reference
"Astrophys.,",579,713,658,726,reference
"384,",664,713,696,726,reference
666–677.,702,713,763,726,reference
"[DOI],",769,713,810,726,reference
[ADS],816,714,855,726,reference
"Domingo,",162,738,230,751,reference
"V.,",235,738,257,751,reference
"Fleck,",262,738,304,751,reference
B.,309,738,325,751,reference
and,330,738,357,751,reference
"Poland,",362,738,416,751,reference
A.,421,738,438,751,reference
"I.,",443,738,458,751,reference
"1995,",463,738,500,751,reference
“The,505,738,541,751,reference
SOHO,547,738,593,751,reference
Mission:,598,738,657,751,reference
an,664,738,681,751,reference
"Overview”,",686,738,765,751,reference
Solar,771,738,807,751,reference
"Phys.,",813,738,856,751,reference
"162,",178,753,210,766,reference
1–37.,216,753,253,766,reference
"[DOI],",258,753,300,766,reference
[ADS],305,754,345,766,reference
"Dupret,",162,778,217,791,reference
"M.-A.,",224,778,270,791,reference
"Belkacem,",277,778,348,791,reference
"K.,",355,778,377,791,reference
"Samadi,",384,778,441,791,reference
R.,448,778,465,791,reference
et,471,778,485,791,reference
"al.,",492,778,513,791,reference
"2009,",520,778,557,791,reference
“Theoretical,564,778,653,791,reference
amplitudes,660,778,738,791,reference
and,744,778,771,791,reference
lifetimes,777,778,837,791,reference
of,843,778,856,791,reference
non-radial,178,793,250,806,reference
solar-like,257,793,321,806,reference
oscillations,328,793,406,806,reference
in,413,793,426,806,reference
red,433,793,456,806,reference
"giants”,",463,793,518,806,reference
Astron.,525,793,578,806,reference
"Astrophys.,",585,793,664,806,reference
"506,",672,793,704,806,reference
57–67.,712,793,757,806,reference
"[DOI],",764,793,805,806,reference
"[ADS],",812,793,856,806,reference
[arXiv:0906.3951,178,809,288,821,reference
[astro-ph.SR]],293,809,383,821,reference
"Duvall,",162,833,212,846,reference
"Jr.,",218,833,242,846,reference
T.,247,833,264,846,reference
"L.,",269,833,288,846,reference
"1980,",294,833,331,846,reference
“The,336,833,372,846,reference
equatorial,378,833,449,846,reference
rotation,454,833,511,846,reference
rate,517,833,545,846,reference
of,550,833,564,846,reference
the,569,833,592,846,reference
supergranulation,597,833,717,846,reference
"cells”,",722,833,765,846,reference
Solar,770,833,807,846,reference
"Phys.,",813,833,856,846,reference
"66,",178,848,201,861,reference
213–221.,207,848,268,861,reference
"[DOI],",273,848,315,861,reference
[ADS],320,849,360,861,reference
"Duvall,",162,873,212,886,reference
"Jr.,",218,873,242,886,reference
T.,247,873,263,886,reference
"L.,",269,873,288,886,reference
"1982,",293,873,331,886,reference
“A,336,873,356,886,reference
dispersion,362,873,433,886,reference
law,438,873,462,886,reference
for,468,873,487,886,reference
solar,493,873,526,886,reference
"oscillations”,",532,873,622,886,reference
"Nature,",628,873,682,886,reference
"300,",687,873,720,886,reference
242.,725,873,754,886,reference
"[DOI],",759,873,801,886,reference
[ADS],806,874,846,886,reference
89,501,927,517,940,paragraph
