token,x0,y0,x1,y1,label
[17],146,93,175,108,reference
I.,185,93,197,108,reference
"Gorbovickis,",204,93,308,108,reference
Strict,315,93,362,108,reference
Kneser-Poulsen,369,93,500,108,reference
conjecture,508,93,591,108,reference
for,598,93,622,108,reference
large,630,93,669,108,reference
"radii,",676,93,720,108,reference
Geom.,727,93,782,108,reference
Dedic.,789,93,842,108,reference
162,849,93,882,108,reference
"(2013),",185,112,243,127,reference
95–107.,250,112,312,127,reference
¨,308,139,318,154,reference
[18],146,142,175,157,reference
H.,185,142,205,157,reference
"Groemer,",212,142,290,157,reference
Uber,304,142,343,157,reference
die,351,142,375,157,reference
Einlagerung,383,142,482,157,reference
von,490,142,519,157,reference
Kreisen,526,142,590,157,reference
in,597,142,614,157,reference
einen,621,142,666,157,reference
konvexen,674,142,749,157,reference
"Bereich,",756,142,824,157,reference
Math.,831,142,882,157,reference
Z.,185,161,202,176,reference
63,208,161,230,176,reference
"(1960),",237,161,295,176,reference
285–294.,301,161,374,176,reference
[19],146,191,175,207,reference
T.,185,191,204,207,reference
C.,213,191,232,207,reference
"Hales,",241,191,292,207,reference
Dense,301,191,352,207,reference
Sphere,361,191,416,207,reference
Packing,425,191,491,207,reference
-,500,191,507,207,reference
a,516,191,526,207,reference
Blueprint,535,191,613,207,reference
for,623,191,646,207,reference
Formal,655,191,715,207,reference
"Proofs,",724,191,781,207,reference
Cambridge,791,191,882,207,reference
University,185,210,271,225,reference
"Press,",277,210,326,225,reference
"Cambridge,",333,210,429,225,reference
2012.,435,210,479,225,reference
[20],146,240,175,256,reference
T.,185,240,204,256,reference
C.,212,240,232,256,reference
Hales,240,240,285,256,reference
and,294,240,324,256,reference
S.,333,240,349,256,reference
"McLaughlin,",357,240,462,256,reference
The,471,240,503,256,reference
dodecahedral,512,240,615,256,reference
"conjecture,",623,240,712,256,reference
J.,721,240,736,256,reference
Am.,744,240,780,256,reference
Math.,788,240,839,256,reference
Soc.,847,240,882,256,reference
23/2,185,259,226,274,reference
"(2010),",232,259,291,274,reference
299–344.,297,259,369,274,reference
[21],146,290,175,305,reference
G.,185,290,205,305,reference
"Kuperberg,",212,290,306,305,reference
Notions,313,290,377,305,reference
of,384,290,399,305,reference
"denseness,",406,290,493,305,reference
Geom.,499,290,553,305,reference
Topol.,560,290,613,305,reference
4,619,290,630,305,reference
"(2000),",637,290,695,305,reference
277–292.,701,290,774,305,reference
[22],146,320,175,335,reference
J.,185,320,200,335,reference
"Moln´ar,",209,320,274,335,reference
Kreislagerungen,283,320,417,335,reference
auf,426,320,452,335,reference
Fl¨achen,461,320,526,335,reference
konstanter,535,320,622,335,reference
"Kru¨mmung,",631,320,731,335,reference
Math.,740,320,791,335,reference
Ann.,799,320,840,335,reference
158,849,320,882,335,reference
"(1965),",185,339,243,354,reference
365–376.,250,339,322,354,reference
[23],146,369,175,385,reference
D.,185,369,205,385,reference
"Muder,",212,369,272,385,reference
A,280,369,294,385,reference
new,302,369,334,385,reference
bound,341,369,390,385,reference
on,397,369,418,385,reference
the,426,369,451,385,reference
local,458,369,494,385,reference
density,502,369,561,385,reference
of,568,369,584,385,reference
sphere,592,369,644,385,reference
"packings,",651,369,726,385,reference
Discrete,733,369,801,385,reference
Comput.,809,369,882,385,reference
Geom.,185,388,239,403,reference
10,246,388,268,403,reference
"(1993),",274,388,332,403,reference
351-375.,339,388,408,403,reference
[24],146,418,175,434,reference
C.,185,418,204,434,reference
A.,210,418,230,434,reference
"Rogers,",236,418,298,434,reference
The,305,418,337,434,reference
packing,344,418,405,434,reference
of,412,418,428,434,reference
equal,434,418,476,434,reference
"spheres,",483,418,548,434,reference
J.,554,418,569,434,reference
London,576,418,638,434,reference
Math.,645,418,695,434,reference
Soc.,702,418,736,434,reference
3/8,742,418,773,434,reference
"(1958),",779,418,837,434,reference
609–,844,418,882,434,reference
620.,185,437,219,452,reference
[25],146,468,175,483,reference
C.,185,468,204,483,reference
A.,209,468,229,483,reference
"Rogers,",234,468,296,483,reference
Packing,302,468,367,483,reference
and,373,468,404,483,reference
"Covering,",409,468,489,483,reference
Cambridge,495,468,586,483,reference
University,591,468,676,483,reference
"Press,",682,468,731,483,reference
"Cambridge,",737,468,833,483,reference
1964.,838,468,882,483,reference
[26],146,498,175,513,reference
A.,185,498,205,513,reference
"Schu¨rmann,",213,498,313,513,reference
On,322,498,347,513,reference
extremal,356,498,426,513,reference
ﬁnite,435,498,478,513,reference
"packings,",487,498,562,513,reference
Discrete,571,498,639,513,reference
Comput.,648,498,721,513,reference
Geom.,730,498,784,513,reference
28,793,498,815,513,reference
"(2002),",823,498,882,513,reference
389–403.,185,517,257,532,reference
[27],146,547,175,563,reference
K.,185,547,205,563,reference
"Swanepoel,",210,547,303,563,reference
Simultaneous,309,547,419,563,reference
packing,425,547,486,563,reference
and,492,547,522,563,reference
covering,528,547,597,563,reference
in,602,547,619,563,reference
sequence,625,547,696,563,reference
"spaces,",701,547,758,563,reference
Discrete,763,547,831,563,reference
Com-,836,547,882,563,reference
put.,185,566,219,581,reference
Geom.,225,566,280,581,reference
42/2,286,566,327,581,reference
"(2009),",333,566,392,581,reference
335–340.,398,566,471,581,reference
[28],146,596,175,612,reference
J.,185,596,200,612,reference
M.,208,596,230,612,reference
"Wills,",238,596,286,612,reference
Finite,294,596,344,612,reference
packings,352,596,421,612,reference
and,429,596,459,612,reference
parametric,467,596,556,612,reference
"density,",564,596,628,612,reference
Lecture,636,596,699,612,reference
Notes,706,596,754,612,reference
in,761,596,777,612,reference
"Phys.,",784,596,836,612,reference
"554,",844,596,882,612,reference
"Springer,",185,615,260,630,reference
"Berlin,",267,615,323,630,reference
2000.,329,615,373,630,reference
Ka´roly,117,693,174,708,paragraph
Bezdek,180,693,240,708,paragraph
Department,117,711,217,726,paragraph
of,224,711,239,726,paragraph
Mathematics,245,711,353,726,paragraph
and,360,711,391,726,paragraph
"Statistics,",397,711,479,726,paragraph
University,485,711,571,726,paragraph
of,577,711,593,726,paragraph
"Calgary,",599,711,668,726,paragraph
"Calgary,",675,711,744,726,paragraph
"Canada,",750,711,819,726,paragraph
Department,117,729,217,744,paragraph
of,224,729,239,744,paragraph
"Mathematics,",245,729,359,744,paragraph
University,365,729,451,744,paragraph
of,457,729,473,744,paragraph
"Pannonia,",479,729,563,744,paragraph
"Veszpr´em,",569,729,654,744,paragraph
"Hungary,",660,729,736,744,paragraph
E-mail:,117,747,174,762,paragraph
bezdek@math.ucalgary.ca,182,747,383,762,paragraph
and,117,766,148,781,paragraph
Zsolt,117,784,159,799,paragraph
L´angi,165,784,212,799,paragraph
Department,117,802,217,817,paragraph
of,224,802,239,817,paragraph
"Geometry,",245,802,332,817,paragraph
Budapest,338,802,417,817,paragraph
University,423,802,509,817,paragraph
of,515,802,531,817,paragraph
"Technology,",537,802,635,817,paragraph
"Budapest,",641,802,726,817,paragraph
Hungary,732,802,804,817,paragraph
E-mail:,117,820,174,835,paragraph
zlangi@math.bme.hu,182,820,345,835,paragraph
22,490,896,509,912,paragraph
