token,x0,y0,x1,y1,label
Fast,133,59,197,96,title
Inverse,211,59,324,96,title
Nonlinear,337,59,494,96,title
Fourier,507,59,622,96,title
Transform,635,59,799,96,title
For,813,59,866,96,title
Generating,150,95,323,131,title
Multi-Solitons,337,95,565,131,title
In,578,95,611,131,title
Optical,625,95,740,131,title
Fiber,753,95,836,131,title
Sander,258,150,308,167,author
Wahls,314,150,358,167,author
H.,618,150,636,167,paragraph
Vincent,642,150,698,167,paragraph
Poor,704,150,738,167,paragraph
Delft,179,167,213,183,paragraph
Center,218,167,262,183,paragraph
for,268,167,286,183,paragraph
Systems,292,167,346,183,paragraph
and,352,167,376,183,paragraph
Control,381,167,431,183,paragraph
Department,553,167,630,183,paragraph
of,636,167,650,183,paragraph
Electrical,655,167,718,183,paragraph
Engineering,723,167,803,183,paragraph
TU,193,183,215,198,paragraph
"Delft,",221,183,258,198,paragraph
"Delft,",264,183,302,198,paragraph
The,307,183,333,198,paragraph
Netherlands,338,183,417,198,paragraph
Princeton,537,183,599,198,paragraph
"University,",605,183,676,198,paragraph
"Princeton,",681,183,748,198,paragraph
"NJ,",754,183,776,198,paragraph
USA,781,183,814,198,paragraph
Email:,222,199,266,214,paragraph
s.wahls@tudelft.nl,271,199,394,214,paragraph
Email:,587,199,630,214,paragraph
poor@princeton.edu,636,199,770,214,paragraph
Abstract—,96,258,161,272,paragraph
The,169,258,193,272,abstract
achievable,202,258,267,272,abstract
data,275,258,303,272,abstract
rates,311,258,342,272,abstract
of,350,258,362,272,abstract
current,370,258,417,272,abstract
ﬁber-optic,425,258,490,272,abstract
"case,",509,258,541,273,paragraph
differs,546,258,589,273,paragraph
from,594,258,625,273,paragraph
the,630,258,650,273,paragraph
forward,655,258,707,273,paragraph
transform.,712,258,779,273,paragraph
No,784,258,804,273,paragraph
fast,809,258,832,273,paragraph
inverse,838,258,884,273,paragraph
NFT,889,258,919,273,paragraph
wavelength-division-multiplexing,80,270,287,285,abstract
(WDM),292,270,341,285,abstract
systems,347,270,395,285,abstract
are,400,270,420,285,abstract
limited,425,270,469,285,abstract
by,474,270,490,285,abstract
has,509,273,531,288,paragraph
been,539,273,570,288,paragraph
established,578,273,650,288,paragraph
in,658,273,671,288,paragraph
the,679,273,699,288,paragraph
literature,707,273,766,288,paragraph
so,774,273,789,288,paragraph
far,797,273,815,288,paragraph
to,823,273,835,288,paragraph
the,844,273,863,288,paragraph
best,872,273,898,288,paragraph
of,906,273,919,288,paragraph
nonlinear,80,283,140,298,abstract
interactions,144,283,218,298,abstract
between,222,283,273,298,abstract
different,277,283,331,298,abstract
subchannels.,335,283,415,298,abstract
"Recently,",419,283,477,298,abstract
it,481,283,490,298,abstract
our,509,288,531,303,paragraph
"knowledge,",539,288,614,303,paragraph
although,622,288,679,303,paragraph
inverse,688,288,734,303,paragraph
NFTs,742,288,779,303,paragraph
are,787,288,807,303,paragraph
used,815,288,845,303,paragraph
in,853,288,866,303,paragraph
several,874,288,919,303,paragraph
was,80,295,103,310,abstract
thus,108,295,134,310,abstract
proposed,139,295,196,310,abstract
to,201,295,213,310,abstract
replace,217,295,263,310,abstract
the,267,295,287,310,abstract
conventional,291,295,370,310,abstract
Fourier,375,295,422,310,abstract
transform,427,295,490,310,abstract
practical,509,303,565,318,paragraph
problems,575,303,635,318,paragraph
"[7],",645,303,668,318,paragraph
[8].,677,303,700,318,paragraph
The,709,303,735,318,paragraph
goal,744,303,772,318,paragraph
of,781,303,795,318,paragraph
this,804,303,828,318,paragraph
paper,837,303,873,318,paragraph
is,883,303,893,318,paragraph
"to,",903,303,919,318,paragraph
in,80,308,92,323,abstract
WDM,95,308,134,323,abstract
systems,138,308,186,323,abstract
with,189,308,217,323,abstract
an,221,308,236,323,abstract
appropriately,240,308,326,323,abstract
deﬁned,329,308,375,323,abstract
nonlinear,378,308,439,323,abstract
Fourier,442,308,490,323,abstract
transform,80,321,143,335,abstract
(NFT).,150,321,192,335,abstract
The,200,321,224,335,abstract
computational,231,321,321,335,abstract
complexity,329,321,397,335,abstract
of,404,321,416,335,abstract
NFTs,423,321,458,335,abstract
is,466,321,475,335,abstract
a,482,321,490,335,abstract
at,509,318,521,333,paragraph
least,530,318,560,333,paragraph
"partially,",568,318,626,333,paragraph
close,634,318,668,333,paragraph
this,676,318,700,333,paragraph
gap,709,318,732,333,paragraph
for,741,318,760,333,paragraph
the,769,318,788,333,paragraph
important,797,318,860,333,paragraph
case,869,318,897,333,paragraph
of,906,318,919,333,paragraph
topic,80,333,110,348,abstract
of,119,333,131,348,abstract
current,140,333,186,348,abstract
research.,195,333,252,348,abstract
In,260,333,274,348,abstract
this,282,333,305,348,abstract
"paper,",314,333,353,348,abstract
a,361,333,368,348,abstract
fast,377,333,400,348,abstract
inverse,408,333,452,348,abstract
NFT,460,333,490,348,abstract
multi-solitonic,509,333,605,348,paragraph
signals.,611,333,660,348,paragraph
The,665,333,691,348,paragraph
algorithm,696,333,759,348,paragraph
developed,765,333,831,348,paragraph
in,836,333,849,348,paragraph
this,854,333,878,348,paragraph
paper,883,333,919,348,paragraph
algorithm,80,346,141,361,abstract
for,146,346,164,361,abstract
the,168,346,188,361,abstract
important,192,346,255,361,abstract
special,260,346,302,361,abstract
case,306,346,332,361,abstract
of,336,346,349,361,abstract
multi-solitonic,353,346,443,361,abstract
signals,447,346,490,361,abstract
can,509,348,532,363,paragraph
generate,542,348,597,363,paragraph
multi-solitons,607,348,698,363,paragraph
with,708,348,737,363,paragraph
arbitrary,747,348,803,363,paragraph
discrete,813,348,863,363,paragraph
spectra,873,348,919,363,paragraph
Op,355,352,374,374,abstract
q,431,352,436,374,abstract
is,80,358,89,373,abstract
presented.,95,358,160,373,abstract
The,166,358,190,373,abstract
algorithm,197,358,258,373,abstract
requires,265,358,316,373,abstract
only,322,358,349,373,abstract
D,374,362,386,373,abstract
log2,389,360,414,373,abstract
D,418,362,430,373,abstract
ﬂoating,443,358,490,373,abstract
(but,509,363,535,378,paragraph
not,541,363,562,378,paragraph
norming,568,363,623,378,paragraph
constants).,629,363,699,378,paragraph
Such,705,363,737,378,paragraph
signals,743,363,788,378,paragraph
have,794,363,825,378,paragraph
recently,830,363,883,378,paragraph
been,889,363,919,378,paragraph
point,80,371,112,386,abstract
operations,117,371,183,386,abstract
to,187,371,199,386,abstract
compute,204,371,257,386,abstract
D,262,374,274,386,abstract
samples,279,371,329,386,abstract
of,333,371,346,386,abstract
a,350,371,357,386,abstract
multi-soliton.,362,371,445,386,abstract
To,450,371,466,386,abstract
the,470,371,490,386,abstract
considered,509,378,580,394,paragraph
for,585,378,604,394,paragraph
information,610,378,687,394,paragraph
transmission,693,378,775,394,paragraph
in,781,378,793,394,paragraph
[4],799,378,818,394,paragraph
and,824,378,847,394,paragraph
[9].,853,378,876,394,paragraph
best,80,384,105,398,abstract
of,109,384,121,398,abstract
our,126,384,148,398,abstract
"knowledge,",152,384,222,398,abstract
this,226,384,249,398,abstract
is,254,384,263,398,abstract
the,268,384,287,398,abstract
ﬁrst,292,384,317,398,abstract
algorithm,321,384,383,398,abstract
for,387,384,406,398,abstract
this,410,384,433,398,abstract
problem,437,384,490,398,abstract
with,80,396,107,411,abstract
log2-linear,115,396,183,411,abstract
complexity.,191,396,262,411,abstract
The,270,396,295,411,abstract
paper,303,396,339,411,abstract
also,347,396,372,411,abstract
includes,380,396,431,411,abstract
a,439,396,447,411,abstract
many,455,396,490,411,abstract
The,526,394,551,409,paragraph
paper,561,394,597,409,paragraph
is,608,394,619,409,paragraph
structured,629,394,694,409,paragraph
as,704,394,718,409,paragraph
follows.,728,394,781,409,paragraph
In,791,394,805,409,paragraph
Section,815,394,864,409,paragraph
"II,",874,394,889,409,paragraph
the,900,394,919,409,paragraph
samples,80,409,129,423,abstract
analysis,137,409,186,423,abstract
of,194,409,206,423,abstract
the,214,409,233,423,abstract
generated,241,409,303,423,abstract
nonlinear,310,409,370,423,abstract
Fourier,378,409,425,423,abstract
spectra.,433,409,482,423,abstract
continuous-time,509,409,615,424,paragraph
NFT,621,409,652,424,paragraph
is,658,409,669,424,paragraph
introduced,675,409,745,424,paragraph
and,751,409,774,424,paragraph
discretized.,780,409,855,424,paragraph
The,861,409,886,424,paragraph
pro-,892,409,919,424,paragraph
posed,509,424,547,439,paragraph
algorithm,555,424,618,439,paragraph
will,625,424,651,439,paragraph
operate,658,424,706,439,paragraph
in,714,424,726,439,paragraph
two,734,424,758,439,paragraph
"stages,",766,424,809,439,paragraph
which,817,424,857,439,paragraph
are,864,424,884,439,paragraph
then,891,424,919,439,paragraph
Index,96,434,131,449,paragraph
Terms—Nonlinear,136,434,250,449,paragraph
Fourier,255,434,303,449,paragraph
"Transform,",308,434,379,449,paragraph
Fast,384,434,410,449,paragraph
"Algorithms,",415,434,490,449,paragraph
developed,509,439,576,454,paragraph
in,580,439,593,454,paragraph
the,597,439,617,454,paragraph
Sections,622,439,677,454,paragraph
III,681,439,698,454,paragraph
and,702,439,726,454,paragraph
IV.,730,439,751,454,paragraph
Two,756,439,784,454,paragraph
numerical,789,439,854,454,paragraph
examples,858,439,919,454,paragraph
Optical,80,447,126,461,paragraph
"ﬁber,",131,447,163,461,paragraph
Nonlinear,169,447,231,461,paragraph
Schrödinger,237,447,314,461,paragraph
"Equation,",320,447,381,461,paragraph
Solitons,386,447,436,461,paragraph
follow,509,454,551,469,paragraph
in,557,454,570,469,paragraph
Section,575,454,624,469,paragraph
V.,630,454,646,469,paragraph
Section,651,454,700,469,paragraph
VI,706,454,723,469,paragraph
ﬁnally,729,454,770,469,paragraph
concludes,776,454,841,469,paragraph
the,847,454,867,469,paragraph
paper.,873,454,912,469,paragraph
I.,221,474,231,490,section
INTRODUCTION,240,474,348,490,section
II.,579,469,596,485,section
NONLINEAR,605,469,689,485,section
FOURIER,694,469,757,485,section
TRANSFORM,762,469,850,485,section
In,526,490,539,505,paragraph
this,549,490,572,505,paragraph
"section,",582,490,632,505,paragraph
the,642,490,662,505,paragraph
nonlinear,672,490,733,505,paragraph
Fourier,743,490,791,505,paragraph
transform,800,490,864,505,paragraph
is,874,490,884,505,paragraph
ﬁrst,894,490,919,505,paragraph
The,96,494,121,509,paragraph
current,129,494,175,509,paragraph
generation,182,494,251,509,paragraph
of,259,494,272,509,paragraph
ﬁber-optic,280,494,347,509,paragraph
communication,355,494,456,509,paragraph
sys-,464,494,490,509,paragraph
established,509,505,582,520,paragraph
for,591,505,610,520,paragraph
continuous-time,620,505,726,520,paragraph
signals.,736,505,785,520,paragraph
The,795,505,820,520,paragraph
NFT,830,505,861,520,paragraph
is,871,505,882,520,paragraph
then,891,505,919,520,paragraph
tems,80,509,110,524,paragraph
based,119,509,156,524,paragraph
on,164,509,181,524,paragraph
wavelength-division-multiplexing,189,509,409,524,paragraph
(WDM),418,509,470,524,paragraph
is,479,509,490,524,paragraph
discretized,509,520,580,535,paragraph
"and,",585,520,613,535,paragraph
"ﬁnally,",618,520,663,535,paragraph
the,668,520,688,535,paragraph
inverse,693,520,739,535,paragraph
discrete,745,520,795,535,paragraph
NFT,801,520,831,535,paragraph
is,837,520,848,535,paragraph
discussed.,853,520,919,535,paragraph
operating,80,524,141,539,paragraph
close,148,524,181,539,paragraph
to,188,524,201,539,paragraph
capacity,207,524,262,539,paragraph
[1].,268,524,291,539,paragraph
In,298,524,312,539,paragraph
order,319,524,353,539,paragraph
to,360,524,372,539,paragraph
avoid,379,524,415,539,paragraph
a,421,524,429,539,paragraph
looming,435,524,490,539,paragraph
A.,509,535,523,550,section
Continous-Time,531,535,635,550,section
Transform,641,535,709,550,section
capacity,80,539,134,554,paragraph
"crunch,",141,539,190,554,paragraph
new,197,539,224,554,paragraph
approaches,231,539,304,554,paragraph
beyond,312,539,360,554,paragraph
WDM,367,539,409,554,paragraph
need,416,539,447,554,paragraph
to,454,539,467,554,paragraph
be,474,539,490,554,paragraph
explored.,80,554,140,570,paragraph
The,145,554,170,570,paragraph
nonlinear,175,554,236,570,paragraph
effects,240,554,283,570,paragraph
in,288,554,301,570,paragraph
optical,305,554,349,570,paragraph
ﬁber,354,554,384,570,paragraph
lead,388,554,415,570,paragraph
to,420,554,432,570,paragraph
interfer-,437,554,490,570,paragraph
The,526,555,551,571,paragraph
nonlinear,559,555,621,571,paragraph
Fourier,629,555,677,571,paragraph
transform,685,555,749,571,paragraph
[w.r.t.,757,555,795,571,paragraph
the,803,555,823,571,paragraph
signal,831,555,870,571,paragraph
model,879,555,919,571,paragraph
ence,80,569,109,585,paragraph
between,115,569,169,585,paragraph
different,175,569,231,585,paragraph
"subchannels,",237,569,320,585,paragraph
and,326,569,350,585,paragraph
have,356,569,386,585,paragraph
been,392,569,422,585,paragraph
identiﬁed,428,569,490,585,paragraph
in,509,571,522,586,paragraph
Eq.,529,571,552,586,paragraph
(8),559,571,578,586,paragraph
below],585,571,630,586,paragraph
is,638,571,648,586,paragraph
due,656,571,679,586,paragraph
to,687,571,699,586,paragraph
Zakharov,707,571,769,586,paragraph
and,776,571,800,586,paragraph
Shabat,807,571,852,586,paragraph
[10].,859,571,890,586,paragraph
Let,898,571,919,586,paragraph
as,80,585,93,600,paragraph
one,98,585,121,600,paragraph
of,126,585,139,600,paragraph
the,144,585,164,600,paragraph
major,169,585,206,600,paragraph
capacity-limiting,211,585,322,600,paragraph
factors.,327,585,375,600,paragraph
In,380,585,393,600,paragraph
order,398,585,432,600,paragraph
to,437,585,450,600,paragraph
avoid,454,585,490,600,paragraph
tqptqutPR,509,577,570,602,paragraph
Ă,578,577,591,601,paragraph
C,598,581,610,598,paragraph
denot„e,617,586,662,638,equation
a,668,586,675,601,paragraph
vanishing,682,586,745,601,paragraph
signal.,752,586,795,638,equation
Its,802,586,818,601,paragraph
NFT,826,586,856,601,paragraph
is,863,586,874,601,paragraph
found,882,586,919,601,paragraph
interference,80,600,157,615,paragraph
between,165,600,220,615,paragraph
"subchannels,",228,600,311,615,paragraph
it,319,600,328,615,paragraph
was,336,600,362,615,paragraph
recently,370,600,422,615,paragraph
proposed,430,600,490,615,paragraph
through,509,601,560,616,paragraph
the,566,601,586,616,paragraph
analysis,591,601,644,616,paragraph
of,649,601,663,616,paragraph
the,669,601,688,616,paragraph
associated,694,601,761,616,paragraph
scattering,767,601,830,616,paragraph
problem,836,601,890,616,paragraph
to,80,615,92,630,paragraph
modulate,99,615,159,630,paragraph
information,166,615,243,630,paragraph
using,249,615,284,630,paragraph
a,291,615,298,630,paragraph
nonlinear,304,615,366,630,paragraph
Fourier,372,615,420,630,paragraph
transform,426,615,490,630,paragraph
(NFT),80,630,121,645,paragraph
instead,130,630,176,645,paragraph
of,184,630,198,645,paragraph
the,207,630,226,645,paragraph
traditional,235,630,302,645,paragraph
Fourier,311,630,358,645,paragraph
transform,367,630,430,645,paragraph
used,439,630,468,645,paragraph
in,477,630,490,645,paragraph
„,653,625,662,672,equation
´,674,628,686,652,equation
,717,625,726,672,equation
p,733,628,740,652,equation
q,745,628,752,652,equation
d,573,638,581,650,equation
p,598,636,604,659,equation
q,627,636,633,659,equation
“,638,636,650,659,equation
i,689,638,693,651,equation
λ,696,638,706,651,equation
q,725,638,733,651,equation
t,740,638,745,651,equation
p,783,636,789,659,equation
q,812,636,818,659,equation
WDM,80,645,121,660,paragraph
"[2],",127,645,150,660,paragraph
"[3],",156,645,179,660,paragraph
[4].,185,645,208,660,paragraph
Analogously,214,645,297,660,paragraph
to,303,645,315,660,paragraph
how,321,645,349,660,paragraph
the,355,645,375,660,paragraph
spatial,381,645,423,660,paragraph
evolution,429,645,490,660,paragraph
φ,586,646,598,659,equation
"t,",604,646,615,659,equation
λ,617,646,627,659,equation
´,670,643,683,667,equation
p,691,643,697,667,equation
q,703,643,709,667,equation
φ,772,646,783,659,equation
"t,",789,646,800,659,equation
λ,803,646,812,659,equation
",",818,646,823,659,equation
(1),901,644,919,659,equation
dt,570,655,584,667,equation
q¯,683,654,692,666,equation
t,697,654,703,666,equation
i,730,654,735,666,equation
λ,737,654,747,666,equation
of,80,660,93,675,paragraph
a,99,660,106,675,paragraph
signal,112,660,151,675,paragraph
in,157,660,169,675,paragraph
a,175,660,182,675,paragraph
linear,188,660,225,675,paragraph
channel,231,660,282,675,paragraph
such,287,660,317,675,paragraph
as,323,660,337,675,paragraph
copper,343,660,387,675,paragraph
cable,393,660,427,675,paragraph
becomes,433,660,490,675,paragraph
´,677,664,687,680,equation
trivial,80,675,118,690,paragraph
in,126,675,138,690,paragraph
the,146,675,166,690,paragraph
traditional,174,675,241,690,paragraph
Fourier,249,675,296,690,paragraph
"domain,",304,675,357,690,paragraph
the,365,675,385,690,paragraph
evolution,393,675,453,690,paragraph
of,461,675,475,690,paragraph
a,483,675,490,690,paragraph
"φpt,",586,670,615,693,equation
λq,617,670,633,693,equation
“,638,670,650,693,equation
e,670,673,677,685,equation
iλt,690,671,708,680,equation
`,730,670,742,693,equation
"op1q,",746,670,779,693,equation
t,798,680,804,693,equation
Ñ,808,670,825,693,equation
´8.,829,670,861,693,equation
(2),901,678,919,693,equation
signal,80,690,118,705,paragraph
in,126,690,138,705,paragraph
optical,146,690,190,705,paragraph
ﬁber,197,690,227,705,paragraph
becomes,235,690,292,705,paragraph
trivial,299,690,337,705,paragraph
in,345,690,357,705,paragraph
a,365,690,372,705,paragraph
properly,379,690,434,705,paragraph
deﬁned,442,690,490,705,paragraph
0,685,688,694,700,equation
nonlinear,80,705,141,721,paragraph
Fourier,149,705,197,721,paragraph
domain.,206,705,258,721,paragraph
The,267,705,292,721,paragraph
most,301,705,332,721,paragraph
important,341,705,404,721,paragraph
aspect,413,705,453,721,paragraph
here,462,705,490,721,paragraph
is,80,720,90,736,paragraph
that,98,720,122,736,paragraph
different,129,720,185,736,paragraph
regions,192,720,240,736,paragraph
in,247,720,260,736,paragraph
the,267,720,287,736,paragraph
nonlinear,294,720,355,736,paragraph
Fourier,363,720,410,736,paragraph
domain,417,720,466,736,paragraph
do,473,720,490,736,paragraph
With,526,718,557,733,paragraph
φ,563,720,573,733,paragraph
and,586,718,609,733,paragraph
φ,615,720,625,733,paragraph
denoting,638,718,695,733,paragraph
the,700,718,720,733,paragraph
components,726,718,805,733,paragraph
of,810,718,824,733,paragraph
"φ,",830,718,845,733,paragraph
deﬁne,851,718,891,733,paragraph
1,573,725,579,734,paragraph
2,625,725,631,734,paragraph
not,80,736,100,751,paragraph
interact,110,736,159,751,paragraph
as,168,736,182,751,paragraph
the,191,736,211,751,paragraph
signal,220,736,259,751,paragraph
travels,269,736,312,751,paragraph
through,321,736,372,751,paragraph
the,381,736,401,751,paragraph
ﬁber.,411,736,444,751,paragraph
"Thus,",453,736,490,751,paragraph
by,80,751,96,766,paragraph
deﬁning,105,751,159,766,paragraph
subchannels,168,751,248,766,paragraph
in,257,751,270,766,paragraph
the,279,751,299,766,paragraph
nonlinear,309,751,370,766,paragraph
Fourier,380,751,427,766,paragraph
"domain,",437,751,490,766,paragraph
p,530,750,536,773,equation
q,545,750,552,773,equation
“,561,750,574,773,equation
p,656,750,662,773,equation
q,685,750,691,773,equation
p,712,750,719,773,equation
q,728,750,734,773,equation
“,743,750,756,773,equation
´,800,750,810,767,equation
p,851,750,857,773,equation
q,880,750,886,773,equation
interference,80,766,157,781,paragraph
among,166,766,210,781,paragraph
them,219,766,251,781,paragraph
can,260,766,283,781,paragraph
be,291,766,307,781,paragraph
avoided.,315,766,370,781,paragraph
There,379,766,417,781,paragraph
are,425,766,445,781,paragraph
many,454,766,490,781,paragraph
α,519,760,530,773,equation
λ,536,760,545,773,equation
:,556,760,561,773,equation
lÑim8,581,760,607,780,equation
eiλt,610,758,636,773,equation
φ1,639,760,655,774,equation
"t,",662,760,673,773,equation
λ,675,760,685,773,equation
",",691,760,696,773,equation
β,702,760,711,773,equation
λ,719,760,728,773,equation
:,739,760,743,773,equation
lÑim8,764,760,790,780,equation
e,792,760,800,773,equation
iλt,812,758,830,767,equation
φ2,834,760,850,774,equation
"t,",857,760,868,773,equation
λ,870,760,880,773,equation
",",886,760,891,773,equation
(3),901,758,919,773,equation
t,578,771,583,780,equation
t,761,771,766,780,equation
interesting,80,781,148,796,paragraph
open,154,781,185,796,paragraph
questions,191,781,252,796,paragraph
regarding,258,781,320,796,paragraph
information,325,781,402,796,paragraph
transmission,407,781,490,796,paragraph
in,80,796,92,811,paragraph
the,101,796,121,811,paragraph
nonlinear,130,796,192,811,paragraph
Fourier,201,796,248,811,paragraph
"domain,",257,796,310,811,paragraph
with,319,796,348,811,paragraph
one,357,796,380,811,paragraph
of,389,796,403,811,paragraph
them,412,796,445,811,paragraph
being,454,796,490,811,paragraph
where,526,798,565,813,paragraph
λ,571,800,581,813,paragraph
P,586,790,594,813,paragraph
C.,599,793,615,813,paragraph
The,621,798,646,813,paragraph
functions,652,798,713,813,paragraph
α,719,800,729,813,paragraph
and,735,798,759,813,paragraph
β,765,800,774,813,paragraph
are,781,798,800,813,paragraph
usually,806,798,853,813,paragraph
not,859,798,880,813,paragraph
well-,886,798,919,813,paragraph
computational,80,811,173,826,paragraph
complexity.,180,811,256,826,paragraph
While,263,811,303,826,paragraph
the,310,811,330,826,paragraph
celebrated,337,811,404,826,paragraph
fast,411,811,435,826,paragraph
Fourier,442,811,490,826,paragraph
deﬁned,509,813,557,828,paragraph
on,563,813,579,828,paragraph
the,585,813,604,828,paragraph
whole,610,813,650,828,paragraph
complex,655,813,711,828,paragraph
plane.,717,813,756,828,paragraph
With,762,813,794,828,paragraph
some,799,813,833,828,paragraph
assumptions,839,813,919,828,paragraph
p,609,820,616,844,paragraph
q,621,820,628,844,paragraph
transform,80,826,143,841,paragraph
has,147,826,168,841,paragraph
been,172,826,203,841,paragraph
the,207,826,227,841,paragraph
workhorse,231,826,300,841,paragraph
of,304,826,317,841,paragraph
practical,321,826,377,841,paragraph
implementations,381,826,490,841,paragraph
on,509,828,526,843,paragraph
the,531,828,551,843,paragraph
signal,557,828,596,843,paragraph
q,601,830,609,843,paragraph
t,616,830,621,843,paragraph
",",628,828,632,843,paragraph
"however,",638,828,696,843,paragraph
the,702,828,722,843,paragraph
following,727,828,790,843,paragraph
can,796,828,818,843,paragraph
be,824,828,840,843,paragraph
said.,845,828,876,843,paragraph
of,80,841,93,856,paragraph
"WDM,",97,841,143,856,paragraph
the,147,841,167,856,paragraph
ﬁrst,172,841,197,856,paragraph
fast,201,841,225,856,paragraph
NFTs,229,841,266,856,paragraph
have,270,841,301,856,paragraph
been,305,841,336,856,paragraph
proposed,340,841,400,856,paragraph
only,404,841,433,856,paragraph
recently,437,841,490,856,paragraph
Lemma,509,842,563,858,paragraph
1,571,842,579,858,paragraph
([11]).,587,842,629,859,paragraph
If,638,843,648,858,paragraph
there,655,843,688,858,paragraph
exist,695,843,725,858,paragraph
positive,732,843,782,858,paragraph
constants,790,843,851,858,paragraph
C,858,846,870,858,paragraph
and,878,843,903,858,paragraph
κ,910,846,919,858,paragraph
|,576,850,580,874,paragraph
p,588,850,594,874,paragraph
q|,600,850,611,874,paragraph
ď,616,850,628,874,paragraph
´,655,852,665,869,paragraph
|,680,852,683,869,paragraph
|,688,852,692,869,paragraph
"[5],",80,856,103,871,paragraph
[6].,107,856,130,871,paragraph
The,134,856,159,871,paragraph
inverse,163,856,209,871,paragraph
NFT,213,856,244,871,paragraph
"however,",248,856,306,871,paragraph
in,310,856,323,871,paragraph
contrast,327,856,378,871,paragraph
to,382,856,395,871,paragraph
the,399,856,419,871,paragraph
traditional,423,856,490,871,paragraph
such,509,858,539,873,paragraph
that,545,858,570,873,paragraph
q,580,861,587,873,paragraph
t,594,861,600,873,paragraph
C,633,861,644,873,paragraph
e,648,861,655,873,paragraph
2κ,665,859,680,868,paragraph
t,683,859,688,868,paragraph
for,698,858,717,873,paragraph
all,723,858,740,873,paragraph
real,746,858,772,873,paragraph
"t,",777,858,787,873,paragraph
then:,793,858,826,873,paragraph
p,559,868,566,892,list
q,575,868,582,892,list
(cid:61)p,856,868,874,892,list
q,883,868,890,892,list
ě,894,868,907,892,list
1),526,877,539,892,list
α,549,879,559,891,list
λ,566,879,575,891,list
is,585,876,596,891,list
analytic,600,876,653,891,list
in,657,876,669,891,list
the,673,876,693,891,list
closed,697,876,739,891,list
upper,743,876,781,891,list
half-plane,785,876,852,891,list
λ,874,879,883,891,list
0,911,879,919,891,list
This,93,883,116,895,footer
research,120,883,163,895,footer
was,168,883,188,895,footer
supported,192,883,244,895,footer
in,248,883,258,895,footer
part,263,883,283,895,footer
by,287,883,300,895,footer
the,305,883,321,895,footer
U.S.,325,883,348,895,footer
National,352,883,397,895,footer
Science,402,883,442,895,footer
Founda-,447,883,490,895,footer
p,559,884,566,907,list
q,575,884,582,907,list
(cid:61)p,841,884,859,907,list
q,868,884,874,907,list
ě,879,884,892,907,list
tion,80,894,100,906,footer
under,104,894,134,906,footer
Grant,139,894,168,906,footer
CCF-1420575.,173,894,251,906,footer
2),526,892,539,907,list
α,549,894,559,907,list
λ,566,894,575,907,list
has,587,892,610,907,list
ﬁnitely,616,892,660,907,list
many,666,892,701,907,list
roots,706,892,739,907,list
λ,745,894,754,907,list
",",762,894,766,907,list
.,769,894,773,907,list
.,776,894,781,907,list
.,783,894,788,907,list
",",791,894,795,907,list
λ,798,894,807,907,list
in,822,892,835,907,list
λ,859,894,868,907,list
0,896,894,904,907,list
1,754,899,761,908,list
J,807,899,815,908,list
##LTLine##,570,653,584,653,equation
