token,x0,y0,x1,y1,label
When,134,67,227,103,title
Crowdsourcing,241,67,481,103,title
Meets,495,67,590,103,title
Mobile,604,67,717,103,title
Sensing:,730,67,865,103,title
A,259,102,287,138,title
Social,301,102,398,138,title
Network,412,102,548,138,title
Perspective,562,102,740,138,title
∗,293,141,300,158,author
†,442,141,448,158,author
∗,565,141,572,158,author
‡,690,141,697,158,author
§,793,141,799,158,author
Pin-Yu,199,147,249,164,author
Chen,255,147,293,164,author
",",301,147,305,164,author
Shin-Ming,311,147,389,164,author
Cheng,395,147,442,164,author
",",449,147,453,164,author
Pai-Shun,460,147,525,164,author
Ting,531,147,565,164,author
",",572,147,577,164,author
Chia-Wei,583,147,651,164,author
Lien,658,147,690,164,author
",",697,147,702,164,author
Fu-Jen,708,147,757,164,author
Chu,763,147,793,164,author
∗,113,157,120,175,author
Department,121,164,206,181,author
of,212,164,227,181,author
Electrical,233,164,302,181,author
Engineering,308,164,396,181,author
and,402,164,428,181,author
Computer,434,164,506,181,author
"Science,",512,164,572,181,author
University,578,164,653,181,author
of,659,164,674,181,author
"Michigan,",681,164,754,181,author
Ann,760,164,791,181,author
"Arbor,",797,164,844,181,author
USA,850,164,886,181,author
{,391,174,400,197,author
},507,174,516,197,author
"pinyu,",400,181,445,198,author
paishun,451,181,507,198,author
@umich.edu,516,181,608,198,author
†,101,191,107,209,author
Department,108,198,192,215,author
of,199,198,213,215,author
Computer,220,198,291,215,author
Science,298,198,353,215,author
and,360,198,385,215,author
Information,392,198,477,215,author
"Engineering,",484,198,576,215,author
National,582,198,643,215,author
Taiwan,650,198,702,215,author
University,708,198,783,215,author
of,789,198,804,215,author
Science,810,198,866,215,author
and,872,198,898,215,author
"Technology,",399,215,487,231,author
"Taipei,",493,215,542,231,author
Taiwan,548,215,600,231,author
{,389,224,397,248,author
},461,224,470,248,author
smcheng,397,232,461,248,author
@mail.ntust.edu.tw,470,232,610,248,author
‡,407,242,413,259,author
Amazon,414,249,474,265,author
Corporate,481,249,552,265,author
LLC,558,249,592,265,author
chiaweil@amazon.com,416,265,583,282,author
§,147,275,154,293,author
Institute,154,282,213,299,author
for,219,282,240,299,author
Robotics,246,282,310,299,author
and,316,282,342,299,author
Intelligent,348,282,422,299,author
"Machines,",428,282,502,299,author
Georgia,509,282,566,299,author
Institute,572,282,631,299,author
of,637,282,652,299,author
"Technology,",659,282,746,299,author
"Atlanta,",752,282,810,299,author
USA,816,282,852,299,author
fujenchu@gatech.edu,418,299,574,316,author
Abstract—,96,370,161,385,paragraph
Mobile,170,370,214,385,abstract
sensing,223,370,268,385,abstract
is,277,370,287,385,abstract
an,296,370,312,385,abstract
emerging,321,370,379,385,abstract
technology,388,370,456,385,abstract
that,465,370,490,385,abstract
static,544,378,581,390,paragraph
sensors,586,378,637,390,paragraph
utilizes,80,383,123,398,abstract
agent-participatory,132,383,254,398,abstract
data,262,383,290,398,abstract
for,298,383,316,398,abstract
decision,324,383,375,398,abstract
making,383,383,430,398,abstract
or,438,383,452,398,abstract
state,460,383,490,398,abstract
static,734,383,769,392,paragraph
sink,773,383,800,392,paragraph
"estimation,",80,396,148,410,abstract
including,153,396,212,410,abstract
multimedia,216,396,288,410,abstract
applications.,293,396,372,410,abstract
This,377,396,405,410,abstract
article,409,396,449,410,abstract
inves-,454,396,490,410,abstract
tigates,80,408,120,423,abstract
the,127,408,146,423,abstract
structure,153,408,210,423,abstract
of,217,408,229,423,abstract
mobile,235,408,278,423,abstract
sensing,284,408,330,423,abstract
schemes,336,408,387,423,abstract
and,394,408,418,423,abstract
introduces,424,408,490,423,abstract
crowdsourcing,80,421,172,435,abstract
methods,179,421,232,435,abstract
for,239,421,258,435,abstract
mobile,265,421,308,435,abstract
sensing.,315,421,364,435,abstract
Inspired,372,421,424,435,abstract
by,432,421,447,435,abstract
social,455,421,490,435,abstract
"network,",80,433,135,448,abstract
one,141,433,163,448,abstract
can,169,433,191,448,abstract
establish,197,433,252,448,abstract
trust,258,433,288,448,abstract
among,294,433,336,448,abstract
participatory,342,433,426,448,abstract
agents,432,433,471,448,abstract
to,478,433,490,448,abstract
leverage,80,446,131,461,abstract
the,135,446,155,461,abstract
wisdom,159,446,207,461,abstract
of,211,446,223,461,abstract
crowds,227,446,272,461,abstract
for,276,446,294,461,abstract
mobile,298,446,341,461,abstract
sensing.,345,446,394,461,abstract
A,398,446,409,461,abstract
prototype,413,446,473,461,abstract
of,478,446,490,461,abstract
social,80,458,115,473,abstract
network,120,458,172,473,abstract
inspired,177,458,229,473,abstract
mobile,234,458,276,473,abstract
multimedia,282,458,353,473,abstract
and,359,458,383,473,abstract
sensing,388,458,434,473,abstract
applica-,439,458,490,473,abstract
tion,80,471,104,486,abstract
is,109,471,118,486,abstract
presented,123,471,184,486,abstract
for,189,471,207,486,abstract
illustrative,212,471,279,486,abstract
purpose.,284,471,338,486,abstract
Numerical,343,471,408,486,abstract
experiments,413,471,490,486,abstract
on,80,484,95,498,abstract
real-world,103,484,168,498,abstract
datasets,176,484,226,498,abstract
show,234,484,265,498,abstract
improved,273,484,332,498,abstract
performance,340,484,420,498,abstract
of,428,484,440,498,abstract
mobile,447,484,490,498,abstract
sensing,80,496,125,511,abstract
via,132,496,151,511,abstract
crowdsourcing.,158,496,253,511,abstract
Challenges,260,496,328,511,abstract
for,335,496,354,511,abstract
mobile,360,496,403,511,abstract
sensing,410,496,455,511,abstract
with,462,496,490,511,abstract
respect,80,509,124,523,abstract
to,129,509,142,523,abstract
Internet,147,509,198,523,abstract
layers,204,509,241,523,abstract
are,246,509,267,523,abstract
discussed.,272,509,334,523,abstract
mobile,544,514,592,526,paragraph
agent,596,514,634,526,paragraph
static,740,519,775,528,paragraph
sink,779,519,806,528,paragraph
Index,96,529,131,543,paragraph
"Terms—crowdsourcing,",134,528,282,543,paragraph
mobile,286,528,328,543,paragraph
multimedia,332,528,403,543,paragraph
"Internet,",407,528,462,543,paragraph
mo-,465,528,490,543,paragraph
bile,80,541,102,556,paragraph
"sensing,",108,541,157,556,paragraph
"trustworthiness,",163,541,264,556,paragraph
social,269,541,304,556,paragraph
network,310,541,362,556,paragraph
I.,221,577,231,592,section
INTRODUCTION,240,577,348,592,section
Wireless,96,597,152,612,paragraph
sensor,160,597,202,612,paragraph
network,210,597,263,612,paragraph
(WSN),271,597,318,612,paragraph
explores,326,597,381,612,paragraph
the,389,597,409,612,paragraph
avenues,417,597,469,612,paragraph
to,477,597,490,612,paragraph
collect,80,612,123,627,paragraph
and,130,612,154,627,paragraph
use,161,612,182,627,paragraph
information,190,612,266,627,paragraph
from,273,612,305,627,paragraph
the,312,612,332,627,paragraph
physcial,339,612,393,627,paragraph
world,401,612,438,627,paragraph
by,446,612,462,627,paragraph
de-,469,612,490,627,paragraph
ploying,80,627,129,642,paragraph
low-cost,138,627,194,642,paragraph
tiny,203,627,228,642,paragraph
sensor,237,627,279,642,paragraph
nodes,288,627,326,642,paragraph
on,335,627,351,642,paragraph
the,360,627,380,642,paragraph
"ground,",389,627,439,642,paragraph
in,448,627,461,642,paragraph
the,470,627,490,642,paragraph
"air,",80,642,100,657,paragraph
under,106,642,143,657,paragraph
"water,",149,642,189,657,paragraph
on,194,642,211,657,paragraph
"bodies,",217,642,263,657,paragraph
in,269,642,282,657,paragraph
"vehicles,",288,642,345,657,paragraph
and,351,642,375,657,paragraph
inside,381,642,419,657,paragraph
buildings.,425,642,490,657,paragraph
mobile,544,649,592,660,paragraph
phone,596,649,639,660,paragraph
With,80,657,111,672,paragraph
"sensing,",121,657,174,672,paragraph
"processing,",184,657,257,672,paragraph
and,267,657,291,672,paragraph
communication,300,657,402,672,paragraph
"capabilities,",412,657,490,672,paragraph
static,740,655,775,664,paragraph
sink,779,655,806,664,paragraph
with,544,664,575,676,paragraph
sensors,579,664,631,676,paragraph
networked,80,672,148,687,paragraph
sensor,154,672,196,687,paragraph
nodes,202,672,240,687,paragraph
cooperatively,246,672,334,687,paragraph
collect,341,672,384,687,paragraph
information,390,672,467,687,paragraph
on,473,672,490,687,paragraph
entities,80,687,127,702,paragraph
of,134,687,147,702,paragraph
interest,154,687,202,702,paragraph
and,209,687,233,702,paragraph
WSNs,240,687,282,702,paragraph
have,289,687,319,702,paragraph
emerged,326,687,382,702,paragraph
as,389,687,402,702,paragraph
a,409,687,417,702,paragraph
promising,424,687,490,702,paragraph
technology,80,702,152,717,paragraph
with,156,702,185,717,paragraph
numerous,190,702,254,717,paragraph
and,258,702,282,717,paragraph
various,286,702,334,717,paragraph
applications.,338,702,421,717,paragraph
As,425,702,443,717,paragraph
shown,448,702,490,717,paragraph
in,80,717,92,733,paragraph
Figure,97,717,140,733,paragraph
"1,",145,717,157,733,paragraph
sensor,163,717,204,733,paragraph
nodes,209,717,247,733,paragraph
locally,253,717,297,733,paragraph
collect,302,717,346,733,paragraph
information,351,717,428,733,paragraph
and,433,717,456,733,paragraph
then,462,717,490,733,paragraph
forward,80,733,131,748,paragraph
the,136,733,156,748,paragraph
sensed,161,733,205,748,paragraph
result,210,733,246,748,paragraph
over,251,733,280,748,paragraph
a,285,733,292,748,paragraph
wireless,297,733,350,748,paragraph
medium,356,733,409,748,paragraph
to,414,733,427,748,paragraph
a,432,733,439,748,paragraph
remote,445,733,490,748,paragraph
static,80,748,114,763,paragraph
"sink,",118,748,149,763,paragraph
where,153,748,193,763,paragraph
it,197,748,206,763,paragraph
is,210,748,221,763,paragraph
fused,225,748,260,763,paragraph
and,264,748,287,763,paragraph
analyzed,291,748,349,763,paragraph
in,353,748,366,763,paragraph
order,370,748,404,763,paragraph
to,408,748,421,763,paragraph
determine,425,748,490,763,paragraph
the,80,763,99,778,paragraph
global,106,763,147,778,paragraph
status,153,763,190,778,paragraph
of,197,763,210,778,paragraph
the,216,763,236,778,paragraph
sensed,243,763,286,778,paragraph
area.,293,763,324,778,paragraph
In,330,763,344,778,paragraph
order,350,763,385,778,paragraph
to,391,763,404,778,paragraph
successfully,410,763,490,778,paragraph
gather,80,778,120,793,paragraph
sufﬁcient,125,778,185,793,paragraph
"information,",189,778,270,793,paragraph
a,275,778,282,793,paragraph
static,287,778,321,793,paragraph
sink,326,778,353,793,paragraph
could,357,778,394,793,paragraph
send,398,778,428,793,paragraph
a,433,778,440,793,paragraph
mobile,445,778,490,793,paragraph
agent,80,793,115,808,paragraph
to,119,793,131,808,paragraph
collect,135,793,179,808,paragraph
data,183,793,210,808,paragraph
from,214,793,245,808,paragraph
individual,249,793,315,808,paragraph
sensor,319,793,361,808,paragraph
nodes,365,793,403,808,paragraph
by,407,793,423,808,paragraph
following,427,793,490,808,paragraph
Fig.,509,795,530,807,paragraph
1.,534,795,544,807,paragraph
Evolution,553,795,604,807,caption
from,609,795,634,807,caption
Wireless,639,795,684,807,caption
Sensor,688,795,724,807,caption
Networks,728,795,779,807,caption
to,784,795,794,807,caption
Mobile,798,795,836,807,caption
Sensing.,840,795,885,807,caption
a,80,808,87,823,paragraph
trajectory,92,808,155,823,paragraph
spanning,161,808,219,823,paragraph
all,225,808,241,823,paragraph
the,247,808,267,823,paragraph
nodes,273,808,311,823,paragraph
(see,316,808,342,823,paragraph
Figure,348,808,391,823,paragraph
1).,396,808,414,823,paragraph
To,96,823,113,838,paragraph
accomplish,119,823,193,838,paragraph
large-scale,200,823,270,838,paragraph
"sensing,",276,823,329,838,paragraph
WSN,336,823,372,838,paragraph
evolves,378,823,427,838,paragraph
not,434,823,454,838,paragraph
only,461,823,490,838,paragraph
at,80,838,91,853,paragraph
the,101,838,120,853,paragraph
sink,130,838,157,853,paragraph
side,166,838,192,853,paragraph
(such,202,838,237,853,paragraph
as,246,838,260,853,paragraph
mobile,269,838,314,853,paragraph
"agents),",323,838,374,853,paragraph
but,384,838,404,853,paragraph
also,413,838,440,853,paragraph
at,449,838,461,853,paragraph
the,470,838,490,853,paragraph
WSN,509,838,545,853,paragraph
is,552,838,563,853,paragraph
"realized,",569,838,624,853,paragraph
which,631,838,670,853,paragraph
is,677,838,688,853,paragraph
known,694,838,738,853,paragraph
as,744,838,757,853,paragraph
mobile,764,838,808,853,paragraph
sensing,814,838,863,853,paragraph
[1]–[9].,869,838,919,853,paragraph
sensor,80,853,121,869,paragraph
node,126,853,157,869,paragraph
side.,162,853,192,869,paragraph
Mature,196,853,243,869,paragraph
mobile,248,853,293,869,paragraph
networks,298,853,357,869,paragraph
consisted,361,853,422,869,paragraph
of,427,853,440,869,paragraph
mobile,445,853,490,869,paragraph
As,509,853,527,869,paragraph
shown,535,853,577,869,paragraph
in,584,853,597,869,paragraph
Figure,604,853,646,869,paragraph
"1,",654,853,666,869,paragraph
mobile,673,853,718,869,paragraph
sensing,725,853,774,869,paragraph
utilizes,782,853,829,869,paragraph
crowdsensed,836,853,919,869,paragraph
devices,80,868,128,884,paragraph
with,135,868,164,884,paragraph
advanced,171,868,232,884,paragraph
processing,239,868,309,884,paragraph
and,316,868,339,884,paragraph
communication,346,868,447,884,paragraph
capa-,454,868,490,884,paragraph
information,509,868,586,884,paragraph
for,595,868,614,884,paragraph
data,623,868,650,884,paragraph
analysis,659,868,712,884,paragraph
and,721,868,744,884,paragraph
decision,753,868,807,884,paragraph
making,816,868,865,884,paragraph
due,874,868,898,884,paragraph
to,907,868,919,884,paragraph
bilities,80,884,124,899,paragraph
become,129,884,180,899,paragraph
a,186,884,193,899,paragraph
possible,199,884,252,899,paragraph
sensing,258,884,307,899,paragraph
infrastructure,312,884,400,899,paragraph
of,406,884,419,899,paragraph
WSN.,425,884,465,899,paragraph
By,471,884,490,899,paragraph
penetration,509,884,583,899,paragraph
of,588,884,602,899,paragraph
mobile,608,884,653,899,paragraph
devices,658,884,707,899,paragraph
as,713,884,726,899,paragraph
well,732,884,760,899,paragraph
as,766,884,779,899,paragraph
human,785,884,829,899,paragraph
mobility,835,884,890,899,paragraph
and,896,884,919,899,paragraph
exploiting,80,899,145,914,paragraph
the,151,899,171,914,paragraph
rich,177,899,202,914,paragraph
set,208,899,226,914,paragraph
of,232,899,246,914,paragraph
embedded,252,899,318,914,paragraph
sensors,324,899,372,914,paragraph
(such,378,899,413,914,paragraph
as,419,899,433,914,paragraph
"camera,",439,899,490,914,paragraph
ubiquity.,509,899,567,914,paragraph
It,571,899,581,914,paragraph
relies,585,899,620,914,paragraph
on,624,899,640,914,paragraph
the,644,899,664,914,paragraph
wisdom,668,899,720,914,paragraph
of,724,899,737,914,paragraph
crowds,741,899,788,914,paragraph
[10],792,899,819,914,paragraph
to,823,899,836,914,paragraph
successfully,840,899,919,914,paragraph
"gyroscope,",80,914,150,929,paragraph
"GPS,",155,914,189,929,paragraph
"accelerator,",194,914,269,929,paragraph
light,273,914,303,929,paragraph
sensor,308,914,349,929,paragraph
and,354,914,377,929,paragraph
digital,382,914,424,929,paragraph
compass),428,914,490,929,paragraph
infer,509,914,540,929,paragraph
the,549,914,569,929,paragraph
information,578,914,655,929,paragraph
of,664,914,677,929,paragraph
interest,686,914,734,929,paragraph
and,743,914,766,929,paragraph
accomplish,775,914,850,929,paragraph
its,859,914,874,929,paragraph
tasks.,883,914,919,929,paragraph
on,80,929,96,944,paragraph
mobile,103,929,149,944,paragraph
phones,156,929,202,944,paragraph
as,210,929,224,944,paragraph
the,231,929,251,944,paragraph
sensor,259,929,300,944,paragraph
"nodes,",308,929,350,944,paragraph
a,358,929,365,944,paragraph
new,373,929,399,944,paragraph
paradigm,407,929,469,944,paragraph
of,476,929,490,944,paragraph
The,509,929,535,944,paragraph
data,540,929,567,944,paragraph
from,572,929,604,944,paragraph
the,609,929,629,944,paragraph
mobile,634,929,679,944,paragraph
crowds,685,929,731,944,paragraph
"(e.g.,",737,929,770,944,paragraph
"users,",775,929,812,944,paragraph
"sensors,",817,929,869,944,paragraph
"robots,",875,929,919,944,paragraph
##LTFigure##,538,372,891,782,figure
##LTFigure##,711,400,719,404,figure
##LTFigure##,706,401,723,428,figure
##LTFigure##,713,384,717,387,figure
##LTFigure##,796,581,800,591,figure
##LTFigure##,786,577,800,583,figure
##LTFigure##,786,579,796,591,figure
##LTFigure##,718,593,723,603,figure
##LTFigure##,709,588,723,595,figure
##LTFigure##,709,591,718,603,figure
##LTFigure##,832,585,837,595,figure
##LTFigure##,822,581,837,587,figure
##LTFigure##,823,583,832,595,figure
##LTFigure##,686,604,690,614,figure
##LTFigure##,676,600,690,606,figure
##LTFigure##,676,602,686,614,figure
##LTFigure##,711,535,720,539,figure
##LTFigure##,707,537,724,563,figure
##LTFigure##,714,519,718,522,figure
##LTFigure##,623,566,627,576,figure
##LTFigure##,613,562,627,568,figure
##LTFigure##,613,564,623,576,figure
##LTFigure##,818,565,823,575,figure
##LTFigure##,809,561,823,568,figure
##LTFigure##,809,563,818,575,figure
##LTFigure##,773,566,778,576,figure
##LTFigure##,764,562,778,568,figure
##LTFigure##,764,564,773,576,figure
##LTFigure##,698,618,703,628,figure
##LTFigure##,689,614,703,620,figure
##LTFigure##,689,616,698,628,figure
##LTFigure##,744,619,749,629,figure
##LTFigure##,735,615,749,621,figure
##LTFigure##,735,617,744,629,figure
##LTFigure##,759,604,764,614,figure
##LTFigure##,750,600,764,606,figure
##LTFigure##,750,602,759,614,figure
##LTFigure##,669,581,673,591,figure
##LTFigure##,659,577,674,583,figure
##LTFigure##,660,579,669,591,figure
##LTFigure##,623,588,627,598,figure
##LTFigure##,613,584,627,590,figure
##LTFigure##,613,586,623,598,figure
##LTFigure##,646,563,651,573,figure
##LTFigure##,637,559,651,565,figure
##LTFigure##,637,561,646,573,figure
##LTFigure##,679,561,683,571,figure
##LTFigure##,669,557,683,563,figure
##LTFigure##,669,559,679,571,figure
##LTFigure##,688,546,707,552,figure
##LTFigure##,676,554,680,557,figure
##LTFigure##,676,553,680,556,figure
##LTFigure##,678,556,683,557,figure
##LTFigure##,676,551,688,556,figure
##LTFigure##,683,548,693,554,figure
##LTFigure##,711,671,720,675,figure
##LTFigure##,707,673,724,699,figure
##LTFigure##,714,655,718,658,figure
##LTFigure##,823,716,833,734,figure
##LTFigure##,833,719,837,735,figure
##LTFigure##,825,718,832,725,figure
##LTFigure##,828,719,829,720,figure
##LTFigure##,828,731,829,732,figure
##LTFigure##,825,711,827,712,figure
##LTFigure##,825,712,827,717,figure
##LTFigure##,825,725,827,726,figure
##LTFigure##,827,725,829,727,figure
##LTFigure##,830,726,831,727,figure
##LTFigure##,825,726,827,727,figure
##LTFigure##,827,727,829,728,figure
##LTFigure##,830,728,831,729,figure
##LTFigure##,825,728,827,729,figure
##LTFigure##,827,729,829,730,figure
##LTFigure##,830,730,831,731,figure
##LTFigure##,808,696,819,714,figure
##LTFigure##,818,698,822,714,figure
##LTFigure##,811,698,817,705,figure
##LTFigure##,813,698,815,699,figure
##LTFigure##,813,711,815,712,figure
##LTFigure##,810,691,812,692,figure
##LTFigure##,810,691,812,696,figure
##LTFigure##,811,704,812,705,figure
##LTFigure##,813,705,814,706,figure
##LTFigure##,815,706,816,707,figure
##LTFigure##,811,706,812,707,figure
##LTFigure##,813,706,814,708,figure
##LTFigure##,815,707,816,709,figure
##LTFigure##,811,707,812,709,figure
##LTFigure##,813,708,814,710,figure
##LTFigure##,815,709,816,710,figure
##LTFigure##,787,711,797,729,figure
##LTFigure##,797,714,801,729,figure
##LTFigure##,789,713,796,720,figure
##LTFigure##,792,714,793,714,figure
##LTFigure##,792,726,793,727,figure
##LTFigure##,789,706,791,707,figure
##LTFigure##,788,707,791,712,figure
##LTFigure##,789,719,791,721,figure
##LTFigure##,791,720,793,721,figure
##LTFigure##,793,721,795,722,figure
##LTFigure##,789,721,791,722,figure
##LTFigure##,791,722,793,723,figure
##LTFigure##,793,723,795,724,figure
##LTFigure##,789,723,791,724,figure
##LTFigure##,791,724,793,725,figure
##LTFigure##,793,725,795,726,figure
##LTFigure##,764,696,775,714,figure
##LTFigure##,775,699,778,714,figure
##LTFigure##,767,698,773,705,figure
##LTFigure##,769,698,771,699,figure
##LTFigure##,769,711,771,712,figure
##LTFigure##,766,691,768,692,figure
##LTFigure##,766,692,768,697,figure
##LTFigure##,767,704,768,705,figure
##LTFigure##,769,705,770,706,figure
##LTFigure##,771,706,772,707,figure
##LTFigure##,767,706,768,707,figure
##LTFigure##,769,707,770,708,figure
##LTFigure##,771,708,772,709,figure
##LTFigure##,767,708,768,709,figure
##LTFigure##,769,709,770,710,figure
##LTFigure##,771,710,772,711,figure
##LTFigure##,749,735,760,753,figure
##LTFigure##,760,737,764,753,figure
##LTFigure##,752,737,759,744,figure
##LTFigure##,754,737,756,738,figure
##LTFigure##,754,750,756,750,figure
##LTFigure##,752,729,754,731,figure
##LTFigure##,751,730,754,735,figure
##LTFigure##,752,743,754,744,figure
##LTFigure##,754,743,756,745,figure
##LTFigure##,756,744,758,746,figure
##LTFigure##,752,744,754,746,figure
##LTFigure##,754,745,756,747,figure
##LTFigure##,756,746,758,747,figure
##LTFigure##,752,746,754,747,figure
##LTFigure##,754,747,756,748,figure
##LTFigure##,756,748,758,749,figure
##LTFigure##,736,750,746,768,figure
##LTFigure##,746,752,750,768,figure
##LTFigure##,738,752,745,759,figure
##LTFigure##,741,752,742,753,figure
##LTFigure##,741,765,742,766,figure
##LTFigure##,738,745,740,746,figure
##LTFigure##,738,745,740,750,figure
##LTFigure##,738,758,740,759,figure
##LTFigure##,741,759,742,760,figure
##LTFigure##,743,759,744,761,figure
##LTFigure##,738,759,740,761,figure
##LTFigure##,741,760,742,762,figure
##LTFigure##,743,761,744,762,figure
##LTFigure##,738,761,740,763,figure
##LTFigure##,741,762,742,763,figure
##LTFigure##,743,763,744,764,figure
##LTFigure##,709,723,720,741,figure
##LTFigure##,720,726,724,741,figure
##LTFigure##,712,725,719,732,figure
##LTFigure##,714,725,716,726,figure
##LTFigure##,714,738,716,739,figure
##LTFigure##,711,718,713,719,figure
##LTFigure##,711,718,714,723,figure
##LTFigure##,712,731,713,732,figure
##LTFigure##,714,732,715,733,figure
##LTFigure##,716,733,718,734,figure
##LTFigure##,712,733,713,734,figure
##LTFigure##,714,734,715,735,figure
##LTFigure##,716,734,718,736,figure
##LTFigure##,712,735,713,736,figure
##LTFigure##,714,736,715,737,figure
##LTFigure##,716,736,718,738,figure
##LTFigure##,676,734,687,752,figure
##LTFigure##,687,737,690,752,figure
##LTFigure##,679,736,686,743,figure
##LTFigure##,681,736,683,737,figure
##LTFigure##,681,749,683,750,figure
##LTFigure##,678,729,680,730,figure
##LTFigure##,678,729,680,734,figure
##LTFigure##,679,742,680,743,figure
##LTFigure##,681,743,682,744,figure
##LTFigure##,683,744,684,745,figure
##LTFigure##,679,744,680,745,figure
##LTFigure##,681,745,682,746,figure
##LTFigure##,683,746,684,747,figure
##LTFigure##,679,746,680,747,figure
##LTFigure##,681,747,682,748,figure
##LTFigure##,683,747,684,749,figure
##LTFigure##,689,748,699,766,figure
##LTFigure##,699,751,703,766,figure
##LTFigure##,691,750,698,757,figure
##LTFigure##,694,750,695,751,figure
##LTFigure##,694,763,695,764,figure
##LTFigure##,691,743,693,744,figure
##LTFigure##,691,743,693,749,figure
##LTFigure##,692,756,693,757,figure
##LTFigure##,694,757,695,758,figure
##LTFigure##,696,758,697,759,figure
##LTFigure##,692,758,693,759,figure
##LTFigure##,694,759,695,760,figure
##LTFigure##,696,760,697,761,figure
##LTFigure##,692,760,693,761,figure
##LTFigure##,694,761,695,762,figure
##LTFigure##,696,762,697,763,figure
##LTFigure##,660,711,670,729,figure
##LTFigure##,670,714,674,729,figure
##LTFigure##,662,713,669,720,figure
##LTFigure##,664,714,666,714,figure
##LTFigure##,664,726,666,727,figure
##LTFigure##,662,706,664,707,figure
##LTFigure##,662,707,664,712,figure
##LTFigure##,662,719,664,721,figure
##LTFigure##,664,720,666,721,figure
##LTFigure##,666,721,668,722,figure
##LTFigure##,662,721,664,722,figure
##LTFigure##,664,722,666,723,figure
##LTFigure##,666,723,668,724,figure
##LTFigure##,662,723,664,724,figure
##LTFigure##,664,724,666,725,figure
##LTFigure##,666,725,668,726,figure
##LTFigure##,668,691,679,709,figure
##LTFigure##,679,694,683,709,figure
##LTFigure##,671,693,678,700,figure
##LTFigure##,673,693,675,694,figure
##LTFigure##,673,706,675,707,figure
##LTFigure##,670,686,672,687,figure
##LTFigure##,670,687,673,692,figure
##LTFigure##,671,699,672,700,figure
##LTFigure##,673,700,674,701,figure
##LTFigure##,675,701,677,702,figure
##LTFigure##,671,701,672,702,figure
##LTFigure##,673,702,674,703,figure
##LTFigure##,675,703,677,704,figure
##LTFigure##,671,703,672,704,figure
##LTFigure##,673,704,674,705,figure
##LTFigure##,675,705,677,706,figure
##LTFigure##,637,693,648,711,figure
##LTFigure##,647,696,651,711,figure
##LTFigure##,640,695,646,702,figure
##LTFigure##,642,695,644,696,figure
##LTFigure##,642,708,644,709,figure
##LTFigure##,639,688,641,689,figure
##LTFigure##,639,688,641,694,figure
##LTFigure##,640,701,641,703,figure
##LTFigure##,642,702,643,703,figure
##LTFigure##,644,703,645,704,figure
##LTFigure##,640,703,641,704,figure
##LTFigure##,642,704,643,705,figure
##LTFigure##,644,705,645,706,figure
##LTFigure##,640,705,641,706,figure
##LTFigure##,642,706,643,707,figure
##LTFigure##,644,707,645,708,figure
##LTFigure##,613,696,623,714,figure
##LTFigure##,623,699,627,714,figure
##LTFigure##,615,698,622,705,figure
##LTFigure##,618,698,619,699,figure
##LTFigure##,618,711,619,712,figure
##LTFigure##,615,691,617,692,figure
##LTFigure##,615,692,617,697,figure
##LTFigure##,615,704,617,705,figure
##LTFigure##,618,705,619,706,figure
##LTFigure##,619,706,621,707,figure
##LTFigure##,615,706,617,707,figure
##LTFigure##,618,707,619,708,figure
##LTFigure##,619,708,621,709,figure
##LTFigure##,615,708,617,709,figure
##LTFigure##,618,709,619,710,figure
##LTFigure##,619,710,621,711,figure
##LTFigure##,613,720,623,738,figure
##LTFigure##,623,722,627,738,figure
##LTFigure##,615,722,622,728,figure
##LTFigure##,618,722,619,722,figure
##LTFigure##,618,734,619,735,figure
##LTFigure##,615,714,617,715,figure
##LTFigure##,615,715,617,720,figure
##LTFigure##,615,727,617,729,figure
##LTFigure##,618,728,619,730,figure
##LTFigure##,619,729,621,731,figure
##LTFigure##,615,729,617,731,figure
##LTFigure##,618,730,619,731,figure
##LTFigure##,619,731,621,732,figure
##LTFigure##,615,731,617,732,figure
##LTFigure##,618,732,619,733,figure
##LTFigure##,619,733,621,734,figure
##LTFigure##,622,431,626,441,figure
##LTFigure##,612,427,627,433,figure
##LTFigure##,613,429,622,441,figure
##LTFigure##,645,428,650,438,figure
##LTFigure##,636,424,650,430,figure
##LTFigure##,636,426,645,438,figure
##LTFigure##,668,446,672,456,figure
##LTFigure##,658,442,673,448,figure
##LTFigure##,659,444,668,456,figure
##LTFigure##,622,453,626,463,figure
##LTFigure##,612,449,627,455,figure
##LTFigure##,613,451,622,463,figure
##LTFigure##,678,426,682,436,figure
##LTFigure##,668,421,682,428,figure
##LTFigure##,668,424,678,436,figure
##LTFigure##,795,446,799,456,figure
##LTFigure##,785,442,800,448,figure
##LTFigure##,785,444,795,456,figure
##LTFigure##,817,430,822,440,figure
##LTFigure##,808,426,822,432,figure
##LTFigure##,808,428,817,440,figure
##LTFigure##,831,450,836,460,figure
##LTFigure##,822,446,836,452,figure
##LTFigure##,822,448,831,460,figure
##LTFigure##,772,431,777,441,figure
##LTFigure##,763,427,777,433,figure
##LTFigure##,763,429,772,441,figure
##LTFigure##,717,458,722,468,figure
##LTFigure##,708,453,722,460,figure
##LTFigure##,708,456,717,468,figure
##LTFigure##,685,469,689,479,figure
##LTFigure##,675,464,689,471,figure
##LTFigure##,675,467,685,479,figure
##LTFigure##,697,483,702,493,figure
##LTFigure##,688,479,702,485,figure
##LTFigure##,688,481,697,493,figure
##LTFigure##,743,484,748,494,figure
##LTFigure##,734,480,748,486,figure
##LTFigure##,734,482,743,494,figure
##LTFigure##,758,469,763,479,figure
##LTFigure##,749,464,763,471,figure
##LTFigure##,749,467,758,479,figure
##LTFigure##,669,426,677,428,figure
##LTFigure##,637,428,645,431,figure
##LTFigure##,669,428,677,431,figure
##LTFigure##,637,430,645,432,figure
##LTFigure##,669,430,677,432,figure
##LTFigure##,808,430,818,432,figure
##LTFigure##,612,432,622,433,figure
##LTFigure##,637,432,645,433,figure
##LTFigure##,669,432,677,433,figure
##LTFigure##,764,432,772,433,figure
##LTFigure##,808,432,818,433,figure
##LTFigure##,612,433,622,435,figure
##LTFigure##,637,433,645,435,figure
##LTFigure##,764,433,772,435,figure
##LTFigure##,808,433,818,435,figure
##LTFigure##,612,435,622,438,figure
##LTFigure##,764,435,772,438,figure
##LTFigure##,808,435,818,438,figure
##LTFigure##,659,446,668,451,figure
##LTFigure##,786,446,794,451,figure
##LTFigure##,659,451,668,453,figure
##LTFigure##,786,451,794,453,figure
##LTFigure##,822,451,832,453,figure
##LTFigure##,822,453,832,454,figure
##LTFigure##,612,454,622,457,figure
##LTFigure##,822,454,832,457,figure
##LTFigure##,612,457,622,458,figure
##LTFigure##,612,458,622,460,figure
##LTFigure##,709,458,717,460,figure
##LTFigure##,709,460,717,465,figure
##LTFigure##,676,470,684,476,figure
##LTFigure##,750,470,759,476,figure
##LTFigure##,688,484,698,485,figure
##LTFigure##,688,485,698,490,figure
##LTFigure##,734,485,744,490,figure
##LTFigure##,734,490,744,491,figure
##LTFigure##,670,561,679,564,figure
##LTFigure##,637,564,647,566,figure
##LTFigure##,670,564,679,566,figure
##LTFigure##,637,566,647,567,figure
##LTFigure##,670,566,679,567,figure
##LTFigure##,810,566,818,567,figure
##LTFigure##,614,567,624,568,figure
##LTFigure##,637,567,647,568,figure
##LTFigure##,670,567,679,568,figure
##LTFigure##,764,567,774,568,figure
##LTFigure##,810,567,818,568,figure
##LTFigure##,614,568,624,570,figure
##LTFigure##,637,568,647,570,figure
##LTFigure##,764,568,774,570,figure
##LTFigure##,810,568,818,570,figure
##LTFigure##,614,570,624,572,figure
##LTFigure##,764,570,774,572,figure
##LTFigure##,810,570,818,572,figure
##LTFigure##,614,572,624,573,figure
##LTFigure##,764,572,774,573,figure
##LTFigure##,659,582,669,586,figure
##LTFigure##,787,582,796,586,figure
##LTFigure##,659,586,669,588,figure
##LTFigure##,787,586,796,588,figure
##LTFigure##,823,586,832,588,figure
##LTFigure##,823,588,832,589,figure
##LTFigure##,614,589,624,593,figure
##LTFigure##,823,589,832,593,figure
##LTFigure##,614,592,624,594,figure
##LTFigure##,614,593,624,596,figure
##LTFigure##,709,593,719,596,figure
##LTFigure##,709,596,719,600,figure
##LTFigure##,677,604,685,611,figure
##LTFigure##,750,604,760,611,figure
##LTFigure##,690,619,698,620,figure
##LTFigure##,690,620,698,625,figure
##LTFigure##,735,620,745,625,figure
##LTFigure##,735,625,745,627,figure
##LTLine##,715,387,715,402,paragraph
##LTLine##,715,387,715,400,paragraph
##LTLine##,716,522,716,537,paragraph
##LTLine##,716,522,716,535,paragraph
##LTLine##,716,658,716,673,paragraph
##LTLine##,716,658,716,671,paragraph
