token,x0,y0,x1,y1,label
Two,224,194,284,215,title
step,294,194,351,215,title
robust,362,194,450,215,title
fringe,461,194,540,215,title
analysis,551,194,658,215,title
method,669,194,774,215,title
with,374,221,436,243,title
random,446,221,552,243,title
shift,563,221,623,243,title
Mariano,180,262,250,277,author
"Rivera1,",256,261,323,277,author
Oscar,330,262,378,277,author
"Dalmau1,",384,261,463,277,author
Adonai,469,262,529,277,author
"Gonzalez2,",536,261,624,277,author
Francisco,631,262,709,277,author
Hernandez1,715,261,811,277,author
1Centro,167,296,232,312,paragraph
de,238,297,257,312,paragraph
Investigacion,264,297,372,312,paragraph
en,379,297,398,312,paragraph
Matematicas,404,297,511,312,paragraph
"AC,",517,297,550,312,paragraph
"36240,",557,297,610,312,paragraph
Guanajuato,616,297,716,312,paragraph
"Gto.,",722,297,765,312,paragraph
Mexico,771,297,831,312,paragraph
2Centro,214,314,279,330,paragraph
de,285,315,304,330,paragraph
Investigaciones,310,315,435,330,paragraph
en,441,315,460,330,paragraph
Optica,467,315,523,330,paragraph
"AC,",530,315,562,330,paragraph
"37000,",569,315,622,330,paragraph
Leon,628,315,669,330,paragraph
"Gto.,",675,315,718,330,paragraph
Mexico,724,315,784,330,paragraph
May,443,344,479,359,paragraph
"27,",486,344,510,359,paragraph
2020,517,344,555,359,paragraph
Abstract,117,390,218,408,paragraph
including,507,394,572,406,paragraph
temporal,579,394,642,406,paragraph
variations,649,394,718,406,paragraph
in,725,394,738,406,paragraph
illumination,745,394,831,406,paragraph
condi-,837,394,881,406,paragraph
tions,507,409,541,422,paragraph
and,547,409,573,422,paragraph
noise.,579,409,619,422,paragraph
We,627,409,649,422,paragraph
proceed,655,409,710,422,paragraph
as,715,409,730,422,paragraph
follows:,735,409,788,422,paragraph
ﬁrst,796,409,824,422,paragraph
we,829,409,848,422,paragraph
mo-,853,409,881,422,paragraph
We,117,422,140,434,abstract
propose,147,422,202,434,abstract
a,209,422,217,434,abstract
two,224,422,250,434,abstract
steps,257,422,292,434,abstract
fringe,299,422,340,434,abstract
analysis,347,422,403,434,abstract
method,410,422,464,434,abstract
as-,471,422,491,434,abstract
tivate,507,424,547,437,paragraph
our,552,424,576,437,paragraph
algorithm,581,424,650,437,paragraph
and,655,424,681,437,paragraph
then,686,424,717,437,paragraph
we,723,424,741,437,paragraph
present,746,424,797,437,paragraph
the,802,424,825,437,paragraph
details.,830,424,881,437,paragraph
suming,117,437,168,449,abstract
random,175,437,229,449,abstract
phase,236,437,276,449,abstract
step,282,437,312,449,abstract
and,318,437,345,449,abstract
changes,351,437,406,449,abstract
in,413,437,426,449,abstract
the,433,437,456,449,abstract
illu-,463,437,491,449,abstract
In,523,442,538,454,paragraph
this,544,442,570,454,paragraph
work,575,442,610,454,paragraph
we,615,442,634,454,paragraph
assume,639,442,690,454,paragraph
the,695,442,718,454,paragraph
following,723,442,787,454,paragraph
FPs,792,442,820,454,paragraph
models,826,442,875,454,paragraph
mination,117,452,180,465,abstract
conditions.,188,452,265,465,abstract
Our,280,452,308,465,abstract
method,316,452,369,465,abstract
constructs,377,452,450,465,abstract
on,458,452,475,465,abstract
a,483,452,491,465,abstract
Gabor,117,467,162,480,abstract
Filter–Bank,169,467,254,480,abstract
(GFB),262,467,309,480,abstract
that,317,467,346,480,abstract
independently,354,467,454,480,abstract
esti-,461,467,491,480,abstract
mates,117,482,159,495,abstract
the,165,482,188,495,abstract
phase,194,482,233,495,abstract
from,239,482,273,495,abstract
the,279,482,301,495,abstract
fringe,307,482,348,495,abstract
patterns,354,482,412,495,abstract
and,419,482,445,495,abstract
ﬁlters,451,482,491,495,abstract
I,527,493,534,505,equation
(x),541,493,563,505,equation
=,580,493,592,505,equation
a,608,493,617,505,equation
(x),624,493,646,505,equation
+,650,493,663,505,equation
b,666,493,673,505,equation
(x),681,493,702,505,equation
cos(φ(x)),705,493,771,505,equation
+,775,493,788,505,equation
η,791,493,799,505,equation
"(x),",807,493,833,505,equation
(1),860,493,881,505,paragraph
noise.,117,497,157,510,abstract
As,164,497,183,510,abstract
result,188,497,228,510,abstract
of,233,497,246,510,abstract
the,251,497,274,510,abstract
GFB,279,497,314,510,abstract
we,319,497,337,510,abstract
obtain,342,497,388,510,abstract
the,393,497,415,510,abstract
two,420,497,446,510,abstract
phase,451,497,491,510,abstract
1,534,497,540,506,equation
1,617,497,624,506,equation
1,673,497,680,506,equation
1,799,497,806,506,equation
maps,117,512,154,525,abstract
except,161,512,206,525,abstract
by,213,512,230,525,abstract
a,236,512,244,525,abstract
random,251,512,305,525,abstract
sign,311,512,339,525,abstract
map.,346,512,381,525,abstract
We,391,512,413,525,abstract
show,420,512,455,525,abstract
that,461,512,491,525,abstract
I,527,512,534,524,equation
(x),541,512,563,524,equation
=,580,512,592,524,equation
a,608,512,617,524,equation
(x),624,512,646,524,equation
+,650,512,663,524,equation
b,666,512,673,524,equation
(x),681,512,702,524,equation
cos(φ(x),705,512,765,524,equation
+,769,512,781,524,equation
δ),785,512,799,524,equation
+,803,512,815,524,equation
η,819,512,827,524,equation
(x);(2),834,512,881,524,equation
2,534,516,540,525,equation
2,617,516,624,525,equation
2,673,516,680,525,equation
2,827,516,834,525,equation
such,117,527,148,540,abstract
a,154,527,162,540,abstract
random,168,527,222,540,abstract
sign,228,527,256,540,abstract
map,262,527,293,540,abstract
is,299,527,310,540,abstract
common,316,527,375,540,abstract
to,381,527,395,540,abstract
the,401,527,424,540,abstract
indepen-,430,527,491,540,abstract
dently,117,543,161,555,abstract
computed,168,543,237,555,abstract
phases,244,543,290,555,abstract
and,296,543,323,555,abstract
can,329,543,353,555,abstract
be,360,543,376,555,abstract
estimated,383,543,451,555,abstract
from,458,543,491,555,abstract
the,117,558,140,570,abstract
residual,145,558,200,570,abstract
between,206,558,263,570,abstract
the,269,558,291,570,abstract
phases.,297,558,348,570,abstract
We,355,558,378,570,abstract
estimate,383,558,443,570,abstract
the,448,558,471,570,abstract
ﬁ-,476,558,491,570,abstract
where,523,562,565,575,paragraph
x,570,562,579,575,paragraph
=,584,562,597,575,paragraph
[x,601,562,615,575,paragraph
",",622,562,627,575,paragraph
x,629,562,639,575,paragraph
](cid:62),646,560,661,576,paragraph
denotes,667,562,720,575,paragraph
the,725,562,748,575,paragraph
pixel,753,562,787,575,paragraph
position,792,562,849,575,paragraph
in,854,562,867,575,paragraph
a,872,562,881,575,paragraph
1,615,567,621,576,paragraph
2,639,567,645,576,paragraph
nal,117,573,139,585,abstract
phase,145,573,185,585,abstract
with,191,573,223,585,abstract
a,229,573,237,585,abstract
robust,243,573,289,585,abstract
unwrapping,295,573,378,585,abstract
procedure,385,573,455,585,abstract
that,461,573,491,585,abstract
regular,507,577,557,590,paragraph
lattice,561,577,605,590,paragraph
L.,609,577,625,599,paragraph
The,632,577,660,590,paragraph
unknowns,664,577,735,590,paragraph
are:,739,577,765,590,paragraph
the,772,577,794,590,paragraph
background,798,577,881,590,paragraph
interpolates,117,588,200,600,abstract
unreliable,205,588,275,600,abstract
phase,279,588,319,600,abstract
regions.,324,588,378,600,abstract
We,385,588,407,600,abstract
present,412,588,463,600,abstract
nu-,468,588,491,600,abstract
"illumination,",507,593,597,605,paragraph
a,604,593,612,605,paragraph
and,625,593,652,605,paragraph
a,658,593,666,605,paragraph
;,674,593,678,605,paragraph
the,684,593,707,605,paragraph
local,713,593,746,605,paragraph
fringe,752,593,792,605,paragraph
"contrast,",798,593,860,605,paragraph
b,866,593,873,605,paragraph
1,612,597,619,606,paragraph
2,666,597,673,606,paragraph
1,873,597,880,606,paragraph
merical,117,603,169,615,abstract
experiments,173,603,258,615,abstract
with,262,603,294,615,abstract
synthetic,298,603,362,615,abstract
and,366,603,392,615,abstract
real,396,603,422,615,abstract
date,426,603,457,615,abstract
that,461,603,491,615,abstract
and,507,608,533,620,paragraph
b,539,608,546,620,paragraph
;,554,608,558,620,paragraph
the,564,608,587,620,paragraph
independent,593,608,680,620,paragraph
"noise,",686,608,726,620,paragraph
η,732,608,740,620,paragraph
and,754,608,780,620,paragraph
η,786,608,794,620,paragraph
;,801,608,806,620,paragraph
the,812,608,835,620,paragraph
phase,841,608,881,620,paragraph
2,546,612,553,621,paragraph
1,740,612,747,621,paragraph
2,794,612,800,621,paragraph
demonstrate,117,618,205,631,abstract
our,210,618,234,631,abstract
method,239,618,293,631,abstract
performance.,299,618,391,631,abstract
map,507,623,538,635,paragraph
we,543,623,562,635,paragraph
are,567,623,589,635,paragraph
interested,594,623,663,635,paragraph
in,669,623,682,635,paragraph
"computing,",688,623,767,635,paragraph
φ;,773,623,787,635,paragraph
and,792,623,818,635,paragraph
the,824,623,846,635,paragraph
ran-,852,623,881,635,paragraph
dom,507,638,538,650,paragraph
shift,542,638,573,650,paragraph
between,577,638,634,650,paragraph
the,638,638,661,650,paragraph
"FPs,",665,638,697,650,paragraph
δ,701,638,709,650,paragraph
∈,714,638,725,659,paragraph
"(−π,",729,638,763,659,paragraph
π).,765,638,786,650,paragraph
In,793,638,808,650,paragraph
this,812,638,838,650,paragraph
"work,",842,638,881,650,paragraph
1,117,656,130,675,section
Method,157,656,247,675,section
we,507,653,526,666,paragraph
consider,531,653,589,666,paragraph
the,595,653,617,666,paragraph
standard,623,653,686,666,paragraph
assumptions,691,653,778,666,paragraph
used,784,653,816,666,paragraph
in,822,653,835,666,paragraph
single,841,653,881,666,paragraph
FP,507,668,529,681,paragraph
algorithms:,533,668,612,681,paragraph
a,619,668,628,681,paragraph
",",633,668,638,681,paragraph
b,642,668,649,681,paragraph
(for,658,668,684,681,paragraph
i,688,668,694,681,paragraph
=,698,668,711,681,paragraph
"1,",716,668,728,681,paragraph
"2),",731,668,750,681,paragraph
and,754,668,780,681,paragraph
φ,784,668,794,681,paragraph
are,798,668,820,681,paragraph
smooth.,824,668,881,681,paragraph
i,628,673,632,682,paragraph
i,649,673,653,682,paragraph
In,133,689,148,701,paragraph
recent,155,689,198,701,paragraph
years,204,689,241,701,paragraph
there,247,689,283,701,paragraph
has,290,689,314,701,paragraph
been,320,689,353,701,paragraph
an,360,689,377,701,paragraph
interest,383,689,436,701,paragraph
for,443,689,463,701,paragraph
de-,469,689,491,701,paragraph
Essentially,523,686,600,698,paragraph
the,606,686,628,698,paragraph
proposed,635,686,698,698,paragraph
method,705,686,758,698,paragraph
consists,764,686,819,698,paragraph
of,825,686,838,698,paragraph
three,844,686,881,698,paragraph
veloping,117,704,176,716,paragraph
two–steps,181,704,250,716,paragraph
algorithms,255,704,330,716,paragraph
with,335,704,367,716,paragraph
random,372,704,426,716,paragraph
step;,431,704,465,716,paragraph
see,470,704,491,716,paragraph
stage.,507,701,548,714,paragraph
"Firstly,",555,701,606,714,paragraph
estimation,611,701,685,714,paragraph
of,691,701,704,714,paragraph
the,709,701,732,714,paragraph
wrapped,737,701,798,714,paragraph
phase,804,701,844,714,paragraph
with,849,701,881,714,paragraph
for,117,719,137,731,paragraph
example,142,719,200,731,paragraph
the,205,719,227,731,paragraph
methods,232,719,292,731,paragraph
in,297,719,311,731,paragraph
"[1,",316,719,333,731,paragraph
"2,",338,719,350,731,paragraph
"3,",355,719,368,731,paragraph
4],373,719,385,731,paragraph
and,390,719,417,731,paragraph
references,421,719,491,731,paragraph
a,507,716,515,729,paragraph
sign,521,716,550,729,paragraph
"ambiguity,",556,716,630,729,paragraph
this,637,716,663,729,paragraph
os,669,716,684,729,paragraph
obtain,690,716,735,729,paragraph
by,742,716,759,729,paragraph
using,765,716,802,729,paragraph
the,809,716,831,729,paragraph
H,838,717,852,739,paragraph
op-,858,716,881,729,paragraph
therein.,117,734,171,746,paragraph
Those,179,734,222,746,paragraph
techniques,227,734,302,746,paragraph
have,307,734,339,746,paragraph
signiﬁcantly,345,734,430,746,paragraph
reduced,436,734,491,746,paragraph
erator.,507,731,554,744,paragraph
"Second,",566,731,620,744,paragraph
estimation,628,731,702,744,paragraph
of,709,731,722,744,paragraph
the,729,731,752,744,paragraph
correct,759,731,808,744,paragraph
sign,815,731,843,744,paragraph
map,850,731,881,744,paragraph
the,117,749,140,762,paragraph
acquisition,146,749,223,762,paragraph
time,229,749,261,762,paragraph
and,267,749,293,762,paragraph
have,300,749,332,762,paragraph
simpliﬁed,338,749,406,762,paragraph
the,413,749,435,762,paragraph
experi-,442,749,491,762,paragraph
based,507,746,547,759,paragraph
on,552,746,569,759,paragraph
the,574,746,597,759,paragraph
operator,601,746,662,759,paragraph
R,667,747,680,769,paragraph
that,685,746,715,759,paragraph
computes,720,746,787,759,paragraph
the,792,746,815,759,paragraph
wrapped,820,746,881,759,paragraph
mental,117,764,166,777,paragraph
setups.,171,764,220,777,paragraph
In,229,764,244,777,paragraph
this,250,764,276,777,paragraph
work,282,764,316,777,paragraph
we,322,764,341,777,paragraph
propose,347,764,402,777,paragraph
a,407,764,416,777,paragraph
robust,421,764,467,777,paragraph
al-,473,764,491,777,paragraph
residual,507,761,562,774,paragraph
phase,568,761,607,774,paragraph
between,613,761,670,774,paragraph
a,675,761,683,774,paragraph
pair,688,761,717,774,paragraph
of,722,761,735,774,paragraph
phase,740,761,780,774,paragraph
map.,785,761,820,774,paragraph
"Finally,",827,761,881,774,paragraph
gorithm,117,779,173,792,paragraph
that,179,779,209,792,paragraph
can,214,779,238,792,paragraph
overcome,244,779,309,792,paragraph
the,315,779,337,792,paragraph
limitation,343,779,412,792,paragraph
of,418,779,431,792,paragraph
random,436,779,491,792,paragraph
we,507,776,526,789,paragraph
present,531,776,583,789,paragraph
a,588,776,596,789,paragraph
robust,602,776,647,789,paragraph
unwrap,653,776,706,789,paragraph
"process,",712,776,768,789,paragraph
denoted,773,776,829,789,paragraph
by,835,776,852,789,paragraph
the,858,776,881,789,paragraph
two-steps,117,794,183,807,paragraph
algorithms,188,794,263,807,paragraph
for,268,794,288,807,paragraph
dealing,292,794,343,807,paragraph
with,348,794,379,807,paragraph
variable,384,794,440,807,paragraph
illumi-,445,794,491,807,paragraph
operator,507,792,567,804,paragraph
"W−1,",572,789,611,814,paragraph
that,616,792,646,804,paragraph
interpolates,650,792,733,804,paragraph
unreliable,738,792,807,804,paragraph
estimated,812,792,881,804,paragraph
nation,117,809,162,822,paragraph
condition,168,809,234,822,paragraph
and,239,809,265,822,paragraph
noise.,271,809,311,822,paragraph
The,318,809,346,822,paragraph
proposed,351,809,415,822,paragraph
method,421,809,474,822,paragraph
is,480,809,491,822,paragraph
phase,507,807,547,819,paragraph
pixels.,551,807,596,819,paragraph
Following,603,807,670,819,paragraph
we,674,807,693,819,paragraph
deﬁne,697,807,739,819,paragraph
the,743,807,766,819,paragraph
method,770,807,823,819,paragraph
and,828,807,854,819,paragraph
the,858,807,881,819,paragraph
able,117,824,146,837,paragraph
to,151,824,166,837,paragraph
estimate,171,824,230,837,paragraph
the,235,824,258,837,paragraph
phase,263,824,303,837,paragraph
from,308,824,341,837,paragraph
two,346,824,371,837,paragraph
noise,376,824,412,837,paragraph
fringe,417,824,457,837,paragraph
pat-,462,824,491,837,paragraph
operators.,507,822,578,834,paragraph
After,585,822,623,834,paragraph
"that,",628,822,662,834,paragraph
we,668,822,686,834,paragraph
provide,692,822,744,834,paragraph
the,750,822,772,834,paragraph
details.,778,822,828,834,paragraph
tern,117,839,146,852,paragraph
(FP),153,839,187,852,paragraph
with,194,839,226,852,paragraph
a,232,839,240,852,paragraph
random,247,839,301,852,paragraph
phase,308,839,348,852,paragraph
step,355,839,384,852,paragraph
between,390,839,448,852,paragraph
them,455,839,491,852,paragraph
Assume,523,839,578,852,paragraph
we,583,839,602,852,paragraph
have,607,839,639,852,paragraph
a,644,839,652,852,paragraph
"method,",657,839,715,852,paragraph
represented,720,839,801,852,paragraph
for,806,839,826,852,paragraph
the,830,839,853,852,paragraph
op-,858,839,881,852,paragraph
1,495,877,503,890,paragraph
