token,x0,y0,x1,y1,label
4,910,33,918,48,paragraph
(cid:18),664,54,676,101,equation
(cid:19),730,54,742,101,equation
M(cid:48)(pSFA),530,92,582,116,equation
=2πiΨ(cid:88)0(p),587,97,664,146,equation
p2(cid:16)2,678,91,695,144,equation
+,699,101,712,113,equation
Ip,716,101,729,115,equation
(cid:17)(cid:40),829,89,852,144,equation
(11),891,99,918,114,equation
∞,634,121,647,136,equation
×,604,131,616,152,equation
(cid:20)i(cid:16)nδ,656,133,685,184,equation
p2,697,130,712,144,equation
+,718,140,731,152,equation
I,734,140,741,152,equation
+,753,140,766,152,equation
U,769,140,780,152,equation
−,792,131,805,152,equation
nω,808,140,828,152,equation
J,852,140,861,152,equation
(cid:17),876,137,885,184,equation
−∞,638,151,661,166,equation
2,701,148,709,161,equation
p,741,145,749,154,equation
p,780,145,788,154,equation
n,861,145,869,154,equation
n=,620,157,638,166,equation
+,604,180,616,192,equation
(cid:16)iA0ξ,620,171,653,223,equation
A,674,180,686,192,equation
J,694,180,703,192,equation
+,732,180,744,192,equation
p,748,180,756,192,equation
J,764,180,773,192,equation
+,802,180,814,192,equation
A(cid:17)0,820,171,842,223,equation
J,841,180,850,192,equation
(cid:21)(cid:41)eiϕ,872,168,905,219,equation
4ω,628,188,647,201,equation
0,686,185,693,194,equation
n+1,703,185,727,194,equation
z,756,185,762,194,equation
n+2,773,185,797,194,equation
3,826,188,834,201,equation
n+3,850,185,875,194,equation
A,776,210,788,223,equation
−,849,210,859,226,equation
+,604,219,616,231,equation
A,630,219,642,231,equation
J,649,219,658,231,equation
−,666,217,677,233,equation
+,687,219,700,231,equation
p,704,219,712,231,equation
J,719,219,728,231,equation
−,736,217,747,233,equation
+,758,219,770,231,equation
0,788,215,794,224,equation
J,797,219,806,231,equation
−,814,217,825,233,equation
e,842,219,849,231,equation
iϕ,859,217,871,226,equation
.,894,219,898,231,equation
0,642,224,648,233,equation
n,658,224,666,233,equation
1,677,224,683,233,equation
z,712,224,718,233,equation
n,728,224,736,233,equation
2,747,224,753,233,equation
3,781,227,790,240,equation
n,806,224,814,233,equation
3,825,224,831,233,equation
Here,522,255,553,270,paragraph
we,558,255,577,270,paragraph
suppressed,581,255,653,270,paragraph
for,657,255,676,270,paragraph
brevity,680,255,726,270,paragraph
the,730,255,750,270,paragraph
arguments,754,255,822,270,paragraph
of,826,255,840,270,paragraph
all,844,255,860,270,paragraph
the,865,255,885,270,paragraph
gen-,889,255,918,270,paragraph
eralized,517,270,569,285,paragraph
Bessel,573,270,616,285,paragraph
"functions,",620,270,684,285,paragraph
"i.e.,",688,270,712,285,paragraph
−p,706,296,729,318,equation
A,736,297,749,309,equation
−U,812,296,837,318,equation
J,556,305,566,318,equation
=,579,305,592,318,equation
J,596,305,605,318,equation
"(u,",614,305,634,318,equation
"v),",637,305,656,318,equation
u,675,305,684,318,equation
=,689,305,702,318,equation
z,729,302,735,311,equation
0,749,302,755,311,equation
",",758,305,762,318,equation
v,781,305,789,318,equation
=,794,305,807,318,equation
p,837,302,845,311,equation
.,847,305,852,318,equation
(12),891,303,918,318,equation
n,566,310,574,319,equation
n,605,310,613,319,equation
ω,733,314,743,327,equation
2ω,826,314,845,327,equation
For,534,345,556,360,paragraph
the,561,345,581,360,paragraph
rate,586,345,610,360,paragraph
"follows,",615,345,668,360,paragraph
analogously,673,345,752,360,paragraph
to,757,345,769,360,paragraph
the,774,345,794,360,paragraph
one-color,799,345,861,360,paragraph
calcula-,866,345,918,360,paragraph
tion,517,360,543,375,paragraph
"in,",547,360,564,375,paragraph
"e.g.,",568,360,595,375,paragraph
Refs.,599,360,633,375,paragraph
"[32,",637,360,663,375,paragraph
"33],",667,360,693,375,paragraph
(cid:18),643,366,655,412,equation
(cid:19),709,366,721,412,equation
|,584,403,589,425,equation
|,628,403,633,425,equation
p2,657,403,671,417,equation
2,721,400,728,409,equation
(cid:40),791,401,804,448,equation
Γp,532,413,548,426,equation
=2π,553,413,584,425,equation
ψ(cid:88)0(p),589,409,628,457,equation
2(cid:16),633,408,648,455,equation
2,660,421,669,434,equation
+,678,413,690,425,equation
Ip,694,413,708,426,equation
(cid:17),781,408,791,455,equation
(13),891,410,918,425,equation
∞,600,432,613,448,equation
×,570,442,582,464,equation
(cid:34),586,445,596,492,equation
p2,649,442,664,456,equation
−,745,442,757,464,equation
−,826,442,838,464,equation
δ,630,452,637,464,equation
+,671,452,683,464,equation
I,687,452,694,464,equation
+,706,452,718,464,equation
U,722,452,733,464,equation
nω,761,452,781,464,equation
J2,804,449,821,464,equation
J,842,452,851,464,equation
ξ,860,452,867,464,equation
sin,870,452,890,464,equation
ϕ,893,452,904,464,equation
FIG∈.,88,456,115,483,paragraph
4.,120,456,131,470,paragraph
RPC,140,456,168,470,paragraph
(a),173,456,189,470,paragraph
and,194,456,215,470,paragraph
PP,220,456,236,470,paragraph
(b),241,456,259,470,paragraph
calculated,264,456,323,470,paragraph
from,328,456,357,470,paragraph
PES,362,456,387,470,paragraph
for,392,456,409,470,paragraph
20,414,456,429,470,paragraph
values,434,456,471,470,paragraph
of,476,456,488,470,paragraph
−∞,604,463,627,478,equation
2,653,460,661,473,equation
p,694,456,701,465,equation
p,733,456,740,465,equation
n,813,458,821,466,equation
n,851,456,859,465,equation
ϕ,88,471,98,483,paragraph
"[0,",116,471,132,483,paragraph
2π),134,471,157,483,paragraph
and,161,469,182,483,paragraph
the,185,469,203,483,paragraph
parameters,207,469,271,483,paragraph
of,275,469,287,483,paragraph
Fig.,291,469,314,483,paragraph
3.,318,469,329,483,paragraph
n=,586,469,604,478,equation
×,570,486,582,508,equation
−,657,486,669,508,equation
(cid:35)(cid:41),708,487,731,534,equation
u,735,487,745,499,equation
−,791,486,804,508,equation
4v(J,596,495,628,508,equation
−,636,494,646,509,equation
J,673,495,682,508,equation
),707,495,714,508,equation
+,717,495,730,508,equation
(J,747,495,762,508,equation
−,770,494,780,509,equation
J,808,495,817,508,equation
),842,495,848,508,equation
n,628,500,636,509,equation
1,646,500,652,509,equation
n+1,682,500,706,509,equation
2,736,504,744,517,equation
n,762,500,770,509,equation
2,780,500,787,509,equation
n+2,817,500,841,509,equation
4v,588,530,604,542,equation
−,651,529,664,551,equation
(cid:18),163,535,175,582,equation
(cid:19),268,535,280,582,equation
+,570,538,582,551,equation
(J,607,538,622,551,equation
−,630,537,640,552,equation
J,667,538,676,551,equation
),702,538,708,551,equation
.,731,538,735,551,equation
(14),891,536,918,551,equation
3,592,547,600,559,equation
n,622,543,630,552,equation
3,640,543,647,552,equation
n+3,676,543,701,552,equation
∼,714,568,727,589,paragraph
"Sp,Ip(t)",91,582,143,597,equation
=,147,582,160,595,equation
p22,177,572,191,603,equation
+,198,582,210,595,equation
Ip,214,582,228,596,equation
+,233,582,245,595,equation
Up,249,582,267,596,equation
t,283,582,289,595,equation
(cid:2),388,578,395,625,equation
(8(cid:3)),469,578,488,625,equation
thWeegecnaenraelliizmedinBateesstheleftuenrcmtisons,517,575,728,604,paragraph
2JnnJ±3,732,575,769,604,paragraph
=usiun(gJth−e,773,575,837,605,paragraph
p+roJperty),843,575,902,604,paragraph
o+f,904,575,918,604,paragraph
−,579,597,591,618,paragraph
n,759,596,767,605,paragraph
n,815,596,823,605,paragraph
1,833,596,840,605,paragraph
n+1,870,596,894,605,paragraph
−,164,609,176,630,equation
A0pz(cid:20)sin,182,603,242,650,equation
(ωt,244,618,267,630,equation
+,271,618,284,630,equation
π/2),287,618,320,630,equation
+,323,618,336,630,equation
A20,342,608,360,624,equation
sin,366,618,386,630,equation
2(ωt,395,618,426,630,equation
+,430,618,443,630,equation
π/2),446,618,479,630,equation
2v(Jn−2,517,604,574,620,paragraph
"Jn+2),",595,603,640,620,paragraph
wh(cid:18)ich,644,603,684,656,equation
yields(cid:19),688,603,736,656,equation
(cid:88),755,615,778,662,equation
(cid:16),798,613,807,660,equation
ω,194,626,204,639,equation
8ω,342,626,360,639,equation
−,164,640,176,662,equation
Aω0ξ,182,641,208,671,equation
p2z,222,641,236,671,equation
cos(2ωt,242,650,295,662,equation
+,299,650,311,662,equation
ϕ),315,650,332,662,equation
+,335,650,348,662,equation
(cid:21)A60,351,638,372,685,equation
sin(3ωt,378,650,429,662,equation
+,432,650,445,662,equation
ϕ),449,650,466,662,equation
Γp,546,656,563,670,equation
=2π|ψ0(p)|2,568,647,654,670,equation
(cid:17)(cid:34)p22,660,646,686,704,equation
+,693,656,705,669,equation
Ip,709,656,723,670,equation
2,736,644,742,652,equation
∞−∞,760,637,787,683,equation
δ,790,656,797,669,equation
p(cid:35)22,809,646,824,696,equation
+,831,656,843,669,equation
Ip,847,656,861,670,equation
(15),891,654,918,669,equation
−,229,676,241,697,equation
A,247,676,259,689,equation
O,379,676,392,697,equation
n=,746,674,764,683,equation
0,259,681,266,690,equation
sin(ωt,271,685,314,697,equation
+,318,685,330,697,equation
ϕ),334,685,351,697,equation
+,363,685,376,697,equation
(ξ2),393,683,421,697,equation
2,253,694,261,706,equation
−,624,691,636,713,equation
+,585,700,597,713,equation
U,601,700,612,713,equation
nω,640,700,660,713,equation
J2,680,698,697,713,equation
+,701,700,714,713,equation
Ξ,717,700,728,713,equation
"(u,",737,700,757,713,equation
v),760,700,775,713,equation
sin,777,700,797,713,equation
ϕ,800,700,811,713,equation
p,612,705,619,714,equation
n,689,706,697,715,equation
n,728,705,736,714,equation
is,92,737,103,752,paragraph
obtained.,108,737,168,752,paragraph
"Here,",175,737,210,752,paragraph
U,215,739,226,751,paragraph
=,240,739,253,751,paragraph
A2/4,258,737,294,751,paragraph
is,299,737,309,752,paragraph
the,314,737,334,752,paragraph
ponderomotive,339,737,437,752,paragraph
energy.,441,737,488,752,paragraph
where,522,736,561,752,paragraph
(cid:34),678,739,687,786,equation
p,226,744,234,753,paragraph
0,270,745,277,754,paragraph
With,88,751,120,766,paragraph
the,124,751,144,766,paragraph
help,148,751,176,766,paragraph
of,180,751,193,766,paragraph
the,197,751,217,766,paragraph
generalized,221,751,296,766,paragraph
Bessel,300,751,343,766,paragraph
functions,347,751,408,766,paragraph
J,412,753,421,766,paragraph
"(u,",430,753,450,766,paragraph
"v),",452,751,471,766,paragraph
n,421,758,429,767,paragraph
(cid:88),298,768,322,815,paragraph
−,624,781,636,802,equation
4ξJ,642,781,667,794,equation
−,791,781,803,802,equation
(cid:35),876,782,885,829,equation
∞,304,790,317,805,paragraph
Ξ,545,790,556,802,equation
"(u,",565,790,585,802,equation
v),588,790,603,802,equation
=,607,790,620,802,equation
n,667,786,675,795,equation
(4v,687,790,710,802,equation
+,714,790,726,802,equation
n)(J,730,790,762,802,equation
−,770,788,780,804,equation
J,807,790,816,802,equation
),841,790,848,802,equation
(16),891,788,918,803,equation
n,556,795,564,804,equation
3,655,799,663,811,equation
n,762,795,770,804,equation
1,780,795,786,804,equation
n+1,816,795,840,804,equation
ei[usinφ+v,155,807,222,822,paragraph
sin(2φ)],225,807,269,816,paragraph
=,274,809,287,822,paragraph
einφJ,333,807,370,822,paragraph
"(u,",379,809,399,822,paragraph
"v),",402,809,421,822,paragraph
(9),469,807,488,822,paragraph
n,370,814,378,823,paragraph
n=−∞,289,820,331,835,paragraph
−,624,823,636,845,equation
−,745,823,758,845,equation
u,763,824,773,837,equation
−,819,823,832,845,equation
−,242,832,255,854,paragraph
−,293,832,306,854,paragraph
(J,640,833,655,845,equation
−,663,831,673,846,equation
+,684,833,697,845,equation
J,701,833,710,845,equation
),735,833,741,845,equation
(J,775,833,790,845,equation
−,798,831,808,846,equation
J,835,833,844,845,equation
),870,833,876,845,equation
.,885,833,890,845,equation
J,201,841,210,854,paragraph
"(u,",219,841,239,854,paragraph
v),255,841,270,854,paragraph
=(,274,841,293,854,paragraph
1)nJ−,306,839,348,855,paragraph
"(u,",357,841,377,854,paragraph
"v),",380,841,399,854,paragraph
(10),461,839,488,854,paragraph
n,655,838,663,846,equation
1,673,838,680,846,equation
n+1,710,838,734,846,equation
8,764,841,772,854,equation
n,790,838,798,846,equation
2,808,838,815,846,equation
n+2,844,838,869,846,equation
n,210,846,218,855,paragraph
n,348,846,356,855,paragraph
For,523,869,546,884,paragraph
ξ,552,871,559,884,paragraph
=,568,871,580,884,paragraph
"0,",588,869,600,884,paragraph
the,607,869,627,884,paragraph
known,633,869,677,884,paragraph
result,682,869,719,884,paragraph
[32],725,869,752,884,paragraph
for,758,869,777,884,paragraph
the,783,869,802,884,paragraph
PES,808,869,836,884,paragraph
without,842,869,892,884,paragraph
the,898,869,918,884,paragraph
we,88,884,107,899,paragraph
can,112,884,135,899,paragraph
evaluate,141,884,194,899,paragraph
the,200,884,220,899,paragraph
matrix,225,884,268,899,paragraph
element,273,884,325,899,paragraph
"(6),",331,884,354,899,paragraph
neglecting,360,884,427,899,paragraph
terms,433,884,469,899,paragraph
of,475,884,488,899,paragraph
2ω,517,886,536,899,paragraph
component,541,884,613,899,paragraph
is,617,884,628,899,paragraph
obtained.,632,884,692,899,paragraph
The,698,884,723,899,paragraph
rate,727,884,751,899,paragraph
(15),756,884,783,899,paragraph
has,787,884,809,899,paragraph
indeed,813,884,856,899,paragraph
the,860,884,880,899,paragraph
same,885,884,918,899,paragraph
O,126,891,139,913,paragraph
order,88,898,122,913,paragraph
"(ξ2),",140,898,171,913,paragraph
as,176,898,189,913,paragraph
structure,517,898,574,913,paragraph
as,579,898,592,913,paragraph
the,596,898,616,913,paragraph
assumed,620,898,676,913,paragraph
yield,680,898,713,913,paragraph
in,717,898,730,913,paragraph
"(2),",734,898,757,913,paragraph
that,761,898,785,913,paragraph
is,789,898,800,913,paragraph
##LTFigure##,128,65,448,442,figure
##LTLine##,177,589,192,589,equation
##LTLine##,182,625,217,625,equation
##LTLine##,342,625,361,625,equation
##LTLine##,182,657,209,657,equation
##LTLine##,222,657,237,657,equation
##LTLine##,354,657,373,657,equation
##LTLine##,247,692,266,692,equation
##LTLine##,678,108,694,108,equation
##LTLine##,697,147,712,147,equation
##LTLine##,622,187,654,187,equation
##LTLine##,820,187,839,187,equation
##LTLine##,776,226,795,226,equation
##LTLine##,721,312,756,312,equation
##LTLine##,826,312,845,312,equation
##LTLine##,657,420,672,420,equation
##LTLine##,649,459,665,459,equation
##LTLine##,735,502,745,502,equation
##LTLine##,588,545,605,545,equation
##LTLine##,672,663,687,663,equation
##LTLine##,809,663,825,663,equation
##LTLine##,642,797,676,797,equation
##LTLine##,763,840,773,840,equation
