token,x0,y0,x1,y1,label
5.,69,99,79,110,reference
L.Glass,88,99,129,110,reference
and,134,99,153,110,reference
M.,158,99,174,110,reference
C.,179,99,191,110,reference
"Mackey,",196,99,241,110,reference
From,247,99,276,110,reference
clocks,281,99,315,110,reference
to,320,99,330,110,reference
chaos:,335,99,370,110,reference
the,377,99,393,110,reference
rhythms,398,99,442,110,reference
of,447,99,458,110,reference
"life,",463,99,485,110,reference
"Princeton,",88,110,143,121,reference
NJ:,146,110,164,121,reference
Princeton,168,110,219,121,reference
University,223,110,279,121,reference
"Press,",282,110,314,121,reference
1988.,317,110,347,121,reference
6.,69,121,79,132,reference
J.P.,88,121,106,132,reference
"Huke,",109,121,141,132,reference
Manchester,145,121,207,132,reference
Inst.,210,121,234,132,reference
of,237,121,248,132,reference
Math.,252,121,283,132,reference
Sci.,287,121,307,132,reference
"26,",311,121,327,132,reference
(2006).,331,121,370,132,reference
−,392,126,400,143,reference
7.,69,132,79,144,reference
A.M.,88,132,116,144,reference
"Fraser,",119,132,156,144,reference
H.L.,159,132,184,144,reference
"Swinney,Phys.",187,132,265,144,reference
Rev.,269,132,293,144,reference
A,296,132,306,144,reference
33,309,132,322,144,reference
(1986),326,132,361,144,reference
1134,365,132,392,144,reference
1140.,400,132,430,144,reference
−,393,137,401,154,reference
8.,69,144,79,155,reference
W.,88,144,103,155,reference
"Liebert,",106,144,148,155,reference
H.,151,144,164,155,reference
G.,168,144,181,155,reference
"Schuster,",184,144,233,155,reference
Phys.,236,144,266,155,reference
Lett.,269,144,294,155,reference
A,297,144,307,155,reference
142,310,144,330,155,reference
(1989),334,144,369,155,reference
107,373,144,393,155,reference
111.,401,144,425,155,reference
9.,69,155,79,166,reference
M.,88,155,103,166,reference
B.,108,155,120,166,reference
"Kennel,",125,155,167,166,reference
R.,172,155,185,166,reference
Brown,190,155,226,166,reference
",",231,155,234,166,reference
H.,240,155,253,166,reference
D.,258,155,271,166,reference
I.,276,155,283,166,reference
"Abarbanel,",288,155,347,166,reference
Phys.,353,155,382,166,reference
Rev.,387,155,411,166,reference
A,416,155,426,166,reference
45,431,155,444,166,reference
(1992),449,155,485,166,reference
−,115,160,123,177,reference
3403,88,166,115,178,reference
3411.,123,166,153,178,reference
10.,63,177,79,189,reference
W.,88,177,103,189,reference
"Liebert,",109,177,151,189,reference
K.,159,177,172,189,reference
"Pawelzik,",178,177,230,189,reference
H.,238,177,251,189,reference
G.,258,177,271,189,reference
"Schuster,",277,177,326,189,reference
Eur.,334,177,356,189,reference
phys.,362,177,391,189,reference
Lett.,397,177,422,189,reference
14,429,177,442,189,reference
(1991),449,177,485,189,reference
−,108,182,116,199,reference
521,88,189,108,200,reference
526.,116,189,140,200,reference
−,339,193,347,211,reference
11.,63,200,79,211,reference
H.,88,200,101,211,reference
"Pi,",104,200,119,211,reference
C.,122,200,134,211,reference
"Peterson,",138,200,187,211,reference
Neural,191,200,227,211,reference
Comp.,230,200,266,211,reference
6,270,200,276,211,reference
(1994),280,200,316,211,reference
509,319,200,339,211,reference
520.,347,200,371,211,reference
12.,63,211,79,223,reference
J.P.,88,211,106,223,reference
"Eckmann,",113,211,167,223,reference
S.O.,174,211,198,223,reference
"Kamphorst,",205,211,268,223,reference
D.,276,211,289,223,reference
"Ruelle,",296,211,334,223,reference
Europhys.,342,211,397,223,reference
Lett.,403,211,428,223,reference
5,435,211,442,223,reference
(1987),449,211,485,223,reference
−,108,216,116,233,reference
973,88,222,108,234,reference
977.,116,222,140,234,reference
13.,63,234,79,245,reference
N.,88,234,101,245,reference
"Marwan,",104,234,152,245,reference
M.C.,156,234,183,245,reference
"Romano,",187,234,235,245,reference
M.,239,234,254,245,reference
"Thiel,",257,234,289,245,reference
J.,293,234,301,245,reference
"Kurths,",304,234,344,245,reference
Phys.,348,234,377,245,reference
Reports,380,234,422,245,reference
438,425,234,446,245,reference
(2007),449,234,485,245,reference
−,108,238,116,256,reference
237,88,245,108,256,reference
329.,116,245,140,256,reference
−,306,250,315,267,reference
14.,63,256,79,268,reference
M.C.,88,256,115,268,reference
"Casdagli,",119,256,169,268,reference
Physica,172,256,214,268,reference
D,217,256,227,268,reference
108,230,256,250,268,reference
(1997),254,256,289,268,reference
12,293,256,306,268,reference
44.,315,256,331,268,reference
−,384,261,392,278,reference
15.,63,267,79,279,reference
H.,88,267,101,279,reference
"Castellini,",104,267,159,279,reference
L.,162,267,174,279,reference
"Romanelli,",177,267,236,279,reference
Physica,240,267,281,279,reference
"A,",285,267,298,279,reference
342,301,267,321,279,reference
(2004),324,267,360,279,reference
301,363,267,384,279,reference
307.,392,267,416,279,reference
16.,63,279,79,290,reference
Y.,88,279,99,290,reference
"Zou,",104,279,129,290,reference
D.,134,279,147,290,reference
"Pazo´,",152,279,181,290,reference
M.,186,279,201,290,reference
C.,206,279,219,290,reference
"Romano,",223,279,272,290,reference
M.,277,279,293,290,reference
"Thiel,",297,279,329,290,reference
J.,334,279,343,290,reference
"Kurths,",347,279,387,290,reference
Phys.,392,279,422,290,reference
Rev.,426,279,450,290,reference
E,455,279,463,290,reference
"76,",468,279,485,290,reference
(2007),88,290,124,301,reference
016210.,127,290,170,301,reference
17.,63,301,79,313,reference
D.,88,301,101,313,reference
"Eroglu,",104,301,144,313,reference
T.,148,301,159,313,reference
K.,162,301,175,313,reference
DM.,179,301,204,313,reference
"Peron,",207,301,242,313,reference
N.,246,301,259,313,reference
"Marwan,",262,301,310,313,reference
F.,314,301,324,313,reference
A.,327,301,340,313,reference
"Rodrigues,",344,301,402,313,reference
L.,406,301,418,313,reference
da,421,301,434,313,reference
F.,437,301,447,313,reference
"Costa,",451,301,485,313,reference
M.,88,312,103,324,reference
"Sebek,",106,312,143,324,reference
I.,146,312,154,324,reference
Z.,157,312,169,324,reference
"Kiss,",172,312,199,324,reference
J.,202,312,211,324,reference
"Kurths,",214,312,254,324,reference
Phys.,257,312,287,324,reference
Rev.,290,312,314,324,reference
E,317,312,325,324,reference
90,329,312,342,324,reference
(2014),345,312,381,324,reference
042919.,384,312,428,324,reference
18.,63,324,79,335,reference
M.,88,324,103,335,reference
A.,108,324,121,335,reference
"Little,",127,324,159,335,reference
P.,165,324,174,335,reference
E.,179,324,191,335,reference
"McSharry,",196,324,252,335,reference
S.,258,324,269,335,reference
J.,274,324,283,335,reference
"Roberts,D.",288,324,346,335,reference
AE.,351,324,372,335,reference
"Costello,",378,324,426,335,reference
I.,431,324,439,335,reference
M,444,324,456,335,reference
Mo-,462,324,485,335,reference
"roz,BioMed.",88,335,156,346,reference
Engg.,159,335,191,346,reference
OnLine,194,335,235,346,reference
6,238,335,245,346,reference
(2007).,248,335,287,346,reference
19.,63,346,79,358,reference
C.,88,346,100,358,reference
"Bandt,",103,346,139,358,reference
B.,142,346,154,358,reference
"Pompe,",158,346,198,358,reference
Phys.,202,346,231,358,reference
Rev.,234,346,258,358,reference
Lett.,261,346,286,358,reference
88,290,346,303,358,reference
(2002)174102.,306,346,386,358,reference
−,397,351,405,368,reference
20.,63,357,79,369,reference
P.W.,88,357,112,369,reference
Lamberti,115,357,164,369,reference
and,168,357,187,369,reference
A.P.,190,357,213,369,reference
"Majtey,",216,357,256,369,reference
Physica,260,357,301,369,reference
A,305,357,314,369,reference
"329,",318,357,341,369,reference
(2003),344,357,380,369,reference
81,383,357,397,369,reference
90.,405,357,422,369,reference
21.,63,369,79,380,reference
J.,88,369,96,380,reference
"Li,",100,369,115,380,reference
J.,118,369,127,380,reference
"Hu,",130,369,150,380,reference
Y.,153,369,165,380,reference
"Zhang,",168,369,206,380,reference
X.,209,369,222,380,reference
"Zhang,",225,369,263,380,reference
Physica,266,369,308,380,reference
A,311,369,321,380,reference
390,324,369,344,380,reference
(2011),348,369,383,380,reference
2381-2387.,387,369,448,380,reference
22.,63,380,79,391,reference
E.,88,380,99,391,reference
"Conte,",104,380,139,391,reference
A.,144,380,157,391,reference
"Federici,",161,380,208,391,reference
J.,213,380,221,391,reference
P.,226,380,235,391,reference
"Zbilut,",239,380,275,391,reference
"Chaos,",280,380,317,391,reference
Solitons,321,380,365,391,reference
&,370,380,380,391,reference
Fractals,384,380,427,391,reference
22,431,380,445,391,reference
(2004),449,380,485,391,reference
−,108,385,116,402,reference
277,88,391,108,403,reference
284.,116,391,140,403,reference
23.,63,402,79,414,reference
T.,88,402,98,414,reference
"Harayama,",101,402,160,414,reference
S.,163,402,173,414,reference
"Sunada,",176,402,219,414,reference
K.,222,402,235,414,reference
"Yoshimura,",238,402,299,414,reference
J.,302,402,311,414,reference
"Muramatsu,",314,402,378,414,reference
K.,381,402,394,414,reference
"Arai,",397,402,424,414,reference
A.,427,402,440,414,reference
"Uchida,",443,402,485,414,reference
P.,88,414,97,425,reference
"Davis,",100,414,135,425,reference
Phys.,138,414,168,425,reference
Rev.,171,414,195,425,reference
E,198,414,206,425,reference
85,209,414,223,425,reference
(2012),226,414,262,425,reference
046215.,265,414,309,425,reference
−,446,419,455,436,reference
24.,63,425,79,436,reference
S.,88,425,99,436,reference
"Banerjee,",101,425,152,436,reference
M.,155,425,170,436,reference
"Banerjee,",173,425,224,436,reference
Optics,226,425,261,436,reference
Communications,264,425,356,436,reference
285,358,425,378,436,reference
(2012),381,425,417,436,reference
2402,419,425,446,436,reference
2409.,455,425,485,436,reference
25.,63,436,79,448,reference
P.,88,436,97,448,reference
"Saha,",103,436,132,448,reference
S.,138,436,149,448,reference
"Banerjee,",155,436,206,448,reference
A.R.,212,436,237,448,reference
"Chowdhury,",243,436,308,448,reference
"Chaos,",315,436,351,448,reference
Solitons,358,436,402,448,reference
&,407,436,418,448,reference
Fractals,423,436,466,448,reference
14,471,436,485,448,reference
−,154,441,162,458,reference
(2002),88,447,124,459,reference
1083,127,447,154,459,reference
1093.,162,447,192,459,reference
26.,63,459,79,470,reference
D.,88,459,101,470,reference
S.,104,459,115,470,reference
"Goldobin,",118,459,172,470,reference
Eur.Phys.J.Special,176,459,275,470,reference
Topics,278,459,314,470,reference
223,317,459,337,470,reference
(2014),340,459,376,470,reference
1699-1709.,380,459,441,470,reference
27.,63,470,79,481,reference
F.,88,470,98,481,reference
O.,101,470,114,481,reference
"Souza,",118,470,154,481,reference
R.,158,470,170,481,reference
M.,174,470,189,481,reference
"Palhares,",193,470,242,481,reference
E.,245,470,257,481,reference
M.,261,470,276,481,reference
A.,280,470,293,481,reference
M.,296,470,312,481,reference
"Mendes,",315,470,361,481,reference
L.,365,470,377,481,reference
A.,380,470,393,481,reference
B.,397,470,409,481,reference
"Torres,",413,470,450,481,reference
Int.,454,470,472,481,reference
J.,476,470,485,481,reference
Bifurcation,88,481,149,493,reference
Chaos,152,481,186,493,reference
22,189,481,202,493,reference
(2012),206,481,241,493,reference
1250300.,245,481,295,493,reference
28.,63,492,79,504,reference
www.physionet.org,88,492,192,504,reference
29.,63,504,79,515,reference
M.,88,504,103,515,reference
"Costa,",106,504,140,515,reference
A.,142,504,155,515,reference
L.,158,504,169,515,reference
"Goldberger,",172,504,236,515,reference
C.-K.,238,504,268,515,reference
"Peng,",271,504,301,515,reference
Phys.,304,504,333,515,reference
Rev.,336,504,359,515,reference
Lett.,362,504,387,515,reference
89,389,504,403,515,reference
(2002)068102.,405,504,485,515,reference
30.,63,515,79,526,reference
M.,88,515,103,526,reference
"Costa,",106,515,140,526,reference
A.,142,515,155,526,reference
L.,158,515,169,526,reference
"Goldberger,",172,515,236,526,reference
C.-K.,238,515,268,526,reference
"Peng,",271,515,301,526,reference
Phys.,304,515,333,526,reference
Rev.,336,515,359,526,reference
Lett.,362,515,387,526,reference
71,389,515,403,526,reference
(2005)021906.,405,515,485,526,reference
10,491,914,508,928,paragraph
