token,x0,y0,x1,y1,label
culate,117,91,164,109,paragraph
free,169,91,199,109,paragraph
energies,204,91,269,109,paragraph
at,274,91,288,109,paragraph
arbitrary,293,91,361,109,paragraph
temperatures.,366,91,471,109,paragraph
The,478,91,508,109,paragraph
vibrational,513,91,598,109,paragraph
free,603,91,634,109,paragraph
energy,639,91,691,109,paragraph
differences,696,91,783,109,paragraph
between,788,91,853,109,paragraph
the,858,91,882,109,paragraph
structures,117,127,193,145,paragraph
were,198,127,236,145,paragraph
converged,240,127,320,145,paragraph
to,325,127,340,145,paragraph
better,344,127,389,145,paragraph
than,393,127,427,145,paragraph
1,431,127,441,145,paragraph
meV,446,127,484,145,paragraph
per,488,127,513,145,paragraph
atom.,518,127,562,145,paragraph
Our,567,127,598,145,paragraph
approach,602,127,674,145,paragraph
does,678,127,714,145,paragraph
not,719,127,744,145,paragraph
describe,748,127,813,145,paragraph
possible,818,127,882,145,paragraph
melting.,117,164,182,182,paragraph
1.,127,229,142,247,reference
"Mao,",151,229,192,247,reference
H.-k.,196,229,237,247,reference
&,241,229,256,247,reference
"Hemley,",261,229,326,247,reference
R.,331,229,349,247,reference
J.,353,229,366,247,reference
Ultrahigh-pressure,372,229,519,247,reference
transitions,523,229,605,247,reference
in,609,229,625,247,reference
solid,629,229,667,247,reference
hydrogen.,672,229,750,247,reference
Rev.,757,229,789,247,reference
Mod.,794,229,834,247,reference
Phys.,839,229,882,247,reference
"66,",151,264,176,284,reference
671–692,180,265,249,284,reference
(1994).,254,265,311,284,reference
2.,127,314,142,333,reference
"McMahon,",151,314,237,333,reference
J.,242,314,254,333,reference
"M.,",259,314,286,333,reference
"Morales,",290,314,359,333,reference
M.,364,314,386,333,reference
"A.,",390,314,414,333,reference
"Pierleoni,",419,314,494,333,reference
C.,499,314,516,333,reference
&,521,314,536,333,reference
"Ceperley,",540,314,614,333,reference
D.,619,314,638,333,reference
M.,642,314,664,333,reference
The,670,314,701,333,reference
properties,705,314,783,333,reference
of,788,314,804,333,reference
hydrogen,808,314,882,333,reference
and,151,351,179,369,reference
helium,184,351,238,369,reference
under,243,351,288,369,reference
extreme,293,351,355,369,reference
conditions.,360,351,447,369,reference
Rev.,454,351,486,369,reference
Mod.,491,351,532,369,reference
Phys.,536,351,579,369,reference
"84,",584,349,609,369,reference
1607–1653,613,351,701,369,reference
(2012).,706,351,763,369,reference
3.,127,400,142,418,reference
"Deemyad,",151,400,231,418,reference
S.,236,400,251,418,reference
&,256,400,272,418,reference
"Silvera,",276,400,336,418,reference
I.,341,400,353,418,reference
F.,358,400,372,418,reference
Melting,379,400,441,418,reference
line,445,400,475,418,reference
of,480,400,496,418,reference
hydrogen,501,400,574,418,reference
at,579,400,593,418,reference
high,598,400,633,418,reference
pressures.,638,400,715,418,reference
Phys.,722,400,765,418,reference
Rev.,770,400,803,418,reference
Lett.,808,400,843,418,reference
"100,",848,398,882,418,reference
155701,151,437,210,455,reference
(2008).,215,437,272,455,reference
4.,127,486,142,504,reference
"Bonev,",151,486,205,504,reference
S.,212,486,228,504,reference
"A.,",235,486,258,504,reference
"Schwegler,",265,486,352,504,reference
"E.,",359,486,380,504,reference
"Ogitsu,",388,486,444,504,reference
T.,452,486,467,504,reference
&,473,486,489,504,reference
"Galli,",495,486,539,504,reference
G.,546,486,565,504,reference
A,578,486,592,504,reference
quantum,598,486,667,504,reference
ﬂuid,673,486,709,504,reference
of,716,486,732,504,reference
metallic,739,486,802,504,reference
hydrogen,808,486,882,504,reference
suggested,151,522,228,540,reference
by,233,522,253,540,reference
ﬁrst-principles,257,522,371,540,reference
calculations.,376,522,475,540,reference
Nature,482,522,535,540,reference
"431,",540,520,574,540,reference
669–672,579,522,647,540,reference
(2004).,652,522,709,540,reference
5.,127,571,142,589,reference
"Chen,",151,571,197,589,reference
J.,212,571,225,589,reference
et,238,571,252,589,reference
al.,265,571,285,589,reference
Quantum,317,571,390,589,reference
simulation,403,571,485,589,reference
of,498,571,515,589,reference
low-temperature,527,571,656,589,reference
metallic,669,571,732,589,reference
liquid,745,571,790,589,reference
hydrogen.,803,571,882,589,reference
Nat.,151,607,184,625,reference
Communications,193,607,326,625,reference
4,335,606,345,626,reference
(2013).,354,608,411,626,reference
Supplementary,432,608,550,626,reference
information,560,608,652,626,reference
available,661,608,731,626,reference
for,740,608,763,626,reference
this,772,608,800,626,reference
article,810,608,858,626,reference
at,868,608,882,626,reference
http://www.nature.com/ncomms/2013/130628/ncomms3064/suppinfo/ncomms3064,151,644,806,662,reference
S1.html.,813,644,880,662,reference
6.,127,693,142,711,reference
"Babaev,",151,693,213,711,reference
"E.,",219,693,240,711,reference
"Sudbø,",246,693,301,711,reference
A.,307,693,326,711,reference
&,331,693,347,711,reference
"Ashcroft,",352,693,425,711,reference
N.,431,693,450,711,reference
W.,456,693,477,711,reference
A,487,693,501,711,reference
superconductor,506,693,627,711,reference
to,633,693,648,711,reference
superﬂuid,653,693,732,711,reference
phase,737,693,782,711,reference
transition,787,693,861,711,reference
in,867,693,882,711,reference
liquid,151,730,197,748,reference
metallic,202,730,265,748,reference
hydrogen.,269,730,348,748,reference
Nature,355,729,409,747,reference
"431,",413,728,448,748,reference
666–668,453,730,521,748,reference
(2004).,526,730,583,748,reference
7.,127,779,142,797,reference
"Babaev,",151,779,213,797,reference
"E.,",218,779,240,797,reference
"Sudbø,",246,779,301,797,reference
A.,306,779,325,797,reference
&,331,779,346,797,reference
"Ashcroft,",351,779,424,797,reference
N.,430,779,449,797,reference
W.,454,779,476,797,reference
Observability,485,779,591,797,reference
of,596,779,612,797,reference
a,618,779,627,797,reference
projected,632,779,705,797,reference
new,710,779,742,797,reference
state,748,779,783,797,reference
of,789,779,805,797,reference
matter:,811,779,866,797,reference
a,873,779,882,797,reference
metallic,151,815,214,833,reference
superﬂuid.,219,815,302,833,reference
Phys.,309,815,352,833,reference
Rev.,357,815,389,833,reference
Lett.,394,815,429,833,reference
"95,",434,814,459,833,reference
105301,464,815,522,833,reference
(2005).,527,815,584,833,reference
16,490,894,509,912,paragraph
##LTLine##,808,659,813,659,reference
