token,x0,y0,x1,y1,label
Probability,176,146,346,177,title
in,356,146,387,177,title
two,397,146,455,177,title
deterministic,465,146,667,177,title
universes,678,146,823,177,title
Mateus,420,204,499,225,author
Araújo,506,204,580,225,author
Institute,237,231,296,246,paragraph
for,301,231,319,246,paragraph
Theoretical,324,231,398,246,paragraph
"Physics,",403,231,459,246,paragraph
University,463,231,537,246,paragraph
of,541,231,553,246,paragraph
"Cologne,",558,231,617,246,paragraph
Zülpicher,622,231,688,246,paragraph
Straße,693,231,737,246,paragraph
"77,",741,231,762,246,paragraph
50937,413,253,455,268,paragraph
"Cologne,",459,253,519,268,paragraph
Germany,523,253,586,268,paragraph
30,422,278,446,298,date
2020,529,278,578,298,date
th,446,282,468,303,date
May,475,282,522,303,date
How,214,341,254,357,abstract
can,261,341,289,357,abstract
probabilities,295,341,397,357,abstract
make,403,341,448,357,abstract
sense,454,341,498,357,abstract
in,505,341,521,357,abstract
a,528,341,537,357,abstract
deterministic,544,341,651,357,abstract
many-worlds,657,341,766,357,abstract
the-,773,341,804,357,abstract
ory?,195,358,231,374,abstract
We,242,358,268,374,abstract
address,274,358,337,374,abstract
two,344,358,375,374,abstract
facets,381,358,427,374,abstract
of,434,358,450,374,abstract
this,457,358,487,374,abstract
problem:,494,358,567,374,abstract
why,576,358,612,374,abstract
should,619,358,675,374,abstract
rational,682,358,745,374,abstract
agents,751,358,804,374,abstract
assign,195,375,246,391,abstract
subjective,250,375,330,391,abstract
probabilities,334,375,436,391,abstract
to,440,375,456,391,abstract
branching,460,375,542,391,abstract
"events,",546,375,602,391,abstract
and,606,375,638,391,abstract
why,642,375,678,391,abstract
should,682,375,738,391,abstract
branch-,742,375,804,391,abstract
ing,195,392,222,408,abstract
events,227,392,278,408,abstract
happen,284,392,345,408,abstract
with,351,392,388,408,abstract
relative,394,392,454,408,abstract
frequencies,459,392,552,408,abstract
matching,558,392,634,408,abstract
their,640,392,678,408,abstract
objective,683,392,754,408,abstract
prob-,760,392,804,408,abstract
abilities.,195,409,263,425,abstract
To,214,426,233,442,abstract
address,238,426,301,442,abstract
the,306,426,331,442,abstract
ﬁrst,336,426,368,442,abstract
"question,",373,426,447,442,abstract
we,452,426,475,442,abstract
generalise,480,426,562,442,abstract
the,566,426,592,442,abstract
Deutsch-Wallace,597,426,732,442,abstract
theorem,736,426,804,442,abstract
to,195,443,211,459,abstract
a,217,443,226,459,abstract
wide,231,443,272,459,abstract
class,277,443,315,459,abstract
of,320,443,336,459,abstract
many-world,342,443,442,459,abstract
"theories,",448,443,517,459,abstract
and,522,443,553,459,abstract
show,558,443,602,459,abstract
that,607,443,639,459,abstract
the,644,443,669,459,abstract
subjective,675,443,754,459,abstract
prob-,760,443,804,459,abstract
abilities,195,460,259,475,abstract
are,265,460,290,475,abstract
given,296,460,340,475,abstract
by,346,460,366,475,abstract
a,372,460,381,475,abstract
norm,387,460,431,475,abstract
that,437,460,469,475,abstract
depends,475,460,544,475,abstract
on,550,460,571,475,abstract
the,577,460,602,475,abstract
dynamics,608,460,687,475,abstract
of,693,460,709,475,abstract
the,715,460,740,475,abstract
theory:,746,460,804,475,abstract
the,195,476,221,492,abstract
2-norm,227,476,286,492,abstract
in,292,476,308,492,abstract
the,314,476,340,492,abstract
usual,346,476,390,492,abstract
Many-Worlds,396,476,508,492,abstract
interpretation,514,476,626,492,abstract
of,632,476,648,492,abstract
quantum,654,476,728,492,abstract
mechan-,734,476,804,492,abstract
"ics,",195,493,221,509,abstract
and,230,493,261,509,abstract
the,269,493,294,509,abstract
1-norm,302,493,362,509,abstract
in,370,493,386,509,abstract
a,394,493,403,509,abstract
classical,411,493,478,509,abstract
many-worlds,486,493,594,509,abstract
theory,602,493,655,509,abstract
known,663,493,719,509,abstract
as,727,493,744,509,abstract
Kent’s,752,493,804,509,abstract
universe.,195,510,269,526,abstract
To,281,510,300,526,abstract
address,307,510,370,526,abstract
the,378,510,403,526,abstract
second,410,510,467,526,abstract
"question,",474,510,548,526,abstract
we,555,510,579,526,abstract
show,586,510,629,526,abstract
that,636,510,668,526,abstract
if,675,510,686,526,abstract
one,693,510,723,526,abstract
takes,730,510,772,526,abstract
the,779,510,804,526,abstract
objective,195,527,266,543,abstract
probability,273,527,363,543,abstract
of,370,527,386,543,abstract
an,393,527,412,543,abstract
event,419,527,463,543,abstract
to,470,527,486,543,abstract
be,492,527,511,543,abstract
the,518,527,543,543,abstract
proportion,550,527,639,543,abstract
of,645,527,662,543,abstract
worlds,668,527,724,543,abstract
in,731,527,747,543,abstract
which,754,527,804,543,abstract
this,195,544,225,560,abstract
event,231,544,275,560,abstract
is,280,544,293,560,abstract
"realised,",299,544,367,560,abstract
then,373,544,409,560,abstract
in,415,544,431,560,abstract
most,437,544,477,560,abstract
worlds,483,544,539,560,abstract
the,545,544,570,560,abstract
relative,576,544,636,560,abstract
frequencies,642,544,735,560,abstract
will,741,544,772,560,abstract
ap-,778,544,804,560,abstract
proximate,195,561,278,577,abstract
well,286,561,320,577,abstract
the,327,561,352,577,abstract
objective,360,561,431,577,abstract
probabilities.,438,561,544,577,abstract
This,557,561,592,577,abstract
suggests,599,561,668,577,abstract
that,676,561,708,577,abstract
the,715,561,740,577,abstract
task,748,561,781,577,abstract
of,788,561,804,577,abstract
determining,195,578,296,594,abstract
the,301,578,326,594,abstract
objective,331,578,402,594,abstract
probabilities,407,578,509,594,abstract
in,514,578,530,594,abstract
a,535,578,544,594,abstract
many-worlds,549,578,657,594,abstract
theory,662,578,715,594,abstract
reduces,720,578,783,594,abstract
to,788,578,804,594,abstract
the,195,595,221,611,abstract
task,226,595,259,611,abstract
of,265,595,281,611,abstract
determining,286,595,387,611,abstract
how,392,595,428,611,abstract
to,433,595,449,611,abstract
assign,454,595,505,611,abstract
a,510,595,520,611,abstract
measure,525,595,594,611,abstract
to,599,595,615,611,abstract
the,621,595,646,611,abstract
worlds.,651,595,712,611,abstract
We,168,624,193,640,paragraph
are,198,624,223,640,paragraph
used,228,624,267,640,paragraph
to,271,624,287,640,paragraph
think,292,624,335,640,paragraph
of,340,624,356,640,paragraph
a,360,624,370,640,paragraph
probabilistic,374,624,475,640,paragraph
situation,480,624,551,640,paragraph
as,556,624,573,640,paragraph
one,578,624,607,640,paragraph
where,612,624,662,640,paragraph
either,667,624,714,640,paragraph
an,719,624,738,640,paragraph
event,743,624,787,640,paragraph
E,792,623,803,640,paragraph
or,808,624,825,640,paragraph
an,830,624,850,640,paragraph
¬,200,632,212,656,paragraph
−,529,632,544,656,paragraph
event,150,641,193,657,paragraph
E,213,640,224,657,paragraph
"happens,",231,641,304,657,paragraph
with,311,641,348,657,paragraph
probabilities,354,641,456,657,paragraph
p,463,640,472,657,paragraph
and,479,641,510,657,paragraph
1,516,641,525,657,paragraph
p.,549,640,563,657,paragraph
In,572,641,589,657,paragraph
many-world,595,641,696,657,paragraph
"theories,",702,641,771,657,paragraph
"however,",778,641,850,657,paragraph
probabilistic,150,658,250,674,paragraph
situations,256,658,336,674,paragraph
are,342,658,367,674,paragraph
treated,373,658,430,674,paragraph
as,436,658,453,674,paragraph
deterministic,459,658,566,674,paragraph
branching,572,658,654,674,paragraph
"situations,",660,658,744,674,paragraph
where,750,658,801,674,paragraph
some,807,658,850,674,paragraph
worlds,150,675,206,691,paragraph
are,211,675,236,691,paragraph
created,242,675,301,691,paragraph
where,306,675,357,691,paragraph
event,363,675,406,691,paragraph
E,412,674,423,690,paragraph
"happens,",429,675,503,691,paragraph
and,508,675,539,691,paragraph
some,545,675,588,691,paragraph
worlds,593,675,649,691,paragraph
are,655,675,680,691,paragraph
created,685,675,745,691,paragraph
where,750,675,801,691,paragraph
event,806,675,850,691,paragraph
¬,150,683,163,707,paragraph
−,707,683,722,707,paragraph
E,163,691,174,707,paragraph
happens.,180,692,254,708,paragraph
Does,260,692,301,708,paragraph
it,307,692,318,708,paragraph
still,323,692,353,708,paragraph
make,358,692,403,708,paragraph
sense,408,692,452,708,paragraph
to,457,692,473,708,paragraph
assign,479,692,529,708,paragraph
probabilities,535,692,636,708,paragraph
p,643,691,652,707,paragraph
and,658,692,689,708,paragraph
1,694,692,703,708,paragraph
p,727,691,736,707,paragraph
to,742,692,758,708,paragraph
the,763,692,788,708,paragraph
worlds,794,692,850,708,paragraph
¬,303,700,315,723,paragraph
with,150,709,187,724,paragraph
events,192,709,244,724,paragraph
E,249,708,261,724,paragraph
and,266,709,297,724,paragraph
E?,316,708,336,724,paragraph
This,168,725,203,741,paragraph
question,208,725,278,741,paragraph
was,282,725,314,741,paragraph
already,319,725,380,741,paragraph
raised,385,725,434,741,paragraph
at,439,725,454,741,paragraph
the,459,725,484,741,paragraph
inception,489,725,565,741,paragraph
of,570,725,586,741,paragraph
the,591,725,616,741,paragraph
Many-Worlds,621,725,733,741,paragraph
interpretation,738,725,850,741,paragraph
by,150,742,169,758,paragraph
Everett,176,742,234,758,paragraph
in,241,742,257,758,paragraph
1957,264,739,301,755,paragraph
[1].,308,739,334,758,paragraph
Several,346,742,405,758,paragraph
early,412,742,452,758,paragraph
attempts,459,742,530,758,paragraph
were,537,742,577,758,paragraph
made,584,742,629,758,paragraph
to,636,742,652,758,paragraph
understand,659,742,753,758,paragraph
probability,760,742,850,758,paragraph
from,150,759,189,775,paragraph
a,196,759,206,775,paragraph
frequentist,213,759,301,775,paragraph
point,308,759,351,775,paragraph
of,359,759,375,775,paragraph
view,382,759,422,775,paragraph
[2–5],429,756,469,775,paragraph
that,476,759,508,775,paragraph
were,516,759,555,775,paragraph
mathematically,562,759,688,775,paragraph
mistaken,695,759,769,775,paragraph
[6].,777,756,803,775,paragraph
Pro-,816,759,850,775,paragraph
gress,150,776,191,792,paragraph
had,198,776,229,792,paragraph
to,236,776,252,792,paragraph
wait,259,776,294,792,paragraph
until,301,776,339,792,paragraph
"1999,",346,773,387,792,paragraph
when,394,776,439,792,paragraph
Deutsch,446,776,513,792,paragraph
proposed,520,776,596,792,paragraph
a,603,776,612,792,paragraph
proof,619,776,663,792,paragraph
of,670,776,686,792,paragraph
the,693,776,718,792,paragraph
Born,725,776,765,792,paragraph
rule,771,776,804,792,paragraph
from,811,776,850,792,paragraph
decision-theoretical,150,793,308,809,paragraph
"assumptions,",314,793,421,809,paragraph
that,427,793,458,809,paragraph
was,464,793,496,809,paragraph
subsequently,501,793,609,809,paragraph
clariﬁed,615,793,681,809,paragraph
and,686,793,717,809,paragraph
improved,723,793,802,809,paragraph
upon,807,793,850,809,paragraph
1,495,846,504,862,paragraph
