token,x0,y0,x1,y1,label
Helical,157,61,215,81,title
Majorana,220,61,304,81,title
surface,309,61,369,81,title
states,374,61,421,81,title
of,426,61,442,81,title
strongly,447,61,515,81,title
disordered,520,61,610,81,title
topological,614,61,706,81,title
superconductors,710,61,849,81,title
∗,619,74,626,92,paragraph
with,379,79,416,99,title
time-reversal,421,79,531,99,title
symmetry,535,79,619,99,title
†,460,108,466,123,paragraph
‡,656,108,662,123,paragraph
Raquel,343,113,389,128,author
"Queiroz1,",396,112,458,128,author
and,474,113,497,128,paragraph
Andreas,504,113,558,128,author
P.,565,113,576,128,author
"Schnyder1,",582,112,653,128,author
(Dated:,435,128,479,141,paragraph
May,484,128,511,141,date
"26,",514,128,533,141,date
2020),536,128,570,141,date
Noncentrosymmetric,192,159,316,172,abstract
superconductors,320,159,416,172,abstract
with,421,159,447,172,abstract
strong,452,159,489,172,abstract
spin-orbit,493,159,550,172,abstract
coupling,555,159,606,172,abstract
and,611,159,632,172,abstract
the,637,159,655,172,abstract
B,660,159,669,172,abstract
phase,674,159,707,172,abstract
of,712,159,724,172,abstract
3He,729,159,753,172,abstract
are,758,159,776,172,abstract
possible,780,159,828,172,abstract
realizations,177,172,245,186,abstract
of,248,172,260,186,abstract
topological,264,172,330,186,abstract
superconductors,333,172,429,186,abstract
with,432,172,458,186,abstract
time-reversal,461,172,538,186,abstract
symmetry.,541,172,603,186,abstract
The,607,172,630,186,abstract
nontrivial,633,172,690,186,abstract
topology,693,172,745,186,abstract
of,749,172,761,186,abstract
these,764,172,794,186,abstract
time-,798,172,828,186,abstract
reversal,177,185,223,199,abstract
invariant,226,185,277,199,abstract
superconductors,280,185,376,199,abstract
manifests,380,185,436,199,abstract
itself,439,185,468,199,abstract
at,471,185,482,199,abstract
the,485,185,503,199,abstract
material,506,185,554,199,abstract
surface,557,185,599,199,abstract
in,603,185,614,199,abstract
the,617,185,635,199,abstract
form,638,185,667,199,abstract
of,670,185,682,199,abstract
helical,685,185,724,199,abstract
Majorana,727,185,783,199,abstract
modes.,787,185,828,199,abstract
In,177,198,189,212,abstract
this,194,198,215,212,abstract
"paper,",219,198,255,212,abstract
using,259,198,291,212,abstract
extensive,295,198,350,212,abstract
numerical,354,198,412,212,abstract
"simulations,",417,198,488,212,abstract
we,492,198,509,212,abstract
investigate,513,198,576,212,abstract
the,580,198,598,212,abstract
stability,602,198,650,212,abstract
and,654,198,675,212,abstract
properties,679,198,738,212,abstract
of,742,198,754,212,abstract
these,758,198,788,212,abstract
Majo-,793,198,828,212,abstract
rana,177,212,202,225,abstract
states,208,212,240,225,abstract
under,245,212,279,225,abstract
strong,284,212,320,225,abstract
surface,325,212,367,225,abstract
"disorder,",372,212,424,225,abstract
which,429,212,465,225,abstract
inﬂuences,470,212,529,225,abstract
both,534,212,560,225,abstract
bulk,565,212,591,225,abstract
and,596,212,617,225,abstract
surface,622,212,665,225,abstract
states.,670,212,706,225,abstract
To,715,212,730,225,abstract
characterize,735,212,805,225,abstract
the,811,212,828,225,abstract
effects,177,225,216,238,abstract
of,219,225,231,238,abstract
strong,235,225,271,238,abstract
"disorder,",275,225,326,238,abstract
we,329,225,346,238,abstract
compute,350,225,400,238,abstract
the,403,225,421,238,abstract
level,425,225,453,238,abstract
spacing,456,225,501,238,abstract
statistics,504,225,554,238,abstract
and,558,225,579,238,abstract
the,582,225,600,238,abstract
local,603,225,632,238,abstract
density,635,225,678,238,abstract
of,681,225,693,238,abstract
states,696,225,729,238,abstract
of,732,225,745,238,abstract
both,748,225,774,238,abstract
two-,777,225,804,238,abstract
and,807,225,828,238,abstract
three-dimensional,177,238,283,252,abstract
topological,286,238,352,252,abstract
superconductors.,355,238,455,252,abstract
The,459,238,482,252,abstract
Majorana,485,238,541,252,abstract
surface,544,238,586,252,abstract
"states,",590,238,626,252,abstract
which,629,238,665,252,abstract
are,668,238,686,252,abstract
located,689,238,731,252,abstract
in,734,238,746,252,abstract
the,749,238,767,252,abstract
outermost,770,238,828,252,abstract
layers,177,251,212,265,abstract
of,216,251,228,265,abstract
the,232,251,250,265,abstract
"superconductor,",254,251,348,265,abstract
are,352,251,369,265,abstract
protected,373,251,428,265,abstract
against,432,251,473,265,abstract
weak,477,251,508,265,abstract
"disorder,",512,251,563,265,abstract
due,567,251,588,265,abstract
to,592,251,604,265,abstract
their,608,251,634,265,abstract
topological,638,251,704,265,abstract
characteristic.,708,251,790,265,abstract
Sufﬁ-,795,251,828,265,abstract
ciently,177,264,217,278,abstract
strong,221,264,258,278,abstract
"disorder,",262,264,313,278,abstract
on,317,264,332,278,abstract
the,336,264,354,278,abstract
other,358,264,388,278,abstract
"hand,",392,264,424,278,abstract
partially,428,264,477,278,abstract
localizes,481,264,532,278,abstract
the,536,264,554,278,abstract
surface,558,264,601,278,abstract
"layers,",605,264,643,278,abstract
with,647,264,673,278,abstract
a,678,264,684,278,abstract
more,688,264,718,278,abstract
pronounced,722,264,791,278,abstract
effect,795,264,828,278,abstract
on,177,278,192,291,abstract
states,196,278,228,291,abstract
with,232,278,258,291,abstract
energies,262,278,310,291,abstract
close,314,278,344,291,abstract
to,348,278,360,291,abstract
the,363,278,381,291,abstract
gap,385,278,406,291,abstract
than,410,278,435,291,abstract
on,439,278,454,291,abstract
those,457,278,488,291,abstract
with,492,278,518,291,abstract
energies,522,278,571,291,abstract
close,574,278,605,291,abstract
to,608,278,620,291,abstract
zero.,624,278,652,291,abstract
In,657,278,670,291,abstract
"particular,",673,278,733,291,abstract
we,736,278,754,291,abstract
observe,757,278,803,291,abstract
that,806,278,828,291,abstract
for,177,291,194,304,abstract
all,198,291,213,304,abstract
disorder,216,291,264,304,abstract
strengths,268,291,321,304,abstract
and,324,291,345,304,abstract
conﬁgurations,349,291,433,304,abstract
there,436,291,465,304,abstract
always,469,291,509,304,abstract
exist,513,291,540,304,abstract
two,544,291,566,304,abstract
extended,569,291,622,304,abstract
states,625,291,658,304,abstract
at,662,291,672,304,abstract
zero-energy,676,291,745,304,abstract
that,749,291,771,304,abstract
can,774,291,795,304,abstract
carry,798,291,828,304,abstract
thermal,177,304,222,318,abstract
current.,226,304,272,318,abstract
At,279,304,293,318,abstract
the,298,304,316,318,abstract
crossover,320,304,376,318,abstract
from,380,304,409,318,abstract
weak,413,304,444,318,abstract
to,449,304,460,318,abstract
strong,464,304,501,318,abstract
disorder,505,304,554,318,abstract
the,558,304,576,318,abstract
surface,580,304,622,318,abstract
state,627,304,654,318,abstract
wave,658,304,689,318,abstract
functions,693,304,747,318,abstract
and,752,304,773,318,abstract
the,778,304,795,318,abstract
local,800,304,828,318,abstract
density,177,317,220,331,abstract
of,224,317,236,331,abstract
states,241,317,273,331,abstract
show,277,317,308,331,abstract
signs,312,317,342,331,abstract
of,347,317,359,331,abstract
critical,363,317,404,331,abstract
delocalization.,408,317,494,331,abstract
We,501,317,520,331,abstract
ﬁnd,524,317,547,331,abstract
that,552,317,574,331,abstract
at,578,317,588,331,abstract
this,593,317,614,331,abstract
crossover,618,317,674,331,abstract
the,678,317,696,331,abstract
edge,701,317,728,331,abstract
density,733,317,775,331,abstract
of,779,317,792,331,abstract
states,796,317,828,331,abstract
of,177,330,189,344,abstract
two-dimensional,194,330,293,344,abstract
topological,297,330,363,344,abstract
superconductors,368,330,464,344,abstract
exhibits,469,330,515,344,abstract
a,520,330,526,344,abstract
zero-energy,531,330,601,344,abstract
"divergence,",605,330,672,344,abstract
reminiscent,677,330,746,344,abstract
of,751,330,763,344,abstract
the,768,330,785,344,abstract
Dyson,790,330,828,344,abstract
singularity,177,344,240,357,abstract
of,244,344,256,357,abstract
quasi-one-dimensional,259,344,393,357,abstract
dirty,397,344,424,357,abstract
superconductors.,428,344,528,357,abstract
PACS,177,371,208,383,paragraph
numbers:,211,371,260,383,paragraph
"03.65.vf,74.50.+r,",264,371,358,383,paragraph
"73.20.Fz,",361,371,410,383,paragraph
73.20.-r:,413,371,458,383,paragraph
≥,624,400,636,422,paragraph
I.,218,407,227,421,section
INTRODUCTION,242,407,358,421,section
disorder,517,407,571,422,paragraph
with,575,407,604,422,paragraph
γ,609,409,617,422,paragraph
"∆,",642,407,659,422,paragraph
the,664,407,684,422,paragraph
disorder,688,407,742,422,paragraph
induced,746,407,798,422,paragraph
coupling,802,407,859,422,paragraph
between,864,407,918,422,paragraph
the,517,421,537,436,paragraph
surface,544,421,591,436,paragraph
and,597,421,621,436,paragraph
bulk,627,421,656,436,paragraph
states,662,421,699,436,paragraph
needs,705,421,742,436,paragraph
to,749,421,761,436,paragraph
be,768,421,783,436,paragraph
taken,790,421,825,436,paragraph
into,831,421,857,436,paragraph
account.,863,421,918,436,paragraph
While,517,436,557,451,paragraph
the,563,436,583,451,paragraph
effects,589,436,632,451,paragraph
of,638,436,651,451,paragraph
disorder,657,436,710,451,paragraph
on,716,436,733,451,paragraph
topological,738,436,812,451,paragraph
superconductor,818,436,918,451,paragraph
Topological,104,445,181,460,paragraph
superconductors,188,445,295,460,paragraph
are,301,445,321,460,paragraph
attracting,328,445,389,460,paragraph
a,396,445,403,460,paragraph
growing,410,445,464,460,paragraph
in-,470,445,488,460,paragraph
surface,517,450,564,465,paragraph
states,570,450,606,465,paragraph
have,611,450,641,465,paragraph
been,647,450,678,465,paragraph
investigated,683,450,761,465,paragraph
extensively,766,450,839,465,paragraph
in,845,450,857,465,paragraph
terms,863,450,899,465,paragraph
of,904,450,918,465,paragraph
"terest,",88,460,127,475,paragraph
due,134,460,158,475,paragraph
to,164,460,177,475,paragraph
fundamental,183,460,265,475,paragraph
considerations,271,460,365,475,paragraph
as,372,460,385,475,paragraph
well,392,460,420,475,paragraph
as,427,460,440,475,paragraph
poten-,447,460,488,475,paragraph
low-energy,517,465,591,480,paragraph
effective,597,465,653,480,paragraph
Dirac,659,465,695,480,paragraph
"theories,47–51",702,464,786,480,paragraph
the,793,465,813,480,paragraph
study,819,465,854,480,paragraph
of,861,465,874,480,paragraph
disor-,880,465,918,480,paragraph
tial,88,474,109,489,paragraph
use,115,474,136,489,paragraph
for,142,474,161,489,paragraph
applications,167,474,246,489,paragraph
in,252,474,265,489,paragraph
quantum,271,474,328,489,paragraph
information,334,474,411,489,paragraph
and,417,474,440,489,paragraph
device,446,474,488,489,paragraph
dered,517,479,554,494,paragraph
Majorana,557,479,620,494,paragraph
states,623,479,660,494,paragraph
at,663,479,675,494,paragraph
the,679,479,698,494,paragraph
surface,702,479,749,494,paragraph
of,753,479,766,494,paragraph
bulk,770,479,798,494,paragraph
lattice,802,479,842,494,paragraph
models,846,479,893,494,paragraph
has,896,479,918,494,paragraph
fabrication.1–10,88,488,185,504,paragraph
As,191,489,209,504,paragraph
a,215,489,222,504,paragraph
consequence,228,489,311,504,paragraph
of,317,489,330,504,paragraph
the,336,489,356,504,paragraph
bulk-boundary,361,489,457,504,paragraph
cor-,462,489,488,504,paragraph
remained,517,493,578,509,paragraph
an,582,493,598,509,paragraph
open,602,493,633,509,paragraph
problem.,637,493,696,509,paragraph
"respondence,",88,503,173,518,paragraph
topological,180,503,253,518,paragraph
superconductors,259,503,366,518,paragraph
host,372,503,399,518,paragraph
chiral,405,503,442,518,paragraph
or,448,503,461,518,paragraph
he-,467,503,488,518,paragraph
In,534,509,547,525,paragraph
this,554,509,578,525,paragraph
"paper,",585,509,624,525,paragraph
we,632,509,651,525,paragraph
examine,658,509,713,525,paragraph
the,720,509,740,525,paragraph
effects,747,509,790,525,paragraph
of,796,509,810,525,paragraph
strong,817,509,858,525,paragraph
disorder,865,509,918,525,paragraph
lical,88,518,116,533,paragraph
Majorana,124,518,186,533,paragraph
states,195,518,231,533,paragraph
at,239,518,251,533,paragraph
the,259,518,279,533,paragraph
material,288,518,341,533,paragraph
surface.8–13,349,517,423,533,paragraph
Noncen-,432,518,488,533,paragraph
on,517,524,534,539,paragraph
the,541,524,561,539,paragraph
helical,568,524,611,539,paragraph
Majorana,619,524,681,539,paragraph
surface,688,524,735,539,paragraph
modes,742,524,785,539,paragraph
of,792,524,805,539,paragraph
two-,812,524,842,539,paragraph
and,849,524,873,539,paragraph
three-,880,524,918,539,paragraph
trosymmetric,88,532,175,547,paragraph
superconductors,180,532,287,547,paragraph
(NCSs)14–41,292,531,369,547,paragraph
with,375,532,404,547,paragraph
strong,410,532,450,547,paragraph
spin-,456,532,488,547,paragraph
dimensional,517,538,597,554,paragraph
topological,606,538,679,554,paragraph
superconductors,688,538,794,554,paragraph
in,803,538,816,554,paragraph
the,824,538,844,554,paragraph
symmetry,853,538,918,554,paragraph
orbit,88,547,118,562,paragraph
coupling,127,547,184,562,paragraph
have,192,547,222,562,paragraph
been,230,547,261,562,paragraph
proposed,269,547,328,562,paragraph
as,336,547,350,562,paragraph
candidate,358,547,420,562,paragraph
materials,429,547,488,562,paragraph
class,517,553,549,568,paragraph
DIII,555,553,583,568,paragraph
using,590,553,625,568,paragraph
bulk,631,553,660,568,paragraph
lattice,666,553,706,568,paragraph
Hamiltonians.,712,553,804,568,paragraph
This,816,553,845,568,paragraph
is,851,553,862,568,paragraph
of,868,553,882,568,paragraph
rele-,888,553,918,568,paragraph
for,88,561,107,576,paragraph
time-reversal,111,561,197,576,paragraph
invariant,201,561,258,576,paragraph
topological,263,561,336,576,paragraph
"superconductivity,",341,561,460,576,paragraph
and,465,561,488,576,paragraph
vance,517,567,555,582,paragraph
for,561,567,580,582,paragraph
"experiments,",586,567,669,582,paragraph
since,675,567,709,582,paragraph
surfaces,714,567,768,582,paragraph
of,773,567,787,582,paragraph
unconventional,793,567,892,582,paragraph
su-,898,567,918,582,paragraph
the,88,575,108,591,paragraph
B,113,575,124,591,paragraph
phase,129,575,166,591,paragraph
of,171,575,185,591,paragraph
superﬂuid,190,575,255,591,paragraph
"3He11,42,43",260,575,327,591,paragraph
is,333,575,344,591,paragraph
believed,349,575,403,591,paragraph
to,409,575,421,591,paragraph
be,426,575,442,591,paragraph
an,447,575,462,591,paragraph
ex-,468,575,488,591,paragraph
perconductors,517,582,610,597,paragraph
are,613,582,633,597,paragraph
often,637,582,670,597,paragraph
intrinsically,674,582,751,597,paragraph
"disordered,",755,582,828,597,paragraph
or,831,582,845,597,paragraph
can,848,582,871,597,paragraph
be,875,582,890,597,paragraph
dis-,894,582,918,597,paragraph
perimental,88,590,157,605,paragraph
realization,163,590,232,605,paragraph
of,237,590,251,605,paragraph
a,257,590,264,605,paragraph
topological,270,590,343,605,paragraph
superﬂuid,348,590,414,605,paragraph
with,419,590,448,605,paragraph
time-,454,590,488,605,paragraph
ordered,517,596,567,611,paragraph
on,573,596,589,611,paragraph
purpose,595,596,646,611,paragraph
by,652,596,668,611,paragraph
depositing,674,596,742,611,paragraph
impurity,747,596,803,611,paragraph
atoms,809,596,848,611,paragraph
"using,",854,596,893,611,paragraph
for,899,596,918,611,paragraph
reversal,88,604,139,620,paragraph
symmetry.,143,604,211,620,paragraph
The,218,604,243,620,paragraph
Majorana,248,604,310,620,paragraph
states,315,604,351,620,paragraph
of,356,604,369,620,paragraph
these,374,604,407,620,paragraph
systems,412,604,464,620,paragraph
are,468,604,488,620,paragraph
"example,",517,611,576,626,paragraph
sputtering,582,611,647,626,paragraph
techniques.,652,611,726,626,paragraph
To,734,611,751,626,paragraph
investigate,756,611,826,626,paragraph
the,831,611,851,626,paragraph
effects,856,611,899,626,paragraph
of,904,611,918,626,paragraph
protected,88,619,148,634,paragraph
by,156,619,172,634,paragraph
time-reversal,179,619,264,634,paragraph
and,272,619,295,634,paragraph
particle-hole,303,619,385,634,paragraph
symmetry,392,619,457,634,paragraph
and,465,619,488,634,paragraph
strong,517,625,558,640,paragraph
surface,562,625,609,640,paragraph
impurities,612,625,678,640,paragraph
on,682,625,698,640,paragraph
the,702,625,722,640,paragraph
surface,725,625,772,640,paragraph
and,775,625,799,640,paragraph
bulk,803,625,831,640,paragraph
quasiparticle,835,625,918,640,paragraph
exhibit,88,633,133,649,paragraph
a,138,633,145,649,paragraph
helical,150,633,193,649,paragraph
spin,198,633,225,649,paragraph
texture.,230,633,279,649,paragraph
That,287,633,317,649,paragraph
"is,",322,633,337,649,paragraph
the,342,633,362,649,paragraph
spin,367,633,394,649,paragraph
orientation,399,633,470,649,paragraph
of,475,633,488,649,paragraph
wave,517,640,551,655,paragraph
"functions,",555,640,620,655,paragraph
we,624,640,643,655,paragraph
employ,647,640,696,655,paragraph
large-scale,700,640,770,655,paragraph
numerical,774,640,839,655,paragraph
simulations,843,640,918,655,paragraph
the,88,648,108,663,paragraph
surface,112,648,159,663,paragraph
states,163,648,199,663,paragraph
is,203,648,214,663,paragraph
coupled,218,648,269,663,paragraph
to,273,648,286,663,paragraph
their,290,648,320,663,paragraph
momentum.,324,648,402,663,paragraph
of,517,654,531,669,paragraph
two-,536,654,565,669,paragraph
and,570,654,594,669,paragraph
three-dimensional,598,654,716,669,paragraph
Bogoliubov-de,721,654,818,669,paragraph
Gennes,823,654,872,669,paragraph
(BdG),876,654,918,669,paragraph
While,104,669,144,684,paragraph
due,149,669,172,684,paragraph
to,178,669,190,684,paragraph
charge,195,669,238,684,paragraph
neutrality,244,669,306,684,paragraph
the,311,669,331,684,paragraph
helical,336,669,379,684,paragraph
Majorana,385,669,447,684,paragraph
mode,452,669,488,684,paragraph
lattice,517,669,557,684,paragraph
Hamiltonians,563,669,651,684,paragraph
and,656,669,680,684,paragraph
compute,685,669,741,684,paragraph
the,747,669,767,684,paragraph
local,773,669,804,684,paragraph
density,810,669,857,684,paragraph
of,863,669,876,684,paragraph
states,882,669,918,684,paragraph
does,88,683,118,698,paragraph
not,123,683,144,698,paragraph
couple,149,683,193,698,paragraph
to,198,683,211,698,paragraph
electromagnetic,216,683,320,698,paragraph
"ﬁelds,",326,683,365,698,paragraph
it,371,683,380,698,paragraph
can,385,683,408,698,paragraph
be,413,683,429,698,paragraph
detected,434,683,488,698,paragraph
and,517,683,541,698,paragraph
the,547,683,567,698,paragraph
level,573,683,604,698,paragraph
spacing,609,683,659,698,paragraph
statistics,665,683,721,698,paragraph
of,727,683,741,698,paragraph
the,746,683,766,698,paragraph
wave,772,683,806,698,paragraph
functions.,812,683,876,698,paragraph
As,887,683,905,698,paragraph
a,911,683,918,698,paragraph
by,88,697,104,713,paragraph
applying,111,697,168,713,paragraph
an,175,697,191,713,paragraph
effective,198,697,254,713,paragraph
gravitational,261,697,343,713,paragraph
"ﬁeld,",350,697,383,713,paragraph
"i.e.,",391,697,415,713,paragraph
a,423,697,431,713,paragraph
temper-,438,697,488,713,paragraph
prototypical,517,697,596,713,paragraph
example,601,697,656,713,paragraph
of,661,697,675,713,paragraph
a,680,697,687,713,paragraph
time-reversal,692,697,778,713,paragraph
invariant,783,697,840,713,paragraph
topological,845,697,918,713,paragraph
ature,88,712,120,727,paragraph
gradient,129,712,182,727,paragraph
or,191,712,205,727,paragraph
rotations,214,712,270,727,paragraph
of,279,712,293,727,paragraph
the,302,712,322,727,paragraph
superconductor.44–46,330,711,462,727,paragraph
At,472,712,488,727,paragraph
"superconductor,",517,712,621,727,paragraph
we,630,712,649,727,paragraph
consider,657,712,712,727,paragraph
a,720,712,728,727,paragraph
noncentrosymmetric,736,712,870,727,paragraph
super-,878,712,918,727,paragraph
zero,88,726,116,742,paragraph
energy,124,726,168,742,paragraph
one,176,726,200,742,paragraph
helical,208,726,251,742,paragraph
Majorana,259,726,322,742,paragraph
surface,330,726,377,742,paragraph
mode,385,726,421,742,paragraph
carries,429,726,473,742,paragraph
a,481,726,488,742,paragraph
conductor,517,726,583,742,paragraph
with,587,726,616,742,paragraph
(s,621,726,634,742,paragraph
+,638,729,651,741,paragraph
p)-wave,655,726,707,742,paragraph
pairing,712,726,758,742,paragraph
symmetry.,763,726,831,742,paragraph
We,838,726,859,742,paragraph
ﬁnd,864,726,889,742,paragraph
that,894,726,918,742,paragraph
(cid:28),767,734,784,756,paragraph
quantized,88,741,151,756,paragraph
thermal,158,741,208,756,paragraph
"conductance,",214,741,300,756,paragraph
which,307,741,347,756,paragraph
is,354,741,365,756,paragraph
given,371,741,407,756,paragraph
by,414,741,430,756,paragraph
κ/T,437,743,464,756,paragraph
=,476,743,488,756,paragraph
weak,517,741,552,756,paragraph
nonmagnetic,557,741,641,756,paragraph
impurities,646,741,712,756,paragraph
with,717,741,746,756,paragraph
γ,752,743,760,756,paragraph
∆,790,743,804,756,paragraph
do,809,741,825,756,paragraph
not,830,741,851,756,paragraph
affect,856,741,893,756,paragraph
the,898,741,918,756,paragraph
πk2,88,756,113,770,paragraph
"/(6h).47,48",117,755,185,771,paragraph
Since,192,755,228,771,paragraph
there,235,755,267,771,paragraph
is,273,755,284,771,paragraph
no,290,755,307,771,paragraph
relevant,313,755,364,771,paragraph
or,370,755,384,771,paragraph
marginal,390,755,448,771,paragraph
time-,454,755,488,771,paragraph
helical,517,755,561,771,paragraph
Majorana,567,755,629,771,paragraph
state,635,755,665,771,paragraph
in,671,755,684,771,paragraph
any,689,755,713,771,paragraph
way,719,755,746,771,paragraph
[Fig.,751,755,783,771,paragraph
"1(b)],",789,755,825,771,paragraph
in,832,755,844,771,paragraph
agreement,850,755,918,771,paragraph
B,106,764,116,773,paragraph
reversal,88,770,139,785,paragraph
symmetric,143,770,212,785,paragraph
perturbation,217,770,296,785,paragraph
that,301,770,325,785,paragraph
can,330,770,353,785,paragraph
be,358,770,373,785,paragraph
added,378,770,416,785,paragraph
to,421,770,434,785,paragraph
the,439,770,458,785,paragraph
sur-,463,770,488,785,paragraph
with,517,770,546,785,paragraph
the,550,770,570,785,paragraph
fact,574,770,598,785,paragraph
that,602,770,627,785,paragraph
there,631,770,663,785,paragraph
does,667,770,697,785,paragraph
not,701,770,722,785,paragraph
exist,726,770,756,785,paragraph
any,760,770,783,785,paragraph
marginal,787,770,845,785,paragraph
or,849,770,862,785,paragraph
relevant,866,770,918,785,paragraph
face,88,784,115,799,paragraph
Dirac,121,784,157,799,paragraph
"Hamiltonian,46,49,50",164,783,289,799,paragraph
the,296,784,316,799,paragraph
helical,323,784,366,799,paragraph
Majorana,372,784,435,799,paragraph
state,441,784,471,799,paragraph
is,477,784,488,799,paragraph
perturbation,517,784,597,799,paragraph
of,602,784,615,799,paragraph
the,620,784,640,799,paragraph
surface,645,784,692,799,paragraph
Dirac,697,784,733,799,paragraph
Hamiltonian.,738,784,823,799,paragraph
For,830,784,853,799,paragraph
moderate,857,784,918,799,paragraph
∼,735,792,748,814,paragraph
robust,88,799,128,814,paragraph
against,132,799,178,814,paragraph
the,182,799,201,814,paragraph
inﬂuence,205,799,265,814,paragraph
of,269,799,282,814,paragraph
weak,286,799,320,814,paragraph
disorder,324,799,377,814,paragraph
and,381,799,404,814,paragraph
interactions.,408,799,488,814,paragraph
nonmagnetic,517,799,602,814,paragraph
impurities,608,799,674,814,paragraph
with,681,799,710,814,paragraph
γ,716,801,725,814,paragraph
"∆,",757,799,775,814,paragraph
the,782,799,802,814,paragraph
disorder,808,799,862,814,paragraph
induces,868,799,918,814,paragraph
Only,88,813,120,828,paragraph
variations,126,813,190,828,paragraph
of,195,813,209,828,paragraph
the,214,813,234,828,paragraph
Fermi,240,813,279,828,paragraph
velocity,284,813,336,828,paragraph
are,342,813,362,828,paragraph
allowed,367,813,418,828,paragraph
as,424,813,437,828,paragraph
a,443,813,450,828,paragraph
sym-,456,813,488,828,paragraph
a,517,813,525,828,paragraph
strong,531,813,572,828,paragraph
coupling,578,813,635,828,paragraph
between,642,813,696,828,paragraph
the,702,813,722,828,paragraph
bulk,729,813,757,828,paragraph
and,764,813,787,828,paragraph
surface,793,813,840,828,paragraph
states.,847,813,887,828,paragraph
In-,899,813,918,828,paragraph
metry,88,828,126,843,paragraph
preserving,130,828,199,843,paragraph
deformation,204,828,283,843,paragraph
of,288,828,302,843,paragraph
the,306,828,326,843,paragraph
effective,331,828,387,843,paragraph
Dirac,391,828,427,843,paragraph
equation,432,828,488,843,paragraph
"terestingly,",517,828,589,843,paragraph
the,594,828,614,843,paragraph
disorder,619,828,673,843,paragraph
affects,678,828,721,843,paragraph
the,726,828,746,843,paragraph
states,750,828,787,843,paragraph
with,792,828,821,843,paragraph
energies,826,828,880,843,paragraph
close,885,828,918,843,paragraph
describing,88,842,156,857,paragraph
the,160,842,180,857,paragraph
surface,185,842,232,857,paragraph
"state,",237,842,271,857,paragraph
and,276,842,300,857,paragraph
hence,304,842,342,857,paragraph
an,347,842,363,857,paragraph
energy,368,842,412,857,paragraph
gap,416,842,440,857,paragraph
cannot,445,842,488,857,paragraph
to,517,842,530,857,paragraph
the,537,842,557,857,paragraph
gap,563,842,587,857,paragraph
more,593,842,627,857,paragraph
strongly,633,842,687,857,paragraph
than,693,842,721,857,paragraph
those,728,842,762,857,paragraph
with,769,842,798,857,paragraph
energies,805,842,859,857,paragraph
close,865,842,899,857,paragraph
to,905,842,918,857,paragraph
be,88,857,103,872,paragraph
opened,107,857,154,872,paragraph
in,158,857,171,872,paragraph
the,175,857,195,872,paragraph
surface,199,857,246,872,paragraph
spectrum.,250,857,313,872,paragraph
"However,",318,857,381,872,paragraph
this,385,857,408,872,paragraph
argument,412,857,473,872,paragraph
is,477,857,488,872,paragraph
zero.,517,857,550,872,paragraph
"Indeed,",557,857,605,872,paragraph
we,610,857,629,872,paragraph
ﬁnd,634,857,659,872,paragraph
that,664,857,688,872,paragraph
for,693,857,712,872,paragraph
all,717,857,733,872,paragraph
disorder,738,857,791,872,paragraph
strengths,796,857,855,872,paragraph
extended,859,857,918,872,paragraph
based,88,871,125,886,paragraph
on,130,871,147,886,paragraph
an,152,871,167,886,paragraph
effective,173,871,229,886,paragraph
description,234,871,307,886,paragraph
of,312,871,326,886,paragraph
the,331,871,351,886,paragraph
surface,356,871,403,886,paragraph
"state,",409,871,443,886,paragraph
which,448,871,488,886,paragraph
zero-energy,517,871,595,886,paragraph
states,599,871,636,886,paragraph
"exist,",640,871,675,886,paragraph
which,679,871,719,886,paragraph
indicates,723,871,781,886,paragraph
that,786,871,810,886,paragraph
a,815,871,822,886,paragraph
diffusive,826,871,883,886,paragraph
ther-,888,871,918,886,paragraph
breaks,88,886,130,901,paragraph
down,134,886,169,901,paragraph
for,173,886,192,901,paragraph
perturbations,195,886,281,901,paragraph
with,284,886,313,901,paragraph
a,317,886,324,901,paragraph
strength,327,886,380,901,paragraph
γ,383,888,392,900,paragraph
larger,396,886,434,901,paragraph
than,437,886,465,901,paragraph
the,468,886,488,901,paragraph
mal,517,886,542,901,paragraph
metal,548,886,584,901,paragraph
phase,589,886,626,901,paragraph
cannot,632,886,675,901,paragraph
be,681,886,696,901,paragraph
realized,702,886,753,901,paragraph
at,759,886,771,901,paragraph
the,776,886,796,901,paragraph
surface,802,886,849,901,paragraph
of,854,886,868,901,paragraph
a,873,886,881,901,paragraph
class,886,886,918,901,paragraph
bulk,88,900,116,915,paragraph
superconducting,121,900,229,915,paragraph
gap,234,900,257,915,paragraph
∆.,262,900,280,915,paragraph
In,287,900,300,915,paragraph
order,305,900,340,915,paragraph
to,344,900,357,915,paragraph
study,362,900,397,915,paragraph
the,402,900,422,915,paragraph
effects,427,900,470,915,paragraph
of,475,900,488,915,paragraph
DIII,517,900,546,915,paragraph
topological,552,900,625,915,paragraph
superconductor.48,631,899,746,915,paragraph
With,753,900,785,915,paragraph
increasing,791,900,858,915,paragraph
disorder,865,900,918,915,paragraph
