token,x0,y0,x1,y1,label
9,936,33,944,45,paragraph
[22],94,66,116,75,reference
"Walshaw,",122,66,181,75,reference
C.,186,66,200,75,reference
A,205,66,216,75,reference
multilevel,220,66,281,75,reference
approach,286,66,342,75,reference
to,347,66,360,75,reference
the,364,66,384,75,reference
travelling,389,66,447,75,reference
salesman,452,66,507,75,reference
problem.,512,66,567,75,reference
Oper.,571,66,606,75,reference
"Res.,",611,66,642,75,reference
"50,",647,66,668,75,reference
862-877,672,66,720,75,reference
(2002).,724,66,768,75,reference
[23],94,77,116,86,reference
"Walshaw,",122,77,181,86,reference
C.,186,77,200,86,reference
Multilevel,205,77,267,86,reference
reﬁnement,272,77,337,86,reference
for,342,77,359,86,reference
combinatorial,364,77,449,86,reference
optimisation,453,77,531,86,reference
problems.,536,77,596,86,reference
Annals,601,77,644,86,reference
of,649,77,661,86,reference
Operations,666,77,733,86,reference
Research,739,77,793,86,reference
"131,",799,77,828,86,reference
325-372,833,77,881,86,reference
(2004).,885,77,929,86,reference
[24],94,88,116,98,reference
Di,122,88,137,98,reference
"Battista,",142,88,197,98,reference
"G.,",202,88,221,98,reference
"Eades,",227,88,267,98,reference
"P.,",273,88,289,98,reference
"Tamassia,",294,88,356,98,reference
R.,361,88,375,98,reference
&,381,88,392,98,reference
"Tollis,",397,88,435,98,reference
I.G.,440,88,464,98,reference
Graph,469,88,509,98,reference
Drawing:,514,88,571,98,reference
Algorithms,578,88,647,98,reference
for,652,88,669,98,reference
the,675,88,694,98,reference
Visualization,700,88,781,98,reference
of,786,88,797,98,reference
Graphs.,803,88,852,98,reference
(Prentice-Hall,857,88,944,98,reference
"Inc,",122,99,146,109,reference
1998).,150,99,188,109,reference
[25],94,111,116,120,reference
"Kobourov,",122,111,188,120,reference
S.,192,111,203,120,reference
G.,207,111,222,120,reference
Spring,226,111,267,120,reference
embedders,270,111,336,120,reference
and,340,111,363,120,reference
force-directed,367,111,451,120,reference
graph,455,111,490,120,reference
drawing,494,111,544,120,reference
algorithms.,547,111,617,120,reference
arXiv:1201.3011,621,111,721,120,reference
(2012),724,111,764,120,reference
(Date,768,111,803,120,reference
of,807,111,818,120,reference
access:15/02/2015).,822,111,944,120,reference
[26],94,122,116,131,reference
Graph,122,122,162,131,reference
"Drawing,",167,122,223,131,reference
Symposium,228,122,300,131,reference
on,305,122,320,131,reference
Graph,324,122,364,131,reference
Drawing,369,122,421,131,reference
GD’96,426,122,466,131,reference
(ed,471,122,491,131,reference
"North,",495,122,536,131,reference
"S.),",541,122,562,131,reference
"(Springer-Verlag,",567,122,673,131,reference
"Berlin,",678,122,719,131,reference
1997).,724,122,762,131,reference
[27],94,133,116,143,reference
"Garey,",122,133,163,143,reference
M.,167,133,184,143,reference
R.,189,133,203,143,reference
&,207,133,219,143,reference
"Johnson,",223,133,278,143,reference
D.,282,133,297,143,reference
S.,301,133,313,143,reference
Computers,318,133,386,143,reference
and,390,133,413,143,reference
Intractability:,418,133,504,143,reference
A,510,133,521,143,reference
Guide,525,133,562,143,reference
to,567,133,579,143,reference
the,584,133,603,143,reference
Theory,608,133,652,143,reference
of,657,133,668,143,reference
NP-Completeness.,673,133,786,143,reference
(W.H.,791,133,830,143,reference
Freeman,834,133,887,143,reference
and,892,133,915,143,reference
"Co.,",919,133,944,143,reference
1979).,122,144,160,154,reference
[28],94,156,116,165,reference
"Kinney,",122,156,170,165,reference
J.,174,156,186,165,reference
B.,190,156,204,165,reference
&,209,156,220,165,reference
"Atwal,",224,156,265,165,reference
G.,269,156,284,165,reference
S.,289,156,301,165,reference
"Equitability,",305,156,382,165,reference
mutual,387,156,431,165,reference
"information,",435,156,512,165,reference
and,516,156,539,165,reference
the,544,156,563,165,reference
maximal,568,156,621,165,reference
information,626,156,698,165,reference
coeﬃcient.,703,156,768,165,reference
Proc.,773,156,806,165,reference
Natl.,811,156,841,165,reference
Acad.,846,156,881,165,reference
Sci.,886,156,910,165,reference
USA,915,156,944,165,reference
"111,",122,167,152,176,reference
3354-3359,156,167,218,176,reference
(2014).,223,167,266,176,reference
[29],94,178,116,188,reference
"Slonim,",122,178,169,188,reference
"N.,",173,178,192,188,reference
"Atwal,",196,178,236,188,reference
G.,240,178,255,188,reference
"S.,",259,178,274,188,reference
"Tkaˇcik,",278,178,324,188,reference
G.,328,178,343,188,reference
&,347,178,358,188,reference
"Bialek,",362,178,405,188,reference
W.,409,178,427,188,reference
Information-based,431,178,544,188,reference
clustering.,548,178,612,188,reference
Proc.,616,178,649,188,reference
Natl.,653,178,684,188,reference
Acad.,688,178,723,188,reference
Sci.,727,178,751,188,reference
USA,755,178,784,188,reference
"102,",788,178,817,188,reference
18297-18302,821,178,897,188,reference
(2005).,901,178,944,188,reference
[30],94,189,116,199,reference
"Rosvall,",122,189,171,199,reference
M.,176,189,193,199,reference
&,198,189,209,199,reference
"Bergstrom,",214,189,283,199,reference
C.,288,189,302,199,reference
T.,307,189,322,199,reference
An,327,189,345,199,reference
information-theoretic,350,189,482,199,reference
framework,487,189,552,199,reference
for,557,189,574,199,reference
resolving,579,189,634,199,reference
community,639,189,708,199,reference
structure,713,189,770,199,reference
in,775,189,786,199,reference
complex,791,189,842,199,reference
networks.,847,189,906,199,reference
Proc.,911,189,944,199,reference
Natl.,122,201,153,210,reference
Acad.,158,201,193,210,reference
Sci.,198,201,222,210,reference
USA,227,201,257,210,reference
"104,",261,201,290,210,reference
7327-7331,295,201,357,210,reference
(2007).,362,201,405,210,reference
[31],94,212,116,221,reference
"Rosvall,",122,212,171,221,reference
"M.,",176,212,197,221,reference
"Axelsson,",202,212,260,221,reference
D.,265,212,280,221,reference
&,285,212,296,221,reference
"Bergstrom,",301,212,369,221,reference
C.,374,212,388,221,reference
T.,393,212,407,221,reference
The,412,212,436,221,reference
map,441,212,468,221,reference
equation.,473,212,530,221,reference
Eur.,535,212,563,221,reference
Phys.,568,212,602,221,reference
J.,607,212,619,221,reference
Special,625,212,667,221,reference
Topics,672,212,713,221,reference
"178,",719,212,748,221,reference
13,753,212,767,221,reference
-23,772,212,791,221,reference
(2009).,796,212,839,221,reference
[32],94,223,116,233,reference
"Zanin,",122,223,162,233,reference
"M.,",166,223,187,233,reference
"Sousa,",192,223,231,233,reference
P.,236,223,248,233,reference
A.,253,223,267,233,reference
&,272,223,283,233,reference
"Menasalvas,",287,223,362,233,reference
E.,366,223,380,233,reference
Information,384,223,458,233,reference
content:,462,223,512,233,reference
assessing,518,223,573,233,reference
meso-scale,578,223,643,233,reference
structures,647,223,709,233,reference
in,713,223,725,233,reference
complex,730,223,781,233,reference
networks.,785,223,844,233,reference
Europhys.,848,223,910,233,reference
Lett.,915,223,944,233,reference
"106,",122,234,152,244,reference
30001,156,234,192,244,reference
(2014).,197,234,240,244,reference
[33],94,246,116,255,reference
"Allen,",122,246,159,255,reference
"B.,",169,246,187,255,reference
"Stacey,",197,246,241,255,reference
B.,251,246,265,255,reference
C.,274,246,288,255,reference
&,297,246,308,255,reference
"Bar-Yam,",317,246,377,255,reference
Y.,387,246,402,255,reference
An,410,246,429,255,reference
information-theoretic,438,246,570,255,reference
formalism,579,246,640,255,reference
for,649,246,666,255,reference
multiscale,675,246,737,255,reference
structure,746,246,802,255,reference
in,811,246,823,255,reference
complex,832,246,883,255,reference
systems.,892,246,944,255,reference
arXiv:1409.4708,122,257,222,266,reference
(2014),227,257,266,266,reference
(Date,271,257,306,266,reference
of,311,257,323,266,reference
access:15/02/2015).,327,257,449,266,reference
[34],94,268,116,278,reference
"Kullback,",122,268,182,278,reference
S.,186,268,198,278,reference
&,203,268,214,278,reference
"Leibler,",219,268,266,278,reference
R.,270,268,285,278,reference
A.,290,268,304,278,reference
On,309,268,328,278,reference
information,333,268,405,278,reference
and,410,268,433,278,reference
suﬃciency.,437,268,504,278,reference
Annals,509,268,552,278,reference
of,557,268,569,278,reference
Mathematical,574,268,658,278,reference
Statistics,663,268,720,278,reference
"22,",726,268,747,278,reference
79-86,752,268,785,278,reference
(1951).,790,268,833,278,reference
[35],94,279,116,289,reference
"Gru¨nwald,",122,279,187,289,reference
P.,192,279,205,289,reference
"D.,",209,279,228,289,reference
The,233,279,257,289,reference
Minimum,262,279,322,289,reference
Description,327,279,398,289,reference
Length,403,279,446,289,reference
"Principle,",451,279,511,289,reference
(MIT,515,279,549,289,reference
"Press,",554,279,591,289,reference
2007).,596,279,633,289,reference
[36],94,291,116,300,reference
"Kullback,",122,291,182,300,reference
S.,186,291,198,300,reference
Information,203,291,277,300,reference
Theory,281,291,326,300,reference
and,331,291,354,300,reference
"Statistics,",358,291,419,300,reference
(John,424,291,460,300,reference
Wiley:,465,291,505,300,reference
New,511,291,539,300,reference
"York,",543,291,577,300,reference
"NY,",582,291,607,300,reference
"USA,",612,291,645,300,reference
1959).,650,291,688,300,reference
[37],94,302,116,311,reference
"Kapur,",122,302,166,311,reference
J.,172,302,184,311,reference
N.,190,302,204,311,reference
&,211,302,222,311,reference
"Kesavan,",228,302,283,311,reference
H.,290,302,305,311,reference
"K.,",311,302,330,311,reference
The,336,302,361,311,reference
inverse,367,302,409,311,reference
MaxEnt,416,302,466,311,reference
and,472,302,495,311,reference
MinxEnt,501,302,556,311,reference
principles,563,302,622,311,reference
and,628,302,651,311,reference
their,657,302,686,311,reference
"applications,",693,302,771,311,reference
in,778,302,789,311,reference
Maximum,796,302,858,311,reference
Entropy,865,302,915,311,reference
and,921,302,944,311,reference
Bayesian,122,313,177,323,reference
"Methods,",182,313,240,323,reference
Fundamental,245,313,326,323,reference
Theories,330,313,384,323,reference
in,388,313,400,323,reference
"Physics,",405,313,455,323,reference
Springer,460,313,512,323,reference
"Netherlands,",517,313,596,323,reference
"39,",600,313,621,323,reference
433-450,626,313,673,323,reference
(1990).,678,313,722,323,reference
[38],94,324,116,334,reference
"Rubinstein,",122,324,194,334,reference
R.,200,324,215,334,reference
"Y.,",221,324,239,334,reference
The,246,324,270,334,reference
cross-entropy,277,324,359,334,reference
method,365,324,412,334,reference
for,418,324,435,334,reference
combinatorial,441,324,526,334,reference
and,532,324,555,334,reference
continuous,561,324,628,334,reference
optimization.,634,324,716,334,reference
Method.,722,324,772,334,reference
Comput.,779,324,832,334,reference
Appl.,839,324,872,334,reference
Probab.,879,324,925,334,reference
"1,",931,324,944,334,reference
127-190,122,336,170,345,reference
(1999).,175,336,218,345,reference
[39],94,347,116,356,reference
"See,",122,347,147,356,reference
"e.g.,",153,347,178,356,reference
"Cover,",184,347,224,356,reference
Th.,230,347,252,356,reference
M.,258,347,275,356,reference
&,281,347,292,356,reference
"Thomas,",297,347,351,356,reference
J.,357,347,369,356,reference
A.,374,347,389,356,reference
Elements,395,347,451,356,reference
of,457,347,469,356,reference
Information,474,347,548,356,reference
Theory,554,347,598,356,reference
1st,604,347,622,356,reference
"edn,",628,347,654,356,reference
Lemma,660,347,706,356,reference
"12.6.1,",712,347,752,356,reference
300-301,758,347,806,356,reference
(John,811,347,847,356,reference
Wiley,853,347,889,356,reference
&,895,347,906,356,reference
"Sons,",912,347,944,356,reference
1991).,122,358,160,368,reference
[40],94,369,116,379,reference
"Barnes,",122,369,169,379,reference
J.,174,369,185,379,reference
&,190,369,201,379,reference
"Hut,",206,369,234,379,reference
P.,238,369,251,379,reference
A,255,369,266,379,reference
hierarchical,271,369,342,379,reference
O(NlogN),347,369,409,379,reference
force-calculation,414,369,515,379,reference
algorithm.,520,369,584,379,reference
"Nature,",589,369,635,379,reference
"324,",640,369,669,379,reference
446-449,674,369,721,379,reference
(1986).,726,369,770,379,reference
[41],94,381,116,390,reference
"Gansner,",122,381,178,390,reference
E.,183,381,197,390,reference
"R.,",202,381,220,390,reference
"Koren,",226,381,268,390,reference
Y.,273,381,287,390,reference
&,293,381,304,390,reference
"North,",309,381,350,390,reference
S.,355,381,367,390,reference
in,372,381,384,390,reference
Graph,389,381,429,390,reference
drawing,434,381,483,390,reference
by,488,381,503,390,reference
stress,509,381,543,390,reference
"majorization,",548,381,631,390,reference
Vol.,636,381,660,390,reference
3383,666,381,694,390,reference
(ed,699,381,719,390,reference
Pach,724,381,754,390,reference
"J.),",760,381,780,390,reference
239-250,786,381,833,390,reference
"(Springer-Verlag,",838,381,944,390,reference
2004).,122,392,160,401,reference
[42],94,403,116,413,reference
"Fruchterman,",122,403,206,413,reference
T.,210,403,224,413,reference
M.,228,403,245,413,reference
&,249,403,260,413,reference
"Reingold,",264,403,322,413,reference
E.,326,403,340,413,reference
M.,344,403,361,413,reference
Graph,365,403,404,413,reference
Drawing,408,403,461,413,reference
by,465,403,480,413,reference
Force-Directed,483,403,574,413,reference
"Placement,",578,403,647,413,reference
Software:,651,403,709,413,reference
Practice,715,403,766,413,reference
&,770,403,781,413,reference
Experience,785,403,853,413,reference
"21,",858,403,878,413,reference
1129-1164,883,403,944,413,reference
(1991).,122,414,166,424,reference
[43],94,426,116,435,reference
"Kamada,",122,426,179,435,reference
T.,184,426,198,435,reference
&,204,426,215,435,reference
"Kawai,",220,426,263,435,reference
S.,269,426,281,435,reference
An,286,426,305,435,reference
algorithm,310,426,370,435,reference
for,376,426,393,435,reference
drawing,398,426,448,435,reference
general,453,426,497,435,reference
undirected,503,426,569,435,reference
graphs.,574,426,619,435,reference
Information,625,426,700,435,reference
Processing,706,426,771,435,reference
Letters,776,426,819,435,reference
(Elsevier),826,426,886,435,reference
"31,",891,426,912,435,reference
7-15,918,426,944,435,reference
(1989).,122,437,166,446,reference
[44],94,448,116,458,reference
"Hopcroft,",122,448,181,458,reference
J.,186,448,197,458,reference
&,202,448,213,458,reference
"Tarjan,",218,448,263,458,reference
R.,268,448,282,458,reference
E.,287,448,300,458,reference
Eﬃcient,305,448,356,458,reference
planarity,361,448,417,458,reference
testing.,422,448,468,458,reference
Journal,473,448,521,458,reference
of,526,448,537,458,reference
the,543,448,561,458,reference
Association,566,448,638,458,reference
for,644,448,661,458,reference
Computing,667,448,735,458,reference
Machinery,740,448,806,458,reference
"21,",812,448,833,458,reference
549-568,838,448,885,458,reference
(1974).,890,448,934,458,reference
[45],94,460,116,469,reference
"Yamada,",122,460,177,469,reference
"T.,",181,460,200,469,reference
"Saito,",204,460,240,469,reference
K.,244,460,259,469,reference
&,264,460,275,469,reference
"Ueda,",279,460,315,469,reference
N.,320,460,334,469,reference
Cross-entropy,339,460,425,469,reference
directed,429,460,479,469,reference
embedding,483,460,551,469,reference
of,555,460,566,469,reference
network,571,460,620,469,reference
"data,",625,460,656,469,reference
Proceedings,661,460,733,469,reference
of,737,460,749,469,reference
the,754,460,773,469,reference
20th,778,460,804,469,reference
International,809,460,891,469,reference
Confer-,896,460,944,469,reference
ence,122,471,150,480,reference
on,155,471,170,480,reference
Machine,175,471,229,480,reference
Learning,234,471,289,480,reference
"(ICML2003),",294,471,376,480,reference
832-839,381,471,429,480,reference
(2003).,433,471,477,480,reference
[46],94,482,116,491,reference
"Est´evez,",122,482,173,491,reference
P.,179,482,191,491,reference
"A.,",197,482,215,491,reference
"Figueroa,",221,482,279,491,reference
C.,285,482,299,491,reference
J.,304,482,316,491,reference
&,321,482,332,491,reference
"Saito,",337,482,373,491,reference
K.,379,482,394,491,reference
Cross-entropy,399,482,485,491,reference
embedding,490,482,558,491,reference
of,563,482,574,491,reference
high-dimensional,580,482,685,491,reference
data,690,482,718,491,reference
using,723,482,756,491,reference
the,761,482,781,491,reference
neural,787,482,825,491,reference
gas,831,482,851,491,reference
model.,856,482,897,491,reference
Neural,903,482,944,491,reference
"Networks,",122,493,184,503,reference
"18,",189,493,210,503,reference
727-737,214,493,262,503,reference
(2005).,267,493,310,503,reference
[47],94,505,116,514,reference
"Zachary,",122,505,175,514,reference
W.,180,505,198,514,reference
W.,203,505,221,514,reference
An,226,505,244,514,reference
information,249,505,321,514,reference
ﬂow,326,505,351,514,reference
model,355,505,393,514,reference
for,397,505,414,514,reference
conﬂict,419,505,464,514,reference
and,468,505,491,514,reference
ﬁssion,496,505,534,514,reference
in,538,505,550,514,reference
small,555,505,587,514,reference
groups.,592,505,637,514,reference
Journal,641,505,689,514,reference
of,694,505,706,514,reference
Anthropological,711,505,806,514,reference
Research,811,505,866,514,reference
"33,",871,505,892,514,reference
452-473,897,505,944,514,reference
(1977).,122,516,166,525,reference
[48],94,527,116,537,reference
"Gajer,",122,527,162,537,reference
"P.,",166,527,182,537,reference
"Goodrich,",186,527,248,537,reference
M.,252,527,269,537,reference
T.,273,527,287,537,reference
&,291,527,302,537,reference
"Kobourov,",306,527,371,537,reference
S.,375,527,387,537,reference
G.,391,527,406,537,reference
A,410,527,421,537,reference
multi-dimensional,425,527,536,537,reference
approach,540,527,597,537,reference
to,601,527,613,537,reference
force-directed,617,527,701,537,reference
layouts,705,527,749,537,reference
of,753,527,765,537,reference
large,769,527,799,537,reference
"graphs,",803,527,848,537,reference
Computational,852,527,944,537,reference
Geometry:,122,538,187,548,reference
Theory,194,538,238,548,reference
and,243,538,266,548,reference
Applications,271,538,348,548,reference
"29,",354,538,375,548,reference
3-18,380,538,406,548,reference
(2004).,410,538,454,548,reference
[49],94,550,116,559,reference
"Harel,",122,550,160,559,reference
D.,164,550,179,559,reference
&,183,550,194,559,reference
"Koren,",199,550,241,559,reference
Y.,245,550,259,559,reference
A,264,550,274,559,reference
fast,279,550,301,559,reference
multi-scale,305,550,372,559,reference
method,377,550,424,559,reference
for,428,550,445,559,reference
drawing,449,550,499,559,reference
large,503,550,533,559,reference
graphs.,537,550,582,559,reference
J.,586,550,598,559,reference
Graph,603,550,642,559,reference
Algorithms,646,550,714,559,reference
and,719,550,742,559,reference
"Applications,",746,550,828,559,reference
"6,",832,550,845,559,reference
179-202,849,550,896,559,reference
(2002).,901,550,944,559,reference
[50],94,561,116,570,reference
"Walshaw,",122,561,181,570,reference
C.,186,561,200,570,reference
A,205,561,216,570,reference
multilevel,220,561,281,570,reference
algorithm,286,561,346,570,reference
for,351,561,368,570,reference
force-directed,372,561,457,570,reference
graph,461,561,497,570,reference
drawing.,502,561,555,570,reference
J.,560,561,572,570,reference
Graph,577,561,615,570,reference
Algorithms,621,561,689,570,reference
"Appl.,",694,561,731,570,reference
"7,",736,561,749,570,reference
253-285,753,561,801,570,reference
(2003).,806,561,849,570,reference
[51],94,572,116,582,reference
"Hu,",122,572,145,582,reference
Y.,150,572,164,582,reference
F.,169,572,182,582,reference
Eﬃcient,187,572,238,582,reference
and,243,572,266,582,reference
high,271,572,298,582,reference
quality,302,572,345,582,reference
force-directed,350,572,434,582,reference
graph,439,572,475,582,reference
drawing.,479,572,533,582,reference
The,538,572,562,582,reference
Mathematica,567,572,647,582,reference
"Journal,",653,572,704,582,reference
"10,",709,572,730,582,reference
37-71,735,572,768,582,reference
(2006).,773,572,816,582,reference
[52],94,583,116,593,reference
"Szalay-Bek˝o,",122,583,202,593,reference
"M.,",206,583,227,593,reference
"Palotai,",231,583,279,593,reference
"R.,",283,583,301,593,reference
"Szappanos,",305,583,374,593,reference
"B.,",378,583,396,593,reference
"Kov´acs,",400,583,448,593,reference
I.,453,583,462,593,reference
"A.,",465,583,484,593,reference
"Papp,",488,583,524,593,reference
B.,528,583,542,593,reference
&,546,583,557,593,reference
Csermely,561,583,619,593,reference
"P.,",622,583,639,593,reference
ModuLand,643,583,711,593,reference
plug-in,715,583,758,593,reference
for,762,583,779,593,reference
Cytoscape:,783,583,851,593,reference
determination,857,583,944,593,reference
of,122,595,134,604,reference
hierarchical,139,595,210,604,reference
layers,215,595,250,604,reference
of,255,595,266,604,reference
overlapping,271,595,343,604,reference
network,347,595,397,604,reference
modules,402,595,453,604,reference
and,457,595,480,604,reference
community,485,595,554,604,reference
centrality.,559,595,621,604,reference
Bioinformatics,626,595,718,604,reference
"28,",724,595,745,604,reference
2202-2204,750,595,812,604,reference
(2012).,816,595,860,604,reference
[53],94,606,116,615,reference
"Six,",122,606,146,615,reference
J.,150,606,162,615,reference
"M.,",166,606,187,615,reference
&,192,606,203,615,reference
"Tollis,",208,606,246,615,reference
I.,250,606,259,615,reference
G.,264,606,279,615,reference
in,284,606,296,615,reference
Software,301,606,354,615,reference
"Visualization,",359,606,444,615,reference
Vol.,449,606,473,615,reference
"734,",478,606,503,615,reference
(ed,508,606,528,615,reference
"Zhang,",532,606,575,615,reference
K.),580,606,600,615,reference
Ch.,605,606,627,615,reference
"14,",632,606,650,615,reference
413-437,655,606,702,615,reference
(Springer,707,606,765,615,reference
"US,",770,606,792,615,reference
2003).,797,606,835,615,reference
[54],94,617,116,627,reference
"Goh,",122,617,153,627,reference
K.-I.et,157,617,198,627,reference
al.,203,617,218,627,reference
The,222,617,247,627,reference
human,252,617,294,627,reference
disease,299,617,342,627,reference
network.,346,617,400,627,reference
Proc.,405,617,437,627,reference
Natl.,442,617,473,627,reference
Acad.,478,617,513,627,reference
Sci.,518,617,542,627,reference
USA,547,617,577,627,reference
"104,",581,617,610,627,reference
8685-8690,615,617,677,627,reference
(2007).,682,617,725,627,reference
The,122,628,147,638,reference
network,152,628,202,638,reference
data,207,628,235,638,reference
can,240,628,261,638,reference
be,266,628,281,638,reference
downloaded,286,628,359,638,reference
from,365,628,394,638,reference
the,399,628,419,638,reference
following,424,628,479,638,reference
site:,484,628,510,638,reference
"Goh,",517,628,547,638,reference
"K.-I.,",553,628,585,638,reference
"Cusick,",591,628,636,638,reference
"M.,",641,628,662,638,reference
"Valle,",668,628,702,638,reference
"D.,",708,628,727,638,reference
"Childs,",732,628,776,638,reference
"B.,",781,628,799,638,reference
"Vidal,",804,628,842,638,reference
M.,847,628,864,638,reference
&,869,628,881,638,reference
"Barab´asi,",886,628,944,638,reference
"A.-L.,",122,640,159,649,reference
The,163,640,188,649,reference
human,193,640,235,649,reference
disease,240,640,282,649,reference
network,287,640,337,649,reference
(the,341,640,367,649,reference
human,371,640,414,649,reference
"diseasome).,",418,640,494,649,reference
(2006),498,640,538,649,reference
(Date,543,640,578,649,reference
of,583,640,594,649,reference
access:15/02/2015),599,640,717,649,reference
http://www.barabasilab.com/pubs/CCNR-ALB,122,652,407,661,reference
Publications/200705-14,412,652,569,661,reference
PNAS-HumanDisease/Suppl/index.htm,574,652,809,661,reference
##LTLine##,408,658,412,658,reference
##LTLine##,570,658,574,658,reference
