token,x0,y0,x1,y1,label
∗,875,57,882,74,paragraph
Weak,123,66,176,81,title
Gravity,184,66,257,81,title
Conjecture,264,66,370,81,title
as,377,66,396,81,title
a,404,66,414,81,title
Razor,422,66,479,81,title
Criterium,486,66,581,81,title
for,588,66,615,81,title
Exotic,622,66,684,81,title
D-brane,691,66,769,81,title
instantons,777,66,875,81,title
†,559,90,565,105,paragraph
Andrea,440,98,492,110,author
Addazi1,501,96,558,110,author
‡,500,105,505,118,paragraph
§,500,118,505,131,paragraph
We,192,159,213,170,abstract
discuss,220,159,265,170,abstract
implications,272,159,351,170,abstract
of,358,159,370,170,abstract
Weak,376,159,413,170,abstract
gravity,419,159,465,170,abstract
conjecture,472,159,539,170,abstract
(WGC),546,159,595,170,abstract
for,602,159,620,170,abstract
exotic,626,159,665,170,abstract
D-brane,672,159,725,170,abstract
instantons.,732,159,803,170,abstract
In,815,159,828,170,abstract
"particular,",177,172,246,183,abstract
WGC,251,172,289,183,abstract
leads,294,172,327,183,abstract
to,332,172,345,183,abstract
indirect,351,172,401,183,abstract
stringent,406,172,464,183,abstract
bounds,470,172,517,183,abstract
on,522,172,538,183,abstract
non-perturbative,543,172,654,183,abstract
superpotentials,659,172,760,183,abstract
generated,765,172,828,183,abstract
by,177,185,193,197,abstract
exotic,201,185,239,197,abstract
"instantons,",247,185,319,197,abstract
with,327,185,356,197,abstract
many,363,185,399,197,abstract
implications,407,185,486,197,abstract
for,494,185,512,197,abstract
phenomenology:,519,185,625,197,abstract
R-parity,637,185,692,197,abstract
violating,699,185,757,197,abstract
"processes,",764,185,828,197,abstract
neutrino,177,199,233,210,abstract
"mass,",238,199,274,210,abstract
"µ-problem,",279,199,351,210,abstract
Neutron-Antineutron,356,199,495,210,abstract
transitions,500,199,570,210,abstract
and,575,199,599,210,abstract
collider,604,199,652,210,abstract
physics.,657,199,708,210,abstract
PACS,177,228,213,238,paragraph
numbers:,218,228,273,238,paragraph
I.,203,264,214,275,section
INTRODUCTION,231,264,373,275,section
are,517,263,539,275,paragraph
always,548,263,594,275,paragraph
in,603,263,616,275,paragraph
a,625,263,633,275,paragraph
correspondence.,641,263,754,275,paragraph
In,770,263,785,275,paragraph
"particular,",794,263,868,275,paragraph
gauge,877,263,918,275,paragraph
instantons,517,277,590,290,paragraph
in,597,277,610,290,paragraph
a,616,277,624,290,paragraph
d-dimensional,630,277,729,290,paragraph
YM,735,277,762,290,paragraph
theory,768,277,814,290,paragraph
correspond,820,277,897,290,paragraph
to,903,277,918,290,paragraph
The,104,295,132,308,paragraph
Weak,138,295,177,308,paragraph
Gravity,182,295,237,308,paragraph
Conjecture,242,295,320,308,paragraph
(WGC),325,295,378,308,paragraph
states,384,295,425,308,paragraph
that,430,295,460,308,paragraph
the,466,295,488,308,paragraph
monopole,517,292,586,304,paragraph
solutions,593,292,656,304,paragraph
in,663,292,677,304,paragraph
higher,684,292,729,304,paragraph
dimensional,736,292,821,304,paragraph
YM,828,292,855,304,paragraph
theories,863,292,918,304,paragraph
weakest,88,309,143,322,paragraph
force,148,309,182,322,paragraph
is,188,309,199,322,paragraph
gravity,205,309,254,322,paragraph
[1],260,309,277,322,paragraph
1.,283,308,295,322,paragraph
This,303,309,335,322,paragraph
implies,341,309,390,322,paragraph
that,396,309,426,322,paragraph
for,432,309,451,322,paragraph
each,457,309,488,322,paragraph
closed,517,306,560,319,paragraph
by,566,306,583,319,paragraph
domain,589,306,641,319,paragraph
walls,647,306,682,319,paragraph
[35].,688,306,718,319,paragraph
In,726,306,741,319,paragraph
"particular,",747,306,821,319,paragraph
the,827,306,850,319,paragraph
action,856,306,899,319,paragraph
of,905,306,918,319,paragraph
abelian,88,324,139,337,paragraph
gauge,143,324,183,337,paragraph
boson,187,324,229,337,paragraph
"UX(1),",233,324,281,338,paragraph
there,286,324,322,337,paragraph
must,326,324,361,337,paragraph
be,365,324,381,337,paragraph
a,385,324,393,337,paragraph
light,397,324,429,337,paragraph
charged,433,324,488,337,paragraph
instantons,517,321,590,333,paragraph
is,595,321,606,333,paragraph
S,610,321,620,333,paragraph
=,626,321,638,333,paragraph
"Mmon/vX,",643,321,718,334,paragraph
i.e.,723,321,744,333,paragraph
it,751,321,762,333,paragraph
is,766,321,777,333,paragraph
bounded,781,321,842,333,paragraph
by,847,321,864,333,paragraph
Eq.(3).,868,321,918,333,paragraph
particle,88,338,141,351,paragraph
with,146,338,177,351,paragraph
mass,182,338,216,351,paragraph
m,221,338,235,351,paragraph
and,240,338,266,351,paragraph
charge,270,338,316,351,paragraph
q,321,338,328,351,paragraph
satisfying,345,338,412,351,paragraph
the,416,338,439,351,paragraph
bound,443,338,488,351,paragraph
These,517,335,559,348,paragraph
arguments,563,335,637,348,paragraph
can,641,335,666,348,paragraph
be,670,335,687,348,paragraph
generalized,691,335,770,348,paragraph
in,774,335,787,348,paragraph
string,791,335,832,348,paragraph
theories.,836,335,896,348,paragraph
In,903,335,918,348,paragraph
X,328,343,339,352,paragraph
particular,517,349,587,362,paragraph
Euclidean,593,349,663,362,paragraph
D-brane,669,349,727,362,paragraph
instantons,733,349,806,362,paragraph
in,812,349,825,362,paragraph
IIA,832,349,856,362,paragraph
and,862,349,888,362,paragraph
IIB,894,349,918,362,paragraph
m,255,360,269,372,paragraph
≤,278,359,291,381,paragraph
superstring,517,364,597,377,paragraph
theories,603,364,659,377,paragraph
can,665,364,690,377,paragraph
be,696,364,713,377,paragraph
understood,720,364,799,377,paragraph
as,806,364,821,377,paragraph
a,827,364,835,377,paragraph
generaliza-,842,364,918,377,paragraph
M,295,368,311,381,paragraph
(1),467,368,488,381,paragraph
qX,252,377,270,390,paragraph
Pl,311,373,325,382,paragraph
tion,517,378,546,391,paragraph
of,552,378,566,391,paragraph
the,572,378,595,391,paragraph
soliton/instanton,602,378,724,391,paragraph
correspondence:,731,378,843,391,paragraph
a,854,378,862,391,paragraph
stringy,869,378,918,391,paragraph
instanton,517,393,584,405,paragraph
in,592,393,605,405,paragraph
the,613,393,635,405,paragraph
eﬀective,643,393,700,405,paragraph
low,708,393,732,405,paragraph
energy,739,393,786,405,paragraph
4-d,794,393,816,405,paragraph
theory,824,393,870,405,paragraph
corre-,877,393,918,405,paragraph
In,88,402,103,414,paragraph
other,109,402,146,414,paragraph
"words,",152,402,198,414,paragraph
for,205,402,224,414,paragraph
every,230,402,268,414,paragraph
U,274,402,285,414,paragraph
(1),298,402,318,414,paragraph
gauge,325,402,365,414,paragraph
in,372,402,385,414,paragraph
4-d,392,402,414,414,paragraph
there,420,402,457,414,paragraph
is,463,402,474,414,paragraph
a,480,402,488,414,paragraph
X,285,407,296,416,paragraph
sponds,517,407,566,420,paragraph
to,573,407,587,420,paragraph
a,594,407,603,420,paragraph
Euclidean,609,407,679,420,paragraph
D-brane,686,407,744,420,paragraph
in,751,407,764,420,paragraph
the,771,407,794,420,paragraph
10-d,801,407,832,420,paragraph
superstring,839,407,918,420,paragraph
new,88,416,116,429,paragraph
UV,121,416,146,429,paragraph
scale,151,416,185,429,paragraph
satisfying,190,416,257,429,paragraph
the,263,416,285,429,paragraph
bound,291,416,335,429,paragraph
theory.,517,422,566,434,paragraph
As,573,422,592,434,paragraph
is,597,422,608,434,paragraph
"known,",613,422,663,434,paragraph
Euclidean,668,422,738,434,paragraph
D-(p-4),743,422,796,434,paragraph
branes,801,422,847,434,paragraph
wrapping,852,422,918,434,paragraph
√g,328,436,345,458,paragraph
the,517,436,540,449,paragraph
same,546,436,581,449,paragraph
n-cycles,586,436,642,449,paragraph
of,647,436,661,449,paragraph
ordinary,666,436,726,449,paragraph
D-p,732,436,759,449,paragraph
branes,764,436,810,449,paragraph
on,816,436,833,449,paragraph
the,838,436,861,449,paragraph
Calabi-,866,436,918,449,paragraph
Λ,208,446,219,458,paragraph
=,236,446,248,458,paragraph
g,253,446,261,458,paragraph
M,273,446,289,458,paragraph
=,309,446,321,458,paragraph
X,345,442,355,451,paragraph
(2),467,446,488,458,paragraph
X,219,451,230,460,paragraph
X,261,451,271,460,paragraph
Pl,289,451,303,460,paragraph
Yau,517,451,546,463,paragraph
internal,550,451,604,463,paragraph
space,608,451,646,463,paragraph
reproduce,651,451,721,463,paragraph
YM,725,451,752,463,paragraph
gauge,756,451,797,463,paragraph
instantons,801,451,874,463,paragraph
in,878,451,891,463,paragraph
the,895,451,918,463,paragraph
GN,341,455,364,469,paragraph
low,517,465,541,478,paragraph
energy,547,465,594,478,paragraph
4-d,600,465,622,478,paragraph
gauge,628,465,669,478,paragraph
theory,675,465,720,478,paragraph
(α(cid:48),726,457,747,478,paragraph
=,752,465,765,478,paragraph
l2,770,464,782,478,paragraph
→,788,456,804,478,paragraph
0).,809,465,828,478,paragraph
"However,",837,465,901,478,paragraph
it,907,465,918,478,paragraph
s,775,471,781,480,paragraph
The,88,480,116,493,paragraph
WGC,120,480,161,493,paragraph
is,165,480,176,493,paragraph
motivated,180,480,251,493,paragraph
by,255,480,272,493,paragraph
two,277,480,302,493,paragraph
main,306,480,341,493,paragraph
arguments:,346,480,424,493,paragraph
i),431,480,441,493,paragraph
global,446,480,488,493,paragraph
exists,517,480,557,492,paragraph
a,561,480,569,492,paragraph
new,573,480,601,492,paragraph
class,605,480,637,492,paragraph
of,641,480,654,492,paragraph
"instantons,",658,480,736,492,paragraph
dub,740,480,767,492,paragraph
exotic,771,480,812,492,paragraph
"instantons,",816,480,894,492,paragraph
as-,898,480,918,492,paragraph
abelian,88,495,139,507,paragraph
symmetries,145,495,225,507,paragraph
cannot,230,495,278,507,paragraph
exist,284,495,317,507,paragraph
in,323,495,336,507,paragraph
string,342,495,383,507,paragraph
theory;,389,495,439,507,paragraph
ii),445,495,460,507,paragraph
the,466,495,488,507,paragraph
sociated,517,494,575,507,paragraph
to,581,494,595,507,paragraph
Euclidean,601,494,671,507,paragraph
D-(p-4),677,494,730,507,paragraph
branes,735,494,782,507,paragraph
wrapping,787,494,853,507,paragraph
diﬀerent,859,494,918,507,paragraph
absence,88,509,142,522,paragraph
of,146,509,159,522,paragraph
black,164,509,201,522,paragraph
hole,205,509,234,522,paragraph
"remnants,",238,509,308,522,paragraph
motivated,313,509,384,522,paragraph
by,388,509,405,522,paragraph
holography,409,509,488,522,paragraph
n-cycles,517,509,573,521,paragraph
than,579,509,611,521,paragraph
background,617,509,699,521,paragraph
D-p,705,509,732,521,paragraph
branes.,737,509,788,521,paragraph
This,795,509,827,521,paragraph
implies,833,509,883,521,paragraph
that,888,509,918,521,paragraph
[22].,88,524,118,536,paragraph
We,124,524,147,536,paragraph
mention,151,524,208,536,paragraph
that,212,524,242,536,paragraph
a,246,524,254,536,paragraph
possible,258,524,314,536,paragraph
test,318,524,344,536,paragraph
of,348,524,361,536,paragraph
the,365,524,388,536,paragraph
WGC,392,524,433,536,paragraph
applied,437,524,488,536,paragraph
exotic,517,523,560,536,paragraph
instantons,565,523,638,536,paragraph
are,644,523,665,536,paragraph
not,671,523,695,536,paragraph
related,700,523,749,536,paragraph
to,755,523,769,536,paragraph
any,775,523,800,536,paragraph
gauge,806,523,846,536,paragraph
couplings,852,523,918,536,paragraph
to,88,538,102,551,paragraph
a,107,538,115,551,paragraph
long-range,120,538,194,551,paragraph
U(1),199,538,233,551,paragraph
−,243,537,253,552,paragraph
can,268,538,293,551,paragraph
be,297,538,314,551,paragraph
in,319,538,333,551,paragraph
Neutron-Antineutron,338,538,488,551,paragraph
of,517,538,531,550,paragraph
the,535,538,557,550,paragraph
d,562,538,570,550,paragraph
=,575,538,587,550,paragraph
4,592,538,600,550,paragraph
eﬀective,604,538,662,550,paragraph
gauge,666,538,707,550,paragraph
theory.,711,538,760,550,paragraph
"Intriguingly,",767,538,854,550,paragraph
they,858,538,889,550,paragraph
can,894,538,918,550,paragraph
B,233,543,243,552,paragraph
L,253,543,262,552,paragraph
oscillation,88,553,159,565,paragraph
experiments,164,553,249,565,paragraph
(See,254,553,284,565,paragraph
[19–21],289,553,338,565,paragraph
for,343,553,362,565,paragraph
recent,367,553,410,565,paragraph
analysis,415,553,470,565,paragraph
of,475,553,488,565,paragraph
generate,517,552,577,565,paragraph
new,582,552,610,565,paragraph
eﬀective,615,552,673,565,paragraph
superpotential,678,552,780,565,paragraph
terms,785,552,825,565,paragraph
among,830,552,877,565,paragraph
ﬁelds,882,552,918,565,paragraph
stringent,88,567,151,580,paragraph
limits,157,567,197,580,paragraph
on,204,567,221,580,paragraph
B-L,228,567,255,580,paragraph
couplings,261,567,328,580,paragraph
to,334,567,349,580,paragraph
neutrons,355,567,417,580,paragraph
(antineu-,424,567,488,580,paragraph
even,517,566,549,579,paragraph
if,555,566,564,579,paragraph
not,570,566,594,579,paragraph
allowed,599,566,652,579,paragraph
at,657,566,672,579,paragraph
perturbative,678,566,766,579,paragraph
level,772,566,803,579,paragraph
2.,809,565,821,579,paragraph
"Recently,",829,566,894,579,paragraph
we,899,566,918,579,paragraph
trons)).,88,582,141,594,paragraph
discussed,517,581,583,593,paragraph
possible,591,581,647,593,paragraph
implications,656,581,742,593,paragraph
of,750,581,764,593,paragraph
exotic,772,581,814,593,paragraph
instantons,823,581,896,593,paragraph
in,904,581,918,593,paragraph
−,534,586,546,608,paragraph
A,104,596,116,609,paragraph
more,124,596,159,609,paragraph
surprising,166,596,236,609,paragraph
result,244,596,284,609,paragraph
is,291,596,302,609,paragraph
"that,",309,596,344,609,paragraph
according,352,596,420,609,paragraph
to,427,596,441,609,paragraph
Weak,449,596,488,609,paragraph
B,517,595,530,608,paragraph
L,549,595,560,608,paragraph
physics.,565,595,621,608,paragraph
In,628,595,643,608,paragraph
"fact,",648,595,679,608,paragraph
contrary,684,595,744,608,paragraph
to,749,595,763,608,paragraph
gauge,768,595,809,608,paragraph
"instantons,",814,595,892,608,paragraph
ex-,897,595,918,608,paragraph
gravity,88,610,138,623,paragraph
"conjecture,",144,610,222,623,paragraph
Eq.(1),229,610,274,623,paragraph
should,280,610,327,623,paragraph
be,333,610,350,623,paragraph
also,357,610,384,623,paragraph
true,391,610,420,623,paragraph
for,427,610,446,623,paragraph
mag-,453,610,488,623,paragraph
otic,517,610,544,622,paragraph
instantons,548,610,621,622,paragraph
could,626,610,664,622,paragraph
violate,669,610,716,622,paragraph
U(1),721,610,755,622,paragraph
vector-like,760,610,833,622,paragraph
symmetries,838,610,918,622,paragraph
−,563,615,575,637,paragraph
netic,88,625,122,638,paragraph
monopoles.,130,625,209,638,paragraph
For,223,625,246,638,paragraph
"example,",254,625,317,638,paragraph
for,325,625,344,638,paragraph
a,352,625,360,638,paragraph
t’Hooft-Polyakov,368,625,488,638,paragraph
like,517,624,542,637,paragraph
B,547,624,559,637,paragraph
L,578,624,589,637,paragraph
with,594,624,626,637,paragraph
a,631,624,639,637,paragraph
strong,644,624,688,637,paragraph
coupling.,693,624,758,637,paragraph
For,765,624,788,637,paragraph
"example,",793,624,856,637,paragraph
∆B,861,624,887,637,paragraph
=,893,624,905,637,paragraph
2,910,624,918,637,paragraph
→,399,630,415,652,paragraph
monopole,88,639,156,652,paragraph
obtained,162,639,224,652,paragraph
by,230,639,247,652,paragraph
the,253,639,276,652,paragraph
Higgsing,282,639,343,652,paragraph
SU(2),349,639,394,652,paragraph
"U(1),",421,639,459,652,paragraph
the,466,639,488,652,paragraph
violating,517,639,579,651,paragraph
processes,585,639,650,651,paragraph
like,656,639,680,651,paragraph
Neutron-Antineutron,686,639,837,651,paragraph
transitions,843,639,918,651,paragraph
Weak,88,654,127,666,paragraph
gravity,133,654,182,666,paragraph
conjecture,188,654,261,666,paragraph
sets,266,654,292,666,paragraph
a,298,654,306,666,paragraph
bound,311,654,356,666,paragraph
which,362,654,403,666,paragraph
reads,408,654,445,666,paragraph
can,517,653,542,666,paragraph
be,548,653,565,666,paragraph
generated,570,653,639,666,paragraph
from,645,653,678,666,paragraph
several,684,653,732,666,paragraph
diﬀerent,738,653,797,666,paragraph
"models,",803,653,857,666,paragraph
without,863,653,918,666,paragraph
destabilizing,517,668,606,680,paragraph
the,611,668,634,680,paragraph
proton,639,668,686,680,paragraph
[23–34].,691,668,745,680,paragraph
So,753,668,770,680,paragraph
"that,",775,668,809,680,paragraph
it,814,668,825,680,paragraph
is,830,668,841,680,paragraph
important,846,668,918,680,paragraph
≤,239,677,252,699,paragraph
∼,312,677,325,699,paragraph
1,337,678,345,690,paragraph
to,517,682,532,695,paragraph
identify,536,682,590,695,paragraph
a,595,682,603,695,paragraph
possible,607,682,663,695,paragraph
razor,667,682,704,695,paragraph
principle,708,682,770,695,paragraph
for,775,682,794,695,paragraph
exotic,799,682,841,695,paragraph
instantons,845,682,918,695,paragraph
M,192,686,208,699,paragraph
g,256,686,264,699,paragraph
M,276,686,292,699,paragraph
M,353,686,369,699,paragraph
(3),467,686,488,699,paragraph
mon,208,691,234,700,paragraph
m,264,691,276,700,paragraph
Pl,292,691,306,700,paragraph
gX,331,695,349,709,paragraph
Pl,369,691,383,700,paragraph
"which,",517,697,563,709,paragraph
rephrasing,568,697,642,709,paragraph
Arkani-Hamed,646,697,750,709,paragraph
et,754,697,767,709,paragraph
al,771,697,784,709,paragraph
(in,788,697,808,709,paragraph
Ref.,812,697,841,709,paragraph
"[1]),",848,697,876,709,paragraph
could,880,697,918,709,paragraph
select,517,711,556,724,paragraph
D-brane,562,711,619,724,paragraph
instantons,625,711,698,724,paragraph
of,705,711,718,724,paragraph
the,724,711,745,724,paragraph
Landscape,752,711,823,724,paragraph
against,830,711,880,724,paragraph
ones,886,711,918,724,paragraph
where,88,719,129,732,paragraph
g,135,719,143,732,paragraph
is,160,719,171,732,paragraph
the,177,719,200,732,paragraph
monopole,205,719,273,732,paragraph
magnetic,279,719,343,732,paragraph
charge.,349,719,399,732,paragraph
This,406,719,438,732,paragraph
bound,443,719,488,732,paragraph
m,143,724,154,733,paragraph
of,517,726,531,738,paragraph
Swamplands.,536,726,627,738,paragraph
In,634,726,649,738,paragraph
this,653,726,679,738,paragraph
"paper,",684,726,729,738,paragraph
we,733,726,752,738,paragraph
suggest,756,726,808,738,paragraph
an,812,726,829,738,paragraph
extension,834,726,900,738,paragraph
of,905,726,918,738,paragraph
is,88,734,99,746,paragraph
also,102,734,130,746,paragraph
understood,133,734,213,746,paragraph
by,216,734,234,746,paragraph
the,237,734,260,746,paragraph
fact,264,734,290,746,paragraph
that,294,734,324,746,paragraph
a,327,734,335,746,paragraph
fundamental,339,734,428,746,paragraph
monopole,431,734,500,746,paragraph
the,517,740,540,753,paragraph
Weak,545,740,584,753,paragraph
gravity,589,740,638,753,paragraph
conjecture,643,740,716,753,paragraph
to,721,740,735,753,paragraph
exotic,740,740,782,753,paragraph
stringy,786,740,836,753,paragraph
instantons.,840,740,918,753,paragraph
cannot,88,748,136,761,paragraph
have,144,748,176,761,paragraph
an,184,748,201,761,paragraph
energy,209,748,255,761,paragraph
density,263,748,314,761,paragraph
higher,322,748,366,761,paragraph
than,374,748,406,761,paragraph
black,414,748,451,761,paragraph
hole,459,748,488,761,paragraph
In,517,755,532,767,paragraph
"particular,",537,755,611,767,paragraph
we,615,755,634,767,paragraph
will,638,755,663,767,paragraph
see,667,755,688,767,paragraph
how,692,755,721,767,paragraph
the,725,755,748,767,paragraph
weak,752,755,787,767,paragraph
gravity,791,755,841,767,paragraph
conjecture,845,755,918,767,paragraph
one.,88,763,117,775,paragraph
As,125,763,144,775,paragraph
is,149,763,160,775,paragraph
well,166,763,194,775,paragraph
"known,",200,763,250,775,paragraph
monopoles,256,763,331,775,paragraph
and,337,763,363,775,paragraph
gauge,369,763,409,775,paragraph
instantons,415,763,488,775,paragraph
on,517,769,535,782,paragraph
exotic,540,769,582,782,paragraph
instantons,587,769,660,782,paragraph
can,666,769,690,782,paragraph
provide,695,769,748,782,paragraph
stringent,753,769,816,782,paragraph
constrains,821,769,893,782,paragraph
for,898,769,918,782,paragraph
internal,517,783,572,796,paragraph
spaces,580,783,625,796,paragraph
and,633,783,659,796,paragraph
n-cycle,667,783,716,796,paragraph
geometries.,724,783,804,796,paragraph
We,819,783,842,796,paragraph
will,850,783,875,796,paragraph
show,883,783,918,796,paragraph
how,517,798,546,810,paragraph
the,552,798,575,810,paragraph
WGC,582,798,622,810,paragraph
on,629,798,646,810,paragraph
exotic,652,798,695,810,paragraph
instantons,701,798,774,810,paragraph
leads,780,798,816,810,paragraph
to,822,798,837,810,paragraph
interesting,843,798,918,810,paragraph
∗,90,812,96,825,paragraph
predictions,517,812,595,825,paragraph
in,601,812,614,825,paragraph
phenomenology.,620,812,733,825,paragraph
†,91,825,96,838,paragraph
andrea.addazi@infn.lngs.it,102,832,260,842,footer
‡,91,837,96,850,paragraph
§,91,849,96,863,paragraph
1,90,863,96,871,paragraph
We,102,865,121,875,footer
mention,126,865,174,875,footer
that,179,865,205,875,footer
recently,210,865,257,875,footer
many,262,865,295,875,footer
papers,300,865,340,875,footer
on,345,865,359,875,footer
weak,364,865,394,875,footer
gravity,399,865,441,875,footer
conjec-,446,865,488,875,footer
ture,102,877,126,887,footer
in,133,877,144,887,footer
context,151,877,195,887,footer
of,202,877,213,887,footer
N-ﬁeld,219,877,260,887,footer
and,266,877,289,887,footer
axion,295,877,328,887,footer
monodromy,334,877,406,887,footer
inﬂation,413,877,462,887,footer
ap-,469,877,488,887,footer
2,520,875,526,883,paragraph
D-brane,531,877,580,887,footer
instantons,585,877,647,887,footer
were,651,877,678,887,footer
studied,683,877,726,887,footer
in,731,877,742,887,footer
various,747,877,789,887,footer
quiver,794,877,831,887,footer
theories,835,877,882,887,footer
with-,886,877,918,887,footer
peared,102,889,142,899,footer
"[2,",146,889,161,899,footer
"4–7,",166,889,190,899,footer
9–12].,195,889,230,899,footer
Other,236,889,272,899,footer
recent,276,889,313,899,footer
applications,317,889,389,899,footer
can,394,889,415,899,footer
be,419,889,433,899,footer
found,438,889,472,899,footer
in,477,889,488,899,footer
out,531,889,551,899,footer
and,556,889,578,899,footer
with,582,889,609,899,footer
ﬂuxes,613,889,648,899,footer
in,652,889,663,899,footer
"Refs.[36–38,",668,889,740,899,footer
"40,",744,889,762,899,footer
41],766,889,784,899,footer
(See,788,889,813,899,footer
also,818,889,841,899,footer
Ref.,845,889,870,899,footer
[39],876,889,897,899,footer
for,901,889,918,899,footer
Refs.,102,901,131,911,footer
[13–18].,138,901,184,911,footer
a,531,901,538,911,footer
review,543,901,582,911,footer
on,586,901,601,911,footer
D-brane,606,901,655,911,footer
instantons).,659,901,730,911,footer
##LTLine##,252,375,272,375,paragraph
##LTLine##,328,453,366,453,paragraph
##LTLine##,341,455,366,455,paragraph
##LTLine##,331,693,351,693,paragraph
##LTLine##,88,796,147,796,paragraph
##LTLine##,517,852,576,852,paragraph
