token,x0,y0,x1,y1,label
In,209,161,227,176,paragraph
a,234,161,244,176,paragraph
standard,251,161,325,176,paragraph
"simulation,",332,161,424,176,paragraph
when,432,161,475,176,paragraph
taking,483,161,535,176,paragraph
into,543,161,575,176,paragraph
account,582,161,647,176,paragraph
Newton’s,654,161,731,176,paragraph
third,739,161,780,176,paragraph
law,787,161,816,176,paragraph
−,230,168,246,195,paragraph
−,741,169,752,186,paragraph
f,181,180,190,195,paragraph
=,209,179,224,195,paragraph
f,246,180,255,195,paragraph
",",267,179,272,195,paragraph
the,279,179,306,195,paragraph
computational,313,179,433,195,paragraph
cost,440,179,473,195,paragraph
of,481,179,496,195,paragraph
pair-wise,503,179,578,195,paragraph
interactions,585,179,682,195,paragraph
is,689,179,702,195,paragraph
N(N,711,176,740,186,paragraph
1).,752,176,772,195,paragraph
The,783,179,816,195,paragraph
ij,190,186,200,196,paragraph
ji,255,186,266,196,paragraph
2,734,189,741,199,paragraph
resulting,181,198,253,213,paragraph
quadratic,262,198,341,213,paragraph
complexity,349,198,440,213,paragraph
in,449,198,465,213,paragraph
the,473,198,500,213,paragraph
number,508,198,571,213,paragraph
of,580,198,595,213,paragraph
particles,604,198,674,213,paragraph
is,683,198,695,213,paragraph
not,704,198,732,213,paragraph
favorable,740,198,816,213,paragraph
due,181,216,210,231,paragraph
to,218,216,235,231,paragraph
the,243,216,269,231,paragraph
system,277,216,334,231,paragraph
"size,",342,216,377,231,paragraph
and,385,216,416,231,paragraph
therefore,424,216,498,231,paragraph
neighbor,505,216,578,231,paragraph
lists,585,216,618,231,paragraph
are,626,216,652,231,paragraph
usually,659,216,719,231,paragraph
introduced,726,216,816,231,paragraph
(see,181,234,213,249,paragraph
Allen,220,234,264,249,paragraph
and,272,234,303,249,paragraph
Tildesley,310,234,385,249,paragraph
(1989);,393,234,451,249,paragraph
Frenkel,459,234,519,249,paragraph
and,527,234,558,249,paragraph
Smit,565,234,604,249,paragraph
(2002)).,612,234,678,249,paragraph
For,690,234,718,249,paragraph
a,725,234,735,249,paragraph
compari-,742,234,816,249,paragraph
son,181,252,208,268,paragraph
of,216,252,232,268,paragraph
various,239,252,299,268,paragraph
approaches,306,252,398,268,paragraph
for,406,252,429,268,paragraph
neighbor,437,252,509,268,paragraph
list,517,252,543,268,paragraph
methods,550,252,621,268,paragraph
we,629,252,651,268,paragraph
refer,659,252,696,268,paragraph
the,704,252,731,268,paragraph
reader,739,252,791,268,paragraph
to,799,252,816,268,paragraph
Artemova,181,271,262,286,paragraph
et,269,271,285,286,paragraph
al.,292,271,312,286,paragraph
(2011).,319,271,378,286,paragraph
Neighbor,388,271,464,286,paragraph
lists,471,271,504,286,paragraph
can,511,271,540,286,paragraph
be,547,271,566,286,paragraph
used,573,271,611,286,paragraph
in,618,271,634,286,paragraph
systems,641,271,705,286,paragraph
where,712,271,761,286,paragraph
forces,768,271,816,286,paragraph
vanish,181,289,233,304,paragraph
after,242,289,280,304,paragraph
a,288,289,298,304,paragraph
certain,306,289,364,304,paragraph
cut-oﬀ,372,289,425,304,paragraph
"distance,",434,289,507,304,paragraph
so,516,289,533,304,paragraph
that,541,289,576,304,paragraph
each,584,289,621,304,paragraph
particle,629,289,692,304,paragraph
only,700,289,736,304,paragraph
interacts,744,289,816,304,paragraph
with,181,307,218,322,paragraph
a,225,307,234,322,paragraph
relatively,241,307,318,322,paragraph
limited,325,307,383,322,paragraph
number,390,307,453,322,paragraph
of,460,307,475,322,paragraph
neighbors.,482,307,567,322,paragraph
For,577,307,604,322,paragraph
"simplicity,",611,307,696,322,paragraph
we,703,307,724,322,paragraph
consider,731,307,799,322,paragraph
a,806,307,816,322,paragraph
homogenous,181,325,283,341,paragraph
system,290,325,347,341,paragraph
where,354,325,403,341,paragraph
we,410,325,432,341,paragraph
assume,439,325,499,341,paragraph
that,506,325,541,341,paragraph
the,548,325,574,341,paragraph
number,582,325,645,341,paragraph
of,652,325,667,341,paragraph
neighbors,674,325,754,341,paragraph
C,761,325,775,341,paragraph
of,783,325,799,341,paragraph
a,806,325,816,341,paragraph
particle,181,344,243,359,paragraph
is,249,344,262,359,paragraph
the,268,344,294,359,paragraph
same,300,344,341,359,paragraph
for,347,344,370,359,paragraph
each,376,344,412,359,paragraph
particle.,418,344,486,359,paragraph
Taking,494,344,552,359,paragraph
into,557,344,590,359,paragraph
account,595,344,660,359,paragraph
"that,",665,344,706,359,paragraph
for,712,344,735,359,paragraph
each,740,344,777,359,paragraph
pair,783,344,816,359,paragraph
"(i,",181,362,200,377,paragraph
"j),",203,362,225,377,paragraph
we,231,362,253,377,paragraph
may,259,362,294,377,paragraph
only,300,362,336,377,paragraph
compute,342,362,413,377,paragraph
the,419,362,446,377,paragraph
force,452,362,492,377,paragraph
f,498,362,507,377,paragraph
and,525,362,556,377,paragraph
deduce,562,362,620,377,paragraph
f,626,362,635,377,paragraph
thanks,653,362,709,377,paragraph
to,715,362,732,377,paragraph
Newton’s,738,362,816,377,paragraph
ij,507,368,518,378,paragraph
ji,635,368,646,378,paragraph
third,181,380,222,395,paragraph
"law,",228,380,262,395,paragraph
the,268,380,295,395,paragraph
number,301,380,364,395,paragraph
of,371,380,386,395,paragraph
interactions,393,380,490,395,paragraph
reduces,496,380,558,395,paragraph
to,564,380,581,395,paragraph
NC,590,378,612,388,paragraph
.,615,380,620,395,paragraph
2,598,389,605,399,paragraph
The,209,398,242,413,paragraph
BAO,251,398,293,413,paragraph
discretization,301,398,413,413,paragraph
scheme,421,398,480,413,paragraph
(4),489,398,513,413,paragraph
can,522,398,550,413,paragraph
be,559,398,578,413,paragraph
formalized,587,398,673,413,paragraph
in,682,398,698,413,paragraph
the,706,398,733,413,paragraph
following,741,398,816,413,paragraph
way:,181,417,218,432,paragraph
Input:,226,443,285,458,paragraph
Initial,293,443,344,458,paragraph
conditions,350,443,435,458,paragraph
"p0,",442,442,464,458,paragraph
q0,468,442,484,458,paragraph
Output:,226,461,302,476,paragraph
"pn,",310,460,334,476,paragraph
qn,338,460,355,476,paragraph
for,226,480,253,495,paragraph
each,259,480,295,495,paragraph
time,302,480,339,495,paragraph
step,346,480,378,495,paragraph
and,385,480,416,495,paragraph
each,422,480,459,495,paragraph
particle,465,480,527,495,paragraph
do,535,480,558,495,paragraph
B:,256,498,274,513,paragraph
Update,281,498,342,513,paragraph
momenta,349,498,426,513,paragraph
;,432,498,438,513,paragraph
A:,256,516,275,531,paragraph
Update,282,516,343,531,paragraph
positions,350,516,424,531,paragraph
;,430,516,435,531,paragraph
Update,281,534,343,549,paragraph
neighbor-lists,349,534,461,549,paragraph
;,467,534,473,549,paragraph
Update,281,553,343,568,paragraph
forces,349,553,396,568,paragraph
;,403,553,408,568,paragraph
O:,256,571,276,586,paragraph
Update,282,571,344,586,paragraph
momenta,350,571,427,586,paragraph
in,434,571,450,586,paragraph
ﬂuctuation-dissipation,456,571,642,586,paragraph
part,648,571,684,586,paragraph
(FD),690,571,732,586,paragraph
;,738,571,744,586,paragraph
end,226,590,261,605,paragraph
Algorithm,212,608,311,623,paragraph
1:,316,608,333,623,paragraph
Algorithm,337,608,423,623,caption
for,427,608,450,623,caption
(4),454,608,479,623,caption
in,483,608,499,623,caption
the,503,608,530,623,caption
case,534,608,568,623,caption
of,572,608,588,623,caption
the,592,608,619,623,caption
standard,623,608,696,623,caption
dynamics.,701,608,784,623,caption
In,209,648,227,663,paragraph
AR,232,648,260,663,paragraph
"dynamics,",265,648,349,663,paragraph
the,354,648,381,663,paragraph
information,386,648,483,663,paragraph
about,488,648,536,663,paragraph
which,541,648,590,663,paragraph
particles,595,648,665,663,paragraph
are,670,648,696,663,paragraph
going,701,648,745,663,paragraph
to,750,648,767,663,paragraph
move,772,648,816,663,paragraph
after,181,666,219,681,paragraph
the,225,666,252,681,paragraph
position,257,666,324,681,paragraph
update,330,666,388,681,paragraph
is,393,666,406,681,paragraph
already,412,666,473,681,paragraph
available,479,666,551,681,paragraph
after,557,666,595,681,paragraph
updating,601,666,676,681,paragraph
the,682,666,708,681,paragraph
momenta,714,666,791,681,paragraph
"B,",797,666,816,681,paragraph
since,181,684,221,700,paragraph
the,227,684,254,700,paragraph
kinetic,260,684,316,700,paragraph
energy,322,684,377,700,paragraph
will,383,684,413,700,paragraph
not,419,684,446,700,paragraph
change,453,684,509,700,paragraph
anymore.,516,684,592,700,paragraph
The,600,684,633,700,paragraph
algorithm,640,684,720,700,paragraph
above,726,684,774,700,paragraph
may,780,684,816,700,paragraph
thus,181,703,216,718,paragraph
be,223,703,242,718,paragraph
modiﬁed,249,703,320,718,paragraph
in,327,703,343,718,paragraph
the,349,703,376,718,paragraph
following,382,703,456,718,paragraph
way:,463,703,501,718,paragraph
14,489,874,508,889,paragraph
##LTLine##,711,188,764,188,paragraph
##LTLine##,590,389,613,389,paragraph
##LTLine##,181,432,181,635,paragraph
##LTLine##,181,432,815,432,paragraph
##LTLine##,181,636,816,636,paragraph
##LTLine##,815,432,815,635,paragraph
##LTLine##,236,497,236,588,paragraph
