token,x0,y0,x1,y1,label
⊗,561,77,575,99,abstract
We,196,87,221,99,abstract
investigate,227,87,312,99,abstract
one-way,318,87,383,99,abstract
quantum,389,87,460,99,abstract
deﬁcit,466,87,515,99,abstract
for,521,87,542,99,abstract
2,548,87,558,99,abstract
d,579,87,588,99,abstract
systems.,594,87,661,99,abstract
Analytical,669,87,752,99,abstract
expressions,758,87,847,99,abstract
of,177,112,192,125,abstract
one-way,198,112,263,125,abstract
quantum,269,112,341,125,abstract
deﬁcit,347,112,396,125,abstract
under,402,112,448,125,abstract
both,454,112,491,125,abstract
von,497,112,526,125,abstract
Neumann,532,112,609,125,abstract
measurement,615,112,721,125,abstract
and,727,112,756,125,abstract
weak,763,112,802,125,abstract
mea-,808,112,847,125,abstract
surement,177,138,250,151,abstract
are,255,138,279,151,abstract
presented.,284,138,365,151,abstract
As,373,138,394,151,abstract
an,398,138,418,151,abstract
"illustration,",422,138,515,151,abstract
qubit-qutrit,520,138,615,151,abstract
systems,619,138,681,151,abstract
are,686,138,710,151,abstract
studied,715,138,773,151,abstract
in,777,138,793,151,abstract
detail.,797,138,847,151,abstract
It,177,164,191,177,abstract
is,197,164,209,177,abstract
shown,214,164,264,177,abstract
that,269,164,303,177,abstract
there,308,164,349,177,abstract
exists,354,164,399,177,abstract
non-zero,404,164,473,177,abstract
one-way,478,164,543,177,abstract
quantum,548,164,619,177,abstract
deﬁcit,625,164,674,177,abstract
even,679,164,715,177,abstract
quantum,720,164,791,177,abstract
entan-,797,164,847,177,abstract
glement,177,190,240,203,abstract
vanishes.,247,190,318,203,abstract
"Moreover,",327,190,406,203,abstract
one-way,413,190,477,203,abstract
quantum,484,190,555,203,abstract
deﬁcit,561,190,610,203,abstract
via,617,190,641,203,abstract
weak,647,190,687,203,abstract
measurement,693,190,799,203,abstract
turns,805,190,847,203,abstract
out,177,215,204,228,abstract
to,209,215,226,228,abstract
be,231,215,250,228,abstract
weaker,255,215,310,228,abstract
than,315,215,352,228,abstract
that,357,215,390,228,abstract
via,396,215,420,228,abstract
von,425,215,453,228,abstract
Neumann,459,215,536,228,abstract
measurement.,541,215,652,228,abstract
The,660,215,691,228,abstract
dynamics,696,215,771,228,abstract
of,777,215,791,228,abstract
entan-,797,215,847,228,abstract
glement,177,241,240,254,abstract
and,246,241,275,254,abstract
one-way,281,241,346,254,abstract
quantum,351,241,422,254,abstract
deﬁcit,428,241,477,254,abstract
under,482,241,528,254,abstract
dephasing,534,241,614,254,abstract
channels,619,241,687,254,abstract
is,693,241,705,254,abstract
also,711,241,741,254,abstract
investigated.,747,241,847,254,abstract
I.,408,324,422,337,section
INTRODUCTION,443,324,616,337,section
Quantum,146,364,227,379,paragraph
entanglement,234,364,349,379,paragraph
is,356,364,370,379,paragraph
one,377,364,406,379,paragraph
of,414,364,429,379,paragraph
the,437,364,464,379,paragraph
most,471,364,513,379,paragraph
important,520,364,606,379,paragraph
quantum,614,364,690,379,paragraph
correlations,697,364,797,379,paragraph
and,804,364,836,379,paragraph
plays,843,364,887,379,paragraph
a,894,364,904,379,paragraph
fundamental,121,389,228,404,paragraph
role,236,389,268,404,paragraph
in,276,389,293,404,paragraph
quantum,301,389,377,404,paragraph
information,386,389,486,404,paragraph
science,494,389,553,404,paragraph
"[1,",562,389,583,404,paragraph
2].,591,389,612,404,paragraph
Beyond,626,389,690,404,paragraph
"entanglement,",699,389,819,404,paragraph
quantum,828,389,904,404,paragraph
discord,121,414,182,428,paragraph
"[3,",188,414,209,428,paragraph
4],215,414,230,428,paragraph
plays,236,414,280,428,paragraph
a,286,414,296,428,paragraph
key,302,414,331,428,paragraph
role,337,414,368,428,paragraph
in,374,414,391,428,paragraph
some,397,414,440,428,paragraph
quantum,446,414,522,428,paragraph
speed-up,528,414,604,428,paragraph
for,610,414,634,428,paragraph
quantum,640,414,716,428,paragraph
information,722,414,822,428,paragraph
tasks,828,414,872,428,paragraph
"[5],",878,414,904,428,paragraph
for,121,439,144,453,paragraph
"instance,",150,439,226,453,paragraph
in,232,439,248,453,paragraph
assisted,254,439,320,453,paragraph
optimal,326,439,392,453,paragraph
state,398,439,439,453,paragraph
discrimination,445,439,568,453,paragraph
only,574,439,610,453,paragraph
one,616,439,646,453,paragraph
side,652,439,685,453,paragraph
discord,691,439,752,453,paragraph
is,758,439,771,453,paragraph
"required,",777,439,853,453,paragraph
while,859,439,904,453,paragraph
the,121,464,148,478,paragraph
entanglement,155,464,270,478,paragraph
is,277,464,290,478,paragraph
not,297,464,326,478,paragraph
necessary,333,464,413,478,paragraph
"[6,",420,464,441,478,paragraph
7].,448,464,469,478,paragraph
Other,479,464,530,478,paragraph
diﬀerent,537,464,608,478,paragraph
measures,615,464,693,478,paragraph
in,700,464,716,478,paragraph
quantifying,723,464,821,478,paragraph
quantum,828,464,904,478,paragraph
correlations,121,489,220,503,paragraph
"[8],",226,489,252,503,paragraph
such,257,489,295,503,paragraph
as,301,489,318,503,paragraph
one-way,324,489,393,503,paragraph
quantum,399,489,475,503,paragraph
deﬁcit,481,489,533,503,paragraph
"[9,",538,489,559,503,paragraph
"10],",565,489,595,503,paragraph
quantum,601,489,677,503,paragraph
dissonance,683,489,774,503,paragraph
"[11],",779,489,815,503,paragraph
geometric,821,489,904,503,paragraph
discord,121,514,182,528,paragraph
"[12],",190,514,226,528,paragraph
measurement-induced,234,514,421,528,paragraph
nonlocality,428,514,523,528,paragraph
[13],531,514,561,528,paragraph
have,569,514,608,528,paragraph
been,616,514,656,528,paragraph
also,664,514,697,528,paragraph
provided.,705,514,785,528,paragraph
"Nonetheless,",797,514,904,528,paragraph
usually,121,539,181,553,paragraph
it,189,539,202,553,paragraph
is,210,539,224,553,paragraph
formidably,232,539,325,553,paragraph
diﬃculty,333,539,408,553,paragraph
to,416,539,433,553,paragraph
get,441,539,468,553,paragraph
analytical,476,539,559,553,paragraph
results,567,539,623,553,paragraph
for,631,539,655,553,paragraph
these,663,539,707,553,paragraph
quantum,715,539,791,553,paragraph
correlations.,799,539,904,553,paragraph
Analytical,121,563,209,578,paragraph
expressions,217,563,313,578,paragraph
of,321,563,337,578,paragraph
quantum,346,563,422,578,paragraph
discord,430,563,492,578,paragraph
[14–16],500,563,560,578,paragraph
seem,568,563,610,578,paragraph
to,618,563,636,578,paragraph
be,644,563,664,578,paragraph
extremely,672,563,756,578,paragraph
hard,765,563,804,578,paragraph
due,812,563,843,578,paragraph
to,851,563,869,578,paragraph
the,877,563,904,578,paragraph
optimization,121,588,229,603,paragraph
involved,238,588,309,603,paragraph
"[17,",318,588,348,603,paragraph
18].,358,588,388,603,paragraph
Only,405,588,448,603,paragraph
a,457,588,467,603,paragraph
few,476,588,505,603,paragraph
analytical,514,588,598,603,paragraph
results,607,588,663,603,paragraph
for,673,588,696,603,paragraph
the,705,588,733,603,paragraph
simplest,742,588,812,603,paragraph
two-qubit,822,588,904,603,paragraph
systems,121,613,187,627,paragraph
have,194,613,232,627,paragraph
been,239,613,279,627,paragraph
worked,285,613,346,627,paragraph
out,353,613,381,627,paragraph
[19–23].,388,613,453,627,paragraph
"Recently,",146,638,224,652,paragraph
in,233,638,250,652,paragraph
Ref.,259,638,293,652,paragraph
[24],309,638,340,652,paragraph
the,349,638,376,652,paragraph
authors,385,638,449,652,paragraph
shew,458,638,500,652,paragraph
that,509,638,545,652,paragraph
analogous,554,638,638,652,paragraph
to,647,638,664,652,paragraph
quantum,673,638,750,652,paragraph
"discord,",759,638,825,652,paragraph
one-way,835,638,904,652,paragraph
quantum,121,663,197,677,paragraph
deﬁcit,204,663,256,677,paragraph
exhibits,263,663,330,677,paragraph
also,337,663,370,677,paragraph
frozen,377,663,428,677,paragraph
phenomenon.,435,663,549,677,paragraph
The,558,663,592,677,paragraph
one-way,599,663,668,677,paragraph
quantum,675,663,751,677,paragraph
deﬁcit,758,663,810,677,paragraph
and,817,663,849,677,paragraph
quan-,855,663,904,677,paragraph
tum,121,688,155,702,paragraph
discord,161,688,223,702,paragraph
in,229,688,245,702,paragraph
XX,251,688,285,702,paragraph
spin,293,688,328,702,paragraph
chains,334,688,387,702,paragraph
have,393,688,432,702,paragraph
been,438,688,478,702,paragraph
investigated,484,688,586,702,paragraph
in,592,688,608,702,paragraph
[25].,614,688,650,702,paragraph
And,659,688,695,702,paragraph
the,701,688,729,702,paragraph
explicit,735,688,798,702,paragraph
relationship,803,688,904,702,paragraph
between,121,713,190,727,paragraph
quantum,196,713,273,727,paragraph
discord,279,713,340,727,paragraph
and,347,713,378,727,paragraph
one-way,385,713,454,727,paragraph
quantum,460,713,537,727,paragraph
deﬁcit,543,713,596,727,paragraph
has,602,713,630,727,paragraph
been,637,713,677,727,paragraph
studied,683,713,745,727,paragraph
in,752,713,768,727,paragraph
[26].,774,713,810,727,paragraph
Similar,819,713,880,727,paragraph
to,887,713,904,727,paragraph
quantum,121,738,197,752,paragraph
"discord,",204,738,271,752,paragraph
it,279,738,292,752,paragraph
is,299,738,312,752,paragraph
hard,320,738,359,752,paragraph
to,367,738,384,752,paragraph
derive,391,738,443,752,paragraph
analytical,450,738,534,752,paragraph
expressions,541,738,637,752,paragraph
of,645,738,660,752,paragraph
one-way,668,738,737,752,paragraph
quantum,745,738,821,752,paragraph
deﬁcit,828,738,881,752,paragraph
of,888,738,904,752,paragraph
general,121,762,182,777,paragraph
two-qubit,188,762,270,777,paragraph
systems.,276,762,348,777,paragraph
The,356,762,390,777,paragraph
upper,396,762,446,777,paragraph
bound,452,762,506,777,paragraph
of,512,762,528,777,paragraph
one-way,533,762,603,777,paragraph
quantum,609,762,685,777,paragraph
deﬁcit,691,762,743,777,paragraph
is,749,762,763,777,paragraph
shown,768,762,822,777,paragraph
to,827,762,845,777,paragraph
be,851,762,871,777,paragraph
the,877,762,904,777,paragraph
entropy,121,787,186,802,paragraph
of,192,787,208,802,paragraph
the,214,787,241,802,paragraph
measured,247,787,328,802,paragraph
subsystem,334,787,423,802,paragraph
[27].,429,787,465,802,paragraph
Partial,473,787,532,802,paragraph
analytical,538,787,622,802,paragraph
expressions,628,787,724,802,paragraph
of,730,787,746,802,paragraph
one-way,752,787,821,802,paragraph
quantum,828,787,904,802,paragraph
deﬁcit,121,812,173,826,paragraph
of,180,812,195,826,paragraph
ﬁve-parameter,202,812,325,826,paragraph
two-qubit,332,812,415,826,paragraph
X,421,812,437,826,paragraph
states,446,812,495,826,paragraph
have,502,812,540,826,paragraph
been,547,812,587,826,paragraph
provided,593,812,668,826,paragraph
in,674,812,691,826,paragraph
Ref,697,812,726,826,paragraph
[28].,733,812,769,826,paragraph
⊗,671,827,686,851,paragraph
In,146,837,164,851,paragraph
this,172,837,204,851,paragraph
"paper,",213,837,267,851,paragraph
we,276,837,298,851,paragraph
study,307,837,354,851,paragraph
the,363,837,390,851,paragraph
one-way,399,837,468,851,paragraph
quantum,477,837,553,851,paragraph
deﬁcit,562,837,614,851,paragraph
for,623,837,647,851,paragraph
2,655,837,665,851,paragraph
d,692,837,702,851,paragraph
(qubit-qudit),711,837,824,851,paragraph
systems.,832,837,904,851,paragraph
We,121,862,148,876,paragraph
provide,155,862,219,876,paragraph
the,226,862,254,876,paragraph
analytical,261,862,345,876,paragraph
results,352,862,408,876,paragraph
of,416,862,432,876,paragraph
one-way,439,862,509,876,paragraph
quantum,516,862,593,876,paragraph
deﬁcit,600,862,653,876,paragraph
for,660,862,684,876,paragraph
a,692,862,701,876,paragraph
two-parameter,709,862,834,876,paragraph
class,841,862,881,876,paragraph
of,888,862,904,876,paragraph
