token,x0,y0,x1,y1,label
STATIC,274,65,324,75,paragraph
POTENTIALS,330,65,422,75,paragraph
AND,428,65,459,75,paragraph
AREA,465,65,506,75,paragraph
MINIMIZING,512,65,597,75,paragraph
HYPERSURFACES,603,65,725,75,paragraph
9,875,65,882,75,paragraph
Proof.,117,92,164,106,paragraph
Using,172,92,216,106,paragraph
the,221,92,245,106,paragraph
mass,249,92,287,106,paragraph
minimizing,291,92,378,106,paragraph
property,382,92,449,106,paragraph
of,453,92,467,106,paragraph
"(M,",471,92,501,106,paragraph
"g),",504,92,525,106,paragraph
a,530,92,539,106,paragraph
recent,543,92,590,106,paragraph
result,594,92,638,106,paragraph
of,642,92,656,106,paragraph
J.,661,92,675,106,paragraph
Corvino,679,92,741,106,paragraph
"[13,",745,92,773,106,paragraph
Corollary,777,92,850,106,paragraph
1.2],854,92,882,106,paragraph
\,232,101,241,125,paragraph
shows,117,112,162,125,paragraph
that,167,112,200,125,paragraph
(M,204,112,229,125,paragraph
"Ω,",242,112,260,125,paragraph
g),263,112,279,125,paragraph
admits,284,112,336,125,paragraph
a,341,112,350,125,paragraph
static,355,112,397,125,paragraph
potential,402,112,471,125,paragraph
V,476,112,486,125,paragraph
.,490,112,495,125,paragraph
(The,503,112,540,125,paragraph
strictly,545,112,600,125,paragraph
outer-minimizing,605,112,737,125,paragraph
assumption,742,112,830,125,paragraph
on,835,112,854,125,paragraph
∂Ω,859,112,882,125,paragraph
PM,688,121,723,145,paragraph
guarantees,117,131,200,145,paragraph
that,205,131,238,145,paragraph
the,243,131,268,145,paragraph
competitors,273,131,365,145,paragraph
produced,370,131,442,145,paragraph
in,447,131,462,145,paragraph
"[13,",467,131,494,145,paragraph
Corollary,500,131,573,145,paragraph
1.2],578,131,606,145,paragraph
still,611,131,639,145,paragraph
lie,645,131,662,145,paragraph
in,668,131,682,145,paragraph
.),723,131,735,145,paragraph
By,742,131,764,145,paragraph
asymptotics,770,131,862,145,paragraph
of,867,131,882,145,paragraph
static,117,151,160,165,paragraph
"potentials,",165,151,246,165,paragraph
either,251,151,296,165,paragraph
V,300,151,311,165,paragraph
goes,320,151,353,165,paragraph
to,358,151,373,165,paragraph
a,378,151,387,165,paragraph
constant,392,151,458,165,paragraph
or,463,151,479,165,paragraph
V,483,151,494,165,paragraph
is,503,151,515,165,paragraph
unbounded,519,151,606,165,paragraph
(see,610,151,640,165,paragraph
[5],645,151,664,165,paragraph
and,669,151,697,165,paragraph
"[23],",702,151,735,165,paragraph
or,740,151,756,165,paragraph
Proposition,761,151,851,165,paragraph
B.4,855,151,882,165,paragraph
below).,117,170,174,184,paragraph
If,182,170,193,184,paragraph
V,199,170,210,184,paragraph
goes,220,170,253,184,paragraph
to,259,170,275,184,paragraph
a,281,170,290,184,paragraph
"constant,",296,170,366,184,paragraph
the,372,170,397,184,paragraph
claim,403,170,445,184,paragraph
follows.,451,170,508,184,paragraph
Now,137,190,171,204,paragraph
we,176,190,197,204,paragraph
assume,202,190,257,204,paragraph
that,263,190,295,204,paragraph
V,300,190,311,204,paragraph
is,320,190,332,204,paragraph
unbounded.,337,190,428,204,paragraph
Theorem,436,190,505,204,paragraph
2,510,190,519,204,paragraph
implies,524,190,579,204,paragraph
that,584,190,616,204,paragraph
there,622,190,661,204,paragraph
is,666,190,678,204,paragraph
a,683,190,692,204,paragraph
"complete,",697,190,772,204,paragraph
"non-compact,",777,190,882,204,paragraph
area,117,210,150,223,paragraph
minimizing,156,210,242,223,paragraph
surface,248,210,302,223,paragraph
in,308,210,323,223,paragraph
"(M,",329,210,359,223,paragraph
g).,362,210,383,223,paragraph
We,392,210,416,223,paragraph
then,423,210,457,223,paragraph
invoke,463,210,512,223,paragraph
the,518,210,543,223,paragraph
rigidity,549,210,606,223,paragraph
result,612,210,656,223,paragraph
of,662,210,676,223,paragraph
Chodosh,682,210,750,223,paragraph
and,756,210,785,223,paragraph
Eichmair,791,210,861,223,paragraph
in,867,210,882,223,paragraph
"[10,",117,229,145,243,paragraph
Theorem,151,229,220,243,paragraph
1.6],226,229,254,243,paragraph
to,260,229,276,243,paragraph
conclude,282,229,349,243,paragraph
that,355,229,388,243,paragraph
"(M,",394,229,424,243,paragraph
g),427,229,443,243,paragraph
is,449,229,461,243,paragraph
isometric,467,229,537,243,paragraph
to,543,229,559,243,paragraph
Euclidean,565,229,642,243,paragraph
space.,648,229,694,243,paragraph
Then,702,229,743,243,paragraph
it,749,229,761,243,paragraph
is,767,229,779,243,paragraph
obvious,785,229,843,243,paragraph
that,849,229,882,243,paragraph
(cid:3),868,240,882,260,paragraph
the,117,249,142,263,paragraph
constant,148,249,214,263,paragraph
function,220,249,284,263,paragraph
is,290,249,302,263,paragraph
a,307,249,316,263,paragraph
static,322,249,365,263,paragraph
potential,371,249,440,263,paragraph
on,446,249,465,263,paragraph
Euclidean,471,249,547,263,paragraph
space.,553,249,600,263,paragraph
Given,137,307,182,321,paragraph
a,189,307,198,321,paragraph
Riemannian,205,307,299,321,paragraph
metric,306,307,355,321,paragraph
γ,362,307,371,321,paragraph
and,379,307,408,321,paragraph
a,415,307,424,321,paragraph
function,431,307,495,321,paragraph
H,502,307,517,321,paragraph
on,525,307,544,321,paragraph
a,551,307,560,321,paragraph
"2-sphere,",567,307,636,321,paragraph
we,643,307,664,321,paragraph
say,671,307,695,321,paragraph
that,702,307,735,321,paragraph
an,742,307,761,321,paragraph
asymptotically,768,307,882,321,paragraph
ﬂat,117,327,143,341,paragraph
3-manifold,150,327,233,341,paragraph
"(M,",239,327,270,341,paragraph
g),273,327,289,341,paragraph
with,296,327,330,341,paragraph
boundary,337,327,412,341,paragraph
Σ,418,327,431,341,paragraph
=,438,327,452,341,paragraph
∂M,458,327,486,341,paragraph
is,495,327,507,341,paragraph
a,514,327,523,341,paragraph
static,530,327,572,341,paragraph
extension,579,327,652,341,paragraph
subject,659,327,711,341,paragraph
to,718,327,733,341,paragraph
the,740,327,764,341,paragraph
boundary,771,327,841,341,paragraph
data,849,327,882,341,paragraph
"(γ,",117,347,139,360,paragraph
H),142,347,165,360,paragraph
if,171,347,182,360,paragraph
(1),146,370,168,383,list
Σ,177,370,189,383,list
is,195,370,207,383,list
diﬀeomorphic,213,370,319,383,list
to,325,370,341,383,list
the,346,370,371,383,list
"2-sphere,",377,370,447,383,list
and,453,370,481,383,list
the,487,370,512,383,list
induced,518,370,578,383,list
metric,584,370,634,383,list
from,640,370,676,383,list
g,682,370,690,383,list
on,697,370,716,383,list
Σ,722,370,735,383,list
is,741,370,753,383,list
isometric,759,370,829,383,list
to,835,370,851,383,list
γ.,857,370,872,383,list
(2),146,389,168,403,list
The,177,389,207,403,list
mean,213,389,255,403,list
curvature,260,389,334,403,list
of,340,389,354,403,list
Σ,360,389,373,403,list
with,379,389,413,403,list
respect,419,389,474,403,list
to,480,389,496,403,list
the,502,389,526,403,list
unit,532,389,564,403,list
normal,570,389,624,403,list
vector,630,389,678,403,list
on,683,389,702,403,list
Σ,708,389,721,403,list
pointing,727,389,791,403,list
into,797,389,827,403,list
"(M,",833,389,863,403,list
g),866,389,882,403,list
is,177,409,188,423,list
given,194,409,235,423,list
by,241,409,260,423,list
H.,266,409,287,423,list
(3),146,428,168,442,list
"(M,",177,428,207,442,list
g),210,428,226,442,list
admits,232,428,284,442,list
a,290,428,299,442,list
bounded,305,428,372,442,list
static,378,428,420,442,list
potential.,426,428,501,442,list
Below,137,451,183,465,paragraph
we,192,451,212,465,paragraph
give,221,451,251,465,paragraph
the,260,451,285,465,paragraph
suﬃcient,293,451,362,465,paragraph
conditions,371,451,450,465,paragraph
on,458,451,477,465,paragraph
"(γ,",486,451,508,465,paragraph
H),511,451,534,465,paragraph
so,542,451,558,465,paragraph
that,567,451,599,465,paragraph
the,608,451,633,465,paragraph
static,641,451,684,465,paragraph
extension,692,451,765,465,paragraph
has,774,451,799,465,paragraph
no,808,451,827,465,paragraph
closed,835,451,882,465,paragraph
minimal,117,471,181,485,paragraph
surfaces,186,471,248,485,paragraph
that,254,471,286,485,paragraph
locally,292,471,343,485,paragraph
minimize,349,471,419,485,paragraph
the,425,471,450,485,paragraph
area.,456,471,493,485,paragraph
Theorem,117,521,197,535,paragraph
12.,204,521,230,535,paragraph
Suppose,239,521,300,535,paragraph
the,306,521,330,535,paragraph
pair,336,521,366,535,paragraph
"(γ,",373,521,395,535,paragraph
H),398,521,421,535,paragraph
satisﬁes,427,521,488,535,paragraph
≥,535,542,549,566,paragraph
1,556,542,565,556,paragraph
H,403,552,418,566,paragraph
>,424,552,438,566,paragraph
0,443,552,452,566,paragraph
and,465,552,494,566,paragraph
K,506,552,522,566,paragraph
"H2,",567,549,596,566,paragraph
γ,522,557,529,567,paragraph
4,556,561,565,575,paragraph
where,117,581,161,595,paragraph
K,170,581,185,595,paragraph
denotes,203,581,261,595,paragraph
the,270,581,293,595,paragraph
Gauss,302,581,350,595,paragraph
curvature,359,581,432,595,paragraph
of,441,581,455,595,paragraph
γ.,464,581,480,595,paragraph
Then,496,581,537,595,paragraph
any,546,581,573,595,paragraph
static,583,581,624,595,paragraph
extension,634,581,706,595,paragraph
"(M,",715,581,745,595,paragraph
g),748,581,764,595,paragraph
subject,773,581,825,595,paragraph
to,834,581,850,595,paragraph
the,859,581,882,595,paragraph
γ,185,586,192,596,paragraph
boundary,117,601,188,614,paragraph
data,194,601,227,614,paragraph
"(γ,",234,601,256,614,paragraph
H),259,601,282,614,paragraph
does,288,601,321,614,paragraph
not,327,601,352,614,paragraph
have,359,601,393,614,paragraph
"closed,",400,601,451,614,paragraph
locally,457,601,505,614,paragraph
area,511,601,544,614,paragraph
minimizing,550,601,636,614,paragraph
surfaces.,643,601,710,614,paragraph
Proof.,117,659,164,673,paragraph
Let,172,659,198,673,paragraph
V,205,659,216,673,paragraph
be,227,659,245,673,paragraph
a,253,659,262,673,paragraph
bounded,269,659,336,673,paragraph
static,343,659,386,673,paragraph
potential,393,659,462,673,paragraph
on,469,659,488,673,paragraph
"(M,",496,659,526,673,paragraph
g).,529,659,550,673,paragraph
By,562,659,584,673,paragraph
Proposition,591,659,681,673,paragraph
B.4,688,659,715,673,paragraph
and,722,659,751,673,paragraph
"normalizing,",758,659,854,673,paragraph
we,862,659,882,673,paragraph
→,237,669,255,693,paragraph
may,117,679,150,693,paragraph
assume,156,679,211,693,paragraph
V,217,679,228,693,paragraph
1,259,679,268,693,paragraph
at,274,679,290,693,paragraph
inﬁnity.,296,679,355,693,paragraph
We,137,698,161,712,paragraph
now,166,698,197,712,paragraph
use,202,698,227,712,paragraph
the,232,698,257,712,paragraph
argument,262,698,335,712,paragraph
in,340,698,355,712,paragraph
"[22,",360,698,388,712,paragraph
Proposition,393,698,483,712,paragraph
3],488,698,502,712,paragraph
to,506,698,522,712,paragraph
show,527,698,565,712,paragraph
that,570,698,603,712,paragraph
V,608,698,618,712,paragraph
>,627,698,641,712,paragraph
0,646,698,655,712,paragraph
in,660,698,674,712,paragraph
M.,679,698,703,712,paragraph
By,711,698,733,712,paragraph
the,738,698,763,712,paragraph
static,767,698,810,712,paragraph
equation,815,698,882,712,paragraph
and,117,718,146,732,paragraph
recall,152,718,193,732,paragraph
R,199,718,213,732,paragraph
=,226,718,240,732,paragraph
"0,",245,718,258,732,paragraph
we,264,718,285,732,paragraph
have,291,718,326,732,paragraph
the,332,718,356,732,paragraph
following,362,718,432,732,paragraph
identity,438,718,498,732,paragraph
on,504,718,522,732,paragraph
Σ:,528,718,546,732,paragraph
g,213,723,220,733,paragraph
∂V,516,757,537,770,equation
∇,565,756,580,780,equation
0,350,766,359,780,equation
=,363,766,377,780,equation
∆V,382,766,408,780,equation
=,416,766,430,780,equation
∆,436,766,451,780,equation
V,462,766,472,780,equation
+,480,766,494,780,equation
H,498,766,513,780,equation
+,547,766,561,780,equation
2V,580,763,598,780,equation
"(ν,",602,766,623,780,equation
ν),626,766,642,780,equation
Σ,451,771,461,781,equation
∂ν,519,775,538,789,equation
(3.1),117,782,154,796,equation
∂V,516,791,537,805,equation
=,416,800,430,814,equation
∆,436,800,451,814,equation
V,462,800,472,814,equation
+,480,800,494,814,equation
H,498,800,513,814,equation
+,547,800,561,814,equation
"Ric(ν,",565,800,613,814,equation
"ν)V,",616,800,649,814,equation
Σ,451,806,461,816,equation
∂ν,519,810,538,824,equation
(cid:0),476,826,484,877,paragraph
(cid:1),615,826,623,877,paragraph
where,137,839,182,853,paragraph
ν,188,839,197,853,paragraph
is,204,839,216,853,paragraph
the,222,839,247,853,paragraph
unit,253,839,284,853,paragraph
normal,290,839,345,853,paragraph
vector,351,839,398,853,paragraph
on,404,839,423,853,paragraph
Σ,429,839,442,853,paragraph
pointing,448,839,512,853,paragraph
into,518,839,548,853,paragraph
M.,554,839,579,853,paragraph
By,586,839,609,853,paragraph
the,614,839,639,853,paragraph
Gauss,645,839,692,853,paragraph
"equation,",698,839,770,853,paragraph
1,462,860,471,874,paragraph
−,512,859,526,883,paragraph
|,530,859,534,883,paragraph
|,548,859,553,883,paragraph
−,565,859,578,883,paragraph
"Ric(ν,",368,869,416,883,paragraph
ν),419,869,436,883,paragraph
=,441,869,455,883,paragraph
H2,484,866,507,883,paragraph
A,534,869,548,883,paragraph
2,553,866,560,876,paragraph
2K,582,869,606,883,paragraph
",",626,869,631,883,paragraph
γ,606,874,614,884,paragraph
2,462,879,471,892,paragraph
where,117,897,163,911,paragraph
A,169,897,182,911,paragraph
denotes,188,897,247,911,paragraph
the,252,897,277,911,paragraph
second,283,897,335,911,paragraph
fundamental,341,897,438,911,paragraph
form,444,897,480,911,paragraph
of,486,897,500,911,paragraph
Σ.,506,897,524,911,paragraph
Combining,532,897,617,911,paragraph
the,622,897,647,911,paragraph
above,653,897,698,911,paragraph
identities,704,897,775,911,paragraph
gives,781,897,818,911,paragraph
##LTLine##,242,111,255,111,paragraph
##LTLine##,556,559,565,559,paragraph
##LTLine##,516,774,541,774,equation
##LTLine##,516,808,541,808,equation
##LTLine##,462,877,471,877,paragraph
