token,x0,y0,x1,y1,label
8,117,93,125,105,paragraph
Q.,318,95,333,105,paragraph
"Zhou,",337,95,372,105,paragraph
Z.,376,95,389,105,paragraph
"Hu,",393,95,415,105,paragraph
Z.,420,95,432,105,paragraph
Yao,437,95,460,105,paragraph
and,464,95,487,105,paragraph
J.,491,95,502,105,paragraph
Li,507,95,519,105,paragraph
the,117,124,140,136,paragraph
transition,144,124,213,136,paragraph
probabilities,216,124,304,136,paragraph
to,308,124,323,136,paragraph
converge,327,124,388,136,paragraph
as,392,124,406,136,paragraph
the,410,124,433,136,paragraph
iteration,437,124,497,136,paragraph
"proceeds,",501,124,567,136,paragraph
and,571,124,597,136,paragraph
the,601,124,624,136,paragraph
Containment,628,124,720,136,paragraph
condition.,117,139,188,151,paragraph
It,195,139,207,151,paragraph
has,212,139,236,151,paragraph
also,241,139,268,151,paragraph
been,273,139,306,151,paragraph
suggested,312,139,380,151,paragraph
by,385,139,402,151,paragraph
the,407,139,430,151,paragraph
authors,435,139,489,151,paragraph
that,494,139,524,151,paragraph
the,529,139,551,151,paragraph
Containment,557,139,649,151,paragraph
condition,654,139,720,151,paragraph
is,117,154,128,166,paragraph
often,136,154,171,166,paragraph
merely,179,154,226,166,paragraph
a,234,154,242,166,paragraph
technical,250,154,313,166,paragraph
condition,320,154,386,166,paragraph
which,394,154,435,166,paragraph
is,443,154,453,166,paragraph
satisﬁed,461,154,518,166,paragraph
for,526,154,545,166,paragraph
virtually,553,154,613,166,paragraph
all,621,154,638,166,paragraph
reasonable,646,154,720,166,paragraph
adaptive,117,169,178,181,paragraph
schemes,185,169,241,181,paragraph
"[20],",248,169,278,181,paragraph
and,286,169,312,181,paragraph
thus,319,169,349,181,paragraph
here,356,169,386,181,paragraph
we,393,169,412,181,paragraph
show,419,169,454,181,paragraph
that,461,169,491,181,paragraph
the,498,169,520,181,paragraph
proposed,527,169,591,181,paragraph
hybrid,598,169,644,181,paragraph
algorithm,651,169,720,181,paragraph
satisﬁes,117,184,172,197,paragraph
the,177,184,199,197,paragraph
DA,204,184,228,197,paragraph
condition.,233,184,304,197,paragraph
Recal(cid:40)l,311,184,359,231,paragraph
"that,",359,184,394,197,paragraph
to,399,184,413,197,paragraph
show,418,184,453,197,paragraph
the,458,184,480,197,paragraph
ApCN,485,184,530,197,paragraph
algorithm,535,184,604,197,paragraph
satisﬁes,609,184,664,197,paragraph
the,668,184,691,197,paragraph
DA,696,184,720,197,paragraph
"condition,",117,199,188,212,paragraph
the,193,199,216,212,paragraph
likelihood,221,199,290,212,paragraph
function,295,199,354,212,paragraph
is,359,199,370,212,paragraph
modiﬁed,375,199,436,212,paragraph
to,442,199,456,212,paragraph
be,462,199,479,212,paragraph
−,390,217,402,238,paragraph
(cid:107),462,217,470,238,paragraph
(cid:107),480,217,488,238,paragraph
≤,505,217,517,238,paragraph
dµy,274,224,299,239,paragraph
∝,328,225,341,247,paragraph
exp(,358,226,390,238,paragraph
"Φ(z)),",402,226,446,238,paragraph
u,470,226,480,238,paragraph
R,522,226,534,238,paragraph
(u),302,234,324,247,paragraph
(cid:107),462,235,470,257,paragraph
(cid:107)X,480,231,498,257,paragraph
max,534,231,558,240,paragraph
dµ,274,243,292,256,paragraph
"0,",358,244,371,257,paragraph
u,470,244,480,257,paragraph
>,505,244,517,257,paragraph
R,522,244,534,257,paragraph
",",559,244,564,257,paragraph
0,292,248,299,257,paragraph
X,488,249,498,258,paragraph
max,534,249,558,258,paragraph
where,117,270,159,282,paragraph
R,163,270,175,282,paragraph
is,205,270,216,282,paragraph
a,220,270,228,282,paragraph
prescribed,232,270,305,282,paragraph
positive,310,270,364,282,paragraph
constant.,369,270,433,282,paragraph
Removal,440,270,501,282,paragraph
of,505,270,519,282,paragraph
this,523,270,549,282,paragraph
artiﬁcial,554,270,612,282,paragraph
modiﬁcation,617,270,705,282,paragraph
is,709,270,720,282,paragraph
max,175,275,199,284,paragraph
certain,117,285,166,297,paragraph
"desirable,",171,285,238,297,paragraph
and,242,285,269,297,paragraph
in,273,285,287,297,paragraph
what,291,285,326,297,paragraph
follows,331,285,379,297,paragraph
we,384,285,402,297,paragraph
shall,407,285,439,297,paragraph
show,444,285,479,297,paragraph
that,483,285,513,297,paragraph
the,518,285,540,297,paragraph
present,545,285,596,297,paragraph
hybrid,601,285,647,297,paragraph
algorithm,651,285,720,297,paragraph
satisﬁes,117,300,172,313,paragraph
the,177,300,200,313,paragraph
DA,205,300,229,313,paragraph
"condition,",235,300,305,313,paragraph
without,311,300,366,313,paragraph
making,371,300,423,313,paragraph
such,429,300,460,313,paragraph
a,465,300,474,313,paragraph
modiﬁcation.,479,300,572,313,paragraph
{,434,306,442,328,paragraph
·,495,306,499,328,paragraph
·,502,306,507,328,paragraph
·,509,306,514,328,paragraph
},583,306,591,328,paragraph
Suppose,147,315,205,328,paragraph
at,210,315,224,328,paragraph
iteration,229,315,290,328,paragraph
"n,",294,315,309,328,paragraph
we,313,315,332,328,paragraph
have,337,315,369,328,paragraph
samples,373,315,429,328,paragraph
u,442,315,451,328,paragraph
",",458,315,463,328,paragraph
u,468,315,478,328,paragraph
",",485,315,489,328,paragraph
",",519,315,524,328,paragraph
u,529,315,538,328,paragraph
−,547,314,557,329,paragraph
",",564,315,569,328,paragraph
u,574,315,583,328,paragraph
and,596,315,622,328,paragraph
for,627,315,647,328,paragraph
simplicity,651,315,720,328,paragraph
·,393,321,398,343,paragraph
·,400,321,405,343,paragraph
·,408,321,412,343,paragraph
0,451,320,457,329,paragraph
1,478,320,484,329,paragraph
n,538,320,547,329,paragraph
2,557,320,563,329,paragraph
we,117,330,136,343,paragraph
deﬁne,140,330,182,343,paragraph
the,186,330,209,343,paragraph
notation:,214,330,278,343,paragraph
ζ,285,330,292,343,paragraph
−,300,329,310,344,paragraph
=,322,330,335,343,paragraph
(u,339,330,355,343,paragraph
",",362,330,367,343,paragraph
u,369,330,379,343,paragraph
",",386,330,390,343,paragraph
",",418,330,422,343,paragraph
u,425,330,434,343,paragraph
−,442,329,452,344,paragraph
).,460,330,471,343,paragraph
Let,477,330,501,343,paragraph
Σ,506,330,518,343,paragraph
be,531,330,548,343,paragraph
the,552,330,575,343,paragraph
subspace,580,330,642,343,paragraph
covariance,647,330,720,343,paragraph
{,281,336,289,358,paragraph
n,292,335,300,344,paragraph
2,310,335,317,344,paragraph
·,342,336,347,358,paragraph
·0·,349,335,361,358,paragraph
1,379,335,385,344,paragraph
}n,431,335,442,358,paragraph
2,452,335,459,344,paragraph
n,518,335,526,344,paragraph
matrix,117,345,165,358,paragraph
estimated,170,345,239,358,paragraph
with,244,345,276,358,paragraph
"u0,",289,345,310,359,paragraph
"u1,",316,345,337,359,paragraph
",",367,345,371,358,paragraph
"un−2,",377,344,416,359,paragraph
u,421,345,431,358,paragraph
using,444,345,481,358,paragraph
Eq.,486,345,511,358,paragraph
"(2.15),",516,345,562,358,paragraph
and,567,345,594,358,paragraph
"Cn,ζn−2(u)",599,344,670,360,paragraph
be,676,345,692,358,paragraph
the,697,345,720,358,paragraph
corresponding,117,360,216,373,paragraph
proposal,220,360,280,373,paragraph
covariance,284,360,357,373,paragraph
operator.,361,360,426,373,paragraph
We,432,360,455,373,paragraph
deﬁne,458,360,500,373,paragraph
"qn(cid:90),ζn−2(u;",504,360,572,406,paragraph
dv),575,360,598,373,paragraph
=,603,360,615,373,paragraph
N,620,359,631,374,paragraph
"(m(u),",635,360,682,373,paragraph
"β2Cn,ζn−2(u)),",684,359,784,375,paragraph
"i.e.,",117,375,142,388,paragraph
the,148,375,171,388,paragraph
proposal,176,375,236,388,paragraph
distribution,242,375,325,388,paragraph
at,330,375,345,388,paragraph
iteration,350,375,411,388,paragraph
"n,",416,375,431,388,paragraph
and,436,375,462,388,paragraph
−,496,397,508,419,paragraph
(cid:48),571,397,575,413,paragraph
(cid:48),670,397,674,413,paragraph
"Qn,ζn−2(u,",150,406,224,420,paragraph
dv),227,406,250,419,paragraph
=,255,406,267,419,paragraph
"a(u,",272,406,301,419,paragraph
"v)qn,ζn−2(u,",303,406,386,420,paragraph
dv),389,406,412,419,paragraph
+,416,406,429,419,paragraph
δu(dv)(1,432,406,492,420,paragraph
"a(u,",531,406,560,419,paragraph
v,563,406,570,419,paragraph
")qn,ζn−2(u,",576,406,650,420,paragraph
dv,653,406,669,419,paragraph
)),675,406,687,419,paragraph
·,181,428,185,450,paragraph
·,193,428,197,450,paragraph
where,117,437,159,450,paragraph
a(,166,437,181,450,paragraph
",",185,437,190,450,paragraph
),197,437,203,450,paragraph
is,211,437,222,450,paragraph
given,229,437,266,450,paragraph
by,273,437,290,450,paragraph
Eq.,297,437,321,450,paragraph
(2.11).,328,437,375,450,paragraph
We,387,437,410,450,paragraph
then,417,437,448,450,paragraph
have,455,437,488,450,paragraph
the,495,437,517,450,paragraph
following,524,437,588,450,paragraph
theorem,595,437,653,450,paragraph
(the,660,437,689,450,paragraph
DA,696,437,720,450,paragraph
condition):,117,452,194,465,paragraph
Theorem,147,465,220,477,paragraph
2.3.,226,465,254,477,paragraph
There,262,467,303,480,paragraph
is,309,467,321,480,paragraph
a,327,467,335,480,paragraph
ﬁxed,341,467,372,480,paragraph
positive,378,467,431,480,paragraph
constant,437,467,496,480,paragraph
γ,502,467,510,480,paragraph
such,517,467,548,480,paragraph
that,554,467,582,480,paragraph
(cid:107),302,485,311,507,paragraph
·,387,485,392,507,paragraph
−,402,485,414,507,paragraph
·,511,485,516,507,paragraph
(cid:107),522,485,530,507,paragraph
≤,535,485,547,507,paragraph
γ,554,486,563,499,paragraph
s∈up,273,495,298,517,paragraph
"Qn,ζn−2(u,",311,495,385,509,paragraph
),392,495,398,507,paragraph
"Qn+1,ζn−1(u,",418,495,509,509,paragraph
),516,495,522,507,paragraph
n,554,503,564,516,paragraph
u,272,508,279,517,paragraph
X,288,508,299,517,paragraph
(cid:107),673,518,682,540,paragraph
·,686,518,690,540,paragraph
(cid:107),694,518,702,540,paragraph
for,117,527,137,540,paragraph
any,144,527,169,540,paragraph
ζ,175,527,182,540,paragraph
−,190,526,201,541,paragraph
and,214,527,240,540,paragraph
ζ,246,527,253,540,paragraph
−,261,526,272,541,paragraph
such,285,527,316,540,paragraph
that,323,527,350,540,paragraph
ζ,356,527,364,540,paragraph
−,372,526,382,541,paragraph
is,395,527,407,540,paragraph
a,413,527,422,540,paragraph
direct,428,527,467,540,paragraph
continuation,473,527,562,540,paragraph
of,568,527,581,540,paragraph
ζ,588,527,595,540,paragraph
−,603,526,613,541,paragraph
.,620,527,625,540,paragraph
Here,634,527,667,540,paragraph
is,708,527,720,540,paragraph
n,182,532,190,541,paragraph
1,201,532,207,541,paragraph
n,253,532,261,541,paragraph
2,272,532,278,541,paragraph
n,364,532,372,541,paragraph
1,382,532,388,541,paragraph
n,595,532,603,541,paragraph
2,613,532,619,541,paragraph
the,117,542,138,555,paragraph
total,144,542,176,555,paragraph
variation,182,542,245,555,paragraph
norm.,251,542,294,555,paragraph
·,446,548,450,570,paragraph
·,578,548,583,570,paragraph
Proof.,147,558,189,570,paragraph
First,196,558,230,570,paragraph
it,234,558,245,570,paragraph
is,249,558,260,570,paragraph
easy,263,558,294,570,paragraph
to,298,558,312,570,paragraph
see,316,558,337,570,paragraph
that,341,558,371,570,paragraph
"qn,ζn−2(u;",375,558,443,572,paragraph
),450,558,457,570,paragraph
and,461,558,487,570,paragraph
"qn+1,ζn−1(u;",491,558,576,572,paragraph
),583,558,589,570,paragraph
are,593,558,615,570,paragraph
both,619,558,652,570,paragraph
Gaussian,656,558,720,570,paragraph
measures,117,573,182,585,paragraph
with,187,573,219,585,paragraph
same,224,573,259,585,paragraph
"mean,",265,573,307,585,paragraph
and,313,573,339,585,paragraph
we(cid:115)have,344,570,401,617,equation
·,293,604,297,626,equation
|,375,605,379,626,equation
|,416,605,421,626,equation
"dqn,ζn−2(u;",213,613,290,628,equation
)·,297,613,305,643,equation
(v),314,622,335,635,equation
=,339,622,352,635,equation
Σ|,379,614,391,643,equation
n+|1,391,619,415,643,equation
exp(1∆xT,425,614,499,635,equation
(Σ−1,502,613,537,635,equation
−,549,613,562,635,equation
"Σ−1)∆x),",565,614,634,635,equation
(2.17),678,622,720,635,equation
"dqn+1,ζn−1(u;",205,631,298,645,equation
),305,631,312,643,equation
Σn,387,631,407,645,equation
2,459,631,467,643,equation
n+1,520,629,544,637,equation
n,577,628,585,637,equation
(cid:104),246,653,253,675,paragraph
−,265,653,278,675,paragraph
(cid:105),313,653,319,675,paragraph
(cid:104),340,653,346,675,paragraph
−,359,653,371,675,paragraph
(cid:105),409,653,415,675,paragraph
where,147,662,188,675,paragraph
∆x,194,662,217,675,paragraph
=,222,662,235,675,paragraph
(,240,662,246,675,paragraph
v,253,662,261,675,paragraph
"u,",282,662,295,675,paragraph
e,298,662,306,675,paragraph
",",319,662,324,675,paragraph
...,327,662,340,675,paragraph
v,346,662,354,675,paragraph
"u,",375,662,389,675,paragraph
e,392,662,399,675,paragraph
)T,415,661,429,675,paragraph
.,431,662,436,675,paragraph
Let,444,662,468,675,paragraph
A,474,662,486,675,paragraph
be,492,662,509,675,paragraph
any,515,662,540,675,paragraph
member,546,662,603,675,paragraph
of,609,662,622,675,paragraph
the,628,662,650,675,paragraph
σ-ﬁeld,656,662,701,675,paragraph
of,707,662,720,675,paragraph
1,306,667,312,676,paragraph
J,399,667,407,676,paragraph
"X,",117,677,136,690,paragraph
and(cid:82)we,142,677,192,724,paragraph
compute,197,677,258,690,paragraph
(cid:82),422,677,429,724,paragraph
|,142,692,146,714,paragraph
(cid:82),157,692,165,739,paragraph
−,245,692,258,714,paragraph
|,373,692,378,714,paragraph
(cid:82),429,692,437,739,paragraph
"Q|n,(cid:82)ζn−2(u;",146,701,220,758,paragraph
A),223,701,241,714,paragraph
"Qn+1,ζn−1(u;",261,701,352,716,paragraph
A),354,701,373,714,paragraph
−,406,707,418,729,paragraph
(cid:48),533,708,536,723,paragraph
(cid:48),584,708,587,723,paragraph
=−,142,716,154,744,paragraph
A,174,724,183,733,paragraph
"a(u,",187,716,216,729,paragraph
"v)qn,ζn−2(u;",218,716,302,731,paragraph
dv),304,716,328,729,paragraph
+,331,716,344,729,paragraph
δA(u)(1,348,716,402,730,paragraph
−,413,722,426,744,paragraph
X,429,724,440,733,paragraph
"qn,ζn−2(u;",445,716,513,731,paragraph
dv,516,716,532,729,paragraph
")a((cid:48)u,",537,716,572,739,paragraph
v,575,716,583,729,paragraph
)),588,716,601,729,paragraph
(cid:48),607,723,611,739,paragraph
|,625,722,629,744,paragraph
≤,142,742,154,763,paragraph
"A(cid:82)a(u,",165,731,207,782,paragraph
"v)qn|+1,ζn−1(u;",209,731,309,763,paragraph
dv·,312,731,328,754,paragraph
),329,731,335,744,paragraph
+,339,731,351,744,paragraph
δA−(u|)(1,355,731,409,763,paragraph
X,437,739,448,748,paragraph
"qn+1,ζn−1(u;",452,731,537,746,paragraph
dv,540,731,556,744,paragraph
")a(u,",561,731,596,744,paragraph
v,599,731,607,744,paragraph
)),612,731,625,744,paragraph
≤,142,765,154,787,paragraph
22,159,751,167,787,paragraph
(cid:82)XX,170,758,188,814,paragraph
"a|(cid:115)d(qdunq|,n+v,1ζ),nζn−d−2qd|1n(qun(+u;,1·ζ;),n·ζ)n−(−2v1()u(u;−;)·)1(|vqn)+1,1ζnq−n1+(u1,;ζdn−v1),(u;",192,745,477,810,paragraph
dv),480,751,503,763,paragraph
|,192,797,197,819,paragraph
(cid:82),208,799,216,846,paragraph
Σ,220,798,231,810,paragraph
−,359,797,369,813,paragraph
−,388,797,400,819,paragraph
−,416,798,426,813,paragraph
−,472,797,485,819,paragraph
|,497,797,501,819,paragraph
=,142,806,154,819,paragraph
2,159,806,167,819,paragraph
X,177,814,188,822,paragraph
|Σn+(cid:112)|1,223,803,258,855,paragraph
exp(12∆xT,266,804,338,822,paragraph
(Σn+11,341,804,383,821,paragraph
Σn1)∆x(cid:112)),404,805,476,855,paragraph
1,489,806,497,819,paragraph
"qn+1,ζn−1(u;",501,806,586,821,paragraph
"dv),",589,806,617,819,paragraph
n,240,820,248,829,paragraph
2,178,830,186,842,paragraph
|,235,829,240,851,paragraph
1,261,830,269,842,paragraph
−,323,829,336,851,paragraph
−,391,830,402,845,paragraph
−,442,829,454,851,paragraph
1,487,830,495,842,paragraph
−,558,829,571,851,paragraph
−,626,829,636,844,paragraph
|,681,829,685,851,paragraph
=,142,838,154,851,paragraph
R,216,839,224,853,paragraph
|,258,839,262,861,paragraph
|,283,839,288,861,paragraph
exp(,292,838,323,851,paragraph
1∆xT,338,836,377,851,paragraph
Σ,380,838,391,851,paragraph
1∆x),402,836,438,851,paragraph
|,476,839,481,861,paragraph
|,518,839,522,861,paragraph
exp(,527,838,558,851,paragraph
1∆xT,573,836,612,851,paragraph
Σ,614,838,626,851,paragraph
1,636,836,643,844,paragraph
∆x),651,838,681,851,paragraph
d∆x,685,838,717,851,paragraph
≤,142,854,154,875,paragraph
(2(cid:107)π)J2,161,846,200,875,paragraph
−,205,854,218,875,paragraph
J,224,845,230,851,paragraph
(cid:107)Σn,259,848,282,875,paragraph
2,338,845,345,854,paragraph
n,391,844,399,853,paragraph
Σn+1,481,848,517,862,paragraph
2,573,845,579,854,paragraph
n+1,626,844,651,853,paragraph
c,159,863,166,875,paragraph
Σ,181,863,193,875,paragraph
Σ,222,863,234,875,paragraph
",",267,863,272,875,paragraph
1,166,868,172,877,paragraph
n,193,868,201,877,paragraph
n+1,234,868,258,877,paragraph
##LTLine##,274,241,300,241,paragraph
##LTLine##,554,502,564,502,paragraph
##LTLine##,205,629,312,629,equation
##LTLine##,373,610,423,610,equation
##LTLine##,375,629,421,629,equation
##LTLine##,459,629,467,629,equation
##LTLine##,245,758,337,758,paragraph
##LTLine##,199,781,290,781,paragraph
##LTLine##,213,794,263,794,paragraph
##LTLine##,215,813,261,813,paragraph
##LTLine##,299,813,306,813,paragraph
##LTLine##,161,845,203,845,paragraph
##LTLine##,193,852,200,852,paragraph
##LTLine##,242,845,288,845,paragraph
##LTLine##,258,848,288,848,paragraph
##LTLine##,338,845,345,845,paragraph
##LTLine##,460,845,522,845,paragraph
##LTLine##,476,848,522,848,paragraph
##LTLine##,573,845,579,845,paragraph
