token,x0,y0,x1,y1,label
(cid:34),446,27,457,83,paragraph
(cid:35),712,27,724,83,paragraph
ON,289,32,312,47,paragraph
A,319,32,330,47,paragraph
FAMILY,336,32,395,47,paragraph
OF,401,32,423,47,paragraph
SYMMETR(cid:18)IC,429,32,525,88,paragraph
RATIO(cid:19)NAL,531,32,612,88,paragraph
FUNCTIONS,619,32,710,47,paragraph
38,877,32,892,47,paragraph
N,724,70,735,80,paragraph
(cid:101),235,76,246,133,paragraph
−,484,78,494,95,paragraph
(cid:81),506,79,525,136,paragraph
w,538,79,552,94,paragraph
1νj>0,590,74,626,88,paragraph
−,662,77,677,103,paragraph
det,416,89,443,104,paragraph
wN,457,85,482,104,paragraph
j,494,85,500,95,paragraph
−i,545,84,560,114,paragraph
(w,631,89,652,104,paragraph
1)νj,681,85,710,104,paragraph
i,471,96,476,106,paragraph
w,521,99,535,114,paragraph
1,564,99,574,114,paragraph
i,652,94,657,104,paragraph
i,535,105,540,115,paragraph
G(q=0)(w,231,113,303,131,paragraph
",",311,116,316,131,paragraph
.,320,116,325,131,paragraph
.,328,116,334,131,paragraph
.,337,116,342,131,paragraph
",",345,116,351,131,paragraph
w,354,116,368,131,paragraph
),381,116,388,131,paragraph
=,394,116,409,131,paragraph
−,619,115,634,141,paragraph
"i,j=1",724,112,756,122,paragraph
.,762,116,768,131,paragraph
ν,246,123,253,133,paragraph
1,303,122,310,132,paragraph
N,368,122,379,132,paragraph
≤,532,127,542,144,paragraph
≤,564,127,575,144,paragraph
(w,588,127,609,142,paragraph
w,639,127,652,142,paragraph
),659,127,667,142,paragraph
1,525,135,532,145,paragraph
i<j,542,134,563,144,paragraph
N,575,134,586,144,paragraph
i,609,132,614,142,paragraph
j,652,132,658,142,paragraph
These,126,146,175,165,paragraph
are,183,146,209,165,paragraph
inhomo(cid:101)geneous,217,146,344,205,paragraph
polynomials,352,146,452,165,paragraph
whose,460,146,510,165,paragraph
top,518,146,546,165,paragraph
homogeneous,554,146,665,165,paragraph
components,673,146,772,165,paragraph
coincide,780,146,847,165,paragraph
with,855,146,892,165,paragraph
the,107,164,133,183,paragraph
Schur,140,164,186,183,paragraph
polynomials.,193,164,298,183,paragraph
The,126,183,159,202,paragraph
polynomials,167,183,267,202,paragraph
(q=0),289,184,324,194,paragraph
bear,431,183,468,202,paragraph
a,475,183,485,202,paragraph
certain,492,183,550,202,paragraph
similarity,557,183,636,202,paragraph
to,643,183,660,202,paragraph
the,668,183,694,202,paragraph
so-called,702,183,773,202,paragraph
Grothendieck,781,183,892,202,paragraph
F,274,188,286,203,paragraph
(z,325,188,341,203,paragraph
",",349,188,354,203,paragraph
.,358,188,363,203,paragraph
.,366,188,371,203,paragraph
.,375,188,380,203,paragraph
",",383,188,389,203,paragraph
z,392,188,401,203,paragraph
),416,188,424,203,paragraph
µ,286,193,295,203,paragraph
1,341,194,348,204,paragraph
M,401,194,414,204,paragraph
polynomials,107,201,207,220,paragraph
as,213,201,230,220,paragraph
presented,237,201,316,220,paragraph
in,322,201,338,220,paragraph
"[15],",345,201,380,220,paragraph
"[16],",386,201,421,220,paragraph
see,428,201,452,220,paragraph
also,459,201,491,220,paragraph
references,497,201,578,220,paragraph
"therein,",585,201,649,220,paragraph
as,655,201,672,220,paragraph
well,678,201,711,220,paragraph
as,717,201,734,220,paragraph
"[11],",741,201,776,220,paragraph
[12],782,201,812,220,paragraph
for,818,201,841,220,paragraph
much,848,201,892,220,paragraph
earlier,107,219,159,238,paragraph
works,164,219,212,238,paragraph
on,217,219,237,238,paragraph
those,242,219,286,238,paragraph
polynomials.,291,219,396,238,paragraph
"However,",404,219,480,238,paragraph
on,485,219,505,238,paragraph
the,510,219,537,238,paragraph
surface,542,219,600,238,paragraph
the,605,219,632,238,paragraph
connection,637,219,726,238,paragraph
to,731,219,748,238,paragraph
integrable,753,219,835,238,paragraph
lattice,840,219,892,238,paragraph
"models,",107,236,170,255,paragraph
skew,176,236,216,255,paragraph
"functions,",222,236,303,255,paragraph
and,310,236,341,255,paragraph
the,347,236,373,255,paragraph
Cauchy,380,236,442,255,paragraph
formulas,448,236,520,255,paragraph
for,526,236,549,255,paragraph
these,555,236,598,255,paragraph
two,604,236,634,255,paragraph
objects,640,236,699,255,paragraph
appear,706,236,762,255,paragraph
to,769,236,786,255,paragraph
be,792,236,812,255,paragraph
diﬀerent.,818,236,892,255,paragraph
It,107,254,121,273,paragraph
would,127,254,177,273,paragraph
be,183,254,203,273,paragraph
very,209,254,245,273,paragraph
interesting,251,254,339,273,paragraph
to,345,254,362,273,paragraph
establish,369,254,441,273,paragraph
a,447,254,457,273,paragraph
direct,463,254,511,273,paragraph
link.,518,254,554,273,paragraph
As,126,271,148,291,paragraph
in,155,271,170,291,paragraph
Sections,177,271,245,291,paragraph
",",251,271,257,291,paragraph
",",263,271,269,291,paragraph
our,275,271,303,291,paragraph
results,309,271,363,291,paragraph
carry,370,271,413,291,paragraph
over,419,271,454,291,paragraph
to,460,271,477,291,paragraph
this,484,271,515,291,paragraph
case,521,271,555,291,paragraph
as,562,271,579,291,paragraph
"well,",585,271,623,291,paragraph
and,629,271,660,291,paragraph
we,667,271,688,291,paragraph
have,695,271,733,291,paragraph
so,739,271,756,291,paragraph
far,763,271,785,291,paragraph
been,792,271,831,291,paragraph
unable,837,271,892,291,paragraph
to,107,289,124,308,paragraph
ﬁnd,130,289,162,308,paragraph
them,168,289,211,308,paragraph
in,217,289,233,308,paragraph
the,239,289,266,308,paragraph
literature.,272,289,355,308,paragraph
The,126,334,159,353,paragraph
limit,166,334,205,353,paragraph
we,212,334,234,353,paragraph
consider,241,334,309,353,paragraph
here,316,334,351,353,paragraph
is,358,334,371,353,paragraph
equivalent,378,334,463,353,paragraph
to,470,334,487,353,paragraph
the,494,334,520,353,paragraph
well-known,527,334,620,353,paragraph
transition,627,334,708,353,paragraph
from,715,334,754,353,paragraph
the,761,334,787,353,paragraph
XXZ,794,334,835,353,paragraph
to,842,334,859,353,paragraph
the,866,334,892,353,paragraph
XXX,107,352,150,371,paragraph
model.,156,352,212,371,paragraph
We,220,352,247,371,paragraph
take,253,352,288,371,paragraph
→,751,369,771,395,paragraph
q,208,380,216,396,paragraph
=,222,380,237,396,paragraph
"exp((cid:15)),",243,380,300,396,paragraph
s,322,380,331,396,paragraph
=,337,380,351,396,paragraph
"exp((cid:15)ζ),",357,380,424,396,paragraph
u,446,380,457,396,paragraph
=,468,380,483,396,paragraph
exp((cid:15)x,488,380,544,396,paragraph
"),",549,380,562,396,paragraph
v,584,380,594,396,paragraph
=,604,380,619,396,paragraph
exp((cid:15)y,625,380,679,396,paragraph
"),",684,380,697,396,paragraph
(cid:15),738,380,746,396,paragraph
0.,776,380,791,396,paragraph
i,457,386,462,396,paragraph
i,544,386,548,396,paragraph
i,594,386,598,396,paragraph
i,679,386,683,396,paragraph
Such,107,400,146,419,paragraph
limit,153,400,192,419,paragraph
of,199,400,214,419,paragraph
the,220,400,247,419,paragraph
vertex,253,400,305,419,paragraph
weights,311,400,373,419,paragraph
of,379,400,395,419,paragraph
Deﬁnition,401,400,484,419,paragraph
2.1,490,400,514,419,paragraph
gives,521,400,561,419,paragraph
−,785,414,800,440,paragraph
m,403,426,420,441,paragraph
+,424,426,439,441,paragraph
ζ,444,426,452,441,paragraph
+,458,426,473,441,paragraph
x,477,426,488,441,paragraph
m,730,426,747,441,paragraph
+,751,426,766,441,paragraph
ζ,770,426,779,441,paragraph
x,804,426,815,441,paragraph
"w(rational)(m,",210,434,312,451,paragraph
"0,",315,436,330,451,paragraph
"m,",333,436,355,451,paragraph
0),359,436,376,451,paragraph
=,381,436,396,451,paragraph
",",490,436,495,451,paragraph
"w(rational)(m,",537,434,639,451,paragraph
"1,",642,436,657,451,paragraph
"m,",660,436,682,451,paragraph
1),686,436,703,451,paragraph
=,708,436,723,451,paragraph
",",817,436,822,451,paragraph
x,223,443,231,453,paragraph
ζ,423,446,432,462,paragraph
+,438,446,453,462,paragraph
x,457,446,468,462,paragraph
x,550,443,558,453,paragraph
ζ,750,446,759,462,paragraph
+,765,446,780,462,paragraph
x,784,446,795,462,paragraph
m,403,466,420,481,paragraph
+,424,466,439,481,paragraph
2ζ,444,466,462,481,paragraph
m,738,466,755,481,paragraph
+,760,466,774,481,paragraph
1,779,466,788,481,paragraph
w(rational)(m,177,473,274,491,paragraph
+,278,476,293,491,paragraph
"1,",297,476,312,491,paragraph
"0,",315,476,330,491,paragraph
"m,",333,476,355,491,paragraph
1),359,476,376,491,paragraph
=,381,476,396,491,paragraph
",",465,476,470,491,paragraph
"w(rational)(m,",512,473,614,491,paragraph
"1,",617,476,632,491,paragraph
m,635,476,652,491,paragraph
+,656,476,671,491,paragraph
"1,",676,476,691,491,paragraph
0),694,476,711,491,paragraph
=,716,476,731,491,paragraph
.,790,476,796,491,paragraph
x,190,483,198,493,paragraph
ζ,411,486,419,501,paragraph
+,425,486,440,501,paragraph
x,444,486,455,501,paragraph
(cid:32)x,512,483,533,540,paragraph
(cid:18)ζ,734,486,750,544,paragraph
+,755,486,770,501,paragraph
x,775,486,786,501,paragraph
(cid:19),802,488,817,544,paragraph
(cid:33),831,483,846,540,paragraph
(cid:88),460,495,489,551,paragraph
(cid:89),548,495,573,551,paragraph
(cid:89),706,495,731,551,paragraph
Taking,107,502,164,521,paragraph
the,170,502,197,521,paragraph
limit,203,502,243,521,paragraph
of,249,502,264,521,paragraph
symmetrization,271,502,400,521,paragraph
formulas,406,502,478,521,paragraph
of,484,502,499,521,paragraph
Theorem,506,502,580,521,paragraph
5.1,587,502,611,521,paragraph
yields,617,502,665,521,paragraph
(cid:81),340,510,359,567,paragraph
−,619,523,634,549,paragraph
−,660,523,676,549,paragraph
−,764,523,780,549,paragraph
1,389,535,398,550,paragraph
x,598,535,609,550,paragraph
x,638,535,649,550,paragraph
1,680,535,690,550,paragraph
·,696,533,701,559,paragraph
M,711,530,724,540,paragraph
ζ,750,535,759,550,paragraph
x,784,535,795,550,paragraph
µi,817,531,829,542,paragraph
F,136,545,149,560,paragraph
(rational)(x,151,543,228,560,paragraph
",",236,545,241,560,paragraph
.,244,545,250,560,paragraph
.,253,545,258,560,paragraph
.,262,545,267,560,paragraph
",",270,545,275,560,paragraph
x,279,545,290,560,paragraph
),305,545,312,560,paragraph
=,318,545,333,560,paragraph
σ,497,545,508,560,paragraph
i,609,540,613,551,paragraph
−j,635,540,655,570,paragraph
i,795,540,799,551,paragraph
",",853,545,858,560,paragraph
µ,149,552,157,562,paragraph
1,228,551,235,561,paragraph
M,290,551,303,561,paragraph
Mi=1(ζ,359,554,398,576,paragraph
+,403,558,418,573,paragraph
xi),423,558,446,573,paragraph
σ∈SM,455,559,492,577,paragraph
1≤i<j≤M,528,559,591,577,paragraph
xi,615,556,630,571,paragraph
xj,655,556,671,571,paragraph
i=1,707,566,729,577,paragraph
ζ,750,556,759,571,paragraph
+,765,556,779,571,paragraph
xi,784,556,799,571,paragraph
(cid:32),234,579,250,635,paragraph
(cid:33),842,579,857,635,paragraph
(2ζ),393,583,427,598,paragraph
(cid:18),583,583,597,640,paragraph
(cid:19),650,583,664,640,paragraph
G(ratio(cid:88)nal)(y,142,590,232,647,paragraph
",",240,594,245,609,paragraph
.,248,594,254,609,paragraph
.,257,594,262,609,paragraph
".(cid:89),",265,590,294,647,paragraph
y,282,594,292,609,paragraph
),305,594,312,609,paragraph
=,318,594,333,609,paragraph
−,369,592,384,618,paragraph
(cid:89)n,420,589,445,647,paragraph
(cid:89),709,590,734,647,paragraph
ν,157,601,163,611,paragraph
1,232,600,239,610,paragraph
N,292,599,303,609,paragraph
(N,340,604,363,619,paragraph
n,389,604,400,619,paragraph
+,405,604,419,619,paragraph
k)!(2ζ),424,604,481,619,paragraph
k,481,609,489,619,paragraph
−,334,619,349,645,paragraph
−,374,619,389,645,paragraph
−,428,618,438,635,paragraph
−,613,619,628,645,paragraph
×,164,629,179,655,paragraph
y,314,631,324,646,paragraph
y,353,631,362,646,paragraph
1,393,631,403,646,paragraph
·,409,629,415,655,paragraph
n,419,625,428,635,paragraph
k,438,625,445,635,paragraph
1,510,631,519,646,paragraph
ζ,599,631,607,646,paragraph
y,633,631,642,646,paragraph
νi,664,626,675,637,paragraph
·,681,629,687,655,paragraph
N,715,625,726,635,paragraph
k,758,631,768,646,paragraph
+,773,631,787,646,paragraph
ζ,792,631,800,646,paragraph
+,806,631,821,646,paragraph
y,825,631,834,646,paragraph
σ,223,641,234,656,paragraph
i,324,636,328,646,paragraph
−j,350,636,368,665,paragraph
−,536,639,551,665,paragraph
i,642,636,647,646,paragraph
i,834,636,839,646,paragraph
",",857,641,863,656,paragraph
∈,191,654,200,672,paragraph
≤,257,654,267,672,paragraph
≤,289,654,300,672,paragraph
yi,331,651,345,667,paragraph
yj,370,651,385,667,paragraph
(ζ,451,651,467,666,paragraph
+,473,651,488,666,paragraph
yi)(ζ,492,651,530,667,paragraph
yi),555,651,578,667,paragraph
ζ,599,651,608,666,paragraph
+,613,651,628,666,paragraph
yi,633,651,647,667,paragraph
−,716,654,727,672,paragraph
ζ,775,651,783,666,paragraph
+,789,651,804,666,paragraph
yi,808,651,822,667,paragraph
σ,182,662,190,672,paragraph
SN,200,662,218,673,paragraph
1,250,662,257,672,paragraph
i<j,267,662,289,672,paragraph
N,300,662,311,672,paragraph
i=1,421,661,444,672,paragraph
j=n,691,662,716,672,paragraph
k+1,727,662,752,672,paragraph
·,510,669,516,695,paragraph
·,519,669,524,695,paragraph
·,528,669,533,695,paragraph
−,598,669,614,695,paragraph
≥,693,669,708,695,paragraph
with,107,676,144,695,paragraph
the,150,676,177,695,paragraph
Pochhammer,183,676,292,695,paragraph
notation,299,676,369,695,paragraph
for,641,676,664,695,paragraph
",",723,676,728,695,paragraph
and,734,676,765,695,paragraph
1,772,676,781,695,paragraph
for,788,676,810,695,paragraph
.,869,676,874,695,paragraph
(a),375,681,400,696,paragraph
=,419,681,433,696,paragraph
a(a,439,681,466,696,paragraph
+,471,681,486,696,paragraph
1),490,681,507,696,paragraph
(a,536,681,554,696,paragraph
+,558,681,573,696,paragraph
m,577,681,594,696,paragraph
1),618,681,635,696,paragraph
m,670,681,687,696,paragraph
1,713,681,723,696,paragraph
m,817,681,834,696,paragraph
=,839,681,854,696,paragraph
0,859,681,869,696,paragraph
m,400,687,412,697,paragraph
Once,126,694,169,713,paragraph
"again,",175,694,225,713,paragraph
our,231,694,259,713,paragraph
results,265,694,320,713,paragraph
also,326,694,358,713,paragraph
have,364,694,402,713,paragraph
such,409,694,445,713,paragraph
"limits,",452,694,504,713,paragraph
and,510,694,541,713,paragraph
we,547,694,569,713,paragraph
have,576,694,613,713,paragraph
not,620,694,647,713,paragraph
seen,654,694,689,713,paragraph
those,695,694,739,713,paragraph
in,745,694,761,713,paragraph
the,768,694,794,713,paragraph
literature.,800,694,883,713,paragraph
References,442,741,557,759,paragraph
[1],115,787,132,803,reference
D.,140,787,157,803,reference
Babbitt,162,787,217,803,reference
and,222,787,248,803,reference
E.,253,787,268,803,reference
"Gutkin,",273,787,328,803,reference
The,333,787,361,803,reference
Plancherel,366,787,440,803,reference
formula,445,787,499,803,reference
for,504,787,523,803,reference
the,528,787,551,803,reference
inﬁnite,556,787,605,803,reference
XXZ,610,787,645,803,reference
Heisenberg,650,787,727,803,reference
spin,732,787,761,803,reference
"chain,",766,787,808,803,reference
Lett.,813,787,845,803,reference
Math.,851,787,892,803,reference
Phys.,140,802,179,818,reference
20,184,802,203,818,reference
"(1990),",209,802,258,818,reference
91–99.,264,802,309,818,reference
[2],115,817,132,833,reference
D.,140,817,157,833,reference
Babbitt,163,817,218,833,reference
and,223,817,249,833,reference
L.,255,817,270,833,reference
"Thomas,",275,817,337,833,reference
Ground,342,817,397,833,reference
state,402,817,437,833,reference
representation,442,817,543,833,reference
of,549,817,562,833,reference
the,568,817,590,833,reference
inﬁnite,596,817,646,833,reference
one-dimensional,651,817,765,833,reference
Heisenberg,771,817,848,833,reference
ferro-,854,817,892,833,reference
magnet.,140,832,197,848,reference
II.,202,832,219,848,reference
An,225,832,246,848,reference
explicit,251,832,303,848,reference
Plancherel,309,832,383,848,reference
"formula,",388,832,447,848,reference
Comm.,452,832,504,848,reference
Math.,510,832,551,848,reference
Phys.,557,832,596,848,reference
54,602,832,620,848,reference
"(1977),",626,832,675,848,reference
255–278.,681,832,742,848,reference
[3],115,848,132,863,reference
R.,140,848,157,863,reference
J.,162,848,175,863,reference
"Baxter,",180,848,233,863,reference
Exactly,238,848,290,863,reference
solved,296,848,338,863,reference
models,344,848,391,863,reference
in,397,848,411,863,reference
statistical,417,848,484,863,reference
mechanics.,490,848,566,863,reference
Courier,572,848,625,863,reference
Dover,631,848,673,863,reference
"Publications,",678,848,771,863,reference
2007.,776,848,813,863,reference
##LTLine##,521,96,574,96,paragraph
##LTLine##,416,124,757,124,paragraph
##LTLine##,403,444,488,444,paragraph
##LTLine##,730,444,815,444,paragraph
##LTLine##,403,483,463,483,paragraph
##LTLine##,738,483,788,483,paragraph
##LTLine##,340,553,446,553,paragraph
##LTLine##,598,553,690,553,paragraph
##LTLine##,750,553,800,553,paragraph
##LTLine##,340,601,490,601,paragraph
##LTLine##,314,648,403,648,paragraph
##LTLine##,451,648,578,648,paragraph
##LTLine##,599,648,648,648,paragraph
##LTLine##,758,648,840,648,paragraph
