token,x0,y0,x1,y1,label
which,121,85,170,100,paragraph
in,176,85,193,100,paragraph
ﬂat,199,85,227,100,paragraph
space,233,85,279,100,paragraph
would,285,85,336,100,paragraph
be,342,85,362,100,paragraph
the,368,85,395,100,paragraph
d(cid:20)erivative,401,85,485,139,paragraph
with,491,85,529,100,paragraph
respect,535,85,596,100,paragraph
to,602,85,619,100,paragraph
th(cid:21)e,625,85,653,139,paragraph
center,659,85,711,100,paragraph
point.,717,85,767,100,paragraph
Then,775,85,820,100,paragraph
Eqs.,826,85,863,100,paragraph
(24),869,85,904,100,paragraph
(cid:0),491,94,500,147,paragraph
(cid:1),631,94,640,147,paragraph
and,121,102,152,116,paragraph
(25),159,102,194,116,paragraph
give,200,102,234,116,paragraph
1,386,129,396,143,paragraph
(cid:2),402,131,410,184,paragraph
1,476,129,486,143,paragraph
∇,500,128,517,153,paragraph
−,530,128,546,153,paragraph
∇,550,128,567,153,paragraph
−,580,128,596,153,paragraph
∇,600,128,617,153,paragraph
(cid:3),697,131,705,184,paragraph
T,307,139,319,153,paragraph
split,321,137,348,146,paragraph
=,359,139,374,153,paragraph
∂,412,139,423,153,paragraph
∂,429,139,439,153,paragraph
(cid:48),444,139,448,151,paragraph
+,454,139,469,153,paragraph
2,517,137,524,146,paragraph
2,567,137,574,146,paragraph
2(cid:48),617,137,629,152,paragraph
2,386,148,396,163,paragraph
t,423,145,428,154,paragraph
t,439,145,444,154,paragraph
2,476,148,486,163,paragraph
x¯,517,146,525,155,paragraph
x,567,146,575,155,paragraph
x,617,146,625,155,paragraph
1,386,166,396,180,paragraph
∇,410,165,427,190,paragraph
−,488,165,504,190,paragraph
−,585,165,600,190,paragraph
=,359,176,374,190,paragraph
2,427,174,434,183,paragraph
+,440,176,455,190,paragraph
(cid:50),460,175,475,187,paragraph
∂2,508,174,527,190,paragraph
+,532,176,548,190,paragraph
(cid:50),552,175,567,187,paragraph
(cid:48),575,176,579,188,paragraph
∂2(cid:48),605,174,624,190,paragraph
+,630,176,646,190,paragraph
2∂,650,176,670,190,paragraph
∂,676,176,687,190,paragraph
(cid:48),692,176,695,188,paragraph
",",712,176,718,190,paragraph
(26),869,176,904,190,paragraph
4,386,185,396,200,paragraph
x¯,427,183,435,192,paragraph
x,475,182,483,191,paragraph
t,519,183,524,192,paragraph
x,567,182,575,191,paragraph
t,615,183,620,192,paragraph
t,670,182,675,191,paragraph
t,687,182,692,191,paragraph
(cid:48),812,200,816,216,paragraph
where,121,208,171,222,paragraph
(cid:50),179,207,194,220,paragraph
and,211,208,242,222,paragraph
(cid:50),250,207,265,220,paragraph
(cid:48),273,208,277,220,paragraph
denote,286,208,343,222,paragraph
the,351,208,379,222,paragraph
D’Alembertian,387,208,514,222,paragraph
operator,522,208,594,222,paragraph
with,602,208,640,222,paragraph
respect,648,208,709,222,paragraph
to,717,208,735,222,paragraph
x,742,208,754,222,paragraph
and,762,208,793,222,paragraph
x,801,208,812,222,paragraph
.,817,208,823,222,paragraph
Because,835,208,904,222,paragraph
x,194,214,202,224,paragraph
x,265,214,273,224,paragraph
we,121,225,143,239,paragraph
are,149,225,176,239,paragraph
using,182,225,227,239,paragraph
Fermi,234,225,283,239,paragraph
coordinates,290,225,388,239,paragraph
and,394,225,426,239,paragraph
are,432,225,459,239,paragraph
on,465,225,486,239,paragraph
the,492,225,520,239,paragraph
generating,526,225,616,239,paragraph
"geodesic,",622,225,698,239,paragraph
the,705,225,732,239,paragraph
D’Alembertian,739,225,866,239,paragraph
and,872,225,904,239,paragraph
(cid:2),461,236,470,289,paragraph
(cid:3),606,236,614,289,paragraph
Laplacian,121,241,204,256,paragraph
operators,210,241,290,256,paragraph
have,296,241,335,256,paragraph
the,340,241,368,256,paragraph
same,373,241,416,256,paragraph
form,422,241,462,256,paragraph
with,468,241,506,256,paragraph
respect,512,241,572,256,paragraph
to,578,241,596,256,paragraph
Fermi,601,241,651,256,paragraph
coordinates,657,241,754,256,paragraph
as,760,241,778,256,paragraph
they,784,241,821,256,paragraph
do,827,241,848,256,paragraph
in,854,241,870,256,paragraph
ﬂat,876,241,904,256,paragraph
space.,121,258,172,272,paragraph
Then,181,258,226,272,paragraph
using,232,258,277,272,paragraph
1,446,271,456,285,paragraph
−,494,270,509,295,paragraph
∂2,398,279,417,295,paragraph
=(cid:104),423,279,439,332,paragraph
∂2,470,279,488,295,paragraph
2∂,514,281,534,295,paragraph
∂,540,281,550,295,paragraph
(cid:48),555,281,559,293,paragraph
+,565,281,581,295,paragraph
∂2(cid:48),585,279,604,295,paragraph
"(cid:105),",619,279,628,332,paragraph
(27),869,281,904,295,paragraph
τ,409,288,415,297,paragraph
4,446,290,456,305,paragraph
t,480,288,485,297,paragraph
t,534,287,539,296,paragraph
t,550,287,555,296,paragraph
t,595,288,601,297,paragraph
we,121,307,143,322,paragraph
can,149,307,179,322,paragraph
write,186,307,229,322,paragraph
1,414,318,424,332,paragraph
∇,575,317,592,342,paragraph
−,633,317,648,342,paragraph
T,326,327,337,342,paragraph
splitH˜,340,324,384,342,paragraph
=,391,327,407,342,paragraph
(cid:50),439,326,454,339,paragraph
H˜,463,324,479,342,paragraph
+,485,327,500,342,paragraph
(cid:50),505,326,520,339,paragraph
(cid:48)H˜,528,324,549,342,paragraph
+,555,327,571,342,paragraph
2H˜,592,324,617,342,paragraph
∂2H˜,653,324,688,342,paragraph
.,693,327,699,342,paragraph
(28),869,327,904,342,paragraph
4,414,337,424,351,paragraph
x,454,333,462,343,paragraph
x,520,333,528,343,paragraph
x¯,592,335,600,344,paragraph
τ,663,335,669,344,paragraph
(cid:48),518,347,521,363,paragraph
Consider,121,355,196,370,paragraph
the,204,355,231,370,paragraph
ﬁrst,239,355,273,370,paragraph
term.,281,355,327,370,paragraph
The,340,355,374,370,paragraph
function,382,355,453,370,paragraph
"H(x,",461,355,503,370,paragraph
x,506,355,518,370,paragraph
),522,355,530,370,paragraph
obeys,538,355,586,370,paragraph
the,594,355,621,370,paragraph
equation,629,355,703,370,paragraph
of,711,355,727,370,paragraph
motion,735,355,795,370,paragraph
in,803,355,820,370,paragraph
x,828,355,839,370,paragraph
and,847,355,879,370,paragraph
so,887,355,904,370,paragraph
(cid:48),219,364,223,380,paragraph
does,121,372,158,386,paragraph
"E(x,",165,372,205,386,paragraph
x,208,372,219,386,paragraph
).,224,372,237,386,paragraph
Thus,246,372,289,386,paragraph
1,491,386,500,400,paragraph
(cid:48),563,386,567,403,paragraph
(cid:50),420,394,435,407,paragraph
H˜,444,392,461,410,paragraph
=,468,395,483,410,paragraph
(cid:50),502,394,517,407,paragraph
H(x,526,395,563,410,paragraph
",",568,395,573,410,paragraph
x),577,395,595,410,paragraph
.,599,395,604,410,paragraph
(29),869,395,904,410,paragraph
x,435,401,443,411,paragraph
x,517,401,526,411,paragraph
2,491,405,500,419,paragraph
(cid:88),474,411,503,464,paragraph
The,121,423,154,437,paragraph
only,161,423,198,437,paragraph
asymmetrical,204,423,318,437,paragraph
part,325,423,361,437,paragraph
of,368,423,383,437,paragraph
H,390,423,406,437,paragraph
comes,414,423,466,437,paragraph
from,472,423,512,437,paragraph
the,519,423,546,437,paragraph
w,553,423,567,437,paragraph
",",574,423,580,437,paragraph
so,586,423,604,437,paragraph
j,567,429,573,438,paragraph
(cid:48),294,449,298,465,paragraph
(cid:48),410,449,414,465,paragraph
1,453,448,463,462,paragraph
(cid:48),551,449,554,465,paragraph
−,587,447,603,472,paragraph
(cid:48),668,449,672,465,paragraph
(cid:48),746,449,750,465,paragraph
H(x,258,458,294,472,paragraph
",",299,458,305,472,paragraph
x),308,458,327,472,paragraph
=,332,458,348,472,paragraph
"H(x,",353,458,395,472,paragraph
x,399,458,410,472,paragraph
),415,458,422,472,paragraph
+,427,458,442,472,paragraph
(w,503,458,524,472,paragraph
(x,532,458,551,472,paragraph
",",555,458,561,472,paragraph
x),564,458,583,472,paragraph
w,607,458,622,472,paragraph
"(x,",629,458,653,472,paragraph
x,657,458,668,472,paragraph
"))σj(x,",672,456,731,472,paragraph
x,735,458,746,472,paragraph
),750,458,758,472,paragraph
.,761,458,767,472,paragraph
(30),869,458,904,472,paragraph
π2,448,467,467,482,paragraph
j,524,464,530,473,paragraph
j,622,464,627,473,paragraph
(cid:88),430,473,459,526,paragraph
j,485,478,491,488,paragraph
and,121,500,152,514,paragraph
so,159,500,176,514,paragraph
we,183,500,205,514,paragraph
have,212,500,251,514,paragraph
1,381,510,391,524,paragraph
(cid:48),507,511,511,527,paragraph
−,544,509,560,534,paragraph
(cid:48),624,511,628,527,paragraph
(cid:48),702,511,706,527,paragraph
(cid:50),301,519,316,531,paragraph
H˜,325,516,341,534,paragraph
=,348,520,364,534,paragraph
(cid:50),403,519,418,531,paragraph
(w,459,520,481,534,paragraph
(x,488,520,507,534,paragraph
",",512,520,517,534,paragraph
x),521,520,539,534,paragraph
w,564,520,578,534,paragraph
"(x,",585,520,610,534,paragraph
x,613,520,624,534,paragraph
"))σj(x,",629,518,688,534,paragraph
x,691,520,702,534,paragraph
),707,520,715,534,paragraph
.,718,520,724,534,paragraph
(31),869,520,904,534,paragraph
x,316,526,324,535,paragraph
8π2,371,529,400,544,paragraph
x,418,526,426,535,paragraph
j,481,526,487,535,paragraph
j,578,526,584,535,paragraph
(cid:88),435,533,464,586,paragraph
j,441,540,447,549,paragraph
"Similarly,",121,557,201,571,paragraph
1,381,570,391,584,paragraph
(cid:48),532,571,535,587,paragraph
−,548,569,564,594,paragraph
(cid:48),609,571,613,587,paragraph
(cid:48),707,571,711,587,paragraph
(cid:50),297,579,312,591,paragraph
(cid:48)H˜,320,576,341,594,paragraph
=,348,580,364,594,paragraph
(cid:50),403,579,418,591,paragraph
(cid:48),426,579,430,592,paragraph
(w,464,580,485,594,paragraph
"(x,",493,580,517,594,paragraph
x,520,580,532,594,paragraph
),536,580,544,594,paragraph
w,569,580,583,594,paragraph
(x,590,580,609,594,paragraph
",",613,580,619,594,paragraph
"x))σj(x,",622,577,692,594,paragraph
x,696,580,707,594,paragraph
),712,580,719,594,paragraph
.,723,580,728,594,paragraph
(32),869,580,904,594,paragraph
x,312,585,320,595,paragraph
8π2,371,589,400,604,paragraph
x,418,585,426,595,paragraph
j,485,585,491,595,paragraph
j,583,585,588,595,paragraph
j,446,600,452,609,paragraph
(cid:48),861,609,865,626,paragraph
Adding,121,617,183,632,paragraph
together,190,617,261,632,paragraph
Eqs.,268,617,305,632,paragraph
(31),312,617,347,632,paragraph
and,354,617,386,632,paragraph
"(32),",393,617,433,632,paragraph
we,440,617,462,632,paragraph
get,469,617,496,632,paragraph
something,502,617,590,632,paragraph
which,597,617,647,632,paragraph
is,653,617,667,632,paragraph
symmetric,674,617,763,632,paragraph
in,770,617,786,632,paragraph
x,793,618,804,632,paragraph
and,811,617,843,632,paragraph
x,850,618,861,632,paragraph
and,872,617,904,632,paragraph
§,654,624,663,648,paragraph
vanishes,121,634,191,648,paragraph
in,200,634,216,648,paragraph
the,225,634,252,648,paragraph
coincidence,261,634,358,648,paragraph
limit.,367,634,412,648,paragraph
Followin(cid:20)g,427,634,509,687,paragraph
the,517,634,545,648,paragraph
ana(cid:21)lysis,553,634,621,687,paragraph
of,629,634,645,648,paragraph
3A,663,634,687,648,paragraph
of,696,634,712,648,paragraph
Ref.,720,634,755,648,paragraph
"[9],",764,634,790,648,paragraph
such,799,634,837,648,paragraph
a,845,634,855,648,paragraph
term,864,634,904,648,paragraph
makes,121,651,173,665,paragraph
no,180,651,200,665,paragraph
contribution,207,651,312,665,paragraph
to,319,651,336,665,paragraph
Eq.,343,651,372,665,paragraph
(22),379,651,414,665,paragraph
and,420,651,452,665,paragraph
for,459,651,482,665,paragraph
our,489,651,517,665,paragraph
purposes,524,651,599,665,paragraph
we,605,651,628,665,paragraph
can,634,651,664,665,paragraph
take,670,651,706,665,paragraph
1∇,501,677,529,701,paragraph
−,543,677,558,701,paragraph
T,402,687,413,701,paragraph
splitH˜,416,684,460,701,paragraph
=,467,687,483,701,paragraph
2,529,685,536,695,paragraph
∂2,563,685,581,701,paragraph
H˜,596,684,612,701,paragraph
.,617,687,623,701,paragraph
(33),869,687,904,701,paragraph
4,501,697,511,711,paragraph
x¯,529,695,537,704,paragraph
τ,573,695,579,704,paragraph
IV.,121,723,150,736,section
GENERAL,171,723,277,736,section
COMPUTATION,284,723,447,736,section
OF,454,723,484,736,section
E,491,723,504,736,section
The,146,755,180,770,paragraph
function,186,755,257,770,paragraph
E,263,755,278,770,paragraph
is,285,755,299,770,paragraph
the,305,755,333,770,paragraph
advanced,339,755,418,770,paragraph
minus,425,755,476,770,paragraph
the,482,755,510,770,paragraph
retarded,516,755,588,770,paragraph
Green’s,595,755,660,770,paragraph
"function,",666,755,742,770,paragraph
(cid:48),425,774,429,791,paragraph
(cid:48),530,774,534,791,paragraph
−,547,773,562,797,paragraph
(cid:48),633,774,637,791,paragraph
"E(x,",371,783,411,797,paragraph
x,414,783,425,797,paragraph
),430,783,438,797,paragraph
=,443,783,458,797,paragraph
G,464,783,480,797,paragraph
"(x,",491,783,515,797,paragraph
x,519,783,530,797,paragraph
),535,783,542,797,paragraph
G,567,783,582,797,paragraph
"(x,",594,783,618,797,paragraph
x,622,783,633,797,paragraph
),637,783,645,797,paragraph
",",648,783,654,797,paragraph
(34),869,783,904,797,paragraph
A,480,789,490,799,paragraph
R,582,789,593,799,paragraph
and,121,811,152,825,paragraph
iE,157,811,178,825,paragraph
is,184,811,197,825,paragraph
the,201,811,229,825,paragraph
"imaginary,",233,811,323,825,paragraph
antisymmetric,328,811,450,825,paragraph
part,455,811,491,825,paragraph
of,495,811,511,825,paragraph
the,516,811,543,825,paragraph
two-point,548,811,630,825,paragraph
function.,634,811,710,825,paragraph
The,718,811,752,825,paragraph
Green’s,757,811,821,825,paragraph
functions,826,811,904,825,paragraph
satisfy,121,827,175,842,paragraph
−,566,833,582,858,paragraph
(cid:48),597,835,601,852,paragraph
(cid:48),473,844,477,861,paragraph
δ(4)√(x,514,842,562,867,paragraph
x,586,844,597,858,paragraph
),602,844,610,858,paragraph
"(cid:50)G(x,",404,852,459,868,paragraph
x,462,853,473,868,paragraph
),478,853,486,868,paragraph
=,491,853,507,868,paragraph
−,557,853,573,877,paragraph
.,615,853,621,868,paragraph
(35),869,853,904,868,paragraph
g,573,863,583,877,paragraph
6,498,898,507,912,paragraph
##LTLine##,386,147,396,147,paragraph
##LTLine##,476,147,486,147,paragraph
##LTLine##,386,184,396,184,paragraph
##LTLine##,446,289,456,289,paragraph
##LTLine##,414,335,424,335,paragraph
##LTLine##,491,403,500,403,paragraph
##LTLine##,448,466,468,466,paragraph
##LTLine##,371,528,401,528,paragraph
##LTLine##,371,587,401,587,paragraph
##LTLine##,501,695,511,695,paragraph
##LTLine##,514,861,610,861,paragraph
##LTLine##,557,864,583,864,paragraph
