token,x0,y0,x1,y1,label
20,88,55,104,67,paragraph
Preprint,97,84,145,93,section
typeset,149,84,190,93,section
using,194,84,224,93,section
LATEX,228,84,262,95,section
style,266,84,292,93,section
emulateapj,297,84,359,93,section
v.,364,84,374,93,section
12/16/11,379,84,431,93,section
A,161,141,173,153,paragraph
GLOBAL,179,141,248,153,paragraph
MODEL,254,141,315,153,paragraph
FOR,321,141,355,153,paragraph
CIRCUMGALACTIC,361,141,517,153,paragraph
AND,522,141,559,153,paragraph
CLUSTER-CORE,565,141,696,153,paragraph
PRECIPITATION,701,141,833,153,paragraph
G.,133,160,150,171,author
Mark,156,160,197,171,author
"Voit1,2,",203,159,256,171,author
Greg,262,160,301,171,author
"Meece1,",306,159,365,171,author
Yuan,370,160,409,171,author
"Li3,",415,159,440,171,author
Brian,445,160,488,171,author
W.,493,160,514,171,author
"O’Shea1,4,",520,159,591,171,author
Greg,597,160,636,171,author
L.,641,160,656,171,author
"Bryan5,",662,159,718,171,author
Megan,723,160,773,171,author
Donahue1,779,159,850,171,author
Subject,141,193,191,205,section
headings:,197,193,262,205,section
6.,358,225,370,236,section
ILLUSTRATIONS,380,226,493,236,section
FROM,498,226,540,236,section
SIMULATIONS,545,226,642,236,section
Our,97,242,125,255,paragraph
objective,130,242,194,255,paragraph
until,199,242,232,255,paragraph
this,237,242,263,255,paragraph
point,268,242,305,255,paragraph
in,310,242,324,255,paragraph
the,329,242,352,255,paragraph
paper,357,242,397,255,paragraph
has,402,242,425,255,paragraph
been,430,242,463,255,paragraph
to,468,242,483,255,paragraph
understand,488,242,568,255,paragraph
the,573,242,595,255,paragraph
physical,600,242,657,255,paragraph
principles,662,242,730,255,paragraph
that,735,242,765,255,paragraph
govern,770,242,817,255,paragraph
precipitation-,822,242,918,255,paragraph
regulated,82,255,148,268,paragraph
"feedback,",155,255,220,268,paragraph
both,227,255,260,268,paragraph
in,266,255,280,268,paragraph
nature,286,255,332,268,paragraph
and,339,255,365,268,paragraph
in,371,255,385,268,paragraph
simulations,391,255,471,268,paragraph
of,478,255,491,268,paragraph
galaxy,497,255,543,268,paragraph
evolution.,550,255,619,268,paragraph
Now,629,255,661,268,paragraph
it,667,255,678,268,paragraph
is,684,255,695,268,paragraph
time,702,255,733,268,paragraph
to,740,255,754,268,paragraph
apply,761,255,800,268,paragraph
those,806,255,843,268,paragraph
principles,850,255,918,268,paragraph
to,82,269,97,281,paragraph
interpret,103,269,165,281,paragraph
what,172,269,207,281,paragraph
happens,214,269,272,281,paragraph
in,279,269,292,281,paragraph
such,299,269,330,281,paragraph
"simulations,",337,269,421,281,paragraph
using,428,269,465,281,paragraph
an,472,269,489,281,paragraph
idealized,496,269,557,281,paragraph
cluster-core,564,269,645,281,paragraph
simulation,652,269,726,281,paragraph
from,732,269,765,281,paragraph
Li,772,269,786,281,paragraph
et,793,269,806,281,paragraph
al.,813,269,830,281,paragraph
(2015),837,269,882,281,paragraph
as,888,269,903,281,paragraph
a,910,269,918,281,paragraph
paradigmatic,82,282,176,295,paragraph
example.,180,282,243,295,paragraph
In,250,282,265,295,paragraph
that,270,282,300,295,paragraph
"simulation,",304,282,383,295,paragraph
condensation,388,282,480,295,paragraph
produces,485,282,548,295,paragraph
cold,552,282,581,295,paragraph
gas,586,282,609,295,paragraph
clouds,613,282,658,295,paragraph
that,663,282,692,295,paragraph
feed,697,282,726,295,paragraph
a,730,282,739,295,paragraph
central,743,282,792,295,paragraph
black,796,282,833,295,paragraph
"hole,",838,282,872,295,paragraph
which,877,282,918,295,paragraph
responds,82,295,145,308,paragraph
by,151,295,168,308,paragraph
producing,174,295,245,308,paragraph
a,251,295,259,308,paragraph
bipolar,265,295,315,308,paragraph
outﬂow.,321,295,378,308,paragraph
This,386,295,418,308,paragraph
mode,424,295,463,308,paragraph
of,469,295,482,308,paragraph
feedback,488,295,549,308,paragraph
regulates,555,295,618,308,paragraph
the,624,295,647,308,paragraph
system,653,295,701,308,paragraph
so,707,295,722,308,paragraph
that,728,295,758,308,paragraph
min(t,764,295,803,308,paragraph
/t,827,295,841,308,paragraph
),850,295,856,308,paragraph
remains,862,295,918,308,paragraph
(cid:46),194,300,206,319,paragraph
(cid:46),313,300,326,319,paragraph
cool,803,300,826,309,paragraph
ﬀ,841,300,848,309,paragraph
in,82,309,96,321,paragraph
the,103,309,126,321,paragraph
range,132,309,171,321,paragraph
5,178,309,187,321,paragraph
min(t,213,309,253,321,paragraph
/t,276,309,290,321,paragraph
),300,309,306,321,paragraph
20,333,309,349,321,paragraph
for,356,309,376,321,paragraph
long,383,309,412,321,paragraph
time,419,309,451,321,paragraph
periods,458,309,510,321,paragraph
while,517,309,554,321,paragraph
the,561,309,583,321,paragraph
outﬂows,590,309,649,321,paragraph
are,656,309,677,321,paragraph
active.,684,309,730,321,paragraph
"However,",742,309,807,321,paragraph
star,814,309,842,321,paragraph
formation,848,309,918,321,paragraph
cool,253,314,275,322,paragraph
ﬀ,290,314,298,322,paragraph
eventually,82,322,155,334,paragraph
consumes,161,322,228,334,paragraph
the,233,322,256,334,paragraph
cold,262,322,291,334,paragraph
gas,297,322,319,334,paragraph
that,325,322,355,334,paragraph
the,361,322,383,334,paragraph
black,389,322,426,334,paragraph
hole,432,322,461,334,paragraph
needs,467,322,506,334,paragraph
for,512,322,531,334,paragraph
fuel.,537,322,567,334,paragraph
When,575,322,617,334,paragraph
that,623,322,653,334,paragraph
cold-gas,659,322,716,334,paragraph
reservoir,722,322,783,334,paragraph
becomes,788,322,848,334,paragraph
"depleted,",853,322,918,334,paragraph
the,82,335,105,348,paragraph
outﬂow,110,335,162,348,paragraph
shuts,167,335,204,348,paragraph
"down,",209,335,251,348,paragraph
cooling,256,335,307,348,paragraph
is,312,335,323,348,paragraph
now,328,335,356,348,paragraph
"unopposed,",361,335,442,348,paragraph
and,447,335,473,348,paragraph
min(t,478,335,517,348,paragraph
/t,541,335,555,348,paragraph
),564,335,571,348,paragraph
declines,576,335,631,348,paragraph
until,636,335,669,348,paragraph
condensation,674,335,767,348,paragraph
renews,772,335,820,348,paragraph
the,825,335,848,348,paragraph
supply,853,335,899,348,paragraph
of,905,335,918,348,paragraph
c(cid:46)ool,517,340,540,359,paragraph
ﬀ,555,340,563,349,paragraph
(cid:46),637,340,650,359,paragraph
cold,82,348,111,361,paragraph
gas.,117,348,144,361,paragraph
The,151,348,179,361,paragraph
outﬂow,185,348,237,361,paragraph
then,242,348,274,361,paragraph
"resumes,",279,348,340,361,paragraph
restoring,345,348,408,361,paragraph
regulation,413,348,485,361,paragraph
at,490,348,505,361,paragraph
5,510,348,518,361,paragraph
min(t,540,348,579,361,paragraph
/t,603,348,617,361,paragraph
),627,348,633,361,paragraph
20.,655,348,675,361,paragraph
cool,579,353,602,362,paragraph
ﬀ,617,353,625,362,paragraph
The,97,362,125,374,paragraph
Li,129,362,144,374,paragraph
et,148,362,162,374,paragraph
al.,166,362,183,374,paragraph
(2015),187,362,232,374,paragraph
simulation,236,362,310,374,paragraph
is,314,362,325,374,paragraph
far,329,362,348,374,paragraph
from,352,362,385,374,paragraph
a,389,362,398,374,paragraph
complete,402,362,465,374,paragraph
treatment,469,362,539,374,paragraph
of,543,362,556,374,paragraph
all,560,362,578,374,paragraph
the,582,362,604,374,paragraph
relevant,608,362,664,374,paragraph
physics.,668,362,724,374,paragraph
Perhaps,731,362,787,374,paragraph
most,791,362,826,374,paragraph
"importantly,",830,362,918,374,paragraph
it,82,375,93,388,paragraph
is,100,375,111,388,paragraph
not,118,375,141,388,paragraph
subject,148,375,199,388,paragraph
to,206,375,220,388,paragraph
cosmological,227,375,316,388,paragraph
structure,322,375,387,388,paragraph
"formation,",393,375,467,388,paragraph
and,474,375,500,388,paragraph
is,507,375,518,388,paragraph
therefore,525,375,588,388,paragraph
artiﬁcially,594,375,666,388,paragraph
symmetric,673,375,747,388,paragraph
and,754,375,780,388,paragraph
undisturbed.,787,375,877,388,paragraph
It,888,375,900,388,paragraph
is,907,375,918,388,paragraph
quite,82,388,118,401,paragraph
likely,123,388,161,401,paragraph
that,166,388,196,401,paragraph
the,201,388,223,401,paragraph
cold-gas,229,388,286,401,paragraph
reservoirs,291,388,358,401,paragraph
in,363,388,377,401,paragraph
real,382,388,408,401,paragraph
systems,413,388,468,401,paragraph
of,473,388,486,401,paragraph
this,491,388,518,401,paragraph
type,523,388,554,401,paragraph
are,559,388,581,401,paragraph
never,586,388,624,401,paragraph
fully,629,388,661,401,paragraph
"depleted,",666,388,730,401,paragraph
in,735,388,749,401,paragraph
which,754,388,795,401,paragraph
case,800,388,829,401,paragraph
there,834,388,871,401,paragraph
would,876,388,918,401,paragraph
∼,808,392,821,414,paragraph
be,82,402,99,414,paragraph
no,105,402,122,414,paragraph
time,128,402,160,414,paragraph
periods,166,402,218,414,paragraph
during,224,402,270,414,paragraph
which,276,402,317,414,paragraph
the,323,402,346,414,paragraph
central,352,402,401,414,paragraph
cooling,407,402,457,414,paragraph
time,463,402,495,414,paragraph
would,501,402,543,414,paragraph
need,549,402,581,414,paragraph
to,587,402,602,414,paragraph
decline,608,402,657,414,paragraph
below,663,402,703,414,paragraph
min(t,710,402,749,414,paragraph
/t,772,402,787,414,paragraph
),796,402,802,414,paragraph
5,826,402,834,414,paragraph
in,840,402,854,414,paragraph
order,860,402,897,414,paragraph
to,903,402,918,414,paragraph
cool,749,407,772,415,paragraph
ﬀ,787,407,794,415,paragraph
re-initiate,82,415,152,427,paragraph
condensation.,158,415,255,427,paragraph
"However,",264,415,328,427,paragraph
those,334,415,372,427,paragraph
episodes,377,415,436,427,paragraph
of,442,415,455,427,paragraph
cold-gas,461,415,518,427,paragraph
depletion,524,415,589,427,paragraph
in,595,415,609,427,paragraph
the,614,415,637,427,paragraph
Li,643,415,658,427,paragraph
et,664,415,677,427,paragraph
al.,683,415,700,427,paragraph
(2015),706,415,751,427,paragraph
simulation,757,415,831,427,paragraph
turn,837,415,868,427,paragraph
out,874,415,897,427,paragraph
to,903,415,918,427,paragraph
be,82,428,99,441,paragraph
extremely,106,428,176,441,paragraph
useful,182,428,224,441,paragraph
for,230,428,250,441,paragraph
illustrating,257,428,335,441,paragraph
the,342,428,364,441,paragraph
respective,371,428,441,441,paragraph
roles,448,428,481,441,paragraph
of,487,428,501,441,paragraph
unopposed,507,428,583,441,paragraph
"cooling,",590,428,645,441,paragraph
uplift-driven,652,428,740,441,paragraph
"condensation,",747,428,844,441,paragraph
buoyancy,851,428,918,441,paragraph
"damping,",82,441,148,454,paragraph
and,154,441,180,454,paragraph
feedback,186,441,247,454,paragraph
"regulation,",252,441,328,454,paragraph
as,333,441,348,454,paragraph
this,353,441,380,454,paragraph
section,385,441,434,454,paragraph
will,439,441,465,454,paragraph
demonstrate.,470,441,563,454,paragraph
6.1.,390,456,413,467,section
Simulated,423,455,492,467,section
Feedback,498,455,559,467,section
Cycles,565,455,610,467,section
Figure,97,473,143,486,paragraph
5,149,473,157,486,paragraph
shows,163,473,204,486,paragraph
the,210,473,232,486,paragraph
feedback,238,473,299,486,paragraph
cycles,305,473,346,486,paragraph
in,351,473,365,486,paragraph
the,371,473,393,486,paragraph
Li,399,473,414,486,paragraph
et,419,473,433,486,paragraph
al.,439,473,456,486,paragraph
(2015),461,473,507,486,paragraph
simulation.,512,473,591,486,paragraph
At,599,473,617,486,paragraph
the,622,473,645,486,paragraph
"beginning,",651,473,724,486,paragraph
the,730,473,753,486,paragraph
gas,758,473,781,486,paragraph
is,787,473,798,486,paragraph
homogeneous,803,473,898,486,paragraph
at,903,473,918,486,paragraph
each,82,486,114,499,paragraph
radius,120,486,164,499,paragraph
and,170,486,196,499,paragraph
remains,203,486,258,499,paragraph
homogenous,265,486,352,499,paragraph
as,358,486,373,499,paragraph
it,379,486,390,499,paragraph
"cools,",396,486,436,499,paragraph
until,443,486,476,499,paragraph
condensation,482,486,574,499,paragraph
triggers,581,486,634,499,paragraph
strong,641,486,685,499,paragraph
feedback,692,486,753,499,paragraph
at,759,486,774,499,paragraph
t,780,486,786,499,paragraph
=,793,486,805,499,paragraph
0.27,812,486,840,499,paragraph
Gyr.,847,486,879,499,paragraph
The,890,486,918,499,paragraph
amount,82,500,136,512,paragraph
of,141,500,154,512,paragraph
gas,159,500,182,512,paragraph
that,186,500,216,512,paragraph
is,221,500,232,512,paragraph
present,237,500,288,512,paragraph
within,293,500,338,512,paragraph
the,343,500,365,512,paragraph
central,370,500,419,512,paragraph
20,423,500,440,512,paragraph
kpc,444,500,470,512,paragraph
prior,474,500,509,512,paragraph
to,514,500,528,512,paragraph
the,533,500,556,512,paragraph
feedback,560,500,621,512,paragraph
outburst,626,500,687,512,paragraph
can,692,500,716,512,paragraph
be,721,500,738,512,paragraph
estimated,742,500,811,512,paragraph
by,816,500,833,512,paragraph
noting,838,500,883,512,paragraph
that,888,500,918,512,paragraph
≈,111,504,124,525,paragraph
≈,197,504,210,525,paragraph
∼,577,504,590,525,paragraph
×,608,504,620,525,paragraph
∼,853,504,865,525,paragraph
α,82,513,93,525,paragraph
1,130,513,138,525,paragraph
and,144,513,170,525,paragraph
K,176,513,190,525,paragraph
10,216,513,232,525,paragraph
keV,235,513,262,525,paragraph
cm2,265,511,292,525,paragraph
at,299,513,314,525,paragraph
20,320,513,336,525,paragraph
"kpc,",343,513,372,525,paragraph
giving,379,513,422,525,paragraph
a,428,513,436,525,paragraph
gas-mass,442,513,505,525,paragraph
estimate,511,513,571,525,paragraph
3,596,513,604,525,paragraph
1011,625,511,654,525,paragraph
M(cid:12),657,511,683,527,paragraph
for,690,513,710,525,paragraph
a,716,513,724,525,paragraph
gas,730,513,753,525,paragraph
temperature,759,513,847,525,paragraph
3,871,513,879,525,paragraph
keV.,886,513,918,525,paragraph
K,93,518,104,527,paragraph
∼,194,517,206,539,paragraph
×,222,517,235,539,paragraph
∼,501,517,514,539,paragraph
Approximately,82,526,188,539,paragraph
4,211,526,219,539,paragraph
109,239,525,261,539,paragraph
M(cid:12),265,525,291,540,paragraph
of,297,526,310,539,paragraph
this,316,526,342,539,paragraph
gas,347,526,370,539,paragraph
condenses,375,526,445,539,paragraph
within,451,526,496,539,paragraph
200,518,526,543,539,paragraph
Myr,548,526,578,539,paragraph
and,583,526,610,539,paragraph
triggers,615,526,669,539,paragraph
feedback,674,526,735,539,paragraph
that,740,526,770,539,paragraph
leaves,776,526,817,539,paragraph
the,822,526,845,539,paragraph
system,850,526,899,539,paragraph
in,904,526,918,539,paragraph
≈,463,530,476,552,paragraph
∼,595,530,607,552,paragraph
a,82,539,91,552,paragraph
steady,97,539,142,552,paragraph
feedback-regulated,148,539,281,552,paragraph
state,287,539,321,552,paragraph
with,327,539,359,552,paragraph
min(t,365,539,404,552,paragraph
/t,428,539,442,552,paragraph
),451,539,458,552,paragraph
10,481,539,497,552,paragraph
for,503,539,523,552,paragraph
the,529,539,552,552,paragraph
next,557,539,589,552,paragraph
1,613,539,621,552,paragraph
"Gyr,",627,539,659,552,paragraph
until,665,539,698,552,paragraph
star,704,539,732,552,paragraph
formation,738,539,807,552,paragraph
uses,813,539,842,552,paragraph
up,848,539,866,552,paragraph
all,872,539,889,552,paragraph
the,895,539,918,552,paragraph
cool,404,544,427,553,paragraph
ﬀ,442,544,450,553,paragraph
cold,82,553,111,565,paragraph
gas.,117,553,144,565,paragraph
Two,97,566,128,579,paragraph
more,133,566,169,579,paragraph
outburst,173,566,234,579,paragraph
and,239,566,265,579,paragraph
shutdown,270,566,338,579,paragraph
cycles,343,566,384,579,paragraph
follow,389,566,431,579,paragraph
the,436,566,458,579,paragraph
ﬁrst,463,566,491,579,paragraph
"one,",496,566,525,579,paragraph
and,530,566,556,579,paragraph
each,561,566,592,579,paragraph
cycle,597,566,632,579,paragraph
proceeds,637,566,698,579,paragraph
similarly.,703,566,767,579,paragraph
Without,775,566,835,579,paragraph
heat,840,566,870,579,paragraph
"input,",875,566,918,579,paragraph
the,82,579,105,592,paragraph
core,112,579,141,592,paragraph
cools,148,579,183,592,paragraph
homogeneously,190,579,297,592,paragraph
and,304,579,330,592,paragraph
develops,337,579,397,592,paragraph
a,404,579,412,592,paragraph
power-law,419,579,490,592,paragraph
central,497,579,545,592,paragraph
entropy,552,579,606,592,paragraph
gradient,613,579,671,592,paragraph
that,678,579,708,592,paragraph
focuses,715,579,765,592,paragraph
condensation,772,579,864,592,paragraph
on,871,579,888,592,paragraph
the,895,579,918,592,paragraph
black,82,593,119,605,paragraph
hole.,125,593,158,605,paragraph
When,165,593,207,605,paragraph
the,213,593,235,605,paragraph
black,240,593,277,605,paragraph
hole,283,593,312,605,paragraph
"erupts,",317,593,366,605,paragraph
uplift,371,593,409,605,paragraph
stimulates,415,593,487,605,paragraph
rapid,492,593,529,605,paragraph
condensation,534,593,626,605,paragraph
and,632,593,658,605,paragraph
spreads,663,593,716,605,paragraph
condensing,721,593,799,605,paragraph
gas,804,593,827,605,paragraph
over,832,593,861,605,paragraph
a,866,593,875,605,paragraph
much,880,593,918,605,paragraph
larger,82,606,123,618,paragraph
volume.,128,606,183,618,paragraph
After,191,606,228,618,paragraph
each,233,606,264,618,paragraph
"eruption,",269,606,333,618,paragraph
the,339,606,361,618,paragraph
system,366,606,415,618,paragraph
is,420,606,431,618,paragraph
left,436,606,459,618,paragraph
in,464,606,478,618,paragraph
a,483,606,491,618,paragraph
"long-lasting,",496,606,583,618,paragraph
well-regulated,588,606,687,618,paragraph
state,692,606,727,618,paragraph
with,732,606,763,618,paragraph
a,768,606,777,618,paragraph
ﬂat,782,606,805,618,paragraph
central,810,606,859,618,paragraph
entropy,864,606,918,618,paragraph
gradient.,82,619,145,632,paragraph
6.2.,322,633,346,645,section
Anatomy,356,632,420,645,section
of,426,632,439,645,section
the,445,632,466,645,section
Speciﬁc,472,632,524,645,section
Entropy,530,632,586,645,section
Distribution,592,632,678,645,section
In,97,651,112,663,paragraph
order,119,651,156,663,paragraph
to,163,651,177,663,paragraph
understand,184,651,264,663,paragraph
why,271,651,300,663,paragraph
these,307,651,343,663,paragraph
cycles,350,651,391,663,paragraph
unfold,398,651,443,663,paragraph
as,450,651,464,663,paragraph
they,471,651,502,663,paragraph
"do,",509,651,531,663,paragraph
it,538,651,549,663,paragraph
is,556,651,567,663,paragraph
important,574,651,645,663,paragraph
to,652,651,666,663,paragraph
look,673,651,703,663,paragraph
closely,710,651,757,663,paragraph
at,764,651,778,663,paragraph
the,785,651,808,663,paragraph
distribution,814,651,898,663,paragraph
of,905,651,918,663,paragraph
speciﬁc,82,664,134,677,paragraph
entropy,140,664,193,677,paragraph
K,199,664,213,677,paragraph
at,220,664,235,677,paragraph
each,241,664,272,677,paragraph
radius.,278,664,326,677,paragraph
Figure,335,664,381,677,paragraph
6,387,664,395,677,paragraph
shows,401,664,442,677,paragraph
the,448,664,471,677,paragraph
distribution,477,664,560,677,paragraph
of,566,664,579,677,paragraph
K,585,664,599,677,paragraph
as,606,664,621,677,paragraph
a,627,664,635,677,paragraph
function,641,664,699,677,paragraph
of,705,664,718,677,paragraph
r,724,664,731,677,paragraph
at,738,664,752,677,paragraph
t,758,664,764,677,paragraph
=,770,664,782,677,paragraph
1,788,664,796,677,paragraph
"Gyr,",802,664,834,677,paragraph
which,840,664,881,677,paragraph
is,887,664,898,677,paragraph
in,904,664,918,677,paragraph
the,82,677,105,690,paragraph
midst,111,677,151,690,paragraph
of,158,677,171,690,paragraph
the,177,677,200,690,paragraph
ﬁrst,206,677,234,690,paragraph
feedback,241,677,302,690,paragraph
cycle.,308,677,347,690,paragraph
Broadly,357,677,414,690,paragraph
"speaking,",420,677,486,690,paragraph
the,493,677,515,690,paragraph
entropy,522,677,575,690,paragraph
proﬁle,582,677,626,690,paragraph
is,632,677,643,690,paragraph
approximately,650,677,752,690,paragraph
isentropic,758,677,826,690,paragraph
in,833,677,846,690,paragraph
the,853,677,875,690,paragraph
inner,881,677,918,690,paragraph
≈,434,681,446,703,paragraph
(cid:28),792,681,809,703,paragraph
≈,875,681,888,703,paragraph
regions,82,691,132,703,paragraph
and,138,691,164,703,paragraph
approximately,170,691,272,703,paragraph
a,277,691,285,703,paragraph
power,291,691,333,703,paragraph
law,339,691,363,703,paragraph
with,368,691,400,703,paragraph
α,406,691,416,703,paragraph
1,451,691,459,703,paragraph
in,465,691,479,703,paragraph
the,484,691,507,703,paragraph
outer,512,691,550,703,paragraph
regions.,555,691,610,703,paragraph
The,618,691,646,703,paragraph
transition,651,691,720,703,paragraph
from,726,691,759,703,paragraph
α,765,691,775,703,paragraph
1,814,691,822,703,paragraph
to,827,691,842,703,paragraph
α,848,691,858,703,paragraph
1,893,691,901,703,paragraph
is,907,691,918,703,paragraph
≈,284,695,297,716,paragraph
K,416,696,427,704,paragraph
K,775,696,786,704,paragraph
K,858,696,869,704,paragraph
at,82,704,97,716,paragraph
the,102,704,125,716,paragraph
radius,130,704,174,716,paragraph
where,179,704,221,716,paragraph
t,226,704,232,716,paragraph
/t,256,704,270,716,paragraph
10.,301,704,322,716,paragraph
"However,",329,704,394,716,paragraph
gas,399,704,422,716,paragraph
at,427,704,442,716,paragraph
any,447,704,473,716,paragraph
given,478,704,515,716,paragraph
radius,520,704,564,716,paragraph
can,569,704,594,716,paragraph
span,599,704,632,716,paragraph
a,637,704,646,716,paragraph
wide,651,704,684,716,paragraph
range,689,704,728,716,paragraph
in,733,704,747,716,paragraph
K.,752,704,772,716,paragraph
cool,232,709,255,718,paragraph
ﬀ,270,709,278,718,paragraph
The,97,717,125,730,paragraph
actual,131,717,174,730,paragraph
dispersion,180,717,251,730,paragraph
in,257,717,271,730,paragraph
speciﬁc,277,717,328,730,paragraph
entropy,334,717,387,730,paragraph
is,393,717,404,730,paragraph
not,410,717,434,730,paragraph
quite,439,717,475,730,paragraph
as,481,717,495,730,paragraph
broad,501,717,542,730,paragraph
as,548,717,562,730,paragraph
the,568,717,591,730,paragraph
ﬁgure’s,597,717,647,730,paragraph
logarithmic,653,717,734,730,paragraph
heat,740,717,770,730,paragraph
map,776,717,807,730,paragraph
makes,813,717,856,730,paragraph
it,862,717,873,730,paragraph
seem.,879,717,918,730,paragraph
Lines,82,730,120,743,paragraph
in,124,730,138,743,paragraph
the,143,730,165,743,paragraph
inset,170,730,204,743,paragraph
ﬁgure,208,730,248,743,paragraph
show,253,730,288,743,paragraph
the,292,730,315,743,paragraph
median,320,730,371,743,paragraph
entropy,376,730,430,743,paragraph
at,434,730,449,743,paragraph
each,453,730,485,743,paragraph
radius,489,730,533,743,paragraph
(solid,537,730,576,743,paragraph
line),581,730,613,743,paragraph
and,617,730,644,743,paragraph
the,648,730,671,743,paragraph
20%-80%,676,730,741,743,paragraph
percentile,745,730,814,743,paragraph
range,819,730,858,743,paragraph
(dashed,862,730,918,743,paragraph
lines).,82,744,125,756,paragraph
Despite,137,744,190,756,paragraph
the,198,744,220,756,paragraph
wide,227,744,260,756,paragraph
range,267,744,306,756,paragraph
of,313,744,326,756,paragraph
extremes,333,744,396,756,paragraph
in,403,744,417,756,paragraph
"entropy,",424,744,481,756,paragraph
the,488,744,511,756,paragraph
dispersion,518,744,589,756,paragraph
is,596,744,607,756,paragraph
actually,614,744,671,756,paragraph
quite,678,744,714,756,paragraph
narrow,721,744,770,756,paragraph
at,777,744,792,756,paragraph
large,799,744,833,756,paragraph
radii.,840,744,877,756,paragraph
The,890,744,918,756,paragraph
extremes,82,757,145,770,paragraph
are,151,757,173,770,paragraph
associated,179,757,251,770,paragraph
with,257,757,289,770,paragraph
the,295,757,318,770,paragraph
high-entropy,324,757,414,770,paragraph
outﬂow,420,757,472,770,paragraph
and,478,757,504,770,paragraph
the,510,757,532,770,paragraph
lower-entropy,538,757,635,770,paragraph
gas,641,757,664,770,paragraph
uplifted,670,757,724,770,paragraph
by,730,757,747,770,paragraph
it,753,757,764,770,paragraph
(Li,770,757,791,770,paragraph
&,797,757,810,770,paragraph
Bryan,816,757,859,770,paragraph
"2014b),",865,757,918,770,paragraph
but,82,770,107,783,paragraph
buoyancy,112,770,179,783,paragraph
damping,185,770,246,783,paragraph
keeps,252,770,290,783,paragraph
most,295,770,329,783,paragraph
of,335,770,348,783,paragraph
the,353,770,376,783,paragraph
gas,381,770,404,783,paragraph
nearly,410,770,454,783,paragraph
homogeneous,459,770,553,783,paragraph
at,559,770,573,783,paragraph
radii,578,770,611,783,paragraph
where,616,770,658,783,paragraph
the,664,770,686,783,paragraph
entropy,692,770,745,783,paragraph
gradient,751,770,809,783,paragraph
is,815,770,826,783,paragraph
signiﬁcant.,831,770,908,783,paragraph
In,97,784,112,796,paragraph
the,120,784,142,796,paragraph
"center,",150,784,197,796,paragraph
where,205,784,247,796,paragraph
the,254,784,277,796,paragraph
entropy,284,784,338,796,paragraph
gradient,346,784,404,796,paragraph
"vanishes,",412,784,475,796,paragraph
buoyancy,483,784,550,796,paragraph
damping,557,784,619,796,paragraph
is,626,784,637,796,paragraph
less,645,784,669,796,paragraph
successful,677,784,745,796,paragraph
at,753,784,767,796,paragraph
suppressing,775,784,856,796,paragraph
entropy,864,784,918,796,paragraph
§,587,788,595,809,paragraph
"perturbations,",82,797,183,809,paragraph
and,188,797,214,809,paragraph
thermal,219,797,274,809,paragraph
instability,279,797,350,809,paragraph
is,355,797,366,809,paragraph
able,370,797,399,809,paragraph
to,404,797,418,809,paragraph
produce,423,797,480,809,paragraph
condensation,484,797,577,809,paragraph
(,581,797,587,809,paragraph
).,595,797,606,809,paragraph
Gas,612,797,640,809,paragraph
blobs,644,797,682,809,paragraph
below,686,797,727,809,paragraph
the,731,797,754,809,paragraph
median,759,797,810,809,paragraph
entropy,815,797,869,809,paragraph
in,873,797,887,809,paragraph
this,891,797,918,809,paragraph
zone,82,810,114,823,paragraph
are,119,810,141,823,paragraph
declining,146,810,209,823,paragraph
in,215,810,228,823,paragraph
speciﬁc,233,810,284,823,paragraph
entropy,290,810,343,823,paragraph
and,349,810,375,823,paragraph
will,380,810,405,823,paragraph
soon,410,810,443,823,paragraph
join,448,810,474,823,paragraph
the,480,810,502,823,paragraph
condensed,507,810,580,823,paragraph
component.,585,810,667,823,paragraph
Outside,674,810,730,823,paragraph
of,735,810,748,823,paragraph
this,753,810,779,823,paragraph
thermally,784,810,853,823,paragraph
unstable,858,810,918,823,paragraph
"zone,",82,823,119,836,paragraph
condensation,125,823,217,836,paragraph
is,224,823,234,836,paragraph
scarcer.,241,823,294,836,paragraph
At,304,823,322,836,paragraph
the,328,823,351,836,paragraph
epoch,357,823,398,836,paragraph
"shown,",404,823,453,836,paragraph
there,459,823,495,836,paragraph
are,502,823,523,836,paragraph
two,530,823,555,836,paragraph
isolated,561,823,616,836,paragraph
patches,622,823,675,836,paragraph
of,681,823,694,836,paragraph
multiphase,700,823,778,836,paragraph
gas,784,823,807,836,paragraph
at,813,823,827,836,paragraph
larger,834,823,874,836,paragraph
"radii,",881,823,918,836,paragraph
roughly,82,837,136,849,paragraph
30,141,837,157,849,paragraph
kpc,162,837,187,849,paragraph
and,192,837,218,849,paragraph
50,222,837,239,849,paragraph
kpc,243,837,269,849,paragraph
from,273,837,306,849,paragraph
the,311,837,333,849,paragraph
center.,338,837,385,849,paragraph
Buoyancy,392,837,462,849,paragraph
damping,466,837,528,849,paragraph
cannot,532,837,580,849,paragraph
suppress,585,837,645,849,paragraph
condensation,649,837,742,849,paragraph
in,746,837,760,849,paragraph
these,765,837,801,849,paragraph
patches,805,837,858,849,paragraph
because,863,837,918,849,paragraph
§,370,841,377,863,paragraph
they,82,850,114,863,paragraph
have,119,850,151,863,paragraph
been,157,850,190,863,paragraph
uplifted,195,850,250,863,paragraph
by,255,850,272,863,paragraph
the,278,850,300,863,paragraph
outﬂow,306,850,358,863,paragraph
(,363,850,370,863,paragraph
),377,850,383,863,paragraph
and,389,850,415,863,paragraph
are,420,850,442,863,paragraph
on,447,850,465,863,paragraph
nearly,470,850,514,863,paragraph
ballistic,519,850,575,863,paragraph
trajectories.,580,850,665,863,paragraph
6.3.,333,864,356,876,section
Initial,366,863,410,876,section
"Outburst,",415,863,482,876,section
"Uplift,",488,863,533,876,section
and,539,863,565,876,section
Condensation,570,863,667,876,section
1,110,899,116,906,paragraph
Department,120,900,192,911,paragraph
of,197,900,208,911,paragraph
Physics,213,900,257,911,paragraph
and,262,900,284,911,paragraph
"Astronomy,",289,900,358,911,paragraph
Michigan,363,900,418,911,paragraph
State,423,900,454,911,paragraph
"University,",459,900,524,911,paragraph
East,528,900,555,911,paragraph
"Lansing,",560,900,611,911,paragraph
MI,616,900,633,911,paragraph
48824,638,900,672,911,paragraph
2,110,909,116,917,paragraph
voit@pa.msu.edu,120,911,222,921,paragraph
3,110,920,116,928,paragraph
Department,120,921,192,932,paragraph
of,197,921,208,932,paragraph
"Astronomy,",213,921,282,932,paragraph
University,286,921,348,932,paragraph
of,353,921,364,932,paragraph
"Michigan,",369,921,428,932,paragraph
Ann,433,921,458,932,paragraph
"Arbor,",463,921,503,932,paragraph
MI,507,921,525,932,paragraph
4,110,930,116,938,paragraph
Department,120,932,192,942,paragraph
of,197,932,208,942,paragraph
Computational,213,932,303,942,paragraph
"Mathematics,",308,932,390,942,paragraph
"Science,",394,932,442,942,paragraph
and,447,932,469,942,paragraph
"Engineering,",474,932,549,942,paragraph
Michigan,554,932,609,942,paragraph
State,614,932,645,942,paragraph
"University,",650,932,714,942,paragraph
East,719,932,746,942,paragraph
"Lansing,",751,932,802,942,paragraph
MI,806,932,824,942,paragraph
48824,829,932,863,942,paragraph
5,110,941,116,949,paragraph
Department,120,943,192,953,paragraph
of,197,943,208,953,paragraph
"Astronomy,",213,943,282,953,paragraph
Columbia,286,943,344,953,paragraph
"University,",349,943,414,953,paragraph
New,418,943,445,953,paragraph
"York,",449,943,482,953,paragraph
NY,487,943,507,953,paragraph
