token,x0,y0,x1,y1,label
[19],181,161,210,176,paragraph
J.-M.,220,161,264,176,paragraph
"Pipard,",273,161,335,176,paragraph
N.,345,161,365,176,paragraph
"Nicaise,",374,161,438,176,paragraph
S.,448,161,464,176,paragraph
"Berbenni,",473,161,554,176,paragraph
O.,564,161,585,176,paragraph
"Bouaziz,",594,161,665,176,paragraph
M.,675,161,697,176,paragraph
"Berveiller,",707,161,791,176,paragraph
A,801,161,816,176,paragraph
new,220,179,253,195,paragraph
mean,259,179,304,195,paragraph
ﬁeld,311,179,346,195,paragraph
micromechanical,352,179,491,195,paragraph
approach,498,179,574,195,paragraph
to,580,179,597,195,paragraph
capture,604,179,666,195,paragraph
grain,673,179,716,195,paragraph
size,722,179,752,195,paragraph
"eﬀects,",759,179,816,195,paragraph
Computational,220,198,345,213,paragraph
Materials,352,198,430,213,paragraph
Science,436,198,497,213,paragraph
45,503,198,522,213,paragraph
(2009),529,198,582,213,paragraph
604,588,198,617,213,paragraph
–,623,198,633,213,paragraph
610.,639,198,673,213,paragraph
[20],181,229,210,244,paragraph
A.,220,229,240,244,paragraph
"Acharya,",246,229,321,244,paragraph
A.,327,229,347,244,paragraph
J.,354,229,369,244,paragraph
"Beaudoin,",375,229,459,244,paragraph
Grain,466,229,514,244,paragraph
size,520,229,550,244,paragraph
eﬀects,557,229,608,244,paragraph
in,615,229,631,244,paragraph
viscoplastic,637,229,733,244,paragraph
polycrys-,739,229,816,244,paragraph
tals,220,247,250,262,paragraph
at,255,247,272,262,paragraph
moderate,278,247,356,262,paragraph
"strains,",362,247,422,262,paragraph
Journal,428,247,491,262,paragraph
of,497,247,512,262,paragraph
the,518,247,544,262,paragraph
Mechanics,550,247,636,262,paragraph
and,641,247,672,262,paragraph
Physics,678,247,740,262,paragraph
of,746,247,761,262,paragraph
Solids,767,247,816,262,paragraph
48,220,265,239,280,paragraph
(2000),245,265,299,280,paragraph
2213–2230.,305,265,396,280,paragraph
[21],181,296,210,311,paragraph
L.,220,296,237,311,paragraph
P.,242,296,259,311,paragraph
"Evers,",264,296,315,311,paragraph
D.,320,296,340,311,paragraph
M.,345,296,368,311,paragraph
"Parks,",373,296,425,311,paragraph
W.,430,296,455,311,paragraph
A.,460,296,480,311,paragraph
M.,485,296,507,311,paragraph
"Brekelmans,",512,296,614,311,paragraph
M.,619,296,642,311,paragraph
G.,647,296,667,311,paragraph
D.,672,296,692,311,paragraph
"Geers,",697,296,749,311,paragraph
Crystal,754,296,816,311,paragraph
plasticity,220,314,297,329,paragraph
model,305,314,356,329,paragraph
with,365,314,402,329,paragraph
enhanced,410,314,488,329,paragraph
hardening,497,314,580,329,paragraph
by,588,314,609,329,paragraph
geometrically,617,314,728,329,paragraph
necessary,737,314,816,329,paragraph
dislocation,220,332,310,347,paragraph
"accumulation,",314,332,431,347,paragraph
Journal,436,332,499,347,paragraph
of,503,332,518,347,paragraph
the,523,332,550,347,paragraph
Mechanics,554,332,640,347,paragraph
and,645,332,675,347,paragraph
Physics,680,332,742,347,paragraph
of,747,332,762,347,paragraph
Solids,767,332,816,347,paragraph
50,220,351,239,366,paragraph
(2002),245,351,299,366,paragraph
2403–2424.,305,351,396,366,paragraph
[22],181,381,210,396,paragraph
K.,220,381,240,396,paragraph
S.,245,381,260,396,paragraph
"Cheong,",265,381,333,396,paragraph
E.,338,381,356,396,paragraph
P.,360,381,377,396,paragraph
"Busso,",381,381,436,396,paragraph
A.,440,381,460,396,paragraph
"Arsenlis,",464,381,536,396,paragraph
A,541,381,555,396,paragraph
study,560,381,606,396,paragraph
of,611,381,626,396,paragraph
microstructural,630,381,759,396,paragraph
length,763,381,816,396,paragraph
scale,220,400,259,415,paragraph
eﬀects,267,400,318,415,paragraph
on,325,400,345,415,paragraph
the,353,400,379,415,paragraph
behavior,386,400,458,415,paragraph
of,465,400,481,415,paragraph
FCC,488,400,527,415,paragraph
polycrystals,534,400,634,415,paragraph
using,641,400,685,415,paragraph
strain,692,400,740,415,paragraph
gradient,747,400,816,415,paragraph
"concepts,",220,418,297,433,paragraph
International,303,418,411,433,paragraph
Journal,418,418,481,433,paragraph
of,487,418,502,433,paragraph
Plasticity,509,418,588,433,paragraph
21,594,418,613,433,paragraph
(2005),620,418,673,433,paragraph
1797–1814.,679,418,771,433,paragraph
[23],181,449,210,464,paragraph
C.,220,449,239,464,paragraph
J.,243,449,259,464,paragraph
"Bayley,",263,449,323,464,paragraph
W.,328,449,353,464,paragraph
A.,358,449,377,464,paragraph
M.,382,449,404,464,paragraph
"Brekelmans,",409,449,511,464,paragraph
M.,516,449,538,464,paragraph
G.,543,449,563,464,paragraph
D.,568,449,587,464,paragraph
"Geers,",592,449,644,464,paragraph
A,649,449,663,464,paragraph
three-dimensional,668,449,816,464,paragraph
dislocation,220,467,310,482,paragraph
ﬁeld,321,467,356,482,paragraph
crystal,368,467,423,482,paragraph
plasticity,435,467,511,482,paragraph
approach,523,467,599,482,paragraph
applied,610,467,671,482,paragraph
to,682,467,699,482,paragraph
miniaturized,710,467,816,482,paragraph
"structures,",220,485,308,500,paragraph
Philosophical,315,485,426,500,paragraph
Magazine,432,485,511,500,paragraph
87,518,485,537,500,paragraph
(2007),543,485,596,500,paragraph
1361–1378.,603,485,694,500,paragraph
[24],181,516,210,531,paragraph
S.,220,516,236,531,paragraph
"Bargmann,",244,516,336,531,paragraph
M.,345,516,368,531,paragraph
"Ekh,",376,516,415,531,paragraph
K.,424,516,444,531,paragraph
"Runesson,",452,516,537,531,paragraph
B.,546,516,565,531,paragraph
"Svendsen,",573,516,655,531,paragraph
Modeling,663,516,741,531,paragraph
of,749,516,765,531,paragraph
poly-,773,516,816,531,paragraph
crystals,220,534,283,549,paragraph
with,293,534,330,549,paragraph
gradient,339,534,408,549,paragraph
crystal,417,534,473,549,paragraph
plasticity:,482,534,564,549,paragraph
A,579,534,593,549,paragraph
comparison,603,534,697,549,paragraph
of,707,534,722,549,paragraph
"strategies,",731,534,816,549,paragraph
Philosophical,220,552,331,568,paragraph
Magazine,337,552,416,568,paragraph
90,423,552,442,568,paragraph
(2010),448,552,501,568,paragraph
1263–1288.,508,552,599,568,paragraph
[25],181,583,210,598,paragraph
L.,220,583,237,598,paragraph
"Bardella,",242,583,317,598,paragraph
J.,321,583,337,598,paragraph
"Segurado,",341,583,423,598,paragraph
A.,427,583,447,598,paragraph
"Panteghini,",451,583,546,598,paragraph
J.,551,583,566,598,paragraph
"LLorca,",570,583,635,598,paragraph
Latent,639,583,694,598,paragraph
hardening,698,583,781,598,paragraph
size,786,583,816,598,paragraph
eﬀect,220,602,264,617,paragraph
in,272,602,288,617,paragraph
small-scale,297,602,386,617,paragraph
"plasticity,",395,602,475,617,paragraph
Modelling,484,602,567,617,paragraph
and,575,602,606,617,paragraph
Simulation,615,602,704,617,paragraph
in,713,602,729,617,paragraph
Materials,737,602,816,617,paragraph
Science,220,620,281,635,paragraph
and,287,620,318,635,paragraph
Engineering,324,620,423,635,paragraph
21,430,620,449,635,paragraph
(2013),455,620,508,635,paragraph
055009.,515,620,577,635,paragraph
[26],181,651,210,666,paragraph
H.,220,651,240,666,paragraph
"Lim,",247,651,285,666,paragraph
M.,293,651,316,666,paragraph
G.,323,651,343,666,paragraph
"Lee,",351,651,385,666,paragraph
J.,393,651,408,666,paragraph
H.,415,651,435,666,paragraph
"Kim,",442,651,483,666,paragraph
B.,491,651,510,666,paragraph
L.,517,651,534,666,paragraph
"Adams,",542,651,605,666,paragraph
R.,612,651,632,666,paragraph
H.,639,651,659,666,paragraph
"Wagoner,",666,651,745,666,paragraph
Simula-,752,651,816,666,paragraph
tion,220,669,253,684,paragraph
of,260,669,276,684,paragraph
polycrystal,283,669,375,684,paragraph
deformation,382,669,482,684,paragraph
with,490,669,527,684,paragraph
grain,534,669,577,684,paragraph
and,584,669,615,684,paragraph
grain,622,669,664,684,paragraph
boundary,672,669,751,684,paragraph
"eﬀects,",759,669,816,684,paragraph
International,220,687,328,702,paragraph
Journal,335,687,398,702,paragraph
of,404,687,419,702,paragraph
Plasticity,426,687,505,702,paragraph
27,511,687,530,702,paragraph
(2011),537,687,590,702,paragraph
1328–1354.,596,687,688,702,paragraph
[27],181,718,210,733,paragraph
H.,220,718,240,733,paragraph
"Lim,",248,718,286,733,paragraph
S.,295,718,311,733,paragraph
"Subedi,",319,718,381,733,paragraph
D.,389,718,409,733,paragraph
T.,417,718,437,733,paragraph
"Fullwood,",445,718,526,733,paragraph
B.,535,718,554,733,paragraph
L.,562,718,579,733,paragraph
"Adams,",587,718,650,733,paragraph
R.,659,718,678,733,paragraph
H.,686,718,706,733,paragraph
"Wagoner,",714,718,793,733,paragraph
A,801,718,816,733,paragraph
practical,220,736,292,751,paragraph
meos-scale,300,736,388,751,paragraph
polycrystal,396,736,488,751,paragraph
model,496,736,546,751,paragraph
to,554,736,571,751,paragraph
predict,580,736,638,751,paragraph
dislocation,646,736,736,751,paragraph
densities,744,736,816,751,paragraph
and,220,754,251,769,paragraph
Hall-Petch,257,754,345,769,paragraph
"eﬀect,",351,754,401,769,paragraph
Materials,407,754,485,769,paragraph
Transactions,492,754,598,769,paragraph
55,604,754,623,769,paragraph
(2014),630,754,683,769,paragraph
35–38.,689,754,742,769,paragraph
[28],181,785,210,800,paragraph
G.,220,785,240,800,paragraph
I.,245,785,258,800,paragraph
"Taylor,",263,785,322,800,paragraph
The,327,785,360,800,paragraph
mechanism,365,785,457,800,paragraph
of,462,785,478,800,paragraph
plastic,483,785,537,800,paragraph
deformation,542,785,643,800,paragraph
of,648,785,663,800,paragraph
"crystals,",668,785,737,800,paragraph
Proceed-,742,785,816,800,paragraph
ings,220,803,253,819,paragraph
of,259,803,275,819,paragraph
the,281,803,308,819,paragraph
Royal,314,803,362,819,paragraph
Society,368,803,428,819,paragraph
A165,434,803,477,819,paragraph
(1934),484,803,537,819,paragraph
362–387.,543,803,616,819,paragraph
32,489,874,508,889,paragraph
