token,x0,y0,x1,y1,label
,509,84,524,135,paragraph
,684,84,700,135,paragraph
Using,117,91,161,109,paragraph
the,167,91,192,109,paragraph
formulas,198,91,264,109,paragraph
for,269,91,291,109,paragraph
"R2,0",297,91,328,109,paragraph
in,335,91,349,109,paragraph
Section,355,91,411,109,paragraph
"2,",417,91,431,109,paragraph
we,437,91,457,109,paragraph
ﬁnd,463,91,493,109,paragraph
+,310,102,321,112,paragraph
,509,108,524,160,paragraph
,684,108,700,160,paragraph
,509,116,524,168,paragraph
,684,116,700,168,paragraph
,509,125,524,177,paragraph
0,600,126,609,140,paragraph
,684,125,700,177,paragraph
∗,612,134,619,151,paragraph
∗,677,134,683,151,paragraph
(3C2,524,141,561,157,paragraph
+,566,143,580,157,paragraph
1)ψ,584,143,611,157,paragraph
+,624,143,637,157,paragraph
2Cψ,641,143,676,157,paragraph
"R2,0(ζ",291,148,338,166,paragraph
",",346,152,351,166,paragraph
ζ,354,152,362,166,paragraph
),369,152,376,166,paragraph
=,381,152,395,166,paragraph
"R2,0(ζ",400,148,447,166,paragraph
",",455,152,460,166,paragraph
ζ,463,152,470,166,paragraph
),478,152,485,166,paragraph
=,490,152,504,166,paragraph
r,611,150,617,160,paragraph
i,676,150,681,160,paragraph
",",703,152,708,166,paragraph
+,305,158,316,169,paragraph
0,338,157,345,167,paragraph
0,362,157,368,167,paragraph
+,414,158,424,169,paragraph
0,447,157,454,167,paragraph
0,470,157,477,167,paragraph
0,600,161,609,174,paragraph
∗,564,168,571,186,paragraph
∗,672,168,679,186,paragraph
,421,178,437,229,paragraph
,487,178,502,229,paragraph
2Cψ,529,178,563,191,paragraph
+,576,178,590,191,paragraph
(C2,594,176,621,191,paragraph
+,626,178,640,191,paragraph
3)ψ,644,178,671,191,paragraph
,681,178,697,229,paragraph
,713,178,729,229,paragraph
r,563,184,570,194,paragraph
i,671,184,676,195,paragraph
and,145,203,173,221,paragraph
then,179,203,214,221,paragraph
,421,202,437,253,paragraph
,487,202,502,253,paragraph
,681,202,697,253,paragraph
,713,202,729,253,paragraph
,421,210,437,262,paragraph
,487,210,502,262,paragraph
,681,210,697,262,paragraph
,713,210,729,262,paragraph
,421,219,437,271,paragraph
D,454,220,469,234,paragraph
,487,219,502,271,paragraph
G,681,219,729,271,paragraph
∗,464,228,471,245,paragraph
1,372,237,381,250,paragraph
2iω,437,237,463,251,paragraph
D,472,237,486,251,paragraph
1,636,237,645,250,paragraph
0,701,237,710,251,paragraph
Φ,262,246,275,260,paragraph
=,315,246,329,260,paragraph
∗,363,247,370,264,paragraph
−,375,245,389,269,paragraph
",",505,246,510,260,paragraph
Φ,531,246,544,260,paragraph
=,584,246,598,260,paragraph
∗,623,247,630,264,paragraph
−,635,245,649,269,paragraph
",",732,246,737,260,paragraph
20000,275,251,310,261,paragraph
9(α,336,255,363,269,paragraph
2)2,393,254,416,269,paragraph
E,455,254,468,268,paragraph
10100,544,251,579,261,paragraph
(α,605,255,623,269,paragraph
2)2,653,254,676,269,paragraph
H,697,254,712,268,paragraph
∗,464,262,471,280,paragraph
2iω,438,271,464,285,paragraph
E,472,271,485,285,paragraph
0,701,271,710,285,paragraph
where,117,292,162,309,paragraph
the,168,292,193,309,paragraph
quantities,199,292,275,309,paragraph
"D,",281,292,301,309,paragraph
"E,",307,292,326,309,paragraph
"G,",332,292,351,309,paragraph
H,357,295,371,309,paragraph
are,379,292,402,309,paragraph
given,408,292,449,309,paragraph
by,455,292,473,309,paragraph
−,218,316,231,340,paragraph
∗,259,316,266,333,paragraph
∗,316,316,323,333,paragraph
−,328,316,342,340,paragraph
∗,456,316,463,333,paragraph
∗,521,316,528,333,paragraph
∗,585,316,592,333,paragraph
∗,605,316,612,333,paragraph
−,617,316,631,340,paragraph
∗,693,316,700,333,paragraph
∗,801,316,808,333,paragraph
D,179,326,193,340,paragraph
=,199,326,213,340,paragraph
(2ψ,231,326,259,340,paragraph
2,266,323,273,333,paragraph
+,278,326,292,340,paragraph
3α,296,326,316,340,paragraph
7)((3C2,346,323,405,340,paragraph
+,410,326,424,340,paragraph
1)ψ,428,326,455,340,paragraph
+,468,326,482,340,paragraph
2Cψ,486,326,520,340,paragraph
),529,326,535,340,paragraph
+,539,326,553,340,paragraph
(2ψ,557,326,585,340,paragraph
ψ,593,326,605,340,paragraph
1)(2Cψ,635,326,692,340,paragraph
+,704,326,718,340,paragraph
(C2,722,323,750,340,paragraph
+,755,326,769,340,paragraph
3)ψ,773,326,800,340,paragraph
"),",809,326,820,340,paragraph
i,259,332,264,342,paragraph
r,455,332,462,342,paragraph
i,520,332,525,342,paragraph
r,585,332,591,342,paragraph
i,605,332,609,342,paragraph
r,692,332,698,342,paragraph
i,800,332,805,342,paragraph
−,219,346,233,370,paragraph
∗,261,346,268,364,paragraph
∗,318,346,325,364,paragraph
−,330,346,344,370,paragraph
∗,406,346,413,364,paragraph
∗,514,346,521,364,paragraph
∗,578,346,585,364,paragraph
∗,598,346,605,364,paragraph
∗,738,346,745,364,paragraph
∗,803,346,810,364,paragraph
E,182,356,195,370,paragraph
=,201,356,215,370,paragraph
(2ψ,233,356,261,370,paragraph
2,268,354,275,364,paragraph
+,280,356,294,370,paragraph
3α,298,356,318,370,paragraph
7)(2Cψ,348,356,405,370,paragraph
+,417,356,431,370,paragraph
(C2,435,354,463,370,paragraph
+,468,356,482,370,paragraph
3)ψ,486,356,513,370,paragraph
),522,356,528,370,paragraph
+,532,356,546,370,paragraph
(2ψ,550,356,578,370,paragraph
ψ,586,356,598,370,paragraph
+,610,356,624,370,paragraph
1)((3C2,628,354,687,370,paragraph
+,692,356,706,370,paragraph
1)ψ,710,356,737,370,paragraph
+,750,356,764,370,paragraph
2Cψ,768,356,802,370,paragraph
),811,356,817,370,paragraph
r,261,363,267,373,paragraph
r,405,363,411,373,paragraph
i,513,363,518,373,paragraph
r,578,363,584,373,paragraph
i,598,363,602,373,paragraph
r,737,363,744,373,paragraph
i,802,363,807,373,paragraph
−,213,371,227,395,paragraph
∗,264,371,271,389,paragraph
−,313,371,327,395,paragraph
∗,343,371,349,389,paragraph
∗,452,371,459,389,paragraph
∗,516,371,523,389,paragraph
−,535,371,549,395,paragraph
∗,656,371,663,389,paragraph
∗,721,371,728,389,paragraph
∗,755,371,762,389,paragraph
−,766,371,780,395,paragraph
∗,796,371,803,389,paragraph
G,175,381,189,395,paragraph
=,194,381,208,395,paragraph
2(2ψ,227,381,263,395,paragraph
2,271,379,278,389,paragraph
+,283,381,296,395,paragraph
1,300,381,309,395,paragraph
α,331,381,342,395,paragraph
)((3C2,350,379,401,395,paragraph
+,406,381,420,395,paragraph
1)ψ,424,381,451,395,paragraph
+,463,381,477,395,paragraph
2Cψ,481,381,516,395,paragraph
),524,381,531,395,paragraph
2((3C2,553,379,605,395,paragraph
+,610,381,624,395,paragraph
1)ψ,628,381,655,395,paragraph
+,668,381,682,395,paragraph
2Cψ,686,381,720,395,paragraph
)(ψ,728,381,754,395,paragraph
ψ,784,381,796,395,paragraph
")2,",804,379,824,395,paragraph
i,263,388,268,398,paragraph
r,451,388,457,398,paragraph
i,516,388,520,398,paragraph
i,655,388,660,398,paragraph
r,720,388,726,398,paragraph
r,754,388,760,398,paragraph
i,796,388,800,398,paragraph
and,117,403,146,420,paragraph
−,214,427,227,451,paragraph
∗,264,427,271,444,paragraph
−,314,427,328,451,paragraph
∗,343,427,350,444,paragraph
∗,400,427,407,444,paragraph
∗,508,427,515,444,paragraph
∗,648,427,655,444,paragraph
∗,712,427,719,444,paragraph
∗,755,427,762,444,paragraph
∗,775,427,782,444,paragraph
H,174,437,188,451,paragraph
=,195,437,209,451,paragraph
2(2ψ,227,437,264,451,paragraph
2,271,434,278,444,paragraph
+,283,437,297,451,paragraph
1,301,437,310,451,paragraph
α,332,437,343,451,paragraph
)(2Cψ,351,437,399,451,paragraph
+,412,437,425,451,paragraph
(C2,429,434,457,451,paragraph
+,462,437,476,451,paragraph
3)ψ,480,437,507,451,paragraph
),516,437,523,451,paragraph
+,527,437,540,451,paragraph
2((3C2,544,434,597,451,paragraph
+,602,437,616,451,paragraph
1)ψ,620,437,647,451,paragraph
+,659,437,673,451,paragraph
2Cψ,677,437,712,451,paragraph
)(2ψ,720,437,755,451,paragraph
ψ,763,437,774,451,paragraph
+,787,437,801,451,paragraph
1).,805,437,825,451,paragraph
r,264,444,270,454,paragraph
r,399,444,405,454,paragraph
,435,441,451,493,paragraph
i,507,444,512,454,paragraph
r,647,444,653,454,paragraph
,682,441,697,493,paragraph
i,712,444,716,454,paragraph
r,755,444,761,454,paragraph
i,774,444,779,454,paragraph
"Next,",117,464,159,481,paragraph
we,165,464,186,481,paragraph
compute,191,464,257,481,paragraph
,435,466,451,517,paragraph
,682,466,697,517,paragraph
,435,474,451,525,paragraph
,682,474,697,525,paragraph
,435,483,451,534,paragraph
0,562,484,571,497,paragraph
,682,483,697,534,paragraph
∗,552,491,559,509,paragraph
∗,674,491,681,509,paragraph
(3CG,451,501,495,514,paragraph
+,499,501,513,514,paragraph
H)ψ,517,501,551,514,paragraph
+,564,501,578,514,paragraph
(CH,582,501,617,514,paragraph
+,623,501,637,514,paragraph
G)ψ,641,501,673,514,paragraph
"R2,0(ζ",294,506,341,523,paragraph
",",349,509,353,523,paragraph
Φ,356,509,369,523,paragraph
),405,509,412,523,paragraph
=,417,509,430,523,paragraph
r,551,507,558,517,paragraph
i,673,508,678,518,paragraph
",",700,509,705,523,paragraph
+,307,516,322,570,paragraph
0,341,514,348,524,paragraph
10100,369,514,404,524,paragraph
0,551,518,571,570,paragraph
,737,519,753,570,paragraph
,810,519,826,570,paragraph
∗,543,525,550,543,paragraph
∗,674,525,681,543,paragraph
(CH,451,535,487,549,paragraph
+,492,535,506,549,paragraph
G)ψ,510,535,543,549,paragraph
+,555,535,569,549,paragraph
(CG,573,535,608,549,paragraph
+,612,535,626,549,paragraph
3H)ψ,629,535,673,549,paragraph
,307,543,322,595,paragraph
r,543,541,549,551,paragraph
,551,543,567,595,paragraph
i,673,542,678,552,paragraph
,737,543,753,595,paragraph
,810,543,826,595,paragraph
,307,551,322,603,paragraph
,551,551,567,603,paragraph
,737,551,753,603,paragraph
,810,551,826,603,paragraph
,307,560,322,612,paragraph
0,432,561,441,575,paragraph
,551,560,567,612,paragraph
,737,560,753,612,paragraph
0,777,561,786,575,paragraph
,810,560,826,612,paragraph
∗,423,569,430,586,paragraph
∗,544,569,550,586,paragraph
(3CD,322,578,367,592,paragraph
+,371,578,385,592,paragraph
E)ψ,389,578,422,592,paragraph
+,434,578,448,592,paragraph
(CE,452,578,486,592,paragraph
+,491,578,505,592,paragraph
D)ψ,509,578,543,592,paragraph
C3,753,576,774,592,paragraph
+,778,578,792,592,paragraph
C,796,578,809,592,paragraph
"R2,0(ζ",165,583,212,601,paragraph
",",220,587,225,601,paragraph
Φ,228,587,241,601,paragraph
),276,587,283,601,paragraph
=,288,587,302,601,paragraph
r,422,585,428,595,paragraph
i,543,585,548,595,paragraph
",",570,587,575,601,paragraph
"R2,0(ζ",596,583,642,601,paragraph
",",650,587,655,601,paragraph
Φ,658,587,671,601,paragraph
),706,587,713,601,paragraph
=,718,587,732,601,paragraph
.,829,587,834,601,paragraph
+,179,593,190,604,paragraph
0,212,592,219,602,paragraph
20000,241,592,275,602,paragraph
0,432,595,441,609,paragraph
+,609,593,620,604,paragraph
0,642,592,649,602,paragraph
10100,671,592,706,602,paragraph
0,777,595,786,609,paragraph
∗,414,603,421,621,paragraph
∗,544,603,550,621,paragraph
(CE,322,613,357,626,paragraph
+,362,613,375,626,paragraph
D)ψ,379,613,413,626,paragraph
+,425,613,439,626,paragraph
(CD,443,613,479,626,paragraph
+,483,613,497,626,paragraph
3E)ψ,501,613,543,626,paragraph
C2,755,611,776,626,paragraph
+,781,613,795,626,paragraph
1,799,613,808,626,paragraph
r,413,619,419,629,paragraph
i,543,619,548,629,paragraph
"Finally,",117,634,175,651,paragraph
using,181,634,221,651,paragraph
the,227,634,252,651,paragraph
symbolic,258,634,325,651,paragraph
package,331,634,391,651,paragraph
"Maple,",397,634,450,651,paragraph
we,456,634,476,651,paragraph
obtain,482,634,531,651,paragraph
from,537,634,573,651,paragraph
(9),579,634,602,651,paragraph
(cid:0)(cid:0),257,645,273,696,equation
(cid:1),515,645,523,696,equation
(cid:0),568,645,576,696,equation
(cid:1),818,645,827,696,equation
(cid:1),850,645,858,696,equation
−,215,669,229,692,equation
∗,244,669,251,687,equation
2,202,679,211,692,equation
α,233,679,244,692,equation
−,403,678,417,702,equation
∗,539,678,546,695,equation
−,596,678,610,702,equation
−,712,678,725,702,equation
∗,842,678,849,695,equation
b,138,688,146,702,equation
=,170,688,184,702,equation
∗,231,689,238,707,equation
2C(D,273,688,318,702,equation
+,322,688,336,702,equation
G),340,688,361,702,equation
+,365,688,379,702,equation
(1,383,688,399,702,equation
C2)(E,421,685,469,702,equation
+,474,688,488,702,equation
H),492,688,515,702,equation
ψ,526,688,538,702,equation
+,550,688,564,702,equation
(1,576,688,592,702,equation
C2)(D,614,685,664,702,equation
+,669,688,683,702,equation
G),687,688,708,702,equation
2C(E,729,688,772,702,equation
+,777,688,791,702,equation
H),795,688,818,702,equation
ψ,830,688,841,702,equation
2,146,693,153,703,equation
2F,208,697,229,711,equation
2,238,696,245,707,equation
r,538,694,544,704,equation
i,841,694,846,704,equation
∗,225,705,232,722,equation
−,268,704,282,728,equation
∗,315,705,322,722,equation
2F,202,714,222,728,equation
2(41,232,712,264,728,equation
30α,286,714,315,728,equation
),323,714,330,728,equation
=,170,723,184,737,equation
∗,253,724,260,742,equation
−,265,723,279,747,equation
<,337,723,351,737,equation
0.,356,723,370,737,equation
9(α,226,733,253,747,equation
2)5,283,732,305,747,equation
This,145,767,179,785,paragraph
completes,185,767,261,785,paragraph
the,267,767,292,785,paragraph
proof,298,767,338,785,paragraph
of,344,767,358,785,paragraph
the,364,767,389,785,paragraph
lemma.,395,767,451,785,paragraph
The,145,796,175,813,paragraph
reversibility,182,796,272,813,paragraph
of,279,796,293,813,paragraph
the,299,796,324,813,paragraph
system,330,796,383,813,paragraph
(4),389,796,412,813,paragraph
is,418,796,430,813,paragraph
a,437,796,446,813,paragraph
key,452,796,478,813,paragraph
argument,484,796,558,813,paragraph
in,564,796,579,813,paragraph
the,585,796,610,813,paragraph
proofs,616,796,663,813,paragraph
of,670,796,684,813,paragraph
the,690,796,715,813,paragraph
existence,721,796,791,813,paragraph
of,797,796,812,813,paragraph
diﬀerent,818,796,882,813,paragraph
solutions,117,813,185,830,paragraph
(see,193,813,223,830,paragraph
"[4,",231,813,249,830,paragraph
Section,258,813,314,830,paragraph
III],322,813,347,830,paragraph
for,355,813,376,830,paragraph
more,384,813,422,830,paragraph
details).,430,813,492,830,paragraph
According,506,813,584,830,paragraph
to,591,813,607,830,paragraph
"[3,",615,813,634,830,paragraph
Chapter,642,813,705,830,paragraph
"4,",713,813,727,830,paragraph
Theorem,735,813,804,830,paragraph
"3.21],",812,813,853,830,paragraph
we,862,813,882,830,paragraph
obtain,117,830,166,847,paragraph
the,172,830,197,847,paragraph
following,203,830,272,847,paragraph
result.,278,830,326,847,paragraph
∗,342,852,349,870,paragraph
∗,438,852,444,870,paragraph
−,526,852,540,875,paragraph
∗,556,852,563,870,paragraph
Theorem,117,858,197,875,paragraph
1.,204,858,219,875,paragraph
Suppose,228,858,289,875,paragraph
that,295,858,325,875,paragraph
α,331,862,342,875,paragraph
>,355,862,369,875,paragraph
2,374,862,383,875,paragraph
and,389,858,417,875,paragraph
F,424,862,435,875,paragraph
2,444,860,451,870,paragraph
=,457,862,471,875,paragraph
1,476,862,485,875,paragraph
+,489,862,503,875,paragraph
(1,507,862,522,875,paragraph
α,544,862,556,875,paragraph
)2.,563,858,584,875,paragraph
10,491,896,508,913,paragraph
##LTLine##,463,152,478,152,paragraph
##LTLine##,336,253,417,253,paragraph
##LTLine##,605,253,677,253,paragraph
##LTLine##,204,587,220,587,paragraph
##LTLine##,202,696,252,696,equation
##LTLine##,202,731,330,731,equation
##LTLine##,869,773,869,782,paragraph
##LTLine##,870,773,880,773,paragraph
##LTLine##,870,782,880,782,paragraph
##LTLine##,881,773,881,782,paragraph
