token,x0,y0,x1,y1,label
27,869,36,882,48,paragraph
[10],124,85,149,98,reference
S.,159,85,170,98,reference
"Chen,",174,85,209,98,reference
B.,213,85,226,98,reference
"Ren,",230,85,257,98,reference
Q.,261,85,275,98,reference
"Gao,",279,85,307,98,reference
S.,311,85,323,98,reference
"Kang,",327,85,362,98,reference
S.,366,85,378,98,reference
"Sun,",382,85,408,98,reference
and,412,85,433,98,reference
K.,437,85,451,98,reference
"Niu,",455,85,481,98,reference
“Pattern,484,85,532,98,reference
division,536,85,583,98,reference
multiple,587,85,636,98,reference
access,639,85,677,98,reference
(PDMA),681,85,733,98,reference
-,737,85,741,98,reference
a,745,85,752,98,reference
novel,756,85,788,98,reference
non-orthogonal,792,85,882,98,reference
multiple,159,104,207,118,reference
access,213,104,250,118,reference
for,255,104,272,118,reference
5G,277,104,295,118,reference
radio,300,104,331,118,reference
"networks,”",336,104,398,118,reference
IEEE,403,104,435,118,reference
Transs.,440,104,483,118,reference
Veh.,488,104,513,118,reference
"Tech.,",518,104,552,118,reference
vol.,557,104,579,118,reference
"PP,",585,104,603,118,reference
no.,608,104,626,118,reference
"99,",631,104,650,118,reference
pp.,655,104,673,118,reference
"1–1,",678,104,704,118,reference
2016.,709,104,742,118,reference
[11],124,124,149,138,reference
M.,159,124,175,138,reference
"AL-Imari,",179,124,239,138,reference
M.,243,124,260,138,reference
A.,264,124,278,138,reference
"Imran,",282,124,321,138,reference
R.,325,124,338,138,reference
"Tafazolli,",342,124,397,138,reference
and,402,124,423,138,reference
D.,427,124,441,138,reference
"Chen,",445,124,480,138,reference
“Performance,484,124,565,138,reference
evaluation,569,124,629,138,reference
of,633,124,645,138,reference
low,649,124,671,138,reference
density,675,124,717,138,reference
spreading,721,124,778,138,reference
multiple,782,124,831,138,reference
"access,”",835,124,882,138,reference
in,159,144,170,158,reference
Proc.,175,144,207,157,reference
the,212,144,230,157,reference
8th,235,144,254,157,reference
Int.,259,144,279,157,reference
Wireless,284,144,333,157,reference
Commun.,338,144,395,157,reference
and,400,144,422,157,reference
Mobile,427,144,468,157,reference
Computing,473,144,539,157,reference
"Conf.,",544,144,579,158,reference
"Limassol,",584,144,642,158,reference
"Cyprus,",647,144,693,158,reference
Aug.,698,144,727,158,reference
2012.,732,144,765,158,reference
[12],124,164,149,177,reference
D.,159,164,173,177,reference
"Fang,",177,164,210,177,reference
Y.-C.,214,164,244,177,reference
"Huang,",248,164,291,177,reference
Z.,295,164,308,177,reference
"Ding,",312,164,345,177,reference
G.,349,164,363,177,reference
"Geraci,",367,164,410,177,reference
S.-L.,414,164,443,177,reference
"Shieh,",447,164,484,177,reference
and,488,164,509,177,reference
H.,513,164,527,177,reference
"Claussen,",531,164,588,177,reference
“Lattice,592,164,639,177,reference
partition,643,164,693,177,reference
multiple,697,164,746,177,reference
access:,750,164,791,177,reference
A,795,164,806,177,reference
new,810,164,834,177,reference
method,838,164,882,177,reference
of,159,184,171,197,reference
downlink,176,184,231,197,reference
non-orthogonal,236,184,326,197,reference
multiuser,331,184,387,197,reference
"transmissions,”",392,184,481,197,reference
in,486,184,497,197,reference
Proc.,502,184,534,197,reference
IEEE,539,184,570,197,reference
Global,575,184,616,197,reference
Commun.,621,184,678,197,reference
"Conf.,",683,184,718,197,reference
Washinton,723,184,786,197,reference
"D.C.,",791,184,822,197,reference
"US,",827,184,850,197,reference
Dec.,855,184,882,197,reference
2016.,159,203,192,217,reference
[13],124,223,149,237,reference
Z.,159,223,171,237,reference
"Ding,",176,223,209,237,reference
P.,213,223,224,237,reference
"Fan,",228,223,254,237,reference
and,258,223,279,237,reference
H.,284,223,298,237,reference
V.,303,223,315,237,reference
"Poor,",320,223,351,237,reference
“Impact,355,223,402,237,reference
of,407,223,419,237,reference
user,424,223,448,237,reference
pairing,453,223,494,237,reference
on,499,223,514,237,reference
5G,518,223,536,237,reference
non-orthogonal,541,223,631,237,reference
multiple,636,223,685,237,reference
"access,”",689,223,736,237,reference
IEEE,740,223,772,237,reference
Trans.,777,223,814,237,reference
Veh.,818,223,843,237,reference
"Tech.,",848,223,882,237,reference
vol.,159,243,181,257,reference
"65,",186,243,204,257,reference
no.,209,243,228,257,reference
"8,",233,243,244,257,reference
pp.,249,243,267,257,reference
"6010–6023,",272,243,342,257,reference
Aug.,347,243,376,257,reference
2016.,381,243,414,257,reference
[14],124,263,149,277,reference
“5G,159,263,183,277,reference
radio,188,263,219,277,reference
access:,224,263,265,277,reference
"Requirements,",271,263,356,277,reference
concepts,361,263,413,277,reference
and,418,263,439,277,reference
"technologies,”",445,263,528,277,reference
NTT,533,263,562,277,reference
"DOCOMO,",567,263,636,277,reference
"Inc.,",641,263,667,277,reference
"Tokyo,",673,263,713,277,reference
"Japan,",719,263,756,277,reference
5G,761,263,779,277,reference
"Whitepaper,",784,263,856,277,reference
Jul.,861,263,882,277,reference
2014.,159,283,192,296,reference
[15],124,303,149,316,reference
"“5G,",159,303,187,316,reference
a,192,303,198,316,reference
techology,203,303,261,316,reference
"vision,”",266,303,311,316,reference
"Huawei,",316,303,365,316,reference
"Inc.,",371,303,397,316,reference
"Shengzheng,",402,303,477,316,reference
"China,",482,303,521,316,reference
5G,526,303,544,316,reference
"Whitepaper,",549,303,620,316,reference
Mar.,626,303,653,316,reference
2015.,658,303,691,316,reference
[16],124,322,149,336,reference
“NGMN,159,322,210,336,reference
5G,215,322,233,336,reference
white,238,322,271,336,reference
"paper,”",276,322,317,336,reference
NGMN,322,322,367,336,reference
"Alliance,",372,322,425,336,reference
Feb.,430,322,455,336,reference
2015.,460,322,493,336,reference
[17],124,342,149,356,reference
“5G,159,342,183,356,reference
innovation,188,342,250,356,reference
opportunities-,255,342,338,356,reference
a,343,342,349,356,reference
discussion,354,342,415,356,reference
"paper,”",421,342,462,356,reference
"techUK,",467,342,516,356,reference
"London,",521,342,570,356,reference
5G,576,342,593,356,reference
"Whitepaper,",599,342,670,356,reference
Aug.,675,342,704,356,reference
2015.,709,342,742,356,reference
[18],124,362,149,376,reference
X.,159,362,173,376,reference
Wang,178,362,212,376,reference
and,217,362,238,376,reference
H.,243,362,257,376,reference
V.,263,362,275,376,reference
"Poor,",280,362,311,376,reference
Wireless,316,362,365,375,reference
Communication,370,362,464,375,reference
Systems:,469,362,520,375,reference
Advanced,525,362,583,375,reference
Techniques,588,362,653,375,reference
for,658,362,675,375,reference
Signal,680,362,718,375,reference
Reception.,723,362,785,376,reference
Prentice,800,362,848,376,reference
"Hall,",853,362,882,376,reference
New,159,382,186,395,reference
"York,",191,382,223,395,reference
"US,",228,382,251,395,reference
2004.,256,382,289,395,reference
[19],124,402,149,415,reference
S.,159,402,170,415,reference
"Verdu,",176,402,214,415,reference
Multiuser,219,401,276,415,reference
Detection.,281,401,342,415,reference
Cambridge,357,402,422,415,reference
"Press,",427,402,462,415,reference
1998.,467,402,500,415,reference
[20],124,421,149,435,reference
T.,159,421,170,435,reference
S.,175,421,187,435,reference
"Rappaport,",192,421,257,435,reference
Wireless,262,421,311,435,reference
Communications:,316,421,420,435,reference
Principles,426,421,486,435,reference
and,491,421,513,435,reference
Practice.,518,421,571,435,reference
Prentice,586,421,634,435,reference
"Hall,",639,421,668,435,reference
New,673,421,700,435,reference
"York,",705,421,738,435,reference
"US,",743,421,765,435,reference
1998.,770,421,803,435,reference
[21],124,441,149,455,reference
3rd,159,441,178,455,reference
Generation,185,441,250,455,reference
Partnership,256,441,323,455,reference
Project,329,441,371,455,reference
"(3GPP),",378,441,425,455,reference
“Study,432,441,472,455,reference
on,479,441,494,455,reference
downlink,500,441,555,455,reference
multiuser,562,441,617,455,reference
superposition,624,441,703,455,reference
transmission,709,441,783,455,reference
for,790,441,807,455,reference
"LTE,”",813,441,848,455,reference
Mar.,855,441,882,455,reference
2015.,159,461,192,475,reference
[22],124,481,149,494,reference
L.,159,481,171,494,reference
"Zhang,",176,481,217,494,reference
W.,223,481,239,494,reference
"Li,",244,481,261,494,reference
Y.,266,481,278,494,reference
"Wu,",283,481,307,494,reference
X.,312,481,327,494,reference
"Wang,",332,481,369,494,reference
S.,374,481,386,494,reference
I.,391,481,400,494,reference
"Park,",405,481,435,494,reference
H.,440,481,455,494,reference
M.,460,481,476,494,reference
"Kim,",482,481,511,494,reference
J.,516,481,526,494,reference
Y.,531,481,543,494,reference
"Lee,",548,481,574,494,reference
P.,579,481,589,494,reference
"Angueira,",594,481,653,494,reference
and,658,481,679,494,reference
J.,684,481,693,494,reference
"Montalban,",698,481,766,494,reference
“Layered-division-,771,481,882,494,reference
multiplexing:,159,501,237,514,reference
Theory,243,501,285,514,reference
and,290,501,311,514,reference
"practice,”",316,501,372,514,reference
IEEE,377,501,409,514,reference
Trans.,414,501,451,514,reference
"Broadcast.,",456,501,523,514,reference
vol.,528,501,550,514,reference
"62,",555,501,573,514,reference
no.,578,501,597,514,reference
"1,",602,501,613,514,reference
pp.,618,501,636,514,reference
"216–232,",641,501,696,514,reference
Mar.,701,501,729,514,reference
2016.,734,501,767,514,reference
[23],124,520,149,534,reference
J.,159,520,168,534,reference
"Choi,",174,520,206,534,reference
“Power,211,520,255,534,reference
allocation,260,520,318,534,reference
for,324,520,341,534,reference
max-sum,346,520,401,534,reference
rate,407,520,429,534,reference
and,434,520,455,534,reference
max-min,461,520,514,534,reference
rate,519,520,541,534,reference
proportional,547,520,619,534,reference
fairness,625,520,670,534,reference
in,676,520,687,534,reference
"NOMA,”",693,520,747,534,reference
IEEE,752,520,784,534,reference
Commun.,790,520,846,534,reference
"Lett.,",852,520,882,534,reference
vol.,159,540,181,554,reference
"20,",186,540,204,554,reference
no.,209,540,228,554,reference
"10,",233,540,251,554,reference
pp.,256,540,275,554,reference
"2055–2058,",280,540,349,554,reference
Oct.,354,540,379,554,reference
2016.,384,540,417,554,reference
[24],124,560,149,574,reference
S.,159,560,170,574,reference
Timotheou,176,560,239,574,reference
and,245,560,266,574,reference
I.,271,560,280,574,reference
"Krikidis,",285,560,337,574,reference
“Fairness,342,560,397,574,reference
for,402,560,419,574,reference
non-orthogonal,425,560,515,574,reference
multiple,520,560,569,574,reference
access,574,560,612,574,reference
in,617,560,628,574,reference
5G,634,560,651,574,reference
"systems,”",657,560,712,574,reference
IEEE,717,560,749,573,reference
Signal,754,560,792,573,reference
Process.,797,560,846,573,reference
"Lett.,",852,560,882,574,reference
vol.,159,580,181,594,reference
"22,",186,580,204,594,reference
no.,209,580,228,594,reference
"10,",233,580,251,594,reference
pp.,256,580,275,594,reference
"1647–1651,",280,580,349,594,reference
Oct.,354,580,379,594,reference
2015.,384,580,417,594,reference
[25],124,600,149,613,reference
J.,159,600,168,613,reference
"Choi,",174,600,206,613,reference
“Non-orthogonal,213,600,313,613,reference
multiple,319,600,368,613,reference
access,374,600,412,613,reference
in,418,600,430,613,reference
downlink,436,600,491,613,reference
coordinated,497,600,566,613,reference
two-point,573,600,630,613,reference
"systems,”",636,600,691,613,reference
IEEE,698,600,729,613,reference
Commun.,736,600,792,613,reference
"Lett.,",799,600,829,613,reference
vol.,835,600,857,613,reference
"18,",864,600,882,613,reference
no.,159,620,177,633,reference
"2,",182,620,193,633,reference
pp.,198,620,217,633,reference
"313–316,",222,620,277,633,reference
Feb.,282,620,307,633,reference
2014.,312,620,345,633,reference
[26],124,639,149,653,reference
Z.,159,639,171,653,reference
"Ding,",176,639,209,653,reference
L.,214,639,227,653,reference
"Dai,",232,639,257,653,reference
and,262,639,283,653,reference
H.,288,639,302,653,reference
V.,307,639,320,653,reference
"Poor,",325,639,356,653,reference
“MIMO-NOMA,361,639,458,653,reference
design,463,639,502,653,reference
for,507,639,524,653,reference
small,529,639,561,653,reference
packet,566,639,604,653,reference
transmission,609,639,683,653,reference
in,688,639,699,653,reference
the,704,639,722,653,reference
Internet,727,639,773,653,reference
of,778,639,790,653,reference
"Things,”",795,639,845,653,reference
IEEE,850,639,882,653,reference
"Access,",159,659,202,673,reference
vol.,207,659,229,673,reference
"4,",235,659,246,673,reference
pp.,251,659,269,673,reference
"1393–1405,",274,659,344,673,reference
Aug.,349,659,378,673,reference
2016.,383,659,416,673,reference
[27],124,679,149,693,reference
Z.,159,679,171,693,reference
"Chen,",176,679,211,693,reference
Z.,216,679,228,693,reference
"Ding,",233,679,266,693,reference
X.,271,679,286,693,reference
"Dai,",291,679,315,693,reference
and,320,679,341,693,reference
R.,346,679,360,693,reference
"Zhang,",365,679,406,693,reference
“A,411,679,427,693,reference
mathematical,432,679,511,693,reference
proof,516,679,547,693,reference
of,552,679,565,693,reference
the,570,679,588,693,reference
superiority,592,679,656,693,reference
of,661,679,673,693,reference
NOMA,678,679,723,693,reference
compared,728,679,786,693,reference
to,791,679,802,693,reference
conventional,807,679,882,693,reference
"OMA,”",159,699,202,712,reference
IEEE,207,699,239,712,reference
Trans.,244,699,281,712,reference
"Commun.,",286,699,346,712,reference
(submitted),351,699,419,712,reference
Available,424,699,479,712,reference
on-line,485,699,526,712,reference
at,531,699,542,712,reference
arXiv:1612.01069.,547,699,657,712,reference
[28],124,719,149,732,reference
Y.,159,719,171,732,reference
"Zhang,",177,719,218,732,reference
Q.,223,719,237,732,reference
"Yang,",243,719,277,732,reference
T.,282,719,294,732,reference
X.,299,719,314,732,reference
"Zheng,",319,719,360,732,reference
H.,366,719,380,732,reference
M.,386,719,402,732,reference
"Wang,",408,719,445,732,reference
Y.,451,719,463,732,reference
"Ju,",469,719,485,732,reference
and,491,719,512,732,reference
Y.,518,719,530,732,reference
"Meng,",536,719,573,732,reference
“Energy,579,719,627,732,reference
efﬁciency,633,719,690,732,reference
optimization,696,719,770,732,reference
in,775,719,787,732,reference
cognitive,792,719,846,732,reference
radio,852,719,882,732,reference
inspired,159,738,206,752,reference
non-orthogonal,210,738,300,752,reference
multiple,304,738,353,752,reference
"access,”",357,738,403,752,reference
in,407,738,419,752,reference
Proc.,422,738,454,752,reference
IEEE,458,738,490,752,reference
Int.,493,738,513,752,reference
Symposium,517,738,584,752,reference
on,588,738,603,752,reference
"Personal,",606,738,662,752,reference
"Indoor,",666,738,708,752,reference
and,711,738,733,752,reference
Mobile,737,738,779,752,reference
Radio,783,738,818,752,reference
"Commun.,",822,738,882,752,reference
f,159,758,164,772,reference
"Valencia,",169,758,223,772,reference
"Spain,",228,758,265,772,reference
Sept.,270,758,300,772,reference
2016.,305,758,338,772,reference
[29],124,778,149,792,reference
Z.,159,778,171,792,reference
"Yang,",178,778,212,792,reference
Z.,218,778,231,792,reference
"Ding,",238,778,271,792,reference
P.,277,778,287,792,reference
"Fan,",294,778,319,792,reference
and,326,778,347,792,reference
N.,354,778,368,792,reference
"Al-Dhahir,",375,778,438,792,reference
“A,445,778,460,792,reference
general,467,778,510,792,reference
power,517,778,553,792,reference
allocation,560,778,617,792,reference
scheme,624,778,668,792,reference
to,675,778,686,792,reference
guarantee,693,778,750,792,reference
quality,756,778,797,792,reference
of,804,778,816,792,reference
service,822,778,864,792,reference
in,870,778,882,792,reference
downlink,159,798,214,811,reference
and,219,798,240,811,reference
uplink,245,798,282,811,reference
NOMA,288,798,332,811,reference
"systems,”",338,798,393,811,reference
IEEE,398,798,430,811,reference
Trans.,435,798,472,811,reference
on,477,798,492,811,reference
Wireless,497,798,546,811,reference
"Commun.,",551,798,611,811,reference
vol.,616,798,638,811,reference
"15,",644,798,662,811,reference
no.,667,798,685,811,reference
"11,",690,798,709,811,reference
pp.,714,798,732,811,reference
"7244–7257,",737,798,807,811,reference
Nov,812,798,837,811,reference
2016.,842,798,875,811,reference
[30],124,818,149,831,reference
Y.,159,818,171,831,reference
"Sun,",175,818,202,831,reference
D.,206,818,220,831,reference
W.,224,818,241,831,reference
K.,245,818,259,831,reference
"Ng,",263,818,285,831,reference
Z.,289,818,302,831,reference
"Ding,",306,818,339,831,reference
and,343,818,364,831,reference
R.,369,818,382,831,reference
"Schober,",386,818,437,831,reference
“Optimal,442,818,496,831,reference
joint,500,818,527,831,reference
power,531,818,568,831,reference
and,572,818,593,831,reference
subcarrier,597,818,656,831,reference
allocation,660,818,718,831,reference
for,722,818,739,831,reference
full-duplex,744,818,808,831,reference
multicarrier,813,818,882,831,reference
non-orthogonal,159,837,249,851,reference
multiple,254,837,303,851,reference
access,308,837,346,851,reference
"systems,”",351,837,406,851,reference
IEEE,411,837,443,851,reference
Trans.,448,837,485,851,reference
"Commun.,",490,837,550,851,reference
vol.,555,837,578,851,reference
"65,",583,837,601,851,reference
no.,606,837,624,851,reference
"3,",630,837,641,851,reference
pp.,646,837,664,851,reference
"1077–1091,",669,837,739,851,reference
Mar.,744,837,771,851,reference
2017.,776,837,809,851,reference
[31],124,857,149,871,reference
J.,159,857,168,871,reference
"Zhu,",174,857,201,871,reference
J.,208,857,217,871,reference
"Wang,",223,857,261,871,reference
Y.,267,857,279,871,reference
"Huang,",285,857,328,871,reference
S.,334,857,346,871,reference
"He,",352,857,373,871,reference
X.,379,857,393,871,reference
"You,",400,857,427,871,reference
and,433,857,454,871,reference
L.,460,857,473,871,reference
"Yang,",479,857,513,871,reference
“On,519,857,544,871,reference
optimal,550,857,595,871,reference
power,601,857,637,871,reference
allocation,643,857,701,871,reference
for,707,857,724,871,reference
downlink,730,857,785,871,reference
non-orthogonal,792,857,882,871,reference
multiple,159,877,207,891,reference
access,213,877,250,891,reference
"systems,”",255,877,311,891,reference
IEEE,316,877,348,890,reference
J.,353,877,363,890,reference
Sel.,368,877,389,890,reference
Areas,394,877,428,890,reference
"Commun.,",433,877,493,891,reference
vol.,498,877,521,891,reference
"PP,",526,877,544,891,reference
no.,549,877,567,891,reference
"99,",573,877,591,891,reference
pp.,596,877,614,891,reference
"1–1,",619,877,645,891,reference
2017.,650,877,683,891,reference
