token,x0,y0,x1,y1,label
Predictor-Feedback,249,57,523,89,title
Stabilization,535,57,711,89,title
of,723,57,750,89,title
Multi-Input,278,92,445,125,title
Nonlinear,457,92,596,125,title
Systems,609,92,721,125,title
Nikolaos,283,140,365,161,author
Bekiaris-Liberis,373,140,521,161,author
and,529,140,562,161,author
Miroslav,570,140,652,161,author
Krstic,660,140,716,161,author
Abstract,469,206,530,223,paragraph
We,148,232,169,247,abstract
develop,175,232,226,247,abstract
a,232,232,240,247,abstract
predictor-feedback,246,232,368,247,abstract
control,375,232,421,247,abstract
design,427,232,470,247,abstract
for,476,232,495,247,abstract
multi-input,501,232,574,247,abstract
nonlinear,580,232,642,247,abstract
systems,648,232,700,247,abstract
with,706,232,735,247,abstract
distinct,741,232,789,247,abstract
input,795,232,829,247,abstract
"delays,",835,232,880,247,abstract
of,119,247,132,263,abstract
arbitrary,139,247,195,263,abstract
"length,",202,247,246,263,abstract
in,253,247,266,263,abstract
each,272,247,302,263,abstract
individual,309,247,375,263,abstract
input,381,247,415,263,abstract
channel.,422,247,476,263,abstract
Due,483,247,510,263,abstract
to,517,247,529,263,abstract
the,536,247,556,263,abstract
fact,563,247,587,263,abstract
that,594,247,618,263,abstract
different,625,247,680,263,abstract
input,687,247,721,263,abstract
signals,727,247,773,263,abstract
reach,779,247,815,263,abstract
the,821,247,841,263,abstract
plant,848,247,880,263,abstract
at,119,263,130,278,abstract
different,136,263,192,278,abstract
time,198,263,227,278,abstract
"instants,",233,263,287,278,abstract
the,292,263,312,278,abstract
key,318,263,341,278,abstract
design,347,263,390,278,abstract
"challenge,",396,263,462,278,abstract
which,468,263,508,278,abstract
we,514,263,533,278,abstract
"resolve,",539,263,590,278,abstract
is,596,263,606,278,abstract
the,612,263,632,278,abstract
construction,638,263,719,278,abstract
of,725,263,738,278,abstract
the,744,263,764,278,abstract
predictors,770,263,835,278,abstract
of,841,263,855,278,abstract
the,861,263,880,278,abstract
plant’s,119,278,162,293,abstract
state,169,278,199,293,abstract
over,205,278,234,293,abstract
distinct,241,278,288,293,abstract
prediction,295,278,361,293,abstract
horizons,368,278,424,293,abstract
such,431,278,461,293,abstract
that,467,278,492,293,abstract
the,499,278,518,293,abstract
corresponding,525,278,618,293,abstract
input,625,278,659,293,abstract
delays,665,278,707,293,abstract
are,714,278,734,293,abstract
compensated.,740,278,829,293,abstract
Global,836,278,880,293,abstract
asymptotic,119,293,190,308,abstract
stability,195,293,248,308,abstract
of,253,293,266,308,abstract
the,271,293,291,308,abstract
closed-loop,296,293,372,308,abstract
system,377,293,423,308,abstract
is,428,293,439,308,abstract
established,444,293,516,308,abstract
by,521,293,537,308,abstract
utilizing,543,293,597,308,abstract
arguments,602,293,669,308,abstract
based,675,293,712,308,abstract
on,717,293,733,308,abstract
Lyapunov,738,293,803,308,abstract
functionals,808,293,880,308,abstract
or,119,308,132,323,abstract
estimates,137,308,197,323,abstract
on,202,308,218,323,abstract
solutions.,222,308,285,323,abstract
We,290,308,311,323,abstract
specialize,315,308,380,323,abstract
our,384,308,406,323,abstract
methodology,410,308,496,323,abstract
to,501,308,513,323,abstract
linear,518,308,555,323,abstract
systems,559,308,611,323,abstract
for,615,308,634,323,abstract
which,639,308,678,323,abstract
the,683,308,703,323,abstract
predictor-feedback,707,308,830,323,abstract
control,834,308,880,323,abstract
laws,119,323,148,338,abstract
are,153,323,173,338,abstract
available,177,323,235,338,abstract
explicitly,239,323,301,338,abstract
and,305,323,329,338,abstract
for,333,323,352,338,abstract
which,357,323,396,338,abstract
global,401,323,442,338,abstract
exponential,446,323,522,338,abstract
stability,526,323,579,338,abstract
is,583,323,594,338,abstract
achievable.,599,323,671,338,abstract
A,676,323,688,338,abstract
detailed,692,323,744,338,abstract
example,748,323,803,338,abstract
is,807,323,818,338,abstract
provided,823,323,880,338,abstract
dealing,119,338,166,353,abstract
with,171,338,200,353,abstract
the,204,338,224,353,abstract
stabilization,229,338,308,353,abstract
of,313,338,326,353,abstract
the,331,338,351,353,abstract
nonholonomic,355,338,449,353,abstract
"unicycle,",453,338,512,353,abstract
subject,517,338,563,353,abstract
to,567,338,580,353,abstract
two,584,338,609,353,abstract
different,613,338,669,353,abstract
input,673,338,707,353,abstract
delays,711,338,753,353,abstract
affecting,757,338,815,353,abstract
the,819,338,839,353,abstract
speed,843,338,880,353,abstract
and,119,353,142,368,abstract
turning,148,353,195,368,abstract
"rate,",201,353,229,368,abstract
for,235,353,254,368,abstract
the,259,353,279,368,abstract
illustration,285,353,355,368,abstract
of,361,353,375,368,abstract
our,380,353,402,368,abstract
methodology.,408,353,497,368,abstract
I.,423,399,436,417,section
INTRODUCTION,446,399,576,417,section
a),119,434,135,452,paragraph
Background,145,434,239,452,paragraph
and,247,434,276,452,paragraph
Motivation:,283,434,376,452,paragraph
Despite,387,435,446,453,paragraph
the,454,435,478,453,paragraph
recent,486,435,533,453,paragraph
outburst,541,435,605,453,paragraph
in,612,435,627,453,paragraph
the,635,435,659,453,paragraph
development,667,435,767,453,paragraph
of,774,435,791,453,paragraph
predictor-based,798,435,919,453,paragraph
control,79,467,135,485,paragraph
laws,141,467,176,485,paragraph
for,182,467,205,485,paragraph
nonlinear,210,467,284,485,paragraph
systems,290,467,352,485,paragraph
with,357,467,392,485,paragraph
input,398,467,438,485,paragraph
delays,444,467,494,485,paragraph
"[5],",499,467,527,485,paragraph
"[6],",533,467,560,485,paragraph
"[7],",566,467,594,485,paragraph
"[8],",600,467,627,485,paragraph
"[9],",633,467,661,485,paragraph
"[10],",666,467,704,485,paragraph
"[11],",709,467,747,485,paragraph
"[13],",753,467,790,485,paragraph
"[14],",796,467,833,485,paragraph
"[15],",839,467,876,485,paragraph
"[16],",882,467,919,485,paragraph
"[17],",79,498,117,516,paragraph
"[26],",123,498,160,516,paragraph
"[27],",166,498,204,516,paragraph
"[28],",209,498,247,516,paragraph
"[29],",253,498,290,516,paragraph
"[30],",296,498,334,516,paragraph
"[31],",339,498,377,516,paragraph
"[32],",383,498,420,516,paragraph
"[35],",426,498,464,516,paragraph
"[36],",469,498,507,516,paragraph
"[37],",513,498,550,516,paragraph
"[42],",556,498,593,516,paragraph
"[43],",599,498,637,516,paragraph
"[44],",643,498,680,516,paragraph
"[45],",686,498,723,516,paragraph
"[46],",729,498,767,516,paragraph
the,773,498,797,516,paragraph
problem,802,498,868,516,paragraph
of,873,498,890,516,paragraph
the,896,498,919,516,paragraph
systematic,79,530,162,548,paragraph
predictor-feedback,171,530,318,548,paragraph
stabilization,327,530,422,548,paragraph
of,431,530,448,548,paragraph
multi-input,457,530,544,548,paragraph
nonlinear,553,530,627,548,paragraph
systems,636,530,698,548,paragraph
"with,",707,530,746,548,paragraph
potentially,755,530,839,548,paragraph
"different,",848,530,919,548,paragraph
in,79,561,95,579,paragraph
each,103,561,139,579,paragraph
individual,148,561,227,579,paragraph
input,235,561,275,579,paragraph
"channel,",284,561,350,579,paragraph
long,358,561,393,579,paragraph
input,402,561,442,579,paragraph
"delays,",451,561,506,579,paragraph
has,514,561,540,579,paragraph
"remained,",549,561,627,579,paragraph
"heretofore,",635,561,720,579,paragraph
"untackled,",729,561,810,579,paragraph
although,819,561,887,579,paragraph
the,896,561,919,579,paragraph
problem,79,593,145,611,paragraph
was,151,593,181,611,paragraph
solved,187,593,237,611,paragraph
in,243,593,259,611,paragraph
the,264,593,288,611,paragraph
linear,294,593,339,611,paragraph
case,345,593,378,611,paragraph
in,384,593,400,611,paragraph
the,405,593,429,611,paragraph
early,435,593,474,611,paragraph
1980s,480,593,527,611,paragraph
[4],533,593,556,611,paragraph
(see,562,593,593,611,paragraph
also,599,593,630,611,paragraph
[41]).,636,593,680,611,paragraph
In,686,593,703,611,paragraph
this,709,593,737,611,paragraph
"article,",743,593,796,611,paragraph
we,802,593,825,611,paragraph
address,831,593,890,611,paragraph
the,896,593,919,611,paragraph
problem,79,624,145,642,paragraph
of,150,624,167,642,paragraph
stabilization,172,624,268,642,paragraph
of,274,624,290,642,paragraph
multi-input,296,624,384,642,paragraph
nonlinear,389,624,463,642,paragraph
systems,469,624,531,642,paragraph
with,536,624,571,642,paragraph
distinct,577,624,634,642,paragraph
input,640,624,680,642,paragraph
delays,686,624,736,642,paragraph
of,742,624,758,642,paragraph
arbitrary,764,624,831,642,paragraph
length,837,624,886,642,paragraph
and,891,624,919,642,paragraph
develop,79,656,141,674,paragraph
a,148,656,157,674,paragraph
nonlinear,165,656,239,674,paragraph
version,246,656,304,674,paragraph
of,311,656,328,674,paragraph
the,335,656,359,674,paragraph
prediction-based,367,656,497,674,paragraph
control,505,656,560,674,paragraph
laws,568,656,604,674,paragraph
developed,612,656,691,674,paragraph
in,699,656,714,674,paragraph
[4],722,656,745,674,paragraph
and,752,656,781,674,paragraph
recently,788,656,851,674,paragraph
in,859,656,874,674,paragraph
"[53],",882,656,919,674,paragraph
[54],79,687,112,705,paragraph
for,119,687,142,705,paragraph
the,148,687,172,705,paragraph
compensation,179,687,288,705,paragraph
of,295,687,311,705,paragraph
input,318,687,358,705,paragraph
delays,365,687,415,705,paragraph
in,421,687,437,705,paragraph
multi-input,443,687,531,705,paragraph
linear,538,687,583,705,paragraph
systems.,590,687,656,705,paragraph
Besides,99,719,160,737,paragraph
the,167,719,190,737,paragraph
unavailability,197,719,304,737,paragraph
of,310,719,327,737,paragraph
a,333,719,342,737,paragraph
systematic,349,719,431,737,paragraph
predictor-feedback,438,719,585,737,paragraph
design,592,719,643,737,paragraph
methodology,650,719,753,737,paragraph
for,760,719,782,737,paragraph
multi-input,789,719,877,737,paragraph
non-,884,719,919,737,paragraph
linear,79,750,124,768,paragraph
systems,134,750,196,768,paragraph
with,207,750,241,768,paragraph
long,252,750,286,768,paragraph
input,297,750,337,768,paragraph
"delays,",347,750,402,768,paragraph
the,413,750,436,768,paragraph
real,447,750,476,768,paragraph
motivation,487,750,570,768,paragraph
for,581,750,603,768,paragraph
this,614,750,642,768,paragraph
article,652,750,701,768,paragraph
comes,712,750,761,768,paragraph
from,772,750,810,768,paragraph
applications.,820,750,919,768,paragraph
Such,79,782,119,800,paragraph
systems,129,782,190,800,paragraph
serve,200,782,241,800,paragraph
as,251,782,268,800,paragraph
models,278,782,334,800,paragraph
for,344,782,367,800,paragraph
the,377,782,401,800,paragraph
dynamics,411,782,485,800,paragraph
of,495,782,512,800,paragraph
trafﬁc,522,782,568,800,paragraph
"[22],",578,782,615,800,paragraph
"[47],",625,782,663,800,paragraph
teleoperators,673,782,773,800,paragraph
[24],783,782,816,800,paragraph
and,826,782,854,800,paragraph
robotic,864,782,919,800,paragraph
manipulators,79,813,182,831,paragraph
"[2],",187,813,215,831,paragraph
"[20],",221,813,258,831,paragraph
motors,264,813,318,831,paragraph
"[34],",324,813,361,831,paragraph
"[50],",367,813,404,831,paragraph
multi-agent,410,813,500,831,paragraph
systems,506,813,568,831,paragraph
"[1],",574,813,601,831,paragraph
"[18],",607,813,644,831,paragraph
"[40],",650,813,688,831,paragraph
autonomous,693,813,789,831,paragraph
ground,795,813,850,831,paragraph
vehicles,856,813,919,831,paragraph
"[39],",79,845,117,863,paragraph
unmanned,124,845,205,863,paragraph
aerial,213,845,256,863,paragraph
vehicles,263,845,327,863,paragraph
[23],334,845,367,863,paragraph
and,374,845,402,863,paragraph
planar,409,845,458,863,paragraph
vertical,465,845,523,863,paragraph
take-off,531,845,592,863,paragraph
and,599,845,627,863,paragraph
landing,634,845,693,863,paragraph
aircrafts,700,845,764,863,paragraph
"[21],",771,845,809,863,paragraph
"[48],",816,845,853,863,paragraph
and,860,845,888,863,paragraph
the,896,845,919,863,paragraph
N.,94,877,108,890,footer
Bekiaris-Liberis,115,877,210,890,footer
is,216,877,226,890,footer
with,233,877,259,890,footer
the,265,877,283,890,footer
Department,289,877,358,890,footer
of,365,877,377,890,footer
Production,383,877,448,890,footer
Engineering,454,877,526,890,footer
&,532,877,544,890,footer
"Management,",550,877,630,890,footer
Technical,636,877,693,890,footer
University,700,877,761,890,footer
of,767,877,779,890,footer
"Crete,",786,877,821,890,footer
"Chania,",828,877,873,890,footer
"73100,",879,877,919,890,footer
Greece.,79,890,125,903,footer
Email,130,890,165,903,footer
address:,170,890,218,903,footer
nikos.bekiaris@gmail.com.,223,890,438,903,footer
M.,94,903,111,917,footer
Krstic,117,903,153,917,footer
is,158,903,168,917,footer
with,174,903,200,917,footer
the,206,903,224,917,footer
Department,230,903,299,917,footer
of,305,903,317,917,footer
Mechanical,323,903,391,917,footer
&,397,903,409,917,footer
Aerospace,415,903,476,917,footer
"Engineering,",482,903,558,917,footer
University,563,903,625,917,footer
of,631,903,643,917,footer
"California,",649,903,712,917,footer
San,718,903,740,917,footer
"Diego,",746,903,785,917,footer
La,791,903,806,917,footer
"Jolla,",812,903,843,917,footer
"CA,",849,903,873,917,footer
"92093,",879,903,919,917,footer
USA.,79,916,112,930,footer
Email,118,916,153,930,footer
address:,158,916,206,930,footer
krstic@ucsd.edu.,211,916,346,930,footer
