token,x0,y0,x1,y1,label
12,216,135,233,148,paragraph
MICHAEL,294,138,355,147,paragraph
"BEESON,",361,138,418,147,paragraph
PIERRE,424,138,474,147,paragraph
"BOUTRY,",479,138,539,147,paragraph
AND,545,138,574,147,paragraph
JULIEN,580,138,627,147,paragraph
NARBOUX,633,138,700,147,paragraph
Note,233,162,266,175,paragraph
that,272,162,301,175,paragraph
this,306,162,333,175,paragraph
"proof,",338,162,379,175,paragraph
like,385,162,409,175,paragraph
the,414,162,437,175,paragraph
proof,442,162,479,175,paragraph
via,484,162,505,175,paragraph
Herbrand’s,510,162,589,175,paragraph
"theorem,",594,162,656,175,paragraph
does,661,162,693,175,paragraph
not,698,162,721,175,paragraph
actually,726,162,783,175,paragraph
construct,216,177,282,190,paragraph
a,289,177,297,190,paragraph
model,304,177,347,190,paragraph
of,354,177,367,190,paragraph
non-Euclidean,374,177,476,190,paragraph
"geometry,",483,177,551,190,paragraph
that,559,177,588,190,paragraph
"is,",595,177,611,190,paragraph
a,618,177,626,190,paragraph
model,633,177,676,190,paragraph
satisfying,683,177,750,190,paragraph
A1-,757,177,783,190,paragraph
"A9,",216,192,241,205,paragraph
"A11,",248,192,281,205,paragraph
but,287,192,312,205,paragraph
not,318,192,342,205,paragraph
A10.,348,192,381,205,paragraph
That,391,192,426,205,paragraph
is,433,192,443,205,paragraph
the,450,192,472,205,paragraph
interest,479,192,532,205,paragraph
of,538,192,551,205,paragraph
both,558,192,591,205,paragraph
proofs:,597,192,645,205,paragraph
the,654,192,677,205,paragraph
consistency,683,192,763,205,paragraph
of,770,192,783,205,paragraph
non-Euclidean,216,208,318,220,paragraph
geometry,322,208,388,220,paragraph
is,393,208,404,220,paragraph
"shown,",408,208,457,220,paragraph
in,462,208,475,220,paragraph
the,480,208,503,220,paragraph
one,507,208,532,220,paragraph
case,536,208,565,220,paragraph
by,570,208,587,220,paragraph
proof,592,208,629,220,paragraph
"theory,",634,208,683,220,paragraph
and,687,208,714,220,paragraph
the,718,208,741,220,paragraph
other,746,208,783,220,paragraph
by,216,223,233,235,paragraph
algebra,241,223,292,235,paragraph
(or,300,223,320,235,paragraph
model,328,223,371,235,paragraph
theory,378,223,424,235,paragraph
if,431,223,440,235,paragraph
you,448,223,473,235,paragraph
prefer,480,223,522,235,paragraph
to,529,223,543,235,paragraph
call,551,223,575,235,paragraph
it,582,223,593,235,paragraph
"that),",600,223,641,235,paragraph
without,649,223,704,235,paragraph
doing,711,223,750,235,paragraph
any,757,223,783,235,paragraph
non-Euclidean,216,238,318,250,paragraph
geometry,324,238,389,250,paragraph
at,395,238,410,250,paragraph
all.,416,238,437,250,paragraph
"Moreover,",446,238,517,250,paragraph
the,523,238,545,250,paragraph
classical,551,238,608,250,paragraph
constructions,614,238,708,250,paragraph
of,714,238,727,250,paragraph
models,733,238,783,250,paragraph
of,216,253,229,265,paragraph
non-Euclidean,235,253,337,265,paragraph
geometry,343,253,409,265,paragraph
(the,415,253,443,265,paragraph
Beltrami-Klein,450,253,555,265,paragraph
and,561,253,587,265,paragraph
Poincar´e,593,253,655,265,paragraph
models,661,253,710,265,paragraph
described,716,253,783,265,paragraph
in,216,268,230,281,paragraph
"[3,",234,268,252,281,paragraph
"],",256,268,265,281,paragraph
Ch.,270,268,296,281,paragraph
"7),",300,268,319,281,paragraph
satisfy,324,268,369,281,paragraph
not,374,268,398,281,paragraph
only,402,268,432,281,paragraph
the,437,268,460,281,paragraph
ﬁrst-order,464,268,535,281,paragraph
continuity,540,268,611,281,paragraph
schema,616,268,667,281,paragraph
but,672,268,696,281,paragraph
also,701,268,728,281,paragraph
the,732,268,755,281,paragraph
full,760,268,783,281,paragraph
second-order,216,283,306,296,paragraph
continuity,312,283,384,296,paragraph
axioms.,390,283,444,296,paragraph
Herbrand’s,454,283,533,296,paragraph
theorem,539,283,597,296,paragraph
is,604,283,614,296,paragraph
about,621,283,662,296,paragraph
ﬁrst-order,668,283,739,296,paragraph
"logic,",746,283,783,296,paragraph
so,216,298,231,311,paragraph
it,237,298,247,311,paragraph
cannot,253,298,301,311,paragraph
replace,307,298,357,311,paragraph
these,362,298,399,311,paragraph
classical,405,298,462,311,paragraph
geometrical,467,298,549,311,paragraph
constructions;,555,298,653,311,paragraph
but,659,298,684,311,paragraph
"still,",690,298,720,311,paragraph
we,726,298,745,311,paragraph
have,751,298,783,311,paragraph
shown,216,313,260,326,paragraph
here,266,313,296,326,paragraph
that,301,313,331,326,paragraph
a,336,313,344,326,paragraph
little,350,313,383,326,paragraph
logic,389,313,421,326,paragraph
goes,427,313,457,326,paragraph
a,462,313,471,326,paragraph
long,476,313,506,326,paragraph
ways.,511,313,550,326,paragraph
REFERENCES,455,354,544,363,reference
[1],236,387,250,397,reference
Samuel,255,385,303,395,reference
R.,308,385,322,395,reference
"Buss,",327,385,361,397,reference
Introduction,366,387,440,397,reference
to,446,387,457,397,reference
proof,463,387,493,397,reference
"theory,",498,387,539,397,reference
Handbook,544,387,607,397,reference
of,613,387,626,397,reference
proof,631,387,664,397,reference
theory,670,387,710,397,reference
(Samuel,715,387,764,397,reference
R.,769,387,783,397,reference
"Buss,",216,400,248,410,reference
"editor),",253,400,298,410,reference
Studies,303,400,347,410,reference
in,352,400,363,410,reference
Logic,368,400,401,410,reference
and,405,400,428,410,reference
the,433,400,452,410,reference
Foundations,457,400,531,410,reference
of,536,400,547,410,reference
"Mathematics,",552,400,634,410,reference
vol.,639,400,660,410,reference
"137,",665,400,690,410,reference
"Elsevier,",694,400,746,410,reference
Ams-,751,400,783,410,reference
"terdam,",216,412,263,422,reference
"1998,",268,412,299,422,reference
pp.,304,412,323,422,reference
1–78.,328,412,359,422,reference
[2],236,425,250,435,reference
B.,255,425,269,435,reference
F.,274,425,287,435,reference
Caviness,293,425,345,435,reference
and,351,425,373,435,reference
J.,378,425,389,435,reference
R.,395,425,409,435,reference
Johnson,414,425,464,435,reference
"(editors),",469,425,525,435,reference
Quantiﬁer,531,425,598,435,reference
elimination,604,425,678,435,reference
and,685,425,709,435,reference
cylindrical,715,425,783,435,reference
algebraic,216,437,274,447,reference
"decomposition,",279,437,374,447,reference
"Springer,",379,437,434,447,reference
Wien/New,438,437,503,447,reference
"York,",508,437,541,447,reference
1998.,545,437,577,447,reference
[3],236,450,250,460,reference
Marvin,255,448,302,458,reference
Jay,308,448,331,458,reference
"Greenberg,",336,448,412,460,reference
Euclidean,417,450,481,460,reference
and,487,450,511,460,reference
non-Euclidean,517,450,610,460,reference
geometries:,616,450,690,460,reference
Development,699,450,783,460,reference
and,216,463,240,473,reference
"history,",246,463,295,473,reference
fourth,299,463,336,473,reference
"ed.,",341,463,363,473,reference
W.,367,463,385,473,reference
H.,390,463,404,473,reference
"Freeman,",409,463,464,473,reference
New,469,463,495,473,reference
"York,",500,463,533,473,reference
2008.,537,463,569,473,reference
[4],236,475,250,485,reference
Haragauri,255,473,325,483,reference
Narayan,330,473,386,483,reference
"Gupta,",391,473,436,485,reference
Contributions,441,475,524,485,reference
to,529,475,541,485,reference
the,546,475,564,485,reference
axiomatic,569,475,628,485,reference
foundations,633,475,703,485,reference
of,708,475,720,485,reference
"geometry,",724,475,783,485,reference
Ph.D.,216,488,255,498,reference
"thesis,",260,488,301,498,reference
University,306,488,368,498,reference
of,372,488,383,498,reference
"California,",388,488,451,498,reference
"Berkeley,",456,488,510,498,reference
1965.,515,488,547,498,reference
[5],236,500,250,510,reference
Robin,255,498,293,508,reference
"Hartshorne,",298,498,380,510,reference
Geometry:,385,500,453,510,reference
Euclid,460,500,501,510,reference
and,506,500,530,510,reference
"beyond,",536,500,584,510,reference
"Springer,",588,500,643,510,reference
2000.,648,500,679,510,reference
[6],236,513,250,523,reference
Stephen,255,511,308,521,reference
C.,315,511,329,521,reference
"Kleene,",336,511,387,523,reference
Introduction,394,513,475,523,reference
to,482,513,494,523,reference
"metamathematics,",502,513,620,523,reference
van,627,513,648,523,reference
"Nostrand,",654,513,714,523,reference
"Princeton,",720,513,783,523,reference
1952.,216,525,248,536,reference
[7],236,538,250,548,reference
Moritz,255,536,302,546,reference
"Pasch,",307,536,349,548,reference
Vorlesung,354,538,420,548,reference
u¨ber,425,538,453,548,reference
Neuere,458,538,505,548,reference
"Geometrie,",510,538,582,548,reference
"Teubner,",586,538,640,548,reference
"Leipzig,",644,538,691,548,reference
1882.,696,538,728,548,reference
[8],236,551,250,561,reference
Moritz,255,549,302,559,reference
Pasch,308,549,346,559,reference
and,351,551,373,561,reference
Max,379,549,408,559,reference
"Dehn,",413,549,451,561,reference
Vorlesung,456,551,522,561,reference
u¨ber,528,551,556,561,reference
Neuere,562,551,608,561,reference
"Geometrie,",614,551,686,561,reference
B.,691,551,704,561,reference
G.,710,551,724,561,reference
"Teubner,",729,551,783,561,reference
"Leipzig,",216,563,263,573,reference
"1926,",268,563,299,573,reference
The,304,563,328,573,reference
ﬁrst,333,563,356,573,reference
edition,361,563,403,573,reference
"(1882),",407,563,450,573,reference
which,454,563,489,573,reference
is,494,563,503,573,reference
the,508,563,527,573,reference
one,532,563,552,573,reference
digitized,557,563,608,573,reference
by,613,563,628,573,reference
Google,632,563,674,573,reference
"Scholar,",679,563,727,573,reference
does,732,563,758,573,reference
not,763,563,783,573,reference
contain,216,576,260,586,reference
the,265,576,284,586,reference
appendix,289,576,344,586,reference
by,349,576,363,586,reference
Dehn.,368,576,404,586,reference
[9],236,588,250,598,reference
W.,255,586,274,596,reference
"Schwabha¨user,",281,586,379,596,reference
Wanda,387,586,432,596,reference
"Szmielew,",440,586,504,596,reference
and,512,588,535,598,reference
Alfred,542,586,590,596,reference
"Tarski,",597,586,644,598,reference
Metamathematische,652,588,783,598,reference
Methoden,216,601,280,611,reference
in,286,601,300,611,reference
der,306,601,327,611,reference
Geometrie:,334,601,406,611,reference
Teil,416,601,441,611,reference
I:,448,601,459,611,reference
Ein,465,601,488,611,reference
axiomatischer,495,601,586,611,reference
Aufbau,593,601,639,611,reference
der,645,601,667,611,reference
euklidischen,673,601,752,611,reference
Ge-,759,601,783,611,reference
ometrie.,216,613,271,624,reference
Teil,277,613,303,624,reference
II:,309,613,326,624,reference
Metamathematische,333,613,463,624,reference
Betrachtungen,470,613,564,624,reference
"(Hochschultext),",570,613,677,624,reference
"Springer–Verlag,",683,614,783,624,reference
"1983,",216,626,248,636,reference
Reprinted,252,626,312,636,reference
2012,317,626,344,636,reference
by,349,626,364,636,reference
Ishi,368,626,390,636,reference
"Press,",395,626,431,636,reference
with,435,626,462,636,reference
a,467,626,474,636,reference
new,478,626,502,636,reference
foreword,507,626,559,636,reference
by,564,626,578,636,reference
Michael,583,626,630,636,reference
Beeson.,634,626,680,636,reference
[10],236,639,257,649,reference
T.,262,637,276,647,reference
"Skolem,",280,637,332,649,reference
Logisch-kombinatorische,336,639,484,649,reference
Untersuchungen,488,639,586,649,reference
u¨ber,591,639,616,649,reference
die,620,639,638,649,reference
Erfu¨llbarkeit,643,639,718,649,reference
mathema-,722,639,783,649,reference
tischer,216,651,257,661,reference
"Satzsysteme,",262,651,339,661,reference
nebst,344,651,375,661,reference
einem,380,651,417,661,reference
theoreme,422,651,476,661,reference
u¨ber,481,651,506,661,reference
dichte,512,651,548,661,reference
"mengen,",553,651,603,661,reference
Selected,608,651,659,661,reference
papers,665,651,706,661,reference
(J.,711,651,727,661,reference
"Fenstad,",732,651,783,661,reference
"editor),",216,664,261,674,reference
"Universiteitsforlaget,",265,664,391,674,reference
"Oslo,",396,664,426,674,reference
"1970,",431,664,462,674,reference
pp.,467,664,486,674,reference
103–136.,491,664,543,674,reference
[11],236,676,257,686,reference
Alfred,262,674,309,685,reference
"Tarski,",314,674,360,686,reference
A,364,676,375,686,reference
Decision,379,676,431,686,reference
Method,435,676,480,686,reference
for,484,676,501,686,reference
Elementary,505,676,575,686,reference
Algebra,579,676,625,686,reference
and,629,676,651,686,reference
"Geometry,",655,676,718,686,reference
Technical,722,676,783,686,reference
Report,216,689,260,699,reference
"R-109,",266,689,310,699,reference
second,316,689,359,699,reference
revised,365,689,410,699,reference
"edition,",416,689,465,699,reference
reprinted,471,689,530,699,reference
in,536,689,549,699,reference
"[2,",555,689,572,699,reference
"],",578,689,587,699,reference
pp.,594,689,614,699,reference
"24–84,",620,689,662,699,reference
Rand,668,689,700,699,reference
"Corporation,",705,689,783,699,reference
1951.,216,702,248,712,reference
[12],236,714,257,724,reference
Alfred,262,712,309,722,reference
Tarski,315,712,358,722,reference
and,364,714,386,724,reference
Steven,392,712,438,722,reference
"Givant,",444,712,493,724,reference
Tarski’s,499,714,547,724,reference
system,553,714,594,724,reference
of,599,714,611,724,reference
"geometry,",616,714,675,724,reference
The,680,714,705,724,reference
Bulletin,711,714,764,724,reference
of,770,714,783,724,reference
Symbolic,216,727,274,737,reference
"Logic,",279,727,317,737,reference
vol.,321,727,343,737,reference
5,347,727,354,737,reference
"(1999),",359,727,401,737,reference
no.,406,727,424,737,reference
"2,",429,727,440,737,reference
pp.,444,727,463,737,reference
175–214.,468,727,520,737,reference
[13],236,739,257,749,reference
O.,262,737,277,747,reference
"Veblen,",281,737,333,749,reference
A,337,739,347,749,reference
system,352,739,392,749,reference
of,397,739,408,749,reference
axioms,413,739,455,749,reference
for,459,739,476,749,reference
"geometry,",481,739,539,749,reference
Transactions,543,739,628,749,reference
of,632,739,645,749,reference
the,650,739,670,749,reference
American,675,739,738,749,reference
Math-,743,739,783,749,reference
ematical,216,752,271,762,reference
"Society,",276,752,326,762,reference
vol.,331,752,352,762,reference
5,357,752,364,762,reference
"(1904),",368,752,411,762,reference
pp.,415,752,434,762,reference
343–384.,439,752,491,762,reference
[14],236,764,257,775,reference
Jan,262,763,285,773,reference
von,291,763,315,773,reference
"Plato,",320,763,363,775,reference
Terminating,369,764,444,775,reference
Proof,449,764,482,775,reference
Search,487,764,527,775,reference
in,532,764,545,775,reference
Elementary,550,764,620,775,reference
"Geometry,",625,764,688,775,reference
Technical,693,764,754,775,reference
Re-,760,764,783,775,reference
port,216,777,242,787,reference
"43,",248,777,267,787,reference
Institut,272,777,317,787,reference
"Mittag-Leﬄer,",322,777,410,787,reference
2000/2001.,414,777,480,787,reference
SAN,233,802,259,811,paragraph
JOSE´,263,800,296,811,paragraph
STATE,300,802,342,811,paragraph
UNIVERSITY,347,802,429,811,paragraph
"ICUBE,",233,823,278,832,paragraph
UMR,282,823,313,832,paragraph
7357,317,823,343,832,paragraph
"CNRS,",348,823,387,832,paragraph
UNIVERSITY,391,823,474,832,paragraph
OF,478,823,496,832,paragraph
STRASBOURG,501,823,591,832,paragraph
"ICUBE,",233,845,278,854,paragraph
UMR,282,845,313,854,paragraph
7357,317,845,343,854,paragraph
"CNRS,",348,845,387,854,paragraph
UNIVERSITY,391,845,474,854,paragraph
OF,478,845,496,854,paragraph
STRASBOURG,501,845,591,854,paragraph
