token,x0,y0,x1,y1,label
Piecewise,266,150,358,173,title
convexity,365,150,457,173,title
of,464,150,482,173,title
artiﬁcial,490,150,570,173,title
neural,578,150,638,173,title
networks,646,150,732,173,title
Blaine,382,194,427,210,author
Rister,433,194,475,210,author
",",483,194,488,210,author
Daniel,493,194,539,210,author
L.,545,194,559,210,author
Rubin,565,194,608,210,author
a,475,202,482,211,author
b,608,202,614,211,author
Stanford,236,216,287,229,author
"University,",292,216,359,229,author
Department,364,216,435,229,author
of,440,216,452,229,author
Electrical,457,216,513,229,author
Engineering.,518,216,595,229,author
email:,601,216,639,229,author
blaine@stanford.edu.,645,216,769,229,author
a,228,222,235,230,author
Corresponding,431,228,518,241,author
author.,523,228,567,241,author
Stanford,230,240,281,253,author
"University,",286,240,353,253,author
Department,358,240,430,253,author
of,435,240,446,253,author
Radiology,451,240,510,253,author
(Biomedical,515,240,587,253,author
Informatics,592,240,662,253,author
Research).,667,240,730,253,author
email:,737,240,774,253,author
b,224,246,229,254,author
dlrubin@stanford.edu.,433,252,565,265,author
1201,453,264,482,277,author
Welch,487,264,523,277,author
Rd,528,264,545,277,author
"Stanford,",419,276,475,289,author
"CA,",480,276,504,289,author
USA,509,276,538,289,author
94305,543,276,579,289,author
Abstract,218,357,290,373,paragraph
Although,224,380,291,396,abstract
artiﬁcial,297,380,356,396,abstract
neural,362,380,407,396,abstract
networks,413,380,476,396,abstract
have,482,380,514,396,abstract
shown,520,380,564,396,abstract
great,571,380,607,396,abstract
promise,613,380,668,396,abstract
in,675,380,688,396,abstract
applications,695,380,780,396,abstract
including,218,395,283,411,abstract
computer,290,395,357,411,abstract
vision,364,395,405,411,abstract
and,412,395,438,411,abstract
speech,445,395,491,411,abstract
"recognition,",497,395,581,411,abstract
there,588,395,624,411,abstract
remains,631,395,686,411,abstract
considerable,693,395,780,411,abstract
practical,218,410,280,426,abstract
and,286,410,312,426,abstract
theoretical,319,410,394,426,abstract
diﬃculty,401,410,463,426,abstract
in,470,410,483,426,abstract
optimizing,490,410,565,426,abstract
their,571,410,605,426,abstract
parameters.,611,410,695,426,abstract
The,705,410,733,426,abstract
seem-,740,410,780,426,abstract
ingly,218,425,253,441,abstract
unreasonable,261,425,353,441,abstract
success,361,425,411,441,abstract
of,419,425,432,441,abstract
gradient,440,425,499,441,abstract
descent,507,425,559,441,abstract
methods,567,425,627,441,abstract
in,635,425,649,441,abstract
minimizing,657,425,735,441,abstract
these,743,425,780,441,abstract
non-convex,218,440,298,456,abstract
functions,304,440,369,456,abstract
remains,376,440,431,456,abstract
poorly,438,440,483,456,abstract
understood.,490,440,574,456,abstract
In,585,440,600,456,abstract
this,607,440,633,456,abstract
work,640,440,674,456,abstract
we,681,440,700,456,abstract
oﬀer,706,440,738,456,abstract
some,744,440,780,456,abstract
theoretical,218,455,293,471,abstract
guarantees,300,455,376,471,abstract
for,382,455,402,471,abstract
networks,409,455,472,471,abstract
with,478,455,510,471,abstract
piecewise,517,455,582,471,abstract
aﬃne,589,455,627,471,abstract
activation,634,455,704,471,abstract
"functions,",710,455,780,471,abstract
which,218,471,259,486,abstract
have,267,471,299,486,abstract
in,306,471,320,486,abstract
recent,327,471,370,486,abstract
years,378,471,414,486,abstract
become,421,471,474,486,abstract
the,482,471,504,486,abstract
norm.,512,471,553,486,abstract
We,567,471,589,486,abstract
prove,597,471,635,486,abstract
three,642,471,679,486,abstract
main,686,471,721,486,abstract
results.,729,471,780,486,abstract
"Firstly,",218,486,269,501,abstract
that,276,486,305,501,abstract
the,312,486,335,501,abstract
network,341,486,398,501,abstract
is,405,486,416,501,abstract
piecewise,422,486,487,501,abstract
convex,494,486,542,501,abstract
as,549,486,563,501,abstract
a,570,486,578,501,abstract
function,585,486,643,501,abstract
of,650,486,663,501,abstract
the,670,486,692,501,abstract
input,699,486,737,501,abstract
data.,744,486,780,501,abstract
"Secondly,",218,501,284,517,abstract
that,292,501,322,517,abstract
the,329,501,352,517,abstract
"network,",359,501,420,517,abstract
considered,428,501,503,517,abstract
as,510,501,525,517,abstract
a,532,501,540,517,abstract
function,548,501,606,517,abstract
of,614,501,627,517,abstract
the,634,501,657,517,abstract
parameters,664,501,743,517,abstract
in,751,501,764,517,abstract
a,772,501,780,517,abstract
single,218,516,258,532,abstract
"layer,",265,516,303,532,abstract
all,310,516,327,532,abstract
others,334,516,377,532,abstract
held,384,516,414,532,abstract
"constant,",421,516,485,532,abstract
is,492,516,503,532,abstract
again,510,516,548,532,abstract
piecewise,555,516,620,532,abstract
convex.,626,516,679,532,abstract
"Finally,",690,516,743,532,abstract
that,750,516,780,532,abstract
the,218,531,241,547,abstract
network,249,531,305,547,abstract
as,313,531,328,547,abstract
a,335,531,344,547,abstract
function,352,531,410,547,abstract
of,418,531,431,547,abstract
all,439,531,456,547,abstract
its,464,531,481,547,abstract
parameters,489,531,568,547,abstract
is,576,531,587,547,abstract
piecewise,595,531,660,547,abstract
"multi-convex,",668,531,763,547,abstract
a,772,531,780,547,abstract
generalization,218,546,317,562,abstract
of,322,546,336,562,abstract
biconvexity.,341,546,425,562,abstract
From,433,546,471,562,abstract
here,477,546,506,562,abstract
we,512,546,531,562,abstract
characterize,537,546,621,562,abstract
the,627,546,650,562,abstract
local,655,546,688,562,abstract
minima,694,546,748,562,abstract
and,753,546,780,562,abstract
stationary,218,561,290,577,abstract
points,296,561,339,577,abstract
of,345,561,358,577,abstract
the,363,561,386,577,abstract
training,391,561,448,577,abstract
"objective,",453,561,521,577,abstract
showing,527,561,583,577,abstract
that,589,561,619,577,abstract
they,624,561,656,577,abstract
minimize,661,561,725,577,abstract
certain,731,561,780,577,abstract
subsets,218,576,269,592,abstract
of,275,576,288,592,abstract
the,293,576,316,592,abstract
parameter,322,576,394,592,abstract
space.,400,576,442,592,abstract
We,450,576,473,592,abstract
then,479,576,510,592,abstract
analyze,516,576,569,592,abstract
the,575,576,597,592,abstract
performance,603,576,691,592,abstract
of,696,576,710,592,abstract
two,715,576,741,592,abstract
opti-,746,576,780,592,abstract
mization,218,591,280,607,abstract
algorithms,284,591,359,607,abstract
on,364,591,381,607,abstract
multi-convex,386,591,477,607,abstract
problems:,482,591,551,607,abstract
gradient,557,591,616,607,abstract
"descent,",621,591,677,607,abstract
and,682,591,708,607,abstract
a,713,591,721,607,abstract
method,726,591,780,607,abstract
which,218,606,259,622,abstract
repeatedly,265,606,339,622,abstract
solves,344,606,385,622,abstract
a,390,606,399,622,abstract
number,404,606,458,622,abstract
of,463,606,476,622,abstract
convex,482,606,530,622,abstract
sub-problems.,535,606,634,622,abstract
We,641,606,664,622,abstract
prove,669,606,708,622,abstract
necessary,713,606,780,622,abstract
convergence,218,622,303,637,abstract
conditions,308,622,380,637,abstract
for,385,622,405,637,abstract
the,410,622,432,637,abstract
ﬁrst,437,622,466,637,abstract
algorithm,471,622,539,637,abstract
and,544,622,571,637,abstract
both,576,622,609,637,abstract
necessary,614,622,680,637,abstract
and,685,622,712,637,abstract
suﬃcient,717,622,780,637,abstract
conditions,218,637,290,652,abstract
for,296,637,316,652,abstract
the,321,637,344,652,abstract
"second,",349,637,401,652,abstract
after,406,637,439,652,abstract
introducing,445,637,526,652,abstract
regularization,532,637,630,652,abstract
to,635,637,650,652,abstract
the,655,637,678,652,abstract
objective.,683,637,752,652,abstract
Fi-,759,637,780,652,abstract
"nally,",218,652,256,668,abstract
we,261,652,279,668,abstract
remark,284,652,334,668,abstract
on,339,652,356,668,abstract
the,361,652,384,668,abstract
remaining,388,652,459,668,abstract
diﬃculty,464,652,526,668,abstract
of,531,652,544,668,abstract
the,549,652,571,668,abstract
global,576,652,618,668,abstract
optimization,623,652,713,668,abstract
problem.,717,652,780,668,abstract
Under,218,667,262,683,abstract
the,268,667,290,683,abstract
squared,296,667,351,683,abstract
error,357,667,391,683,abstract
"objective,",397,667,465,683,abstract
we,471,667,490,683,abstract
show,496,667,531,683,abstract
that,536,667,566,683,abstract
by,572,667,589,683,abstract
varying,595,667,647,683,abstract
the,653,667,676,683,abstract
training,682,667,738,683,abstract
"data,",744,667,780,683,abstract
a,218,682,226,698,abstract
single,232,682,272,698,abstract
rectiﬁer,278,682,332,698,abstract
neuron,338,682,387,698,abstract
admits,393,682,441,698,abstract
local,447,682,480,698,abstract
minima,486,682,540,698,abstract
arbitrarily,546,682,618,698,abstract
far,624,682,644,698,abstract
"apart,",650,682,692,698,abstract
both,699,682,732,698,abstract
in,738,682,751,698,abstract
ob-,757,682,780,698,abstract
jective,218,697,264,713,abstract
value,269,697,306,713,abstract
and,311,697,337,713,abstract
parameter,343,697,415,713,abstract
space.,421,697,463,713,abstract
Index,242,736,288,752,paragraph
terms—,296,736,361,752,paragraph
convex,373,736,421,752,abstract
analysis;,427,736,487,752,abstract
gradient,494,736,552,752,abstract
descent;,558,736,615,752,abstract
optimization;,621,736,715,752,abstract
machine,721,736,780,752,abstract
learning;,218,751,280,767,abstract
neural,285,751,329,767,abstract
networks;,335,751,402,767,abstract
convergence,408,751,492,767,abstract
1.,218,789,233,805,section
Introduction,242,789,345,805,section
Artiﬁcial,242,816,305,831,paragraph
neural,313,816,357,831,paragraph
networks,364,816,427,831,paragraph
are,434,816,456,831,paragraph
currently,463,816,528,831,paragraph
considered,535,816,609,831,paragraph
the,616,816,639,831,paragraph
state,646,816,681,831,paragraph
of,688,816,701,831,paragraph
the,708,816,731,831,paragraph
art,738,816,759,831,paragraph
in,766,816,780,831,paragraph
applications,218,831,303,846,paragraph
ranging,309,831,363,846,paragraph
from,369,831,402,846,paragraph
image,409,831,450,846,paragraph
"classiﬁcation,",456,831,551,846,paragraph
to,557,831,572,846,paragraph
speech,578,831,624,846,paragraph
recognition,630,831,709,846,paragraph
and,716,831,742,846,paragraph
even,748,831,780,846,paragraph
Preprint,218,876,269,889,paragraph
submitted,274,876,331,889,paragraph
to,336,876,348,889,paragraph
Elsevier,353,876,401,889,paragraph
May,696,876,723,889,paragraph
"28,",728,876,746,889,paragraph
2020,751,876,780,889,paragraph
##LTLine##,218,347,780,347,paragraph
##LTLine##,218,726,780,726,paragraph
