token,x0,y0,x1,y1,label
strategy,150,122,213,136,paragraph
is,219,122,231,136,paragraph
to,237,122,253,136,paragraph
take,259,122,292,136,paragraph
any,298,122,325,136,paragraph
E-free,332,122,380,136,paragraph
graph,386,122,431,136,paragraph
and,437,122,466,136,paragraph
show,472,122,510,136,paragraph
that,516,122,549,136,paragraph
we,555,122,576,136,paragraph
can,582,122,608,136,paragraph
add,615,122,643,136,paragraph
and,650,122,678,136,paragraph
remove,684,122,739,136,paragraph
edges,746,122,787,136,paragraph
to,793,122,809,136,paragraph
it,815,122,827,136,paragraph
so,834,122,850,136,paragraph
that,150,139,182,153,paragraph
we,188,139,209,153,paragraph
preserve,215,139,278,153,paragraph
"E-freeness,",284,139,370,153,paragraph
remove,376,139,431,153,paragraph
most,437,139,475,153,paragraph
multiple,481,139,545,153,paragraph
edges,551,139,592,153,paragraph
from,598,139,635,153,paragraph
triples,641,139,689,153,paragraph
that,695,139,728,153,paragraph
had,734,139,763,153,paragraph
more,769,139,808,153,paragraph
than,814,139,849,153,paragraph
"one,",150,156,181,170,paragraph
and,187,156,216,170,paragraph
never,222,156,263,170,paragraph
decrease,269,156,334,170,paragraph
the,340,156,365,170,paragraph
overall,371,156,422,170,paragraph
number,428,156,487,170,paragraph
of,492,156,507,170,paragraph
edges.,513,156,559,170,paragraph
4.3,150,173,178,188,section
Add,200,173,241,188,section
and,248,173,283,188,section
Remove,290,173,366,188,section
Edges,374,173,430,188,section
Let,177,200,203,214,paragraph
H,209,200,224,214,paragraph
be,231,200,249,214,paragraph
an,255,200,274,214,paragraph
E-free,280,200,328,214,paragraph
graph,334,200,379,214,paragraph
and,384,200,413,214,paragraph
represent,419,200,490,214,paragraph
its,496,200,515,214,paragraph
vertices,521,200,579,214,paragraph
as,585,200,601,214,paragraph
the,607,200,631,214,paragraph
disjoint,637,200,695,214,paragraph
union,701,200,744,214,paragraph
of,750,200,764,214,paragraph
three,770,200,810,214,paragraph
sets:,816,200,849,214,paragraph
∪,512,219,524,243,paragraph
∪,546,219,557,243,paragraph
V,425,230,435,243,paragraph
(H),439,230,469,243,paragraph
=,474,230,488,243,paragraph
D,493,230,508,243,paragraph
R,528,230,542,243,paragraph
T,561,230,572,243,paragraph
where,150,259,195,273,paragraph
D,201,259,216,273,paragraph
(for,222,259,251,273,paragraph
‘Done’),257,259,314,273,paragraph
is,320,259,332,273,paragraph
the,338,259,362,273,paragraph
set,368,259,390,273,paragraph
of,396,259,411,273,paragraph
all,417,259,435,273,paragraph
vertices,441,259,500,273,paragraph
that,506,259,539,273,paragraph
have,545,259,580,273,paragraph
complete,586,259,655,273,paragraph
graphs,661,259,713,273,paragraph
on,719,259,737,273,paragraph
three,743,259,783,273,paragraph
or,789,259,805,273,paragraph
more,811,259,850,273,paragraph
vertices,150,276,208,290,paragraph
as,215,276,231,290,paragraph
tail,237,276,263,290,paragraph
link,269,276,298,290,paragraph
"graphs,",305,276,362,290,paragraph
R,368,276,382,290,paragraph
(for,388,276,417,290,paragraph
‘Ready,423,276,477,290,paragraph
to,484,276,500,290,paragraph
change’),506,276,571,290,paragraph
is,577,276,589,290,paragraph
the,596,276,621,290,paragraph
set,627,276,649,290,paragraph
of,656,276,670,290,paragraph
vertices,676,276,735,290,paragraph
not,741,276,767,290,paragraph
in,774,276,789,290,paragraph
D,795,276,810,290,paragraph
that,817,276,850,290,paragraph
have,150,293,185,307,paragraph
at,192,293,208,307,paragraph
least,216,293,251,307,paragraph
three,259,293,299,307,paragraph
edges,306,293,348,307,paragraph
in,355,293,370,307,paragraph
their,378,293,414,307,paragraph
tail,422,293,448,307,paragraph
link,455,293,484,307,paragraph
"graphs,",492,293,549,307,paragraph
and,557,293,585,307,paragraph
T,593,293,603,307,paragraph
is,613,293,625,307,paragraph
the,633,293,657,307,paragraph
set,665,293,687,307,paragraph
of,694,293,709,307,paragraph
all,716,293,735,307,paragraph
other,743,293,783,307,paragraph
vertices,791,293,850,307,paragraph
(those,150,310,197,324,paragraph
with,203,310,238,324,paragraph
‘Two,244,310,283,324,paragraph
or,289,310,305,324,paragraph
fewer,311,310,351,324,paragraph
edges,357,310,399,324,paragraph
in,405,310,420,324,paragraph
their,426,310,462,324,paragraph
tail,468,310,494,324,paragraph
link,500,310,529,324,paragraph
graphs’).,535,310,604,324,paragraph
(cid:48),740,318,744,335,paragraph
The,177,327,208,341,paragraph
plan,214,327,247,341,paragraph
is,253,327,265,341,paragraph
now,271,327,303,341,paragraph
to,308,327,324,341,paragraph
remove,330,327,385,341,paragraph
and,391,327,420,341,paragraph
add,426,327,455,341,paragraph
edges,460,327,502,341,paragraph
in,508,327,523,341,paragraph
order,529,327,570,341,paragraph
make,575,327,616,341,paragraph
a,622,327,631,341,paragraph
new,637,327,668,341,paragraph
graph,673,327,718,341,paragraph
H,724,327,739,341,paragraph
which,751,327,796,341,paragraph
is,802,327,814,341,paragraph
also,820,327,850,341,paragraph
"E-free,",150,344,203,358,paragraph
has,209,344,235,358,paragraph
at,241,344,256,358,paragraph
least,262,344,298,358,paragraph
as,304,344,320,358,paragraph
many,326,344,369,358,paragraph
edges,374,344,416,358,paragraph
as,422,344,438,358,paragraph
"H,",444,344,465,358,paragraph
and,471,344,500,358,paragraph
whose,506,344,552,358,paragraph
vertices,558,344,617,358,paragraph
make,623,344,664,358,paragraph
a,669,344,678,358,paragraph
disjoint,684,344,742,358,paragraph
"union,",748,344,796,358,paragraph
(cid:48),472,364,476,381,paragraph
(cid:48),523,364,526,381,paragraph
∪,531,364,543,388,paragraph
(cid:48),560,364,564,381,paragraph
V,435,374,445,388,paragraph
(H,449,374,471,388,paragraph
),477,374,484,388,paragraph
=,489,374,502,388,paragraph
D,507,374,522,388,paragraph
T,547,374,557,388,paragraph
(cid:48),217,394,220,411,paragraph
(cid:48),275,394,279,411,paragraph
where,150,403,195,417,paragraph
D,201,403,216,417,paragraph
and,227,403,256,417,paragraph
T,262,403,273,417,paragraph
are,286,403,310,417,paragraph
deﬁned,316,403,371,417,paragraph
exactly,377,403,433,417,paragraph
the,439,403,464,417,paragraph
same,470,403,509,417,paragraph
as,515,403,531,417,paragraph
D,537,403,552,417,paragraph
and,558,403,587,417,paragraph
T,593,403,604,417,paragraph
except,612,403,662,417,paragraph
in,669,403,683,417,paragraph
terms,690,403,733,417,paragraph
of,739,403,754,417,paragraph
the,760,403,785,417,paragraph
vertices,791,403,850,417,paragraph
(cid:48),186,411,190,429,paragraph
of,150,420,164,434,paragraph
H,170,420,185,434,paragraph
.,191,420,196,434,paragraph
∈,391,427,403,451,paragraph
That,177,438,216,451,paragraph
"is,",223,438,240,451,paragraph
for,248,438,269,451,paragraph
each,276,438,311,451,paragraph
vertex,318,438,366,451,paragraph
x,373,438,384,451,paragraph
"R,",410,438,429,451,paragraph
we,436,438,457,451,paragraph
will,464,438,492,451,paragraph
add,499,438,528,451,paragraph
all,535,438,554,451,paragraph
possible,561,438,622,451,paragraph
edges,630,438,671,451,paragraph
to,679,438,695,451,paragraph
complete,702,438,771,451,paragraph
T,779,438,789,451,paragraph
.,798,438,803,451,paragraph
This,815,438,849,451,paragraph
x,789,443,797,453,paragraph
moves,150,455,197,468,paragraph
x,202,455,212,468,paragraph
from,217,455,254,468,paragraph
R,259,455,273,468,paragraph
to,278,455,294,468,paragraph
D.,299,455,319,468,paragraph
The,327,455,358,468,paragraph
edges,363,455,405,468,paragraph
removed,410,455,475,468,paragraph
will,480,455,508,468,paragraph
be,513,455,532,468,paragraph
all,537,455,556,468,paragraph
those,561,455,602,468,paragraph
that,607,455,640,468,paragraph
pointed,645,455,704,468,paragraph
from,709,455,745,468,paragraph
x,751,455,761,468,paragraph
to,766,455,782,468,paragraph
a,787,455,796,468,paragraph
vertex,801,455,850,468,paragraph
that,150,472,182,486,paragraph
points,187,472,235,486,paragraph
to,240,472,256,486,paragraph
x.,261,472,276,486,paragraph
This,284,472,318,486,paragraph
will,324,472,351,486,paragraph
destroy,356,472,413,486,paragraph
triples,418,472,467,486,paragraph
with,472,472,506,486,paragraph
more,512,472,550,486,paragraph
than,555,472,591,486,paragraph
one,596,472,623,486,paragraph
edge,628,472,662,486,paragraph
as,668,472,684,486,paragraph
we,689,472,709,486,paragraph
go.,714,472,737,486,paragraph
The,744,472,775,486,paragraph
following,780,472,849,486,paragraph
observation,150,489,238,503,paragraph
will,244,489,272,503,paragraph
ensure,278,489,328,503,paragraph
that,333,489,366,503,paragraph
this,372,489,401,503,paragraph
procedure,407,489,484,503,paragraph
only,490,489,523,503,paragraph
ever,529,489,560,503,paragraph
moves,566,489,614,503,paragraph
vertices,620,489,678,503,paragraph
from,684,489,720,503,paragraph
R,726,489,740,503,paragraph
to,746,489,762,503,paragraph
"D,",768,489,788,503,paragraph
from,794,489,830,503,paragraph
R,836,489,849,503,paragraph
to,150,506,165,520,paragraph
T,172,506,182,520,paragraph
",",184,506,189,520,paragraph
from,196,506,232,520,paragraph
R,238,506,252,520,paragraph
to,258,506,274,520,paragraph
"R,",280,506,298,520,paragraph
and,305,506,333,520,paragraph
from,340,506,376,520,paragraph
T,382,506,392,520,paragraph
to,401,506,417,520,paragraph
T,423,506,433,520,paragraph
.,436,506,441,520,paragraph
Since,450,506,490,520,paragraph
each,496,506,530,520,paragraph
step,537,506,568,520,paragraph
moves,575,506,622,520,paragraph
one,628,506,655,520,paragraph
vertex,661,506,709,520,paragraph
from,715,506,751,520,paragraph
R,757,506,771,520,paragraph
to,777,506,793,520,paragraph
D,799,506,814,520,paragraph
and,821,506,850,520,paragraph
ends,150,523,184,537,paragraph
when,190,523,231,537,paragraph
R,237,523,250,537,paragraph
is,256,523,268,537,paragraph
"empty,",274,523,326,537,paragraph
then,332,523,367,537,paragraph
the,373,523,398,537,paragraph
procedure,404,523,480,537,paragraph
is,486,523,498,537,paragraph
ﬁnite.,504,523,549,537,paragraph
Here,557,523,593,537,paragraph
is,599,523,611,537,paragraph
the,617,523,642,537,paragraph
observation:,647,523,741,537,paragraph
∈,576,530,588,554,paragraph
Lemma,150,540,215,554,paragraph
4.3.,224,540,255,554,paragraph
Let,264,540,289,554,paragraph
H,296,540,311,554,paragraph
be,320,540,335,554,paragraph
an,343,540,362,554,paragraph
E-free,369,540,417,554,paragraph
"graph,",425,540,472,554,paragraph
and,480,540,508,554,paragraph
let,516,540,534,554,paragraph
"x,",542,540,557,554,paragraph
y,560,540,569,554,paragraph
V,595,540,605,554,paragraph
(H).,609,540,645,554,paragraph
If,656,540,669,554,paragraph
d,676,540,685,554,paragraph
"(y),",694,540,722,554,paragraph
d,725,540,734,554,paragraph
(x),743,540,767,554,paragraph
>,773,540,787,554,paragraph
"0,",794,540,809,554,paragraph
then,816,540,849,554,paragraph
x,685,545,693,555,paragraph
y,734,545,741,555,paragraph
≥,771,547,785,571,paragraph
d,150,557,159,571,paragraph
(y),167,557,191,571,paragraph
=,199,557,213,571,paragraph
d,221,557,230,571,paragraph
(x),238,557,262,571,paragraph
=,270,557,284,571,paragraph
1.,292,557,307,571,paragraph
In,320,557,337,571,paragraph
other,345,557,385,571,paragraph
"words,",393,557,443,571,paragraph
for,451,557,473,571,paragraph
any,481,557,509,571,paragraph
two,517,557,544,571,paragraph
"vertices,",552,557,616,571,paragraph
x,625,557,635,571,paragraph
and,643,557,671,571,paragraph
"y,",679,557,694,571,paragraph
if,703,557,714,571,paragraph
d,722,557,731,571,paragraph
(x),739,557,763,571,paragraph
"2,",793,557,808,571,paragraph
then,816,557,849,571,paragraph
x,159,562,167,572,paragraph
y,230,562,237,572,paragraph
y,731,562,738,572,paragraph
d,150,574,159,588,paragraph
(y),167,574,191,588,paragraph
=,196,574,209,588,paragraph
0.,214,574,229,588,paragraph
x,159,579,167,590,paragraph
≥,638,591,652,615,paragraph
Proof.,150,602,196,615,paragraph
Suppose,205,602,269,615,paragraph
not.,276,602,307,615,paragraph
Let,319,602,345,615,paragraph
d,352,602,361,615,paragraph
"(y),",370,602,398,615,paragraph
d,401,602,410,615,paragraph
(x),418,602,442,615,paragraph
>,449,602,463,615,paragraph
0,470,602,479,615,paragraph
and,486,602,515,615,paragraph
suppose,522,602,583,615,paragraph
d,590,602,599,615,paragraph
(y),608,602,631,615,paragraph
2.,659,602,673,615,paragraph
Then,684,602,725,615,paragraph
there,732,602,771,615,paragraph
exist,778,602,815,615,paragraph
two,822,602,850,615,paragraph
x,361,607,369,617,paragraph
y,410,607,417,617,paragraph
x,599,607,607,617,paragraph
distinct,150,619,208,632,paragraph
"vertices,",214,619,278,632,paragraph
a,283,619,293,632,paragraph
and,299,619,328,632,paragraph
b,333,619,341,632,paragraph
such,347,619,381,632,paragraph
that,387,619,420,632,paragraph
→,428,638,446,662,paragraph
→,491,638,509,662,paragraph
∈,529,638,541,662,paragraph
ay,404,648,422,662,paragraph
"x,",451,648,466,662,paragraph
by,469,648,485,662,paragraph
x,514,648,524,662,paragraph
E(H).,546,648,595,662,paragraph
→,464,667,482,691,paragraph
∈,501,667,513,691,paragraph
There,150,678,195,691,paragraph
also,200,678,230,691,paragraph
exists,235,678,278,691,paragraph
a,284,678,292,691,paragraph
vertex,298,678,346,691,paragraph
c,351,678,359,691,paragraph
such,364,678,398,691,paragraph
that,403,678,436,691,paragraph
xc,441,678,459,691,paragraph
y,486,678,495,691,paragraph
E(H).,518,678,567,691,paragraph
Since,575,678,615,691,paragraph
c,620,678,628,691,paragraph
must,633,678,671,691,paragraph
be,676,678,695,691,paragraph
distinct,700,678,758,691,paragraph
from,764,678,800,691,paragraph
either,805,678,850,691,paragraph
a,150,695,159,708,paragraph
or,165,695,181,708,paragraph
b,187,695,194,708,paragraph
if,200,695,211,708,paragraph
not,217,695,242,708,paragraph
"both,",248,695,289,708,paragraph
then,295,695,330,708,paragraph
this,336,695,365,708,paragraph
yields,371,695,415,708,paragraph
an,421,695,440,708,paragraph
Escher,446,695,497,708,paragraph
graph.,503,695,552,708,paragraph
"Now,",177,723,217,737,paragraph
let,223,723,243,737,paragraph
us,249,723,266,737,paragraph
make,272,723,313,737,paragraph
the,319,723,344,737,paragraph
procedure,350,723,427,737,paragraph
slightly,433,723,490,737,paragraph
more,496,723,535,737,paragraph
formal:,541,723,596,737,paragraph
While,604,723,650,737,paragraph
there,657,723,696,737,paragraph
exist,703,723,739,737,paragraph
vertices,745,723,804,737,paragraph
in,810,723,825,737,paragraph
"R,",831,723,850,737,paragraph
∈,241,730,253,754,paragraph
∈,453,730,465,754,paragraph
→,659,730,676,754,paragraph
pick,150,740,181,754,paragraph
"one,",187,740,219,754,paragraph
x,225,740,236,754,paragraph
"R,",258,740,277,754,paragraph
and,283,740,312,754,paragraph
for,318,740,340,754,paragraph
each,346,740,380,754,paragraph
pair,386,740,417,754,paragraph
"a,",423,740,437,754,paragraph
b,440,740,448,754,paragraph
V,471,740,481,754,paragraph
(T,485,740,502,754,paragraph
"),",511,740,523,754,paragraph
add,529,740,558,754,paragraph
the,564,740,589,754,paragraph
edge,595,740,630,754,paragraph
ab,636,740,653,754,paragraph
x,682,740,692,754,paragraph
to,698,740,714,754,paragraph
E(H),720,740,765,754,paragraph
if,771,740,781,754,paragraph
it,787,740,799,754,paragraph
is,806,740,818,754,paragraph
not,824,740,849,754,paragraph
∈,420,747,431,771,paragraph
x,502,745,510,755,paragraph
→,817,747,835,771,paragraph
already,150,757,206,771,paragraph
an,213,757,231,771,paragraph
edge.,238,757,277,771,paragraph
"Then,",286,757,331,771,paragraph
for,337,757,359,771,paragraph
each,365,757,399,771,paragraph
a,405,757,414,771,paragraph
V,437,757,447,771,paragraph
(T,451,757,468,771,paragraph
"),",477,757,489,771,paragraph
remove,495,757,550,771,paragraph
all,556,757,575,771,paragraph
edges,581,757,623,771,paragraph
of,629,757,643,771,paragraph
E(H),649,757,694,771,paragraph
of,700,757,714,771,paragraph
the,720,757,745,771,paragraph
form,751,757,787,771,paragraph
xs,793,757,812,771,paragraph
a,840,757,850,771,paragraph
x,468,762,476,772,paragraph
for,150,774,171,788,paragraph
any,177,774,205,788,paragraph
third,210,774,249,788,paragraph
vertex,255,774,303,788,paragraph
s.,309,774,322,788,paragraph
Since,177,791,218,805,paragraph
there,223,791,263,805,paragraph
were,268,791,303,805,paragraph
at,308,791,324,805,paragraph
least,329,791,365,805,paragraph
three,370,791,410,805,paragraph
edges,415,791,457,805,paragraph
in,462,791,477,805,paragraph
T,482,791,492,805,paragraph
",",501,791,506,805,paragraph
then,511,791,546,805,paragraph
the,551,791,576,805,paragraph
added,581,791,628,805,paragraph
edges,633,791,675,805,paragraph
will,680,791,708,805,paragraph
move,713,791,753,805,paragraph
x,758,791,768,805,paragraph
from,773,791,810,805,paragraph
R,815,791,828,805,paragraph
to,834,791,849,805,paragraph
x,492,796,500,806,paragraph
D.,150,808,170,822,paragraph
The,178,808,209,822,paragraph
removed,215,808,280,822,paragraph
"edges,",286,808,333,822,paragraph
if,339,808,349,822,paragraph
"any,",355,808,387,822,paragraph
will,393,808,420,822,paragraph
only,427,808,460,822,paragraph
aﬀect,466,808,508,822,paragraph
vertices,514,808,573,822,paragraph
in,579,808,594,822,paragraph
R,600,808,613,822,paragraph
or,619,808,635,822,paragraph
in,641,808,656,822,paragraph
T,662,808,673,822,paragraph
since,681,808,719,822,paragraph
if,725,808,736,822,paragraph
xs,742,808,760,822,paragraph
is,766,808,778,822,paragraph
removed,785,808,850,822,paragraph
16,491,846,508,860,paragraph
##LTLine##,837,696,837,706,paragraph
##LTLine##,837,697,848,697,paragraph
##LTLine##,837,706,848,706,paragraph
##LTLine##,848,696,848,706,paragraph
