token,x0,y0,x1,y1,label
18,902,35,918,48,paragraph
[16],88,69,111,80,reference
G.,118,69,134,80,reference
D.,139,69,154,80,reference
Westfall,159,69,213,80,reference
[STAR,218,69,262,80,reference
"Collaboration],",267,69,366,80,reference
Acta,371,69,402,80,reference
Phys.,407,69,443,80,reference
Hung.,448,69,488,80,reference
A,493,69,504,80,reference
"21,",509,69,531,80,reference
249,536,69,558,80,reference
(2004).,563,69,609,80,reference
[17],88,82,111,93,reference
J.,118,82,130,93,reference
Adams,135,82,180,93,reference
et,185,82,197,93,reference
al.,203,82,219,93,reference
[STAR,224,82,268,93,reference
"Collaboration],",273,82,372,93,reference
Phys.,377,82,413,93,reference
Rev.,418,82,448,93,reference
Lett.,453,82,485,93,reference
"90,",490,82,511,93,reference
172301,516,82,562,93,reference
(2003).,567,82,613,93,reference
[18],88,95,111,106,reference
M.,118,95,136,106,reference
Weber,141,95,183,106,reference
[ALICE,188,95,239,106,reference
"Collaboration],",244,95,343,106,reference
PoS,348,95,374,106,reference
EPS,379,95,407,106,reference
"-HEP2013,",412,95,494,106,reference
200,499,95,521,106,reference
(2013).,526,95,572,106,reference
[19],88,108,111,120,reference
B.,118,108,133,120,reference
Abelev,138,108,183,120,reference
et,188,108,200,120,reference
al.,205,108,222,120,reference
[ALICE,227,108,278,120,reference
"Collaboration],",283,108,381,120,reference
Phys.,386,108,423,120,reference
Lett.,428,108,460,120,reference
B,465,108,475,120,reference
"723,",480,108,511,120,reference
267,516,108,538,120,reference
(2013).,543,108,589,120,reference
[20],88,122,111,133,reference
M.,118,122,136,133,reference
Weber,141,122,183,133,reference
[ALICE,188,122,239,133,reference
"Collaboration],",244,122,343,133,reference
Nucl.,348,122,383,133,reference
Phys.,388,122,424,133,reference
A,429,122,440,133,reference
"904-905,",445,122,507,133,reference
467c,512,122,541,133,reference
(2013).,546,122,592,133,reference
5,597,122,605,133,reference
[arXiv:1210.5851,610,122,720,133,reference
[nucl-ex]].,725,122,788,133,reference
[21],88,135,111,146,reference
Routine,118,135,170,146,reference
describing,178,135,245,146,reference
approximation,253,135,349,146,reference
of,358,135,370,146,reference
STAR,378,135,419,146,reference
eﬃciency,427,135,487,146,reference
provided,496,135,553,146,reference
by,562,135,578,146,reference
G.,586,135,602,146,reference
Westfall.,611,135,668,146,reference
Available,677,135,738,146,reference
by,747,135,763,146,reference
emailing,771,135,827,146,reference
Scott,835,135,870,146,reference
"Pratt,",878,135,918,146,reference
prattsc@msu.edu.,118,148,234,159,reference
[22],88,161,111,172,reference
B.,118,161,133,172,reference
I.,138,161,147,172,reference
Abelev,152,161,198,172,reference
et,203,161,215,172,reference
al.,220,161,236,172,reference
[STAR,241,161,286,172,reference
"Collaboration],",291,161,389,172,reference
Phys.,394,161,430,172,reference
Rev.,435,161,465,172,reference
C,470,161,481,172,reference
"79,",486,161,508,172,reference
034909,513,161,558,172,reference
(2009).,563,161,609,172,reference
[23],88,174,111,186,reference
S.,118,174,130,186,reference
S.,135,174,148,186,reference
Adler,153,174,189,186,reference
et,194,174,206,186,reference
al.,212,174,228,186,reference
[,233,174,237,186,reference
PHENIX,242,174,302,186,reference
Collaboration,307,174,397,186,reference
"],",402,174,410,186,reference
Phys.,415,174,451,186,reference
Rev.,456,174,486,186,reference
"C69,",491,174,525,186,reference
034909,530,174,576,186,reference
(2004).,581,174,627,186,reference
[24],88,188,111,199,reference
Y.,118,188,133,199,reference
Pan,138,188,164,199,reference
and,169,188,193,199,reference
S.,198,188,211,199,reference
"Pratt,",216,188,255,199,reference
Phys.,260,188,297,199,reference
Rev.,302,188,332,199,reference
C.,337,188,352,199,reference
"89,",357,188,378,199,reference
044911,383,188,428,199,reference
(2014).,433,188,479,199,reference
[25],88,201,111,212,reference
J.,118,201,130,212,reference
"Steinheimer,",135,201,217,212,reference
J.,222,201,234,212,reference
Aichelin,239,201,292,212,reference
and,297,201,321,212,reference
M.,326,201,344,212,reference
"Bleicher,",349,201,407,212,reference
Phys.,412,201,448,212,reference
Rev.,453,201,483,212,reference
Lett.,488,201,520,212,reference
"110,",525,201,555,212,reference
042501,560,201,605,212,reference
(2013).,610,201,656,212,reference
[26],88,214,111,225,reference
S.,118,214,130,225,reference
"Borsanyi,",135,214,197,225,reference
Z.,202,214,215,225,reference
"Fodor,",220,214,263,225,reference
S.,268,214,281,225,reference
D.,286,214,301,225,reference
"Katz,",306,214,342,225,reference
S.,347,214,360,225,reference
"Krieg,",365,214,405,225,reference
C.,410,214,425,225,reference
Ratti,430,214,465,225,reference
and,470,214,494,225,reference
K.,499,214,515,225,reference
K.,520,214,536,225,reference
"Szabo,",541,214,584,225,reference
Phys.,589,214,625,225,reference
Rev.,630,214,660,225,reference
Lett.,665,214,697,225,reference
"113,",702,214,732,225,reference
052301,737,214,782,225,reference
(2014).,787,214,833,225,reference
[27],88,227,111,239,reference
M.,118,227,136,239,reference
"Bluhm,",141,227,190,239,reference
P.,196,227,209,239,reference
"Alba,",214,227,250,239,reference
W.,256,227,275,239,reference
"Alberico,",281,227,341,239,reference
R.,346,227,362,239,reference
"Bellwied,",367,227,427,239,reference
V.,433,227,449,239,reference
Mantovani,454,227,524,239,reference
"Sarti,",530,227,566,239,reference
M.,571,227,589,239,reference
Nahrgang,595,227,659,239,reference
and,665,227,689,239,reference
C.,695,227,710,239,reference
"Ratti,",715,227,754,239,reference
Nucl.,760,227,795,239,reference
Phys.,800,227,837,239,reference
A,842,227,854,239,reference
"931,",859,227,890,239,reference
814,895,227,918,239,reference
(2014).,118,240,164,252,reference
[28],88,254,111,265,reference
H.,118,254,133,265,reference
"Wang,",138,254,180,265,reference
Ph.D.,185,254,223,265,reference
"thesis,",228,254,270,265,reference
arXiv:nucl-ex/1304.2073,275,254,435,265,reference
(2012).,440,254,486,265,reference
[29],88,267,111,278,reference
G.,118,267,134,278,reference
"Westfall,",160,267,217,278,reference
Workshop,248,267,314,278,reference
on,340,267,356,278,reference
Particle,382,267,433,278,reference
Correlations,459,267,539,278,reference
and,565,267,589,278,reference
"Femtoscopy,",615,267,695,278,reference
"Acireale,",726,267,784,278,reference
Italy,815,267,846,278,reference
"(2013),",872,267,918,278,reference
https://indico.cern.ch/event/248321.,118,280,360,291,reference
[30],88,293,111,305,reference
S.,118,293,130,305,reference
"Pratt,",135,293,175,305,reference
E.,180,293,194,305,reference
"Sangaline,",199,293,266,305,reference
P.,271,293,284,305,reference
Sorensen,289,293,347,305,reference
and,352,293,377,305,reference
H.,382,293,397,305,reference
"Wang,",402,293,444,305,reference
Phys.,449,293,485,305,reference
Rev.,490,293,520,305,reference
Lett.,525,293,557,305,reference
"114,",562,293,592,305,reference
202301,597,293,643,305,reference
(2015).,648,293,694,305,reference
[31],88,306,111,318,reference
J.,118,306,130,318,reference
"Novak,",135,306,180,318,reference
K.,185,306,201,318,reference
"Novak,",206,306,251,318,reference
S.,256,306,268,318,reference
"Pratt,",273,306,313,318,reference
J.,318,306,330,318,reference
"Vredevoogd,",335,306,416,318,reference
C.,421,306,436,318,reference
E.,441,306,455,318,reference
Coleman-Smith,460,306,562,318,reference
and,567,306,592,318,reference
R.,597,306,612,318,reference
L.,617,306,631,318,reference
"Wolpert,",636,306,693,318,reference
Phys.,698,306,734,318,reference
Rev.,739,306,769,318,reference
C,774,306,785,318,reference
"89,",790,306,812,318,reference
034917,817,306,862,318,reference
(2014).,867,306,913,318,reference
[32],88,320,111,331,reference
F.,118,320,132,331,reference
A.,137,320,152,331,reference
"Gomez,",157,320,207,331,reference
C.,212,320,227,331,reference
E.,232,320,246,331,reference
"Coleman-Smith,",251,320,357,331,reference
B.,362,320,377,331,reference
W.,382,320,402,331,reference
"O’Shea,",407,320,458,331,reference
J.,463,320,475,331,reference
Tumlinson,480,320,549,331,reference
and,554,320,578,331,reference
R.,583,320,599,331,reference
.L.,604,320,621,331,reference
"Wolpert,",626,320,684,331,reference
Astrophys.,689,320,760,331,reference
J.,765,320,777,331,reference
"760,",782,320,812,331,reference
112,817,320,839,331,reference
(2012).,844,320,891,331,reference
[33],88,333,111,344,reference
S.,118,333,130,344,reference
"Pratt,",135,333,175,344,reference
C.,180,333,195,344,reference
Ratti,200,333,234,344,reference
and,239,333,264,344,reference
W.,269,333,288,344,reference
P.,293,333,307,344,reference
"McCormack,",312,333,395,344,reference
arXiv:1409.2164,400,333,505,344,reference
[nucl-th],510,333,565,344,reference
(2014).,570,333,616,344,reference
[34],88,346,111,357,reference
E.,118,346,132,357,reference
Sangaline,138,346,200,357,reference
and,206,346,230,357,reference
S.,236,346,249,357,reference
"Pratt,",254,346,294,357,reference
“Towards,300,346,362,357,reference
a,368,346,375,357,reference
Deeper,381,346,427,357,reference
Understanding,433,346,529,357,reference
of,535,346,547,357,reference
How,553,346,582,357,reference
Experiments,588,346,670,357,reference
Constrain,676,346,741,357,reference
the,746,346,767,357,reference
Underlying,773,346,846,357,reference
Physics,851,346,900,357,reference
of,906,346,918,357,reference
Heavy-Ion,118,359,185,371,reference
"Collisions”,",190,359,265,371,reference
submitted,270,359,336,371,reference
to,341,359,354,371,reference
arXiv:[nucl-th],359,359,455,371,reference
(2015).,460,359,506,371,reference
[35],88,372,111,384,reference
P.,118,372,131,384,reference
"Bozek,",136,372,180,384,reference
Phys.,185,372,221,384,reference
Lett.,226,372,258,384,reference
"B609,",263,372,305,384,reference
247-251,310,372,361,384,reference
(2005).,366,372,412,384,reference
[36],88,386,111,397,reference
S.,118,386,130,397,reference
Schlichting,135,386,207,397,reference
and,212,386,236,397,reference
S.,241,386,254,397,reference
"Pratt,",259,386,298,397,reference
Phys.,303,386,339,397,reference
Rev.,344,386,374,397,reference
C,379,386,390,397,reference
"83,",395,386,417,397,reference
014913,422,386,467,397,reference
(2011).,472,386,518,397,reference
