token,x0,y0,x1,y1,label
9,936,33,944,45,paragraph
reproduced.,90,64,176,76,paragraph
One,184,64,213,76,paragraph
should,218,64,266,76,paragraph
notice,271,64,314,76,paragraph
anyway,319,64,374,76,paragraph
that,378,64,409,76,paragraph
the,414,64,437,76,paragraph
true,442,64,472,76,paragraph
EMC,477,64,516,76,paragraph
ratio,520,64,555,76,paragraph
is,560,64,571,76,paragraph
deﬁned,576,64,628,76,paragraph
dividing,633,64,692,76,paragraph
the,697,64,720,76,paragraph
nucleus,725,64,779,76,paragraph
F,783,64,794,76,paragraph
structure,807,64,873,76,paragraph
functions,878,64,944,76,paragraph
2,794,68,801,77,paragraph
by,90,77,108,89,paragraph
the,114,77,137,89,paragraph
same,142,77,179,89,paragraph
quantity,184,77,246,89,paragraph
for,251,77,272,89,paragraph
the,277,77,300,89,paragraph
"deuteron,",306,77,375,89,paragraph
while,381,77,419,89,paragraph
the,424,77,448,89,paragraph
quantity,453,77,515,89,paragraph
shown,520,77,565,89,paragraph
here,571,77,602,89,paragraph
is,608,77,619,89,paragraph
obtained,624,77,688,89,paragraph
in,693,77,707,89,paragraph
terms,713,77,754,89,paragraph
of,760,77,773,89,paragraph
parton,779,77,827,89,paragraph
distributions,833,77,925,89,paragraph
of,931,77,944,89,paragraph
a,90,91,99,103,paragraph
given,104,91,142,103,paragraph
ﬂavor.,148,91,193,103,paragraph
This,201,91,233,103,paragraph
behavior,239,91,302,103,paragraph
is,307,91,318,103,paragraph
therefore,324,91,389,103,paragraph
related,394,91,445,103,paragraph
to,450,91,465,103,paragraph
the,471,91,494,103,paragraph
EMC,500,91,538,103,paragraph
eﬀect,544,91,583,103,paragraph
but,588,91,613,103,paragraph
it,619,91,630,103,paragraph
represents,636,91,709,103,paragraph
a,714,91,723,103,paragraph
diﬀerent,728,91,789,103,paragraph
quantity.,794,91,859,103,paragraph
The,107,105,136,116,paragraph
results,141,105,189,116,paragraph
of,195,105,208,116,paragraph
checks,214,105,260,116,paragraph
1),265,105,280,116,paragraph
and,286,105,313,116,paragraph
2),318,105,333,116,paragraph
are,339,105,361,116,paragraph
therefore,367,105,432,116,paragraph
rather,437,105,482,116,paragraph
encouraging.,488,105,580,116,paragraph
Size,107,118,136,130,paragraph
and,140,118,167,130,paragraph
relevance,171,118,237,130,paragraph
of,241,118,255,130,paragraph
nuclear,259,118,311,130,paragraph
eﬀects,315,118,361,130,paragraph
can,365,118,390,130,paragraph
be,394,118,411,130,paragraph
inferred,415,118,471,130,paragraph
from,475,118,509,130,paragraph
the,513,118,537,130,paragraph
behaviour,541,118,613,130,paragraph
of,617,118,630,130,paragraph
the,634,118,658,130,paragraph
light-cone,662,118,733,130,paragraph
momentum,737,118,819,130,paragraph
distribution,823,118,909,130,paragraph
Eqs.,913,118,944,130,paragraph
(11),90,132,120,144,paragraph
and,126,132,153,144,paragraph
(15).,158,132,193,144,paragraph
If,200,132,211,144,paragraph
nuclear,217,132,269,144,paragraph
eﬀects,275,132,320,144,paragraph
were,326,132,359,144,paragraph
"negligible,",364,132,438,144,paragraph
these,443,132,481,144,paragraph
functions,486,132,553,144,paragraph
would,559,132,602,144,paragraph
be,607,132,625,144,paragraph
delta,630,132,666,144,paragraph
functions.,672,132,743,144,paragraph
The,751,132,780,144,paragraph
light-cone,785,132,856,144,paragraph
momentum,862,132,944,144,paragraph
"distribution,",90,145,181,157,paragraph
in,188,145,202,157,paragraph
the,209,145,232,157,paragraph
forward,239,145,295,157,paragraph
"limit,",302,145,341,157,paragraph
is,349,145,360,157,paragraph
shown,367,145,412,157,paragraph
in,420,145,433,157,paragraph
Fig.,441,145,469,157,paragraph
6.,481,145,494,157,paragraph
One,506,145,536,157,paragraph
can,543,145,568,157,paragraph
see,575,145,597,157,paragraph
in,604,145,618,157,paragraph
passing,625,145,678,157,paragraph
that,685,145,716,157,paragraph
the,723,145,746,157,paragraph
present,753,145,806,157,paragraph
approach,813,145,879,157,paragraph
predicts,886,145,944,157,paragraph
a,90,159,99,171,paragraph
vanishing,106,159,175,171,paragraph
DVCS,182,159,228,171,paragraph
cross,235,159,271,171,paragraph
section,278,159,329,171,paragraph
already,336,159,390,171,paragraph
for,397,159,417,171,paragraph
ξ,425,159,432,171,paragraph
as,440,159,455,171,paragraph
small,463,159,501,171,paragraph
as,508,159,523,171,paragraph
"0.15,",531,159,565,171,paragraph
representing,573,159,662,171,paragraph
the,669,159,693,171,paragraph
width,700,159,742,171,paragraph
of,750,159,763,171,paragraph
the,770,159,794,171,paragraph
shown,801,159,846,171,paragraph
distribution.,854,159,944,171,paragraph
"Indeed,",90,173,144,185,paragraph
ξ,149,173,156,185,paragraph
is,163,173,174,185,paragraph
the,179,173,202,185,paragraph
fraction,208,173,264,185,paragraph
of,269,173,283,185,paragraph
plus,288,173,318,185,paragraph
momentum,323,173,406,185,paragraph
transfer,411,173,467,185,paragraph
and,473,173,500,185,paragraph
cannot,505,173,554,185,paragraph
exceed,560,173,608,185,paragraph
the,613,173,636,185,paragraph
width,641,173,683,185,paragraph
of,689,173,702,185,paragraph
"f(z),",707,173,744,185,paragraph
if,749,173,759,185,paragraph
we,764,173,783,185,paragraph
want,788,173,824,185,paragraph
the,829,173,852,185,paragraph
target,858,173,901,185,paragraph
to,907,173,922,185,paragraph
be,927,173,944,185,paragraph
intact,90,186,133,198,paragraph
after,138,186,172,198,paragraph
the,177,186,200,198,paragraph
interaction.,205,186,289,198,paragraph
"If,",296,186,312,198,paragraph
in,317,186,331,198,paragraph
future,336,186,380,198,paragraph
"measurements,",386,186,493,198,paragraph
coherent,499,186,560,198,paragraph
DVCS,566,186,611,198,paragraph
were,617,186,650,198,paragraph
observed,655,186,718,198,paragraph
at,723,186,738,198,paragraph
larger,743,186,785,198,paragraph
value,791,186,828,198,paragraph
of,833,186,847,198,paragraph
"ξ,",852,186,865,198,paragraph
the,870,186,893,198,paragraph
role,899,186,926,198,paragraph
of,931,186,944,198,paragraph
non-nucleonic,90,200,190,212,paragraph
degrees,196,200,249,212,paragraph
of,255,200,268,212,paragraph
freedom,274,200,332,212,paragraph
would,337,200,381,212,paragraph
be,386,200,403,212,paragraph
"exposed,",409,200,471,212,paragraph
as,477,200,492,212,paragraph
suggested,498,200,568,212,paragraph
in,573,200,587,212,paragraph
the,593,200,616,212,paragraph
seminal,622,200,676,212,paragraph
paper,682,200,724,212,paragraph
[2].,729,200,751,212,paragraph
"Now,",107,214,144,225,paragraph
the,150,214,173,225,paragraph
comparison,179,214,262,225,paragraph
of,267,214,281,225,paragraph
our,286,214,310,225,paragraph
results,316,214,364,225,paragraph
with,369,214,402,225,paragraph
the,407,214,431,225,paragraph
data,436,214,469,225,paragraph
of,474,214,488,225,paragraph
the,493,214,517,225,paragraph
EG6,522,214,555,225,paragraph
experiment,561,214,642,225,paragraph
is,648,214,659,225,paragraph
eventually,665,214,739,225,paragraph
performed.,745,214,824,225,paragraph
In,107,227,122,239,paragraph
the,128,227,151,239,paragraph
EG6,156,227,189,239,paragraph
experiment,194,227,276,239,paragraph
the,281,227,304,239,paragraph
crucial,310,227,358,239,paragraph
measured,363,227,432,239,paragraph
observable,438,227,514,239,paragraph
is,519,227,530,239,paragraph
the,536,227,559,239,paragraph
single-spin,564,227,641,239,paragraph
asymmetry,646,227,727,239,paragraph
A,732,227,745,239,paragraph
",",765,227,770,239,paragraph
which,775,227,818,239,paragraph
can,823,227,848,239,paragraph
be,853,227,870,239,paragraph
extracted,876,227,944,239,paragraph
±,510,233,521,248,paragraph
LU,745,232,763,240,paragraph
from,90,241,124,253,paragraph
the,130,241,153,253,paragraph
reaction,159,241,217,253,paragraph
yields,223,241,264,253,paragraph
for,270,241,290,253,paragraph
the,296,241,319,253,paragraph
two,324,241,350,253,paragraph
electron,356,241,414,253,paragraph
helicities,419,241,483,253,paragraph
(N,488,241,508,253,paragraph
):,521,241,533,253,paragraph
−,549,268,562,289,equation
−,581,269,592,284,equation
1,500,277,508,289,equation
N+,519,275,545,289,equation
N,566,277,579,289,equation
ALU,435,285,466,298,equation
=,473,285,486,297,equation
P,493,293,503,305,equation
N+,519,292,545,305,equation
+,549,293,562,305,equation
N−,566,286,592,305,equation
",",594,285,599,297,equation
(21),914,285,944,297,equation
B,503,298,514,306,equation
where,107,324,150,336,paragraph
P,154,324,165,336,paragraph
is,181,324,193,336,paragraph
the,197,324,221,336,paragraph
degree,225,324,272,336,paragraph
of,276,324,290,336,paragraph
longitudinal,294,324,382,336,paragraph
polarization,387,324,474,336,paragraph
of,478,324,492,336,paragraph
the,496,324,520,336,paragraph
incident,524,324,582,336,paragraph
electron,587,324,645,336,paragraph
beam.,649,324,694,336,paragraph
The,701,324,730,336,paragraph
DVCS,734,324,780,336,paragraph
amplitude,785,324,858,336,paragraph
depends,863,324,922,336,paragraph
on,927,324,944,336,paragraph
B,165,329,175,337,paragraph
the,90,338,114,349,paragraph
GPDs.,118,338,166,349,paragraph
In,173,338,189,349,paragraph
EG6,193,338,226,349,paragraph
"kinematics,",230,338,312,349,paragraph
the,317,338,340,349,paragraph
cross,344,338,380,349,paragraph
section,384,338,434,349,paragraph
of,439,338,452,349,paragraph
real,456,338,483,349,paragraph
photon,487,338,539,349,paragraph
electroproduction,543,338,671,349,paragraph
is,675,338,686,349,paragraph
dominated,690,338,768,349,paragraph
by,772,338,789,349,paragraph
the,794,338,817,349,paragraph
BH,821,338,846,349,paragraph
"contribution,",850,338,944,349,paragraph
while,90,351,128,363,paragraph
the,134,351,157,363,paragraph
DVCS,162,351,208,363,paragraph
contribution,213,351,303,363,paragraph
is,308,351,319,363,paragraph
very,325,351,356,363,paragraph
small.,361,351,404,363,paragraph
"However,",411,351,478,363,paragraph
the,483,351,506,363,paragraph
DVCS,512,351,557,363,paragraph
contribution,563,351,652,363,paragraph
is,658,351,669,363,paragraph
enhanced,674,351,742,363,paragraph
in,747,351,761,363,paragraph
the,766,351,790,363,paragraph
observables,795,351,877,363,paragraph
sensitive,883,351,944,363,paragraph
to,90,365,105,377,paragraph
the,112,365,135,377,paragraph
interference,142,365,227,377,paragraph
"term,",234,365,273,377,paragraph
e.g.,280,365,305,377,paragraph
A,316,365,329,377,paragraph
.,349,365,354,377,paragraph
The,365,365,394,377,paragraph
three,401,365,438,377,paragraph
terms,445,365,486,377,paragraph
entering,493,365,552,377,paragraph
the,559,365,582,377,paragraph
cross,589,365,624,377,paragraph
section,631,365,681,377,paragraph
"calculation,",688,365,772,377,paragraph
the,779,365,802,377,paragraph
squares,809,365,863,377,paragraph
of,869,365,883,377,paragraph
the,890,365,913,377,paragraph
BH,920,365,944,377,paragraph
LU,329,370,347,378,paragraph
(cid:48),829,371,833,385,paragraph
∗,893,371,900,385,paragraph
(cid:48),933,371,937,385,paragraph
and,90,379,117,390,paragraph
DVCS,122,379,168,390,paragraph
amplitudes,173,379,253,390,paragraph
and,258,379,285,390,paragraph
their,290,379,325,390,paragraph
interference,329,379,414,390,paragraph
"term,",419,379,458,390,paragraph
depend,463,379,516,390,paragraph
on,521,379,539,390,paragraph
the,544,379,567,390,paragraph
azimuthal,572,379,644,390,paragraph
angle,649,379,687,390,paragraph
φ,692,379,702,390,paragraph
between,707,379,766,390,paragraph
the,771,379,794,390,paragraph
"(e,",799,379,818,390,paragraph
e,821,379,829,390,paragraph
),834,379,840,390,paragraph
and,845,379,872,390,paragraph
(γ,877,379,892,390,paragraph
",4He",901,377,933,390,paragraph
),938,379,944,390,paragraph
"planes,",90,392,141,404,paragraph
as,146,392,161,404,paragraph
shown,167,392,212,404,paragraph
for,218,392,238,404,paragraph
the,243,392,267,404,paragraph
nucleon,272,392,328,404,paragraph
in,333,392,347,404,paragraph
Ref.,353,392,382,404,paragraph
[51],388,392,414,404,paragraph
and,420,392,447,404,paragraph
for,452,392,472,404,paragraph
the,478,392,501,404,paragraph
spin-zero,507,392,572,404,paragraph
targets,578,392,628,404,paragraph
in,634,392,648,404,paragraph
Refs.,653,392,689,404,paragraph
"[18,",695,392,721,404,paragraph
29].,727,392,753,404,paragraph
Based,760,392,804,404,paragraph
on,810,392,827,404,paragraph
this,833,392,860,404,paragraph
"work,",866,392,906,404,paragraph
A,911,392,924,404,paragraph
LU,924,397,942,405,paragraph
for,90,406,110,418,paragraph
a,116,406,124,418,paragraph
spin-zero,130,406,195,418,paragraph
hadron,201,406,252,418,paragraph
can,257,406,283,418,paragraph
be,288,406,305,418,paragraph
expressed,311,406,380,418,paragraph
at,386,406,401,418,paragraph
leading-twist,407,406,500,418,paragraph
as,506,406,521,418,paragraph
(cid:0),581,421,589,465,equation
(cid:1),747,421,755,465,equation
(cid:61),544,433,556,453,equation
H,577,433,591,453,equation
α,500,441,510,453,equation
(φ),518,441,541,453,equation
m(,556,441,577,453,equation
),602,441,608,453,equation
A,273,449,285,461,equation
(φ),306,449,329,461,equation
=,333,449,346,461,equation
(cid:60),459,449,471,470,equation
H,485,449,499,470,equation
0,510,446,517,454,equation
(cid:60)A,589,446,601,470,equation
H,615,449,629,470,equation
(cid:61),675,449,687,470,equation
H,708,449,722,470,equation
.,757,449,762,461,equation
(22),914,449,944,461,equation
LU,285,454,304,462,equation
α,353,458,364,470,equation
(φ),371,458,394,470,equation
+,398,458,411,470,equation
α,415,458,426,470,equation
(φ),433,458,456,470,equation
e(,471,458,485,470,equation
),510,458,517,470,equation
+,521,458,534,470,equation
α,537,458,548,470,equation
(φ),555,458,578,470,equation
e(,601,458,615,470,equation
)2,640,458,654,470,equation
+,658,458,671,470,equation
m(,687,458,708,470,equation
)2,733,458,746,470,equation
1,364,463,371,471,equation
2,426,463,432,471,equation
A,499,463,509,471,equation
3,548,463,555,471,equation
A,629,463,640,471,equation
A,722,463,732,471,equation
Explicit,107,488,164,500,paragraph
forms,171,488,212,500,paragraph
for,218,488,238,500,paragraph
the,245,488,268,500,paragraph
kinematic,274,488,345,500,paragraph
factors,352,488,401,500,paragraph
α,407,488,418,500,paragraph
are,430,488,453,500,paragraph
derived,459,488,512,500,paragraph
from,519,488,553,500,paragraph
expressions,559,488,641,500,paragraph
in,647,488,661,500,paragraph
Ref.,668,488,697,500,paragraph
[29],704,488,730,500,paragraph
and,736,488,763,500,paragraph
are,770,488,792,500,paragraph
functions,799,488,865,500,paragraph
of,872,488,885,500,paragraph
Fourier,892,488,944,500,paragraph
i,418,493,423,501,paragraph
harmonics,90,502,165,514,paragraph
in,170,502,184,514,paragraph
the,189,502,212,514,paragraph
azimuthal,218,502,290,514,paragraph
angle,295,502,333,514,paragraph
"φ,",338,502,353,514,paragraph
the,358,502,381,514,paragraph
nuclear,387,502,439,514,paragraph
form,444,502,478,514,paragraph
factor,484,502,526,514,paragraph
F,531,502,542,514,paragraph
(t),553,502,572,514,paragraph
and,577,502,604,514,paragraph
kinematical,609,502,694,514,paragraph
factors.,699,502,752,514,paragraph
Using,760,502,801,514,paragraph
the,806,502,830,514,paragraph
diﬀerent,835,502,895,514,paragraph
sin(φ),901,502,944,514,paragraph
A,542,507,552,515,paragraph
and,90,516,117,527,paragraph
cos(φ),123,516,169,527,paragraph
"contributions,",175,516,276,527,paragraph
in,282,516,296,527,paragraph
the,302,516,326,527,paragraph
experimental,332,516,426,527,paragraph
"analysis,",432,516,494,527,paragraph
both,500,516,534,527,paragraph
the,541,516,564,527,paragraph
imaginary,570,516,643,527,paragraph
and,649,516,676,527,paragraph
real,682,516,709,527,paragraph
parts,715,516,753,527,paragraph
of,759,516,772,527,paragraph
the,778,516,802,527,paragraph
so-called,808,516,870,527,paragraph
Compton,876,516,944,527,paragraph
H,186,521,200,541,paragraph
H,919,521,933,541,paragraph
Form,90,529,129,541,paragraph
Factor,134,529,181,541,paragraph
have,216,529,249,541,paragraph
been,254,529,288,541,paragraph
extracted,293,529,361,541,paragraph
by,366,529,384,541,paragraph
ﬁtting,389,529,434,541,paragraph
the,439,529,462,541,paragraph
A,467,529,480,541,paragraph
(φ),500,529,523,541,paragraph
distribution.,528,529,618,541,paragraph
In,626,529,641,541,paragraph
"turn,",646,529,682,541,paragraph
the,688,529,711,541,paragraph
imaginary,716,529,789,541,paragraph
and,794,529,821,541,paragraph
real,826,529,853,541,paragraph
parts,858,529,896,541,paragraph
of,901,529,914,541,paragraph
A,200,534,210,542,paragraph
LU,480,534,498,542,paragraph
A,933,534,943,542,paragraph
are,90,543,113,555,paragraph
deﬁned,118,543,170,555,paragraph
as,176,543,191,555,paragraph
follows,196,543,246,555,paragraph
[52]:,251,543,282,555,paragraph
(cid:90),419,565,428,609,equation
(cid:61),305,573,317,594,equation
H,338,573,352,594,equation
−,482,573,495,594,equation
−,530,573,543,594,equation
m(,317,582,338,594,equation
),363,582,370,594,equation
=,380,582,393,594,equation
H,403,582,417,594,equation
"(ξ,",428,582,447,594,equation
"ξ,",450,582,463,594,equation
t),465,582,478,594,equation
H,498,582,512,594,equation
(,523,582,530,594,equation
"ξ,",543,582,555,594,equation
"ξ,",558,582,571,594,equation
"t),",574,582,591,594,equation
(23),914,582,944,594,paragraph
A,352,587,362,595,equation
A,417,587,427,595,equation
A,512,587,522,595,equation
(cid:60),312,600,324,620,equation
H,338,600,352,620,equation
P,403,600,415,620,equation
1,435,598,442,606,equation
−,549,600,562,620,equation
−,597,600,610,620,equation
e(,324,608,338,620,equation
),363,608,370,620,equation
=,380,608,393,620,equation
dx[H,446,608,483,620,equation
"(x,",494,608,514,620,equation
"ξ,",517,608,530,620,equation
t),533,608,545,620,equation
H,566,608,580,620,equation
(,590,608,597,620,equation
"x,",610,608,624,620,equation
"ξ,",627,608,640,620,equation
t)],642,608,660,620,equation
"C+(x,",662,606,708,620,equation
"ξ),",710,608,730,620,equation
(24),914,608,944,620,paragraph
A,352,613,362,621,equation
A,483,613,493,621,equation
A,580,613,590,621,equation
0,428,622,435,630,equation
P,428,639,440,659,paragraph
in,107,647,121,659,paragraph
terms,129,647,170,659,paragraph
of,179,647,192,659,paragraph
the,201,647,224,659,paragraph
nuclear,232,647,285,659,paragraph
GPD,293,647,330,659,paragraph
H,339,647,353,659,paragraph
",",364,647,368,659,paragraph
where,377,647,420,659,paragraph
is,450,647,461,659,paragraph
the,469,647,493,659,paragraph
Cauchy,501,647,555,659,paragraph
principal,564,647,628,659,paragraph
value,636,647,674,659,paragraph
"integral,",682,647,742,659,paragraph
and,751,647,778,659,paragraph
a,787,647,795,659,paragraph
coeﬃcient,803,647,876,659,paragraph
function,884,647,944,659,paragraph
A,353,652,363,660,paragraph
C+,90,659,114,673,paragraph
=,119,661,132,673,paragraph
−1,146,659,157,676,paragraph
+,169,661,182,673,paragraph
1,197,659,203,667,paragraph
has,220,661,244,673,paragraph
been,250,661,284,673,paragraph
introduced.,289,661,372,673,paragraph
x,139,668,146,676,paragraph
ξ,157,668,163,676,paragraph
x+ξ,188,668,212,676,paragraph
Using,107,677,148,689,paragraph
our,154,677,178,689,paragraph
result,183,677,224,689,paragraph
for,230,677,250,689,paragraph
the,255,677,278,689,paragraph
GPD,284,677,321,689,paragraph
of,326,677,340,689,paragraph
"4He,",345,676,377,689,paragraph
Eq.,383,677,408,689,paragraph
"(10),",415,677,449,689,paragraph
we,455,677,474,689,paragraph
could,479,677,518,689,paragraph
evaluate,523,677,583,689,paragraph
Eqs.,589,677,620,689,paragraph
"(22),",628,677,662,689,paragraph
(23),667,677,697,689,paragraph
and,702,677,729,689,paragraph
(24).,735,677,769,689,paragraph
Results,777,677,830,689,paragraph
are,835,677,858,689,paragraph
reported,863,677,925,689,paragraph
in,930,677,944,689,paragraph
Figs.,90,691,125,703,paragraph
"7,",133,691,146,703,paragraph
8,152,691,160,703,paragraph
and,165,691,192,703,paragraph
"9,",198,691,211,703,paragraph
"respectively,",217,691,306,703,paragraph
compared,311,691,382,703,paragraph
with,388,691,420,703,paragraph
the,426,691,449,703,paragraph
EG6,454,691,487,703,paragraph
data.,493,691,530,703,paragraph
In,107,705,122,717,paragraph
Fig.,129,705,157,717,paragraph
"7,",164,705,177,717,paragraph
A,184,705,196,717,paragraph
is,223,705,234,717,paragraph
shown,241,705,286,717,paragraph
at,292,705,307,717,paragraph
φ,314,705,324,717,paragraph
=,330,705,343,717,paragraph
90o,349,703,372,717,paragraph
as,380,705,395,717,paragraph
a,401,705,409,717,paragraph
function,416,705,476,717,paragraph
of,482,705,496,717,paragraph
the,502,705,525,717,paragraph
kinematical,532,705,616,717,paragraph
variables,623,705,686,717,paragraph
"Q2,",693,703,718,717,paragraph
x,725,705,734,717,paragraph
=,752,705,765,717,paragraph
"Q2/(2Mν),",771,703,854,717,paragraph
and,860,705,887,717,paragraph
t.,894,705,905,717,paragraph
Due,915,705,944,717,paragraph
LU,196,709,214,718,paragraph
B,734,709,745,718,paragraph
to,90,718,105,730,paragraph
limited,113,718,164,730,paragraph
"statistics,",171,718,241,730,paragraph
in,249,718,263,730,paragraph
the,270,718,293,730,paragraph
experimental,301,718,395,730,paragraph
analysis,403,718,460,730,paragraph
these,468,718,505,730,paragraph
latter,513,718,553,730,paragraph
variables,561,718,624,730,paragraph
have,632,718,665,730,paragraph
been,673,718,707,730,paragraph
studied,714,718,767,730,paragraph
separately,775,718,849,730,paragraph
with,856,718,889,730,paragraph
a,897,718,905,730,paragraph
two-,913,718,944,730,paragraph
dimensional,90,732,177,744,paragraph
data,183,732,216,744,paragraph
binning.,222,732,281,744,paragraph
The,291,732,320,744,paragraph
same,326,732,362,744,paragraph
procedure,368,732,441,744,paragraph
has,447,732,471,744,paragraph
been,477,732,511,744,paragraph
used,518,732,550,744,paragraph
in,556,732,570,744,paragraph
our,577,732,601,744,paragraph
theoretical,607,732,684,744,paragraph
estimate.,691,732,757,744,paragraph
For,766,732,790,744,paragraph
"example,",797,732,861,744,paragraph
each,868,732,900,744,paragraph
point,906,732,944,744,paragraph
at,90,746,105,757,paragraph
a,111,746,120,757,paragraph
given,126,746,164,757,paragraph
x,170,746,179,757,paragraph
has,197,746,221,757,paragraph
been,227,746,261,757,paragraph
obtained,267,746,330,757,paragraph
using,336,746,375,757,paragraph
for,381,746,401,757,paragraph
t,407,746,413,757,paragraph
and,419,746,446,757,paragraph
Q2,452,744,472,757,paragraph
the,479,746,502,757,paragraph
corresponding,508,746,610,757,paragraph
average,616,746,670,757,paragraph
experimental,677,746,771,757,paragraph
values.,777,746,826,757,paragraph
"Overall,",835,746,892,757,paragraph
a,899,746,907,757,paragraph
very,913,746,944,757,paragraph
B,179,750,189,759,paragraph
good,90,759,126,771,paragraph
agreement,131,759,206,771,paragraph
is,212,759,223,771,paragraph
found.,229,759,275,771,paragraph
(cid:61),273,764,285,785,paragraph
H,306,764,320,785,paragraph
(cid:60),532,764,544,785,paragraph
H,558,764,572,785,paragraph
The,107,773,136,785,paragraph
same,141,773,177,785,paragraph
happens,182,773,242,785,paragraph
for,247,773,268,785,paragraph
m(,285,773,306,785,paragraph
),331,773,337,785,paragraph
shown,342,773,388,785,paragraph
in,393,773,407,785,paragraph
Fig.,412,773,440,785,paragraph
"8,",445,773,458,785,paragraph
while,464,773,502,785,paragraph
for,507,773,527,785,paragraph
e(,544,773,558,785,paragraph
),583,773,590,785,paragraph
the,595,773,618,785,paragraph
agreement,623,773,698,785,paragraph
is,703,773,714,785,paragraph
somehow,720,773,785,785,paragraph
less,790,773,816,785,paragraph
"satisfactory,",821,773,908,785,paragraph
as,913,773,928,785,paragraph
it,933,773,944,785,paragraph
A,320,777,330,786,paragraph
A,572,777,583,786,paragraph
is,90,786,102,798,paragraph
seen,107,786,138,798,paragraph
in,144,786,158,798,paragraph
Fig.,163,786,192,798,paragraph
9.,198,786,211,798,paragraph
In,218,786,234,798,paragraph
"particular,",239,786,316,798,paragraph
one,321,786,347,798,paragraph
point,352,786,390,798,paragraph
in,396,786,410,798,paragraph
the,416,786,439,798,paragraph
t,445,786,451,798,paragraph
dependence,456,786,541,798,paragraph
is,546,786,557,798,paragraph
not,563,786,587,798,paragraph
reproduced.,593,786,679,798,paragraph
One,687,786,717,798,paragraph
should,722,786,770,798,paragraph
not,775,786,800,798,paragraph
forget,805,786,848,798,paragraph
anyway,853,786,908,798,paragraph
that,914,786,944,798,paragraph
(cid:60),403,791,415,812,paragraph
H,429,791,443,812,paragraph
the,90,800,114,812,paragraph
present,119,800,171,812,paragraph
data,177,800,209,812,paragraph
do,215,800,232,812,paragraph
not,237,800,262,812,paragraph
constraint,267,800,340,812,paragraph
enough,345,800,397,812,paragraph
e(,415,800,429,812,paragraph
"),",454,800,465,812,paragraph
a,471,800,479,812,paragraph
quantity,484,800,546,812,paragraph
appearing,551,800,623,812,paragraph
multiplied,628,800,702,812,paragraph
by,708,800,725,812,paragraph
small,730,800,769,812,paragraph
coeﬃcients,774,800,853,812,paragraph
in,858,800,872,812,paragraph
Eq.,878,800,902,812,paragraph
(22).,910,800,944,812,paragraph
A,443,805,453,813,paragraph
The,107,814,136,826,paragraph
Cauchy,143,814,197,826,paragraph
principal,205,814,269,826,paragraph
value,276,814,314,826,paragraph
integral,321,814,376,826,paragraph
in,384,814,398,826,paragraph
Eq.,405,814,430,826,paragraph
(24),442,814,472,826,paragraph
has,479,814,503,826,paragraph
been,511,814,545,826,paragraph
evaluated,552,814,621,826,paragraph
numerically,628,814,713,826,paragraph
using,720,814,758,826,paragraph
both,766,814,800,826,paragraph
the,807,814,830,826,paragraph
standard,837,814,902,826,paragraph
Cern,909,814,944,826,paragraph
library,90,827,139,839,paragraph
routines,146,827,205,839,paragraph
and,212,827,239,839,paragraph
the,246,827,269,839,paragraph
procedure,276,827,348,839,paragraph
described,355,827,424,839,paragraph
in,431,827,445,839,paragraph
Ref.,452,827,481,839,paragraph
"[53],",493,827,524,839,paragraph
obtaining,531,827,600,839,paragraph
a,607,827,615,839,paragraph
negligible,622,827,691,839,paragraph
diﬀerence,698,827,768,839,paragraph
with,775,827,807,839,paragraph
the,814,827,838,839,paragraph
two,845,827,871,839,paragraph
methods.,878,827,944,839,paragraph
(cid:60),504,832,516,853,paragraph
H,531,832,545,853,paragraph
From,90,841,129,853,paragraph
the,134,841,157,853,paragraph
theoretical,162,841,239,853,paragraph
side,244,841,272,853,paragraph
we,277,841,296,853,paragraph
note,300,841,332,853,paragraph
also,337,841,365,853,paragraph
that,370,841,400,853,paragraph
the,405,841,429,853,paragraph
result,433,841,474,853,paragraph
for,479,841,499,853,paragraph
e(,516,841,531,853,paragraph
),556,841,562,853,paragraph
is,567,841,578,853,paragraph
strongly,583,841,642,853,paragraph
dependent,647,841,722,853,paragraph
on,727,841,745,853,paragraph
the,750,841,773,853,paragraph
model,778,841,822,853,paragraph
used,827,841,860,853,paragraph
to,864,841,879,853,paragraph
evaluate,884,841,944,853,paragraph
A,545,846,555,854,paragraph
##LTLine##,493,292,515,292,equation
##LTLine##,519,292,592,292,equation
##LTLine##,353,456,755,456,equation
##LTLine##,139,668,163,668,paragraph
##LTLine##,188,668,212,668,paragraph
