token,x0,y0,x1,y1,label
A,216,62,233,76,title
new,241,62,280,76,title
prescription,287,62,405,76,title
towards,413,62,490,76,title
thermodynamic,497,62,652,76,title
phase,660,62,715,76,title
transition,723,62,818,76,title
∗,315,85,322,99,author
†,517,85,524,99,author
‡,711,85,717,99,author
§,883,85,889,99,author
Seyed,144,92,186,104,author
Hossein,192,92,248,104,author
"Hendi1,2",254,91,315,104,author
",",323,92,328,104,author
Shahram,334,92,399,104,author
"Panahiyan1,3,4",405,91,510,104,author
",",524,92,529,104,author
Behzad,535,92,589,104,author
Eslam,595,92,640,104,author
"Panah1,5",646,91,710,104,author
and,724,92,751,104,author
Mubasher,757,92,829,104,author
Jamil6,835,91,882,104,author
1,156,114,162,121,author
Physics,169,116,220,126,author
Department,226,116,305,126,author
and,311,116,336,126,author
Biruni,342,116,386,126,author
"Observatory,",392,116,477,126,author
College,484,116,532,126,author
of,538,116,551,126,author
"Sciences,",557,116,618,126,author
Shiraz,624,116,665,126,author
"University,",672,116,746,126,author
Shiraz,752,116,793,126,author
"71454,",800,116,844,126,author
Iran,850,116,878,126,author
2,128,126,135,134,author
Research,141,128,200,139,author
Institute,206,128,263,139,author
for,269,128,288,139,author
Astronomy,294,128,367,139,author
and,373,128,397,139,author
Astrophysics,403,128,488,139,author
of,494,128,506,139,author
Maragha,512,128,570,139,author
"(RIAAM),",576,128,648,139,author
P.,654,128,669,139,author
O.,675,128,691,139,author
Box,697,128,723,139,author
"55134-441,",729,128,803,139,author
"Maragha,",809,128,872,139,author
Iran,878,128,906,139,author
3,289,139,295,146,author
Helmholtz-Institut,303,141,425,151,author
"Jena,",432,141,469,151,author
Fro¨belstieg,476,141,547,151,author
"3,",554,141,567,151,author
Jena,575,141,607,151,author
"D-07743,",614,141,675,151,author
Germany,683,141,746,151,author
4,269,151,275,158,author
Physics,283,153,334,164,author
"Department,",341,153,425,164,author
Shahid,432,153,477,164,author
Beheshti,485,153,542,164,author
"University,",549,153,623,164,author
Tehran,631,153,678,164,author
"19839,",685,153,729,164,author
Iran,737,153,765,164,author
5,297,164,303,171,author
"ICRANet,",311,165,379,176,author
Piazza,387,165,431,176,author
della,438,165,470,176,author
Repubblica,477,165,548,176,author
"10,",556,165,576,176,author
I-65122,584,165,635,176,author
"Pescara,",643,165,699,176,author
Italy,707,165,738,176,author
6,111,176,117,183,author
School,124,178,167,189,author
of,172,178,185,189,author
Natural,191,178,241,189,author
Sciences,247,178,303,189,author
"(SNS),",309,178,355,189,author
National,361,178,419,189,author
University,424,178,494,189,author
of,499,178,512,189,author
Sciences,518,178,574,189,author
and,580,178,604,189,author
"Technology,",610,178,688,189,author
"H-12,",694,178,732,189,author
"Islamabad,",737,178,809,189,author
"44000,",815,178,859,189,author
Pakistan,865,178,923,189,author
One,198,209,225,220,abstract
of,231,209,244,220,abstract
the,250,209,271,220,abstract
serious,277,209,323,220,abstract
open,329,209,361,220,abstract
problems,367,209,428,220,abstract
of,434,209,447,220,abstract
theoretical,453,209,524,220,abstract
physics,530,209,578,220,abstract
is,584,209,595,220,abstract
to,601,209,614,220,abstract
ﬁnd,620,209,646,220,abstract
a,652,209,660,220,abstract
consistent,666,209,733,220,abstract
quantum,739,209,799,220,abstract
gravity,805,209,852,220,abstract
theory.,182,221,229,232,abstract
Recent,238,221,284,232,abstract
developments,290,221,381,232,abstract
in,387,221,400,232,abstract
thermodynamic,406,221,512,232,abstract
phase,518,221,556,232,abstract
transition,562,221,627,232,abstract
of,633,221,646,232,abstract
black,651,221,687,232,abstract
holes,693,221,726,232,abstract
and,732,221,757,232,abstract
their,763,221,795,232,abstract
van,801,221,825,232,abstract
der,831,221,852,232,abstract
Waals,182,234,223,244,abstract
like,227,234,250,244,abstract
behavior,254,234,312,244,abstract
may,316,234,345,244,abstract
provide,349,234,399,244,abstract
an,403,234,419,244,abstract
interesting,423,234,494,244,abstract
quantum,498,234,558,244,abstract
interpretation,562,234,656,244,abstract
of,660,234,672,244,abstract
classical,676,234,731,244,abstract
gravity.,735,234,785,244,abstract
Studying,791,234,852,244,abstract
diﬀerent,182,246,238,257,abstract
methods,243,246,301,257,abstract
for,305,246,324,257,abstract
investigating,329,246,415,257,abstract
phase,419,246,457,257,abstract
transition,462,246,528,257,abstract
can,533,246,556,257,abstract
deepen,561,246,608,257,abstract
our,613,246,635,257,abstract
insight,640,246,685,257,abstract
into,690,246,716,257,abstract
the,721,246,743,257,abstract
nature,748,246,792,257,abstract
of,796,246,809,257,abstract
quan-,814,246,852,257,abstract
tum,182,259,210,269,abstract
gravity.,214,259,265,269,abstract
In,271,259,286,269,abstract
this,290,259,315,269,abstract
"paper,",319,259,362,269,abstract
we,367,259,384,269,abstract
present,389,259,437,269,abstract
a,442,259,450,269,abstract
new,454,259,481,269,abstract
theoretical,485,259,557,269,abstract
prescription,561,259,641,269,abstract
for,646,259,664,269,abstract
ﬁnding,669,259,715,269,abstract
out,719,259,742,269,abstract
thermodynamic,746,259,852,269,abstract
phase,182,271,220,282,abstract
transition,227,271,293,282,abstract
in,299,271,312,282,abstract
the,319,271,340,282,abstract
extended,347,271,408,282,abstract
phase,414,271,452,282,abstract
space.,459,271,500,282,abstract
Unlike,511,271,555,282,abstract
standard,561,271,621,282,abstract
method,627,271,679,282,abstract
of,685,271,698,282,abstract
the,705,271,726,282,abstract
usual,733,271,768,282,abstract
equation,775,271,833,282,abstract
of,840,271,852,282,abstract
state,182,284,215,294,abstract
which,221,284,260,294,abstract
is,266,284,277,294,abstract
according,283,284,347,294,abstract
to,353,284,367,294,abstract
"temperature,",373,284,460,294,abstract
our,466,284,489,294,abstract
new,495,284,521,294,abstract
prescription,527,284,608,294,abstract
is,614,284,624,294,abstract
based,630,284,668,294,abstract
on,674,284,690,294,abstract
a,696,284,704,294,abstract
new,710,284,736,294,abstract
typical,742,284,788,294,abstract
equation,794,284,852,294,abstract
of,182,296,195,307,abstract
state,201,296,234,307,abstract
which,239,296,279,307,abstract
is,285,296,295,307,abstract
originating,301,296,374,307,abstract
from,380,296,411,307,abstract
the,417,296,439,307,abstract
slope,445,296,479,307,abstract
of,485,296,497,307,abstract
temperature,503,296,586,307,abstract
versus,592,296,634,307,abstract
entropy.,640,296,694,307,abstract
This,703,296,733,307,abstract
new,739,296,766,307,abstract
prescription,772,296,852,307,abstract
addresses,182,308,245,319,abstract
some,250,308,284,319,abstract
of,289,308,302,319,abstract
the,307,308,328,319,abstract
shortcomings,333,308,422,319,abstract
of,427,308,440,319,abstract
other,445,308,480,319,abstract
usual,485,308,520,319,abstract
methods,525,308,583,319,abstract
and,588,308,613,319,abstract
provides,618,308,674,319,abstract
a,679,308,686,319,abstract
simple,691,308,735,319,abstract
powerful,740,308,797,319,abstract
way,802,308,829,319,abstract
for,834,308,852,319,abstract
studying,182,321,241,332,abstract
critical,245,321,291,332,abstract
behavior,295,321,353,332,abstract
of,358,321,370,332,abstract
a,374,321,382,332,abstract
thermodynamical,386,321,504,332,abstract
system,508,321,554,332,abstract
in,559,321,572,332,abstract
more,576,321,609,332,abstract
details.,613,321,662,332,abstract
Among,668,321,717,332,abstract
the,721,321,743,332,abstract
achievements,747,321,835,332,abstract
of,840,321,852,332,abstract
the,182,333,204,344,abstract
new,210,333,236,344,abstract
"prescription,",242,333,326,344,abstract
we,332,333,350,344,abstract
emphasize,355,333,424,344,abstract
to,430,333,444,344,abstract
addressing,449,333,520,344,abstract
the,526,333,547,344,abstract
problem,553,333,608,344,abstract
of,614,333,626,344,abstract
ensemble,632,333,693,344,abstract
"dependency,",698,333,781,344,abstract
analytical,786,333,852,344,abstract
demonstration,182,346,280,356,abstract
of,286,346,299,356,abstract
possible,305,346,358,356,abstract
phase,365,346,403,356,abstract
transition,409,346,475,356,abstract
points,481,346,523,356,abstract
and,529,346,554,356,abstract
denoting,561,346,619,356,abstract
the,626,346,647,356,abstract
nonphysical,654,346,733,356,abstract
range,740,346,777,356,abstract
of,783,346,796,356,abstract
horizon,802,346,852,356,abstract
radius,182,358,224,369,abstract
for,229,358,247,369,abstract
the,253,358,274,369,abstract
black,279,358,315,369,abstract
holes.,320,358,358,369,abstract
(cid:0),807,386,815,430,paragraph
(cid:1),837,386,844,430,paragraph
(cid:16),870,382,880,426,paragraph
(cid:17),913,382,923,426,paragraph
I.,208,393,220,404,section
INTRODUCTION,238,393,384,404,section
ing,532,392,555,404,paragraph
an,562,392,579,404,paragraph
equation,586,392,649,404,paragraph
of,656,392,670,404,paragraph
state.,676,392,717,404,paragraph
Other,728,392,771,404,paragraph
calculations,778,392,864,404,paragraph
and,871,392,898,404,paragraph
inter-,905,392,944,404,paragraph
pretations,532,406,606,418,paragraph
are,611,406,634,418,paragraph
based,639,406,680,418,paragraph
on,685,406,703,418,paragraph
the,708,406,731,418,paragraph
mentioned,736,406,812,418,paragraph
equation,817,406,880,418,paragraph
of,885,406,899,418,paragraph
state.,904,406,944,418,paragraph
But,532,423,560,435,paragraph
in,567,423,581,435,paragraph
our,587,423,611,435,paragraph
new,618,423,647,435,paragraph
"prescription,",654,423,745,435,paragraph
we,752,423,771,435,paragraph
use,777,423,801,435,paragraph
∂T,817,421,833,429,paragraph
=,851,423,864,435,paragraph
∂2M,882,419,909,429,paragraph
to,929,423,944,435,paragraph
Phase,107,429,150,441,paragraph
transition,161,429,232,441,paragraph
is,244,429,255,441,paragraph
one,266,429,291,441,paragraph
of,303,429,316,441,paragraph
the,327,429,351,441,paragraph
interesting,362,429,439,441,paragraph
empiri-,450,429,502,441,paragraph
∂S,818,430,834,438,paragraph
∂S2,885,429,907,438,paragraph
cal/theoretical,90,442,196,454,paragraph
challenging,205,442,286,454,paragraph
topics,294,442,337,454,paragraph
in,345,442,359,454,paragraph
various,368,442,419,454,paragraph
aspects,428,442,480,454,paragraph
of,489,442,502,454,paragraph
obtain,532,440,579,452,paragraph
a,584,440,592,452,paragraph
new,597,440,626,452,paragraph
relation,631,440,687,452,paragraph
for,692,440,712,452,paragraph
the,717,440,740,452,paragraph
pressure.,745,440,810,452,paragraph
This,817,440,850,452,paragraph
new,855,440,883,452,paragraph
relation,888,440,944,452,paragraph
sciences;,90,456,152,468,paragraph
from,158,456,192,468,paragraph
biological,198,456,267,468,paragraph
[1],273,456,291,468,paragraph
to,297,456,312,468,paragraph
physical,318,456,377,468,paragraph
systems,383,456,439,468,paragraph
[2].,445,456,468,468,paragraph
Re-,477,456,502,468,paragraph
is,532,454,544,466,paragraph
free,551,454,578,466,paragraph
of,585,454,599,466,paragraph
"temperature,",606,454,701,466,paragraph
and,709,454,736,466,paragraph
"therefore,",743,454,813,466,paragraph
it,821,454,832,466,paragraph
is,839,454,851,466,paragraph
not,858,454,882,466,paragraph
a,890,454,898,466,paragraph
usual,906,454,944,466,paragraph
garding,90,470,145,482,paragraph
the,152,470,176,482,paragraph
physical,183,470,242,482,paragraph
"systems,",249,470,310,482,paragraph
one,318,470,343,482,paragraph
may,350,470,381,482,paragraph
ﬁnd,388,470,416,482,paragraph
that,423,470,454,482,paragraph
phase,461,470,502,482,paragraph
equation,532,467,595,479,paragraph
of,602,467,616,479,paragraph
state.,623,467,663,479,paragraph
One,676,467,705,479,paragraph
can,713,467,738,479,paragraph
ﬁnd,745,467,773,479,paragraph
that,780,467,811,479,paragraph
this,818,467,845,479,paragraph
new,852,467,881,479,paragraph
relation,888,467,944,479,paragraph
transitions,90,483,168,495,paragraph
play,176,483,206,495,paragraph
important,214,483,288,495,paragraph
roles,296,483,329,495,paragraph
in,337,483,351,495,paragraph
elementary,359,483,439,495,paragraph
particle,447,483,502,495,paragraph
and,532,481,559,493,paragraph
other,567,481,605,493,paragraph
related,613,481,663,493,paragraph
calculations,671,481,757,493,paragraph
and,764,481,791,493,paragraph
phase,799,481,840,493,paragraph
diagrams,848,481,914,493,paragraph
are,922,481,944,493,paragraph
"[3],",90,497,113,509,paragraph
condensed,118,497,192,509,paragraph
matter,197,497,246,509,paragraph
"[4],",251,497,273,509,paragraph
usual,278,497,316,509,paragraph
thermodynamics,321,497,442,509,paragraph
"[5],",447,497,469,509,paragraph
cos-,474,497,502,509,paragraph
completely,532,495,611,506,paragraph
diﬀerent,616,495,676,506,paragraph
from,681,495,715,506,paragraph
those,720,495,759,506,paragraph
obtained,764,495,827,506,paragraph
in,832,495,846,506,paragraph
the,851,495,874,506,paragraph
usual,879,495,917,506,paragraph
ex-,922,495,944,506,paragraph
mology,90,511,143,522,paragraph
"[6],",148,511,170,522,paragraph
black,175,511,213,522,paragraph
holes,218,511,255,522,paragraph
[7],260,511,278,522,paragraph
and,283,511,310,522,paragraph
other,315,511,353,522,paragraph
branches,358,511,422,522,paragraph
of,427,511,440,522,paragraph
physics.,445,511,502,522,paragraph
tended,532,508,582,520,paragraph
phase,588,508,629,520,paragraph
space.,635,508,678,520,paragraph
Our,687,508,716,520,paragraph
new,722,508,751,520,paragraph
method,757,508,812,520,paragraph
provides,818,508,879,520,paragraph
the,885,508,908,520,paragraph
pos-,914,508,944,520,paragraph
In,90,524,106,536,paragraph
this,111,524,138,536,paragraph
"regard,",143,524,194,536,paragraph
we,199,524,218,536,paragraph
focus,224,524,261,536,paragraph
on,266,524,284,536,paragraph
thermodynamic,289,524,403,536,paragraph
phase,408,524,449,536,paragraph
transi-,455,524,502,536,paragraph
sibility,532,522,582,534,paragraph
of,589,522,602,534,paragraph
mapping,610,522,673,534,paragraph
all,680,522,698,534,paragraph
the,705,522,728,534,paragraph
phase,735,522,776,534,paragraph
transition,784,522,854,534,paragraph
points,862,522,906,534,paragraph
that,914,522,944,534,paragraph
tion,90,538,119,550,paragraph
of,125,538,138,550,paragraph
black,144,538,182,550,paragraph
holes,188,538,224,550,paragraph
and,230,538,257,550,paragraph
other,263,538,301,550,paragraph
matters,307,538,363,550,paragraph
leave,369,538,404,550,paragraph
aside.,410,538,451,550,paragraph
There,459,538,502,550,paragraph
system,532,535,582,547,paragraph
can,590,535,615,547,paragraph
acquire.,623,535,680,547,paragraph
In,694,535,710,547,paragraph
"addition,",718,535,783,547,paragraph
it,791,535,802,547,paragraph
can,810,535,835,547,paragraph
point,843,535,881,547,paragraph
out,889,535,913,547,paragraph
the,921,535,944,547,paragraph
are,90,551,113,563,paragraph
several,119,551,168,563,paragraph
approaches,174,551,255,563,paragraph
towards,261,551,318,563,paragraph
studying,324,551,387,563,paragraph
the,393,551,417,563,paragraph
critical,423,551,473,563,paragraph
be-,479,551,502,563,paragraph
nonphysical,532,549,618,561,paragraph
range,624,549,664,561,paragraph
of,670,549,684,561,paragraph
horizon,690,549,744,561,paragraph
radius,750,549,795,561,paragraph
in,801,549,815,561,paragraph
which,822,549,864,561,paragraph
black,870,549,908,561,paragraph
hole,914,549,944,561,paragraph
havior,90,565,136,577,paragraph
of,142,565,156,577,paragraph
black,163,565,201,577,paragraph
holes.,207,565,248,577,paragraph
One,259,565,288,577,paragraph
of,295,565,308,577,paragraph
these,315,565,352,577,paragraph
approaches,359,565,440,577,paragraph
is,446,565,457,577,paragraph
using,464,565,502,577,paragraph
solutions,532,563,597,574,paragraph
do,603,563,620,574,paragraph
not,626,563,651,574,paragraph
exist.,657,563,695,574,paragraph
"Furthermore,",704,563,800,574,paragraph
the,806,563,829,574,paragraph
ratio,835,563,870,574,paragraph
of,876,563,889,574,paragraph
the,895,563,919,574,paragraph
in-,925,563,944,574,paragraph
heat,90,579,122,591,paragraph
capacity,127,579,187,591,paragraph
in,192,579,206,591,paragraph
the,210,579,234,591,paragraph
canonical,238,579,306,591,paragraph
ensemble.,311,579,381,591,paragraph
The,389,579,417,591,paragraph
discontinu-,422,579,502,591,paragraph
crescent,532,576,591,588,paragraph
of,595,576,609,588,paragraph
nonphysical,614,576,699,588,paragraph
range,704,576,744,588,paragraph
of,749,576,763,588,paragraph
horizon,768,576,822,588,paragraph
radius,826,576,871,588,paragraph
for,876,576,896,588,paragraph
diﬀer-,901,576,944,588,paragraph
ities,90,592,120,604,paragraph
of,125,592,139,604,paragraph
heat,144,592,176,604,paragraph
capacity,181,592,242,604,paragraph
are,247,592,269,604,paragraph
places,275,592,319,604,paragraph
in,324,592,338,604,paragraph
which,343,592,386,604,paragraph
the,391,592,414,604,paragraph
phase,419,592,460,604,paragraph
tran-,466,592,502,604,paragraph
ent,532,590,555,602,paragraph
critical,561,590,611,602,paragraph
values,617,590,661,602,paragraph
could,666,590,705,602,paragraph
be,711,590,728,602,paragraph
obtained,734,590,797,602,paragraph
by,803,590,820,602,paragraph
this,826,590,853,602,paragraph
method.,859,590,919,602,paragraph
sitions,90,606,137,618,paragraph
take,142,606,173,618,paragraph
place.,178,606,220,618,paragraph
Another,227,606,288,618,paragraph
method,293,606,348,618,paragraph
is,353,606,365,618,paragraph
based,370,606,411,618,paragraph
on,416,606,434,618,paragraph
studying,439,606,502,618,paragraph
Here,549,613,583,625,paragraph
is,590,613,602,625,paragraph
a,609,613,617,625,paragraph
layout,624,613,669,625,paragraph
of,677,613,690,625,paragraph
the,697,613,721,625,paragraph
paper:,728,613,774,625,paragraph
In,785,613,800,625,paragraph
Sec.,807,613,836,625,paragraph
"II,",849,613,866,625,paragraph
we,873,613,893,625,paragraph
give,900,613,929,625,paragraph
a,936,613,944,625,paragraph
the,90,620,114,631,paragraph
van,119,620,145,631,paragraph
der,150,620,173,631,paragraph
Waals,179,620,223,631,paragraph
like,228,620,253,631,paragraph
behavior,259,620,322,631,paragraph
of,327,620,341,631,paragraph
black,346,620,385,631,paragraph
holes,390,620,426,631,paragraph
in,432,620,446,631,paragraph
the,451,620,475,631,paragraph
ex-,480,620,502,631,paragraph
brief,532,627,565,639,paragraph
review,571,627,618,639,paragraph
of,624,627,637,639,paragraph
the,643,627,666,639,paragraph
canonical,671,627,739,639,paragraph
ensemble,745,627,811,639,paragraph
approach,816,627,883,639,paragraph
and,888,627,915,639,paragraph
the,921,627,944,639,paragraph
tended,90,633,140,645,paragraph
phase,145,633,186,645,paragraph
space,192,633,232,645,paragraph
by,237,633,255,645,paragraph
considering,261,633,343,645,paragraph
a,349,633,357,645,paragraph
proportionality,363,633,473,645,paragraph
be-,479,633,502,645,paragraph
van,532,641,558,652,paragraph
der,564,641,588,652,paragraph
waals,594,641,634,652,paragraph
approach,640,641,706,652,paragraph
to,713,641,728,652,paragraph
black,734,641,772,652,paragraph
hole,779,641,808,652,paragraph
phase,815,641,856,652,paragraph
transitions.,862,641,944,652,paragraph
tween,90,647,132,659,paragraph
cosmological,139,647,230,659,paragraph
constant,237,647,299,659,paragraph
and,306,647,333,659,paragraph
a,340,647,349,659,paragraph
dynamical,356,647,431,659,paragraph
pressure.,438,647,502,659,paragraph
In,532,654,548,666,paragraph
Sec.,555,654,583,666,paragraph
"III,",595,654,619,666,paragraph
we,626,654,645,666,paragraph
introduce,652,654,721,666,paragraph
a,728,654,737,666,paragraph
new,744,654,772,666,paragraph
scheme,779,654,831,666,paragraph
for,838,654,858,666,paragraph
calculating,865,654,944,666,paragraph
This,90,660,123,672,paragraph
method,130,660,185,672,paragraph
is,192,660,204,672,paragraph
based,211,660,252,672,paragraph
on,259,660,277,672,paragraph
an,284,660,301,672,paragraph
equation,308,660,371,672,paragraph
of,378,660,392,672,paragraph
state,399,660,434,672,paragraph
which,441,660,484,672,paragraph
is,491,660,502,672,paragraph
the,532,668,556,680,paragraph
phase,563,668,604,680,paragraph
transition,611,668,682,680,paragraph
parameters.,690,668,775,680,paragraph
In,788,668,804,680,paragraph
Sec.,811,668,840,680,paragraph
"IV,",853,668,876,680,paragraph
we,884,668,903,680,paragraph
do,911,668,928,680,paragraph
a,936,668,944,680,paragraph
originated,90,674,164,686,paragraph
from,170,674,204,686,paragraph
the,211,674,234,686,paragraph
temperature,241,674,331,686,paragraph
(see,337,674,365,686,paragraph
earlier,372,674,418,686,paragraph
reviews,424,674,478,686,paragraph
on,484,674,502,686,paragraph
case,532,681,562,693,paragraph
study,569,681,610,693,paragraph
of,617,681,630,693,paragraph
a,637,681,645,693,paragraph
d-dimensional,652,681,754,693,paragraph
Reissner-Nordstr¨om,761,681,906,693,paragraph
AdS,913,681,944,693,paragraph
phase,90,688,131,699,paragraph
transition,137,688,208,699,paragraph
of,213,688,227,699,paragraph
black,232,688,270,699,paragraph
holes,276,688,312,699,paragraph
"[8,",318,688,336,699,paragraph
9]).,341,688,365,699,paragraph
black,532,695,570,707,paragraph
hole,575,695,605,707,paragraph
to,609,695,624,707,paragraph
elaborate,629,695,696,707,paragraph
the,701,695,724,707,paragraph
new,729,695,757,707,paragraph
method.,762,695,822,707,paragraph
"Lastly,",829,695,878,707,paragraph
we,882,695,902,707,paragraph
make,906,695,944,707,paragraph
In,107,707,122,719,paragraph
this,128,707,155,719,paragraph
"paper,",161,707,207,719,paragraph
we,213,707,232,719,paragraph
introduce,237,707,306,719,paragraph
a,312,707,320,719,paragraph
new,326,707,355,719,paragraph
prescription,361,707,447,719,paragraph
for,453,707,473,719,paragraph
ob-,479,707,502,719,paragraph
several,532,709,582,720,paragraph
remarks,587,709,646,720,paragraph
in,651,709,665,720,paragraph
the,671,709,694,720,paragraph
conclusion.,700,709,780,720,paragraph
taining,90,721,141,733,paragraph
the,147,721,170,733,paragraph
critical,176,721,226,733,paragraph
values,231,721,276,733,paragraph
of,281,721,294,733,paragraph
van,300,721,325,733,paragraph
der,331,721,354,733,paragraph
Waals,360,721,403,733,paragraph
like,409,721,434,733,paragraph
behavior,439,721,502,733,paragraph
(cid:0),377,725,385,769,paragraph
(cid:1),411,725,418,769,paragraph
by,90,735,108,746,paragraph
using,115,735,153,746,paragraph
the,160,735,183,746,paragraph
slope,190,735,227,746,paragraph
of,233,735,247,746,paragraph
T,254,735,263,746,paragraph
versus,273,735,317,746,paragraph
S,324,735,334,746,paragraph
and,342,735,369,746,paragraph
give,376,735,405,746,paragraph
two,412,735,438,746,paragraph
relevant,444,735,502,746,paragraph
II.,545,732,564,742,section
DESCRIPTION,582,732,709,742,section
OF,715,732,739,742,section
VARIOUS,745,732,827,742,section
METHODS,833,732,925,742,section
examples.,90,748,162,760,paragraph
In,170,748,185,760,paragraph
other,191,748,229,760,paragraph
"words,",235,748,282,760,paragraph
regarding,288,748,357,760,paragraph
the,363,748,387,760,paragraph
usual,392,748,431,760,paragraph
extended,437,748,502,760,paragraph
phase,90,762,131,774,paragraph
"space,",137,762,181,774,paragraph
one,187,762,212,774,paragraph
should,218,762,266,774,paragraph
calculate,271,762,336,774,paragraph
T,341,762,351,774,paragraph
=,359,762,372,774,paragraph
∂M,387,760,407,768,paragraph
for,424,762,444,774,paragraph
obtain-,450,762,502,774,paragraph
∂S,389,769,405,777,paragraph
A.,533,771,551,781,section
Usual,569,771,613,781,section
prescription:,619,771,717,781,section
Heat,725,771,763,781,section
capacity,769,771,833,781,section
and,839,771,867,781,section
extended,873,771,944,781,section
phase,693,783,736,794,section
space,742,783,784,794,section
∗,90,810,97,822,paragraph
email,98,817,131,826,footer
address:,135,817,185,826,footer
hendi@shirazu.ac.ir,192,817,312,826,footer
†,90,822,96,834,paragraph
In,549,822,564,834,paragraph
the,571,822,594,834,paragraph
canonical,601,822,669,834,paragraph
"ensemble,",675,822,745,834,paragraph
discontinuities,752,822,856,834,paragraph
of,863,822,876,834,paragraph
the,883,822,906,834,paragraph
heat,913,822,944,834,paragraph
email,97,828,130,838,footer
address:,135,828,185,838,footer
shahram.panahiyan@uni-jena.de,191,828,392,838,footer
‡,90,833,96,846,paragraph
capacity,532,836,593,848,paragraph
are,597,836,619,848,paragraph
indicated,623,836,690,848,paragraph
as,694,836,709,848,paragraph
the,712,836,736,848,paragraph
phase,740,836,781,848,paragraph
transition,784,836,855,848,paragraph
points.,859,836,909,848,paragraph
The,915,836,944,848,paragraph
email,97,840,130,849,footer
address:,135,840,185,849,footer
behzad.eslampanah@gmail.com,191,840,386,849,footer
§,90,845,96,857,paragraph
email,97,852,130,861,footer
address:,135,852,185,861,footer
mjamil@sns.nust.edu.pk,191,852,340,861,footer
heat,532,850,564,862,paragraph
capacity,570,850,630,862,paragraph
in,636,850,650,862,paragraph
the,655,850,678,862,paragraph
canonical,684,850,752,862,paragraph
ensemble,757,850,823,862,paragraph
is,829,850,840,862,paragraph
given,846,850,884,862,paragraph
by,889,850,907,862,paragraph
##LTLine##,387,768,409,768,paragraph
##LTLine##,90,795,151,795,paragraph
##LTLine##,817,430,835,430,paragraph
##LTLine##,882,430,911,430,paragraph
