token,x0,y0,x1,y1,label
1,875,36,882,48,paragraph
Performance,156,69,356,105,title
Analysis,370,69,506,105,title
and,520,69,577,105,title
Optimization,590,69,796,105,title
of,810,69,843,105,title
Cooperative,125,122,315,158,title
Full-Duplex,328,122,519,158,title
D2D,532,122,608,158,title
Communication,622,122,874,158,title
Underlaying,249,175,445,211,title
Cellular,458,175,584,211,title
Networks,598,175,750,211,title
Guoling,246,234,320,255,author
"Liu,",328,234,366,255,author
Wenjiang,374,234,461,255,author
"Feng,",469,234,520,255,author
Zhu,528,234,564,255,author
"Han,",572,234,616,255,author
"Fellow,",624,234,690,255,author
"IEEE,",698,234,753,255,author
and,327,266,360,288,author
Weiheng,368,266,449,288,author
"Jiang,",457,266,511,288,author
"Member,",519,266,598,287,author
IEEE,606,266,655,287,author
Abstract,469,372,530,388,paragraph
This,186,407,214,422,abstract
paper,221,407,257,422,abstract
investigates,263,407,339,422,abstract
the,345,407,365,422,abstract
cooperative,371,407,446,422,abstract
full-duplex,452,407,525,422,abstract
device-to-device,531,407,638,422,abstract
(D2D),645,407,687,422,abstract
communication,693,407,794,422,abstract
under-,801,407,843,422,abstract
laying,156,430,197,445,abstract
a,204,430,211,445,abstract
cellular,217,430,266,445,abstract
"network,",273,430,330,445,abstract
where,337,430,377,445,abstract
the,383,430,403,445,abstract
cellular,410,430,459,445,abstract
user,465,430,492,445,abstract
(CU),499,430,533,445,abstract
acts,539,430,565,445,abstract
as,571,430,585,445,abstract
a,591,430,599,445,abstract
full-duplex,605,430,677,445,abstract
relay,684,430,717,445,abstract
to,723,430,736,445,abstract
assist,743,430,778,445,abstract
the,785,430,804,445,abstract
D2D,811,430,843,445,abstract
communication.,156,452,262,468,abstract
To,266,452,283,468,abstract
simultaneously,288,452,387,468,abstract
support,391,452,440,468,abstract
D2D,445,452,477,468,abstract
relaying,482,452,535,468,abstract
and,540,452,563,468,abstract
uplink,568,452,610,468,abstract
"transmission,",615,452,701,468,abstract
superposition,706,452,794,468,abstract
coding,798,452,843,468,abstract
and,156,475,180,490,abstract
successive,188,475,256,490,abstract
interference,263,475,341,490,abstract
cancellation,349,475,428,490,abstract
are,435,475,455,490,abstract
adopted,463,475,515,490,abstract
at,523,475,534,490,abstract
the,542,475,562,490,abstract
CU,570,475,592,490,abstract
and,600,475,624,490,abstract
the,632,475,651,490,abstract
D2D,659,475,691,490,abstract
"receiver,",699,475,754,490,abstract
respectively.,762,475,843,490,abstract
The,156,498,182,513,abstract
achievable,187,498,256,513,abstract
rate,262,498,287,513,abstract
region,293,498,334,513,abstract
and,340,498,363,513,abstract
joint,369,498,399,513,abstract
outage,405,498,449,513,abstract
probability,455,498,526,513,abstract
are,532,498,552,513,abstract
derived,558,498,606,513,abstract
to,612,498,625,513,abstract
characterize,631,498,709,513,abstract
the,715,498,735,513,abstract
performance,741,498,823,513,abstract
of,829,498,843,513,abstract
the,156,520,176,536,abstract
considered,183,520,254,536,abstract
system.,261,520,310,536,abstract
An,317,520,337,536,abstract
optimal,345,520,394,536,abstract
power,401,520,442,536,abstract
allocation,449,520,513,536,abstract
scheme,520,520,569,536,abstract
is,576,520,587,536,abstract
proposed,594,520,654,536,abstract
to,661,520,674,536,abstract
maximize,681,520,745,536,abstract
the,752,520,772,536,abstract
minimum,779,520,843,536,abstract
achievable,156,543,225,558,abstract
rate.,233,543,261,558,abstract
"Besides,",269,543,323,558,abstract
by,331,543,347,558,abstract
analyzing,355,543,418,558,abstract
the,426,543,446,558,abstract
upper,454,543,491,558,abstract
bound,498,543,539,558,abstract
of,547,543,560,558,abstract
the,568,543,588,558,abstract
joint,595,543,625,558,abstract
outage,633,543,676,558,abstract
"probability,",684,543,758,558,abstract
we,766,543,785,558,abstract
study,793,543,828,558,abstract
a,836,543,843,558,abstract
suboptimal,156,566,229,581,abstract
power,236,566,276,581,abstract
allocation,283,566,347,581,abstract
to,355,566,367,581,abstract
improve,375,566,428,581,abstract
the,436,566,455,581,abstract
outage,463,566,506,581,abstract
performance.,513,566,600,581,abstract
The,607,566,632,581,abstract
simulation,639,566,708,581,abstract
results,715,566,758,581,abstract
conﬁrm,765,566,816,581,abstract
the,823,566,843,581,abstract
theoretical,156,588,225,603,abstract
analysis,231,588,283,603,abstract
and,289,588,312,603,abstract
the,318,588,338,603,abstract
advantages,344,588,415,603,abstract
of,421,588,435,603,abstract
the,440,588,460,603,abstract
proposed,466,588,526,603,abstract
power,531,588,572,603,abstract
allocation,577,588,642,603,abstract
schemes.,647,588,707,603,abstract
Index,455,630,494,647,paragraph
Terms,501,630,544,647,paragraph
Full-duplex,186,666,261,681,paragraph
"communication,",266,666,371,681,paragraph
"D2D,",375,666,411,681,paragraph
superposition,416,666,503,681,paragraph
"coding,",508,666,556,681,paragraph
successive,561,666,629,681,paragraph
interference,633,666,711,681,paragraph
"cancellation,",715,666,798,681,paragraph
power,803,666,843,681,paragraph
allocation.,156,688,224,703,paragraph
I.,423,738,436,756,section
INTRODUCTION,446,738,576,756,section
To,137,769,157,787,paragraph
meet,163,769,201,787,paragraph
the,207,769,231,787,paragraph
booming,237,769,307,787,paragraph
data,313,769,346,787,paragraph
demand,352,769,414,787,paragraph
of,420,769,436,787,paragraph
emerging,442,769,516,787,paragraph
wireless,522,769,586,787,paragraph
communication,592,769,714,787,paragraph
"services,",720,769,788,787,paragraph
researchers,794,769,882,787,paragraph
in,117,795,132,813,paragraph
academia,141,795,215,813,paragraph
and,224,795,252,813,paragraph
industry,261,795,325,813,paragraph
are,334,795,358,813,paragraph
seeking,367,795,426,813,paragraph
for,435,795,458,813,paragraph
new,467,795,499,813,paragraph
technologies,508,795,606,813,paragraph
to,615,795,630,813,paragraph
reform,639,795,692,813,paragraph
the,701,795,725,813,paragraph
traditional,734,795,814,813,paragraph
cellular,823,795,882,813,paragraph
G.,132,839,146,853,footer
"Liu,",150,839,174,853,footer
W.,178,839,194,853,footer
Feng,198,839,227,853,footer
and,231,839,252,853,footer
W.,256,839,273,853,footer
Jiang,277,839,307,853,footer
are,311,839,329,853,footer
with,333,839,359,853,footer
the,363,839,381,853,footer
College,385,839,430,853,footer
of,434,839,447,853,footer
Communication,451,839,545,853,footer
"Engineering,",549,839,624,853,footer
Chongqing,628,839,693,853,footer
"University,",697,839,761,853,footer
"Chongqing,",765,839,834,853,footer
400044,838,839,882,853,footer
{,209,853,216,873,footer
},382,853,390,873,footer
China,117,859,152,873,footer
(e-mail:,157,859,204,873,footer
"liuguoling,",216,859,280,873,footer
"fengwj,",285,859,330,873,footer
whjiang,335,859,382,873,footer
@cqu.edu.cn).,390,859,475,873,footer
Z.,132,879,144,893,footer
Han,150,879,175,893,footer
is,180,879,190,893,footer
with,196,879,222,893,footer
the,228,879,245,893,footer
Department,251,879,320,893,footer
of,326,879,338,893,footer
Electrical,344,879,400,893,footer
and,406,879,427,893,footer
Computer,433,879,491,893,footer
"Engineering,",497,879,572,893,footer
University,578,879,639,893,footer
of,645,879,657,893,footer
"Houston,",663,879,716,893,footer
"Houston,",722,879,776,893,footer
TX,781,879,801,893,footer
77004,807,879,843,893,footer
"USA,",849,879,882,893,footer
and,117,899,138,912,footer
also,143,899,167,912,footer
with,172,899,198,912,footer
the,203,899,221,912,footer
Department,225,899,295,912,footer
of,300,899,312,912,footer
Computer,317,899,375,912,footer
"Science,",380,899,429,912,footer
University,434,899,496,912,footer
of,500,899,513,912,footer
"Houston,",518,899,571,912,footer
"Houston,",576,899,629,912,footer
TX,634,899,653,912,footer
77004,658,899,695,912,footer
USA,700,899,729,912,footer
(e-mail:,734,899,780,912,footer
zhan2@uh.edu).,785,899,882,912,footer
