token,x0,y0,x1,y1,label
MNRAS,70,94,123,104,paragraph
"000,",128,94,156,104,paragraph
000–000,161,94,211,104,paragraph
(0000),216,94,255,104,paragraph
Preprint,405,94,457,104,paragraph
30,462,94,476,104,paragraph
May,481,94,508,104,paragraph
2020,513,94,542,104,paragraph
Compiled,632,94,691,104,paragraph
using,696,94,728,104,paragraph
MNRAS,733,94,786,104,paragraph
LATEX,790,94,828,106,paragraph
style,832,94,861,104,paragraph
ﬁle,866,94,884,104,paragraph
v3.0,888,94,914,104,paragraph
The,70,146,126,166,title
impact,137,146,234,166,title
of,245,146,271,166,title
assembly,282,146,409,166,title
bias,420,146,475,166,title
on,486,146,521,166,title
the,531,146,577,166,title
halo,588,146,647,166,title
occupation,658,146,812,166,title
in,823,146,850,166,title
hydrodynamical,70,169,298,190,title
simulations,309,169,469,190,title
M.,70,219,98,236,author
Celeste,106,219,180,236,author
"Artale1,2(cid:63),",188,217,291,236,paragraph
Idit,299,219,336,236,author
"Zehavi3,",344,217,428,236,author
Sergio,436,219,499,236,author
"Contreras4,5",506,217,628,236,author
&,637,219,655,236,author
Peder,663,219,722,236,author
Norberg6,730,217,822,236,author
1Institut,75,236,128,247,paragraph
fu¨r,133,237,152,247,paragraph
Astro-,157,237,196,247,paragraph
und,201,237,224,247,paragraph
"Teilchenphysik,",229,237,325,247,paragraph
Universita¨t,330,237,400,247,paragraph
"Innsbruck,",405,237,470,247,paragraph
Technikerstrasse,476,237,578,247,paragraph
"25/8,",583,237,617,247,paragraph
6020,622,237,652,247,paragraph
"Innsbruck,",657,237,722,247,paragraph
Austria,728,237,774,247,paragraph
2CONICET-Universidad,75,248,230,259,paragraph
de,235,249,249,259,paragraph
Buenos,254,249,300,259,paragraph
Aires.,305,249,342,259,paragraph
Instituto,347,249,401,259,paragraph
de,406,249,420,259,paragraph
Astronom´ıa,425,249,498,259,paragraph
y,503,249,510,259,paragraph
F´ısica,515,249,552,259,paragraph
del,558,249,575,259,paragraph
Espacio,580,249,628,259,paragraph
"(IAFE),",633,249,685,259,paragraph
CC,690,249,711,259,paragraph
"67,",716,249,735,259,paragraph
Suc.,740,249,767,259,paragraph
"28,",772,249,791,259,paragraph
1428,796,249,826,259,paragraph
Buenos,831,249,877,259,paragraph
"Aires,",882,249,919,259,paragraph
Argentina,924,249,985,259,paragraph
3Department,75,260,156,271,paragraph
of,161,261,173,271,paragraph
Astronomy,178,261,246,271,paragraph
and,251,261,274,271,paragraph
Department,279,261,353,271,paragraph
of,358,261,370,271,paragraph
"Physics,",375,261,426,271,paragraph
Case,431,261,461,271,paragraph
Western,466,261,519,271,paragraph
Reserve,524,261,572,271,paragraph
"University,",577,261,646,271,paragraph
10900,651,261,688,271,paragraph
Euclid,693,261,733,271,paragraph
"Avenue,",738,261,788,271,paragraph
"Cleveland,",793,261,858,271,paragraph
OH,863,261,885,271,paragraph
"44106,",890,261,931,271,paragraph
USA,936,261,966,271,paragraph
4Instituto,75,272,136,282,paragraph
"Astrof´ısica,",141,273,212,282,paragraph
Pontiﬁca,217,273,272,282,paragraph
Universidad,278,273,352,282,paragraph
Cato´lica,357,273,409,282,paragraph
de,414,273,428,282,paragraph
"Chile,",433,273,470,282,paragraph
"Santiago,",475,273,533,282,paragraph
Chile,538,273,571,282,paragraph
5Centro,75,283,125,294,paragraph
de,130,285,144,294,paragraph
Estudios,149,285,202,294,paragraph
de,207,285,221,294,paragraph
F´ısica,226,285,264,294,paragraph
del,269,285,287,294,paragraph
Cosmos,292,285,340,294,paragraph
de,345,285,359,294,paragraph
Arag´on,364,285,409,294,paragraph
"(CEFCA),",415,285,481,294,paragraph
Plaza,486,285,520,294,paragraph
San,525,285,549,294,paragraph
Juan,554,285,584,294,paragraph
"1,",590,285,601,294,paragraph
"Planta-2,",606,285,664,294,paragraph
"Teruel,",669,285,714,294,paragraph
"E-44001,",719,285,775,294,paragraph
Spain,780,285,815,294,paragraph
6ICC,75,295,109,306,paragraph
&,114,297,125,306,paragraph
"CEA,",130,297,165,306,paragraph
Department,170,297,244,306,paragraph
of,249,297,260,306,paragraph
"Physics,",266,297,317,306,paragraph
Durham,322,297,373,306,paragraph
"University,",378,297,447,306,paragraph
South,452,297,488,306,paragraph
"Road,",493,297,528,306,paragraph
"Durham,",533,297,589,306,paragraph
DH1,594,297,623,306,paragraph
"3LE,",628,297,658,306,paragraph
UK,664,297,685,306,paragraph
30,70,348,85,358,paragraph
May,89,348,117,358,paragraph
2020,121,348,150,358,paragraph
ABSTRACT,291,386,391,397,paragraph
We,296,398,320,410,abstract
investigate,324,398,402,410,abstract
the,407,398,430,410,abstract
variations,435,398,507,410,abstract
in,512,398,526,410,abstract
galaxy,531,398,578,410,abstract
occupancy,583,398,659,410,abstract
of,664,398,678,410,abstract
the,683,398,706,410,abstract
dark,711,398,744,410,abstract
matter,749,398,798,410,abstract
haloes,803,398,848,410,abstract
with,853,398,886,410,abstract
the,891,398,914,410,abstract
large-scale,291,411,367,423,abstract
environment,372,411,463,423,abstract
and,469,411,496,423,abstract
halo,501,411,532,423,abstract
formation,537,411,609,423,abstract
"time,",614,411,651,423,abstract
using,657,411,695,423,abstract
two,701,411,727,423,abstract
state-of-the-art,732,411,843,423,abstract
hydrody-,848,411,914,423,abstract
namical,291,424,348,436,abstract
cosmological,355,424,446,436,abstract
"simulations,",452,424,539,436,abstract
eagle,546,422,594,434,abstract
and,600,424,627,436,abstract
Illustris.,634,424,694,436,abstract
For,700,424,725,436,abstract
both,731,424,765,436,abstract
"simulations,",772,424,859,436,abstract
we,865,424,884,436,abstract
use,891,424,914,436,abstract
three,291,437,329,449,abstract
galaxy,335,437,382,449,abstract
samples,389,437,446,449,abstract
with,452,437,485,449,abstract
a,491,437,500,449,abstract
ﬁxed,506,437,541,449,abstract
number,548,437,603,449,abstract
density,609,437,662,449,abstract
ranked,668,437,717,449,abstract
by,724,437,742,449,abstract
stellar,748,437,793,449,abstract
mass.,799,437,839,449,abstract
For,846,437,870,449,abstract
these,877,437,914,449,abstract
samples,291,450,348,462,abstract
we,354,450,373,462,abstract
ﬁnd,378,450,406,462,abstract
that,411,450,442,462,abstract
low-mass,447,450,513,462,abstract
haloes,519,450,564,462,abstract
in,569,450,583,462,abstract
the,588,450,612,462,abstract
most,617,450,653,462,abstract
dense,658,450,698,462,abstract
environments,703,450,801,462,abstract
are,806,450,828,462,abstract
more,834,450,870,462,abstract
likely,876,450,914,462,abstract
to,291,463,306,475,abstract
host,313,463,343,475,abstract
a,350,463,358,475,abstract
central,365,463,414,475,abstract
galaxy,421,463,468,475,abstract
than,475,463,508,475,abstract
those,514,463,553,475,abstract
in,559,463,573,475,abstract
the,579,463,603,475,abstract
least,609,463,643,475,abstract
dense,649,463,689,475,abstract
environments.,696,463,798,475,abstract
When,804,463,847,475,abstract
splitting,854,463,914,475,abstract
the,291,476,315,488,abstract
halo,320,476,351,488,abstract
population,356,476,435,488,abstract
by,440,476,458,488,abstract
formation,463,476,535,488,abstract
"time,",540,476,577,488,abstract
these,583,476,620,488,abstract
relations,625,476,688,488,abstract
are,693,476,716,488,abstract
stronger.,721,476,785,488,abstract
"Hence,",791,476,840,488,abstract
at,845,476,860,488,abstract
a,865,476,874,488,abstract
ﬁxed,879,476,914,488,abstract
low,291,489,316,501,abstract
halo,321,489,352,501,abstract
"mass,",357,489,398,501,abstract
early-formed,403,489,495,501,abstract
haloes,501,489,546,501,abstract
are,551,489,573,501,abstract
more,579,489,615,501,abstract
likely,621,489,659,501,abstract
to,665,489,679,501,abstract
host,685,489,716,501,abstract
a,721,489,729,501,abstract
central,735,489,785,501,abstract
galaxy,790,489,837,501,abstract
than,843,489,876,501,abstract
late-,882,489,914,501,abstract
formed,291,502,342,514,abstract
haloes,349,502,394,514,abstract
since,401,502,436,514,abstract
they,443,502,475,514,abstract
have,482,502,515,514,abstract
had,522,502,549,514,abstract
more,556,502,592,514,abstract
time,599,502,631,514,abstract
to,638,502,653,514,abstract
assemble.,660,502,728,514,abstract
The,735,502,764,514,abstract
satellite,771,502,828,514,abstract
occupation,835,502,914,514,abstract
shows,291,515,334,527,abstract
a,341,515,349,527,abstract
reverse,356,515,406,527,abstract
trend,413,515,452,527,abstract
where,459,515,501,527,abstract
early-formed,508,515,600,527,abstract
haloes,607,515,652,527,abstract
host,659,515,690,527,abstract
fewer,696,515,735,527,abstract
satellites,741,515,805,527,abstract
due,811,515,838,527,abstract
to,844,515,859,527,abstract
having,866,515,914,527,abstract
more,291,528,328,540,abstract
time,334,528,366,540,abstract
to,372,528,387,540,abstract
merge,393,528,437,540,abstract
with,443,528,476,540,abstract
the,482,528,505,540,abstract
central,511,528,561,540,abstract
galaxy.,567,528,618,540,abstract
We,624,528,647,540,abstract
also,653,528,681,540,abstract
analyse,687,528,741,540,abstract
the,747,528,770,540,abstract
stellar,776,528,821,540,abstract
mass,827,528,863,540,abstract
–,869,528,877,540,abstract
halo,883,528,914,540,abstract
mass,291,541,327,553,abstract
relation,333,541,389,553,abstract
for,395,541,415,553,abstract
central,421,541,470,553,abstract
galaxies,476,541,534,553,abstract
in,540,541,554,553,abstract
terms,559,541,601,553,abstract
of,607,541,620,553,abstract
the,626,541,649,553,abstract
large-scale,655,541,731,553,abstract
environment,737,541,827,553,abstract
and,833,541,860,553,abstract
forma-,866,541,914,553,abstract
tion,291,555,320,566,abstract
time,326,555,358,566,abstract
of,364,555,377,566,abstract
the,383,555,406,566,abstract
haloes.,412,555,462,566,abstract
We,467,555,491,566,abstract
ﬁnd,496,555,524,566,abstract
that,530,555,560,566,abstract
low,566,555,591,566,abstract
mass,596,555,632,566,abstract
haloes,637,555,683,566,abstract
in,688,555,702,566,abstract
the,708,555,731,566,abstract
most,737,555,772,566,abstract
dense,778,555,818,566,abstract
environment,823,555,914,566,abstract
host,291,568,322,579,abstract
relatively,328,568,395,579,abstract
more,401,568,437,579,abstract
massive,443,568,499,579,abstract
central,505,568,555,579,abstract
galaxies.,561,568,623,579,abstract
This,628,568,661,579,abstract
trend,667,568,706,579,abstract
is,712,568,723,579,abstract
also,729,568,757,579,abstract
found,763,568,804,579,abstract
when,810,568,848,579,abstract
splitting,854,568,914,579,abstract
the,291,581,315,592,abstract
halo,321,581,351,592,abstract
population,357,581,436,592,abstract
by,442,581,460,592,abstract
"age,",466,581,495,592,abstract
with,501,581,533,592,abstract
early-formed,539,581,631,592,abstract
haloes,637,581,683,592,abstract
hosting,689,581,742,592,abstract
more,748,581,784,592,abstract
massive,790,581,846,592,abstract
galaxies.,852,581,914,592,abstract
Our,291,594,320,605,abstract
results,325,594,373,605,abstract
are,378,594,400,605,abstract
in,405,594,419,605,abstract
agreement,425,594,499,605,abstract
with,505,594,537,605,abstract
previous,542,594,603,605,abstract
ﬁndings,608,594,665,605,abstract
from,670,594,704,605,abstract
semi-analytical,709,594,819,605,abstract
"models,",824,594,879,605,abstract
pro-,884,594,914,605,abstract
viding,291,607,336,618,abstract
robust,341,607,388,618,abstract
predictions,393,607,473,618,abstract
for,477,607,497,618,abstract
the,502,607,525,618,abstract
occupancy,530,607,606,618,abstract
variation,611,607,676,618,abstract
signature,681,607,748,618,abstract
in,753,607,766,618,abstract
the,771,607,794,618,abstract
halo,799,607,830,618,abstract
occupation,835,607,914,618,abstract
distribution,291,620,377,632,abstract
of,383,620,396,632,abstract
galaxy,402,620,449,632,abstract
formation,455,620,526,632,abstract
models.,531,620,587,632,abstract
Key,291,641,325,653,paragraph
words:,330,641,384,653,paragraph
cosmology:,396,641,476,653,abstract
galaxies,480,641,537,653,abstract
–,541,641,549,653,abstract
cosmology:,553,641,633,653,abstract
theory,636,641,683,653,abstract
–,687,641,696,653,abstract
galaxies:,699,641,761,653,abstract
formation,765,641,836,653,abstract
–,840,641,848,653,abstract
galaxies:,852,641,914,653,abstract
haloes,291,654,337,666,abstract
–,342,654,350,666,abstract
galaxies:,356,654,418,666,abstract
statistics,424,654,488,666,abstract
–,494,654,502,666,abstract
large-scale,508,654,583,666,abstract
structure,589,654,655,666,abstract
of,660,654,674,666,abstract
universe,680,654,739,666,abstract
|,876,704,881,722,paragraph
1,70,712,79,722,section
INTRODUCTION,97,712,243,722,section
HOD,512,712,548,722,paragraph
is,552,712,562,722,paragraph
computed,566,712,633,722,paragraph
by,637,712,653,722,paragraph
the,657,712,679,722,paragraph
probability,683,712,757,722,paragraph
distribution,761,712,840,722,paragraph
P(N,844,712,875,722,paragraph
M,881,712,896,722,paragraph
"),",904,712,914,722,paragraph
h,896,716,903,723,paragraph
which,512,725,551,735,paragraph
represents,559,725,627,735,paragraph
the,634,725,656,735,paragraph
probability,663,725,737,735,paragraph
that,744,725,773,735,paragraph
a,780,725,788,735,paragraph
halo,795,725,824,735,paragraph
of,831,725,843,735,paragraph
mass,851,725,884,735,paragraph
M,891,725,906,735,paragraph
In,100,732,115,743,paragraph
the,121,732,142,743,paragraph
current,148,732,197,743,paragraph
concordance,203,732,285,743,paragraph
ΛCDM,291,732,339,743,paragraph
"paradigm,",345,732,413,743,paragraph
galaxies,419,732,472,743,paragraph
h,906,729,913,736,paragraph
hosts,512,738,547,748,paragraph
N,552,738,564,748,paragraph
galaxies,570,738,623,748,paragraph
with,628,738,658,748,paragraph
certain,662,738,709,748,paragraph
selected,714,738,766,748,paragraph
properties.,771,738,843,748,paragraph
The,847,738,874,748,paragraph
HOD,879,738,914,748,paragraph
form,70,745,102,756,paragraph
and,109,745,134,756,paragraph
evolve,142,745,183,756,paragraph
in,191,745,204,756,paragraph
dark,211,745,242,756,paragraph
matter,250,745,295,756,paragraph
haloes.,303,745,349,756,paragraph
Studying,357,745,417,756,paragraph
the,425,745,446,756,paragraph
re-,454,745,472,756,paragraph
approach,512,751,574,761,paragraph
has,578,751,600,761,paragraph
shown,604,751,646,761,paragraph
to,649,751,663,761,paragraph
be,667,751,683,761,paragraph
useful,687,751,726,761,paragraph
for,730,751,748,761,paragraph
interpreting,752,751,832,761,paragraph
galaxy,835,751,879,761,paragraph
clus-,883,751,914,761,paragraph
lation,70,758,109,769,paragraph
between,116,758,171,769,paragraph
galaxies,178,758,231,769,paragraph
and,239,758,264,769,paragraph
haloes,271,758,313,769,paragraph
is,320,758,331,769,paragraph
crucial,338,758,383,769,paragraph
for,390,758,409,769,paragraph
a,416,758,424,769,paragraph
better,431,758,472,769,paragraph
tering,512,764,552,774,paragraph
measurements,557,764,652,774,paragraph
and,656,764,681,774,paragraph
constraining,686,764,769,774,paragraph
models,773,764,820,774,paragraph
of,825,764,837,774,paragraph
galaxy,842,764,886,774,paragraph
for-,890,764,914,774,paragraph
understanding,70,771,167,782,paragraph
of,171,771,184,782,paragraph
galaxy,188,771,232,782,paragraph
formation,236,771,302,782,paragraph
and,307,771,332,782,paragraph
for,336,771,355,782,paragraph
constraining,359,771,442,782,paragraph
cos-,446,771,472,782,paragraph
mation,512,777,560,787,paragraph
"(e.g.,",565,777,599,787,paragraph
Benson,604,777,653,787,paragraph
et,658,777,671,787,paragraph
al.,677,777,693,787,paragraph
2000;,699,777,734,787,paragraph
?;,739,777,752,787,paragraph
?).,757,777,776,787,paragraph
The,782,777,808,787,paragraph
standard,814,777,873,787,paragraph
HOD,879,777,914,787,paragraph
mological,70,784,134,795,paragraph
models.,138,784,189,795,paragraph
Diﬀerent,193,784,252,795,paragraph
methods,256,784,314,795,paragraph
have,318,784,348,795,paragraph
been,352,784,384,795,paragraph
developed,388,784,454,795,paragraph
to,458,784,472,795,paragraph
scheme,512,790,560,800,paragraph
assumes,566,790,620,800,paragraph
that,626,790,655,800,paragraph
the,661,790,682,800,paragraph
galaxy,688,790,732,800,paragraph
population,738,790,810,800,paragraph
depends,816,790,871,800,paragraph
solely,877,790,914,800,paragraph
investigate,70,797,142,808,paragraph
this,149,797,174,808,paragraph
connection.,180,797,257,808,paragraph
In,263,797,277,808,paragraph
"particular,",284,797,354,808,paragraph
a,361,797,368,808,paragraph
powerful,375,797,433,808,paragraph
tech-,439,797,472,808,paragraph
on,512,803,529,814,paragraph
the,534,803,556,814,paragraph
mass,562,803,594,814,paragraph
of,600,803,613,814,paragraph
the,618,803,640,814,paragraph
dark,645,803,676,814,paragraph
matter,682,803,727,814,paragraph
"halo,",733,803,766,814,paragraph
motivated,771,803,839,814,paragraph
by,845,803,861,814,paragraph
the,867,803,888,814,paragraph
ex-,894,803,914,814,paragraph
nique,70,810,107,821,paragraph
to,112,810,125,821,paragraph
study,130,810,168,821,paragraph
the,172,810,194,821,paragraph
distribution,198,810,278,821,paragraph
of,282,810,295,821,paragraph
galaxies,300,810,353,821,paragraph
within,357,810,400,821,paragraph
dark,405,810,436,821,paragraph
mat-,440,810,472,821,paragraph
cursion,512,816,561,827,paragraph
set,567,816,586,827,paragraph
formalism.,593,816,664,827,paragraph
"However,",670,816,732,827,paragraph
this,738,816,763,827,paragraph
assumption,769,816,846,827,paragraph
might,853,816,892,827,paragraph
be,898,816,914,827,paragraph
ter,70,823,89,834,paragraph
haloes,96,823,138,834,paragraph
is,145,823,155,834,paragraph
the,162,823,183,834,paragraph
halo,190,823,219,834,paragraph
occupation,225,823,299,834,paragraph
distribution,306,823,385,834,paragraph
"(HOD,",392,823,438,834,paragraph
"e.g.,",445,823,472,834,paragraph
inaccurate,512,829,582,840,paragraph
if,589,829,598,840,paragraph
the,604,829,626,840,paragraph
galaxy,632,829,676,840,paragraph
population,682,829,755,840,paragraph
within,762,829,805,840,paragraph
haloes,811,829,853,840,paragraph
depends,859,829,914,840,paragraph
Peacock,70,836,125,847,paragraph
&,129,836,141,847,paragraph
Smith,145,836,185,847,paragraph
2000;,190,836,225,847,paragraph
Seljak,229,836,269,847,paragraph
2000;,274,836,309,847,paragraph
Scoccimarro,313,836,395,847,paragraph
et,399,836,412,847,paragraph
al.,416,836,433,847,paragraph
2001;,437,836,472,847,paragraph
on,512,842,529,853,paragraph
additional,534,842,602,853,paragraph
halo,607,842,635,853,paragraph
properties.,641,842,713,853,paragraph
Berlind,70,849,120,860,paragraph
&,126,849,138,860,paragraph
Weinberg,144,849,208,860,paragraph
2002).,214,849,255,860,paragraph
The,261,849,288,860,paragraph
occupation,294,849,367,860,paragraph
function,374,849,429,860,paragraph
is,435,849,445,860,paragraph
de-,451,849,472,860,paragraph
ﬁned,70,862,103,873,paragraph
as,107,862,121,873,paragraph
the,125,862,147,873,paragraph
average,151,862,202,873,paragraph
number,206,862,257,873,paragraph
of,262,862,274,873,paragraph
galaxies,278,862,331,873,paragraph
that,336,862,364,873,paragraph
populate,368,862,427,873,paragraph
a,432,862,439,873,paragraph
halo,444,862,472,873,paragraph
(cid:104),267,867,273,886,paragraph
(cid:105),319,867,325,886,paragraph
It,542,867,554,877,paragraph
is,561,867,572,877,paragraph
currently,579,867,640,877,paragraph
well,647,867,674,877,paragraph
established,681,867,755,877,paragraph
in,762,867,775,877,paragraph
ΛCDM,783,867,831,877,paragraph
simulations,838,867,914,877,paragraph
as,70,875,84,886,paragraph
a,91,875,99,886,paragraph
function,106,875,161,886,paragraph
of,168,875,181,886,paragraph
halo,188,875,216,886,paragraph
"mass,",223,875,260,886,paragraph
N(M,273,875,305,886,paragraph
),313,875,319,886,paragraph
.,325,875,330,886,paragraph
In,337,875,351,886,paragraph
other,358,875,393,886,paragraph
"words,",400,875,444,886,paragraph
the,451,875,472,886,paragraph
h,305,879,312,886,paragraph
that,512,880,541,890,paragraph
the,548,880,569,890,paragraph
spatial,576,880,621,890,paragraph
clustering,628,880,694,890,paragraph
of,701,880,713,890,paragraph
dark,720,880,751,890,paragraph
matter,758,880,804,890,paragraph
haloes,811,880,852,890,paragraph
depends,859,880,914,890,paragraph
on,512,893,529,903,paragraph
diﬀerent,534,893,590,903,paragraph
halo,595,893,623,903,paragraph
properties,628,893,696,903,paragraph
besides,701,893,749,903,paragraph
their,754,893,786,903,paragraph
mass.,791,893,829,903,paragraph
This,834,893,864,903,paragraph
depen-,869,893,914,903,paragraph
dence,512,906,550,916,paragraph
is,557,906,567,916,paragraph
commonly,574,906,643,916,paragraph
referred,650,906,702,916,paragraph
to,709,906,723,916,paragraph
as,730,906,744,916,paragraph
halo,750,906,778,916,paragraph
assembly,785,906,844,916,paragraph
bias.,851,906,881,916,paragraph
Dif-,888,906,914,916,paragraph
(cid:63),70,918,77,925,paragraph
"E-mail:Maria.Artale@uibk.ac.at,",84,920,286,929,footer
mcartale@gmail.com,290,920,418,929,footer
ferent,512,919,551,929,paragraph
studies,558,919,605,929,paragraph
have,612,919,642,929,paragraph
investigated,650,919,730,929,paragraph
the,737,919,759,929,paragraph
dependence,766,919,844,929,paragraph
with,851,919,881,929,paragraph
var-,888,919,914,929,paragraph
(cid:13),70,939,85,955,paragraph
c,74,946,81,955,paragraph
0000,89,946,118,955,paragraph
The,122,946,147,955,paragraph
Authors,152,946,202,955,paragraph
