token,x0,y0,x1,y1,label
2,910,35,918,48,paragraph
ferent,88,68,128,80,paragraph
metastable,135,68,212,80,paragraph
"states,",219,68,264,80,paragraph
before,271,68,315,80,paragraph
ergodicity,321,68,392,80,paragraph
is,398,68,409,80,paragraph
eventually,416,68,488,80,paragraph
the,517,68,540,80,paragraph
metastable,545,68,622,80,paragraph
states,627,68,668,80,paragraph
being,672,68,711,80,paragraph
those,716,68,753,80,paragraph
of,758,68,771,80,paragraph
non-zero,776,68,836,80,paragraph
magnetisa-,841,68,918,80,paragraph
restored.,88,82,149,95,paragraph
In,156,82,171,95,paragraph
classical,176,82,233,95,paragraph
"systems,",238,82,298,95,paragraph
metastable,303,82,380,95,paragraph
behaviour,384,82,454,95,paragraph
typ-,459,82,488,95,paragraph
"tion,",517,82,550,95,paragraph
and,556,82,582,95,paragraph
the,587,82,610,95,paragraph
true,616,82,645,95,paragraph
stationary,650,82,722,95,paragraph
state,728,82,762,95,paragraph
that,768,82,798,95,paragraph
of,803,82,816,95,paragraph
paramagnetic,822,82,918,95,paragraph
ically,88,97,125,109,paragraph
occurs,131,97,176,109,paragraph
in,181,97,195,109,paragraph
two,200,97,226,109,paragraph
distinct,231,97,285,109,paragraph
situations:,290,97,364,109,paragraph
one,371,97,396,109,paragraph
is,401,97,412,109,paragraph
in,418,97,431,109,paragraph
the,437,97,460,109,paragraph
dy-,465,97,488,109,paragraph
equilibrium.,517,97,603,109,paragraph
Dynamics,610,97,680,109,paragraph
in,685,97,699,109,paragraph
this,704,97,731,109,paragraph
case,736,97,765,109,paragraph
will,770,97,795,109,paragraph
also,801,97,828,109,paragraph
be,833,97,850,109,paragraph
intermit-,855,97,918,109,paragraph
namics,88,111,137,124,paragraph
near,141,111,172,124,paragraph
a,176,111,185,124,paragraph
(usually,189,111,246,124,paragraph
ﬁrst-order),250,111,327,124,paragraph
static,332,111,371,124,paragraph
phase,375,111,415,124,paragraph
transition,419,111,488,124,paragraph
tent,517,111,546,124,paragraph
displaying,552,111,624,124,paragraph
many,630,111,669,124,paragraph
“magnetisation,675,111,783,124,paragraph
reversals”,789,111,858,124,paragraph
[14].,864,111,894,124,paragraph
In,903,111,918,124,paragraph
"[14],",88,126,118,138,paragraph
where,123,126,165,138,paragraph
metastable,170,126,247,138,paragraph
dynamics,253,126,319,138,paragraph
is,325,126,336,138,paragraph
intimately,341,126,414,138,paragraph
related,419,126,468,138,paragraph
to,474,126,488,138,paragraph
this,517,126,544,138,paragraph
"sense,",550,126,591,138,paragraph
metastability,597,126,691,138,paragraph
which,697,126,738,138,paragraph
has,744,126,768,138,paragraph
its,774,126,791,138,paragraph
origin,798,126,838,138,paragraph
in,845,126,858,138,paragraph
distinct,865,126,918,138,paragraph
the,88,140,110,153,paragraph
existence,116,140,180,153,paragraph
of,186,140,199,153,paragraph
static,205,140,244,153,paragraph
phases;,250,140,301,153,paragraph
the,307,140,329,153,paragraph
second,335,140,382,153,paragraph
one,388,140,412,153,paragraph
is,418,140,429,153,paragraph
in,435,140,449,153,paragraph
glass,455,140,488,153,paragraph
static,517,140,556,153,paragraph
“phases”,562,140,625,153,paragraph
does,631,140,662,153,paragraph
not,668,140,692,153,paragraph
require,698,140,747,153,paragraph
the,753,140,776,153,paragraph
presence,782,140,842,153,paragraph
of,848,140,861,153,paragraph
a,867,140,875,153,paragraph
strict,881,140,918,153,paragraph
forming,88,154,142,167,paragraph
systems,149,154,204,167,paragraph
[15],210,154,235,167,paragraph
where,241,154,283,167,paragraph
metastable,289,154,366,167,paragraph
behaviour,372,154,442,167,paragraph
is,448,154,459,167,paragraph
not,465,154,488,167,paragraph
phase,517,154,557,167,paragraph
"transition,",564,154,638,167,paragraph
only,645,154,676,167,paragraph
that,683,154,712,167,paragraph
the,720,154,742,167,paragraph
“phases”,749,154,812,167,paragraph
are,819,154,841,167,paragraph
long,848,154,877,167,paragraph
lived,885,154,918,167,paragraph
obviously,88,169,154,182,paragraph
related,160,169,209,182,paragraph
to,215,169,230,182,paragraph
any,236,169,261,182,paragraph
static,267,169,306,182,paragraph
features,312,169,368,182,paragraph
(see,374,169,401,182,paragraph
e.g.,407,169,431,182,paragraph
[16],437,169,463,182,paragraph
for,469,169,488,182,paragraph
and,517,169,544,182,paragraph
kinetically,551,169,624,182,paragraph
only,632,169,662,182,paragraph
weakly,669,169,717,182,paragraph
connected,725,169,795,182,paragraph
(in,803,169,822,182,paragraph
the,830,169,852,182,paragraph
example,860,169,918,182,paragraph
various,88,183,138,196,paragraph
viewpoints,143,183,219,196,paragraph
on,225,183,242,196,paragraph
this,247,183,273,196,paragraph
issue).,279,183,323,196,paragraph
of,517,183,531,196,paragraph
the,538,183,561,196,paragraph
"ferromagnet,",569,183,659,196,paragraph
separated,667,183,735,196,paragraph
by,743,183,760,196,paragraph
a,768,183,776,196,paragraph
free-energy,784,183,862,196,paragraph
barrier,870,183,918,196,paragraph
that,517,198,547,210,paragraph
is,553,198,564,210,paragraph
large,570,198,604,210,paragraph
compared,610,198,678,210,paragraph
to,684,198,698,210,paragraph
temperature).,704,198,802,210,paragraph
In,810,198,825,210,paragraph
"fact,",831,198,862,210,paragraph
usually,868,198,918,210,paragraph
Here,104,202,137,215,paragraph
we,143,202,161,215,paragraph
focus,167,202,204,215,paragraph
on,209,202,227,215,paragraph
the,232,202,255,215,paragraph
ﬁrst,261,202,289,215,paragraph
instance,295,202,353,215,paragraph
above,359,202,399,215,paragraph
for,405,202,425,215,paragraph
the,431,202,453,215,paragraph
case,459,202,488,215,paragraph
the,517,212,540,225,paragraph
simplest,547,212,606,225,paragraph
way,613,212,640,225,paragraph
to,648,212,662,225,paragraph
anticipated,670,212,749,225,paragraph
such,756,212,787,225,paragraph
structure,795,212,859,225,paragraph
is,867,212,878,225,paragraph
from,885,212,918,225,paragraph
of,88,216,101,229,paragraph
a,107,216,115,229,paragraph
many-body,122,216,202,229,paragraph
quantum,209,216,272,229,paragraph
system,278,216,327,229,paragraph
subject,333,216,385,229,paragraph
to,391,216,406,229,paragraph
dissipation,412,216,488,229,paragraph
a,517,227,526,239,paragraph
mean-ﬁeld,532,227,605,239,paragraph
"approximation,",611,227,719,239,paragraph
even,725,227,757,239,paragraph
if,763,227,773,239,paragraph
there,779,227,815,239,paragraph
is,821,227,832,239,paragraph
no,838,227,856,239,paragraph
singular,862,227,918,239,paragraph
where,88,231,129,243,paragraph
metastability,136,231,229,243,paragraph
can,236,231,261,243,paragraph
be,267,231,284,243,paragraph
traced,291,231,335,243,paragraph
back,342,231,374,243,paragraph
to,381,231,396,243,paragraph
distinct,402,231,456,243,paragraph
fea-,462,231,488,243,paragraph
transition,517,241,586,254,paragraph
in,592,241,605,254,paragraph
the,611,241,633,254,paragraph
exact,639,241,676,254,paragraph
problem.,682,241,744,254,paragraph
tures,88,245,123,258,paragraph
of,129,245,142,258,paragraph
its,147,245,164,258,paragraph
stationary,170,245,242,258,paragraph
"properties,",247,245,323,258,paragraph
a,328,245,336,258,paragraph
transverse,342,245,414,258,paragraph
ﬁeld,419,245,449,258,paragraph
Ising,454,245,488,258,paragraph
model,88,260,131,272,paragraph
with,135,260,166,272,paragraph
on-site,171,260,218,272,paragraph
dissipative,222,260,296,272,paragraph
decay,300,260,340,272,paragraph
"[9,",344,260,361,272,paragraph
17–22].,365,260,415,272,paragraph
We,422,260,445,272,paragraph
study,449,260,488,272,paragraph
Previous,534,260,595,272,paragraph
work,603,260,637,272,paragraph
[18],644,260,670,272,paragraph
on,677,260,694,272,paragraph
the,702,260,724,272,paragraph
dissipative,732,260,806,272,paragraph
quantum,813,260,877,272,paragraph
Ising,884,260,918,272,paragraph
the,88,274,110,287,paragraph
dynamics,116,274,183,287,paragraph
of,188,274,201,287,paragraph
this,207,274,234,287,paragraph
model,239,274,282,287,paragraph
by,288,274,305,287,paragraph
means,311,274,355,287,paragraph
of,361,274,374,287,paragraph
a,380,274,388,287,paragraph
recent,394,274,437,287,paragraph
theory,442,274,488,287,paragraph
model,517,274,560,287,paragraph
suggested,568,274,636,287,paragraph
a,643,274,651,287,paragraph
bistable,659,274,714,287,paragraph
character,721,274,787,287,paragraph
to,794,274,809,287,paragraph
the,816,274,839,287,paragraph
stationary,846,274,918,287,paragraph
for,88,289,107,301,paragraph
metastability,111,289,204,301,paragraph
in,208,289,221,301,paragraph
open,225,289,259,301,paragraph
quantum,263,289,326,301,paragraph
systems,330,289,385,301,paragraph
[23].,388,289,418,301,paragraph
This,425,289,456,301,paragraph
new,460,289,488,301,paragraph
state,517,289,552,301,paragraph
of,560,289,573,301,paragraph
this,581,289,607,301,paragraph
system.,615,289,668,301,paragraph
Within,682,289,733,301,paragraph
a,740,289,749,301,paragraph
mean-ﬁeld,756,289,830,301,paragraph
approxima-,837,289,918,301,paragraph
approach,88,303,152,316,paragraph
is,159,303,170,316,paragraph
a,177,303,185,316,paragraph
generalisation,192,303,290,316,paragraph
to,297,303,311,316,paragraph
open,318,303,352,316,paragraph
quantum,359,303,422,316,paragraph
"systems,",429,303,488,316,paragraph
tion,517,303,546,316,paragraph
[18],552,303,577,316,paragraph
this,583,303,610,316,paragraph
model,616,303,659,316,paragraph
has,665,303,688,316,paragraph
a,695,303,703,316,paragraph
region,709,303,752,316,paragraph
of,759,303,772,316,paragraph
its,778,303,795,316,paragraph
parameter,801,303,874,316,paragraph
space,880,303,918,316,paragraph
evolving,88,318,146,330,paragraph
according,154,318,222,330,paragraph
to,229,318,244,330,paragraph
a,251,318,260,330,paragraph
Lindblad,267,318,331,330,paragraph
master,338,318,386,330,paragraph
equation,394,318,455,330,paragraph
"[24,",463,318,488,330,paragraph
in,517,318,531,330,paragraph
which,538,318,579,330,paragraph
it,586,318,596,330,paragraph
exhibits,603,318,659,330,paragraph
a,665,318,674,330,paragraph
strict,680,318,717,330,paragraph
ﬁrst-order,724,318,795,330,paragraph
"coexistence,",801,318,886,330,paragraph
ter-,893,318,918,330,paragraph
"25],",88,332,113,345,paragraph
of,117,332,130,345,paragraph
the,134,332,157,345,paragraph
method,161,332,215,345,paragraph
of,219,332,232,345,paragraph
Refs.,236,332,271,345,paragraph
[26–30],275,332,324,345,paragraph
for,328,332,348,345,paragraph
classical,352,332,409,345,paragraph
Markovian,413,332,488,345,paragraph
minating,517,332,581,345,paragraph
at,587,332,601,345,paragraph
a,608,332,616,345,paragraph
critical,622,332,671,345,paragraph
"point,",677,332,718,345,paragraph
between,725,332,782,345,paragraph
ferromagnetic,788,332,886,345,paragraph
and,892,332,918,345,paragraph
systems.,88,347,147,359,paragraph
This,154,347,186,359,paragraph
approach,190,347,254,359,paragraph
relies,259,347,295,359,paragraph
on,299,347,316,359,paragraph
the,320,347,343,359,paragraph
fact,347,347,373,359,paragraph
that,377,347,407,359,paragraph
metastable,411,347,488,359,paragraph
paramagnetic,517,347,613,359,paragraph
steady,620,347,666,359,paragraph
states.,673,347,718,359,paragraph
Related,730,347,785,359,paragraph
to,792,347,806,359,paragraph
"this,",813,347,844,359,paragraph
dynamics,851,347,918,359,paragraph
behaviour,88,361,158,374,paragraph
necessarily,163,361,239,374,paragraph
results,245,361,291,374,paragraph
from,297,361,330,374,paragraph
a,335,361,343,374,paragraph
separation,349,361,422,374,paragraph
of,428,361,441,374,paragraph
eigen-,447,361,488,374,paragraph
of,517,361,531,374,paragraph
this,536,361,563,374,paragraph
model,568,361,611,374,paragraph
in,617,361,631,374,paragraph
one,637,361,661,374,paragraph
dimension,667,361,738,374,paragraph
for,744,361,763,374,paragraph
ﬁnite,769,361,805,374,paragraph
size,811,361,837,374,paragraph
was,842,361,868,374,paragraph
shown,874,361,918,374,paragraph
modes,88,376,133,388,paragraph
in,139,376,153,388,paragraph
the,159,376,182,388,paragraph
spectrum,188,376,254,388,paragraph
of,260,376,273,388,paragraph
the,280,376,303,388,paragraph
master,309,376,357,388,paragraph
operator,364,376,424,388,paragraph
generat-,430,376,488,388,paragraph
to,517,376,532,388,paragraph
display,538,376,588,388,paragraph
pronounced,594,376,676,388,paragraph
intermittency,682,376,778,388,paragraph
between,784,376,841,388,paragraph
periods,847,376,899,388,paragraph
of,905,376,918,388,paragraph
ing,88,390,109,403,paragraph
the,116,390,138,403,paragraph
"dynamics,",144,390,215,403,paragraph
thus,222,390,252,403,paragraph
allowing,258,390,316,403,paragraph
one,322,390,347,403,paragraph
to,353,390,367,403,paragraph
investigate,373,390,449,403,paragraph
both,455,390,488,403,paragraph
photon,517,390,567,403,paragraph
emission,572,390,631,403,paragraph
activity,636,390,689,403,paragraph
and,694,390,720,403,paragraph
inactivity,724,390,792,403,paragraph
in,796,390,809,403,paragraph
quantum,814,390,877,403,paragraph
jump,881,390,918,403,paragraph
the,88,404,110,417,paragraph
structure,116,404,180,417,paragraph
of,186,404,199,417,paragraph
the,204,404,227,417,paragraph
metastable,233,404,309,417,paragraph
states,315,404,356,417,paragraph
and,361,404,388,417,paragraph
the,393,404,416,417,paragraph
long-time,421,404,488,417,paragraph
trajectories,517,404,598,417,paragraph
[18].,604,404,633,417,paragraph
While,642,404,684,417,paragraph
the,690,404,713,417,paragraph
mean-ﬁeld,719,404,792,417,paragraph
approximation,798,404,901,417,paragraph
is,907,404,918,417,paragraph
dynamics,88,419,154,432,paragraph
of,161,419,174,432,paragraph
the,181,419,203,432,paragraph
system,210,419,258,432,paragraph
using,265,419,302,432,paragraph
a,309,419,317,432,paragraph
reduced,324,419,379,432,paragraph
number,385,419,439,432,paragraph
of,446,419,459,432,paragraph
pa-,466,419,488,432,paragraph
not,517,419,541,432,paragraph
necessarily,546,419,622,432,paragraph
expected,627,419,689,432,paragraph
to,694,419,709,432,paragraph
be,714,419,731,432,paragraph
accurate,736,419,795,432,paragraph
even,801,419,832,432,paragraph
in,837,419,851,432,paragraph
the,856,419,878,432,paragraph
ther-,884,419,918,432,paragraph
rameters,88,433,149,446,paragraph
[23].,155,433,185,446,paragraph
The,194,433,222,446,paragraph
metastable,228,433,305,446,paragraph
states,311,433,352,446,paragraph
form,358,433,391,446,paragraph
a,397,433,405,446,paragraph
metastable,411,433,488,446,paragraph
modynamic,517,433,600,446,paragraph
limit,604,433,637,446,paragraph
in,641,433,655,446,paragraph
one-dimension,659,433,760,446,paragraph
"[9,",764,433,781,446,paragraph
"19,",785,433,806,446,paragraph
"20],",810,433,835,446,paragraph
it,839,433,850,446,paragraph
does,854,433,885,446,paragraph
pro-,889,433,918,446,paragraph
manifold,88,448,150,460,paragraph
"(MM),",154,448,201,460,paragraph
a,205,448,213,460,paragraph
convex,218,448,266,460,paragraph
subset,270,448,314,460,paragraph
of,319,448,332,460,paragraph
the,336,448,359,460,paragraph
system,363,448,412,460,paragraph
states,416,448,457,460,paragraph
(see,461,448,488,460,paragraph
vide,517,448,547,460,paragraph
an,554,448,571,460,paragraph
idea,577,448,606,460,paragraph
of,613,448,626,460,paragraph
the,633,448,655,460,paragraph
basic,662,448,697,460,paragraph
phase,704,448,744,460,paragraph
structure,750,448,815,460,paragraph
of,821,448,835,460,paragraph
the,841,448,864,460,paragraph
model.,870,448,918,460,paragraph
Fig.,88,462,116,475,paragraph
"1,",120,462,133,475,paragraph
details,138,462,184,475,paragraph
in,189,462,203,475,paragraph
Sec.,208,462,236,475,paragraph
),241,462,247,475,paragraph
on,254,462,271,475,paragraph
which,276,462,317,475,paragraph
the,322,462,345,475,paragraph
long-time,350,462,417,475,paragraph
dynamics,422,462,488,475,paragraph
As,517,462,536,475,paragraph
in,543,462,557,475,paragraph
the,564,462,586,475,paragraph
case,594,462,623,475,paragraph
discussed,630,462,695,475,paragraph
above,702,462,743,475,paragraph
of,750,462,763,475,paragraph
a,770,462,778,475,paragraph
classical,785,462,843,475,paragraph
ferromag-,850,462,918,475,paragraph
takes,88,477,124,489,paragraph
place,130,477,167,489,paragraph
[23].,173,477,203,489,paragraph
In,213,477,228,489,paragraph
Ref.,234,477,263,489,paragraph
[23],269,477,294,489,paragraph
this,301,477,327,489,paragraph
approach,333,477,398,489,paragraph
was,404,477,430,489,paragraph
applied,437,477,488,489,paragraph
"net,",517,477,545,489,paragraph
for,552,477,571,489,paragraph
metastability,578,477,671,489,paragraph
to,678,477,693,489,paragraph
be,699,477,716,489,paragraph
present,723,477,774,489,paragraph
all,781,477,798,489,paragraph
that,805,477,835,489,paragraph
is,842,477,853,489,paragraph
required,860,477,918,489,paragraph
to,88,491,102,504,paragraph
few-body,109,491,174,504,paragraph
models,181,491,230,504,paragraph
more,237,491,273,504,paragraph
related,279,491,328,504,paragraph
to,335,491,350,504,paragraph
problems,356,491,421,504,paragraph
in,428,491,441,504,paragraph
quan-,448,491,488,504,paragraph
is,517,491,528,504,paragraph
that,534,491,564,504,paragraph
states,570,491,611,504,paragraph
with,617,491,649,504,paragraph
distinct,655,491,709,504,paragraph
static,715,491,754,504,paragraph
character,760,491,825,504,paragraph
are,831,491,853,504,paragraph
approxi-,859,491,918,504,paragraph
tum,88,506,117,518,paragraph
information.,122,506,210,518,paragraph
Here,217,506,250,518,paragraph
we,256,506,274,518,paragraph
demonstrate,280,506,368,518,paragraph
the,373,506,396,518,paragraph
eﬀectiveness,402,506,488,518,paragraph
mate,517,506,553,518,paragraph
stationary,558,506,630,518,paragraph
states,634,506,675,518,paragraph
of,680,506,693,518,paragraph
the,698,506,721,518,paragraph
dynamics.,726,506,797,518,paragraph
Using,804,506,844,518,paragraph
the,849,506,872,518,paragraph
meth-,876,506,918,518,paragraph
of,88,520,101,533,paragraph
this,105,520,132,533,paragraph
approach,136,520,201,533,paragraph
for,206,520,225,533,paragraph
a,230,520,238,533,paragraph
many-body,243,520,323,533,paragraph
system,327,520,376,533,paragraph
where,380,520,422,533,paragraph
metasta-,427,520,488,533,paragraph
ods,517,520,542,533,paragraph
of,548,520,561,533,paragraph
[23],568,520,593,533,paragraph
we,600,520,618,533,paragraph
show,625,520,660,533,paragraph
the,666,520,689,533,paragraph
relation,696,520,750,533,paragraph
between,756,520,814,533,paragraph
the,820,520,843,533,paragraph
ferromag-,850,520,918,533,paragraph
bility,88,535,125,547,paragraph
emerges,130,535,186,547,paragraph
cooperatively,192,535,286,547,paragraph
with,291,535,323,547,paragraph
increasing,328,535,399,547,paragraph
system,404,535,453,547,paragraph
size.,458,535,488,547,paragraph
netic/paramagnetic,517,535,656,547,paragraph
states,664,535,705,547,paragraph
that,713,535,743,547,paragraph
mean-ﬁeld,751,535,824,547,paragraph
suggest,832,535,884,547,paragraph
and,892,535,918,547,paragraph
The,88,549,116,562,paragraph
dissipative,121,549,195,562,paragraph
Ising,200,549,234,562,paragraph
model,240,549,282,562,paragraph
we,288,549,306,562,paragraph
consider,311,549,369,562,paragraph
is,374,549,385,562,paragraph
also,391,549,418,562,paragraph
of,423,549,436,562,paragraph
partic-,441,549,488,562,paragraph
the,517,549,540,562,paragraph
metastable,546,549,623,562,paragraph
states,629,549,670,562,paragraph
of,676,549,689,562,paragraph
the,695,549,717,562,paragraph
dynamics,723,549,790,562,paragraph
of,796,549,809,562,paragraph
the,815,549,838,562,paragraph
dissipative,844,549,918,562,paragraph
ular,88,564,116,576,paragraph
interest,121,564,174,576,paragraph
as,178,564,193,576,paragraph
it,198,564,209,576,paragraph
can,213,564,238,576,paragraph
be,243,564,259,576,paragraph
realised,264,564,318,576,paragraph
experimentally,322,564,427,576,paragraph
through,432,564,488,576,paragraph
quantum,517,564,581,576,paragraph
Ising,588,564,622,576,paragraph
model,629,564,672,576,paragraph
at,679,564,694,576,paragraph
ﬁnite,701,564,737,576,paragraph
size.,744,564,774,576,paragraph
We,787,564,809,576,paragraph
show,816,564,851,576,paragraph
that,858,564,888,576,paragraph
the,895,564,918,576,paragraph
the,88,578,110,591,paragraph
use,116,578,138,591,paragraph
of,144,578,157,591,paragraph
Rydberg,162,578,223,591,paragraph
atoms,229,578,271,591,paragraph
in,277,578,290,591,paragraph
optical,296,578,344,591,paragraph
lattices,349,578,400,591,paragraph
"[17,",405,578,431,591,paragraph
18].,436,578,461,591,paragraph
short,517,578,554,591,paragraph
time,560,578,591,591,paragraph
dynamics,597,578,664,591,paragraph
relaxes,670,578,718,591,paragraph
to,724,578,739,591,paragraph
the,745,578,767,591,paragraph
metastable,773,578,850,591,paragraph
manifold,856,578,918,591,paragraph
in,517,593,531,605,paragraph
a,535,593,543,605,paragraph
way,548,593,575,605,paragraph
that,580,593,609,605,paragraph
is,614,593,625,605,paragraph
dependent,629,593,702,605,paragraph
on,706,593,724,605,paragraph
initial,728,593,769,605,paragraph
states,774,593,815,605,paragraph
"(i.e.,",819,593,851,605,paragraph
apparent,855,593,918,605,paragraph
The,104,597,132,609,paragraph
dissipative,140,597,214,609,paragraph
quantum,222,597,285,609,paragraph
Ising,293,597,327,609,paragraph
model,334,597,377,609,paragraph
we,385,597,404,609,paragraph
study,411,597,451,609,paragraph
here,458,597,488,609,paragraph
but,517,607,542,620,paragraph
transient,547,607,610,620,paragraph
non-ergodicity).,616,607,729,620,paragraph
We,736,607,759,620,paragraph
further,765,607,814,620,paragraph
show,819,607,854,620,paragraph
that,860,607,890,620,paragraph
the,895,607,918,620,paragraph
has,88,611,111,624,paragraph
the,116,611,139,624,paragraph
basic,143,611,178,624,paragraph
ingredients,183,611,261,624,paragraph
of,265,611,278,624,paragraph
a,283,611,291,624,paragraph
system,296,611,344,624,paragraph
where,349,611,390,624,paragraph
metastability,395,611,488,624,paragraph
long-time,517,621,584,634,paragraph
evolution,589,621,654,634,paragraph
within,659,621,704,634,paragraph
the,709,621,731,634,paragraph
MM,736,621,766,634,paragraph
is,771,621,782,634,paragraph
that,786,621,816,634,paragraph
of,821,621,834,634,paragraph
an,839,621,856,634,paragraph
eﬀective,861,621,918,634,paragraph
is,88,626,99,638,paragraph
a,105,626,113,638,paragraph
dynamical,120,626,193,638,paragraph
consequence,200,626,286,638,paragraph
of,293,626,306,638,paragraph
static,313,626,352,638,paragraph
features.,358,626,418,638,paragraph
In,429,626,444,638,paragraph
order,451,626,488,638,paragraph
classical,517,636,575,649,paragraph
stochastic,581,636,651,649,paragraph
"dynamics,",657,636,729,649,paragraph
even,735,636,767,649,paragraph
though,773,636,823,649,paragraph
the,830,636,852,649,paragraph
underly-,859,636,918,649,paragraph
to,88,640,102,653,paragraph
clarify,107,640,151,653,paragraph
what,156,640,192,653,paragraph
we,197,640,215,653,paragraph
"mean,",220,640,262,653,paragraph
consider,267,640,325,653,paragraph
for,330,640,350,653,paragraph
example,355,640,413,653,paragraph
a,418,640,426,653,paragraph
classical,431,640,488,653,paragraph
ing,517,650,539,663,paragraph
many-body,547,650,627,663,paragraph
system,634,650,683,663,paragraph
features,690,650,746,663,paragraph
quantum,754,650,817,663,paragraph
eﬀects.,824,650,873,663,paragraph
This,886,650,918,663,paragraph
ferromagnet,88,655,173,667,paragraph
at,179,655,194,667,paragraph
low,199,655,223,667,paragraph
temperatures,229,655,323,667,paragraph
in,329,655,343,667,paragraph
the,348,655,371,667,paragraph
thermodynamic,377,655,488,667,paragraph
is,517,665,528,677,paragraph
in,534,665,548,677,paragraph
line,554,665,579,677,paragraph
with,585,665,617,677,paragraph
recent,623,665,666,677,paragraph
ﬁeld-theoretic,672,665,769,677,paragraph
studies,775,665,824,677,paragraph
of,830,665,843,677,paragraph
open,849,665,883,677,paragraph
spin,889,665,918,677,paragraph
limit,88,669,121,682,paragraph
[14].,126,669,155,682,paragraph
For,162,669,186,682,paragraph
such,191,669,222,682,paragraph
a,226,669,234,682,paragraph
"system,",239,669,292,682,paragraph
if,296,669,306,682,paragraph
one,310,669,335,682,paragraph
starts,339,669,379,682,paragraph
close,384,669,417,682,paragraph
to,422,669,436,682,paragraph
the,440,669,463,682,paragraph
co-,467,669,488,682,paragraph
"lattices,",517,679,573,692,paragraph
which,580,679,621,692,paragraph
show,627,679,662,692,paragraph
the,669,679,691,692,paragraph
long,698,679,728,692,paragraph
time,734,679,766,692,paragraph
properties,773,679,844,692,paragraph
of,850,679,863,692,paragraph
similar,870,679,918,692,paragraph
existence,88,683,152,696,paragraph
point,156,683,194,696,paragraph
(say,198,683,228,696,paragraph
at,232,683,247,696,paragraph
small,252,683,289,696,paragraph
positive,294,683,349,696,paragraph
magnetic,354,683,418,696,paragraph
ﬁeld),423,683,459,696,paragraph
but,464,683,488,696,paragraph
models,517,694,567,706,paragraph
are,572,694,594,706,paragraph
often,599,694,635,706,paragraph
classical,641,694,698,706,paragraph
"[8,",703,694,720,706,paragraph
9].,726,694,743,706,paragraph
in,88,698,101,710,paragraph
a,106,698,114,710,paragraph
state,118,698,153,710,paragraph
belonging,157,698,225,710,paragraph
to,230,698,244,710,paragraph
the,249,698,271,710,paragraph
wrong,276,698,319,710,paragraph
phase,324,698,364,710,paragraph
(in,368,698,388,710,paragraph
this,392,698,419,710,paragraph
case,423,698,452,710,paragraph
with,457,698,488,710,paragraph
initial,88,712,129,725,paragraph
negative,133,712,192,725,paragraph
magnetisation),196,712,302,725,paragraph
there,306,712,342,725,paragraph
will,346,712,371,725,paragraph
be,375,712,392,725,paragraph
an,396,712,413,725,paragraph
initial,417,712,458,725,paragraph
fast,462,712,488,725,paragraph
The,534,712,562,725,paragraph
paper,568,712,608,725,paragraph
is,614,712,625,725,paragraph
organized,631,712,698,725,paragraph
as,704,712,719,725,paragraph
follows.,725,712,777,725,paragraph
In,786,712,801,725,paragraph
Sec.,806,712,834,725,paragraph
we,849,712,867,725,paragraph
brieﬂy,873,712,918,725,paragraph
relaxation,88,727,159,739,paragraph
within,164,727,209,739,paragraph
this,214,727,240,739,paragraph
"phase,",245,727,290,739,paragraph
before,295,727,338,739,paragraph
a,343,727,351,739,paragraph
much,356,727,394,739,paragraph
longer,399,727,443,739,paragraph
relax-,448,727,488,739,paragraph
review,517,727,563,739,paragraph
the,571,727,594,739,paragraph
spectral,602,727,658,739,paragraph
approach,666,727,730,739,paragraph
to,739,727,753,739,paragraph
metastability,761,727,854,739,paragraph
in,862,727,876,739,paragraph
open,884,727,918,739,paragraph
ation,88,741,124,754,paragraph
to,129,741,144,754,paragraph
the,149,741,172,754,paragraph
eventual,177,741,236,754,paragraph
equilibrium,242,741,323,754,paragraph
state,328,741,363,754,paragraph
within,368,741,413,754,paragraph
the,419,741,441,754,paragraph
stable,447,741,488,754,paragraph
quantum,517,741,581,754,paragraph
"systems,",586,741,646,754,paragraph
along,652,741,690,754,paragraph
with,695,741,727,754,paragraph
the,732,741,755,754,paragraph
eﬀective,761,741,818,754,paragraph
long-time,824,741,891,754,paragraph
de-,896,741,918,754,paragraph
phase,88,756,128,768,paragraph
(of,132,756,151,768,paragraph
positive,156,756,210,768,paragraph
magnetisation).,215,756,325,768,paragraph
This,332,756,364,768,paragraph
occurs,368,756,413,768,paragraph
due,417,756,443,768,paragraph
to,447,756,461,768,paragraph
the,466,756,488,768,paragraph
"scription,",517,756,584,768,paragraph
giving,589,756,632,768,paragraph
a,638,756,646,768,paragraph
particular,652,756,722,768,paragraph
focus,727,756,764,768,paragraph
to,769,756,784,768,paragraph
the,790,756,812,768,paragraph
case,818,756,847,768,paragraph
when,853,756,890,768,paragraph
the,895,756,918,768,paragraph
existence,88,770,152,783,paragraph
of,158,770,172,783,paragraph
a,178,770,187,783,paragraph
"large,",193,770,232,783,paragraph
but,240,770,264,783,paragraph
"ﬁnite,",271,770,311,783,paragraph
free-energy,319,770,397,783,paragraph
barrier,403,770,451,783,paragraph
that,458,770,488,783,paragraph
MM,517,770,547,783,paragraph
is,553,770,564,783,paragraph
one-dimensional,570,770,684,783,paragraph
as,690,770,704,783,paragraph
is,710,770,721,783,paragraph
the,727,770,749,783,paragraph
case,755,770,784,783,paragraph
for,790,770,809,783,paragraph
the,815,770,838,783,paragraph
dissipative,844,770,918,783,paragraph
needs,88,785,127,797,paragraph
to,134,785,149,797,paragraph
be,157,785,173,797,paragraph
crossed,181,785,232,797,paragraph
from,240,785,273,797,paragraph
the,281,785,303,797,paragraph
metastable,311,785,388,797,paragraph
phase,396,785,436,797,paragraph
to,443,785,458,797,paragraph
the,466,785,488,797,paragraph
quantum,517,785,581,797,paragraph
Ising,588,785,622,797,paragraph
model.,630,785,677,797,paragraph
Section,691,785,743,797,paragraph
is,758,785,769,797,paragraph
the,776,785,799,797,paragraph
"central,",806,785,859,797,paragraph
provid-,867,785,918,797,paragraph
stable,88,799,129,812,paragraph
phase.,135,799,180,812,paragraph
Hysteretic,188,799,260,812,paragraph
behaviour,266,799,336,812,paragraph
is,342,799,353,812,paragraph
a,359,799,367,812,paragraph
manifestation,373,799,469,812,paragraph
of,475,799,488,812,paragraph
ing,517,799,539,812,paragraph
an,546,799,563,812,paragraph
in-depth,570,799,630,812,paragraph
analysis,637,799,693,812,paragraph
of,700,799,713,812,paragraph
metastability,720,799,813,812,paragraph
in,820,799,834,812,paragraph
the,841,799,863,812,paragraph
model.,870,799,918,812,paragraph
this,88,814,114,826,paragraph
phenomenon.,119,814,213,826,paragraph
"Furthermore,",221,814,314,826,paragraph
zero,319,814,348,826,paragraph
ﬁeld,354,814,383,826,paragraph
is,389,814,400,826,paragraph
the,405,814,427,826,paragraph
point,433,814,470,826,paragraph
of,475,814,488,826,paragraph
We,517,814,540,826,paragraph
begin,548,814,587,826,paragraph
in,595,814,608,826,paragraph
Subsec.,616,814,669,826,paragraph
by,692,814,709,826,paragraph
returning,717,814,783,826,paragraph
to,791,814,806,826,paragraph
the,814,814,837,826,paragraph
mean-ﬁeld,845,814,918,826,paragraph
a,88,828,96,841,paragraph
ﬁrst-order,100,828,171,841,paragraph
"transition,",176,828,249,841,paragraph
and,254,828,280,841,paragraph
there,284,828,320,841,paragraph
is,325,828,336,841,paragraph
strict,340,828,377,841,paragraph
coexistence,382,828,462,841,paragraph
be-,466,828,488,841,paragraph
approach,517,828,582,841,paragraph
used,587,828,619,841,paragraph
in,624,828,637,841,paragraph
"[18],",642,828,672,841,paragraph
but,677,828,702,841,paragraph
focusing,707,828,765,841,paragraph
on,770,828,787,841,paragraph
time-evolution,792,828,894,841,paragraph
in-,899,828,918,841,paragraph
tween,88,843,128,855,paragraph
the,133,843,156,855,paragraph
phases,161,843,207,855,paragraph
of,212,843,225,855,paragraph
positive,230,843,285,855,paragraph
and,289,843,316,855,paragraph
negative,320,843,379,855,paragraph
"magnetisation,",384,843,488,855,paragraph
stead,517,843,555,855,paragraph
of,562,843,575,855,paragraph
only,582,843,613,855,paragraph
steady,620,843,666,855,paragraph
"state(s),",673,843,731,855,paragraph
and,739,843,765,855,paragraph
discussing,772,843,843,855,paragraph
the,851,843,873,855,paragraph
eﬀect,880,843,918,855,paragraph
which,88,857,129,870,paragraph
means,134,857,178,870,paragraph
that,183,857,212,870,paragraph
each,217,857,248,870,paragraph
is,253,857,264,870,paragraph
stable,269,857,310,870,paragraph
at,315,857,329,870,paragraph
long,334,857,364,870,paragraph
"times,",369,857,411,870,paragraph
giving,416,857,459,870,paragraph
rise,464,857,488,870,paragraph
of,517,857,531,870,paragraph
neglecting,537,857,609,870,paragraph
ﬂuctuations,615,857,698,870,paragraph
from,705,857,738,870,paragraph
spatial,744,857,791,870,paragraph
correlations.,798,857,885,870,paragraph
We,895,857,918,870,paragraph
to,88,871,102,884,paragraph
ergodicity,107,871,178,884,paragraph
breaking.,183,871,248,884,paragraph
It,256,871,268,884,paragraph
is,273,871,284,884,paragraph
important,289,871,361,884,paragraph
to,366,871,381,884,paragraph
note,386,871,417,884,paragraph
that,422,871,452,884,paragraph
such,457,871,488,884,paragraph
then,517,871,549,884,paragraph
apply,554,871,593,884,paragraph
the,597,871,620,884,paragraph
spectral,624,871,680,884,paragraph
approach,685,871,749,884,paragraph
of,754,871,767,884,paragraph
Ref.,771,871,800,884,paragraph
[23],805,871,830,884,paragraph
to,834,871,849,884,paragraph
the,853,871,876,884,paragraph
exact,880,871,918,884,paragraph
a,88,886,96,899,paragraph
transition,100,886,169,899,paragraph
only,174,886,204,899,paragraph
occurs,209,886,254,899,paragraph
in,258,886,272,899,paragraph
the,276,886,299,899,paragraph
thermodynamic,304,886,415,899,paragraph
limit.,419,886,457,899,paragraph
For,464,886,488,899,paragraph
model,517,886,560,899,paragraph
of,565,886,578,899,paragraph
N,582,886,595,899,paragraph
=,601,886,614,899,paragraph
7,618,886,626,899,paragraph
"spins,",631,886,671,899,paragraph
and,675,886,701,899,paragraph
ﬁnd,705,886,732,899,paragraph
a,736,886,745,899,paragraph
parameter,749,886,821,899,paragraph
regime,825,886,872,899,paragraph
where,876,886,918,899,paragraph
ﬁnite,88,900,124,913,paragraph
"size,",128,900,158,913,paragraph
even,162,900,193,913,paragraph
at,197,900,211,913,paragraph
zero,215,900,244,913,paragraph
"ﬁeld,",248,900,282,913,paragraph
dynamics,286,900,353,913,paragraph
is,356,900,367,913,paragraph
"metastable,",371,900,453,913,paragraph
with,457,900,488,913,paragraph
the,517,900,540,913,paragraph
system,546,900,594,913,paragraph
is,600,900,611,913,paragraph
metastable,617,900,694,913,paragraph
(Subsec.,700,900,758,913,paragraph
).,764,900,775,913,paragraph
This,783,900,815,913,paragraph
is,821,900,832,913,paragraph
followed,838,900,895,913,paragraph
by,901,900,918,913,paragraph
