token,x0,y0,x1,y1,label
k·,117,181,142,219,title
p,146,181,164,203,title
theory,174,181,264,203,title
for,275,181,313,203,title
two-dimensional,324,181,547,203,title
transition,558,181,692,203,title
metal,702,181,780,203,title
dichalcogenide,117,209,317,230,title
semiconductors,328,209,540,230,title
Andor,234,257,295,272,author
"Korm´anyos1,",303,255,425,272,author
Guido,432,257,491,272,author
Burkard1,498,255,584,272,author
1,234,278,241,287,author
Department,247,280,332,292,author
of,338,280,351,292,author
"Physics,",356,280,414,292,author
University,419,280,492,292,author
of,498,280,511,292,author
"Konstanz,",516,280,588,292,author
D-78464,593,280,652,292,author
"Konstanz,",657,280,729,292,author
Germany,734,280,799,292,author
Martin,234,320,302,335,author
"Gmitra2,",309,318,393,335,author
Jaroslav,400,320,479,335,author
Fabian2,486,318,557,335,author
2,234,341,241,350,author
Institute,247,343,308,355,author
for,314,343,333,355,author
Theoretical,339,343,419,355,author
"Physics,",425,343,482,355,author
University,487,343,560,355,author
of,566,343,579,355,author
"Regensburg,",584,343,671,355,author
D-93040,677,343,735,355,author
"Regensburg,",741,343,828,355,author
Germany,234,359,300,372,author
Viktor,234,399,297,414,author
"Z´olyomi3,",304,398,395,414,author
Neil,403,399,442,414,author
D.,449,399,472,414,author
"Drummond3,",480,398,603,414,author
Vladimir,611,399,696,414,author
Fal’ko3,703,398,767,414,author
3,234,420,241,429,author
Department,247,422,332,434,author
of,337,422,350,434,author
"Physics,",356,422,413,434,author
Lancaster,418,422,487,434,author
"University,",492,422,568,434,author
Lancaster,574,422,643,434,author
LA1,648,422,678,434,author
"4YB,",684,422,720,434,author
United,725,422,774,434,author
Kingdom,779,422,844,434,author
E-mail:,234,445,286,457,paragraph
andor.kormanyos@uni-konstanz.de,293,445,558,457,footer
E-mail:,234,467,286,480,paragraph
guido.burkard@uni-konstanz.de,293,468,541,479,footer
Abstract.,234,503,311,516,paragraph
We,259,520,281,533,abstract
present,287,520,338,533,abstract
k·,344,519,359,541,abstract
p,361,519,372,532,abstract
Hamiltonians,378,520,472,533,abstract
parametrised,478,520,570,533,abstract
by,576,520,593,533,abstract
ab,599,519,615,532,abstract
initio,621,519,659,532,abstract
density,665,520,716,533,abstract
functional,721,520,792,533,abstract
theory,798,520,844,533,abstract
calculations,234,536,318,549,abstract
to,324,536,339,549,abstract
describe,345,536,403,549,abstract
the,410,536,432,549,abstract
dispersion,439,536,510,549,abstract
of,517,536,530,549,abstract
the,537,536,559,549,abstract
valence,566,536,617,549,abstract
and,624,536,650,549,abstract
conduction,656,536,734,549,abstract
bands,741,536,783,549,abstract
at,789,536,804,549,abstract
their,810,536,844,549,abstract
extrema,234,553,292,565,abstract
(the,300,553,329,565,abstract
"K,",337,553,357,565,abstract
"Q,",365,553,383,565,abstract
"Γ,",392,553,406,565,abstract
and,415,553,441,565,abstract
M,449,553,465,565,abstract
points,475,553,519,565,abstract
of,527,553,540,565,abstract
the,548,553,571,565,abstract
hexagonal,579,553,650,565,abstract
Brillouin,658,553,720,565,abstract
zone),728,553,766,565,abstract
in,774,553,788,565,abstract
atomic,796,553,844,565,abstract
crystals,234,569,288,582,abstract
of,296,569,309,582,abstract
semiconducting,317,569,426,582,abstract
monolayer,434,569,506,582,abstract
transition,514,569,583,582,abstract
metal,590,569,630,582,abstract
dichalcogenides.,638,569,751,582,abstract
We,765,569,787,582,abstract
discuss,795,569,844,582,abstract
the,234,585,257,598,abstract
parametrisation,263,585,375,598,abstract
of,381,585,394,598,abstract
the,400,585,423,598,abstract
essential,429,585,488,598,abstract
parts,494,585,530,598,abstract
of,536,585,549,598,abstract
the,555,585,578,598,abstract
k·,584,585,598,607,abstract
p,601,585,611,597,abstract
Hamiltonians,617,585,711,598,abstract
for,717,585,737,598,abstract
MoS,743,585,775,598,abstract
",",782,585,787,598,abstract
MoSe,793,585,832,598,abstract
",",839,585,844,598,abstract
2,775,590,781,599,abstract
2,832,590,838,599,abstract
MoTe,234,602,275,614,abstract
",",282,602,287,614,abstract
WS,293,602,319,614,abstract
",",326,602,331,614,abstract
WSe,337,602,370,614,abstract
",",378,602,382,614,abstract
and,389,602,415,614,abstract
WTe,421,602,456,614,abstract
",",463,602,467,614,abstract
including,474,602,539,614,abstract
the,545,602,568,614,abstract
spin-splitting,574,602,667,614,abstract
and,674,602,700,614,abstract
spin-polarisation,706,602,824,614,abstract
of,831,602,844,614,abstract
2,275,606,282,615,abstract
2,319,606,326,615,abstract
2,370,606,377,615,abstract
2,456,606,462,615,abstract
the,234,618,257,631,abstract
"bands,",264,618,310,631,abstract
and,318,618,344,631,abstract
we,351,618,370,631,abstract
brieﬂy,377,618,422,631,abstract
review,429,618,475,631,abstract
the,482,618,505,631,abstract
vibrational,512,618,589,631,abstract
properties,597,618,668,631,abstract
of,675,618,688,631,abstract
these,695,618,732,631,abstract
materials.,739,618,809,631,abstract
We,821,618,844,631,abstract
then,234,634,266,647,abstract
use,271,634,294,647,abstract
k·,299,634,313,656,abstract
p,316,634,326,646,abstract
theory,331,634,377,647,abstract
to,382,634,396,647,abstract
analyse,401,634,453,647,abstract
optical,458,634,506,647,abstract
transitions,511,634,587,647,abstract
in,592,634,605,647,abstract
two-dimensional,610,634,725,647,abstract
transition,730,634,799,647,abstract
metal,804,634,844,647,abstract
dichalcogenides,234,651,343,663,abstract
over,351,651,380,663,abstract
a,388,651,396,663,abstract
broad,404,651,444,663,abstract
spectral,452,651,508,663,abstract
range,515,651,554,663,abstract
that,562,651,592,663,abstract
covers,599,651,642,663,abstract
the,650,651,673,663,abstract
Van,680,651,708,663,abstract
Hove,716,651,751,663,abstract
singularities,759,651,844,663,abstract
in,234,667,248,680,abstract
the,254,667,277,680,abstract
band,283,667,319,680,abstract
structure,325,667,390,680,abstract
(the,396,667,425,680,abstract
M,432,667,447,680,abstract
points).,456,667,510,680,abstract
We,520,667,543,680,abstract
also,549,667,577,680,abstract
discuss,583,667,632,680,abstract
the,639,667,661,680,abstract
visualisation,668,667,756,680,abstract
of,763,667,776,680,abstract
scanning,782,667,844,680,abstract
tunnelling,234,684,306,696,abstract
microscopy,311,684,390,696,abstract
maps.,395,684,437,696,abstract
PACS,234,735,277,748,paragraph
numbers:,282,735,347,748,paragraph
Contents,117,775,203,790,paragraph
1,117,810,128,825,paragraph
Introduction,146,810,267,825,paragraph
1,833,810,844,825,paragraph
2,117,845,128,860,paragraph
Lattice,146,845,213,860,paragraph
"parameters,",231,845,344,860,paragraph
band-structure,365,845,508,860,paragraph
calculations,526,845,638,860,paragraph
and,657,845,692,860,paragraph
vibrational,710,845,814,860,paragraph
properties,146,865,243,880,paragraph
3,833,865,844,880,paragraph
3,117,900,128,915,paragraph
Band-edge,146,900,247,915,paragraph
energy,254,900,318,915,paragraph
diﬀerences,326,900,426,915,paragraph
and,434,900,469,915,paragraph
spin-splittings,476,900,611,915,paragraph
7,833,900,844,915,paragraph
4,117,935,128,950,paragraph
Valence,146,935,219,950,paragraph
band,227,935,274,950,paragraph
width,281,935,336,950,paragraph
D,344,936,360,951,paragraph
9,833,935,844,950,paragraph
vb,360,941,375,952,paragraph
