token,x0,y0,x1,y1,label
The,220,171,265,193,title
local,273,171,325,193,title
optimality,334,171,450,193,title
of,458,171,479,193,title
the,487,171,523,193,title
double,532,171,606,193,title
lattice,615,171,684,193,title
packing,693,171,779,193,title
Yoav,357,215,399,230,author
Kallus∗,405,214,465,231,footer
and,473,215,503,230,author
W¨oden,510,215,569,230,author
Kusner†,575,214,641,231,footer
May,443,246,480,261,paragraph
"27,",486,246,511,261,paragraph
2020,517,246,556,261,paragraph
Abstract,464,314,535,327,paragraph
This,218,336,250,349,abstract
paper,256,336,296,349,abstract
introduces,302,336,375,349,abstract
a,380,336,389,349,abstract
technique,394,336,462,349,abstract
for,467,336,487,349,abstract
proving,492,336,546,349,abstract
the,551,336,574,349,abstract
local,579,336,612,349,abstract
optimality,618,336,691,349,abstract
of,697,336,710,349,abstract
packing,715,336,770,349,abstract
con-,775,336,805,349,abstract
ﬁgurations.,194,352,274,364,abstract
Applying,284,352,349,364,abstract
this,355,352,382,364,abstract
technique,388,352,456,364,abstract
to,462,352,477,364,abstract
a,483,352,491,364,abstract
general,498,352,548,364,abstract
convex,555,352,603,364,abstract
"polygon,",609,352,670,364,abstract
we,676,352,695,364,abstract
prove,701,352,740,364,abstract
that,746,352,776,364,abstract
the,782,352,805,364,abstract
construction,194,367,282,379,abstract
of,286,367,300,379,abstract
the,304,367,327,379,abstract
optimal,331,367,385,379,abstract
double,390,367,437,379,abstract
lattice,441,367,486,379,abstract
packing,490,367,544,379,abstract
by,549,367,566,379,abstract
Kuperberg,571,367,647,379,abstract
and,651,367,677,379,abstract
Kuperberg,682,367,758,379,abstract
is,762,367,773,379,abstract
also,778,367,805,379,abstract
locally,194,382,240,394,abstract
optimal,246,382,300,394,abstract
in,305,382,319,394,abstract
the,324,382,347,394,abstract
full,352,382,375,394,abstract
space,381,382,419,394,abstract
of,424,382,437,394,abstract
packings.,443,382,508,394,abstract
1,194,419,207,437,section
Introduction,234,419,379,437,section
This,218,451,250,463,paragraph
paper,255,451,295,463,paragraph
began,300,451,342,463,paragraph
as,346,451,361,463,paragraph
an,366,451,383,463,paragraph
investigation,387,451,478,463,paragraph
of,482,451,495,463,paragraph
the,500,451,523,463,paragraph
optimality,527,451,600,463,paragraph
of,605,451,618,463,paragraph
the,623,451,645,463,paragraph
double,650,451,697,463,paragraph
lattice,702,451,746,463,paragraph
packing,751,451,805,463,paragraph
for,194,466,214,479,paragraph
pentagons,219,466,290,479,paragraph
and,296,466,322,479,paragraph
heptagons.,328,466,404,479,paragraph
In,411,466,426,479,paragraph
"[KK90],",431,466,486,479,paragraph
Kuperberg,492,466,568,479,paragraph
and,573,466,599,479,paragraph
Kuperberg,605,466,681,479,paragraph
describe,686,466,744,479,paragraph
a,749,466,757,479,paragraph
recipe,763,466,805,479,paragraph
for,194,481,214,494,paragraph
ﬁnding,220,481,269,494,paragraph
the,276,481,298,494,paragraph
double,305,481,352,494,paragraph
lattice,359,481,403,494,paragraph
packing,410,481,464,494,paragraph
of,471,481,484,494,paragraph
congruent,491,481,561,494,paragraph
planar,568,481,613,494,paragraph
convex,620,481,668,494,paragraph
bodies,674,481,720,494,paragraph
with,726,481,758,494,paragraph
maxi-,765,481,805,494,paragraph
mal,194,496,220,509,paragraph
density,227,496,278,509,paragraph
by,284,496,301,509,paragraph
solving,308,496,357,509,paragraph
an,364,496,381,509,paragraph
optimization,388,496,477,509,paragraph
problem,484,496,542,509,paragraph
over,548,496,578,509,paragraph
inscribed,584,496,648,509,paragraph
parallelograms.,655,496,763,509,paragraph
This,773,496,805,509,paragraph
optimization,194,511,284,524,paragraph
problem,290,511,348,524,paragraph
is,354,511,364,524,paragraph
usually,370,511,421,524,paragraph
"tractable,",427,511,495,524,paragraph
and,501,511,527,524,paragraph
in,533,511,547,524,paragraph
the,553,511,575,524,paragraph
case,581,511,610,524,paragraph
of,616,511,629,524,paragraph
convex,635,511,683,524,paragraph
polygons,689,511,752,524,paragraph
can,758,511,782,524,paragraph
be,788,511,805,524,paragraph
solved,194,526,238,539,paragraph
by,244,526,261,539,paragraph
an,268,526,285,539,paragraph
algorithm,292,526,361,539,paragraph
with,368,526,399,539,paragraph
running,406,526,461,539,paragraph
time,468,526,500,539,paragraph
linear,506,526,546,539,paragraph
in,553,526,566,539,paragraph
the,573,526,596,539,paragraph
number,602,526,656,539,paragraph
of,663,526,676,539,paragraph
vertices,683,526,736,539,paragraph
[Mou91].,743,526,805,539,paragraph
As,194,541,213,554,paragraph
"examples,",219,541,288,554,paragraph
Kuperberg,294,541,370,554,paragraph
and,376,541,402,554,paragraph
Kuperberg,408,541,484,554,paragraph
construct,490,541,556,554,paragraph
the,562,541,584,554,paragraph
densest,590,541,642,554,paragraph
double,648,541,695,554,paragraph
lattice,701,541,745,554,paragraph
packing,751,541,805,554,paragraph
√,308,552,321,574,paragraph
for,194,557,214,569,paragraph
both,219,557,252,569,paragraph
regular,258,557,308,569,paragraph
pentagons,314,557,385,569,paragraph
and,391,557,417,569,paragraph
regular,423,557,473,569,paragraph
heptagons,479,557,550,569,paragraph
and,556,557,582,569,paragraph
show,588,557,623,569,paragraph
that,629,557,659,569,paragraph
these,664,557,701,569,paragraph
packings,706,557,767,569,paragraph
have,773,557,805,569,paragraph
−,293,562,306,584,paragraph
densities,194,572,255,584,paragraph
of,259,572,272,584,paragraph
(5,277,572,291,584,paragraph
5)/3,321,572,352,585,paragraph
=,356,572,369,584,paragraph
0.92131,374,572,427,585,paragraph
.,430,572,434,585,paragraph
.,437,572,441,585,paragraph
.,444,572,449,585,paragraph
and,456,572,482,584,paragraph
0.8926,487,572,532,585,paragraph
.,535,572,539,585,paragraph
.,542,572,546,585,paragraph
.,549,572,554,585,paragraph
respectively.,561,572,647,584,paragraph
These,654,572,696,584,paragraph
are,700,572,722,584,paragraph
the,727,572,749,584,paragraph
current,754,572,805,584,paragraph
records,194,587,245,599,paragraph
and,251,587,277,599,paragraph
possibly,282,587,340,599,paragraph
the,345,587,368,599,paragraph
best,374,587,403,599,paragraph
general,409,587,459,599,paragraph
packings,466,587,527,599,paragraph
of,532,587,546,599,paragraph
the,551,587,574,599,paragraph
plane,580,587,618,599,paragraph
by,623,587,640,599,paragraph
regular,646,587,696,599,paragraph
pentagons,702,587,773,599,paragraph
and,779,587,805,599,paragraph
by,194,602,211,614,paragraph
regular,217,602,267,614,paragraph
heptagons.,272,602,348,614,paragraph
Starting,218,617,276,630,paragraph
around,283,617,333,630,paragraph
the,340,617,362,630,paragraph
turn,369,617,400,630,paragraph
of,406,617,419,630,paragraph
the,426,617,449,630,paragraph
"century,",455,617,512,630,paragraph
a,519,617,527,630,paragraph
signiﬁcant,534,617,606,630,paragraph
"push,",612,617,650,630,paragraph
both,657,617,690,630,paragraph
theoretical,697,617,772,630,paragraph
and,779,617,805,630,paragraph
"computational,",194,632,301,645,paragraph
arose,308,632,345,645,paragraph
to,352,632,366,645,paragraph
answer,374,632,422,645,paragraph
some,429,632,465,645,paragraph
of,472,632,485,645,paragraph
the,492,632,515,645,paragraph
most,522,632,557,645,paragraph
basic,564,632,599,645,paragraph
yet,607,632,628,645,paragraph
frustrating,635,632,711,645,paragraph
questions,718,632,784,645,paragraph
in,791,632,805,645,paragraph
the,194,647,217,660,paragraph
theory,223,647,269,660,paragraph
of,276,647,289,660,paragraph
packing,296,647,350,660,paragraph
problems,357,647,421,660,paragraph
(for,428,647,453,660,paragraph
background,460,647,543,660,paragraph
on,549,647,566,660,paragraph
packing,573,647,627,660,paragraph
"problems,",634,647,703,660,paragraph
see,710,647,731,660,paragraph
"[BMP05],",738,647,805,660,paragraph
"[CGSS99],",194,662,267,675,paragraph
[Gro63]).,273,662,336,675,paragraph
Along,346,662,388,675,paragraph
with,394,662,426,675,paragraph
the,432,662,455,675,paragraph
proof,461,662,498,675,paragraph
and,504,662,531,675,paragraph
formal,537,662,582,675,paragraph
veriﬁcation,589,662,667,675,paragraph
of,674,662,687,675,paragraph
the,693,662,716,675,paragraph
Kepler,722,662,769,675,paragraph
con-,775,662,805,675,paragraph
jecture,194,677,242,690,paragraph
"[HAB+15],",249,676,325,690,paragraph
a,332,677,340,690,paragraph
number,346,677,400,690,paragraph
of,406,677,419,690,paragraph
other,425,677,463,690,paragraph
results,469,677,515,690,paragraph
on,521,677,538,690,paragraph
sphere,545,677,590,690,paragraph
packing,596,677,650,690,paragraph
in,657,677,670,690,paragraph
higher,676,677,721,690,paragraph
dimensions,727,677,805,690,paragraph
have,194,692,226,705,paragraph
proved,231,692,278,705,paragraph
illuminating,282,692,368,705,paragraph
"[CE03,",373,692,421,705,paragraph
"Van11,",425,692,474,705,paragraph
Ven13].,478,692,531,705,paragraph
For,538,692,562,705,paragraph
packings,566,692,627,705,paragraph
by,631,692,648,705,paragraph
congruent,653,692,723,705,paragraph
anisotropic,727,692,805,705,paragraph
"bodies,",194,708,244,720,paragraph
sharp,251,708,290,720,paragraph
results,296,708,343,720,paragraph
are,349,708,371,720,paragraph
limited,378,708,427,720,paragraph
mostly,434,708,481,720,paragraph
to,488,708,502,720,paragraph
the,509,708,532,720,paragraph
"plane,",538,708,581,720,paragraph
where,587,708,629,720,paragraph
the,636,708,658,720,paragraph
best,665,708,694,720,paragraph
packings,701,708,762,720,paragraph
of,768,708,781,720,paragraph
all,788,708,805,720,paragraph
centrally-symmetric,194,723,335,735,paragraph
bodies,339,723,384,735,paragraph
are,388,723,410,735,paragraph
achieved,414,723,474,735,paragraph
by,478,723,495,735,paragraph
lattices,499,723,549,735,paragraph
"[FT50],",553,723,606,735,paragraph
and,610,723,636,735,paragraph
a,640,723,648,735,paragraph
series,652,723,690,735,paragraph
of,694,723,707,735,paragraph
sparse,711,723,755,735,paragraph
results,759,723,805,735,paragraph
in,194,738,208,750,paragraph
higher,213,738,257,750,paragraph
dimensions,263,738,341,750,paragraph
[BK13].,346,738,400,750,paragraph
∗,170,757,176,770,paragraph
Santa,177,764,214,775,footer
Fe,219,764,234,775,footer
"Institute,",239,764,300,775,footer
1399,305,764,335,775,footer
Hyde,340,764,374,775,footer
Park,379,764,411,775,footer
"Road,",416,764,454,775,footer
Santa,459,764,496,775,footer
"Fe,",502,764,521,775,footer
New,526,764,555,775,footer
"Mexico,",560,764,611,775,footer
USA,616,764,647,775,footer
†,170,771,176,784,paragraph
Graz,177,778,209,790,footer
University,213,778,280,790,footer
of,285,778,297,790,footer
"Technology,",301,778,378,790,footer
Institute,382,778,439,790,footer
for,443,778,461,790,footer
Analysis,465,778,521,790,footer
and,525,778,549,790,footer
Computational,554,778,652,790,footer
Number,656,778,710,790,footer
"Theory,",714,778,764,790,footer
Steyrergasse,769,778,849,790,footer
"30/II,",150,792,188,803,footer
8010,193,792,223,803,footer
"Graz,",228,792,264,803,footer
Austria,269,792,318,803,footer
1,495,846,504,860,paragraph
##LTLine##,321,571,329,571,paragraph
##LTLine##,150,760,429,760,paragraph
