token,x0,y0,x1,y1,label
We,233,167,257,181,paragraph
acknowledge,263,167,360,181,paragraph
support,365,167,425,181,paragraph
from,431,167,467,181,paragraph
the,473,167,498,181,paragraph
EU,504,167,529,181,paragraph
Project,535,167,592,181,paragraph
QuPRoCs,598,167,676,181,paragraph
(Grant,681,167,734,181,paragraph
Agree-,740,167,791,181,paragraph
ment,205,184,244,198,paragraph
641277),250,184,311,198,paragraph
and,316,184,345,198,paragraph
the,351,184,376,198,paragraph
Fulbright,382,184,454,198,paragraph
Commission.,460,184,559,198,paragraph
References,205,202,328,220,paragraph
[1],214,237,233,251,reference
H.-P.,242,237,282,251,reference
"Breuer,",287,237,345,251,reference
Journal,351,237,409,251,reference
of,415,237,430,251,reference
Physics,436,237,494,251,reference
B,500,237,512,251,reference
"45,",518,237,544,251,reference
154001,549,237,603,251,reference
(2012).,609,237,663,251,reference
[2],214,266,233,280,reference
A.,242,266,260,280,reference
"Rivas,",264,266,311,280,reference
S.,316,266,331,280,reference
F.,335,266,351,280,reference
"Huelga,",355,266,414,280,reference
and,419,266,447,280,reference
M.,451,266,473,280,reference
B.,477,266,494,280,reference
"Plenio,",498,266,552,280,reference
Reports,556,266,618,280,reference
on,622,266,640,280,reference
Progress,644,266,710,280,reference
in,714,266,729,280,reference
Physics,733,266,791,280,reference
"77,",242,282,267,297,reference
094001,273,283,327,297,reference
(2014).,333,283,387,297,reference
[3],214,311,233,325,reference
H.-P.,242,311,282,325,reference
"Breuer,",288,311,345,325,reference
E.-M.,351,311,396,325,reference
"Laine,",402,311,450,325,reference
J.,456,311,470,325,reference
"Piilo,",477,311,517,325,reference
and,524,311,552,325,reference
B.,559,311,576,325,reference
"Vacchini,",582,311,653,325,reference
Rev.,660,311,695,325,reference
Mod.,701,311,742,325,reference
Phys.,748,311,791,325,reference
"88,",242,328,267,342,reference
021002,273,328,327,342,reference
(2016).,333,328,387,342,reference
[4],214,357,233,371,reference
I.,242,357,253,371,reference
de,259,357,277,371,reference
Vega,283,357,320,371,reference
and,326,357,355,371,reference
D.,361,357,380,371,reference
"Alonso,",386,357,444,371,reference
Rev.,449,357,485,371,reference
Mod.,491,357,531,371,reference
Phys.,537,357,580,371,reference
"89,",586,356,612,371,reference
015001,618,357,671,371,reference
(2017).,677,357,732,371,reference
[5],214,385,233,399,reference
V.,242,385,260,399,reference
"Gorini,",267,385,322,399,reference
A.,330,385,348,399,reference
"Kossakowski,",356,385,458,399,reference
and,466,385,494,399,reference
E.,502,385,519,399,reference
C.,526,385,544,399,reference
G.,552,385,571,399,reference
"Sudarshan,",578,385,664,399,reference
J.,672,385,686,399,reference
Math.,694,385,741,399,reference
Phys.,748,385,791,399,reference
"17,",242,402,267,416,reference
821,273,402,300,416,reference
(1976).,306,402,360,416,reference
[6],214,431,233,445,reference
G.,242,431,261,445,reference
"Lindblad,",267,431,341,445,reference
Comm.,347,431,403,445,reference
Math.,409,431,456,445,reference
"Phys.,",462,431,510,445,reference
"48,",516,430,542,445,reference
119,548,431,574,445,reference
(1976).,580,431,635,445,reference
[7],214,459,233,473,reference
S.,242,459,257,473,reference
M.,262,459,284,473,reference
Barnett,290,459,350,473,reference
and,356,459,385,473,reference
S.,391,459,405,473,reference
"Stenholm,",411,459,490,473,reference
Phys.,496,459,538,473,reference
Rev.,544,459,580,473,reference
A,586,459,599,473,reference
"64,",605,458,630,473,reference
033808,636,459,690,473,reference
(2001).,696,459,750,473,reference
[8],214,488,233,501,reference
S.,242,488,257,501,reference
Maniscalco,262,488,348,501,reference
and,354,488,383,501,reference
F.,389,488,405,501,reference
"Petruccione,",411,488,507,501,reference
Phys.,513,488,556,501,reference
Rev.,562,488,597,501,reference
A,603,488,617,501,reference
"73,",623,487,648,501,reference
012111,654,488,708,501,reference
(2006).,714,488,768,501,reference
[9],214,516,233,530,reference
T.,242,516,260,530,reference
"Rybar,",265,516,319,530,reference
S.,324,516,339,530,reference
N.,345,516,363,530,reference
"Filippov,",369,516,439,530,reference
M.,444,516,466,530,reference
"Ziman,",471,516,526,530,reference
and,532,516,560,530,reference
V.,566,516,584,530,reference
"Buzek,",590,516,643,530,reference
Journal,649,516,707,530,reference
of,713,516,727,530,reference
Physics,733,516,791,530,reference
B,242,533,254,547,reference
"45,",260,532,286,547,reference
154006,292,533,345,547,reference
(2012).,351,533,406,547,reference
[10],205,562,233,575,reference
V.,242,562,260,575,reference
Giovannetti,265,562,356,575,reference
and,362,562,390,575,reference
G.,395,562,414,575,reference
M.,419,562,441,575,reference
"Palma,",446,562,500,575,reference
Phys.,505,562,548,575,reference
Rev.,553,562,589,575,reference
Lett.,594,562,632,575,reference
"108,",637,561,673,575,reference
040401,678,562,731,575,reference
(2012).,737,562,791,575,reference
[11],205,590,233,604,reference
V.,242,590,260,604,reference
Giovannetti,268,590,360,604,reference
and,368,590,397,604,reference
G.,405,590,424,604,reference
M.,433,590,454,604,reference
"Palma,",462,590,517,604,reference
Journal,526,590,584,604,reference
of,593,590,607,604,reference
Physics,616,590,674,604,reference
B,682,590,695,604,reference
"45,",703,589,729,604,reference
154003,738,590,791,604,reference
(2012).,242,607,296,621,reference
[12],205,636,233,649,reference
F.,242,636,258,649,reference
"Ciccarello,",267,636,348,649,reference
G.,357,636,376,649,reference
M.,385,636,406,649,reference
"Palma,",415,636,469,649,reference
and,478,636,507,649,reference
V.,516,636,534,649,reference
"Giovannetti,",543,636,639,649,reference
Phys.,648,636,691,649,reference
Rev.,700,636,735,649,reference
A,744,636,757,649,reference
"87,",766,635,791,649,reference
"040103,",242,653,300,667,reference
(2013).,306,653,361,667,reference
[13],205,681,233,695,reference
N.,242,681,260,695,reference
K.,266,681,285,695,reference
"Bernardes,",290,681,373,695,reference
A.,379,681,397,695,reference
R.,403,681,421,695,reference
R.,427,681,445,695,reference
"Carvalho,",451,681,525,695,reference
C.,531,681,549,695,reference
H.,555,681,573,695,reference
"Monken,",579,681,646,695,reference
and,651,681,680,695,reference
M.,686,681,707,695,reference
F.,713,681,729,695,reference
"Santos,",735,681,791,695,reference
Phys.,242,698,285,712,reference
Rev.,291,698,326,712,reference
A,332,698,345,712,reference
"90,",351,697,377,712,reference
032111,383,698,436,712,reference
(2014).,442,698,497,712,reference
[14],205,727,233,740,reference
A.,242,727,260,740,reference
L.,266,727,282,740,reference
"Grimsmo,",288,727,365,740,reference
Phys.,370,727,413,740,reference
Rev.,419,727,455,740,reference
Lett.,461,727,499,740,reference
"115,",504,726,540,740,reference
060402,546,727,600,740,reference
(2015).,606,727,660,740,reference
[15],205,755,233,769,reference
S.,242,755,257,769,reference
"Lorenzo,",263,755,330,769,reference
F.,336,755,353,769,reference
"Ciccarello,",359,755,440,769,reference
and,447,755,475,769,reference
G.,482,755,500,769,reference
M.,507,755,528,769,reference
"Palma,",534,755,589,769,reference
Phys.,595,755,638,769,reference
Rev.,644,755,680,769,reference
A,686,755,699,769,reference
"93,",706,754,731,769,reference
052111,738,755,791,769,reference
(2016).,242,772,296,786,reference
[16],205,801,233,814,reference
S.,242,801,257,814,reference
"Kretschmer,",262,801,357,814,reference
K.,362,801,381,814,reference
"Luoma,",386,801,445,814,reference
and,451,801,479,814,reference
W.,485,801,508,814,reference
T.,513,801,531,814,reference
"Strunz,",537,801,593,814,reference
Phys.,599,801,642,814,reference
Rev.,647,801,682,814,reference
A,688,801,701,814,reference
"94,",707,800,732,814,reference
012106,738,801,791,814,reference
(2016).,242,818,296,832,reference
18,489,872,507,886,paragraph
