token,x0,y0,x1,y1,label
Local,239,205,300,227,title
polar,309,205,367,227,title
varieties,375,205,467,227,title
in,476,205,497,227,title
the,506,205,541,227,title
geometric,550,205,659,227,title
study,667,205,729,227,title
of,738,205,759,227,title
singularities,432,233,566,254,title
Arturo,328,274,385,290,author
Giles,391,274,433,290,author
Flores,439,274,490,290,author
and,496,274,527,290,author
Bernard,533,274,601,290,author
Teissier,608,274,670,290,author
May,443,304,479,319,paragraph
"28,",486,304,510,319,paragraph
2020,517,304,555,319,paragraph
This,242,352,274,365,paragraph
paper,281,352,318,365,paragraph
is,325,352,336,365,paragraph
dedicated,343,352,406,365,paragraph
to,413,352,426,365,paragraph
those,433,352,469,365,paragraph
administrators,475,352,578,365,paragraph
of,585,352,598,365,paragraph
research,604,352,661,365,paragraph
who,668,352,695,365,paragraph
realize,702,352,746,365,paragraph
how,752,352,780,365,paragraph
much,218,368,256,380,paragraph
damage,262,368,316,380,paragraph
is,322,368,334,380,paragraph
done,340,368,373,380,paragraph
by,380,368,395,380,paragraph
the,402,368,423,380,paragraph
evaluation,429,368,502,380,paragraph
of,508,368,521,380,paragraph
mathematical,528,368,622,380,paragraph
research,628,368,685,380,paragraph
solely,692,368,730,380,paragraph
by,737,368,752,380,paragraph
the,758,368,780,380,paragraph
rankings,218,383,277,395,paragraph
of,283,383,296,395,paragraph
the,301,383,322,395,paragraph
journals,327,383,385,395,paragraph
in,390,383,404,395,paragraph
which,409,383,449,395,paragraph
it,454,383,465,395,paragraph
is,470,383,482,395,paragraph
"published,",487,383,555,395,paragraph
or,561,383,576,395,paragraph
more,581,383,616,395,paragraph
generally,621,383,684,395,paragraph
by,690,383,705,395,paragraph
bibliomet-,710,383,780,395,paragraph
ric,218,398,237,410,paragraph
indices.,243,398,296,410,paragraph
We,304,398,328,410,paragraph
hope,333,398,365,410,paragraph
that,371,398,398,410,paragraph
their,404,398,437,410,paragraph
lucidity,443,398,495,410,paragraph
will,500,398,525,410,paragraph
become,531,398,580,410,paragraph
widespread,586,398,662,410,paragraph
in,667,398,682,410,paragraph
all,687,398,705,410,paragraph
countries.,710,398,780,410,paragraph
Abstract,466,440,532,452,paragraph
This,259,460,288,471,abstract
text,293,460,319,471,abstract
presents,324,460,377,471,abstract
several,382,460,426,471,abstract
aspects,431,460,478,471,abstract
of,483,460,495,471,abstract
the,500,460,521,471,abstract
theory,525,460,568,471,abstract
of,572,460,584,471,abstract
equisingularity,589,460,686,471,abstract
of,690,460,703,471,abstract
com-,707,460,739,471,abstract
plex,259,474,286,485,abstract
analytic,290,474,343,485,abstract
spaces,347,474,388,485,abstract
from,392,474,423,485,abstract
the,427,474,448,485,abstract
standpoint,452,474,523,485,abstract
of,527,474,539,485,abstract
Whitney,543,474,600,485,abstract
conditions.,604,474,676,485,abstract
The,682,474,708,485,abstract
goal,712,474,739,485,abstract
is,259,488,269,499,abstract
to,274,488,287,499,abstract
describe,292,488,345,499,abstract
from,350,488,381,499,abstract
the,386,488,407,499,abstract
"geometrical,",411,488,491,499,abstract
"topological,",496,488,572,499,abstract
and,576,488,601,499,abstract
algebraic,606,488,664,499,abstract
viewpoints,669,488,739,499,abstract
a,259,502,266,513,abstract
canonical,271,502,332,513,abstract
locally,337,502,379,513,abstract
ﬁnite,384,502,418,513,abstract
partition,422,502,480,513,abstract
of,485,502,497,513,abstract
a,502,502,509,513,abstract
reduced,514,502,565,513,abstract
complex,570,502,624,513,abstract
analytic,628,502,681,513,abstract
space,685,502,721,513,abstract
X,725,502,738,513,abstract
into,259,515,284,527,abstract
nonsingular,289,515,365,527,abstract
strata,370,515,409,527,abstract
with,414,515,443,527,abstract
the,448,515,469,527,abstract
property,473,515,530,527,abstract
that,535,515,562,527,abstract
the,567,515,588,527,abstract
local,593,515,623,527,abstract
geometry,628,515,689,527,abstract
of,694,515,706,527,abstract
X,710,515,723,527,abstract
is,729,515,739,527,abstract
constant,259,529,314,541,abstract
on,318,529,334,541,abstract
each,338,529,367,541,abstract
stratum.,371,529,427,541,abstract
Local,433,529,469,541,abstract
polar,473,529,506,541,abstract
varieties,510,529,564,541,abstract
appear,568,529,613,541,abstract
in,617,529,629,541,abstract
the,633,529,654,541,abstract
title,658,529,685,541,abstract
because,688,529,739,541,abstract
they,259,543,288,554,abstract
play,293,543,320,554,abstract
a,325,543,333,554,abstract
central,338,543,383,554,abstract
role,388,543,412,554,abstract
in,417,543,429,554,abstract
the,434,543,455,554,abstract
uniﬁcation,460,543,530,554,abstract
of,535,543,547,554,abstract
viewpoints.,552,543,626,554,abstract
The,633,543,659,554,abstract
geometrical,664,543,739,554,abstract
viewpoint,259,557,323,568,abstract
leads,328,557,360,568,abstract
to,365,557,379,568,abstract
the,383,557,404,568,abstract
study,409,557,446,568,abstract
of,451,557,463,568,abstract
spaces,468,557,509,568,abstract
of,514,557,526,568,abstract
limit,531,557,562,568,abstract
directions,566,557,630,568,abstract
at,635,557,648,568,abstract
a,653,557,661,568,abstract
given,666,557,700,568,abstract
point,705,557,739,568,abstract
⊂,298,562,310,582,abstract
of,259,571,271,582,abstract
X,278,571,290,582,abstract
Cn,317,569,337,582,abstract
of,344,571,357,582,abstract
hyperplanes,363,571,442,582,abstract
of,448,571,460,582,abstract
Cn,467,569,487,582,abstract
tangent,495,571,544,582,abstract
to,551,571,565,582,abstract
X,571,571,584,582,abstract
at,592,571,605,582,abstract
nonsingular,612,571,688,582,abstract
"points,",695,571,739,582,abstract
which,259,585,297,596,abstract
in,301,585,314,596,abstract
turn,319,585,347,596,abstract
leads,352,585,384,596,abstract
to,389,585,402,596,abstract
the,407,585,428,596,abstract
realization,433,585,501,596,abstract
that,506,585,533,596,abstract
the,538,585,559,596,abstract
Whitney,564,585,620,596,abstract
"conditions,",625,585,696,596,abstract
which,701,585,739,596,abstract
are,259,598,279,610,abstract
used,285,598,314,610,abstract
to,320,598,334,610,abstract
deﬁne,340,598,378,610,abstract
the,384,598,405,610,abstract
"stratiﬁcation,",411,598,499,610,abstract
are,505,598,525,610,abstract
in,531,598,544,610,abstract
fact,550,598,575,610,abstract
of,581,598,593,610,abstract
a,599,598,606,610,abstract
Lagrangian,612,598,686,610,abstract
nature.,692,598,739,610,abstract
The,259,612,285,624,abstract
local,291,612,321,624,abstract
polar,328,612,361,624,abstract
varieties,368,612,422,624,abstract
are,428,612,448,624,abstract
used,454,612,483,624,abstract
to,490,612,503,624,abstract
analyze,509,612,558,624,abstract
the,564,612,585,624,abstract
structure,591,612,651,624,abstract
of,657,612,669,624,abstract
the,675,612,696,624,abstract
set,702,612,721,624,abstract
of,727,612,739,624,abstract
limit,259,626,290,637,abstract
directions,294,626,358,637,abstract
of,362,626,374,637,abstract
tangent,379,626,429,637,abstract
hyperplanes.,433,626,515,637,abstract
This,522,626,551,637,abstract
structure,556,626,615,637,abstract
helps,620,626,653,637,abstract
in,658,626,670,637,abstract
particular,675,626,739,637,abstract
to,259,640,272,651,abstract
understand,277,640,351,651,abstract
how,355,640,382,651,abstract
a,386,640,394,651,abstract
singularity,398,640,468,651,abstract
diﬀers,473,640,512,651,abstract
from,517,640,548,651,abstract
its,552,640,568,651,abstract
tangent,573,640,623,651,abstract
"cone,",627,640,661,651,abstract
assumed,666,640,721,651,abstract
to,726,640,739,651,abstract
be,259,654,274,665,abstract
reduced.,280,654,336,665,abstract
The,346,654,372,665,abstract
multiplicities,378,654,463,665,abstract
of,469,654,482,665,abstract
local,488,654,518,665,abstract
polar,524,654,558,665,abstract
varieties,565,654,619,665,abstract
are,625,654,645,665,abstract
related,651,654,696,665,abstract
to,703,654,716,665,abstract
lo-,722,654,739,665,abstract
cal,259,668,277,679,abstract
topological,283,668,355,679,abstract
"invariants,",360,668,429,679,abstract
local,435,668,465,679,abstract
vanishing,471,668,533,679,abstract
Euler-Poincar´e,538,668,636,679,abstract
"characteristics,",641,668,739,679,abstract
by,259,681,275,693,abstract
a,281,681,289,693,abstract
formula,295,681,345,693,abstract
which,351,681,390,693,abstract
turns,396,681,430,693,abstract
out,437,681,458,693,abstract
to,465,681,478,693,abstract
"contain,",485,681,537,693,abstract
in,543,681,556,693,abstract
the,562,681,583,693,abstract
special,590,681,634,693,abstract
case,640,681,667,693,abstract
where,673,681,712,693,abstract
the,718,681,739,693,abstract
singularity,259,695,328,707,abstract
is,334,695,344,707,abstract
the,350,695,371,707,abstract
vertex,377,695,418,707,abstract
of,423,695,436,707,abstract
the,441,695,462,707,abstract
cone,468,695,498,707,abstract
over,503,695,531,707,abstract
a,537,695,544,707,abstract
reduced,550,695,601,707,abstract
projective,607,695,672,707,abstract
"variety,",678,695,725,707,abstract
a,731,695,739,707,abstract
Plu¨cker-type,259,709,342,720,abstract
formula,347,709,397,720,abstract
for,402,709,420,720,abstract
the,425,709,446,720,abstract
degree,451,709,493,720,abstract
of,498,709,510,720,abstract
the,515,709,536,720,abstract
dual,541,709,570,720,abstract
of,575,709,587,720,abstract
a,592,709,599,720,abstract
projective,604,709,669,720,abstract
variety.,674,709,722,720,abstract
R´esum´e,469,730,529,742,abstract
Ce,259,752,276,763,abstract
texte,282,752,315,763,abstract
pr´esente,321,752,375,763,abstract
plusieurs,381,752,439,763,abstract
aspects,445,752,492,763,abstract
de,498,752,513,763,abstract
la,519,752,530,763,abstract
th´eorie,536,752,581,763,abstract
de,587,752,602,763,abstract
l’´equisingularit´e,608,752,713,763,abstract
des,718,752,739,763,abstract
espaces,259,766,307,777,abstract
analytiques,311,766,385,777,abstract
complexes,389,766,456,777,abstract
telle,460,766,487,777,abstract
qu’elle,491,766,533,777,abstract
est,537,766,556,777,abstract
d´eﬁnie,560,766,603,777,abstract
par,606,766,628,777,abstract
les,632,766,649,777,abstract
conditions,653,766,720,777,abstract
de,724,766,739,777,abstract
Whitney.,259,780,319,791,abstract
Le,325,780,341,791,abstract
but,345,780,367,791,abstract
est,371,780,390,791,abstract
de,393,780,408,791,abstract
d´ecrire,412,780,457,791,abstract
des,460,780,481,791,abstract
points,485,780,525,791,abstract
de,529,780,544,791,abstract
vue,548,780,571,791,abstract
"g´eom´etrique,",575,780,659,791,abstract
topologique,663,780,739,791,abstract
et,259,793,271,805,abstract
alg´ebrique,276,793,344,805,abstract
une,348,793,372,805,abstract
partition,377,793,434,805,abstract
canonique,439,793,505,805,abstract
localement,510,793,580,805,abstract
ﬁnie,585,793,613,805,abstract
d’un,618,793,647,805,abstract
espace,652,793,694,805,abstract
analy-,698,793,739,805,abstract
tique,259,807,292,819,abstract
complexe,296,807,357,819,abstract
r´eduit,362,807,401,819,abstract
X,406,807,418,819,abstract
en,424,807,439,819,abstract
strates,444,807,487,819,abstract
non,492,807,516,819,abstract
singuli`eres,521,807,589,819,abstract
telles,593,807,627,819,abstract
que,631,807,654,819,abstract
la,659,807,671,819,abstract
g´eom´etrie,675,807,739,819,abstract
locale,259,821,296,832,abstract
de,300,821,315,832,abstract
X,318,821,331,832,abstract
soit,335,821,359,832,abstract
constante,362,821,425,832,abstract
le,428,821,439,832,abstract
long,443,821,470,832,abstract
de,474,821,489,832,abstract
chaque,492,821,537,832,abstract
strate.,541,821,583,832,abstract
Les,589,821,611,832,abstract
vari´et´es,615,821,665,832,abstract
polaires,668,821,719,832,abstract
lo-,722,821,739,832,abstract
cales,259,835,290,846,abstract
apparaissent,295,835,377,846,abstract
dans,382,835,412,846,abstract
le,417,835,428,846,abstract
titre,434,835,462,846,abstract
parce,467,835,502,846,abstract
qu’elles,508,835,556,846,abstract
jouent,561,835,602,846,abstract
un,607,835,624,846,abstract
roˆle,629,835,654,846,abstract
central,659,835,704,846,abstract
dans,709,835,739,846,abstract
1,495,877,503,889,paragraph
