token,x0,y0,x1,y1,label
[69],175,143,201,155,reference
W.,209,143,231,155,reference
"Unruh,",237,143,288,155,reference
“Notes,294,143,344,155,reference
on,350,143,367,155,reference
black,373,143,411,155,reference
hole,416,143,446,155,reference
"evaporation,”",452,143,550,155,reference
Phys.Rev.,556,143,628,155,reference
D14,634,143,668,155,reference
(1976),673,143,720,155,reference
870.,725,143,755,155,reference
[70],175,167,201,179,reference
B.,209,167,226,179,reference
Garbrecht,231,167,305,179,reference
and,311,167,338,179,reference
T.,343,167,360,179,reference
"Prokopec,",365,167,438,179,reference
“Unruh,443,167,499,179,reference
response,504,167,566,179,reference
functions,572,167,638,179,reference
for,644,167,664,179,reference
scalar,670,167,712,179,reference
ﬁelds,717,167,754,179,reference
in,760,167,774,179,reference
de,779,167,796,179,reference
Sitter,802,167,843,179,reference
"space,”",209,181,262,193,reference
Class.,267,181,311,193,reference
Quant.,317,181,367,193,reference
Grav.,373,181,414,193,reference
21,419,181,439,193,reference
(2004),444,181,491,193,reference
"4993–5004,",496,181,576,193,reference
arXiv:gr-qc/0404058,582,182,749,193,reference
[gr-qc].,758,181,824,193,reference
[71],175,205,201,217,reference
I.,209,205,220,217,reference
"Agullo,",226,205,278,217,reference
J.,284,205,297,217,reference
"Navarro-Salas,",303,205,408,217,reference
G.,414,205,432,217,reference
J.,437,205,451,217,reference
"Olmo,",456,205,501,217,reference
and,506,205,533,217,reference
L.,539,205,554,217,reference
"Parker,",560,205,613,217,reference
“Reexamination,618,205,736,217,reference
of,742,205,755,217,reference
the,761,205,784,217,reference
Power,790,205,834,217,reference
Spectrum,209,219,280,231,reference
in,285,219,299,231,reference
De,305,219,325,231,reference
Sitter,331,219,372,231,reference
"Inﬂation,”",377,219,452,231,reference
Phys.,458,219,498,231,reference
Rev.,504,219,536,231,reference
Lett.,542,219,575,231,reference
101,581,219,610,231,reference
(2008),615,219,662,231,reference
"171301,",667,219,722,231,reference
arXiv:0806.0034,209,234,341,245,reference
[gr-qc].,350,233,416,245,reference
[72],175,257,201,269,reference
H.,209,257,227,269,reference
Bateman,232,257,298,269,reference
and,304,257,331,269,reference
A.,336,257,353,269,reference
"Erdelyi.,",359,257,421,269,reference
“Tables,427,257,482,269,reference
of,488,257,501,269,reference
Integral,507,257,564,269,reference
"Transforms,",569,257,656,269,reference
Vol.,661,257,690,269,reference
1:,696,257,709,269,reference
"Fourier,",716,257,773,269,reference
"Laplace,",779,257,840,269,reference
and,209,271,236,283,reference
Mellin,242,271,288,283,reference
"Transforms,”",294,271,389,283,reference
McGRAW-HILL,394,271,516,283,reference
BOOK,522,271,572,283,reference
"COMPANY,",578,271,670,283,reference
INC.,676,271,712,283,reference
(1954),718,271,764,283,reference
.,770,271,775,283,reference
86,500,863,517,874,paragraph
