token,x0,y0,x1,y1,label
zakopane,363,144,428,156,paragraph
printed,446,144,497,156,paragraph
on,503,144,521,156,paragraph
May,527,144,559,156,paragraph
"26,",565,144,587,156,paragraph
2020,593,144,627,156,paragraph
5,791,144,799,156,paragraph
Let,228,186,254,199,paragraph
us,260,186,278,199,paragraph
assume,284,186,341,199,paragraph
that,347,186,380,199,paragraph
the,386,186,412,199,paragraph
distribution,417,186,511,199,paragraph
function,517,186,583,199,paragraph
is,589,186,601,199,paragraph
classical,607,186,671,199,paragraph
for,677,186,699,199,paragraph
E,705,186,719,199,paragraph
<<,725,186,753,199,paragraph
Λ,758,186,771,199,paragraph
",",794,186,799,199,paragraph
UV,771,191,790,200,paragraph
then,199,201,235,214,paragraph
∼,467,226,481,248,equation
1,495,226,504,239,equation
Λ,514,226,527,239,equation
IR,527,231,545,241,equation
f,451,235,460,248,equation
(9),776,235,799,248,equation
α,488,244,500,257,equation
E,523,244,536,257,equation
S,500,249,509,258,equation
More,228,273,269,286,paragraph
generally,275,273,347,286,paragraph
we,353,273,374,286,paragraph
can,380,273,408,286,paragraph
write,414,273,454,286,paragraph
∼,422,297,436,320,equation
1,450,298,459,311,equation
Λ,472,298,484,311,equation
IR,484,303,502,312,equation
f,406,307,415,320,equation
f(E/Λ,508,307,562,320,equation
),585,307,593,320,equation
(10),767,307,799,320,equation
UV,562,312,581,321,equation
α,443,316,455,329,equation
Λ,469,316,482,329,equation
S,455,321,464,330,equation
UV,482,321,502,330,equation
Now,228,345,263,358,paragraph
plugging,269,345,337,358,paragraph
this,343,345,373,358,paragraph
into,378,345,410,358,paragraph
the,415,345,441,358,paragraph
transport,447,345,522,358,paragraph
equation,527,345,596,358,paragraph
and,602,345,631,358,paragraph
integrating,637,345,724,358,paragraph
over,730,345,763,358,paragraph
mo-,769,345,799,358,paragraph
mentum,199,360,265,373,paragraph
gives,271,360,310,373,paragraph
an,316,360,335,373,paragraph
equation,341,360,410,373,paragraph
d,415,385,424,398,equation
∼,502,384,517,407,equation
Λ,430,394,442,407,equation
Λ2,461,391,481,407,equation
Λ3,522,391,542,407,equation
Λ,553,394,566,407,equation
(11),767,394,799,407,equation
dt,411,403,428,416,equation
IR,442,399,460,408,equation
UV,474,400,493,409,equation
IR,534,400,552,409,equation
UV,566,399,585,408,equation
Taking,228,432,283,445,paragraph
∼,425,456,439,479,equation
1,476,457,485,470,equation
d,521,457,531,470,equation
1/t,395,466,420,479,equation
Λ,536,466,549,479,equation
Λ2,568,463,588,479,equation
(12),767,466,799,479,equation
Λ,446,475,459,488,equation
Λ2,478,473,498,488,equation
dt,518,475,534,488,equation
IR,549,471,567,480,equation
UV,580,472,600,481,equation
IR,459,480,477,489,equation
UV,491,482,510,491,equation
we,228,504,249,517,paragraph
can,255,504,282,517,paragraph
identify,288,504,349,517,paragraph
the,355,504,380,517,paragraph
scattering,387,504,465,517,paragraph
time,471,504,507,517,paragraph
as,513,504,529,517,paragraph
∼,489,528,503,551,equation
Λ,510,529,523,542,equation
UV,523,534,542,543,equation
t,451,538,457,551,equation
(13),767,538,799,551,equation
scat,457,542,483,552,equation
Λ2,512,545,532,560,equation
IR,525,554,543,563,equation
Note,228,576,266,588,paragraph
that,271,576,304,588,paragraph
the,309,576,334,588,paragraph
coupling,339,576,406,588,paragraph
constant,411,576,479,588,paragraph
has,484,576,510,588,paragraph
entirely,515,576,575,588,paragraph
disappeared,580,576,675,588,paragraph
from,680,576,717,588,paragraph
this,722,576,751,588,paragraph
equa-,756,576,799,588,paragraph
tion.,199,591,236,604,paragraph
One,248,591,281,604,paragraph
can,288,591,316,604,paragraph
show,323,591,362,604,paragraph
that,370,591,403,604,paragraph
this,411,591,440,604,paragraph
form,448,591,485,604,paragraph
of,493,591,507,604,paragraph
the,515,591,540,604,paragraph
time,548,591,583,604,paragraph
dependence,591,591,683,604,paragraph
persists,690,591,750,604,paragraph
when,758,591,799,604,paragraph
one,199,606,227,619,paragraph
includes,233,606,297,619,paragraph
higher,303,606,353,619,paragraph
order,359,606,401,619,paragraph
corrections,407,606,494,619,paragraph
associated,500,606,581,619,paragraph
with,587,606,623,619,paragraph
inelastic,629,606,694,619,paragraph
particle,701,606,761,619,paragraph
pro-,767,606,799,619,paragraph
duction[14].,199,621,293,634,paragraph
If,228,636,240,649,paragraph
there,244,636,285,649,paragraph
is,290,636,302,649,paragraph
a,306,636,316,649,paragraph
Bose,320,636,358,649,paragraph
condensate,362,636,450,649,paragraph
present,454,636,512,649,paragraph
then,517,636,552,649,paragraph
there,557,636,597,649,paragraph
is,602,636,614,649,paragraph
a,619,636,628,649,paragraph
term,632,636,670,649,paragraph
in,675,636,690,649,paragraph
the,694,636,720,649,paragraph
transport,724,636,799,649,paragraph
equation,199,651,268,664,paragraph
associated,276,651,357,664,paragraph
with,365,651,401,664,paragraph
scattering,409,651,488,664,paragraph
from,496,651,533,664,paragraph
a,541,651,550,664,paragraph
condensate.,558,651,651,664,paragraph
In,665,651,682,664,paragraph
this,690,651,720,664,paragraph
"case,",728,651,765,664,paragraph
the,774,651,799,664,paragraph
dependence,199,666,291,679,paragraph
upon,297,666,338,679,paragraph
the,344,666,369,679,paragraph
infrared,375,666,438,679,paragraph
and,444,666,474,679,paragraph
ultraviolet,480,666,562,679,paragraph
scales,568,666,613,679,paragraph
for,620,666,642,679,paragraph
the,648,666,673,679,paragraph
scattering,679,666,758,679,paragraph
time,764,666,799,679,paragraph
is,199,682,212,695,paragraph
"diﬀerent,",218,682,289,695,paragraph
but,295,682,323,695,paragraph
can,329,682,356,695,paragraph
also,362,682,393,695,paragraph
be,399,682,418,695,paragraph
explicitly,424,682,497,695,paragraph
obtained.,504,682,578,695,paragraph
The,228,697,259,710,paragraph
relationship,266,697,360,710,paragraph
between,367,697,432,710,paragraph
the,438,697,464,710,paragraph
dynamical,471,697,553,710,paragraph
scale,560,697,598,710,paragraph
and,604,697,634,710,paragraph
the,641,697,666,710,paragraph
scattering,673,697,752,710,paragraph
"time,",759,697,799,710,paragraph
∼,213,702,228,725,paragraph
t,199,712,206,725,paragraph
t,235,712,242,725,paragraph
gives,275,712,314,725,paragraph
one,322,712,349,725,paragraph
equation,357,712,425,725,paragraph
determining,433,712,529,725,paragraph
the,536,712,562,725,paragraph
evolution,569,712,643,725,paragraph
of,650,712,665,725,paragraph
the,672,712,698,725,paragraph
scales.,705,712,756,725,paragraph
The,768,712,799,725,paragraph
scat,242,717,267,726,paragraph
other,199,727,241,740,paragraph
equation,247,727,316,740,paragraph
is,322,727,334,740,paragraph
energy,340,727,393,740,paragraph
conservation.,399,727,504,740,paragraph
The,512,727,543,740,paragraph
energy,549,727,602,740,paragraph
density,608,727,665,740,paragraph
is,671,727,684,740,paragraph
∼,449,751,463,773,equation
1,477,752,486,765,equation
(cid:15),437,760,444,773,equation
Λ,494,760,507,773,equation
Λ3,526,758,546,773,equation
(14),767,760,799,773,equation
α,470,769,482,782,equation
IR,507,765,525,775,equation
UV,539,766,558,776,equation
S,482,774,491,784,equation
The,228,798,259,811,paragraph
solution,264,798,328,811,paragraph
to,333,798,349,811,paragraph
these,354,798,395,811,paragraph
equations,400,798,476,811,paragraph
in,481,798,497,811,paragraph
a,502,798,511,811,paragraph
ﬁxed,516,798,554,811,paragraph
box,559,798,588,811,paragraph
or,593,798,610,811,paragraph
an,615,798,634,811,paragraph
expanding,639,798,721,811,paragraph
box,727,798,756,811,paragraph
gives,761,798,799,811,paragraph
power,199,813,247,826,paragraph
law,253,813,280,826,paragraph
dependences,286,813,385,826,paragraph
in,391,813,407,826,paragraph
time,413,813,448,826,paragraph
for,455,813,476,826,paragraph
the,483,813,508,826,paragraph
infrared,514,813,577,826,paragraph
and,583,813,613,826,paragraph
ultraviolet,619,813,701,826,paragraph
scale.,707,813,750,826,paragraph
##LTLine##,488,242,510,242,equation
##LTLine##,514,242,546,242,equation
##LTLine##,443,314,465,314,equation
##LTLine##,469,314,506,314,equation
##LTLine##,411,401,428,401,equation
##LTLine##,446,473,514,473,equation
##LTLine##,518,473,534,473,equation
##LTLine##,510,545,546,545,equation
##LTLine##,470,768,492,768,equation
