token,x0,y0,x1,y1,label
[18],218,160,243,172,reference
Y.,252,160,268,172,reference
Yuan,276,160,313,172,reference
and,321,160,348,172,reference
H.,355,160,372,172,reference
Dai.,380,160,410,172,reference
The,425,160,453,172,reference
direct,461,160,501,172,reference
updating,509,160,573,172,reference
of,581,160,594,172,reference
damping,602,160,664,172,reference
and,672,160,698,172,reference
gyroscopic,706,160,780,172,reference
matrices.,252,175,316,187,reference
J.,323,175,337,187,reference
Comput.,342,175,403,187,reference
Appl.,409,175,447,187,reference
"Math.,",453,175,499,187,reference
"231(1):255–261,",504,175,616,187,reference
2009.,621,175,658,187,reference
20,491,877,507,889,paragraph
