token,x0,y0,x1,y1,label
∼,569,150,582,172,paragraph
−,603,152,613,167,paragraph
the,218,160,241,172,paragraph
DP,246,160,270,172,paragraph
coupling,276,160,335,172,paragraph
constant,341,160,401,172,paragraph
to,407,160,422,172,paragraph
the,427,160,450,172,paragraph
SM,456,160,480,172,paragraph
charge,485,160,531,172,paragraph
ε,537,160,544,172,paragraph
of,550,160,563,172,paragraph
10,587,160,603,172,paragraph
3,613,158,620,167,paragraph
and,626,160,652,172,paragraph
a,658,160,666,172,paragraph
DP,672,160,695,172,paragraph
mass,701,160,736,172,paragraph
up,741,160,759,172,paragraph
to,765,160,780,172,paragraph
23.7,218,175,247,187,paragraph
MeV,250,175,284,187,paragraph
(see,290,175,317,187,paragraph
Fig.,322,175,350,187,paragraph
2).,357,175,376,187,paragraph
References,218,212,341,230,paragraph
[1],218,244,235,256,reference
Holdom,243,244,299,256,reference
"B.,",304,244,325,256,reference
Phys.,330,244,370,256,reference
Lett.,375,244,410,256,reference
B,415,244,427,256,reference
166,432,244,460,256,reference
196,466,244,490,256,reference
(1986).,495,244,545,256,reference
[2],218,269,235,282,reference
Pospelov,243,269,306,282,reference
"M.,",312,269,336,282,reference
Phys.,341,269,380,282,reference
Rev.,386,269,418,282,reference
D,423,269,436,282,reference
80,441,269,460,282,reference
095002,465,269,514,282,reference
(2009).,520,269,569,282,reference
[3],218,294,235,307,reference
Raggi,243,294,284,307,reference
M.,290,294,309,307,reference
and,315,294,341,307,reference
Kozhuharov,346,294,432,307,reference
"V.,",437,294,458,307,reference
AdHEP,464,294,520,307,reference
2014,525,294,562,307,reference
959802,568,294,617,307,reference
(2014).,622,294,672,307,reference
[4],218,319,235,332,reference
Raggi,243,319,284,332,reference
"M.,",290,319,314,332,reference
Kozhuharov,319,319,405,332,reference
V.,410,319,427,332,reference
and,432,319,458,332,reference
Valente,464,319,517,332,reference
"P.,",522,319,541,332,reference
EPJ,546,319,577,332,reference
Web,582,319,614,332,reference
Conf,619,319,653,332,reference
96,660,319,678,332,reference
01025,684,319,725,332,reference
(2015).,730,319,780,332,reference
3,495,877,503,889,paragraph
