token,x0,y0,x1,y1,label
[73],168,102,198,118,reference
L.,208,102,224,118,reference
"Hesselholt,",230,102,312,118,reference
Periodic,317,102,379,117,reference
topological,385,102,468,117,reference
cyclic,474,102,516,117,reference
homology,522,102,594,117,reference
and,600,102,627,117,reference
the,633,102,655,117,reference
Hasse-Weil,661,102,744,117,reference
zeta,749,102,779,117,reference
func-,784,102,822,117,reference
tion,208,118,237,133,reference
[74],168,140,198,156,reference
L.,208,140,224,156,reference
"Illusie,",230,140,280,156,reference
Complexe,286,140,359,155,reference
de,365,140,382,155,reference
de,388,140,406,155,reference
Rham-Witt,411,140,490,155,reference
et,496,140,509,155,reference
cohomologie,515,140,609,155,reference
"cristalline,",615,140,694,156,reference
Ann.,700,140,736,156,reference
Scient.,742,140,792,156,reference
Ec.,798,140,822,156,reference
Norm.,208,156,256,172,reference
Sup.,260,156,293,172,reference
(4),298,156,319,172,reference
12,324,156,342,172,reference
"(1979),",347,156,400,172,reference
501–661.,405,156,473,172,reference
[75],168,178,198,194,reference
A.,208,178,226,194,reference
"Ingham,",231,178,292,194,reference
The,298,178,325,194,reference
distribution,331,178,416,194,reference
of,421,178,436,194,reference
prime,441,178,484,194,reference
numbers,489,178,552,194,reference
With,558,178,594,194,reference
a,599,178,607,194,reference
foreword,613,178,680,194,reference
by,685,178,703,194,reference
R.,709,178,726,194,reference
C.,731,178,748,194,reference
Vaughan.,753,178,822,194,reference
Cambridge,208,194,290,210,reference
Mathematical,294,194,395,210,reference
Library.,400,194,458,210,reference
Cambridge,463,194,544,210,reference
University,549,194,625,210,reference
"Press,",630,194,673,210,reference
"Cambridge,",678,194,764,210,reference
1990.,768,194,810,210,reference
[76],168,216,198,232,reference
K.,208,216,226,232,reference
"Iwasawa,",232,216,300,232,reference
On,306,216,328,232,reference
the,334,216,356,232,reference
rings,362,216,400,232,reference
of,405,216,420,232,reference
valuation,425,216,494,232,reference
vectors,500,216,553,232,reference
Ann.,559,216,595,232,reference
of,600,216,616,232,reference
Math.,621,216,665,232,reference
(2),670,216,692,232,reference
"57,",697,216,720,232,reference
(1953).,726,216,780,232,reference
331–,785,216,822,232,reference
356.,208,233,240,248,reference
[77],168,255,198,270,reference
C.G.J.,208,255,255,270,reference
"Jacobi,",260,255,312,270,reference
De,318,254,339,270,reference
investigando,345,254,438,270,reference
ordine,444,254,491,270,reference
systematis,497,254,572,270,reference
aequationum,578,254,674,270,reference
differentialium,680,254,788,270,reference
vul-,794,254,822,270,reference
garium,208,271,261,286,reference
cujuscunque,271,271,362,286,reference
C.G.J.,372,271,418,286,reference
Jacobi’s,427,271,486,286,reference
gesammelte,496,271,583,286,reference
"Werke,",593,271,644,286,reference
funfter,655,271,705,286,reference
"Band,",714,271,758,286,reference
heraus-,768,271,822,286,reference
gegeben,208,287,269,302,reference
von,276,287,303,302,reference
K.,310,287,328,302,reference
"Weierstrass,",335,287,423,302,reference
"Berlin,",431,287,481,302,reference
Bruck,488,287,533,302,reference
und,540,287,568,302,reference
Verlag,575,287,622,302,reference
von,629,287,656,302,reference
Georg,663,287,709,302,reference
"Reimer,",716,287,773,302,reference
"1890,",781,287,822,302,reference
p.,208,303,222,319,reference
193-216.,227,303,292,319,reference
[78],168,325,198,341,reference
N.,208,325,226,341,reference
"Jacobson,",230,325,302,341,reference
The,306,325,334,340,reference
radical,338,325,391,340,reference
and,395,325,423,340,reference
semi-simplicity,427,325,538,340,reference
for,542,325,564,340,reference
arbitrary,568,325,635,340,reference
rings.,639,325,682,341,reference
Amer.,686,325,731,341,reference
J.,736,325,747,341,reference
Math.,752,325,795,341,reference
"67,",799,325,822,341,reference
(1945).,208,341,262,357,reference
300–320.,266,341,335,357,reference
[79],168,363,198,379,reference
B.,208,363,225,379,reference
"Julia,",230,363,270,379,reference
Statistical,275,363,348,379,reference
theory,353,363,400,379,reference
of,405,363,420,379,reference
"numbers,",426,363,494,379,reference
Number,499,363,558,378,reference
Theory,564,363,616,378,reference
and,621,363,648,378,reference
"Physics,",654,363,714,378,reference
Springer,720,363,784,378,reference
Pro-,789,363,822,378,reference
ceedings,208,379,272,395,reference
in,277,379,291,395,reference
"Physics,",296,379,356,395,reference
47,361,378,379,395,reference
(1990).,384,379,437,395,reference
[80],168,401,198,417,reference
M.,208,401,229,417,reference
Kapranov,234,401,306,417,reference
and,311,401,338,417,reference
A.,343,401,361,417,reference
"Smirnov,",366,401,432,417,reference
Cohomology,437,401,531,417,reference
determinants,536,401,631,417,reference
and,636,401,664,417,reference
reciprocity,669,401,748,417,reference
laws,753,401,787,417,reference
Pre-,792,401,822,417,reference
publication.,208,417,295,433,reference
[81],168,439,198,455,reference
N.,208,439,226,455,reference
"Kurokawa,",233,439,313,455,reference
Multiple,320,439,382,455,reference
zeta,388,439,418,455,reference
functions:,425,439,498,455,reference
an,507,439,526,455,reference
example,532,439,593,455,reference
in,600,439,614,455,reference
Zeta,620,439,653,455,reference
functions,660,439,727,455,reference
in,733,439,748,455,reference
geometry,754,439,822,455,reference
"(Tokyo,",208,455,265,471,reference
1990),270,455,312,471,reference
Adv.,317,455,352,471,reference
Stud.,356,455,395,471,reference
Pure,399,455,433,471,reference
Math.,437,455,481,471,reference
Vol.,485,455,515,471,reference
21,520,455,538,471,reference
"(1992),",543,455,596,471,reference
219–226,601,455,665,471,reference
[82],168,478,198,493,reference
V.,208,478,224,493,reference
"Kolokoltsov,",228,478,321,493,reference
V.,325,478,340,493,reference
P.,345,478,357,493,reference
"Maslov,",362,478,420,493,reference
Idempotent,424,477,506,493,reference
analysis,511,477,571,493,reference
and,575,477,602,493,reference
its,607,477,624,493,reference
applications.,628,477,723,493,reference
Mathematics,727,478,822,493,reference
and,208,494,235,509,reference
its,239,494,257,509,reference
"Applications,",261,494,359,509,reference
401.,364,494,396,509,reference
Kluwer,401,494,456,509,reference
Academic,460,494,535,509,reference
Publishers,539,494,616,509,reference
"Group,",620,494,672,509,reference
"Dordrecht,",676,494,755,509,reference
1997.,760,494,801,509,reference
[83],168,516,198,531,reference
X.,208,516,226,531,reference
J.,233,516,244,531,reference
"Li,",251,516,272,531,reference
The,279,516,306,531,reference
positivity,313,516,380,531,reference
of,386,516,401,531,reference
a,407,516,416,531,reference
sequence,423,516,490,531,reference
of,497,516,511,531,reference
numbers,517,516,580,531,reference
and,587,516,614,531,reference
the,621,516,643,531,reference
Riemann,650,516,715,531,reference
"hypothesis,",721,516,803,531,reference
J.,810,516,822,531,reference
Number,208,532,268,547,reference
Theory,273,532,326,547,reference
65,330,532,349,547,reference
"(1997),",353,532,407,547,reference
325–333.,411,532,480,547,reference
[84],168,554,198,569,reference
G.,208,554,226,569,reference
"Litvinov,",232,554,298,569,reference
Tropical,304,554,365,569,reference
"Mathematics,",370,554,470,569,reference
Idempotent,476,554,558,569,reference
"Analysis,",564,554,630,569,reference
Classical,636,554,704,569,reference
Mechanics,710,554,789,569,reference
and,795,554,822,569,reference
Geometry.,208,570,285,586,reference
Spectral,290,570,350,586,reference
theory,355,570,402,586,reference
and,407,570,434,586,reference
geometric,439,570,512,586,reference
"analysis,",517,570,581,586,reference
"159–186,",586,570,655,586,reference
Contemp.,660,570,732,586,reference
"Math.,",737,570,785,586,reference
"535,",790,570,822,586,reference
Amer.,208,586,253,602,reference
Math.,258,586,301,602,reference
"Soc.,",306,586,343,602,reference
"Providence,",347,586,434,602,reference
"RI,",439,586,461,602,reference
2011.,466,586,507,602,reference
[85],168,608,198,624,reference
J.L.,208,608,236,624,reference
"Loday,",244,608,294,624,reference
Cyclic,303,608,349,623,reference
homology.,357,608,434,624,reference
Grundlehren,442,608,535,624,reference
der,543,608,566,624,reference
Mathematischen,574,608,695,624,reference
"Wissenschaften,",703,608,822,624,reference
301.,208,624,240,640,reference
"Springer-Verlag,",245,624,366,640,reference
"Berlin,",371,624,421,640,reference
1998.,426,624,467,640,reference
[86],168,646,198,662,reference
M.,208,646,229,662,reference
"Lydakis,",233,646,296,662,reference
Smash,300,646,348,662,reference
products,353,646,416,662,reference
and,420,646,448,662,reference
"Γ-spaces,",452,645,523,662,reference
Math.,527,646,571,662,reference
Proc.,575,646,613,662,reference
Cambridge,618,646,699,662,reference
Philos.,703,646,754,662,reference
Soc.,758,646,790,662,reference
126,795,646,822,662,reference
(1999),208,662,257,678,reference
311–328.,262,662,330,678,reference
[87],168,684,198,700,reference
D,208,684,221,700,reference
"Maclagan,",227,684,304,700,reference
B.,311,684,327,700,reference
"Sturmfels,",333,684,409,700,reference
Introduction,416,684,507,700,reference
to,513,684,527,700,reference
tropical,533,684,590,700,reference
geometry.,596,684,669,700,reference
Graduate,675,684,742,700,reference
Studies,748,684,802,700,reference
in,808,684,822,700,reference
"Mathematics,",208,700,307,716,reference
161.,312,700,344,716,reference
American,349,700,421,716,reference
Mathematical,426,700,526,716,reference
"Society,",531,700,589,716,reference
"Providence,",594,700,681,716,reference
"RI,",685,700,708,716,reference
2015.,713,700,754,716,reference
[88],168,723,198,738,reference
S.,208,723,223,738,reference
Mac,230,723,263,738,reference
"Lane,",270,723,311,738,reference
I,319,723,325,738,reference
"Moerdijk,",332,723,405,738,reference
Sheaves,412,722,471,738,reference
in,478,722,493,738,reference
geometry,500,722,568,738,reference
and,575,722,602,738,reference
logic.,609,722,650,738,reference
A,657,722,669,738,reference
ﬁrst,676,722,704,738,reference
introduction,711,722,801,738,reference
to,808,722,822,738,reference
topos,208,738,248,754,reference
theory.,254,738,306,754,reference
Corrected,312,739,384,754,reference
reprint,390,739,439,754,reference
of,446,739,461,754,reference
the,467,739,489,754,reference
1992,496,739,532,754,reference
edition.,539,739,594,754,reference
Universitext.,600,739,695,754,reference
"Springer-Verlag,",701,739,822,754,reference
New,208,755,242,770,reference
"York,",247,755,287,770,reference
1994.,292,755,333,770,reference
[89],168,777,198,792,reference
Yu.I.,208,777,244,792,reference
"Manin,",251,777,303,792,reference
Lectures,310,777,373,792,reference
on,379,777,398,792,reference
zeta,404,777,434,792,reference
functions,441,777,508,792,reference
and,515,777,542,792,reference
motives,549,777,605,792,reference
(according,611,777,691,792,reference
to,698,777,712,792,reference
Deninger,719,777,788,792,reference
and,795,777,822,792,reference
Kurokawa).,208,793,294,809,reference
Columbia,303,793,376,809,reference
University,385,793,462,809,reference
Number,471,793,531,809,reference
Theory,541,793,594,809,reference
Seminar,603,793,664,809,reference
(New,674,793,714,809,reference
"York,",724,793,764,809,reference
1992).,775,793,822,809,reference
Astérisque,208,809,287,825,reference
No.,291,809,318,825,reference
228,323,809,350,825,reference
"(1995),",355,809,408,825,reference
"4,",413,809,427,825,reference
121–163.,431,809,500,825,reference
[90],168,831,198,847,reference
R.,208,831,225,847,reference
"Meyer,",230,831,282,847,reference
On,287,831,310,846,reference
a,315,831,324,846,reference
representation,330,831,435,846,reference
of,441,831,455,846,reference
the,460,831,483,846,reference
idele,488,831,524,846,reference
class,529,831,566,846,reference
group,571,831,614,846,reference
related,620,831,671,846,reference
to,676,831,691,846,reference
primes,696,831,746,846,reference
and,751,831,779,846,reference
zeros,784,831,822,846,reference
of,208,847,222,862,reference
L-functions.,227,847,315,863,reference
Duke,320,847,359,863,reference
Math.,364,847,407,863,reference
J.,412,847,423,863,reference
Vol.127,428,847,485,863,reference
"(2005),",490,847,543,863,reference
"N.3,",548,847,579,863,reference
519–595.,584,847,653,863,reference
31,485,887,505,904,paragraph
