token,x0,y0,x1,y1,label
Simulations,209,161,307,176,paragraph
were,313,161,351,176,paragraph
run,357,161,386,176,paragraph
for,392,161,415,176,paragraph
the,421,161,448,176,paragraph
designed,454,161,525,176,paragraph
state,532,161,572,176,paragraph
feedback,579,161,650,176,paragraph
law,657,161,685,176,paragraph
using,691,161,735,176,paragraph
for,741,161,764,176,paragraph
J,770,161,781,176,paragraph
the,789,161,816,176,paragraph
nominal,181,189,248,204,paragraph
value,255,189,298,204,paragraph
reported,305,189,376,204,paragraph
in,383,189,399,204,paragraph
(55),406,189,440,204,paragraph
and,448,189,478,204,paragraph
each,486,189,522,204,paragraph
of,530,189,545,204,paragraph
200,552,189,581,204,paragraph
perturbed,588,189,671,204,paragraph
values,678,189,729,204,paragraph
randomly,736,189,816,204,paragraph
generated;,181,216,267,231,paragraph
the,276,216,302,231,paragraph
resulting,310,216,383,231,paragraph
plots,391,216,431,231,paragraph
are,440,216,465,231,paragraph
shown,473,216,525,231,paragraph
in,533,216,549,231,paragraph
Fig.,557,216,590,231,paragraph
1.,604,216,618,231,paragraph
Note,632,216,672,231,paragraph
that,680,216,715,231,paragraph
asymptotic,723,216,816,231,paragraph
convergence,181,243,280,258,paragraph
to,287,243,304,258,paragraph
the,311,243,338,258,paragraph
desired,345,243,404,258,paragraph
attitude,411,243,478,258,paragraph
is,485,243,498,258,paragraph
achieved,505,243,575,258,paragraph
even,583,243,620,258,paragraph
with,627,243,664,258,paragraph
perturbed,671,243,754,258,paragraph
inertia,761,243,816,258,paragraph
matrices;,181,271,256,286,paragraph
"however,",264,271,336,286,paragraph
convergence,343,271,443,286,paragraph
time,450,271,487,286,paragraph
can,494,271,523,286,paragraph
become,530,271,592,286,paragraph
larger,599,271,647,286,paragraph
with,654,271,691,286,paragraph
respect,699,271,758,286,paragraph
to,765,271,782,286,paragraph
the,789,271,816,286,paragraph
nominal,181,298,248,313,paragraph
case.,254,298,293,313,paragraph
4.2.,181,325,212,341,section
Output,222,325,279,341,section
feedback,286,325,353,341,section
The,209,357,242,372,paragraph
values,248,357,299,372,paragraph
of,305,357,320,372,paragraph
parameters,326,357,419,372,paragraph
for,425,357,448,372,paragraph
output,454,357,510,372,paragraph
feedback,516,357,588,372,paragraph
(49),594,357,628,372,paragraph
have,634,357,671,372,paragraph
been,677,357,716,372,paragraph
determined,722,357,816,372,paragraph
−,692,375,702,393,paragraph
by,181,384,201,399,paragraph
trial,209,384,244,399,paragraph
and,251,384,282,399,paragraph
error,290,384,330,399,paragraph
as,338,384,355,399,paragraph
follows,363,384,419,399,paragraph
k,427,384,437,399,paragraph
=,452,384,467,399,paragraph
"1011,",475,382,514,399,paragraph
k,522,384,532,399,paragraph
=,547,384,562,399,paragraph
3,570,384,580,399,paragraph
"1011,",587,382,626,399,paragraph
(cid:15),634,384,642,399,paragraph
=,650,384,665,399,paragraph
10,672,384,692,399,paragraph
"3,",702,382,715,399,paragraph
α,723,384,736,399,paragraph
=,743,384,758,399,paragraph
4,766,384,776,399,paragraph
"103,",783,382,816,399,paragraph
1,437,390,444,400,paragraph
2,532,390,539,400,paragraph
λ,181,411,192,426,paragraph
=,198,411,213,426,paragraph
1.,220,411,234,426,paragraph
Similarly,245,411,320,426,paragraph
to,327,411,344,426,paragraph
the,351,411,377,426,paragraph
state,384,411,425,426,paragraph
feedback,432,411,503,426,paragraph
"case,",510,411,550,426,paragraph
simulations,557,411,651,426,paragraph
were,658,411,696,426,paragraph
run,703,411,731,426,paragraph
using,738,411,782,426,paragraph
the,789,411,816,426,paragraph
nominal,181,439,248,454,paragraph
value,254,439,297,454,paragraph
for,304,439,327,454,paragraph
J,333,439,344,454,paragraph
and,352,439,383,454,paragraph
each,390,439,426,454,paragraph
of,433,439,448,454,paragraph
200,455,439,484,454,paragraph
perturbed,490,439,573,454,paragraph
values,580,439,630,454,paragraph
which,637,439,685,454,paragraph
were,692,439,730,454,paragraph
randomly,736,439,816,454,paragraph
generated.,181,466,267,481,paragraph
The,284,466,317,481,paragraph
results,326,466,380,481,paragraph
are,390,466,415,481,paragraph
plotted,424,466,484,481,paragraph
in,493,466,509,481,paragraph
Fig.,518,466,551,481,paragraph
2.,568,466,583,481,paragraph
"Thus,",600,466,647,481,paragraph
also,657,466,689,481,paragraph
in,698,466,714,481,paragraph
the,723,466,750,481,paragraph
output,759,466,816,481,paragraph
feedback,181,493,252,508,paragraph
"study,",258,493,308,508,paragraph
it,313,493,326,508,paragraph
occurs,331,493,384,508,paragraph
that,389,493,424,508,paragraph
asymptotic,429,493,521,508,paragraph
convergence,526,493,626,508,paragraph
to,631,493,648,508,paragraph
the,653,493,680,508,paragraph
desired,685,493,743,508,paragraph
attitude,749,493,816,508,paragraph
is,181,521,193,536,paragraph
achieved,201,521,271,536,paragraph
even,278,521,315,536,paragraph
with,322,521,360,536,paragraph
perturbed,367,521,450,536,paragraph
inertia,457,521,511,536,paragraph
"matrices,",518,521,593,536,paragraph
but,601,521,629,536,paragraph
convergence,636,521,736,536,paragraph
time,743,521,780,536,paragraph
can,787,521,816,536,paragraph
become,181,548,243,563,paragraph
larger,249,548,297,563,paragraph
with,303,548,341,563,paragraph
respect,347,548,406,563,paragraph
to,412,548,429,563,paragraph
the,436,548,462,563,paragraph
nominal,469,548,536,563,paragraph
case.,542,548,581,563,paragraph
5.,181,575,198,591,section
Conclusions,209,575,323,591,section
Three-axis,209,614,297,629,paragraph
attitude,303,614,370,629,paragraph
controllers,377,614,463,629,paragraph
for,470,614,493,629,paragraph
inertial,499,614,558,629,paragraph
pointing,565,614,634,629,paragraph
spacecraft,640,614,724,629,paragraph
using,730,614,774,629,paragraph
only,780,614,816,629,paragraph
magnetorquers,181,641,303,657,paragraph
have,309,641,347,657,paragraph
been,352,641,391,657,paragraph
presented.,397,641,481,657,paragraph
An,490,641,515,657,paragraph
attitude,520,641,587,657,paragraph
plus,593,641,627,657,paragraph
attitude,633,641,700,657,paragraph
rate,705,641,738,657,paragraph
feedback,744,641,816,657,paragraph
and,181,669,211,684,paragraph
an,218,669,239,684,paragraph
attitude,245,669,312,684,paragraph
only,319,669,355,684,paragraph
feedback,362,669,433,684,paragraph
are,440,669,466,684,paragraph
proposed.,473,669,553,684,paragraph
With,563,669,606,684,paragraph
both,613,669,652,684,paragraph
feedbacks,659,669,738,684,paragraph
local,745,669,784,684,paragraph
ex-,791,669,816,684,paragraph
ponential,181,696,258,711,paragraph
stability,264,696,333,711,paragraph
and,339,696,370,711,paragraph
robustness,376,696,463,711,paragraph
with,470,696,507,711,paragraph
respect,513,696,572,711,paragraph
to,578,696,595,711,paragraph
large,602,696,642,711,paragraph
inertia,648,696,702,711,paragraph
uncertainties,709,696,816,711,paragraph
are,181,724,206,739,paragraph
achieved.,211,724,287,739,paragraph
Simulation,295,724,385,739,paragraph
results,390,724,445,739,paragraph
have,450,724,488,739,paragraph
shown,493,724,544,739,paragraph
the,550,724,576,739,paragraph
eﬀectiveness,581,724,683,739,paragraph
of,688,724,704,739,paragraph
the,709,724,735,739,paragraph
proposed,740,724,816,739,paragraph
control,181,751,239,766,paragraph
designs.,245,751,310,766,paragraph
This,209,778,247,793,paragraph
work,255,778,296,793,paragraph
shows,304,778,353,793,paragraph
promising,362,778,443,793,paragraph
results,452,778,507,793,paragraph
for,515,778,538,793,paragraph
further,547,778,605,793,paragraph
research,613,778,681,793,paragraph
in,690,778,705,793,paragraph
the,714,778,741,793,paragraph
ﬁeld;,749,778,790,793,paragraph
in,800,778,816,793,paragraph
"particular,",181,806,268,821,paragraph
it,273,806,286,821,paragraph
would,291,806,341,821,paragraph
be,346,806,366,821,paragraph
interesting,371,806,459,821,paragraph
to,464,806,481,821,paragraph
extend,486,806,542,821,paragraph
the,548,806,574,821,paragraph
presented,579,806,659,821,paragraph
control,664,806,722,821,paragraph
algorithms,727,806,816,821,paragraph
26,489,874,508,889,paragraph
