token,x0,y0,x1,y1,label
[MM83],218,160,273,172,reference
H.,301,160,317,172,reference
McCluskey,322,160,399,172,reference
and,404,160,430,172,reference
A.,434,160,451,172,reference
Manning.,455,160,522,172,reference
Hausdorﬀ,528,160,597,172,reference
dimension,601,160,672,172,reference
for,677,160,696,172,reference
horseshoes.,700,160,780,172,reference
Ergodic,301,175,353,187,reference
Theory,359,175,409,187,reference
Dynam.,415,175,471,187,reference
"Systems,",477,175,538,187,reference
"3(2):251–260,",543,175,638,187,reference
1983.,644,175,681,187,reference
[MU00],218,200,271,212,reference
R.,301,200,317,212,reference
D.,324,200,341,212,reference
Mauldin,347,200,407,212,reference
and,413,200,440,212,reference
M.,446,200,466,212,reference
Urban´ski.,472,200,541,212,reference
Parabolic,552,200,619,212,reference
iterated,626,200,681,212,reference
function,688,200,746,212,reference
sys-,753,200,780,212,reference
tems.,301,215,339,227,reference
Ergodic,346,215,399,227,reference
Theory,405,215,454,227,reference
Dynam.,460,215,516,227,reference
"Systems,",522,215,583,227,reference
"20(5):1423–1447,",588,215,708,227,reference
2000.,713,215,750,227,reference
[PP90],218,240,266,253,reference
W.,301,240,322,253,reference
Parry,328,240,369,253,reference
and,375,240,401,253,reference
M.,408,240,428,253,reference
Pollicott.,434,240,499,253,reference
Zeta,510,240,542,253,reference
functions,548,240,613,253,reference
and,620,240,646,253,reference
the,652,240,675,253,reference
periodic,682,240,739,253,reference
orbit,745,240,780,253,reference
structure,301,255,365,268,reference
of,370,255,384,268,reference
hyperbolic,389,255,463,268,reference
dynamics.,469,255,540,268,reference
"Ast´erisque,",547,255,625,268,reference
"(187-188):268,",631,255,731,268,reference
1990.,737,255,774,268,reference
[Rue68],218,280,272,293,reference
D.,301,280,318,293,reference
Ruelle.,325,280,374,293,reference
Statistical,386,280,458,293,reference
mechanics,465,280,537,293,reference
of,544,280,557,293,reference
a,564,280,573,293,reference
one-dimensional,580,280,694,293,reference
lattice,701,280,745,293,reference
gas.,752,280,780,293,reference
Comm.,301,295,352,308,reference
Math.,358,295,400,308,reference
"Phys.,",405,295,449,308,reference
"9:267–278,",454,295,528,308,reference
1968.,534,295,571,308,reference
[Rue02],218,321,272,333,reference
D.,301,321,318,333,reference
Ruelle.,322,321,371,333,reference
Dynamical,377,321,453,333,reference
zeta,458,321,487,333,reference
functions,491,321,556,333,reference
and,561,321,587,333,reference
transfer,592,321,646,333,reference
operators.,651,321,722,333,reference
Notices,728,321,780,333,reference
Amer.,301,336,345,348,reference
Math.,351,336,392,348,reference
"Soc.,",398,336,432,348,reference
"49(8):887–895,",437,336,540,348,reference
2002.,546,336,583,348,reference
[Sin72],218,361,266,373,reference
Ja.,301,361,322,373,reference
G.,327,361,344,373,reference
Sina˘ı.,350,361,390,373,reference
Gibbs,397,361,439,373,reference
measures,444,361,509,373,reference
in,514,361,528,373,reference
ergodic,533,361,585,373,reference
theory.,590,361,639,373,reference
Uspehi,646,361,693,373,reference
Mat.,699,361,733,373,reference
"Nauk,",739,361,780,373,reference
"27(4(166)):21–64,",301,376,425,388,reference
1972.,430,376,467,388,reference
21,491,877,507,889,paragraph
