token,x0,y0,x1,y1,label
6,875,35,880,46,paragraph
●,506,48,512,83,list
×,522,49,532,100,list
×,640,49,649,100,list
kernel.,79,69,124,84,paragraph
The,128,69,154,84,paragraph
latter,158,69,192,84,paragraph
is,196,69,207,84,paragraph
important,211,69,275,84,paragraph
because,279,69,331,84,paragraph
this,335,69,358,84,paragraph
means,363,69,404,84,paragraph
the,409,69,429,84,paragraph
entire,433,69,470,84,paragraph
two,522,69,546,84,list
vector,552,69,593,84,list
multiplications,599,69,697,84,list
are,703,69,723,84,list
then,729,69,757,84,list
carried,764,69,809,84,list
out,815,69,836,84,list
(r_a0,842,69,880,84,list
reordering,79,84,147,100,paragraph
and,154,84,178,100,paragraph
projections,185,84,257,100,paragraph
approach,264,84,324,100,paragraph
can,331,84,353,100,paragraph
be,360,84,376,100,paragraph
performed,383,84,451,100,paragraph
in,458,84,470,100,paragraph
r_c0,537,84,568,99,list
and,573,84,597,100,list
r_a1,602,84,635,99,list
r_c1),655,84,692,100,list
and,697,84,720,100,list
the,725,84,745,100,list
results,750,84,793,100,list
are,798,84,818,100,list
stored,823,84,863,100,list
in,868,84,880,100,list
●,506,93,512,128,list
(,669,95,677,145,list
),697,95,704,145,list
a,79,99,87,115,paragraph
streaming,97,99,161,115,paragraph
"manner,",171,99,223,115,paragraph
i.e.,234,99,254,115,paragraph
with,264,99,293,115,paragraph
high-performance,303,99,419,115,paragraph
SIMD,429,99,470,115,paragraph
registers,522,99,577,115,list
r_proj1,582,99,633,115,list
and,639,99,662,115,list
r_proj2;,668,99,723,115,list
×,357,110,367,160,paragraph
instructions.,79,114,160,130,paragraph
the,522,115,542,130,list
contents,552,115,606,130,list
of,617,115,630,130,list
these,641,115,674,130,list
two,685,115,709,130,list
registers,719,115,774,130,list
are,785,115,804,130,list
all,815,115,831,130,list
added,842,115,880,130,list
Assuming,96,130,162,145,paragraph
that,166,130,190,145,paragraph
the,194,130,214,145,paragraph
inner-kernel,217,130,296,145,paragraph
size,300,130,326,145,paragraph
comprises,329,130,395,145,paragraph
N,399,132,412,145,paragraph
samples,418,130,470,145,paragraph
together,522,130,575,145,list
to,581,130,594,145,list
create,599,130,638,145,list
the,644,130,664,145,list
"i,j",677,132,696,145,list
th,704,130,717,145,list
element,722,130,774,145,list
of,780,130,793,145,list
A,799,132,813,145,list
.,820,130,824,145,list
c,813,137,819,146,list
and,79,145,103,160,paragraph
the,112,145,132,160,paragraph
projection,140,145,206,160,paragraph
matrix,215,145,257,160,paragraph
comprises,266,145,332,160,paragraph
L,341,147,352,160,paragraph
L,372,147,383,160,paragraph
"coefﬁcients,",391,145,470,160,paragraph
The,490,148,515,163,paragraph
equivalent,521,148,588,163,paragraph
process,594,148,642,163,paragraph
is,648,148,659,163,paragraph
carried,665,148,710,163,paragraph
out,716,148,736,163,paragraph
for,742,148,761,163,paragraph
the,767,148,787,163,paragraph
realization,792,148,861,163,paragraph
of,867,148,880,163,paragraph
∈,98,155,105,206,paragraph
{,109,155,118,206,paragraph
},213,155,221,206,paragraph
∈,271,155,278,206,paragraph
{,282,155,290,206,paragraph
},313,155,321,206,paragraph
the,79,160,99,175,paragraph
ﬁrst,109,160,134,175,paragraph
condition,144,160,205,175,paragraph
is,215,160,225,175,paragraph
satisﬁed,235,160,288,175,paragraph
if,298,160,308,175,paragraph
N,317,162,330,175,paragraph
is,341,160,352,175,paragraph
divisable,362,160,420,175,paragraph
by,429,160,446,175,paragraph
L.,455,160,470,175,paragraph
the,490,163,510,179,paragraph
ﬁrst,516,163,541,179,paragraph
projection,547,163,613,179,paragraph
of,619,163,633,179,paragraph
the,639,163,659,179,paragraph
jth,665,163,686,179,paragraph
group,692,163,730,179,paragraph
of,736,163,749,179,paragraph
eight,756,163,788,179,paragraph
values,794,163,836,179,paragraph
in,842,163,854,179,paragraph
the,861,163,880,179,paragraph
For,79,175,102,190,paragraph
"example,",112,175,171,190,paragraph
the,181,175,201,190,paragraph
values,211,175,252,190,paragraph
used,262,175,292,190,paragraph
in,302,175,315,190,paragraph
our,325,175,346,190,paragraph
experiments,356,175,436,190,paragraph
are:,446,175,470,190,paragraph
ith,490,179,508,194,paragraph
column,513,179,561,194,paragraph
of,566,179,580,194,paragraph
B,584,181,597,193,paragraph
(shown,602,179,650,194,paragraph
in,654,179,667,194,paragraph
the,671,179,691,194,paragraph
pseudocode,696,179,773,194,paragraph
of,777,179,791,194,paragraph
the,795,179,815,194,paragraph
right,820,179,851,194,paragraph
part,855,179,880,194,paragraph
N,79,192,93,205,paragraph
"144,600,1200",118,192,213,205,paragraph
and,227,190,250,205,paragraph
L,256,192,267,205,paragraph
"2,8",290,192,313,205,paragraph
.,321,190,326,205,paragraph
of,490,194,503,209,paragraph
Figure,509,194,551,209,paragraph
5).,557,194,575,209,paragraph
×,732,189,742,240,paragraph
×,811,189,821,240,paragraph
×,315,200,325,251,paragraph
Concerning,96,205,172,221,paragraph
the,181,205,201,221,paragraph
second,210,205,255,221,paragraph
"condition,",264,205,330,221,paragraph
we,339,205,358,221,paragraph
ﬁrst,367,205,392,221,paragraph
deﬁne,401,205,441,221,paragraph
the,450,205,470,221,paragraph
As,506,209,524,224,paragraph
shown,531,209,573,224,paragraph
in,579,209,592,224,paragraph
Figure,598,209,641,224,paragraph
"5,",647,209,659,224,paragraph
this,666,209,689,224,paragraph
process,696,209,744,224,paragraph
results,751,209,793,224,paragraph
in,800,209,812,224,paragraph
a,819,209,826,224,paragraph
smaller,832,209,880,224,paragraph
mathematical,79,220,167,236,paragraph
process,177,220,226,236,paragraph
of,236,220,249,236,paragraph
consecutive,259,220,335,236,paragraph
application,345,220,417,236,paragraph
of,427,220,441,236,paragraph
the,450,220,470,236,paragraph
GEMM,490,224,540,239,paragraph
product,547,224,597,239,paragraph
of,603,224,617,239,paragraph
dimensions,623,224,697,239,paragraph
144,704,227,728,239,paragraph
18,746,227,762,239,paragraph
by,768,224,785,239,paragraph
18,791,227,807,239,paragraph
144.,825,224,853,239,paragraph
All,860,224,880,239,paragraph
×,182,231,192,281,paragraph
projection,79,236,146,251,paragraph
kernels,154,236,200,251,paragraph
within,208,236,250,251,paragraph
each,258,236,288,251,paragraph
N,296,238,309,250,paragraph
N,330,238,343,250,paragraph
GEMM,353,236,403,251,paragraph
subblock,411,236,470,251,paragraph
eight,490,239,522,255,paragraph
projections,529,239,602,255,paragraph
can,609,239,631,255,paragraph
be,638,239,654,255,paragraph
derived,661,239,709,255,paragraph
by,716,239,732,255,paragraph
using,739,239,774,255,paragraph
the,781,239,801,255,paragraph
subsequent,808,239,880,255,paragraph
or,79,251,93,266,paragraph
each,99,251,129,266,paragraph
N-sample,134,251,201,266,paragraph
convolution,207,251,283,266,paragraph
kernel.,289,251,334,266,paragraph
This,340,251,369,266,paragraph
is,374,251,385,266,paragraph
achieved,391,251,448,266,paragraph
by,454,251,470,266,paragraph
(grayed-out),490,255,571,270,paragraph
rows,576,255,607,270,paragraph
of,612,255,626,270,paragraph
CT,630,253,651,269,paragraph
and,657,255,680,270,paragraph
D,685,257,699,269,paragraph
and,704,255,728,270,paragraph
they,732,255,760,270,paragraph
can,765,255,788,270,paragraph
be,792,255,808,270,paragraph
performed,813,255,880,270,paragraph
deﬁning⎡⎢the,79,262,158,319,equation
N,164,268,177,281,paragraph
N⋯,195,266,212,316,equation
bloc⎤⎥k-diagona⎡⎢l,216,262,315,319,equation
matrices:⋯,319,266,389,316,equation
⎤⎥,419,262,428,319,equation
independently,490,270,582,285,paragraph
in,592,270,605,285,paragraph
eight,615,270,647,285,paragraph
different,657,270,713,285,paragraph
processing,723,270,793,285,paragraph
cores.,803,270,841,285,paragraph
This,851,270,880,285,paragraph
⎢,131,275,139,326,equation
⎥,241,275,249,326,equation
⎢,306,275,315,326,equation
⎥,419,275,428,326,equation
=,118,288,127,339,equation
⎢⎢,131,282,139,339,equation
⎥⎥,241,282,249,339,equation
=,294,288,302,339,equation
⎢⎢,306,282,315,339,equation
⎥⎥,419,282,428,339,equation
results,490,285,532,300,paragraph
in:,538,285,555,300,paragraph
(i),562,285,577,300,paragraph
eight-fold,583,285,647,300,paragraph
increase,653,285,706,300,paragraph
of,713,285,726,300,paragraph
concurrency/data-level,732,285,880,300,paragraph
⎢,131,295,139,346,equation
⋮,144,296,148,346,equation
⋱,200,296,211,346,equation
⋮,233,296,236,346,equation
⎥,241,295,249,346,equation
⎢,306,295,315,346,equation
⋮,320,296,324,346,equation
⋱,377,296,388,346,equation
⋮,410,296,414,346,equation
⎥,419,295,428,346,equation
⎢C,131,302,153,352,equation
0,171,303,180,316,equation
0⎥,230,302,249,352,equation
⎢D,306,302,329,352,equation
0,348,303,357,316,equation
0,408,303,417,316,equation
⎥,419,302,428,352,equation
parallelism,490,300,562,315,paragraph
within,567,300,609,315,paragraph
each,614,300,644,315,paragraph
subblock,649,300,708,315,paragraph
"product,",713,300,767,315,paragraph
(ii),772,300,792,315,paragraph
reduced,797,300,848,315,paragraph
data,853,300,880,315,paragraph
⎢,131,308,139,359,equation
⋯,199,311,212,362,equation
⎥,241,308,249,359,equation
⎢,306,308,315,359,equation
⋯,376,311,389,362,equation
⎥,419,308,428,359,equation
⎣0,131,315,150,365,equation
C,169,318,182,331,equation
0⎦,230,315,249,365,equation
⎣,306,315,315,365,equation
0,317,318,326,331,equation
D,345,318,360,331,equation
0,408,318,417,331,equation
⎦,419,315,428,365,equation
transfers,490,315,546,330,paragraph
to,550,315,562,330,paragraph
each,566,315,596,330,paragraph
core.,600,315,632,330,paragraph
"Moreover,",636,315,703,330,paragraph
by,707,315,724,330,paragraph
computing,727,315,797,330,paragraph
only,801,315,830,330,paragraph
a,834,315,841,330,paragraph
small,845,315,880,330,paragraph
C,88,326,102,338,equation
",",252,326,256,338,equation
D,263,326,277,338,equation
",",430,326,434,338,equation
(15),443,324,470,339,equation
N,102,331,112,340,equation
N,277,331,287,340,equation
number,490,330,539,345,paragraph
of,545,330,558,345,paragraph
"projections,",564,330,640,345,paragraph
e.g.,645,330,669,345,paragraph
just,674,330,698,345,paragraph
one,703,330,727,345,paragraph
to,732,330,745,345,paragraph
"three,",750,330,787,345,paragraph
this,792,330,815,345,paragraph
approach,821,330,880,345,paragraph
×,248,340,257,390,paragraph
0,141,348,150,361,equation
0,171,348,180,361,equation
C,228,348,241,361,equation
0,317,348,326,361,equation
0,348,348,357,361,equation
D,405,348,419,361,equation
allows,490,345,532,360,paragraph
for,539,345,558,360,paragraph
graceful,565,345,619,360,paragraph
degradation,626,345,702,360,paragraph
of,710,345,723,360,paragraph
the,730,345,750,360,paragraph
SNR,757,345,789,360,paragraph
of,796,345,810,360,paragraph
(9),817,345,836,360,paragraph
under,843,345,880,360,paragraph
=,336,355,345,406,paragraph
−,365,364,373,399,paragraph
energy,490,360,534,375,paragraph
and,539,360,563,375,paragraph
throughput,569,360,640,375,paragraph
scaling.,646,360,696,375,paragraph
with:,96,375,129,390,paragraph
C,136,377,149,390,paragraph
and,156,375,179,390,paragraph
D,186,377,200,390,paragraph
the,206,375,226,390,paragraph
L,233,377,244,390,paragraph
L,261,377,272,390,paragraph
projection,279,375,345,390,paragraph
"matrices,",351,375,410,390,paragraph
C,417,377,430,390,paragraph
com-,437,375,470,390,paragraph
Concerning,506,376,582,391,paragraph
the,588,376,607,391,paragraph
signal,613,376,652,391,paragraph
block,657,376,694,391,paragraph
partitioning,699,376,775,391,paragraph
during,781,376,823,391,paragraph
the,829,376,849,391,paragraph
top-,854,376,880,391,paragraph
prising,79,390,125,405,paragraph
any,132,390,156,405,paragraph
invertible,163,390,225,405,paragraph
matrix,233,390,275,405,paragraph
and,283,390,306,405,paragraph
D,314,392,328,405,paragraph
C,352,392,365,405,paragraph
1.,373,390,384,405,paragraph
The,392,390,417,405,paragraph
mathe-,425,390,470,405,paragraph
level,490,391,521,406,paragraph
processing,527,391,597,406,paragraph
of,604,391,617,406,paragraph
"CONV,",624,391,672,406,paragraph
in,678,391,691,406,paragraph
Figure,698,391,740,406,paragraph
6,747,391,755,406,paragraph
we,761,391,780,406,paragraph
demonstrate,787,391,867,406,paragraph
a,873,391,880,406,paragraph
=,674,401,683,452,paragraph
=,761,401,770,452,paragraph
=,854,401,862,452,paragraph
matical,79,405,127,420,paragraph
application,134,405,206,420,paragraph
of,213,405,226,420,paragraph
the,233,405,253,420,paragraph
projection,259,405,325,420,paragraph
process,332,405,381,420,paragraph
then,387,405,415,420,paragraph
follows,422,405,470,420,paragraph
single,490,406,529,421,paragraph
projection,533,406,599,421,paragraph
operation,604,406,665,421,paragraph
applied,670,406,718,421,paragraph
to,722,406,735,421,paragraph
the,739,406,759,421,paragraph
input,764,406,797,421,paragraph
signal,802,406,841,421,paragraph
s,845,408,852,421,paragraph
and,857,406,880,421,paragraph
the,79,420,99,435,paragraph
exposition,107,420,174,435,paragraph
of,181,420,195,435,paragraph
the,202,420,222,435,paragraph
previous,229,420,285,435,paragraph
"subsection,",292,420,365,435,paragraph
albeit,372,420,408,435,paragraph
ignoring,415,420,470,435,paragraph
kernel,490,421,530,436,paragraph
k.,535,421,549,436,paragraph
"Here,",553,421,589,436,paragraph
we,593,421,612,436,paragraph
utilize,617,421,657,436,paragraph
the,662,421,682,436,paragraph
following,686,421,749,436,paragraph
sizes,754,421,785,436,paragraph
for,790,421,809,436,paragraph
the,813,421,833,436,paragraph
"signal,",837,421,880,436,paragraph
all,79,435,96,450,paragraph
elements,102,435,160,450,paragraph
of,166,435,179,450,paragraph
the,186,435,205,450,paragraph
projection,212,435,278,450,paragraph
operations,284,435,352,450,paragraph
that,358,435,382,450,paragraph
contain,388,435,436,450,paragraph
zero,442,435,470,450,paragraph
kernel,490,436,530,451,paragraph
and,537,436,560,451,paragraph
projections:,567,436,644,451,paragraph
W,651,438,666,451,paragraph
"20000,",689,436,734,451,paragraph
N,740,438,753,451,paragraph
600,775,438,800,451,paragraph
and,807,436,830,451,paragraph
L,837,438,848,451,paragraph
"2,",868,436,880,451,paragraph
coefﬁcients.,79,450,158,466,paragraph
which,490,451,530,466,paragraph
correspond,537,451,609,466,paragraph
to,616,451,629,466,paragraph
the,636,451,656,466,paragraph
values,663,451,704,466,paragraph
used,711,451,741,466,paragraph
in,748,451,761,466,paragraph
our,768,451,790,466,paragraph
experiments.,797,451,880,466,paragraph
In,96,466,109,481,paragraph
order,115,466,149,481,paragraph
to,154,466,167,481,paragraph
illustrate,172,466,229,481,paragraph
how,235,466,262,481,paragraph
this,268,466,291,481,paragraph
can,296,466,319,481,paragraph
be,324,466,340,481,paragraph
done,345,466,377,481,paragraph
following,382,466,445,481,paragraph
the,450,466,470,481,paragraph
In,490,466,503,482,paragraph
the,511,466,531,482,paragraph
pseudocode,539,466,616,482,paragraph
of,624,466,638,482,paragraph
Figure,646,466,688,482,paragraph
"6,",696,466,709,482,paragraph
load_dup(c,717,466,797,481,paragraph
),805,466,810,481,paragraph
loads,818,466,852,482,paragraph
the,861,466,880,482,paragraph
0,797,474,804,482,paragraph
access,79,481,121,496,paragraph
pattern,126,481,172,496,paragraph
of,177,481,190,496,paragraph
the,196,481,216,496,paragraph
input,221,481,254,496,paragraph
data,260,481,287,496,paragraph
partitioning,292,481,368,496,paragraph
and,374,481,397,496,paragraph
reordering,402,481,470,496,paragraph
two,490,481,514,497,paragraph
elements,520,481,578,497,paragraph
of,583,481,597,497,paragraph
c,603,484,611,496,paragraph
and,624,481,647,497,paragraph
duplicates,653,481,719,497,paragraph
them,725,481,757,497,paragraph
within,763,481,805,497,paragraph
one,810,481,834,497,paragraph
SIMD,840,481,880,497,paragraph
0,611,489,617,498,paragraph
"(and,",79,496,112,511,paragraph
more,122,496,155,511,paragraph
"speciﬁcally,",165,496,242,511,paragraph
using,251,496,287,511,paragraph
with,296,496,325,511,paragraph
SIMD,335,496,375,511,paragraph
"instructions),",385,496,470,511,paragraph
register,490,497,538,512,paragraph
and,544,497,567,512,paragraph
horiz_pairadd_vect(r),573,496,726,512,paragraph
performs,731,497,790,512,paragraph
two,796,497,820,512,paragraph
pairwise,825,497,880,512,paragraph
Figure,79,511,122,526,paragraph
5,128,511,136,526,paragraph
demonstrates,142,511,228,526,paragraph
one,234,511,257,526,paragraph
projection,263,511,329,526,paragraph
operation,335,511,396,526,paragraph
during,402,511,444,526,paragraph
the,450,511,470,526,paragraph
additions,490,512,549,527,paragraph
within,557,512,599,527,paragraph
the,606,512,626,527,paragraph
four,634,512,661,527,paragraph
elements,669,512,727,527,paragraph
of,734,512,748,527,paragraph
r.,756,511,765,527,paragraph
"Speciﬁcally,",773,512,853,527,paragraph
the,861,512,880,527,paragraph
block-major,79,526,159,541,paragraph
reordering,167,526,234,541,paragraph
performed,242,526,310,541,paragraph
in,317,526,330,541,paragraph
GEMM.,337,526,392,541,paragraph
The,399,526,425,541,paragraph
ﬁgure,432,526,470,541,paragraph
realization,490,527,558,542,paragraph
of,564,527,577,542,paragraph
the,582,527,602,542,paragraph
projection,607,527,673,542,paragraph
of,678,527,692,542,paragraph
the,697,527,717,542,paragraph
ith,722,527,740,542,paragraph
group,745,527,783,542,paragraph
of,788,527,802,542,paragraph
four,807,527,834,542,paragraph
values,839,527,880,542,paragraph
illustrates,79,541,143,556,paragraph
t×he,148,536,168,587,paragraph
application,172,541,245,556,paragraph
of,250,541,263,556,paragraph
the,268,541,288,556,paragraph
ﬁrst,293,541,318,556,paragraph
projection,323,541,389,556,paragraph
ve=ctor,394,536,435,587,paragraph
(ﬁrst,439,541,470,556,paragraph
in,490,542,502,557,paragraph
●s,506,539,515,574,list
is,521,542,532,557,paragraph
performed,538,542,606,557,paragraph
via,611,542,631,557,paragraph
the,637,542,657,557,paragraph
following:,662,542,730,557,paragraph
=,96,551,104,602,paragraph
row,79,556,104,571,paragraph
of,110,556,124,571,paragraph
CT,130,555,150,571,paragraph
and,157,556,181,571,paragraph
ﬁrst,186,556,212,571,paragraph
row,218,556,243,571,paragraph
of,249,556,262,571,paragraph
D),268,556,288,571,paragraph
within,294,556,335,571,paragraph
a,341,556,348,571,paragraph
pair,354,556,380,571,paragraph
of,386,556,399,571,paragraph
subblocks,405,556,470,571,paragraph
the,522,561,542,576,list
ﬁrst,549,561,575,576,list
load,582,561,610,576,list
instruction,618,561,687,576,list
of,695,561,708,576,list
the,716,561,736,576,list
For,743,560,767,576,list
loop,775,561,804,576,list
loads,811,561,846,576,list
four,853,561,880,576,list
of,79,571,93,586,paragraph
size,99,571,124,586,paragraph
N,130,574,143,586,paragraph
N.,162,571,181,586,paragraph
In,187,571,200,586,paragraph
this,206,571,230,586,paragraph
"example,",236,571,294,586,paragraph
we,300,571,319,586,paragraph
selected,325,571,378,586,paragraph
N,384,574,397,586,paragraph
144,416,574,441,586,paragraph
and,447,571,470,586,paragraph
●,506,569,512,604,list
consecutive,522,576,598,591,list
values,604,576,645,591,list
of,651,576,664,591,list
s,670,578,677,591,list
into,683,576,708,591,list
register,714,576,763,591,list
r_s;,768,575,795,591,list
L,79,589,91,601,paragraph
8,109,589,118,601,paragraph
(i.e.,124,586,149,602,paragraph
eight,156,586,188,602,paragraph
"projections,",194,586,271,602,paragraph
comprising,277,586,350,602,paragraph
eight,357,586,389,602,paragraph
coefﬁcients,396,586,470,602,paragraph
the,522,591,542,606,list
second,549,591,594,606,list
load,602,591,630,606,list
instruction,637,591,707,606,list
loads,714,591,749,606,list
and,756,591,780,606,list
duplica×tes,787,586,853,636,list
the,861,591,880,606,list
"each),",79,601,119,617,paragraph
which,127,601,166,617,paragraph
are,174,601,194,617,paragraph
the,202,601,222,617,paragraph
values,229,601,270,617,paragraph
used,278,601,308,617,paragraph
in,316,601,328,617,paragraph
our,336,601,358,617,paragraph
experiments.,366,601,449,617,paragraph
In,457,601,470,617,paragraph
●,506,599,512,635,list
two,522,606,546,621,list
values,552,606,593,621,list
of,599,606,612,621,list
the,618,606,638,621,list
ﬁrst,643,606,669,621,list
row,675,606,699,621,list
of,705,606,719,621,list
C,724,608,738,621,list
into,744,606,769,621,list
register,775,606,823,621,list
r_c0;,828,605,864,621,list
"addition,",79,617,137,632,paragraph
we,144,617,163,632,paragraph
left-multiply,171,617,253,632,paragraph
each,260,617,290,632,paragraph
row,297,617,322,632,paragraph
of,330,617,343,632,paragraph
A,350,619,365,631,paragraph
with,372,617,401,632,paragraph
each,408,617,438,632,paragraph
row,445,617,470,632,paragraph
a,522,621,529,636,list
vector,533,621,574,636,list
multiplication,578,621,670,636,list
is,674,621,685,636,list
then,689,621,717,636,list
carried,722,621,767,636,list
out,771,621,792,636,list
(r_s,797,620,825,636,list
r_c0),843,620,880,636,list
of,79,632,93,647,paragraph
"CT,",100,631,126,647,paragraph
which,133,632,173,647,paragraph
is,180,632,191,647,paragraph
equivalent,198,632,265,647,paragraph
to,272,632,285,647,paragraph
right-multiplying,292,632,405,647,paragraph
the,412,632,432,647,paragraph
rows,439,632,470,647,paragraph
●,506,630,512,665,list
and,522,636,545,651,list
the,551,636,571,651,list
results,577,636,619,651,list
are,625,636,645,651,list
stored,650,636,690,651,list
in,696,636,709,651,list
register,714,636,763,651,list
r_proj;,768,636,815,651,list
of,79,647,93,662,paragraph
A,99,649,113,662,paragraph
with,119,647,148,662,paragraph
the,154,647,173,662,paragraph
columns,179,647,234,662,paragraph
of,240,647,254,662,paragraph
C,260,649,273,662,paragraph
but,279,647,299,662,paragraph
it,305,647,314,662,paragraph
is,320,647,331,662,paragraph
more,337,647,370,662,paragraph
efﬁcient,376,647,429,662,paragraph
as,435,647,448,662,paragraph
all,454,647,470,662,paragraph
the,522,651,542,666,list
contents,548,651,602,666,list
of,609,651,622,666,list
this,629,651,652,666,list
register,659,651,707,666,list
are,714,651,734,666,list
all,740,651,756,666,list
added,763,651,802,666,list
together,808,651,861,666,list
to,868,651,880,666,list
input,79,662,113,677,paragraph
elements,117,662,175,677,paragraph
are,179,662,199,677,paragraph
contiguous,204,662,275,677,paragraph
in,279,662,292,677,paragraph
memory,296,662,351,677,paragraph
(thereby,355,662,409,677,paragraph
allowing,414,662,470,677,paragraph
create,522,666,561,681,list
the,566,666,586,681,list
ith,592,666,610,681,list
element,616,666,667,681,list
of,673,666,687,681,list
s,692,669,700,681,list
.,706,666,710,681,list
for,79,677,98,692,paragraph
the,107,677,126,692,paragraph
use,135,677,156,692,paragraph
of,164,677,178,692,paragraph
SIMD,186,677,227,692,paragraph
instructions).,235,677,320,692,paragraph
This,328,677,357,692,paragraph
is,365,677,376,692,paragraph
illustrated,384,677,449,692,paragraph
in,458,677,470,692,paragraph
c,700,673,706,682,list
The,490,685,515,700,paragraph
equivalent,521,685,588,700,paragraph
process,594,685,642,700,paragraph
is,648,685,659,700,paragraph
carried,665,685,710,700,paragraph
out,716,685,736,700,paragraph
for,742,685,761,700,paragraph
the,767,685,787,700,paragraph
realization,792,685,861,700,paragraph
of,867,685,880,700,paragraph
the,79,692,99,707,paragraph
pseudocode,106,692,183,707,paragraph
of,190,692,203,707,paragraph
Figure,210,692,253,707,paragraph
"5,",260,692,272,707,paragraph
where,279,692,319,707,paragraph
we,325,692,344,707,paragraph
present,351,692,398,707,paragraph
simpliﬁed,405,692,470,707,paragraph
the,490,700,510,715,paragraph
ﬁrst,515,700,540,715,paragraph
projection,545,700,611,715,paragraph
of,616,700,629,715,paragraph
the,634,700,654,715,paragraph
ith,659,700,678,715,paragraph
group,683,700,720,715,paragraph
of,725,700,739,715,paragraph
four,744,700,771,715,paragraph
values,776,700,817,715,paragraph
in,822,700,835,715,paragraph
kernel,840,700,880,715,paragraph
SIMD,79,707,120,722,paragraph
instructions,128,707,204,722,paragraph
used,212,707,241,722,paragraph
in,249,707,262,722,paragraph
the,270,707,290,722,paragraph
inner,297,707,331,722,paragraph
loop,338,707,367,722,paragraph
of,375,707,389,722,paragraph
the,396,707,416,722,paragraph
projec-,424,707,470,722,paragraph
k.,490,715,504,730,paragraph
tion,79,722,105,737,paragraph
operation,111,722,172,737,paragraph
performed:,178,722,250,737,paragraph
"mult_vect(r1,r2)",256,722,369,737,paragraph
multiplies,375,722,440,737,paragraph
two,446,722,470,737,paragraph
Figure,506,731,549,746,paragraph
5,553,731,561,746,paragraph
shows,566,731,606,746,paragraph
that,611,731,636,746,paragraph
the,640,731,660,746,paragraph
projection,665,731,731,746,paragraph
leads,736,731,769,746,paragraph
to,774,731,787,746,paragraph
a,792,731,799,746,paragraph
convolution,804,731,880,746,paragraph
SIMD,79,737,120,752,paragraph
registers,125,737,180,752,paragraph
r1,185,737,200,752,paragraph
and,204,737,228,752,paragraph
r2,233,737,247,752,paragraph
and,252,737,276,752,paragraph
"horiz_add_vect(r1,r2)",281,737,435,752,paragraph
adds,440,737,470,752,paragraph
operation,490,746,551,761,paragraph
with,556,746,585,761,paragraph
half,589,746,614,761,paragraph
the,619,746,639,761,paragraph
number,643,746,693,761,paragraph
of,697,746,711,761,paragraph
samples,715,746,768,761,paragraph
in,772,746,785,761,paragraph
both,789,746,818,761,paragraph
the,823,746,843,761,paragraph
input,847,746,880,761,paragraph
all,79,752,96,768,paragraph
eight,102,752,135,768,paragraph
elements,141,752,199,768,paragraph
within,206,752,247,768,paragraph
r1,254,752,268,768,paragraph
and,275,752,299,768,paragraph
r2,305,752,320,768,paragraph
(each,326,752,361,768,paragraph
SIMD,368,752,409,768,paragraph
register2,415,751,469,768,paragraph
signal,490,761,529,776,paragraph
and,537,761,561,776,paragraph
the,569,761,589,776,paragraph
kernel,597,761,638,776,paragraph
(s,646,761,659,776,paragraph
and,674,761,697,776,paragraph
k,706,763,716,776,paragraph
",",723,761,727,776,paragraph
"respectively),",736,761,823,776,paragraph
thereby,832,761,880,776,paragraph
has,79,768,101,783,paragraph
four,105,768,133,783,paragraph
32-bit,137,768,176,783,paragraph
elements).,180,768,247,783,paragraph
"Speciﬁcally,",251,768,331,783,paragraph
the,335,768,355,783,paragraph
realization,360,768,428,783,paragraph
of,433,768,446,783,paragraph
the,450,768,470,783,paragraph
c,659,768,665,777,paragraph
d,716,768,722,777,paragraph
asymptotically,490,776,586,791,paragraph
decreasing,593,776,662,791,paragraph
the,669,776,689,791,paragraph
arithmetic,696,776,762,791,paragraph
complexity,770,776,843,791,paragraph
by,850,776,866,791,paragraph
a,873,776,880,791,paragraph
ﬁrst,79,783,105,798,paragraph
projection,111,783,177,798,paragraph
of,183,783,197,798,paragraph
the,203,783,223,798,paragraph
jth,230,783,250,798,paragraph
group,256,783,294,798,paragraph
of,300,783,314,798,paragraph
eight,320,783,353,798,paragraph
values,359,783,400,798,paragraph
in,407,783,419,798,paragraph
the,426,783,446,798,paragraph
ith,452,783,470,798,paragraph
factor,490,791,528,806,paragraph
of,531,791,545,806,paragraph
four.,549,791,579,806,paragraph
This,583,791,612,806,paragraph
can,616,791,639,806,paragraph
be,643,791,658,806,paragraph
extended,662,791,721,806,paragraph
to,725,791,737,806,paragraph
higher,741,791,783,806,paragraph
gains,787,791,821,806,paragraph
if,825,791,835,806,paragraph
higher,839,791,880,806,paragraph
row,79,798,104,813,paragraph
of,111,798,125,813,paragraph
A,131,800,146,813,paragraph
is,152,798,163,813,paragraph
performed,170,798,238,813,paragraph
via,245,798,264,813,paragraph
the,271,798,291,813,paragraph
following,298,798,361,813,paragraph
(pseudocode,368,798,450,813,paragraph
of,457,798,470,813,paragraph
●,96,806,102,842,list
values,490,806,531,821,paragraph
of,537,806,550,821,paragraph
L,556,809,567,821,paragraph
are,573,806,593,821,paragraph
used.,598,806,632,821,paragraph
the,79,813,99,828,paragraph
left,105,813,127,828,paragraph
part,132,813,158,828,paragraph
of,163,813,177,828,paragraph
Figure,183,813,225,828,paragraph
5):,231,813,249,828,paragraph
the,112,828,131,843,list
ﬁrst,139,828,164,843,list
two,171,828,196,843,list
load,203,828,231,843,list
instructions,238,828,314,843,list
of,321,828,335,843,list
the,342,828,362,843,list
inner,369,828,403,843,list
For,410,828,434,843,list
loop,441,828,470,843,list
load,112,843,140,858,list
two,147,843,171,858,list
pairs,178,843,210,858,list
of,217,843,230,858,list
four,237,843,264,858,list
consecutive,272,843,348,858,list
values,355,843,396,858,list
of,403,843,417,858,list
A,424,845,438,858,list
into,445,843,470,858,list
C.,490,845,505,860,section
Computational,513,845,610,860,section
and,620,845,645,860,section
Memory,655,845,709,860,section
Aspects,719,845,768,860,section
of,778,845,791,860,section
Projections-,801,845,880,860,section
●,96,852,102,887,list
registers,112,858,166,873,list
r_a0,172,858,205,873,list
and,210,858,234,873,list
r_a1;,240,858,277,873,list
based,490,861,528,876,section
GEMM,533,861,582,876,section
and,588,861,612,876,section
CONV,618,861,661,876,section
the,112,873,131,888,list
next,139,873,167,888,list
two,174,873,198,888,list
instructions,206,873,282,888,list
load,289,873,317,888,list
the,324,873,344,888,list
two,352,873,376,888,list
pairs,383,873,415,888,list
of,422,873,436,888,list
four,443,873,470,888,list
The,506,882,531,897,paragraph
conventional,537,882,620,897,paragraph
(or,626,882,645,897,paragraph
“plain”),650,882,703,897,paragraph
GEMM,709,882,759,897,paragraph
kernel,765,882,805,897,paragraph
"(i.e.,",811,882,840,897,paragraph
with-,846,882,880,897,paragraph
consecutive,112,888,188,904,list
projection,194,888,260,904,list
coefﬁcients,266,888,341,904,list
of,347,888,361,904,list
the,367,888,387,904,list
ﬁrst,394,888,419,904,list
row,425,888,450,904,list
of,457,888,470,904,list
out,490,897,511,912,paragraph
projections),516,897,594,912,paragraph
requires,600,897,652,912,paragraph
(,688,895,696,945,equation
),711,895,718,945,equation
=,722,895,731,945,equation
CT,112,902,132,918,list
into,139,904,164,919,list
registers,170,904,225,919,list
r_c0,230,903,262,919,list
and,268,904,291,919,list
r_c1;,297,903,333,919,list
2known,93,931,133,944,footer
as,138,932,149,944,footer
“q-registers”,153,932,220,944,footer
in,224,932,234,944,footer
the,239,932,255,944,footer
ARM,259,932,289,944,footer
Neon,294,932,322,944,footer
architecture,326,932,388,944,footer
"CGEMM,plain",613,930,685,946,equation
N,696,932,709,945,equation
N3,735,930,756,945,equation
(16),853,930,880,945,equation
