token,x0,y0,x1,y1,label
Thermodynamic,181,217,366,239,title
R-diagrams,374,217,506,239,title
reveal,513,217,579,239,title
solid-like,587,217,685,239,title
ﬂuid,693,217,743,239,title
states,751,217,816,239,title
∗,385,253,393,275,author
†,560,253,568,275,author
‡,794,253,801,275,author
George,202,265,273,283,author
"Ruppeiner,",280,265,391,283,author
Peter,399,265,452,283,author
Mausbach,460,265,560,283,author
and,568,265,605,283,author
Helge-Otmar,613,265,742,283,author
May,750,265,794,283,author
May,431,300,475,318,paragraph
"26,",482,300,512,318,paragraph
2020,519,300,565,318,paragraph
Abstract,459,370,537,384,paragraph
We,255,393,280,407,abstract
evaluate,287,393,351,407,abstract
the,357,393,382,407,abstract
thermodynamic,389,393,510,407,abstract
curvature,517,393,591,407,abstract
R,598,393,611,407,abstract
for,618,393,639,407,abstract
ﬂuid,646,393,681,407,abstract
"argon,",687,393,736,407,abstract
hy-,743,393,768,407,abstract
"drogen,",228,411,286,424,abstract
carbon,292,411,345,424,abstract
"dioxide,",351,411,411,424,abstract
and,418,411,446,424,abstract
water.,452,411,500,424,abstract
For,509,411,535,424,abstract
these,541,411,580,424,abstract
"ﬂuids,",586,411,633,424,abstract
R,639,411,653,424,abstract
is,659,411,671,424,abstract
mostly,677,411,729,424,abstract
neg-,735,411,768,424,abstract
"ative,",228,428,271,441,abstract
but,280,428,307,441,abstract
we,315,428,336,441,abstract
also,344,428,374,441,abstract
ﬁnd,382,428,412,441,abstract
signiﬁcant,421,428,499,441,abstract
regimes,508,428,566,441,abstract
of,575,428,589,441,abstract
positive,598,428,658,441,abstract
"R,",666,428,685,441,abstract
which,694,428,739,441,abstract
we,747,428,768,441,abstract
interpret,228,445,296,459,abstract
as,303,445,319,459,abstract
indicating,325,445,402,459,abstract
solid-like,408,445,477,459,abstract
ﬂuid,483,445,518,459,abstract
properties.,524,445,607,459,abstract
Regimes,616,445,681,459,abstract
of,687,445,701,459,abstract
positive,708,445,768,459,abstract
R,228,462,242,476,abstract
are,249,462,273,476,abstract
present,280,462,336,476,abstract
in,343,462,358,476,abstract
all,365,462,383,476,abstract
four,390,462,422,476,abstract
ﬂuids,429,462,470,476,abstract
at,477,462,493,476,abstract
very,500,462,533,476,abstract
high,540,462,574,476,abstract
pressure.,581,462,649,476,abstract
Water,660,462,708,476,abstract
"has,",715,462,746,476,abstract
in,753,462,768,476,abstract
"addition,",228,479,298,493,abstract
a,303,479,312,493,abstract
narrow,316,479,371,493,abstract
slab,375,479,406,493,abstract
of,411,479,425,493,abstract
positive,430,479,490,493,abstract
R,495,479,508,493,abstract
in,513,479,528,493,abstract
the,533,479,558,493,abstract
stable,563,479,608,493,abstract
liquid,613,479,657,493,abstract
phase,662,479,705,493,abstract
near,710,479,744,493,abstract
its,749,479,768,493,abstract
triple,228,496,270,510,abstract
point.,276,496,321,510,abstract
"Also,",329,496,368,510,abstract
water,374,496,417,510,abstract
is,423,496,435,510,abstract
the,441,496,466,510,abstract
only,471,496,505,510,abstract
ﬂuid,510,496,545,510,abstract
we,551,496,571,510,abstract
found,577,496,621,510,abstract
having,627,496,678,510,abstract
R,684,496,697,510,abstract
decrease,703,496,768,510,abstract
on,228,513,247,527,abstract
cooling,252,513,307,527,abstract
into,313,513,343,527,abstract
the,348,513,373,527,abstract
metastable,378,513,462,527,abstract
liquid,467,513,511,527,abstract
"phase,",517,513,565,527,abstract
consistent,571,513,647,527,abstract
with,653,513,687,527,abstract
a,693,513,701,527,abstract
possible,707,513,768,527,abstract
second,228,530,280,544,abstract
critical,286,530,340,544,abstract
point.,345,530,391,544,abstract
Keywords:,181,560,268,575,paragraph
metric,276,560,329,575,paragraph
geometry,334,560,411,575,paragraph
of,417,560,432,575,paragraph
thermodynamics;,438,560,581,575,paragraph
ﬂuid,587,560,624,575,paragraph
equations,629,560,709,575,paragraph
of,714,560,729,575,paragraph
state;,735,560,781,575,paragraph
wa-,786,560,816,575,paragraph
ter;,181,579,209,594,paragraph
thermodynamic,216,579,346,594,paragraph
curvature;,353,579,437,594,paragraph
phase,444,579,490,594,paragraph
transitions,497,579,585,594,paragraph
and,592,579,622,594,paragraph
critical,629,579,686,594,paragraph
points,693,579,744,594,paragraph
Extracting,209,615,298,630,paragraph
general,306,615,365,630,paragraph
information,373,615,470,630,paragraph
from,478,615,517,630,paragraph
thermodynamic,524,615,655,630,paragraph
properties,663,615,746,630,paragraph
poses,754,615,798,630,paragraph
a,806,615,816,630,paragraph
challenge.,181,633,262,648,paragraph
Which,271,633,325,648,paragraph
properties,332,633,415,648,paragraph
to,422,633,439,648,paragraph
feature,446,633,504,648,paragraph
depends,510,633,578,648,paragraph
strongly,584,633,652,648,paragraph
on,659,633,679,648,paragraph
the,685,633,712,648,paragraph
type,719,633,755,648,paragraph
of,762,633,777,648,paragraph
sys-,784,633,816,648,paragraph
tem,181,652,213,667,paragraph
under,219,652,267,667,paragraph
"consideration,",274,652,390,667,paragraph
the,397,652,424,667,paragraph
regime,431,652,486,667,paragraph
of,493,652,508,667,paragraph
"interest,",515,652,583,667,paragraph
and,590,652,621,667,paragraph
the,627,652,654,667,paragraph
broader,661,652,725,667,paragraph
context,732,652,793,667,paragraph
of,800,652,816,667,paragraph
applicable,181,670,265,685,paragraph
models,270,670,328,685,paragraph
from,334,670,372,685,paragraph
statistical,378,670,459,685,paragraph
mechanics.,464,670,554,685,paragraph
Very,563,670,601,685,paragraph
useful,607,670,655,685,paragraph
for,661,670,684,685,paragraph
comparison,689,670,784,685,paragraph
be-,789,670,816,685,paragraph
tween,181,688,228,703,paragraph
diﬀerent,234,688,303,703,paragraph
systems,308,688,373,703,paragraph
would,378,688,428,703,paragraph
be,433,688,453,703,paragraph
some,458,688,499,703,paragraph
representation,505,688,623,703,paragraph
not,629,688,656,703,paragraph
dependent,662,688,748,703,paragraph
on,753,688,773,703,paragraph
such,779,688,816,703,paragraph
subjective,181,706,264,721,paragraph
features.,269,706,340,721,paragraph
In,348,706,365,721,paragraph
this,370,706,401,721,paragraph
"paper,",406,706,459,721,paragraph
we,464,706,486,721,paragraph
propose,490,706,555,721,paragraph
"R-diagrams,",560,706,662,721,paragraph
based,667,706,714,721,paragraph
on,719,706,739,721,paragraph
the,744,706,770,721,paragraph
ther-,775,706,816,721,paragraph
modynamic,181,725,277,740,paragraph
curvature,284,725,363,740,paragraph
"R,",369,725,389,740,paragraph
as,396,725,413,740,paragraph
such,419,725,456,740,paragraph
a,463,725,472,740,paragraph
representation.,479,725,603,740,paragraph
At,611,725,633,740,paragraph
a,639,725,649,740,paragraph
"glance,",655,725,712,740,paragraph
R-diagrams,719,725,816,740,paragraph
reveal,181,743,230,758,paragraph
a,237,743,246,758,paragraph
number,253,743,316,758,paragraph
of,323,743,339,758,paragraph
important,346,743,430,758,paragraph
ﬂuid,437,743,474,758,paragraph
properties.,481,743,570,758,paragraph
We,580,743,607,758,paragraph
key,614,743,642,758,paragraph
here,649,743,684,758,paragraph
particularly,691,743,788,758,paragraph
on,795,743,816,758,paragraph
locating,181,761,247,776,paragraph
solid-like,253,761,326,776,paragraph
properties,332,761,416,776,paragraph
of,421,761,437,776,paragraph
"ﬂuids,",443,761,493,776,paragraph
with,498,761,536,776,paragraph
particular,541,761,623,776,paragraph
attention,629,761,705,776,paragraph
to,711,761,728,776,paragraph
anomalies,734,761,816,776,paragraph
in,181,779,197,794,paragraph
liquid,203,779,250,794,paragraph
water,257,779,303,794,paragraph
in,309,779,325,794,paragraph
the,332,779,358,794,paragraph
vicinity,364,779,427,794,paragraph
of,433,779,448,794,paragraph
its,455,779,475,794,paragraph
triple,481,779,526,794,paragraph
point.,532,779,581,794,paragraph
∗,202,800,209,815,paragraph
New,210,808,241,820,footer
College,247,808,298,820,footer
of,304,808,317,820,footer
"Florida,",322,808,378,820,footer
"Sarasota,",383,808,449,820,footer
"Florida,",454,808,510,820,footer
"34243,",515,808,561,820,footer
USA,566,808,599,820,footer
(ruppeiner@ncf.edu),605,808,750,820,footer
†,203,815,209,830,paragraph
Cologne,210,823,267,836,footer
University,272,823,345,836,footer
of,351,823,364,836,footer
Applied,369,823,425,836,footer
"Sciences,",430,823,493,836,footer
"Cologne,",498,823,560,836,footer
"D-50679,",565,823,628,836,footer
Germany,634,823,699,836,footer
‡,203,830,209,845,paragraph
University,210,838,283,851,footer
of,288,838,301,851,footer
Applied,307,838,362,851,footer
"Sciences,",368,838,430,851,footer
"Darmstadt,",436,838,517,851,footer
"D-64295,",523,838,586,851,footer
Germany,591,838,656,851,footer
1,493,874,503,889,paragraph
##LTLine##,181,804,435,804,paragraph
