token,x0,y0,x1,y1,label
IEEE,80,29,107,41,paragraph
TRANSACTIONS,111,29,196,41,paragraph
ON,201,29,217,41,paragraph
IMAGE,221,29,259,41,paragraph
"PROCESSING,",263,29,337,41,paragraph
2017,341,29,364,41,paragraph
1,914,30,919,41,paragraph
Embedding,96,67,276,103,title
Visual,290,67,389,103,title
Hierarchy,403,67,559,103,title
with,573,67,642,103,title
Deep,656,67,738,103,title
Networks,752,67,903,103,title
for,217,102,262,138,title
Large-Scale,276,102,464,138,title
Visual,478,102,577,138,title
Recognition,591,102,782,138,title
Tianyi,196,147,242,164,author
"Zhao,",248,147,289,164,author
Baopeng,302,147,366,164,author
"Zhang,",372,147,422,164,author
Wei,435,147,463,164,author
"Zhang,",469,147,519,164,author
Ning,532,147,568,164,author
"Zhou,",574,147,616,164,author
Jun,629,147,654,164,author
"Yu,",666,147,691,164,author
Jianping,703,147,764,164,author
Fan,770,147,797,164,author
Abstract—,96,219,161,234,paragraph
In,166,219,179,234,abstract
this,184,219,207,234,abstract
"paper,",211,219,250,234,abstract
a,255,219,262,234,abstract
level-wise,267,219,327,234,abstract
mixture,331,219,381,234,abstract
model,385,219,424,234,abstract
(LMM),428,219,475,234,abstract
is,480,219,490,234,abstract
Even,526,219,559,235,paragraph
deep,564,219,595,235,paragraph
learning,601,219,654,235,paragraph
has,659,219,681,235,paragraph
achieved,687,219,744,235,paragraph
outstanding,749,219,825,235,paragraph
performances,831,219,919,235,paragraph
developed,80,232,142,247,abstract
by,147,232,162,247,abstract
embedding,167,232,236,247,abstract
visual,241,232,278,247,abstract
hierarchy,283,232,343,247,abstract
with,348,232,376,247,abstract
deep,381,232,410,247,abstract
networks,415,232,473,247,abstract
to,478,232,490,247,abstract
for,509,234,528,250,paragraph
many,534,234,570,250,paragraph
computer,576,234,637,250,paragraph
vision,643,234,683,250,paragraph
"tasks,",688,234,725,250,paragraph
it,731,234,740,250,paragraph
still,745,234,770,250,paragraph
has,775,234,797,250,paragraph
room,803,234,837,250,paragraph
to,843,234,856,250,paragraph
improve:,861,234,919,250,paragraph
support,80,245,128,259,abstract
large-scale,133,245,199,259,abstract
visual,203,245,240,259,abstract
recognition,244,245,315,259,abstract
"(i.e.,",319,245,346,259,abstract
recognizing,350,245,422,259,abstract
thousands,426,245,490,259,abstract
(1),509,250,528,265,paragraph
strong,538,250,578,265,paragraph
inter-class,588,250,655,265,paragraph
visual,664,250,703,265,paragraph
similarities,712,250,785,265,paragraph
are,794,250,814,265,paragraph
typical,824,250,868,265,paragraph
in,877,250,890,265,paragraph
the,900,250,919,265,paragraph
or,80,257,93,272,abstract
even,101,257,129,272,abstract
tens,137,257,163,272,abstract
of,171,257,183,272,abstract
thousands,191,257,254,272,abstract
of,262,257,275,272,abstract
object,283,257,321,272,abstract
"classes),",329,257,379,272,abstract
and,387,257,410,272,abstract
a,418,257,426,272,abstract
Bayesian,434,257,490,272,abstract
domain,509,265,558,280,paragraph
of,562,265,576,280,paragraph
large-scale,580,265,650,280,paragraph
visual,655,265,694,280,paragraph
recognition,698,265,772,280,paragraph
especially,776,265,841,280,paragraph
when,846,265,881,280,paragraph
some,885,265,919,280,paragraph
approach,80,270,139,284,abstract
is,145,270,155,284,abstract
used,161,270,189,284,abstract
to,196,270,208,284,abstract
adapt,214,270,250,284,abstract
a,256,270,264,284,abstract
pre-trained,270,270,341,284,abstract
visual,347,270,384,284,abstract
hierarchy,390,270,451,284,abstract
auto-,457,270,490,284,abstract
matically,80,282,137,297,abstract
to,142,282,154,297,abstract
the,158,282,178,297,abstract
improvements,182,282,271,297,abstract
of,275,282,287,297,abstract
deep,292,282,321,297,abstract
features,325,282,376,297,abstract
(that,380,282,410,297,abstract
are,414,282,434,297,abstract
used,439,282,467,297,abstract
for,471,282,490,297,abstract
object,509,280,549,295,paragraph
classes,558,280,603,295,paragraph
are,611,280,631,295,paragraph
ﬁne-grained,640,280,718,295,paragraph
(visually-similar),727,280,840,295,paragraph
"[15],",849,280,880,295,paragraph
"[16],",888,280,919,295,paragraph
image,80,295,117,310,abstract
and,121,295,145,310,abstract
object,150,295,188,310,abstract
class,192,295,222,310,abstract
representation),226,295,322,310,abstract
when,326,295,360,310,abstract
more,364,295,397,310,abstract
representative,401,295,490,310,abstract
"[17],",509,295,540,310,paragraph
"[18],",548,295,579,310,paragraph
but,586,295,606,310,paragraph
the,613,295,633,310,paragraph
N-way,640,295,688,310,paragraph
ﬂat,695,295,716,310,paragraph
softmax,723,295,775,310,paragraph
classiﬁer,782,295,840,310,paragraph
completely,847,295,919,310,paragraph
deep,80,308,109,322,abstract
networks,117,308,174,322,abstract
are,182,308,202,322,abstract
learned,210,308,257,322,abstract
along,264,308,299,322,abstract
the,306,308,326,322,abstract
time.,334,308,365,322,abstract
Our,373,308,399,322,abstract
LMM,406,308,444,322,abstract
model,451,308,490,322,abstract
ignores,509,310,557,325,paragraph
the,564,310,583,325,paragraph
inter-task,590,310,651,325,paragraph
correlations;,657,310,739,325,paragraph
(2),745,310,764,325,paragraph
ignoring,771,310,826,325,paragraph
the,832,310,852,325,paragraph
inter-task,858,310,919,325,paragraph
can,80,320,101,335,abstract
provide,107,320,154,335,abstract
an,159,320,175,335,abstract
end-to-end,180,320,247,335,abstract
approach,253,320,312,335,abstract
for,317,320,335,335,abstract
jointly,340,320,381,335,abstract
learning:,386,320,443,335,abstract
(a),448,320,465,335,abstract
the,470,320,490,335,abstract
correlations,509,325,586,340,paragraph
completely,593,325,666,340,paragraph
may,673,325,701,340,paragraph
push,708,325,738,340,paragraph
the,746,325,765,340,paragraph
deep,772,325,803,340,paragraph
learning,810,325,864,340,paragraph
process,871,325,919,340,paragraph
deep,80,333,109,347,abstract
networks,115,333,172,347,abstract
to,178,333,191,347,abstract
extract,197,333,241,347,abstract
more,246,333,279,347,abstract
discriminative,285,333,374,347,abstract
deep,380,333,409,347,abstract
features,415,333,465,347,abstract
for,471,333,490,347,abstract
away,509,340,543,355,paragraph
from,550,340,582,355,paragraph
the,588,340,608,355,paragraph
global,615,340,656,355,paragraph
optimum,662,340,721,355,paragraph
because,728,340,779,355,paragraph
the,786,340,806,355,paragraph
gradients,813,340,873,355,paragraph
of,879,340,893,355,paragraph
the,900,340,919,355,paragraph
image,80,345,117,360,abstract
and,123,345,146,360,abstract
object,152,345,190,360,abstract
class,196,345,225,360,abstract
representation;,231,345,327,360,abstract
(b),332,345,350,360,abstract
the,356,345,376,360,abstract
tree,381,345,405,360,abstract
classiﬁer,411,345,466,360,abstract
for,471,345,490,360,abstract
recognizing,80,358,152,373,abstract
large,158,358,190,373,abstract
numbers,196,358,251,373,abstract
of,257,358,270,373,abstract
object,276,358,314,373,abstract
classes,320,358,362,373,abstract
hierarchically;,368,358,460,373,abstract
and,466,358,490,373,abstract
joint,509,355,539,370,paragraph
objective,548,355,607,370,paragraph
function,616,355,670,370,paragraph
are,679,355,699,370,paragraph
not,707,355,728,370,paragraph
uniform,737,355,789,370,paragraph
for,798,355,817,370,paragraph
all,826,355,842,370,paragraph
the,851,355,871,370,paragraph
object,880,355,919,370,paragraph
(c),80,370,96,385,abstract
the,102,370,121,385,abstract
visual,127,370,163,385,abstract
hierarchy,169,370,230,385,abstract
adaptation,236,370,303,385,abstract
for,309,370,327,385,abstract
achieving,333,370,392,385,abstract
more,398,370,430,385,abstract
accurate,436,370,490,385,abstract
"classes,",509,370,559,385,paragraph
and,569,370,592,385,paragraph
such,603,370,632,385,paragraph
deep,643,370,674,385,paragraph
learning,684,370,737,385,paragraph
process,748,370,796,385,paragraph
may,807,370,835,385,paragraph
distract,845,370,893,385,paragraph
on,903,370,919,385,paragraph
indexing,80,383,133,398,abstract
of,141,383,153,398,abstract
large,160,383,192,398,abstract
numbers,199,383,254,398,abstract
of,262,383,274,398,abstract
object,281,383,320,398,abstract
classes,327,383,368,398,abstract
hierarchically.,376,383,465,398,abstract
By,473,383,490,398,abstract
discerning,509,385,577,401,paragraph
some,581,385,615,401,paragraph
particular,619,385,681,401,paragraph
object,685,385,725,401,paragraph
classes,729,385,774,401,paragraph
that,778,385,802,401,paragraph
are,806,385,826,401,paragraph
typically,830,385,887,401,paragraph
hard,891,385,919,401,paragraph
supporting,80,396,148,410,abstract
joint,153,396,182,410,abstract
learning,186,396,238,410,abstract
of,243,396,255,410,abstract
the,260,396,279,410,abstract
tree,284,396,308,410,abstract
"classiﬁer,",313,396,369,410,abstract
the,374,396,394,410,abstract
deep,398,396,427,410,abstract
networks,432,396,490,410,abstract
to,509,401,522,416,paragraph
be,528,401,543,416,paragraph
discriminated.,549,401,641,416,paragraph
and,80,408,103,423,abstract
the,110,408,130,423,abstract
visual,137,408,173,423,abstract
hierarchy,180,408,241,423,abstract
"adaptation,",248,408,319,423,abstract
our,326,408,348,423,abstract
LMM,355,408,392,423,abstract
algorithm,399,408,461,423,abstract
can,468,408,490,423,abstract
Another,526,416,579,431,paragraph
divide-and-conquer,584,416,711,431,paragraph
approach,717,416,777,431,paragraph
for,782,416,801,431,paragraph
supporting,807,416,876,431,paragraph
large-,882,416,919,431,paragraph
provide,80,421,127,435,abstract
an,135,421,150,435,abstract
effective,158,421,210,435,abstract
approach,218,421,277,435,abstract
for,284,421,303,435,abstract
controlling,311,421,379,435,abstract
inter-level,386,421,449,435,abstract
error,457,421,490,435,abstract
propagation,80,433,156,448,abstract
"effectively,",161,433,227,448,abstract
thus,232,433,259,448,abstract
it,264,433,272,448,abstract
can,277,433,299,448,abstract
achieve,304,433,350,448,abstract
better,355,433,393,448,abstract
accuracy,398,433,454,448,abstract
rates,459,433,490,448,abstract
scale,509,431,542,446,paragraph
visual,547,431,586,446,paragraph
recognition,590,431,665,446,paragraph
is,669,431,680,446,paragraph
to,685,431,698,446,paragraph
leverage,703,431,757,446,paragraph
a,762,431,769,446,paragraph
pre-deﬁned,774,431,848,446,paragraph
tree,853,431,878,446,paragraph
struc-,882,431,919,446,paragraph
on,80,446,95,461,abstract
large-scale,102,446,169,461,abstract
visual,176,446,212,461,abstract
recognition.,219,446,293,461,abstract
Our,300,446,327,461,abstract
experiments,334,446,410,461,abstract
are,417,446,437,461,abstract
carried,444,446,490,461,abstract
ture,509,446,535,461,paragraph
(visual,542,446,586,461,paragraph
hierarchy,593,446,655,461,paragraph
or,662,446,676,461,paragraph
concept,683,446,734,461,paragraph
ontology),741,446,804,461,paragraph
"[19],",811,446,843,461,paragraph
"[20],",850,446,881,461,paragraph
"[21],",888,446,919,461,paragraph
on,80,458,95,473,abstract
ImageNet1K,102,458,182,473,abstract
and,189,458,213,473,abstract
ImageNet10K,220,458,307,473,abstract
image,314,458,352,473,abstract
"sets,",359,458,385,473,abstract
and,392,458,416,473,abstract
our,423,458,445,473,abstract
LMM,452,458,490,473,abstract
"[22],",509,461,540,476,paragraph
"[23],",547,461,578,476,paragraph
"[24],",585,461,616,476,paragraph
"[25],",623,461,654,476,paragraph
"[26],",661,461,692,476,paragraph
"[27],",699,461,730,476,paragraph
"[28],",737,461,768,476,paragraph
"[29],",775,461,806,476,paragraph
"[30],",812,461,844,476,paragraph
"[31],",850,461,882,476,paragraph
"[32],",888,461,919,476,paragraph
algorithm,80,471,141,486,abstract
can,151,471,173,486,abstract
achieve,182,471,228,486,abstract
very,238,471,265,486,abstract
competitive,275,471,347,486,abstract
results,356,471,398,486,abstract
on,407,471,423,486,abstract
both,432,471,461,486,abstract
the,470,471,490,486,abstract
[33],509,476,536,491,paragraph
to,541,476,553,491,paragraph
organize,558,476,614,491,paragraph
large,618,476,650,491,paragraph
numbers,655,476,711,491,paragraph
of,715,476,729,491,paragraph
object,733,476,773,491,paragraph
classes,777,476,823,491,paragraph
hierarchically.,827,476,919,491,paragraph
accuracy,80,484,136,498,abstract
rates,141,484,171,498,abstract
and,176,484,200,498,abstract
the,205,484,224,498,abstract
computation,229,484,308,498,abstract
efﬁciency,313,484,372,498,abstract
as,377,484,390,498,abstract
compared,395,484,457,498,abstract
with,462,484,490,498,abstract
By,509,491,528,506,paragraph
training,534,491,584,506,paragraph
the,589,491,609,506,paragraph
tree,615,491,639,506,paragraph
classiﬁer,644,491,702,506,paragraph
over,707,491,736,506,paragraph
a,741,491,748,506,paragraph
pre-deﬁned,753,491,828,506,paragraph
tree,833,491,857,506,paragraph
structure,863,491,919,506,paragraph
the,80,496,99,511,abstract
baseline,105,496,155,511,abstract
methods.,160,496,217,511,abstract
"hierarchically,",509,506,602,521,paragraph
the,611,506,631,521,paragraph
hierarchical,641,506,718,521,paragraph
visual,727,506,766,521,paragraph
recognition,776,506,850,521,paragraph
approach,860,506,919,521,paragraph
Index,96,516,131,530,paragraph
Terms—Large-scale,138,515,262,530,paragraph
visual,269,515,306,530,paragraph
"recognition,",313,515,387,530,paragraph
level-wise,394,515,454,530,paragraph
mix-,461,515,490,530,paragraph
"[34],",509,521,540,536,paragraph
"[35],",549,521,580,536,paragraph
"[36],",589,521,620,536,paragraph
[37],629,521,656,536,paragraph
can,664,521,687,536,paragraph
provide,695,521,745,536,paragraph
multiple,754,521,808,536,paragraph
advantages:,816,521,893,536,paragraph
(a),901,521,919,536,paragraph
ture,80,528,105,543,paragraph
model,110,528,149,543,paragraph
"(LMM),",154,528,205,543,paragraph
visual,210,528,247,543,paragraph
hierarchy,252,528,312,543,paragraph
"adaptation,",318,528,389,543,paragraph
deep,394,528,423,543,paragraph
"networks,",428,528,490,543,paragraph
Making,509,536,560,552,paragraph
coarse-to-ﬁne,569,536,659,552,paragraph
predictions,668,536,740,552,paragraph
along,750,536,786,552,paragraph
a,795,536,802,552,paragraph
pre-deﬁned,812,536,886,552,paragraph
tree,895,536,919,552,paragraph
tree,80,541,104,555,paragraph
"classiﬁer,",110,541,166,555,paragraph
Bayesian,172,541,228,555,paragraph
"approach,",234,541,297,555,paragraph
object-group,303,541,383,555,paragraph
assignment,389,541,459,555,paragraph
ma-,465,541,490,555,paragraph
trix,80,553,102,568,paragraph
(group-object,108,553,193,568,paragraph
correlation,198,553,267,568,paragraph
matrix).,273,553,324,568,paragraph
structure,509,551,566,567,paragraph
can,574,551,597,567,paragraph
effectively,605,551,674,567,paragraph
rule,682,551,707,567,paragraph
out,715,551,736,567,paragraph
unlikely,744,551,797,567,paragraph
groups,806,551,850,567,paragraph
of,858,551,872,567,paragraph
object,880,551,919,567,paragraph
classes,509,567,554,582,paragraph
"(i.e.,",560,567,590,582,paragraph
irrelevant,596,567,657,582,paragraph
high-level,663,567,729,582,paragraph
nodes,735,567,773,582,paragraph
on,779,567,795,582,paragraph
the,801,567,821,582,paragraph
tree,827,567,851,582,paragraph
structure),857,567,919,582,paragraph
I.,221,582,231,598,section
INTRODUCTION,240,582,348,598,section
at,509,582,521,597,paragraph
an,526,582,542,597,paragraph
early,547,582,579,597,paragraph
"stage,",585,582,622,597,paragraph
thus,627,582,654,597,paragraph
it,660,582,669,597,paragraph
can,674,582,697,597,paragraph
achieve,702,582,751,597,paragraph
sub-linear,756,582,821,597,paragraph
computational,826,582,919,597,paragraph
B,80,589,112,638,paragraph
complexity,509,597,582,612,paragraph
at,589,597,601,612,paragraph
test,608,597,630,612,paragraph
time;,637,597,671,612,paragraph
(b),678,597,697,612,paragraph
For,704,597,726,612,paragraph
a,733,597,740,612,paragraph
given,747,597,783,612,paragraph
group,790,597,828,612,paragraph
(a,835,597,847,612,paragraph
high-level,854,597,919,612,paragraph
Y,114,601,126,616,paragraph
breaking,132,601,189,616,paragraph
the,195,601,215,616,paragraph
complex,221,601,276,616,paragraph
issue,282,601,315,616,paragraph
of,321,601,335,616,paragraph
feature,341,601,386,616,paragraph
learning,392,601,445,616,paragraph
into,451,601,476,616,paragraph
a,483,601,490,616,paragraph
non-leaf,509,612,564,627,paragraph
node,572,612,603,627,paragraph
on,611,612,628,627,paragraph
the,636,612,655,627,paragraph
tree,664,612,688,627,paragraph
"structure),",696,612,762,627,paragraph
the,771,612,790,627,paragraph
learning,798,612,852,627,paragraph
tasks,860,612,892,627,paragraph
for,901,612,919,627,paragraph
set,114,616,132,631,paragraph
of,139,616,152,631,paragraph
small,159,616,194,631,paragraph
tasks,201,616,234,631,paragraph
"hierarchically,",240,616,333,631,paragraph
deep,339,616,370,631,paragraph
learning,377,616,430,631,paragraph
"[1],",437,616,460,631,paragraph
"[2],",467,616,490,631,paragraph
training,509,627,560,642,paragraph
the,569,627,589,642,paragraph
inter-related,599,627,678,642,paragraph
classiﬁers,688,627,752,642,paragraph
for,761,627,780,642,paragraph
its,790,627,805,642,paragraph
belonging,815,627,880,642,paragraph
ﬁne-,890,627,919,642,paragraph
"[3],",80,631,103,646,paragraph
"[4],",108,631,131,646,paragraph
[5],136,631,155,646,paragraph
has,160,631,181,646,paragraph
demonstrated,186,631,274,646,paragraph
a,279,631,286,646,paragraph
divide-and-conquer,291,631,418,646,paragraph
process,423,631,472,646,paragraph
to,477,631,490,646,paragraph
grained,509,642,558,657,paragraph
(visually-similar),567,642,680,657,paragraph
object,690,642,729,657,paragraph
classes,739,642,784,657,paragraph
are,793,642,813,657,paragraph
strongly,822,642,875,657,paragraph
inter-,885,642,919,657,paragraph
learn,80,646,112,661,paragraph
more,116,646,150,661,paragraph
discriminative,154,646,246,661,paragraph
representations,251,646,349,661,paragraph
for,353,646,372,661,paragraph
large-scale,376,646,447,661,paragraph
visual,451,646,490,661,paragraph
"related,",509,657,558,672,paragraph
thus,562,657,589,672,paragraph
multi-task,593,657,659,672,paragraph
learning,663,657,716,672,paragraph
can,720,657,743,672,paragraph
be,747,657,762,672,paragraph
used,766,657,796,672,paragraph
to,800,657,813,672,paragraph
train,817,657,847,672,paragraph
such,851,657,881,672,paragraph
inter-,885,657,919,672,paragraph
recognition,80,661,154,677,paragraph
application:,162,661,239,677,paragraph
each,247,661,277,677,paragraph
neuron,285,661,330,677,paragraph
on,339,661,355,677,paragraph
the,363,661,383,677,paragraph
deep,391,661,422,677,paragraph
networks,430,661,490,677,paragraph
related,509,672,554,687,paragraph
classiﬁers,562,672,626,687,paragraph
jointly,634,672,677,687,paragraph
for,685,672,704,687,paragraph
enhancing,712,672,779,687,paragraph
their,787,672,817,687,paragraph
discrimination,825,672,919,687,paragraph
handles,80,676,129,692,paragraph
one,139,676,162,692,paragraph
small,172,676,208,692,paragraph
piece,217,676,252,692,paragraph
of,261,676,275,692,paragraph
the,285,676,305,692,paragraph
complex,314,676,370,692,paragraph
task,380,676,406,692,paragraph
for,416,676,435,692,paragraph
feature,445,676,490,692,paragraph
power,509,687,550,702,paragraph
"[31],",557,687,588,702,paragraph
[32];,596,687,627,702,paragraph
(c),635,687,653,702,paragraph
For,660,687,683,702,paragraph
a,690,687,697,702,paragraph
given,705,687,740,702,paragraph
object,748,687,787,702,paragraph
"class,",795,687,831,702,paragraph
the,838,687,858,702,paragraph
negative,865,687,919,702,paragraph
"learning,",80,692,137,707,paragraph
and,143,692,167,707,paragraph
all,173,692,189,707,paragraph
these,195,692,229,707,paragraph
neurons,235,692,287,707,paragraph
can,293,692,315,707,paragraph
seamlessly,322,692,392,707,paragraph
collaborate,399,692,471,707,paragraph
to,477,692,490,707,paragraph
images,509,702,555,718,paragraph
for,564,702,583,718,paragraph
classiﬁer,592,702,650,718,paragraph
training,659,702,709,718,paragraph
can,718,702,741,718,paragraph
be,749,702,765,718,paragraph
selected,774,702,826,718,paragraph
locally,835,702,879,718,paragraph
from,888,702,919,718,paragraph
accomplish,80,707,154,722,paragraph
the,159,707,179,722,paragraph
complex,185,707,240,722,paragraph
task,246,707,272,722,paragraph
for,278,707,297,722,paragraph
feature,302,707,347,722,paragraph
learning,353,707,406,722,paragraph
in,412,707,424,722,paragraph
a,430,707,437,722,paragraph
coarse-,443,707,490,722,paragraph
other,509,718,543,733,paragraph
visually-similar,550,718,652,733,paragraph
object,659,718,699,733,paragraph
classes,706,718,752,733,paragraph
in,759,718,772,733,paragraph
the,779,718,799,733,paragraph
same,806,718,839,733,paragraph
"group,",847,718,889,733,paragraph
and,896,718,919,733,paragraph
to-ﬁne,80,722,122,737,paragraph
fashion.,128,722,180,737,paragraph
For,186,722,209,737,paragraph
large-scale,215,722,285,737,paragraph
visual,292,722,331,737,paragraph
recognition,337,722,411,737,paragraph
application,417,722,490,737,paragraph
the,509,733,529,748,paragraph
issue,533,733,566,748,paragraph
of,570,733,584,748,paragraph
huge,588,733,619,748,paragraph
sample,624,733,670,748,paragraph
imbalance,674,733,741,748,paragraph
can,745,733,768,748,paragraph
be,772,733,787,748,paragraph
avoided,791,733,842,748,paragraph
effectively;,846,733,919,748,paragraph
"(i.e.,",80,737,109,752,paragraph
recognizing,118,737,195,752,paragraph
thousands,205,737,270,752,paragraph
or,280,737,293,752,paragraph
even,303,737,333,752,paragraph
tens,342,737,369,752,paragraph
of,378,737,392,752,paragraph
thousands,401,737,467,752,paragraph
of,476,737,490,752,paragraph
(d),509,748,528,763,paragraph
For,534,748,556,763,paragraph
a,562,748,569,763,paragraph
given,575,748,610,763,paragraph
"group,",616,748,658,763,paragraph
its,664,748,679,763,paragraph
task,685,748,711,763,paragraph
space,717,748,753,763,paragraph
for,759,748,778,763,paragraph
object,783,748,823,763,paragraph
recognition,829,748,903,763,paragraph
is,909,748,919,763,paragraph
object,80,752,119,767,paragraph
classes),128,752,178,767,paragraph
"[6],",187,752,210,767,paragraph
"[7],",218,752,241,767,paragraph
"[8],",249,752,272,767,paragraph
"[9],",281,752,304,767,paragraph
"[10],",312,752,343,767,paragraph
"[11],",351,752,383,767,paragraph
"[12],",391,752,422,767,paragraph
"[13],",430,752,462,767,paragraph
the,470,752,490,767,paragraph
much,509,763,545,778,paragraph
smaller,553,763,600,778,paragraph
and,608,763,631,778,paragraph
uniform,638,763,691,778,paragraph
"(i.e.,",698,763,727,778,paragraph
distinguishing,734,763,827,778,paragraph
only,834,763,863,778,paragraph
a,870,763,877,778,paragraph
small,884,763,919,778,paragraph
deep,80,767,110,782,paragraph
networks,119,767,178,782,paragraph
are,186,767,206,782,paragraph
usually,215,767,262,782,paragraph
trained,270,767,315,782,paragraph
in,324,767,336,782,paragraph
a,345,767,352,782,paragraph
supervised,360,767,430,782,paragraph
way,438,767,465,782,paragraph
by,473,767,490,782,paragraph
number,509,778,559,793,paragraph
of,569,778,582,793,paragraph
ﬁne-grained,592,778,670,793,paragraph
(visually-similar),680,778,793,793,paragraph
object,803,778,842,793,paragraph
classes,852,778,897,793,paragraph
in,907,778,919,793,paragraph
minimizing,80,782,155,797,paragraph
a,160,782,167,797,paragraph
ﬂat,173,782,194,797,paragraph
loss,199,782,224,797,paragraph
function,230,782,284,797,paragraph
(such,290,782,325,797,paragraph
as,330,782,344,797,paragraph
cross-entropy).,349,782,447,797,paragraph
Some,453,782,490,797,paragraph
researchers,80,797,153,812,paragraph
have,159,797,189,812,paragraph
found,195,797,233,812,paragraph
that,240,797,264,812,paragraph
the,270,797,290,812,paragraph
neurons,297,797,348,812,paragraph
on,354,797,371,812,paragraph
the,377,797,397,812,paragraph
earlier,403,797,445,812,paragraph
layers,451,797,490,812,paragraph
the,509,793,529,808,paragraph
same,537,793,570,808,paragraph
group,578,793,616,808,paragraph
rather,624,793,662,808,paragraph
than,670,793,698,808,paragraph
separating,705,793,772,808,paragraph
all,780,793,796,808,paragraph
N,804,795,817,808,paragraph
object,827,793,867,808,paragraph
classes,874,793,919,808,paragraph
simultaneously,509,808,608,823,paragraph
[33]).,614,808,650,823,paragraph
of,80,812,93,827,paragraph
the,99,812,119,827,paragraph
deep,124,812,155,827,paragraph
networks,161,812,220,827,paragraph
are,226,812,246,827,paragraph
more,252,812,285,827,paragraph
’common’,291,812,359,827,paragraph
but,364,812,385,827,paragraph
the,391,812,410,827,paragraph
neurons,416,812,468,827,paragraph
on,473,812,490,827,paragraph
Based,526,823,565,838,paragraph
on,574,823,590,838,paragraph
these,598,823,632,838,paragraph
"observations,",640,823,726,838,paragraph
it,734,823,743,838,paragraph
is,752,823,762,838,paragraph
very,771,823,799,838,paragraph
nature,808,823,848,838,paragraph
for,857,823,876,838,paragraph
us,884,823,899,838,paragraph
to,907,823,919,838,paragraph
the,80,827,99,843,paragraph
later,105,827,134,843,paragraph
layers,140,827,179,843,paragraph
are,184,827,204,843,paragraph
more,210,827,243,843,paragraph
’speciﬁc’,249,827,309,843,paragraph
[14].,314,827,346,843,paragraph
ask,509,838,531,853,paragraph
ourselves,538,838,599,853,paragraph
the,607,838,627,853,paragraph
following,634,838,697,853,paragraph
question:,704,838,764,853,paragraph
how,771,838,798,853,paragraph
can,805,838,829,853,paragraph
we,836,838,854,853,paragraph
integrate,862,838,919,853,paragraph
Tianyi,93,852,126,864,paragraph
"Zhao,",130,852,160,864,paragraph
Bapeng,165,852,204,864,paragraph
"Zhang,",209,852,245,864,paragraph
Wei,250,852,270,864,paragraph
"Zhang,",275,852,311,864,paragraph
Ning,316,852,342,864,paragraph
"Zhou,",346,852,377,864,paragraph
Jun,381,852,399,864,paragraph
Yu,404,852,418,864,paragraph
and,422,852,441,864,paragraph
Jianping,446,852,490,864,paragraph
these,509,853,543,868,paragraph
two,549,853,572,868,paragraph
divide-and-conquer,579,853,707,868,paragraph
approaches,713,853,788,868,paragraph
(deep,794,853,830,869,paragraph
learning,836,853,890,869,paragraph
and,896,853,919,869,paragraph
Fan,80,863,99,876,paragraph
are,106,863,122,876,paragraph
with,129,863,152,876,paragraph
the,160,863,175,876,paragraph
Department,183,863,244,876,paragraph
of,251,863,262,876,paragraph
Computer,269,863,321,876,paragraph
"Science,",329,863,372,876,paragraph
University,380,863,434,876,paragraph
of,441,863,452,876,paragraph
North,459,863,490,876,paragraph
hierarchical,509,868,586,884,paragraph
visual,592,868,630,884,paragraph
recognition),636,868,716,884,paragraph
and,721,868,745,883,paragraph
beneﬁt,751,868,794,883,paragraph
from,800,868,830,883,paragraph
both,835,868,864,883,paragraph
of,870,868,882,883,paragraph
them,888,868,919,883,paragraph
"Carolina,",80,875,128,887,paragraph
"Charlotte,",132,875,184,887,paragraph
NC,188,875,207,887,paragraph
"28223,",211,875,247,887,paragraph
USA.,251,875,281,887,paragraph
e-mail:,285,875,322,887,paragraph
jfan@uncc.edu,327,875,406,887,paragraph
This,93,886,116,898,footer
research,119,886,163,898,footer
is,167,886,175,898,footer
supported,179,886,230,898,footer
by,234,886,247,898,footer
National,251,886,296,898,footer
Science,299,886,340,898,footer
Foundation,344,886,403,898,footer
under,406,886,436,898,footer
1651166-,440,886,490,898,footer
to,509,883,522,898,paragraph
exploit,528,883,572,898,paragraph
better,577,883,615,898,paragraph
solutions,621,883,680,898,paragraph
for,685,883,704,898,paragraph
large-scale,710,883,783,898,paragraph
visual,788,883,827,898,paragraph
recognition?,833,883,915,898,paragraph
CNS.,80,897,108,909,footer
In,526,899,539,914,paragraph
this,548,899,571,914,paragraph
"paper,",580,899,620,914,paragraph
as,628,899,642,914,paragraph
shown,651,899,693,914,paragraph
in,701,899,714,914,paragraph
Fig.,723,899,748,914,paragraph
"1,",757,899,769,914,paragraph
a,778,899,785,914,paragraph
level-wise,794,899,860,914,paragraph
mixture,869,899,919,914,paragraph
Copyright,93,909,145,921,footer
(c),153,909,167,921,footer
2016,175,909,201,921,footer
IEEE.,209,909,240,921,footer
Personal,248,909,292,921,footer
use,300,909,317,921,footer
of,325,909,336,921,footer
this,344,909,362,921,footer
material,370,909,413,921,footer
is,420,909,429,921,footer
permitted.,437,909,490,921,footer
model,509,914,550,929,paragraph
(LMM),554,914,604,929,paragraph
is,608,914,619,929,paragraph
developed,623,914,689,929,paragraph
by,694,914,710,929,paragraph
using,714,914,749,929,paragraph
a,754,914,761,929,paragraph
tree,765,914,789,929,paragraph
classiﬁer,794,914,851,929,paragraph
to,856,914,868,929,paragraph
replace,872,914,919,929,paragraph
"However,",80,920,129,932,footer
permission,135,920,193,932,footer
to,199,920,209,932,footer
use,216,920,233,932,footer
this,239,920,258,932,footer
material,264,920,307,932,footer
for,313,920,329,932,footer
any,335,920,354,932,footer
other,360,920,387,932,footer
purposes,393,920,439,932,footer
must,446,920,471,932,footer
be,477,920,490,932,footer
obtained,80,931,124,943,footer
from,129,931,154,943,footer
the,159,931,175,943,footer
IEEE,179,931,207,943,footer
by,212,931,225,943,footer
sending,230,931,270,943,footer
an,275,931,287,943,footer
email,292,931,320,943,footer
to,325,931,335,943,footer
pubs-permissions@ieee.org.,340,931,487,943,footer
traditional,509,929,576,944,paragraph
N-way,581,929,628,944,paragraph
ﬂat,633,929,654,944,paragraph
softmax,659,929,711,944,paragraph
classiﬁer,716,929,774,944,paragraph
in,778,929,791,944,paragraph
the,796,929,816,944,paragraph
deep,820,929,851,944,paragraph
"networks,",856,929,919,944,paragraph
