token,x0,y0,x1,y1,label
A,138,127,155,151,title
Dual-Source,160,127,285,151,title
Approach,291,127,390,151,title
for,396,127,425,151,title
3D,431,127,460,151,title
Pose,466,127,511,151,title
Estimation,517,127,626,151,title
from,632,127,681,151,title
a,687,127,699,151,title
Single,704,127,766,151,title
Image,771,127,834,151,title
∗,272,161,278,179,author
∗,386,161,393,179,author
Hashim,162,168,223,186,author
Yasin,228,168,272,186,author
"1,",279,167,291,186,paragraph
Umar,296,168,341,186,author
Iqbal,346,168,386,186,author
"2,",394,167,406,186,paragraph
Björn,411,168,455,186,author
"Krüger3,",460,167,528,186,author
Andreas,532,168,598,186,author
"Weber1,",602,167,665,186,author
and,670,168,698,186,paragraph
Juergen,703,168,764,186,author
Gall2,768,167,809,186,author
"1Multimedia,",178,194,281,212,author
"Simulation,",286,194,377,212,author
Virtual,382,194,436,212,author
Reality,441,194,497,212,author
"Group,",502,194,557,212,author
University,562,194,643,212,author
of,648,194,664,212,author
"Bonn,",669,194,717,212,author
Germany,721,194,794,212,author
2Computer,267,211,352,230,author
Vision,357,212,408,230,author
"Group,",413,212,468,230,author
University,473,212,554,230,author
of,559,212,575,230,author
"Bonn,",580,212,628,230,author
Germany,632,212,705,230,author
3Gokhale,319,229,392,248,author
Method,397,229,458,248,author
"Institute,",463,229,532,248,author
"Stanford,",537,229,609,248,author
USA,614,229,653,248,author
Abstract,238,264,311,284,paragraph
second,504,268,549,283,paragraph
source,554,268,596,283,paragraph
is,601,268,612,283,paragraph
accurate,616,268,671,283,paragraph
3D,675,268,695,283,paragraph
motion,699,268,746,283,paragraph
capture,750,268,798,283,paragraph
data,803,268,830,283,paragraph
captured,834,268,890,283,paragraph
in,504,283,517,298,paragraph
a,522,283,529,298,paragraph
"lab,",534,283,558,298,paragraph
"e.g.,",563,283,590,298,paragraph
as,596,283,609,298,paragraph
in,614,283,627,298,paragraph
the,632,283,652,298,paragraph
CMU,657,283,694,298,paragraph
motion,699,283,745,298,paragraph
capture,750,283,798,298,paragraph
dataset,803,283,848,298,paragraph
[8],853,283,872,298,paragraph
or,877,283,890,298,paragraph
One,101,299,128,314,abstract
major,132,299,171,314,abstract
challenge,175,299,238,314,abstract
for,243,299,262,314,abstract
3D,266,299,286,314,abstract
pose,290,299,320,314,abstract
estimation,324,299,392,314,abstract
from,396,299,426,314,abstract
a,431,299,439,314,abstract
sin-,443,299,467,314,abstract
the,504,298,524,313,paragraph
Human3.6M,531,298,613,313,paragraph
dataset,620,298,665,313,paragraph
[13].,672,298,703,313,paragraph
We,716,298,737,313,paragraph
consider,744,298,799,313,paragraph
both,806,298,835,313,paragraph
sources,841,298,890,313,paragraph
gle,81,314,101,329,abstract
RGB,105,314,137,329,abstract
image,141,314,180,329,abstract
is,184,314,195,329,abstract
the,199,314,219,329,abstract
acquisition,223,314,295,329,abstract
of,299,314,312,329,abstract
sufﬁcient,316,314,374,329,abstract
training,378,314,430,329,abstract
data.,434,314,467,329,abstract
as,504,313,518,329,paragraph
"independent,",523,313,607,329,paragraph
"i.e.,",613,313,637,329,paragraph
we,643,313,662,329,paragraph
do,667,313,683,329,paragraph
not,689,313,710,329,paragraph
know,715,313,751,329,paragraph
the,756,313,776,329,paragraph
3D,782,313,802,329,paragraph
pose,807,313,837,329,paragraph
for,842,313,861,329,paragraph
any,867,313,890,329,paragraph
In,81,329,95,344,abstract
"particular,",99,329,167,344,abstract
collecting,171,329,235,344,abstract
large,239,329,273,344,abstract
amounts,277,329,332,344,abstract
of,336,329,349,344,abstract
training,353,329,405,344,abstract
data,409,329,438,344,abstract
that,442,329,467,344,abstract
training,504,328,555,344,paragraph
image.,561,328,605,344,paragraph
To,618,328,634,344,paragraph
integrate,641,328,698,344,paragraph
both,704,328,733,344,paragraph
"sources,",739,328,792,344,paragraph
we,799,328,818,344,paragraph
propose,825,328,876,344,paragraph
a,883,328,890,344,paragraph
contain,81,345,130,360,abstract
unconstrained,136,345,229,360,abstract
images,234,345,280,360,abstract
and,286,345,310,360,abstract
are,316,345,337,360,abstract
annotated,342,345,407,360,abstract
with,413,345,441,360,abstract
ac-,447,345,467,360,abstract
dual-source,504,344,580,359,paragraph
approach,586,344,645,359,paragraph
as,651,344,664,359,paragraph
illustrated,670,344,735,359,paragraph
in,740,344,753,359,paragraph
Fig.,759,344,784,359,paragraph
1.,790,344,802,359,paragraph
To,811,344,828,359,paragraph
this,834,344,857,359,paragraph
"end,",863,344,890,359,paragraph
curate,81,360,123,375,abstract
3D,128,360,148,375,abstract
poses,152,360,189,375,abstract
is,194,360,204,375,abstract
infeasible.,209,360,276,375,abstract
We,284,360,303,375,abstract
therefore,308,360,367,375,abstract
propose,372,360,423,375,abstract
to,428,360,441,375,abstract
use,446,360,467,375,abstract
we,504,359,523,374,paragraph
ﬁrst,528,359,554,374,paragraph
convert,559,359,607,374,paragraph
the,612,359,632,374,paragraph
motion,637,359,683,374,paragraph
capture,689,359,736,374,paragraph
data,742,359,769,374,paragraph
into,774,359,799,374,paragraph
a,805,359,812,374,paragraph
normalized,817,359,890,374,paragraph
two,81,375,105,390,abstract
independent,112,375,192,390,abstract
training,199,375,251,390,abstract
sources.,258,375,311,390,abstract
The,325,375,349,390,abstract
ﬁrst,356,375,382,390,abstract
source,389,375,431,390,abstract
con-,438,375,467,390,abstract
2D,504,374,524,389,paragraph
pose,528,374,558,389,paragraph
"space,",562,374,602,389,paragraph
and,606,374,629,389,paragraph
separately,633,374,699,389,paragraph
learn,703,374,736,389,paragraph
a,739,374,747,389,paragraph
regressor,750,374,810,389,paragraph
for,814,374,833,389,paragraph
2D,837,374,856,389,paragraph
pose,860,374,890,389,paragraph
sists,81,390,109,405,abstract
of,116,390,129,405,abstract
images,136,390,181,405,abstract
with,188,390,216,405,abstract
annotated,223,390,288,405,abstract
2D,295,390,315,405,abstract
poses,321,390,358,405,abstract
and,364,390,389,405,abstract
the,396,390,415,405,abstract
second,422,390,467,405,abstract
estimation,504,389,572,404,paragraph
from,577,389,609,404,paragraph
the,614,389,634,404,paragraph
image,640,389,679,404,paragraph
data.,685,389,716,404,paragraph
During,725,389,771,404,paragraph
"inference,",777,389,841,404,paragraph
we,847,389,866,404,paragraph
es-,871,389,890,404,paragraph
source,81,405,124,420,abstract
consists,129,405,180,420,abstract
of,185,405,197,420,abstract
accurate,202,405,258,420,abstract
3D,263,405,283,420,abstract
motion,287,405,332,420,abstract
capture,337,405,386,420,abstract
data.,390,405,423,420,abstract
To,429,405,445,420,abstract
in-,449,405,467,420,abstract
timate,504,404,545,419,paragraph
the,549,404,569,419,paragraph
2D,574,404,594,419,paragraph
pose,598,404,628,419,paragraph
and,633,404,656,419,paragraph
retrieve,661,404,710,419,paragraph
the,715,404,734,419,paragraph
nearest,739,404,785,419,paragraph
3D,790,404,810,419,paragraph
poses,814,404,850,419,paragraph
using,855,404,890,419,paragraph
tegrate,81,420,127,435,abstract
both,133,420,162,435,abstract
"sources,",167,420,221,435,abstract
we,227,420,245,435,abstract
propose,251,420,303,435,abstract
a,309,420,317,435,abstract
dual-source,323,420,400,435,abstract
approach,406,420,467,435,abstract
an,504,419,520,434,paragraph
approach,524,419,583,434,paragraph
that,587,419,612,434,paragraph
is,616,419,627,434,paragraph
robust,631,419,671,434,paragraph
to,675,419,688,434,paragraph
2D,692,419,712,434,paragraph
pose,716,419,746,434,paragraph
estimation,750,419,818,434,paragraph
errors.,822,419,864,434,paragraph
We,869,419,890,434,paragraph
that,81,435,107,450,abstract
combines,111,435,173,450,abstract
2D,178,435,197,450,abstract
pose,202,435,232,450,abstract
estimation,237,435,304,450,abstract
with,309,435,337,450,abstract
efﬁcient,342,435,393,450,abstract
and,398,435,422,450,abstract
robust,427,435,467,450,abstract
then,504,434,532,449,paragraph
jointly,537,434,579,449,paragraph
estimate,584,434,638,449,paragraph
a,643,434,650,449,paragraph
mapping,655,434,712,449,paragraph
from,717,434,748,449,paragraph
the,753,434,773,449,paragraph
3D,778,434,797,449,paragraph
pose,802,434,832,449,paragraph
space,837,434,873,449,paragraph
to,878,434,890,449,paragraph
3D,81,450,101,465,abstract
pose,107,450,137,465,abstract
retrieval.,143,450,202,465,abstract
In,213,450,227,465,abstract
our,233,450,255,465,abstract
"experiments,",261,450,344,465,abstract
we,350,450,368,465,abstract
show,374,450,408,465,abstract
that,414,450,439,465,abstract
our,445,450,467,465,abstract
the,504,449,524,464,paragraph
"image,",529,449,573,464,paragraph
identify,579,449,630,464,paragraph
wrongly,635,449,689,464,paragraph
estimated,694,449,757,464,paragraph
2D,762,449,782,464,paragraph
"joints,",787,449,828,464,paragraph
and,833,449,857,464,paragraph
esti-,862,449,890,464,paragraph
approach,81,465,143,480,abstract
achieves,147,465,203,480,abstract
state-of-the-art,207,465,306,480,abstract
results,310,465,353,480,abstract
and,357,465,381,480,abstract
is,386,465,397,480,abstract
even,401,465,431,480,abstract
com-,435,465,467,480,abstract
mate,504,464,536,479,paragraph
the,542,464,562,479,paragraph
3D,568,464,588,479,paragraph
pose.,594,464,628,479,paragraph
During,639,464,685,479,paragraph
this,691,464,714,479,paragraph
"process,",720,464,773,479,paragraph
the,780,464,800,479,paragraph
2D,806,464,826,479,paragraph
pose,832,464,862,479,paragraph
can,868,464,890,479,paragraph
petitive,81,480,129,495,abstract
when,133,480,167,495,abstract
the,171,480,191,495,abstract
skeleton,194,480,248,495,abstract
structure,251,480,309,495,abstract
of,313,480,326,495,abstract
the,329,480,349,495,abstract
two,353,480,376,495,abstract
sources,380,480,429,495,abstract
differ,432,480,467,495,abstract
also,504,479,530,495,paragraph
be,536,479,551,495,paragraph
reﬁned,556,479,602,495,paragraph
and,607,479,630,495,paragraph
the,636,479,656,495,paragraph
approach,661,479,721,495,paragraph
can,726,479,749,495,paragraph
be,754,479,769,495,paragraph
iterated,775,479,823,495,paragraph
to,829,479,841,495,paragraph
update,847,479,890,495,paragraph
substantially.,81,495,168,511,abstract
the,504,495,524,510,paragraph
estimated,529,495,592,510,paragraph
3D,597,495,617,510,paragraph
and,622,495,646,510,paragraph
2D,651,495,671,510,paragraph
pose.,676,495,710,510,paragraph
We,718,495,740,510,paragraph
evaluate,745,495,798,510,paragraph
our,804,495,825,510,paragraph
approach,831,495,890,510,paragraph
on,504,510,520,525,paragraph
two,526,510,550,525,paragraph
popular,556,510,606,525,paragraph
datasets,611,510,663,525,paragraph
for,669,510,687,525,paragraph
3D,693,510,713,525,paragraph
pose,719,510,748,525,paragraph
estimation.,754,510,826,525,paragraph
On,836,510,856,525,paragraph
both,861,510,890,525,paragraph
1.,81,526,96,546,section
Introduction,101,526,207,546,section
"datasets,",504,525,560,540,paragraph
our,565,525,587,540,paragraph
approach,592,525,652,540,paragraph
achieves,657,525,712,540,paragraph
state-of-the-art,717,525,814,540,paragraph
results,819,525,862,540,paragraph
and,867,525,890,540,paragraph
we,504,540,523,555,paragraph
provide,528,540,578,555,paragraph
a,583,540,590,555,paragraph
thorough,595,540,654,555,paragraph
evaluation,659,540,726,555,paragraph
of,731,540,744,555,paragraph
the,749,540,769,555,paragraph
approach.,774,540,838,555,paragraph
In,846,540,859,555,paragraph
par-,864,540,890,555,paragraph
Human,101,555,149,570,paragraph
3D,155,555,175,570,paragraph
pose,181,555,211,570,paragraph
estimation,217,555,285,570,paragraph
from,291,555,323,570,paragraph
a,329,555,337,570,paragraph
single,343,555,382,570,paragraph
RGB,388,555,421,570,paragraph
image,428,555,467,570,paragraph
"ticular,",504,555,549,570,paragraph
we,553,555,572,570,paragraph
analyze,576,555,626,570,paragraph
the,630,555,649,570,paragraph
impact,653,555,698,570,paragraph
of,702,555,715,570,paragraph
differences,719,555,791,570,paragraph
of,795,555,808,570,paragraph
the,812,555,832,570,paragraph
skeleton,836,555,890,570,paragraph
is,81,570,92,585,paragraph
a,100,570,107,585,paragraph
very,115,570,143,585,paragraph
challenging,151,570,227,585,paragraph
task.,234,570,265,585,paragraph
One,280,570,307,585,paragraph
approach,315,570,374,585,paragraph
to,382,570,395,585,paragraph
solve,402,570,436,585,paragraph
this,444,570,467,585,paragraph
structure,504,570,561,585,paragraph
between,564,570,619,585,paragraph
the,622,570,642,585,paragraph
two,645,570,669,585,paragraph
training,673,570,723,585,paragraph
"sources,",726,570,779,585,paragraph
the,783,570,803,585,paragraph
impact,806,570,850,585,paragraph
of,853,570,867,585,paragraph
the,870,570,890,585,paragraph
task,81,585,108,600,paragraph
is,113,585,124,600,paragraph
to,129,585,142,600,paragraph
collect,147,585,191,600,paragraph
training,196,585,247,600,paragraph
"data,",252,585,283,600,paragraph
where,289,585,329,600,paragraph
each,334,585,364,600,paragraph
image,369,585,409,600,paragraph
is,414,585,425,600,paragraph
anno-,430,585,467,600,paragraph
accuracy,504,585,562,600,paragraph
of,567,585,580,600,paragraph
the,585,585,605,600,paragraph
used,610,585,640,600,paragraph
2D,645,585,665,600,paragraph
pose,670,585,700,600,paragraph
"estimator,",705,585,769,600,paragraph
and,774,585,797,600,paragraph
the,802,585,822,600,paragraph
impact,827,585,872,600,paragraph
of,877,585,890,600,paragraph
tated,81,600,113,615,paragraph
with,118,600,147,615,paragraph
the,153,600,173,615,paragraph
3D,178,600,198,615,paragraph
pose.,203,600,237,615,paragraph
A,246,600,258,615,paragraph
regression,263,600,330,615,paragraph
"model,",335,600,380,615,paragraph
for,386,600,405,615,paragraph
"instance,",410,600,467,615,paragraph
the,504,600,524,615,paragraph
similarity,528,600,591,615,paragraph
of,595,600,608,615,paragraph
the,612,600,632,615,paragraph
training,636,600,687,615,paragraph
and,691,600,714,615,paragraph
test,719,600,741,615,paragraph
poses.,745,600,785,615,paragraph
can,81,615,104,630,paragraph
then,110,615,138,630,paragraph
be,145,615,160,630,paragraph
learned,167,615,215,630,paragraph
to,221,615,234,630,paragraph
predict,240,615,285,630,paragraph
the,292,615,311,630,paragraph
3D,318,615,338,630,paragraph
pose,344,615,374,630,paragraph
from,380,615,412,630,paragraph
the,418,615,438,630,paragraph
im-,445,615,467,630,paragraph
2.,504,615,519,634,section
Related,524,615,588,634,section
Work,593,615,640,634,section
age,81,630,104,646,paragraph
"[6,",110,630,127,646,paragraph
"14,",133,630,153,646,paragraph
"12,",159,630,180,646,paragraph
"2,",185,630,197,646,paragraph
"7,",203,630,215,646,paragraph
"16,",221,630,242,646,paragraph
17].,247,630,273,646,paragraph
In,283,630,297,646,paragraph
contrast,302,630,354,646,paragraph
to,360,630,372,646,paragraph
2D,378,630,398,646,paragraph
pose,404,630,434,646,paragraph
esti-,439,630,467,646,paragraph
"mation,",81,646,131,661,paragraph
"however,",135,646,193,661,paragraph
acquiring,197,646,259,661,paragraph
accurate,263,646,317,661,paragraph
3D,321,646,341,661,paragraph
poses,345,646,381,661,paragraph
for,385,646,404,661,paragraph
an,408,646,424,661,paragraph
image,428,646,467,661,paragraph
A,524,643,535,658,paragraph
common,541,643,598,658,paragraph
approach,604,643,664,658,paragraph
for,670,643,688,658,paragraph
3D,694,643,714,658,paragraph
human,720,643,764,658,paragraph
pose,770,643,800,658,paragraph
estimation,806,643,874,658,paragraph
is,879,643,890,658,paragraph
is,81,661,92,676,paragraph
very,97,661,126,676,paragraph
elaborate.,131,661,195,676,paragraph
Popular,202,661,253,676,paragraph
datasets,258,661,310,676,paragraph
like,315,661,339,676,paragraph
HumanEva,344,661,417,676,paragraph
[23],422,661,449,676,paragraph
or,454,661,467,676,paragraph
to,504,658,517,674,paragraph
utilize,523,658,563,674,paragraph
multiple,569,658,623,674,paragraph
images,629,658,675,674,paragraph
captured,681,658,737,674,paragraph
by,743,658,759,674,paragraph
synchronized,765,658,852,674,paragraph
cam-,858,658,890,674,paragraph
Human3.6M,81,676,164,691,paragraph
[13],168,676,195,691,paragraph
synchronized,199,676,286,691,paragraph
cameras,290,676,343,691,paragraph
with,347,676,376,691,paragraph
a,379,676,387,691,paragraph
commercial,391,676,467,691,paragraph
eras,504,673,530,689,paragraph
"[5,",535,673,552,689,paragraph
"24,",556,673,577,689,paragraph
32].,581,673,607,689,paragraph
The,612,673,638,689,paragraph
requirement,642,673,721,689,paragraph
of,725,673,738,689,paragraph
a,743,673,750,689,paragraph
multi-camera,754,673,841,689,paragraph
system,845,673,890,689,paragraph
marker-based,81,691,169,706,paragraph
system,175,691,220,706,paragraph
to,225,691,238,706,paragraph
obtain,243,691,284,706,paragraph
3D,289,691,309,706,paragraph
poses,314,691,350,706,paragraph
for,356,691,375,706,paragraph
images.,380,691,430,706,paragraph
This,438,691,467,706,paragraph
in,504,689,517,704,paragraph
a,523,689,531,704,paragraph
controlled,537,689,603,704,paragraph
"environment,",610,689,695,704,paragraph
"however,",702,689,761,704,paragraph
limits,768,689,805,704,paragraph
the,811,689,831,704,paragraph
applica-,838,689,890,704,paragraph
requires,81,706,134,721,paragraph
a,139,706,147,721,paragraph
very,152,706,181,721,paragraph
expensive,186,706,250,721,paragraph
hardware,256,706,316,721,paragraph
setup,322,706,356,721,paragraph
and,362,706,385,721,paragraph
the,391,706,410,721,paragraph
require-,416,706,467,721,paragraph
bility,504,704,539,719,paragraph
of,544,704,558,719,paragraph
these,563,704,596,719,paragraph
methods.,602,704,661,719,paragraph
Since,670,704,707,719,paragraph
3D,712,704,732,719,paragraph
human,737,704,782,719,paragraph
pose,787,704,817,719,paragraph
estimation,822,704,890,719,paragraph
ments,81,721,120,736,paragraph
for,124,721,143,736,paragraph
marker-based,147,721,235,736,paragraph
system,238,721,284,736,paragraph
like,287,721,311,736,paragraph
studio,315,721,355,736,paragraph
environment,359,721,440,736,paragraph
and,444,721,467,736,paragraph
from,504,719,536,734,paragraph
a,541,719,549,734,paragraph
single,554,719,593,734,paragraph
image,598,719,638,734,paragraph
is,644,719,654,734,paragraph
very,660,719,689,734,paragraph
difﬁcult,694,719,745,734,paragraph
due,751,719,774,734,paragraph
to,780,719,792,734,paragraph
missing,798,719,849,734,paragraph
depth,854,719,890,734,paragraph
attached,81,736,136,751,paragraph
markers,140,736,192,751,paragraph
prevent,196,736,244,751,paragraph
the,248,736,268,751,paragraph
capturing,272,736,334,751,paragraph
of,338,736,351,751,paragraph
realistic,355,736,407,751,paragraph
images.,411,736,461,751,paragraph
"information,",504,734,585,749,paragraph
depth,592,734,628,749,paragraph
cameras,634,734,687,749,paragraph
have,693,734,723,749,paragraph
been,729,734,760,749,paragraph
utilized,766,734,815,749,paragraph
for,821,734,840,749,paragraph
human,846,734,890,749,paragraph
Instead,101,752,148,767,paragraph
of,152,752,166,767,paragraph
training,170,752,221,767,paragraph
a,225,752,232,767,paragraph
model,236,752,277,767,paragraph
on,281,752,297,767,paragraph
pairs,301,752,333,767,paragraph
consisting,337,752,403,767,paragraph
of,407,752,421,767,paragraph
an,425,752,441,767,paragraph
im-,445,752,467,767,paragraph
pose,504,749,534,764,paragraph
estimation,538,749,606,764,paragraph
"[4,",610,749,627,764,paragraph
"22,",631,749,652,764,paragraph
11].,655,749,681,764,paragraph
"However,",686,749,748,764,paragraph
current,752,749,798,764,paragraph
depth,802,749,838,764,paragraph
sensors,842,749,890,764,paragraph
age,81,767,104,783,paragraph
and,110,767,134,783,paragraph
a,140,767,148,783,paragraph
3D,154,767,174,783,paragraph
"pose,",180,767,214,783,paragraph
we,221,767,240,783,paragraph
propose,246,767,298,783,paragraph
an,304,767,320,783,paragraph
approach,326,767,386,783,paragraph
that,392,767,417,783,paragraph
is,423,767,434,783,paragraph
able,440,767,467,783,paragraph
are,504,764,524,779,paragraph
limited,530,764,576,779,paragraph
to,582,764,594,779,paragraph
indoor,600,764,643,779,paragraph
environments,649,764,736,779,paragraph
and,742,764,766,779,paragraph
cannot,772,764,815,779,paragraph
be,821,764,836,779,paragraph
used,842,764,872,779,paragraph
in,878,764,890,779,paragraph
to,81,782,94,798,paragraph
incorporate,100,782,174,798,paragraph
2D,180,782,200,798,paragraph
and,206,782,229,798,paragraph
3D,235,782,255,798,paragraph
information,261,782,338,798,paragraph
from,344,782,376,798,paragraph
two,382,782,406,798,paragraph
different,412,782,467,798,paragraph
unconstrained,504,779,596,794,paragraph
scenarios.,600,779,665,794,paragraph
Earlier,671,779,715,794,paragraph
approaches,719,779,793,794,paragraph
for,797,779,816,794,paragraph
monocular,821,779,890,794,paragraph
training,81,798,132,813,paragraph
sources.,138,798,191,813,paragraph
The,200,798,226,813,paragraph
ﬁrst,231,798,257,813,paragraph
source,262,798,305,813,paragraph
consists,310,798,362,813,paragraph
of,368,798,381,813,paragraph
images,387,798,433,813,paragraph
with,438,798,467,813,paragraph
3D,504,794,524,809,paragraph
human,530,794,574,809,paragraph
pose,580,794,610,809,paragraph
estimation,615,794,683,809,paragraph
"[6,",689,794,706,809,paragraph
"1,",712,794,724,809,paragraph
"27,",730,794,750,809,paragraph
"2,",756,794,768,809,paragraph
"7,",774,794,786,809,paragraph
18],792,794,814,809,paragraph
utilize,819,794,860,809,paragraph
dis-,866,794,890,809,paragraph
annotated,81,813,145,828,paragraph
2D,148,813,168,828,paragraph
pose.,172,813,206,828,paragraph
Since,211,813,247,828,paragraph
2D,251,813,271,828,paragraph
poses,274,813,311,828,paragraph
in,314,813,327,828,paragraph
images,331,813,377,828,paragraph
can,380,813,403,828,paragraph
be,407,813,422,828,paragraph
manu-,426,813,467,828,paragraph
criminative,504,809,578,824,paragraph
methods,583,809,638,824,paragraph
to,644,809,657,824,paragraph
learn,662,809,695,824,paragraph
a,700,809,708,824,paragraph
mapping,713,809,770,824,paragraph
from,776,809,808,824,paragraph
local,813,809,845,824,paragraph
image,850,809,890,824,paragraph
ally,81,828,106,843,paragraph
"annotated,",109,828,176,843,paragraph
they,180,828,208,843,paragraph
do,211,828,227,843,paragraph
not,231,828,251,843,paragraph
impose,255,828,302,843,paragraph
any,305,828,328,843,paragraph
constraints,332,828,402,843,paragraph
regarding,405,828,467,843,paragraph
features,504,824,556,840,paragraph
(e.g.,560,824,589,840,paragraph
"HOG,",594,824,633,840,paragraph
"SIFT,",638,824,674,840,paragraph
etc.),679,824,708,840,paragraph
to,712,824,725,840,paragraph
3D,730,824,750,840,paragraph
human,754,824,799,840,paragraph
pose,804,824,833,840,paragraph
or,838,824,852,840,paragraph
use,857,824,878,840,paragraph
a,883,824,890,840,paragraph
the,81,843,101,858,paragraph
environment,106,843,188,858,paragraph
from,193,843,225,858,paragraph
where,230,843,270,858,paragraph
the,275,843,295,858,paragraph
images,300,843,346,858,paragraph
are,351,843,371,858,paragraph
taken.,376,843,415,858,paragraph
Indeed,423,843,467,858,paragraph
CNN,504,840,539,855,paragraph
"[16,",544,840,570,855,paragraph
17].,575,840,601,855,paragraph
Since,610,840,647,855,paragraph
local,652,840,684,855,paragraph
features,689,840,741,855,paragraph
are,746,840,766,855,paragraph
sensitive,772,840,828,855,paragraph
to,834,840,846,855,paragraph
"noise,",852,840,890,855,paragraph
any,81,858,105,873,paragraph
image,108,858,148,873,paragraph
from,152,858,183,873,paragraph
the,187,858,207,873,paragraph
Internet,210,858,261,873,paragraph
can,264,858,287,873,paragraph
be,291,858,306,873,paragraph
annotated,309,858,373,873,paragraph
and,376,858,400,873,paragraph
used.,403,858,437,873,paragraph
The,442,858,467,873,paragraph
these,504,855,538,870,paragraph
methods,543,855,598,870,paragraph
often,604,855,637,870,paragraph
assume,643,855,691,870,paragraph
that,696,855,721,870,paragraph
the,726,855,746,870,paragraph
location,752,855,804,870,paragraph
and,810,855,833,870,paragraph
scale,839,855,871,870,paragraph
of,877,855,890,870,paragraph
the,504,870,524,885,paragraph
human,527,870,572,885,paragraph
is,575,870,586,885,paragraph
"given,",589,870,628,885,paragraph
"e.g.,",632,870,659,885,paragraph
in,662,870,675,885,paragraph
the,678,870,698,885,paragraph
form,701,870,733,885,paragraph
of,736,870,750,885,paragraph
an,753,870,768,885,paragraph
accurate,771,870,826,885,paragraph
bounding,829,870,890,885,paragraph
∗authors,98,882,143,899,footer
contributed,146,887,205,899,footer
equally,209,887,247,899,footer
box,504,885,529,900,paragraph
or,532,885,546,900,paragraph
silhouette.,550,885,617,900,paragraph
While,622,885,662,900,paragraph
the,665,885,685,900,paragraph
approach,689,885,749,900,paragraph
[12],752,885,779,900,paragraph
still,783,885,808,900,paragraph
relies,811,885,847,900,paragraph
on,850,885,867,900,paragraph
the,870,885,890,900,paragraph
1,482,923,490,938,paragraph
##LTLine##,81,885,236,885,paragraph
