token,x0,y0,x1,y1,label
10,105,48,118,57,paragraph
MEE,356,48,385,57,paragraph
SEONG,390,48,435,57,paragraph
IM,440,48,456,57,paragraph
AND,461,48,490,57,paragraph
LISA,494,48,524,57,paragraph
M.,528,48,543,57,paragraph
JONES,548,48,590,57,paragraph
"simplicity,",105,75,177,88,paragraph
let,183,75,201,88,paragraph
us,206,75,221,88,paragraph
suppress,227,75,287,88,paragraph
th(cid:40)e,292,72,314,119,paragraph
subscript,319,75,384,88,paragraph
and,389,75,415,88,paragraph
write,421,75,457,88,paragraph
a,462,75,471,88,paragraph
and,476,75,502,88,paragraph
b,507,75,514,88,paragraph
to,519,75,534,88,paragraph
denote(cid:40)the,539,72,614,119,paragraph
two,619,75,644,88,paragraph
arrows,649,75,696,88,paragraph
and,701,75,728,88,paragraph
let,733,75,751,88,paragraph
us,756,75,771,88,paragraph
write,777,75,813,88,paragraph
the,818,75,841,88,paragraph
entries,105,90,152,103,paragraph
of,158,90,171,103,paragraph
W(a),176,90,215,103,paragraph
and,220,90,247,103,paragraph
W(b),252,90,289,103,paragraph
as:,295,90,314,103,paragraph
≤,381,105,394,127,paragraph
≤,665,105,678,127,paragraph
x,312,114,321,127,paragraph
if,356,114,366,127,paragraph
ι,371,114,377,127,paragraph
"γ,",399,114,412,127,paragraph
y,597,114,605,127,paragraph
if,640,114,650,127,paragraph
ι,655,114,661,127,paragraph
"γ,",683,114,696,127,paragraph
W(a),225,123,264,136,paragraph
=,282,123,294,136,paragraph
ιγ,321,119,333,128,paragraph
and,462,123,488,136,paragraph
W(b),512,123,549,136,paragraph
=,567,123,580,136,paragraph
ιγ,605,119,617,128,paragraph
ιγ,264,128,276,137,paragraph
ιγ,549,128,561,137,paragraph
0,312,133,320,145,paragraph
"otherwise,",356,133,428,145,paragraph
0,597,133,605,145,paragraph
otherwise.,640,133,712,145,paragraph
≤,147,147,160,168,paragraph
For,105,156,129,168,paragraph
1,135,156,143,168,paragraph
ι,164,156,170,168,paragraph
<,175,156,187,168,paragraph
"n,",192,156,206,168,paragraph
consider,212,156,270,168,paragraph
the,275,156,298,168,paragraph
"(ι,",303,156,320,168,paragraph
ι,322,156,328,168,paragraph
+,332,156,344,168,paragraph
1)-entries,348,156,415,168,paragraph
of,420,156,433,168,paragraph
the,439,156,461,168,paragraph
equations:,467,156,539,168,paragraph
−,357,179,367,194,equation
−,613,179,623,194,equation
u(i)W(a)(u(µ)),253,185,357,200,equation
1,367,185,374,194,equation
=,379,187,392,200,equation
W(a),396,187,435,200,equation
and,459,187,485,200,equation
u(µ)W(b)(u(i)),509,185,613,200,equation
1,623,185,629,194,equation
=,635,187,647,200,equation
W(b).,652,187,694,200,equation
(13),812,187,841,200,equation
They,125,221,162,234,paragraph
are,167,221,189,234,paragraph
−,466,230,478,252,paragraph
x,305,239,315,252,paragraph
+,349,239,362,252,paragraph
u(i),365,236,389,252,paragraph
x,405,239,415,252,paragraph
x,482,239,491,252,paragraph
u(µ),502,236,529,252,paragraph
=,546,239,559,252,paragraph
x,564,239,573,252,paragraph
and,609,239,635,252,paragraph
"ι,ι+1",315,244,345,253,paragraph
"ι,ι+1",375,246,405,254,paragraph
"ι+1,ι+1",415,244,461,253,paragraph
ιι,491,244,501,253,paragraph
"ι,ι+1",511,246,541,254,paragraph
"ι,ι+1",573,244,603,253,paragraph
−,467,253,480,275,paragraph
y,309,263,317,275,paragraph
+,352,263,364,275,paragraph
u(µ),368,259,395,275,paragraph
y,408,263,416,275,paragraph
y,483,263,491,275,paragraph
u(i),502,259,526,275,paragraph
=,546,263,559,275,paragraph
y,564,263,572,275,paragraph
",",602,263,607,275,paragraph
"ι,ι+1",317,268,347,276,paragraph
"ι,ι+1",377,269,407,278,paragraph
"ι+1,ι+1",416,268,463,276,paragraph
ιι,491,268,501,276,paragraph
"ι,ι+1",511,269,541,278,paragraph
"ι,ι+1",572,268,601,276,paragraph
which,105,282,147,294,paragraph
simplify,152,282,208,294,paragraph
as,214,282,228,294,paragraph
−,470,290,483,312,paragraph
u(i),370,296,394,312,paragraph
x,410,300,419,312,paragraph
x,486,300,496,312,paragraph
u(µ),506,296,534,312,paragraph
=,551,300,564,312,paragraph
0,568,300,576,312,paragraph
"ι,ι+1",379,306,409,315,paragraph
"ι+1,ι+1",419,305,466,313,paragraph
ιι,496,305,505,313,paragraph
"ι,ι+1",516,306,546,315,paragraph
(cid:18),332,316,344,363,paragraph
u(µ),373,319,400,335,paragraph
y,413,323,421,335,paragraph
−(cid:19),472,314,484,363,paragraph
(cid:32)y,487,312,500,359,paragraph
u(i),506,319,530,335,paragraph
(cid:33)=,540,312,564,359,paragraph
0(cid:18),568,316,587,363,paragraph
(cid:19),595,316,607,363,paragraph
"ι,ι+1",382,329,412,338,paragraph
"ι+1,ι+1",421,328,467,337,paragraph
ιι,496,328,505,337,paragraph
"ι,ι+1",516,329,546,338,paragraph
or,105,339,120,351,paragraph
−,428,346,441,368,paragraph
x,344,355,353,368,paragraph
x,441,355,450,368,paragraph
u(i),500,351,524,367,paragraph
0,587,355,595,368,paragraph
"ι−+1,ι+1",353,360,400,383,paragraph
ιι,450,360,460,369,paragraph
"ι,ι+1",509,361,539,370,paragraph
=,557,363,570,376,paragraph
.,609,363,614,376,paragraph
yιι,370,370,387,384,paragraph
"yι+1,ι+1",417,370,471,384,paragraph
u(µ),500,369,527,386,paragraph
0,587,370,595,383,paragraph
"ι,ι+1",509,379,539,388,paragraph
Since,105,397,142,410,paragraph
the,148,397,170,410,paragraph
matrix,176,397,223,410,paragraph
on,229,397,246,410,paragraph
the,251,397,274,410,paragraph
left,279,397,302,410,paragraph
is,307,397,318,410,paragraph
invertible,324,397,390,410,paragraph
by,395,397,413,410,paragraph
"assumption,",418,397,503,410,paragraph
we,508,397,527,410,paragraph
have,532,397,564,410,paragraph
that,570,397,600,410,paragraph
u(i),605,393,629,410,paragraph
=,649,397,662,410,paragraph
u(µ),667,393,694,410,paragraph
=,711,397,724,410,paragraph
0.,728,397,741,410,paragraph
"Now,",748,397,785,410,paragraph
assume,790,397,841,410,paragraph
"ι,ι+1",614,403,644,412,paragraph
"ι,ι+1",676,403,706,412,paragraph
≤,715,407,727,429,paragraph
≤,747,407,760,429,paragraph
−,781,407,794,429,paragraph
complete,105,416,169,429,paragraph
induction,176,416,243,429,paragraph
on,250,416,267,429,paragraph
"k-superdiagonal,",274,416,391,429,paragraph
which,398,416,439,429,paragraph
means,446,416,491,429,paragraph
u(i),498,413,522,429,paragraph
=,546,416,559,429,paragraph
u(µ),566,413,593,429,paragraph
=,614,416,627,429,paragraph
0,634,416,642,429,paragraph
for,649,416,668,429,paragraph
all,675,416,692,429,paragraph
1,699,416,707,429,paragraph
ι,734,416,740,429,paragraph
n,767,416,777,429,paragraph
k,799,416,807,429,paragraph
and,814,416,841,429,paragraph
≤,118,423,131,445,paragraph
≤,149,423,162,445,paragraph
(cid:88),280,422,303,469,equation
"ι,ι+γ",507,423,537,431,paragraph
"ι,ι+γ",575,423,605,431,paragraph
1,105,432,114,445,paragraph
γ,135,432,144,445,paragraph
k.,166,432,180,445,paragraph
On,187,432,209,445,paragraph
the,214,432,237,445,paragraph
(k,242,432,257,445,paragraph
+,261,432,274,445,paragraph
"1)-superdiagonal,",277,432,400,445,paragraph
we,405,432,424,445,paragraph
have,429,432,462,445,paragraph
−,363,454,376,476,equation
(cid:48),423,455,427,466,equation
·,530,454,535,476,equation
·,538,454,542,476,equation
·,545,454,549,476,equation
(,357,463,363,476,equation
1)deg(ω,376,461,423,476,equation
)u(ιιi(cid:48))xι(cid:48)γ1u(γµ1)γ2,428,460,526,479,equation
"u(γµm)−1,ι+k+1",552,460,636,480,equation
=,641,463,654,476,equation
"xι,ι+k+1,",658,463,720,477,equation
(14),812,463,841,476,equation
≤,230,479,239,490,equation
(cid:48)≤,244,478,257,490,equation
···,278,479,289,490,equation
ι,226,484,230,490,equation
ι,239,484,244,490,equation
γ1<≤(cid:88)<≤γm=ι+k+1,257,484,357,533,equation
1,270,491,276,500,equation
m,286,491,298,500,equation
ι,308,491,313,500,equation
−,361,518,373,540,equation
(cid:48)(cid:48),421,519,428,529,equation
·,534,518,538,540,equation
·,541,518,546,540,equation
·,548,518,553,540,equation
(,354,527,361,540,equation
1)deg(ω,373,525,421,540,equation
)u(ιιµ(cid:48))yι(cid:48)γ1u(γi1)γ2,429,524,529,543,equation
"u(γim)−1,ι+k+1",555,524,639,544,equation
=,645,527,657,540,equation
"yι,ι+k+1,",662,527,722,541,equation
(15),812,527,841,540,equation
≤,228,543,237,554,equation
(cid:48)≤,242,541,255,554,equation
···,276,543,287,554,equation
ι,224,548,228,554,equation
ι,237,548,242,554,equation
γ1<≤,255,548,284,563,equation
<≤γm=ι+k+1,287,548,354,563,equation
1,268,555,274,563,equation
m,284,555,296,563,equation
ι,306,555,311,563,equation
(cid:48),185,567,189,582,paragraph
·,259,565,263,587,paragraph
·,266,565,270,587,paragraph
·,273,565,278,587,paragraph
where,125,575,167,587,paragraph
ω,174,575,185,587,paragraph
=,198,575,211,587,paragraph
u(µ),219,571,247,587,paragraph
u(µ),280,571,308,587,paragraph
in,373,575,386,587,paragraph
Equation,394,575,459,587,paragraph
"(14),",467,575,500,587,paragraph
the,508,575,531,587,paragraph
product,539,575,595,587,paragraph
of,602,575,616,587,paragraph
u(µ),623,571,651,587,paragraph
obtained,659,575,721,587,paragraph
from,729,575,762,587,paragraph
the,770,575,792,587,paragraph
group,800,575,841,587,paragraph
γ1γ2,229,579,254,589,paragraph
"γm−1,ι+(cid:48)k(cid:48)+1",290,580,364,602,paragraph
·,408,586,412,608,paragraph
·,415,586,419,608,paragraph
·,422,586,427,608,paragraph
αβ,633,582,648,590,paragraph
representation,105,595,206,608,paragraph
at,211,595,225,608,paragraph
vertex,230,595,274,608,paragraph
"µ,",278,595,292,608,paragraph
and,297,595,323,608,paragraph
ω,328,595,338,608,paragraph
=,351,595,364,608,paragraph
u(i),368,592,392,608,paragraph
u(i),429,592,453,608,paragraph
in,518,595,532,608,paragraph
Equation,536,595,601,608,paragraph
"(15),",605,595,639,608,paragraph
the,644,595,666,608,paragraph
product,671,595,726,608,paragraph
of,731,595,744,608,paragraph
u(i),748,592,772,608,paragraph
obtained,779,595,841,608,paragraph
γ1γ2,378,600,403,609,paragraph
"γm−1,ι+k+1",439,601,513,612,paragraph
αβ,758,602,773,611,paragraph
from,105,611,138,624,paragraph
the,144,611,166,624,paragraph
group,172,611,213,624,paragraph
representation,218,611,319,624,paragraph
at,325,611,339,624,paragraph
vertex,344,611,388,624,paragraph
i.,394,611,404,624,paragraph
≥,401,617,414,639,paragraph
(cid:48),655,618,659,634,paragraph
(cid:48)(cid:48),709,618,716,634,paragraph
"First,",125,626,164,639,paragraph
consider,171,626,229,639,paragraph
Equation,235,626,300,639,paragraph
(14).,306,626,340,639,paragraph
For,350,626,374,639,paragraph
m,381,626,395,639,paragraph
"3,",420,626,433,639,paragraph
the,440,626,462,639,paragraph
diﬀerence,469,626,536,639,paragraph
of,543,626,556,639,paragraph
the,562,626,585,639,paragraph
indices,592,626,640,639,paragraph
γ,646,626,655,639,paragraph
and,667,626,693,639,paragraph
γ,699,626,708,639,paragraph
for,723,626,743,639,paragraph
the,749,626,772,639,paragraph
variables,779,626,841,639,paragraph
u(µ(cid:48))(cid:48)(cid:48),105,640,141,657,paragraph
must,149,644,184,657,paragraph
be,190,644,206,657,paragraph
strictly,212,644,263,657,paragraph
less,269,644,293,657,paragraph
than,299,644,332,657,paragraph
k,338,644,346,657,paragraph
+,351,644,363,657,paragraph
1.,367,644,380,657,paragraph
Since,389,644,426,657,paragraph
all,432,644,449,657,paragraph
such,455,644,486,657,paragraph
monomials,492,644,568,657,paragraph
vanish,574,644,619,657,paragraph
by,625,644,642,657,paragraph
complete,648,644,711,657,paragraph
"induction,",717,644,788,657,paragraph
we,794,644,813,657,paragraph
are,819,644,841,657,paragraph
γ,115,651,122,659,paragraph
γ,127,651,133,659,paragraph
(cid:88),160,655,183,702,equation
(cid:88),445,655,468,702,equation
left,105,659,128,672,paragraph
with,134,659,166,672,paragraph
those,171,659,208,672,paragraph
terms,214,659,253,672,paragraph
where,259,659,301,672,paragraph
m,306,659,320,672,paragraph
in,326,659,339,672,paragraph
the,345,659,367,672,paragraph
γ,373,659,381,672,paragraph
partition,387,659,450,672,paragraph
is,455,659,466,672,paragraph
less,472,659,496,672,paragraph
than,502,659,534,672,paragraph
3:,540,659,552,672,paragraph
−,226,687,238,709,equation
−,523,687,535,709,equation
≤,128,708,138,723,equation
(cid:48)≤,143,708,158,723,equation
(,219,696,226,709,equation
"1)deg(v)u(ιιi(cid:48))xι(cid:48),ι+k+1",238,692,376,712,equation
+,381,696,393,709,equation
≤,402,708,412,723,equation
(cid:48)≤,417,708,431,723,equation
(,516,696,523,709,equation
"1)deg(v)u(ιιi(cid:48))xι(cid:48)γ1u(γµ1),ι+k+1",535,692,710,712,equation
=,715,696,728,709,equation
"xι,ι+k+1,",732,696,794,710,equation
(16),812,696,841,709,equation
ι,123,714,128,723,equation
ι,138,714,143,723,equation
γ1=ι+k+1,158,714,219,724,equation
ι,397,714,402,723,equation
ι,412,714,417,723,equation
γ1<γ2=ι+k+1,431,714,516,724,equation
(cid:48),803,729,807,744,paragraph
From,125,737,162,749,paragraph
the,169,737,191,749,paragraph
ﬁrst,198,737,226,749,paragraph
sum,232,737,261,749,paragraph
in,268,737,281,749,paragraph
Equation,288,737,353,749,paragraph
"(16),",359,737,393,749,paragraph
two,399,737,425,749,paragraph
cases,431,737,467,749,paragraph
when,473,737,510,749,paragraph
u(i(cid:48)),517,733,541,749,paragraph
does,548,737,579,749,paragraph
not,586,737,609,749,paragraph
equal,616,737,653,749,paragraph
zero,660,737,689,749,paragraph
are,695,737,717,749,paragraph
when,723,737,760,749,paragraph
ι,767,737,773,749,paragraph
=,779,737,791,749,paragraph
ι,798,737,803,749,paragraph
and,814,737,841,749,paragraph
(cid:48),154,747,158,762,paragraph
ιι,526,744,536,752,paragraph
(cid:54),630,746,630,768,paragraph
when,105,755,142,768,paragraph
ι,148,755,154,768,paragraph
=,163,755,176,768,paragraph
ι,180,755,186,768,paragraph
+,190,755,203,768,paragraph
k,206,755,215,768,paragraph
+,219,755,232,768,paragraph
1.,235,755,248,768,paragraph
From,255,755,293,768,paragraph
the,298,755,321,768,paragraph
second,326,755,374,768,paragraph
"sum,",379,755,413,768,paragraph
the,418,755,441,768,paragraph
only,446,755,477,768,paragraph
case,482,755,511,768,paragraph
when,517,755,554,768,paragraph
u(µ),559,751,587,768,paragraph
=,630,755,642,768,paragraph
0,647,755,655,768,paragraph
is,661,755,672,768,paragraph
when,677,755,714,768,paragraph
γ,720,755,728,768,paragraph
=,740,755,753,768,paragraph
ι,758,755,763,768,paragraph
since,769,755,803,768,paragraph
then,809,755,841,768,paragraph
−,172,761,184,783,paragraph
"γ1,ι+k+1",569,762,624,771,paragraph
1,728,760,735,769,paragraph
ι,105,770,111,783,paragraph
+,115,770,127,783,paragraph
k,131,770,140,783,paragraph
+,144,770,156,783,paragraph
1,160,770,168,783,paragraph
γ,188,770,196,783,paragraph
>,208,770,221,783,paragraph
k.,225,770,239,783,paragraph
Putting,246,770,301,783,paragraph
this,306,770,332,783,paragraph
"together,",338,770,401,783,paragraph
we,407,770,425,783,paragraph
have,431,770,463,783,paragraph
1,196,775,203,784,paragraph
(cid:88)u(i(cid:88))x(cid:88)(cid:88)(cid:88)(cid:88),242,780,327,808,paragraph
+,331,794,344,806,paragraph
u(i),347,790,371,806,paragraph
x,405,794,414,806,paragraph
−,499,785,512,806,paragraph
u(i)x,515,792,550,806,paragraph
u(µ),560,790,587,806,paragraph
=,622,794,635,806,paragraph
(cid:88)x,639,786,655,806,paragraph
"(cid:88)(cid:88)(cid:88),",655,789,704,809,paragraph
ιι,253,800,262,809,paragraph
"ι,ι+k+1",278,799,325,807,paragraph
"ι,ι+k+1",357,801,404,809,paragraph
"ι+k+1,ι+k+1",414,799,495,807,paragraph
ιι,525,800,534,809,paragraph
ιι,550,799,559,807,paragraph
"ι,ι+k+1",569,801,617,809,paragraph
"ι,ι+k+1",650,799,697,807,paragraph
or,105,815,120,828,paragraph
−,485,837,498,859,equation
u(i),333,843,357,859,equation
x,391,847,400,859,equation
x,501,847,511,859,equation
u(µ),521,843,549,859,equation
=,583,847,596,859,equation
0.,600,847,613,859,equation
(17),812,847,841,859,equation
"ι,ι+k+1",343,854,390,862,equation
"ι+k+1,ι+k+1",400,852,481,860,equation
ιι,511,852,520,860,equation
"ι,ι+k+1",530,854,578,862,equation
Using,125,881,165,893,paragraph
a,171,881,179,893,paragraph
similar,184,881,232,893,paragraph
argument,238,881,305,893,paragraph
on,311,881,328,893,paragraph
Equation,333,881,398,893,paragraph
"(15),",404,881,437,893,paragraph
we,442,881,461,893,paragraph
obtain,466,881,512,893,paragraph
