token,x0,y0,x1,y1,label
"B.Rogers,N.LoGullo,G.DeChiara,G.M.Palma,andM.Paternostro",499,39,854,52,author
is,515,67,526,114,paragraph
not,532,67,552,114,paragraph
a,558,67,566,114,paragraph
strict,573,67,605,114,paragraph
constraint.,611,67,677,114,paragraph
By,688,67,706,114,paragraph
exploiting,712,67,775,114,paragraph
Feshbach,781,67,842,114,paragraph
reso-,848,67,881,114,paragraph
g,837,79,846,125,paragraph
nances,515,83,558,129,paragraph
"[58],",564,83,589,129,paragraph
it,595,83,604,129,paragraph
is,610,83,621,129,paragraph
possible,626,83,678,129,paragraph
to,684,83,696,129,paragraph
adjust,701,83,740,129,paragraph
the,745,83,765,129,paragraph
couplings,771,83,831,129,paragraph
and,857,83,881,129,paragraph
Z,185,88,193,134,equation
X,161,92,182,139,equation
g,515,94,524,140,paragraph
g,660,94,669,140,paragraph
≈,679,94,691,140,paragraph
g,695,94,704,140,paragraph
Hˆ,128,99,139,147,equation
=,145,103,156,150,equation
dr,202,99,218,146,equation
ψˆ,221,99,231,147,equation
(r)Hˆ,239,99,267,150,equation
ψˆ,274,99,284,147,equation
(r),291,99,308,150,equation
in,535,98,547,145,paragraph
such,552,98,581,145,paragraph
a,586,98,594,145,paragraph
way,599,98,624,145,paragraph
that,629,98,655,145,paragraph
",",710,98,714,145,paragraph
which,719,98,755,145,paragraph
allows,760,98,801,145,paragraph
for,806,98,823,145,paragraph
the0pos-,828,98,881,145,paragraph
α†,231,109,238,148,equation
α0,267,112,273,148,equation
α,284,115,290,146,equation
si2bility,515,113,559,160,paragraph
to,564,113,576,160,paragraph
increase,582,113,634,160,paragraph
the,640,113,660,160,paragraph
n0umbe2r,665,113,712,160,paragraph
of,717,113,728,160,paragraph
atoms,733,113,770,160,paragraph
in,776,113,788,160,paragraph
the,793,113,813,160,paragraph
"BEC,",818,113,851,160,paragraph
still,856,113,881,160,paragraph
c,149,126,156,173,equation
Xα,166,127,188,174,equation
Z,190,123,198,169,equation
remaining,515,128,578,175,paragraph
within,583,128,622,175,paragraph
the,627,128,647,175,paragraph
validity,652,128,699,175,paragraph
of,704,128,716,175,paragraph
the,721,128,741,175,paragraph
SMA.,746,128,781,175,paragraph
+,131,138,143,185,equation
dr,208,134,223,181,equation
ψˆ,226,134,236,182,equation
(r)ψˆ,245,134,271,185,equation
(r)ψˆ,279,134,305,185,equation
(r)ψˆ,313,134,339,185,equation
(r),346,134,362,185,equation
2s,151,143,160,192,equation
†,237,144,243,175,equation
†,272,143,277,174,equation
(72),460,142,485,189,equation
We,515,144,535,191,paragraph
now,541,144,566,191,paragraph
consider,572,144,625,191,paragraph
the,630,144,650,191,paragraph
BEC,655,144,685,191,paragraph
interaction,691,144,759,191,paragraph
Hamiltonian,764,144,842,191,paragraph
when,848,144,881,191,paragraph
α,236,151,242,182,equation
β,271,152,277,183,equation
α,305,150,311,181,equation
β,339,150,345,181,equation
c,149,163,156,210,equation
"αX,β",169,162,193,211,equation
Z,200,159,208,206,equation
an,515,159,530,206,paragraph
external,535,159,586,206,paragraph
magnetic,590,159,647,206,paragraph
ﬁeld,652,159,679,206,paragraph
is,684,159,695,206,paragraph
present.,699,159,749,206,paragraph
Due,756,159,782,206,paragraph
to,787,159,799,206,paragraph
its,804,159,819,206,paragraph
magnetic,824,159,881,206,paragraph
+,131,175,143,221,equation
dr,218,171,233,217,equation
ψˆ,236,171,246,219,equation
(r)ψˆ,255,171,281,221,equation
(r)(F,289,171,320,221,equation
·F,336,171,350,217,equation
)ψˆ,368,171,383,221,equation
(r)ψˆ,393,171,419,221,equation
"(r),",430,171,450,221,equation
"tip,",515,175,535,221,paragraph
the,541,175,561,221,paragraph
cantilever,567,175,629,221,paragraph
produces,635,175,691,221,paragraph
a,697,175,705,221,paragraph
magnetic,711,175,768,221,paragraph
ﬁeld,774,175,801,221,paragraph
and,807,175,831,221,paragraph
we,837,175,854,221,paragraph
as-,860,175,881,221,paragraph
2a,152,179,162,229,equation
†,247,181,253,212,equation
†,282,179,287,211,equation
α,246,188,252,219,equation
β,281,188,287,219,equation
"α,β",320,187,335,218,equation
"α0,β",350,187,367,218,equation
α0,383,187,392,218,equation
β0,419,187,428,218,equation
sume,515,190,547,236,paragraph
that,551,190,576,236,paragraph
only,580,190,607,236,paragraph
one,611,190,633,236,paragraph
mechanical,637,190,708,236,paragraph
mode,711,190,745,236,paragraph
is,748,190,759,236,paragraph
"excited,",763,190,810,236,paragraph
so,814,190,828,236,paragraph
that,832,190,857,236,paragraph
the,861,190,881,236,paragraph
"α,β,α0,β0",162,199,202,230,equation
cantilever,515,205,576,252,paragraph
can,581,205,603,252,paragraph
be,608,205,623,252,paragraph
modelled,628,205,685,252,paragraph
as,690,205,704,252,paragraph
a,709,205,717,252,paragraph
single,721,205,760,252,paragraph
quantum,764,205,819,252,paragraph
harmonic,823,205,881,252,paragraph
c,236,223,243,269,paragraph
g,265,223,274,269,paragraph
g,300,223,309,269,paragraph
/,320,223,325,269,paragraph
c,364,223,371,269,paragraph
g,394,223,403,269,paragraph
−g,409,223,430,269,paragraph
/,441,223,446,269,paragraph
oscillator,515,220,573,267,paragraph
whose,580,220,619,267,paragraph
annihilation,625,220,701,267,paragraph
(creation),708,220,768,267,paragraph
operator,775,220,828,267,paragraph
we,834,220,852,267,paragraph
call,858,220,881,267,paragraph
where,119,227,157,273,paragraph
we,160,227,178,273,paragraph
have,181,227,210,273,paragraph
set,214,227,233,273,paragraph
=(,249,227,265,273,paragraph
+2,280,227,300,273,paragraph
),315,227,320,273,paragraph
3,325,227,333,273,paragraph
and,337,227,360,273,paragraph
=(,378,227,394,273,paragraph
),436,227,441,273,paragraph
3,446,227,454,273,paragraph
with,458,227,485,273,paragraph
g,119,238,128,284,paragraph
=4π,138,238,167,289,paragraph
a,182,238,191,284,paragraph
/m,201,238,218,284,paragraph
"(j=s0,1)0(a",224,238,293,289,paragraph
2is,309,242,320,289,paragraph
the,326,242,346,289,paragraph
scaatterin2g,353,239,416,289,paragraph
le0ngth,422,242,462,289,paragraph
for,468,242,485,289,paragraph
bˆ,515,231,523,279,paragraph
"(bˆ†),",529,231,558,282,paragraph
in,563,236,575,282,paragraph
line,580,236,604,282,paragraph
with,609,236,636,282,paragraph
the,641,236,661,282,paragraph
notation,666,236,719,282,paragraph
used,724,236,753,282,paragraph
so,758,236,772,282,paragraph
far.,777,236,797,282,paragraph
By,804,236,822,282,paragraph
allowing,827,236,881,282,paragraph
th2ej,119,254,139,304,paragraph
F,144,253,154,300,paragraph
=2,167,251,181,304,paragraph
22jj,184,253,199,304,paragraph
channel,203,257,252,304,paragraph
[56]).,258,257,288,304,paragraph
2Hj,293,254,307,304,paragraph
ere,307,257,328,304,paragraph
F,333,253,343,300,paragraph
is,350,257,361,304,paragraph
the,367,257,387,304,paragraph
vector,392,257,430,304,paragraph
of,435,257,447,304,paragraph
spin-,452,257,485,304,paragraph
the,515,251,535,297,paragraph
tip,539,251,556,297,paragraph
to,560,251,572,297,paragraph
have,576,251,605,297,paragraph
an,610,251,625,297,paragraph
intrinsic,629,251,681,297,paragraph
"magnetization,",685,251,777,297,paragraph
we,781,251,799,297,paragraph
can,803,251,825,297,paragraph
split,829,251,857,297,paragraph
the,861,251,881,297,paragraph
B,836,262,846,308,paragraph
1iε,119,272,130,330,paragraph
mFatTric(cid:126)es,134,266,187,330,paragraph
oεbeying,193,272,244,330,paragraph
the,251,272,271,319,paragraph
commutation,278,272,358,319,paragraph
relation,364,272,414,319,paragraph
"[Fi,Fj]",420,268,466,319,paragraph
=,473,272,485,319,paragraph
manag(noepteircaﬁtoerlidali)ntooscail(lcaltaisnsgicoanl)estδaBˆtictchoanttrairbiusetisonfrom0,515,266,854,328,paragraph
atnhde,857,266,881,328,paragraph
with,167,288,194,334,paragraph
the,225,288,245,334,paragraph
Levi-Civita,250,288,318,334,paragraph
tensor.,323,288,365,334,paragraph
If,119,303,127,350,paragraph
icjk,130,299,142,345,paragraph
≈k,149,294,161,345,paragraph
0,165,303,173,350,paragraph
(i.e.,176,303,199,350,paragraph
iijfkg,205,299,226,350,paragraph
≈,236,299,248,345,paragraph
g,252,299,261,345,paragraph
),267,303,272,350,paragraph
and/or,276,303,317,350,paragraph
the,320,303,340,350,paragraph
number,344,303,391,350,paragraph
of,394,303,406,350,paragraph
atoms,409,303,447,350,paragraph
is,450,303,461,350,paragraph
not,465,303,485,350,paragraph
oscillatory,515,296,581,343,paragraph
behaviour,587,296,648,343,paragraph
of,654,296,665,343,paragraph
the,670,296,690,343,paragraph
mechanical,696,296,766,343,paragraph
mode.,771,296,808,343,paragraph
The,816,296,839,343,paragraph
phys-,845,296,881,343,paragraph
"tooalarge,",119,315,179,365,paragraph
the,184,318,204,365,paragraph
tot0al,209,318,238,365,paragraph
Ha2miltonian,243,318,321,365,paragraph
is,326,318,337,365,paragraph
symmetric,342,318,405,365,paragraph
in,410,318,422,365,paragraph
the,427,318,447,365,paragraph
three,452,318,485,365,paragraph
ical,515,312,538,358,paragraph
mechanism,545,312,614,358,paragraph
of,620,312,632,358,paragraph
interaction,639,312,707,358,paragraph
is,714,312,724,358,paragraph
"Zeeman-like,",731,312,813,358,paragraph
i.e.,821,312,839,358,paragraph
each,851,312,881,358,paragraph
atom,515,327,545,373,paragraph
experiences,553,327,626,373,paragraph
a,634,327,641,373,paragraph
torque,648,327,689,373,paragraph
which,696,327,733,373,paragraph
tends,740,327,774,373,paragraph
to,781,327,793,373,paragraph
align,801,327,832,373,paragraph
its,840,327,855,373,paragraph
to-,862,327,881,373,paragraph
spin,119,333,145,380,paragraph
components.,151,333,229,380,paragraph
By,239,333,258,380,paragraph
assuming,264,333,323,380,paragraph
a,329,333,337,380,paragraph
strong,343,333,383,380,paragraph
enough,389,333,435,380,paragraph
optical,442,333,485,380,paragraph
tal,515,342,532,389,paragraph
magnetic,537,342,594,389,paragraph
moment,600,342,649,389,paragraph
to,654,342,667,389,paragraph
the,672,342,692,389,paragraph
external,698,342,749,389,paragraph
magnetic,755,342,812,389,paragraph
ﬁeld.,817,342,848,389,paragraph
The,857,342,881,389,paragraph
conﬁnement,119,349,194,395,paragraph
and,202,349,225,395,paragraph
a,233,349,240,395,paragraph
BEC,248,349,278,395,paragraph
of,285,349,297,395,paragraph
a,304,349,312,395,paragraph
few,319,349,341,395,paragraph
thousand,348,349,406,395,paragraph
"atoms,",414,349,454,395,paragraph
one,462,349,485,395,paragraph
Hamiltonian,515,357,593,404,paragraph
for,598,357,615,404,paragraph
a,620,357,627,404,paragraph
single,632,357,670,404,paragraph
atom,675,357,706,404,paragraph
can,711,357,733,404,paragraph
be,738,357,753,404,paragraph
written,758,357,803,404,paragraph
as,808,357,822,404,paragraph
can,119,364,141,410,paragraph
thus,146,364,173,410,paragraph
think,178,364,210,410,paragraph
of,215,364,226,410,paragraph
the,231,364,251,410,paragraph
condensate,256,364,328,410,paragraph
ﬁeld,333,364,360,410,paragraph
operator,366,364,419,410,paragraph
as,424,364,438,410,paragraph
having,443,364,485,410,paragraph
a,119,379,126,426,paragraph
constant,134,379,187,426,paragraph
spatial,194,379,237,426,paragraph
distribution,244,379,317,426,paragraph
for,324,379,341,426,paragraph
all,348,379,364,426,paragraph
the,371,379,392,426,paragraph
three,399,379,431,426,paragraph
species,438,379,485,426,paragraph
gµ,714,380,731,426,equation
m,119,390,130,437,paragraph
=,143,394,155,441,paragraph
"0,±1",159,390,193,441,paragraph
and,197,394,220,441,paragraph
write,224,394,256,441,paragraph
ψˆ,260,390,270,438,paragraph
(r)=ψ(r)dˆ,277,390,340,441,paragraph
.,347,394,350,441,paragraph
This,357,394,384,441,paragraph
is,388,394,398,441,paragraph
the,402,394,422,441,paragraph
so-called,426,394,485,441,paragraph
Hˆ(1),612,388,635,435,equation
=,640,392,652,438,equation
−µ·B,656,388,692,434,equation
=,696,392,708,438,equation
B,731,396,738,427,equation
"Sˆ(1)·B,",741,388,784,435,equation
(74),856,392,881,438,equation
SMF,119,407,142,456,paragraph
A,142,410,151,456,paragraph
"[53,",156,410,179,456,paragraph
"57],",184,410,206,456,paragraph
which,211,410,247,456,paragraph
leaαves,252,408,292,456,paragraph
the,297,410,317,456,paragraph
Haαmiltonian,322,407,400,456,paragraph
in,405,410,417,456,paragraph
the,422,410,442,456,paragraph
form,447,410,474,456,paragraph
Z,623,405,629,436,equation
(cid:126),723,424,731,439,equation
Hˆ,186,439,197,487,equation
=,202,443,214,490,equation
Xcˆ†cˆ,218,433,265,490,equation
+,275,443,287,490,equation
c2s0,292,432,304,498,equation
Xcˆ†cˆ†cˆ,310,433,372,490,equation
cˆ,379,439,386,490,equation
wvehcetorer,515,436,553,498,paragraph
fµoBr,558,432,574,498,paragraph
ias,579,436,590,498,paragraph
"stihneglBeoahtrommaagnndetgoni,sSˆth(1e)",593,432,752,498,paragraph
igsytrhoemsapginnetoipcerraattioor.,755,436,881,498,paragraph
α,249,457,255,488,equation
α,265,457,270,488,equation
α,341,457,347,488,equation
β,356,457,362,488,equation
α,371,457,377,488,equation
β,386,457,392,488,equation
cα,218,467,231,516,equation
X,241,470,263,517,equation
"α,β",313,467,328,499,equation
(73),460,465,485,512,equation
In,515,466,527,513,paragraph
line,532,466,556,513,paragraph
with,561,466,588,513,paragraph
Ref.,593,466,617,513,paragraph
"[59],",622,466,647,513,paragraph
we,652,466,670,513,paragraph
adopt,675,466,711,513,paragraph
the,716,466,736,513,paragraph
convention,741,466,808,513,paragraph
that,813,466,838,513,paragraph
g,843,462,852,509,paragraph
and,857,466,881,513,paragraph
+,201,481,213,527,equation
0,226,479,229,511,equation
(F,267,477,282,527,equation
·,302,477,306,523,equation
F,309,477,319,523,equation
)cˆ,342,477,356,527,equation
cˆ,364,477,372,527,equation
cˆ,382,477,389,527,equation
cˆ,396,477,404,527,equation
",",414,477,418,523,equation
µ,515,477,523,524,paragraph
have,529,481,558,528,paragraph
opposite,563,481,617,528,paragraph
signs.,622,481,658,528,paragraph
The,666,481,690,528,paragraph
total,695,481,724,528,paragraph
interaction,729,481,797,528,paragraph
Hamiltonian,803,481,881,528,paragraph
2a,221,486,232,535,equation
†,357,487,362,518,equation
†,372,485,377,517,equation
"α,β",282,493,297,524,equation
"α0,β0",319,493,340,524,equation
α,356,494,362,525,equation
α0,371,495,380,526,equation
β,389,494,395,525,equation
β0,403,494,412,525,equation
is,515,497,526,543,paragraph
then,530,497,558,543,paragraph
given,562,497,595,543,paragraph
by,599,497,615,543,paragraph
the,619,497,639,543,paragraph
sum,643,497,668,543,paragraph
over,672,497,699,543,paragraph
all,703,497,719,543,paragraph
the,724,497,744,543,paragraph
atoms.,748,497,788,543,paragraph
By,795,497,813,543,paragraph
taking,817,497,857,543,paragraph
the,861,497,881,543,paragraph
"α,β,α0,β0",232,505,271,536,equation
B,594,508,604,554,paragraph
R,302,514,309,561,paragraph
direction,515,512,570,559,paragraph
of,576,512,588,559,paragraph
as,617,512,631,559,paragraph
the,637,512,657,559,paragraph
quantization,663,512,742,559,paragraph
axis,748,512,773,559,paragraph
(z-axis),779,512,825,559,paragraph
and,831,512,855,559,paragraph
the,861,512,881,559,paragraph
wz,119,523,129,581,paragraph
hebreetwweeehnatvheedBeﬁEnCedancid0=tchie,129,519,307,585,paragraph
mda3rg|nψe(tric)|4t.ipAscatnhebdeisitnanthcee,313,519,485,585,paragraph
x-axis,515,527,552,574,paragraph
along,557,527,592,574,paragraph
th0e,597,521,617,574,paragraph
direction,621,527,677,574,paragraph
of,682,527,693,574,paragraph
hδBˆ,698,523,723,571,paragraph
"i,",724,523,734,574,paragraph
the,739,527,759,574,paragraph
magnetic,763,527,820,574,paragraph
Zeeman-,825,527,881,574,paragraph
like,515,542,538,589,paragraph
Hamiltonian,543,542,621,589,paragraph
is,626,542,637,589,paragraph
µ,210,550,218,596,paragraph
z,290,550,296,596,paragraph
.,330,550,335,596,paragraph
µ,343,550,350,596,paragraph
ra0nge,119,553,155,600,paragraph
of,158,554,170,600,paragraph
a,173,554,181,600,paragraph
few,185,554,206,600,paragraph
m,218,554,229,600,paragraph
(we,233,554,255,600,paragraph
take,259,554,286,600,paragraph
=,307,554,318,600,paragraph
1,323,554,330,600,paragraph
5,335,554,343,600,paragraph
m,351,554,361,600,paragraph
in,365,554,377,600,paragraph
what,381,554,411,600,paragraph
follow),415,554,458,600,paragraph
and,461,554,485,600,paragraph
tthenethspsaatniadl,119,569,187,631,paragraph
hduimndernesdiothnssooffµtmh0e(wBeEcConasreidetyrepdicaally=b0e.t2w5eµemn,190,569,485,631,paragraph
HˆZ,577,573,594,621,equation
=,600,577,612,623,equation
gµBBz0Lˆz,616,573,670,621,equation
+,675,577,687,623,equation
gµBGcac(bˆ†,690,573,766,623,equation
+,771,577,783,623,equation
"bˆ)Lˆx,",786,573,819,623,equation
(75),856,577,881,623,equation
and,119,599,142,646,paragraph
a,147,595,156,642,paragraph
=,165,599,177,646,paragraph
"0.09µm),",181,595,236,646,paragraph
the,241,599,261,646,paragraph
relative,266,599,313,646,paragraph
correction,318,599,381,646,paragraph
to,386,599,398,646,paragraph
thze,403,596,423,646,paragraph
magnetic,428,599,485,646,paragraph
ﬁeld,119,615,146,661,paragraph
arcross,153,612,193,661,paragraph
the,200,615,220,661,paragraph
sample,227,615,272,661,paragraph
is,279,615,289,661,paragraph
of,296,615,308,661,paragraph
the,315,615,335,661,paragraph
order,342,615,375,661,paragraph
of,382,615,394,661,paragraph
"0.2,",401,615,423,661,paragraph
which,430,615,467,661,paragraph
is,474,615,485,661,paragraph
where,515,621,553,667,paragraph
we,562,621,580,667,paragraph
have,589,621,618,667,paragraph
used,628,621,657,667,paragraph
δBˆ,667,617,686,665,paragraph
=,699,621,711,667,paragraph
(δBˆ,722,617,746,667,paragraph
",0,0)",752,617,786,667,paragraph
with,796,621,823,667,paragraph
δBˆ,832,617,851,665,paragraph
=,869,621,881,667,paragraph
small,119,630,152,676,paragraph
enough,158,630,205,676,paragraph
to,211,630,223,676,paragraph
justify,229,630,268,676,paragraph
the,274,630,294,676,paragraph
SMA.,301,630,337,676,paragraph
"Moreover,",343,630,405,676,paragraph
in,412,630,424,676,paragraph
the,430,630,450,676,paragraph
con-,457,630,485,676,paragraph
G,515,632,526,679,paragraph
a,532,632,541,679,paragraph
(bˆ,547,632,560,683,paragraph
+,572,636,584,683,paragraph
"bˆ)x,",588,632,612,683,paragraph
G,619,632,630,679,paragraph
=,642,636,654,683,paragraph
3µ,660,632,676,683,paragraph
|µ,682,632,694,679,paragraph
|/(4πz,700,632,739,683,paragraph
x),746,634,751,683,paragraph
the,757,636,777,683,paragraph
gradient,784,636,837,683,paragraph
ofx,843,634,856,683,paragraph
the,861,636,881,683,paragraph
ﬁguration,119,645,180,692,paragraph
assumed,186,645,240,692,paragraph
"here,",246,645,277,692,paragraph
the,283,645,303,692,paragraph
system,309,645,353,692,paragraph
will,359,645,382,692,paragraph
be,388,645,403,692,paragraph
mounted,410,645,463,692,paragraph
on,469,645,485,692,paragraph
mac,515,648,533,698,paragraph
gcnet†ic,533,642,572,698,paragraph
ﬁeld,577,651,604,698,paragraph
procduced,609,648,667,698,paragraph
b0y,672,651,688,698,paragraph
tche,693,648,713,698,paragraph
tip,718,651,735,698,paragraph
0a4t,739,645,752,698,paragraph
a,757,651,765,698,paragraph
distance,770,651,823,698,paragraph
z,828,647,834,694,paragraph
",",841,651,844,698,paragraph
x,849,647,856,694,paragraph
the,861,651,881,698,paragraph
an,119,660,134,707,paragraph
atomic,141,660,183,707,paragraph
"chip,",190,660,219,707,paragraph
where,227,660,265,707,paragraph
the,272,660,292,707,paragraph
static,299,660,334,707,paragraph
magnetic,341,660,398,707,paragraph
ﬁeld,405,660,433,707,paragraph
can,440,660,462,707,paragraph
be,469,660,485,707,paragraph
a,726,662,735,709,paragraph
p,761,657,776,704,paragraph
/,785,662,790,709,paragraph
mω,803,662,825,709,paragraph
unit,515,667,540,713,paragraph
vector,545,667,582,713,paragraph
along,587,667,622,713,paragraph
the,627,667,647,713,paragraph
"x-axis,",652,667,693,713,paragraph
and,698,667,721,713,paragraph
=,745,667,757,713,paragraph
(2,790,667,803,713,paragraph
)0.,833,666,841,713,paragraph
As,848,667,864,713,paragraph
in,869,667,881,713,paragraph
tuned,119,675,154,722,paragraph
by,161,675,177,722,paragraph
adding,183,675,227,722,paragraph
magnets,233,675,286,722,paragraph
and/or,292,675,334,722,paragraph
ﬂowing,340,675,386,722,paragraph
currents,392,675,444,722,paragraph
pass-,450,675,485,722,paragraph
the,515,682,535,728,paragraph
previous,541,682,593,728,paragraph
"Sections,",599,682,657,728,paragraph
we,663,682,681,728,paragraph
have,687,682,716,728,paragraph
usced,722,679,751,728,paragraph
the,757,682,777,728,paragraph
symbolms,783,679,834,728,paragraph
m,840,678,851,724,paragraph
and,857,682,881,728,paragraph
ing,119,691,139,737,paragraph
through,145,691,194,737,paragraph
side,201,691,227,737,paragraph
wires.,233,691,270,737,paragraph
Such,281,691,313,737,paragraph
a,320,691,327,737,paragraph
design,334,691,376,737,paragraph
can,382,691,404,737,paragraph
compensate,411,691,485,737,paragraph
ω,515,693,525,739,paragraph
(cid:126),776,691,785,706,paragraph
to,539,697,552,744,paragraph
indicate,557,697,608,744,paragraph
the,613,697,633,744,paragraph
mass,639,697,670,744,paragraph
of,675,697,686,744,paragraph
the,692,697,712,744,paragraph
mechanical,717,697,788,744,paragraph
oscillator,793,697,852,744,paragraph
and,857,697,881,744,paragraph
distortions,119,706,186,753,paragraph
to,191,706,203,753,paragraph
the,208,706,228,753,paragraph
traPpping,233,706,286,759,paragraph
potential,291,706,348,753,paragraph
induced,353,706,402,753,paragraph
by,408,706,423,753,paragraph
the,428,706,448,753,paragraph
tip.,453,706,473,753,paragraph
itsmfrequency.,515,709,600,759,paragraph
The,606,712,630,759,paragraph
full,635,712,655,759,paragraph
Hamiltonian,660,712,738,759,paragraph
of,742,712,754,759,paragraph
the,758,712,778,759,paragraph
BEC-cantilever,783,712,881,759,paragraph
By,119,721,137,768,paragraph
introducing√Nˆ,143,717,232,769,paragraph
=,233,721,245,768,paragraph
cˆ†cˆ,273,717,296,768,paragraph
and,308,721,332,768,paragraph
the,338,721,358,768,paragraph
angular,363,721,412,768,paragraph
momentum,418,721,485,768,paragraph
system,515,727,558,774,paragraph
is,563,727,574,774,paragraph
thus,579,727,606,774,paragraph
Hˆ,611,723,622,771,paragraph
=,628,727,640,774,paragraph
Hˆ,644,723,656,771,paragraph
+,682,727,694,774,paragraph
Hˆ,697,723,708,771,paragraph
+,719,727,731,774,paragraph
Hˆ,734,723,745,771,paragraph
with,755,727,782,774,paragraph
operators,119,736,178,783,paragraph
Lˆ,182,732,190,780,paragraph
=,199,736,211,783,paragraph
2(cˆ,223,732,243,783,paragraph
cˆ,251,732,258,783,paragraph
α,263,735,269,766,paragraph
+αcˆαcˆ,273,732,309,783,paragraph
),315,736,320,783,paragraph
and,324,736,347,783,paragraph
Lˆ,351,732,359,780,paragraph
=(cˆ,365,732,389,783,paragraph
cˆ,397,732,404,783,paragraph
cˆ,413,732,420,783,paragraph
cˆ,434,732,441,783,paragraph
"),",455,736,463,783,paragraph
we,467,736,485,783,paragraph
0,657,737,662,768,paragraph
0,709,737,715,768,paragraph
†,243,741,249,772,paragraph
†,294,741,300,772,paragraph
†,389,741,395,772,paragraph
−,404,743,412,774,paragraph
†,420,741,426,772,paragraph
BEC,656,741,677,772,paragraph
c,708,741,713,772,paragraph
I,745,741,748,772,paragraph
can,119,752,141,798,paragraph
rewrite+Eq.,144,752,214,798,paragraph
(73)0as−H1ˆ=Hˆ1,217,748,300,798,paragraph
+0,307,752,319,798,paragraph
Hˆ,320,748,331,795,paragraph
",",339,752,342,798,paragraph
whzere,346,750,384,798,paragraph
w1,388,752,398,798,paragraph
e1ha−v1e,398,750,438,798,paragraph
−e1xplic-,441,750,485,798,paragraph
itly,119,767,140,813,paragraph
identiﬁed,145,767,205,813,paragraph
a,210,767,217,813,paragraph
symmetric,222,767,286,813,paragraph
paArt,291,765,316,813,paragraph
HˆS,321,763,338,811,paragraph
=,345,767,356,813,paragraph
µ,361,763,368,809,paragraph
Nˆ,380,763,392,811,paragraph
−,396,763,408,809,paragraph
c,411,763,418,809,paragraph
Nˆ,424,763,436,811,paragraph
(Nˆ,437,763,453,813,paragraph
−,457,763,469,809,paragraph
1),472,767,485,813,paragraph
(rwicithoneµcpHˆ,119,778,185,844,paragraph
the=chce(mLˆica−l,187,782,274,844,paragraph
2pNoˆte),279,782,308,844,paragraph
nwtiiatlhS),308,780,341,844,paragraph
Lˆand=cp,349,779,379,844,paragraph
a(nLˆ,382,782,400,844,paragraph
"a,Lˆns0ti,sLˆym)",406,773,456,844,paragraph
maentd-,456,782,485,844,paragraph
HHˆˆB0E=C,531,774,566,845,equation
"=ωµcbˆpNˆbˆ−,cs0HNˆˆ",570,774,654,842,equation
(N=ˆ,656,774,673,845,equation
−gµ1)G+caa0,676,774,729,841,equation
((Lˆbˆ2,730,774,748,845,equation
"−+2bˆNˆ)Lˆ)+.gµBBz0Lˆz,",752,774,864,845,equation
Lˆ,119,808,127,856,paragraph
=,141,813,153,859,paragraph
(Lˆ,158,808,171,859,paragraph
±A,180,808,192,855,paragraph
Lˆ,196,808,204,856,paragraph
)/2.a0,211,804,237,859,paragraph
It2is,241,806,267,859,paragraph
important,273,813,333,859,paragraph
to,339,813,352,859,paragraph
remembxerythazt,357,810,450,859,paragraph
such,456,813,485,859,paragraph
c0,543,807,549,843,equation
c,588,810,593,841,equation
†c,603,804,609,843,equation
c,619,812,624,843,equation
I,653,812,656,843,equation
B,694,810,701,841,equation
c,713,810,718,841,equation
c,728,810,733,841,equation
†,748,804,754,835,equation
x,796,812,800,843,equation
(76),856,812,881,859,equation
a±mappixng,119,825,187,874,paragraph
isypossible,193,825,263,874,paragraph
due,269,828,292,874,paragraph
to,299,828,311,874,paragraph
the,318,828,338,874,paragraph
assumption,344,828,415,874,paragraph
of,422,828,433,874,paragraph
a,440,828,447,874,paragraph
com-,454,828,485,874,paragraph
(cid:126),570,823,578,838,equation
mon,119,843,145,890,paragraph
spatial,150,843,193,890,paragraph
wave,198,843,230,890,paragraph
function,235,843,285,890,paragraph
for,291,843,307,890,paragraph
the,312,843,332,890,paragraph
three,338,843,370,890,paragraph
spin,376,843,402,890,paragraph
components.,407,843,485,890,paragraph
It,515,843,524,890,paragraph
has,528,843,550,890,paragraph
been,555,843,585,890,paragraph
shown,590,843,629,890,paragraph
in,634,843,646,890,paragraph
Refs.,650,843,681,890,paragraph
"[55,",686,843,708,890,paragraph
57],712,843,731,890,paragraph
that,736,843,761,890,paragraph
Hˆ,766,839,777,887,paragraph
with,804,843,831,890,paragraph
B,836,839,846,885,paragraph
=,857,843,869,890,paragraph
0,873,843,881,890,paragraph
0,778,852,783,883,paragraph
0,847,852,852,883,paragraph
As,119,858,135,905,paragraph
long,141,858,168,905,paragraph
as,174,858,188,905,paragraph
the,194,858,215,905,paragraph
antisymmetric,221,858,309,905,paragraph
term,315,858,343,905,paragraph
is,349,858,360,905,paragraph
small,366,858,399,905,paragraph
"enough,",406,858,455,905,paragraph
this,461,858,485,905,paragraph
allows,515,858,555,905,paragraph
for,562,858,578,905,paragraph
an,584,858,600,905,paragraph
interesting,606,858,674,905,paragraph
dynamics,680,858,739,905,paragraph
of,746,858,757,905,paragraph
theBEpCopulatiozns,763,856,863,905,paragraph
of,869,858,881,905,paragraph
23,500,896,516,943,paragraph
##LTLine##,149,175,161,175,equation
##LTLine##,149,212,163,212,equation
##LTLine##,292,480,305,480,equation
##LTLine##,218,518,232,518,equation
##LTLine##,223,766,231,766,paragraph
##LTLine##,714,428,739,428,equation
##LTLine##,602,669,609,669,paragraph
##LTLine##,849,684,856,684,paragraph
##LTLine##,776,696,838,696,paragraph
