token,x0,y0,x1,y1,label
−,423,103,436,123,table
n,383,109,391,124,table
1,412,109,420,124,table
1n.5,440,108,456,127,table
k,506,109,514,124,table
PWk(n),568,109,619,125,table
2,383,141,391,155,table
0.25,412,141,441,155,table
0.5,479,141,500,155,table
0.75,562,141,591,155,table
3,383,170,391,184,table
0.5,412,170,433,184,table
0.622839,479,170,541,184,table
0.670256,562,170,625,184,table
4,383,199,391,213,table
0.625,412,199,450,213,table
0.697839,479,199,541,213,table
0.631163,562,199,625,213,table
5,383,228,391,242,table
0.7,412,228,433,242,table
0.748138,479,228,541,242,table
0.607973,562,228,625,242,table
10,374,257,391,271,table
0.85,412,257,441,271,table
0.862793,479,257,541,271,table
0.56222,562,257,617,271,table
30,374,286,391,300,table
0.95,412,286,441,300,table
0.951433,479,286,541,300,table
0.532206,562,286,625,300,table
−,435,310,448,330,table
n,391,316,400,330,table
1,425,316,433,330,table
1n.5,453,314,468,334,table
k,523,316,531,330,table
PWk(n),585,316,636,331,table
50,383,348,400,362,table
0.97,420,348,450,362,table
0.970499,495,348,558,362,table
0.526251,579,348,642,362,table
100,374,377,400,391,table
0.985,420,377,458,391,table
0.985111,495,377,558,391,table
0.521797,579,377,642,391,table
1000,366,406,400,420,table
0.9985,420,406,466,420,table
0.998499,495,406,558,420,table
0.517796,579,406,642,420,table
2000,366,435,400,449,table
0.99925,420,435,475,449,table
0.999249,495,435,558,449,table
0.517573,579,435,642,449,table
5000,366,463,400,478,table
0.9997,420,463,466,478,table
0.999699,495,463,558,478,table
0.51744,579,463,633,478,table
10000,358,492,400,507,table
0.99985,420,492,475,507,table
0.99985,495,492,550,507,table
0.517396,579,492,642,507,table
Table,226,523,263,538,paragraph
13:,267,523,288,538,paragraph
Optimal,293,523,348,538,caption
values,353,523,395,538,caption
of,399,523,413,538,caption
k,417,523,426,538,caption
and,430,523,454,538,caption
PWk(n),458,523,509,539,caption
for,513,523,532,538,caption
the,536,523,557,538,caption
identical,561,523,619,538,caption
decision,623,523,679,538,caption
numbers,683,523,741,538,caption
case,745,523,774,538,caption
For,144,555,167,569,paragraph
large,171,555,204,569,paragraph
n,209,555,217,569,paragraph
(n>50),222,555,268,569,paragraph
we,272,555,292,569,paragraph
can,296,555,319,569,paragraph
check,324,555,363,569,paragraph
"that,",367,555,397,569,paragraph
similar,401,555,448,569,paragraph
to,452,555,465,569,paragraph
Gilbert,470,555,517,569,paragraph
and,522,555,546,569,paragraph
"Mosteller,",550,555,618,569,paragraph
the,623,555,643,569,paragraph
optimal,648,555,699,569,paragraph
single,703,555,743,569,paragraph
k,748,555,756,569,paragraph
is,761,555,772,569,paragraph
close,777,555,811,569,paragraph
to,815,555,828,569,paragraph
1-1.5/n,833,555,881,569,paragraph
and,119,569,143,583,paragraph
the,147,569,167,583,paragraph
asymptotic,172,569,245,583,paragraph
probability,249,569,323,583,paragraph
approaches,327,569,402,583,paragraph
0.51735.,406,569,465,583,paragraph
For,144,583,167,597,paragraph
the,172,583,192,597,paragraph
general,197,583,247,597,paragraph
case,252,583,281,597,paragraph
of,286,583,300,597,paragraph
decreasing,305,583,376,597,paragraph
decision,381,583,437,597,paragraph
numbers,442,583,500,597,paragraph
the,505,583,526,597,paragraph
optimization,531,583,615,597,paragraph
will,620,583,647,597,paragraph
be,652,583,667,597,paragraph
slower.,673,583,720,597,paragraph
For,728,583,751,597,paragraph
n=100,756,583,799,597,paragraph
the,804,583,825,597,paragraph
optimal,830,583,881,597,paragraph
solution,119,597,173,612,paragraph
takes,177,597,211,612,paragraph
1337,215,597,249,612,paragraph
seconds,253,597,306,612,paragraph
to,310,597,323,612,paragraph
be,327,597,343,612,paragraph
calculated.,347,597,419,612,paragraph
Page,454,921,486,936,paragraph
21,490,921,507,936,paragraph
of,511,921,525,936,paragraph
30,529,921,546,936,paragraph
##LTLine##,364,101,636,101,table
##LTLine##,364,101,364,130,table
##LTLine##,402,101,402,130,table
##LTLine##,440,118,456,118,table
##LTLine##,468,101,468,130,table
##LTLine##,552,101,552,130,table
##LTLine##,635,101,635,130,table
##LTLine##,364,130,636,130,table
##LTLine##,364,133,636,133,table
##LTLine##,364,133,364,161,table
##LTLine##,402,133,402,161,table
##LTLine##,468,133,468,161,table
##LTLine##,552,133,552,161,table
##LTLine##,635,133,635,161,table
##LTLine##,364,162,636,162,table
##LTLine##,364,162,364,190,table
##LTLine##,402,162,402,190,table
##LTLine##,468,162,468,190,table
##LTLine##,552,162,552,190,table
##LTLine##,635,162,635,190,table
##LTLine##,364,190,636,190,table
##LTLine##,364,191,364,219,table
##LTLine##,402,191,402,219,table
##LTLine##,468,191,468,219,table
##LTLine##,552,191,552,219,table
##LTLine##,635,191,635,219,table
##LTLine##,364,219,636,219,table
##LTLine##,364,220,364,248,table
##LTLine##,402,220,402,248,table
##LTLine##,468,220,468,248,table
##LTLine##,552,220,552,248,table
##LTLine##,635,220,635,248,table
##LTLine##,364,248,636,248,table
##LTLine##,364,248,364,277,table
##LTLine##,402,248,402,277,table
##LTLine##,468,248,468,277,table
##LTLine##,552,248,552,277,table
##LTLine##,635,248,635,277,table
##LTLine##,364,277,636,277,table
##LTLine##,364,277,364,306,table
##LTLine##,402,277,402,306,table
##LTLine##,468,277,468,306,table
##LTLine##,552,277,552,306,table
##LTLine##,635,277,635,306,table
##LTLine##,364,306,636,306,table
##LTLine##,347,308,653,308,table
##LTLine##,347,308,347,336,table
##LTLine##,410,308,410,336,table
##LTLine##,453,325,468,325,table
##LTLine##,485,308,485,336,table
##LTLine##,569,308,569,336,table
##LTLine##,652,308,652,336,table
##LTLine##,347,337,653,337,table
##LTLine##,347,339,653,339,table
##LTLine##,347,340,347,368,table
##LTLine##,410,340,410,368,table
##LTLine##,485,340,485,368,table
##LTLine##,569,340,569,368,table
##LTLine##,652,340,652,368,table
##LTLine##,347,368,653,368,table
##LTLine##,347,369,347,397,table
##LTLine##,410,369,410,397,table
##LTLine##,485,369,485,397,table
##LTLine##,569,369,569,397,table
##LTLine##,652,369,652,397,table
##LTLine##,347,397,653,397,table
##LTLine##,347,397,347,426,table
##LTLine##,410,397,410,426,table
##LTLine##,485,397,485,426,table
##LTLine##,569,397,569,426,table
##LTLine##,652,397,652,426,table
##LTLine##,347,426,653,426,table
##LTLine##,347,426,347,455,table
##LTLine##,410,426,410,455,table
##LTLine##,485,426,485,455,table
##LTLine##,569,426,569,455,table
##LTLine##,652,426,652,455,table
##LTLine##,347,455,653,455,table
##LTLine##,347,455,347,484,table
##LTLine##,410,455,410,484,table
##LTLine##,485,455,485,484,table
##LTLine##,569,455,569,484,table
##LTLine##,652,455,652,484,table
##LTLine##,347,484,653,484,table
##LTLine##,347,484,347,513,table
##LTLine##,410,484,410,513,table
##LTLine##,485,484,485,513,table
##LTLine##,569,484,569,513,table
##LTLine##,652,484,652,513,table
##LTLine##,347,513,653,513,table
