token,x0,y0,x1,y1,label
8,910,35,918,48,paragraph
by,88,68,105,80,paragraph
a,112,68,120,80,paragraph
constant,127,68,188,80,paragraph
to,195,68,209,80,paragraph
match,216,68,260,80,paragraph
the,267,68,290,80,paragraph
free,297,68,323,80,paragraph
energy,330,68,377,80,paragraph
in,384,68,397,80,paragraph
the,405,68,427,80,paragraph
conven-,434,68,488,80,paragraph
temperature.,517,68,609,80,paragraph
Shifting,616,68,672,80,paragraph
the,676,68,699,80,paragraph
m,703,68,717,80,paragraph
/20,724,68,749,80,paragraph
data,753,68,785,80,paragraph
by,789,68,806,80,paragraph
3,811,68,819,80,paragraph
MeV,823,68,858,80,paragraph
to,862,68,876,80,paragraph
lower,881,68,918,80,paragraph
s,717,73,724,81,paragraph
tional,88,82,128,95,paragraph
scheme.,134,82,188,95,paragraph
After,196,82,233,95,paragraph
this,238,82,264,95,paragraph
shift,269,82,301,95,paragraph
our,306,82,330,95,paragraph
results,335,82,381,95,paragraph
agree,386,82,423,95,paragraph
with,429,82,460,95,paragraph
the,466,82,488,95,paragraph
temperatures,517,82,611,95,paragraph
almost,617,82,664,95,paragraph
eliminates,669,82,741,95,paragraph
this,746,82,773,95,paragraph
diﬀerence.,778,82,850,95,paragraph
results,88,97,134,109,paragraph
obtained,140,97,202,109,paragraph
in,208,97,221,109,paragraph
the,228,97,250,109,paragraph
conventional,256,97,345,109,paragraph
"scheme,",351,97,406,109,paragraph
in,412,97,426,109,paragraph
particu-,432,97,488,109,paragraph
For,534,97,558,109,paragraph
N,565,97,578,109,paragraph
=,593,97,605,109,paragraph
8,612,97,621,109,paragraph
the,628,97,650,109,paragraph
spatial,657,97,704,109,paragraph
volume,711,97,762,109,paragraph
is,769,97,780,109,paragraph
the,787,97,809,109,paragraph
same,816,97,852,109,paragraph
for,859,97,878,109,paragraph
both,885,97,918,109,paragraph
τ,578,102,584,110,paragraph
lar,88,111,107,124,paragraph
there,111,111,147,124,paragraph
is,152,111,163,124,paragraph
no,167,111,185,124,paragraph
discrepancy,189,111,272,124,paragraph
at,276,111,291,124,paragraph
low,295,111,319,124,paragraph
temperature,324,111,411,124,paragraph
previously,416,111,488,124,paragraph
quark,517,111,558,124,paragraph
"masses,",565,111,618,124,paragraph
but,626,111,650,124,paragraph
for,657,111,677,124,paragraph
N,684,111,697,124,paragraph
=,713,111,725,124,paragraph
6,733,111,741,124,paragraph
the,748,111,771,124,paragraph
spatial,778,111,825,124,paragraph
volumes,832,111,889,124,paragraph
are,896,111,918,124,paragraph
τ,697,116,703,125,paragraph
×,730,116,743,138,paragraph
×,824,116,837,138,paragraph
observed,88,126,149,138,paragraph
at,155,126,169,138,paragraph
ﬁxed,175,126,209,138,paragraph
N,214,126,227,138,paragraph
(cf.,241,126,264,138,paragraph
Fig.,271,126,299,138,paragraph
2).,306,126,325,138,paragraph
"diﬀerent,",517,126,581,138,paragraph
namely,588,126,639,138,paragraph
we,646,126,665,138,paragraph
use,672,126,695,138,paragraph
243,702,124,724,138,paragraph
6,747,126,755,138,paragraph
and,762,126,789,138,paragraph
323,796,124,818,138,paragraph
6,841,126,849,138,paragraph
volumes.,856,126,918,138,paragraph
τ,227,130,233,139,paragraph
Since,517,140,555,153,paragraph
the,559,140,582,153,paragraph
shift,587,140,618,153,paragraph
in,623,140,636,153,paragraph
the,641,140,663,153,paragraph
free,668,140,694,153,paragraph
energies,699,140,755,153,paragraph
is,760,140,771,153,paragraph
the,775,140,798,153,paragraph
same,803,140,838,153,paragraph
for,843,140,862,153,paragraph
N,867,140,880,153,paragraph
=,893,140,905,153,paragraph
8,910,140,918,153,paragraph
τ,880,145,886,154,paragraph
and,517,154,544,167,paragraph
N,548,154,561,167,paragraph
=,574,154,586,167,paragraph
6,591,154,599,167,paragraph
and,603,154,629,167,paragraph
can,633,154,658,167,paragraph
be,662,154,678,167,paragraph
understood,682,154,762,167,paragraph
as,766,154,781,167,paragraph
a,785,154,793,167,paragraph
quark,797,154,838,167,paragraph
mass,842,154,876,167,paragraph
eﬀect,880,154,918,167,paragraph
τ,561,159,567,168,paragraph
Appendix,89,169,163,181,section
C:,169,169,186,181,section
QUARK,192,169,258,181,section
MASS,263,169,312,181,section
DEPENDENCE,318,169,441,181,section
AND,447,169,487,181,section
we,517,169,536,182,paragraph
conclude,540,169,602,182,paragraph
that,606,169,636,182,paragraph
volume,640,169,691,182,paragraph
eﬀects,695,169,739,182,paragraph
in,743,169,756,182,paragraph
the,761,169,783,182,paragraph
free,787,169,813,182,paragraph
energies,817,169,873,182,paragraph
in,878,169,891,182,paragraph
the,895,169,918,182,paragraph
VOLUME,149,183,226,194,section
DEPENDENCE,231,183,355,194,section
OF,361,183,385,194,section
THE,390,183,427,194,section
fundamental,517,183,606,196,paragraph
and,610,183,636,196,paragraph
adjoint,640,183,690,196,paragraph
representations,694,183,801,196,paragraph
are,805,183,827,196,paragraph
smaller,831,183,882,196,paragraph
than,885,183,918,196,paragraph
RENORMALIZED,132,196,277,207,section
POLYAKOV,283,196,380,207,section
LOOPS,386,196,444,207,section
the,517,198,540,210,paragraph
estimated,546,198,615,210,paragraph
errors,621,198,661,210,paragraph
and,667,198,694,210,paragraph
thus,699,198,730,210,paragraph
can,736,198,760,210,paragraph
be,766,198,783,210,paragraph
neglected.,788,198,859,210,paragraph
Similar,867,198,918,210,paragraph
conclusions,517,212,597,225,paragraph
can,601,212,626,225,paragraph
be,629,212,646,225,paragraph
made,650,212,688,225,paragraph
for,692,212,711,225,paragraph
the,715,212,738,225,paragraph
free,742,212,768,225,paragraph
energies,771,212,828,225,paragraph
in,831,212,845,225,paragraph
other,849,212,886,225,paragraph
rep-,890,212,918,225,paragraph
In,104,227,119,240,paragraph
this,123,227,149,240,paragraph
appendix,153,227,218,240,paragraph
we,222,227,241,240,paragraph
discuss,245,227,294,240,paragraph
the,298,227,320,240,paragraph
quark,324,227,365,240,paragraph
mass,369,227,403,240,paragraph
and,407,227,434,240,paragraph
volume,438,227,488,240,paragraph
resentations.,517,227,607,239,paragraph
Therefore,614,227,682,239,paragraph
the,687,227,709,239,paragraph
observed,714,227,775,239,paragraph
breaking,780,227,841,239,paragraph
of,845,227,858,239,paragraph
Casimir,863,227,918,239,paragraph
dependence,88,242,170,254,paragraph
of,173,242,186,254,paragraph
the,190,242,213,254,paragraph
free,217,242,243,254,paragraph
energies,246,242,303,254,paragraph
F,306,242,317,254,paragraph
.,326,242,330,254,paragraph
In,337,242,352,254,paragraph
addition,356,242,414,254,paragraph
to,418,242,433,254,paragraph
the,436,242,459,254,paragraph
cal-,463,242,488,254,paragraph
scaling,517,241,566,254,paragraph
is,571,241,582,254,paragraph
not,587,241,611,254,paragraph
aﬀected,616,241,671,254,paragraph
by,676,241,694,254,paragraph
ﬁnite,699,241,735,254,paragraph
volume,741,241,791,254,paragraph
eﬀects.,797,241,845,254,paragraph
n,317,247,325,256,paragraph
culations,88,256,151,269,paragraph
of,156,256,169,269,paragraph
the,174,256,197,269,paragraph
Polyakov,201,256,265,269,paragraph
loop,270,256,301,269,paragraph
for,305,256,325,269,paragraph
m,330,256,344,269,paragraph
/m,349,256,371,269,paragraph
=,383,256,396,269,paragraph
1/20,400,256,433,269,paragraph
we,438,256,456,269,paragraph
also,461,256,488,269,paragraph
l,344,261,348,270,paragraph
s,371,261,378,270,paragraph
performed,88,271,160,283,paragraph
calculations,167,271,250,283,paragraph
for,256,271,276,283,paragraph
the,282,271,305,283,paragraph
smaller,311,271,362,283,paragraph
light,368,271,400,283,paragraph
quark,407,271,447,283,paragraph
mass,454,271,488,283,paragraph
×,246,276,258,298,paragraph
×,334,276,347,298,paragraph
m,88,285,102,298,paragraph
/m,107,285,129,298,paragraph
=,141,285,154,298,paragraph
1/40,158,285,191,298,paragraph
on,196,285,213,298,paragraph
323,219,284,241,298,paragraph
6,262,285,270,298,paragraph
and,275,285,302,298,paragraph
323,307,284,330,298,paragraph
8,350,285,358,298,paragraph
lattices.,364,285,419,298,paragraph
Since,426,285,463,298,paragraph
for,469,285,488,298,paragraph
Appendix,534,284,608,295,section
D:,614,284,632,295,section
FLOW,638,284,690,295,section
TIME,696,284,742,295,section
DEPENDENCE,748,284,871,295,section
OF,877,284,901,295,section
l,102,290,106,299,paragraph
s,129,290,136,299,paragraph
N,88,300,101,312,paragraph
=,113,300,126,312,paragraph
6,131,300,139,312,paragraph
we,143,300,162,312,paragraph
have,167,300,199,312,paragraph
two,203,300,229,312,paragraph
diﬀerent,233,300,292,312,paragraph
volumes,297,300,354,312,paragraph
we,359,300,377,312,paragraph
can,382,300,406,312,paragraph
make,411,300,448,312,paragraph
some,453,300,488,312,paragraph
CASIMIR,636,297,714,309,section
SCALING,720,297,799,309,section
τ,101,305,107,313,paragraph
statements,88,314,164,327,paragraph
about,170,314,211,327,paragraph
ﬁnite,217,314,253,327,paragraph
volume,258,314,309,327,paragraph
eﬀects,315,314,359,327,paragraph
as,364,314,379,327,paragraph
well.,384,314,416,327,paragraph
In,424,314,439,327,paragraph
Fig.,445,314,472,327,paragraph
8,480,314,488,327,paragraph
we,88,329,106,341,paragraph
show,111,329,146,341,paragraph
the,150,329,173,341,paragraph
temperature,177,329,264,341,paragraph
dependence,269,329,351,341,paragraph
of,355,329,368,341,paragraph
the,373,329,395,341,paragraph
fundamental,400,329,488,341,paragraph
In,534,329,549,341,paragraph
this,558,329,584,341,paragraph
appendix,593,329,658,341,paragraph
we,667,329,685,341,paragraph
discuss,694,329,743,341,paragraph
the,752,329,775,341,paragraph
Casimir,783,329,839,341,paragraph
scaling,848,329,896,341,paragraph
in,904,329,918,341,paragraph
and,88,343,114,356,paragraph
adjoint,120,343,170,356,paragraph
free,175,343,201,356,paragraph
energies,207,343,263,356,paragraph
as,269,343,284,356,paragraph
function,289,343,348,356,paragraph
of,353,343,367,356,paragraph
the,372,343,395,356,paragraph
temperature,401,343,488,356,paragraph
terms,517,343,557,356,paragraph
of,564,343,577,356,paragraph
δ,584,343,591,356,paragraph
at,607,343,621,356,paragraph
diﬀerent,628,343,687,356,paragraph
ﬂow,694,343,722,356,paragraph
times.,729,343,771,356,paragraph
In,782,343,797,356,paragraph
Fig.,804,343,832,356,paragraph
9,843,343,851,356,paragraph
we,858,343,876,356,paragraph
show,883,343,918,356,paragraph
n,591,348,599,357,paragraph
for,88,358,107,370,paragraph
two,112,358,137,370,paragraph
diﬀerent,142,358,201,370,paragraph
quark,206,358,246,370,paragraph
masses,251,358,299,370,paragraph
and,304,358,330,370,paragraph
ﬂow,335,358,364,370,paragraph
time,369,358,400,370,paragraph
3f,405,358,421,370,paragraph
.,428,358,433,370,paragraph
We,440,358,463,370,paragraph
see,467,358,488,370,paragraph
δ,517,358,525,370,paragraph
in,540,358,553,370,paragraph
various,559,358,610,370,paragraph
representations,616,358,723,370,paragraph
for,729,358,749,370,paragraph
N,755,358,768,370,paragraph
=,781,358,794,370,paragraph
"6,",800,358,812,370,paragraph
"8,",821,358,834,370,paragraph
10,843,358,859,370,paragraph
and,865,358,891,370,paragraph
12.,897,358,918,370,paragraph
0,421,363,428,371,paragraph
n,525,363,533,371,paragraph
τ,768,363,774,371,paragraph
that,88,372,118,385,paragraph
the,122,372,144,385,paragraph
free,149,372,175,385,paragraph
energies,179,372,235,385,paragraph
show,239,372,274,385,paragraph
some,278,372,314,385,paragraph
quark,318,372,359,385,paragraph
mass,363,372,398,385,paragraph
"dependence,",402,372,488,385,paragraph
We,517,372,540,385,paragraph
use,545,372,568,385,paragraph
the,574,372,596,385,paragraph
values,602,372,645,385,paragraph
of,650,372,663,385,paragraph
ﬂow,668,372,697,385,paragraph
time,702,372,734,385,paragraph
f,739,372,747,385,paragraph
=,754,372,766,385,paragraph
f,771,372,779,385,paragraph
",",786,372,791,385,paragraph
2f,799,372,815,385,paragraph
and,827,372,854,385,paragraph
3f,859,372,875,385,paragraph
.,882,372,887,385,paragraph
For,894,372,918,385,paragraph
0,779,377,785,386,paragraph
0,815,377,821,386,paragraph
0,875,377,882,386,paragraph
namely,88,387,139,399,paragraph
they,144,387,175,399,paragraph
are,180,387,201,399,paragraph
smaller,206,387,257,399,paragraph
for,262,387,281,399,paragraph
the,286,387,308,399,paragraph
smaller,313,387,364,399,paragraph
quark,369,387,409,399,paragraph
mass.,414,387,453,399,paragraph
The,460,387,488,399,paragraph
smaller,517,387,568,399,paragraph
values,574,387,617,399,paragraph
of,623,387,636,399,paragraph
ﬂow,642,387,671,399,paragraph
time,677,387,708,399,paragraph
the,714,387,737,399,paragraph
data,743,387,774,399,paragraph
are,780,387,802,399,paragraph
too,808,387,831,399,paragraph
noisy,837,387,874,399,paragraph
to,879,387,894,399,paragraph
al-,900,387,918,399,paragraph
relative,88,401,140,414,paragraph
diﬀerence,146,401,214,414,paragraph
of,220,401,233,414,paragraph
the,239,401,262,414,paragraph
free,268,401,294,414,paragraph
energies,300,401,356,414,paragraph
calculated,362,401,434,414,paragraph
for,440,401,459,414,paragraph
the,466,401,488,414,paragraph
low,517,401,541,414,paragraph
conclusive,547,401,619,414,paragraph
statements.,624,401,706,414,paragraph
From,714,401,751,414,paragraph
the,757,401,779,414,paragraph
ﬁgures,785,401,831,414,paragraph
we,837,401,856,414,paragraph
see,861,401,882,414,paragraph
that,888,401,918,414,paragraph
two,88,415,113,428,paragraph
quark,118,415,159,428,paragraph
masses,164,415,212,428,paragraph
is,217,415,228,428,paragraph
about,233,415,274,428,paragraph
the,279,415,302,428,paragraph
same,307,415,342,428,paragraph
for,347,415,367,428,paragraph
triplet,372,415,416,428,paragraph
and,421,415,447,428,paragraph
octet,452,415,488,428,paragraph
the,517,415,540,428,paragraph
ﬂow,546,415,575,428,paragraph
time,581,415,612,428,paragraph
dependence,618,415,700,428,paragraph
of,706,415,719,428,paragraph
δ,725,415,732,428,paragraph
is,747,415,758,428,paragraph
very,764,415,794,428,paragraph
small,800,415,838,428,paragraph
for,844,415,863,428,paragraph
all,869,415,886,428,paragraph
N,892,415,905,428,paragraph
.,913,415,918,428,paragraph
n,732,420,740,429,paragraph
τ,905,420,911,429,paragraph
charges,88,430,140,443,paragraph
and,147,430,173,443,paragraph
for,181,430,200,443,paragraph
N,208,430,221,443,paragraph
=,237,430,249,443,paragraph
6,257,430,265,443,paragraph
and,273,430,299,443,paragraph
N,306,430,319,443,paragraph
=,335,430,348,443,paragraph
8.,356,430,369,443,paragraph
This,382,430,413,443,paragraph
diﬀerence,421,430,488,443,paragraph
"Therefore,",517,430,590,443,paragraph
we,598,430,617,443,paragraph
conclude,624,430,686,443,paragraph
that,693,430,723,443,paragraph
the,730,430,753,443,paragraph
Casimir,761,430,816,443,paragraph
scaling,823,430,871,443,paragraph
or,879,430,893,443,paragraph
its,901,430,918,443,paragraph
τ,221,435,227,444,paragraph
τ,319,435,325,444,paragraph
may,88,444,118,457,paragraph
be,124,444,140,457,paragraph
understood,146,444,226,457,paragraph
in,232,444,246,457,paragraph
terms,252,444,292,457,paragraph
of,298,444,311,457,paragraph
change,317,444,365,457,paragraph
in,371,444,385,457,paragraph
the,391,444,413,457,paragraph
transition,419,444,488,457,paragraph
breaking,517,444,579,457,paragraph
is,584,444,595,457,paragraph
independent,600,444,687,457,paragraph
of,693,444,706,457,paragraph
the,711,444,734,457,paragraph
ﬂow,739,444,768,457,paragraph
time.,773,444,809,457,paragraph
∗,104,506,110,519,reference
[16],517,514,541,525,reference
M.,547,514,565,525,reference
"Lu¨scher,",570,514,626,525,reference
J.,631,514,642,525,reference
High,648,514,679,525,reference
Energy,684,514,731,525,reference
Phys.,736,514,772,525,reference
"08,",777,514,798,525,reference
071,803,514,826,525,reference
"(2010),",831,514,877,525,reference
[Erratum:,882,514,947,525,reference
J.,953,514,965,525,reference
High,970,514,1000,525,reference
Energy,1000,514,1000,525,reference
Phys.,1000,514,1000,525,reference
"03,092(2014)].",1000,514,1000,525,reference
[1],95,527,111,538,reference
L.,118,527,131,538,reference
D.,136,527,152,538,reference
McLerran,157,527,221,538,reference
and,226,527,251,538,reference
B.,256,527,270,538,reference
"Svetitsky,",275,527,339,538,reference
Phys.,344,527,380,538,reference
Rev.,385,527,415,538,reference
D,420,527,431,538,reference
"24,",436,527,458,538,reference
450,463,527,486,538,reference
(198[11)7.],491,527,541,538,reference
E.,547,527,562,538,reference
Follana,566,527,614,538,reference
et,619,527,631,538,reference
al.,635,527,652,538,reference
(HPQCD,656,527,717,538,reference
"Collaboration,",722,527,816,538,reference
UKQCD,821,527,877,538,reference
"Collaboration),",882,527,982,538,reference
Phys.,986,527,1000,538,reference
Rev.,1000,527,1000,538,reference
"D75,",1000,527,1000,538,reference
054502,1000,527,1000,538,reference
"(2007),",1000,527,1000,538,reference
arXiv:hep-lat/0610092,1000,527,1000,538,reference
[2],95,540,111,551,reference
O.,118,540,134,551,reference
"Kaczmarek,",139,540,216,551,reference
F.,221,540,235,551,reference
"Karsch,",240,540,290,551,reference
P.,295,540,308,551,reference
"Petreczky,",313,540,380,551,reference
and,390,540,415,551,reference
F.,420,540,434,551,reference
"Zantow,",439,540,491,551,reference
Phys.,496,540,533,551,reference
"Le[htte.pB-la5t]4.3,",538,540,621,551,reference
41,626,540,641,551,reference
(2002).,646,540,692,551,reference
[3],95,553,111,565,reference
A.,118,553,133,565,reference
M.,138,553,156,565,reference
"Polyakov,",161,553,225,565,reference
Nucl.,230,553,264,565,reference
Phys.,269,553,306,565,reference
B,311,553,321,565,reference
"164,",326,553,356,565,reference
171,361,553,384,565,reference
(1980).,389,553,435,565,reference
[18],517,553,541,565,reference
A.,547,553,563,565,reference
Bazavov,568,553,623,565,reference
et,628,553,639,565,reference
al.,645,553,661,565,reference
"(HotQCD),",666,553,741,565,reference
Phys.Rev.,746,553,812,565,reference
"D90,",817,553,852,565,reference
094503,857,553,902,565,reference
"(2014),",907,553,953,565,reference
arXiv:1407.6387,958,553,1000,565,reference
[hep-lat].,1000,553,1000,565,reference
[4],95,566,111,578,reference
S.,118,566,130,578,reference
"Digal,",135,566,174,578,reference
S.,179,566,192,578,reference
"Fortunato,",197,566,267,578,reference
and,277,566,301,578,reference
P.,306,566,319,578,reference
"Petreczky,",324,566,391,578,reference
Phys.,396,566,433,578,reference
Rev.,438,566,468,578,reference
D,473,566,484,578,reference
"68,",489,566,511,578,reference
0[1394]00B8az(2a0v0ov3)e.t,516,566,619,578,reference
"al.,",624,566,645,578,reference
"(2015),",655,566,701,578,reference
work,706,566,738,578,reference
in,743,566,755,578,reference
progress.,760,566,818,578,reference
[5],95,580,111,591,reference
S.,118,580,130,591,reference
"Gupta,",135,580,181,591,reference
K.,186,580,202,591,reference
"Huebner,",207,580,267,591,reference
and,277,580,301,591,reference
O.,306,580,322,591,reference
"Kaczmarek,",327,580,405,591,reference
Phys.,410,580,446,591,reference
Rev.,451,580,481,591,reference
D,486,580,498,591,reference
"77[,2003]",503,580,544,591,reference
"4Z5.03Fo(2d0o0r,8)K.",544,580,632,591,reference
.,632,580,636,591,reference
"Holland,",644,580,700,591,reference
J.,709,580,721,591,reference
"Kuti,",729,580,763,591,reference
S.,772,580,785,591,reference
"Mondal,",793,580,847,591,reference
D.,856,580,872,591,reference
"Nogradi,",880,580,936,591,reference
and,953,580,978,591,reference
C.,986,580,1000,591,reference
H.,1000,580,1000,591,reference
"Wong,",1000,580,1000,591,reference
J.,1000,580,1000,591,reference
High,1000,580,1000,591,reference
Energy,1000,580,1000,591,reference
Phys.,1000,580,1000,591,reference
"09,",1000,580,1000,591,reference
018,1000,580,1000,591,reference
"(2014),",1000,580,1000,591,reference
[6],95,593,111,604,reference
A.,118,593,133,604,reference
"Mykkanen,",138,593,210,604,reference
M.,215,593,233,604,reference
"Panero,",238,593,288,604,reference
and,298,593,322,604,reference
K.,327,593,343,604,reference
"Rummukainen,",348,593,447,604,reference
J.,452,593,464,604,reference
High,469,593,501,604,reference
"EnergyarPXhiyvs:1.40056,.0086297([2h0e1p2-)l.at].",506,593,716,604,reference
[7],95,606,111,617,reference
O.,118,606,134,617,reference
Kaczmarek,139,606,212,617,reference
and,217,606,241,617,reference
F.,246,606,260,617,reference
"Zantow,",265,606,318,617,reference
Phys.,323,606,359,617,reference
Rev.,364,606,394,617,reference
D,399,606,411,617,reference
"71,",416,606,437,617,reference
114510,442,606,487,617,reference
(200[52)1.],492,606,541,617,reference
http://www.physics.utah.edu/~detar/milc/.,547,606,859,620,reference
[8],95,619,111,631,reference
P.,118,619,131,631,reference
Petreczky,136,619,200,631,reference
and,205,619,229,631,reference
K.,234,619,250,631,reference
"Petrov,",255,619,303,631,reference
Phys.,308,619,344,631,reference
Rev.,349,619,379,631,reference
D,384,619,396,631,reference
"70,",401,619,422,631,reference
054503,427,619,472,631,reference
(2004)[.22],477,619,541,631,reference
M.,547,619,565,631,reference
Luscher,570,619,621,631,reference
and,626,619,651,631,reference
P.,656,619,669,631,reference
"Weisz,",674,619,716,631,reference
J.,721,619,733,631,reference
High,738,619,769,631,reference
Energy,774,619,821,631,reference
Phys.,826,619,862,631,reference
"02,",867,619,889,631,reference
051,894,619,916,631,reference
(2011).,921,619,967,631,reference
[9],95,632,111,644,reference
M.,118,632,136,644,reference
"Cheng,",141,632,187,644,reference
N.,192,632,207,644,reference
"Christ,",212,632,257,644,reference
S.,263,632,275,644,reference
"Datta,",280,632,323,644,reference
J.,328,632,339,644,reference
van,344,632,367,644,reference
der,373,632,393,644,reference
"Heide,",398,632,440,644,reference
C.,445,632,460,644,reference
"Jung,",465,632,501,644,reference
"et[2a3l.],",506,632,544,644,reference
MPh.yLsu¨.,547,632,588,644,reference
"sRchever.,DPo7S7,L0A14T5T11IC(2E02008)1.3,",588,632,777,644,reference
016,782,632,804,644,reference
"(2014),",809,632,855,644,reference
arXiv:1308.5598,860,632,966,644,reference
[hep-lat].,971,632,1000,644,reference
[10],88,646,111,657,reference
A.,118,646,133,657,reference
"Bazavov,",138,646,197,657,reference
T.,202,646,217,657,reference
"Bhattacharya,",222,646,315,657,reference
M.,320,646,338,657,reference
"Cheng,",343,646,389,657,reference
N.,394,646,410,657,reference
"Christ,",415,646,460,657,reference
C.,465,646,480,657,reference
"DeTa[r2,4e]tMal..,WPahgynse.rRaenvd.",485,646,650,657,reference
"DC.8W0,ie0s1e4(5E04TM(20C0o9l)l.aboration),",654,646,865,657,reference
J.,870,646,882,657,reference
High,887,646,918,657,reference
Energy,923,646,970,657,reference
Phys.,975,646,1000,657,reference
"07,",1000,646,1000,657,reference
016,1000,646,1000,657,reference
(2011).,1000,646,1000,657,reference
[11],88,659,111,670,reference
Y.,118,659,133,670,reference
"Aoki,",138,659,173,670,reference
Z.,178,659,192,670,reference
"Fodor,",197,659,239,670,reference
S.,244,659,257,670,reference
"Katz,",262,659,298,670,reference
and,308,659,332,670,reference
K.,337,659,353,670,reference
"Szabo,",358,659,401,670,reference
Phys.,406,659,442,670,reference
Lett.,447,659,479,670,reference
B,484,659,495,670,reference
"643[2,54]6Y(u2.0A06.)S.",500,659,604,670,reference
"imonov,",604,659,656,670,reference
Nucl.,661,659,695,670,reference
Phys.,701,659,737,670,reference
B,742,659,752,670,reference
"592,",757,659,788,670,reference
350,793,659,815,670,reference
(2001).,820,659,866,670,reference
[12],88,672,111,683,reference
Y.,118,672,133,683,reference
"Aoki,",138,672,173,683,reference
S.,178,672,191,683,reference
"Borsanyi,",196,672,258,683,reference
S.,263,672,275,683,reference
"Durr,",280,672,316,683,reference
Z.,321,672,335,683,reference
"Fodor,",340,672,382,683,reference
S.,387,672,400,683,reference
D.,405,672,420,683,reference
"Katz,",425,672,461,683,reference
et,466,672,478,683,reference
"al.,",484,672,504,683,reference
"J.[2H6]igNh.EBnrearmgybiPllhay,",509,672,640,683,reference
"sJ..0G6h,i0g8li8er(i2,",640,672,723,683,reference
"0P0.9P).etreczky,",723,672,810,683,reference
and,820,672,845,683,reference
A.,850,672,865,683,reference
"Vairo,",870,672,909,683,reference
Phys.,915,672,951,683,reference
Rev.,956,672,986,683,reference
D,991,672,1000,683,reference
"82,",1000,672,1000,683,reference
074019,1000,672,1000,683,reference
(2010).,1000,672,1000,683,reference
[13],88,685,111,697,reference
S.,118,685,130,697,reference
Borsanyi,135,685,193,697,reference
et,198,685,210,697,reference
al.,215,685,231,697,reference
(Wuppertal-Budapest,236,685,379,697,reference
"Collaboration),",384,685,484,697,reference
J.,489,685,501,697,reference
"H[i2g7h]EGn.erSg.yBPalhiy,",506,685,621,697,reference
"sP.h0y9s,.",621,685,658,697,reference
"0R7e3v.(2D01602).,",662,685,736,697,reference
114503,741,685,786,697,reference
(2000).,791,685,837,697,reference
[14],88,699,111,710,reference
A.,118,699,133,710,reference
"Bazavov,",138,699,197,710,reference
T.,202,699,217,710,reference
"Bhattacharya,",222,699,315,710,reference
M.,320,699,338,710,reference
"Cheng,",343,699,389,710,reference
C.,394,699,409,710,reference
"DeTar,",414,699,460,710,reference
H.,465,699,480,710,reference
"Ding,[2e8t]aCl..,",485,699,564,710,reference
"APnhzyasi.,RYe.vK.",566,699,644,710,reference
"iDyo8,",644,699,670,710,reference
"5a,n0d5Y45.0S3u(m2i0n1o2,)N.",670,699,791,710,reference
ucl.,791,699,814,710,reference
Phys.,818,699,854,710,reference
B,858,699,869,710,reference
"838,",872,699,903,710,reference
28,906,699,922,710,reference
"(2010),",925,699,971,710,reference
[Erratum:,975,699,1000,710,reference
Nucl.,1000,699,1000,710,reference
Phys.,1000,699,1000,710,reference
B,1000,699,1000,710,reference
"890,569(2015)],",1000,699,1000,710,reference
arXiv:1004.1562,1000,699,1000,710,reference
[15],88,712,111,723,reference
A.,118,712,133,723,reference
Bazavov,138,712,193,723,reference
and,198,712,222,723,reference
P.,227,712,240,723,reference
"Petreczky,",245,712,312,723,reference
Phys.Rev.,317,712,384,723,reference
"D87,",389,712,423,723,reference
094505,428,712,474,723,reference
"(2013),",479,712,525,723,reference
arX[hive:p1-3p0h1]..3943,530,712,635,723,reference
[hep-lat].,640,712,699,723,reference
[29],517,725,541,736,reference
http://www.r-project.org/.,547,725,745,737,reference
∗,104,788,110,801,paragraph
[9],525,796,541,807,paragraph
M.,547,796,565,807,paragraph
"Cheng,",570,796,616,807,paragraph
N.,621,796,637,807,paragraph
"Christ,",642,796,687,807,paragraph
S.,692,796,705,807,paragraph
"Datta,",710,796,752,807,paragraph
J.,757,796,769,807,paragraph
van,774,796,797,807,paragraph
der,802,796,823,807,paragraph
"Heide,",828,796,870,807,paragraph
C.,875,796,890,807,paragraph
"Jung,",895,796,931,807,paragraph
et,936,796,948,807,paragraph
"al.,",953,796,974,807,paragraph
Phys.,979,796,1000,807,paragraph
Rev.,1000,796,1000,807,paragraph
D,1000,796,1000,807,paragraph
"77,",1000,796,1000,807,paragraph
014511,1000,796,1000,807,paragraph
(2008).,1000,796,1000,807,paragraph
[1],95,809,111,820,paragraph
L.,118,809,131,820,paragraph
D.,136,809,152,820,paragraph
McLerran,157,809,221,820,paragraph
and,226,809,251,820,paragraph
B.,256,809,270,820,paragraph
"Svetitsky,",275,809,339,820,paragraph
Phys.,344,809,380,820,paragraph
Rev.,385,809,415,820,paragraph
D,420,809,431,820,paragraph
"24,",436,809,458,820,paragraph
450,463,809,486,820,paragraph
(198[11)0.],491,809,541,820,paragraph
A.,547,809,563,820,paragraph
"Bazavov,",568,809,627,820,paragraph
T.,632,809,647,820,paragraph
"Bhattacharya,",652,809,745,820,paragraph
M.,750,809,768,820,paragraph
"Cheng,",773,809,819,820,paragraph
N.,824,809,839,820,paragraph
"Christ,",844,809,890,820,paragraph
C.,895,809,910,820,paragraph
"DeTar,",915,809,960,820,paragraph
et,965,809,977,820,paragraph
"al.,",983,809,1000,820,paragraph
Phys.,1000,809,1000,820,paragraph
Rev.,1000,809,1000,820,paragraph
D,1000,809,1000,820,paragraph
"80,",1000,809,1000,820,paragraph
014504,1000,809,1000,820,paragraph
(2009).,1000,809,1000,820,paragraph
[2],95,822,111,833,paragraph
O.,118,822,134,833,paragraph
"Kaczmarek,",139,822,216,833,paragraph
F.,221,822,235,833,paragraph
"Karsch,",240,822,290,833,paragraph
P.,295,822,308,833,paragraph
"Petreczky,",313,822,380,833,paragraph
and,390,822,415,833,paragraph
F.,420,822,434,833,paragraph
"Zantow,",439,822,491,833,paragraph
"Phy[1s.1]LeYt.t.ABok5i,43Z,.",496,822,621,833,paragraph
"4F1od(o2r0,0S2)..Katz,",626,822,728,833,paragraph
and,738,822,762,833,paragraph
K.,767,822,783,833,paragraph
"Szabo,",788,822,831,833,paragraph
Phys.,836,822,872,833,paragraph
Lett.,877,822,909,833,paragraph
B,914,822,925,833,paragraph
"643,",930,822,960,833,paragraph
46,965,822,980,833,paragraph
(2006).,985,822,1000,833,paragraph
[3],95,835,111,846,paragraph
A.,118,835,133,846,paragraph
M.,138,835,156,846,paragraph
"Polyakov,",161,835,225,846,paragraph
Nucl.,230,835,264,846,paragraph
Phys.,269,835,306,846,paragraph
B,311,835,321,846,paragraph
"164,",326,835,356,846,paragraph
171,361,835,384,846,paragraph
(1980).,389,835,435,846,paragraph
[12],517,835,541,846,paragraph
Y.,547,835,563,846,paragraph
"Aoki,",568,835,603,846,paragraph
S.,608,835,621,846,paragraph
"Borsanyi,",626,835,687,846,paragraph
S.,692,835,705,846,paragraph
"Durr,",710,835,746,846,paragraph
Z.,751,835,764,846,paragraph
"Fodor,",769,835,812,846,paragraph
S.,817,835,829,846,paragraph
D.,834,835,850,846,paragraph
"Katz,",855,835,891,846,paragraph
et,896,835,908,846,paragraph
"al.,",913,835,934,846,paragraph
J.,939,835,951,846,paragraph
High,956,835,987,846,paragraph
Energy,992,835,1000,846,paragraph
Phys.,1000,835,1000,846,paragraph
"06,",1000,835,1000,846,paragraph
088,1000,835,1000,846,paragraph
(2009).,1000,835,1000,846,paragraph
[4],95,848,111,860,paragraph
S.,118,848,130,860,paragraph
"Digal,",135,848,174,860,paragraph
S.,179,848,192,860,paragraph
"Fortunato,",197,848,267,860,paragraph
and,277,848,301,860,paragraph
P.,306,848,319,860,paragraph
"Petreczky,",324,848,391,860,paragraph
Phys.,396,848,433,860,paragraph
Rev.,438,848,468,860,paragraph
D,473,848,484,860,paragraph
"68,",489,848,511,860,paragraph
0[1334]00S8.,516,848,561,860,paragraph
B(2o0r0s3a)n.yi,565,848,623,860,paragraph
et,628,848,640,860,paragraph
al.,645,848,661,860,paragraph
(Wuppertal-Budapest,666,848,809,860,paragraph
"Collaboration),",814,848,914,860,paragraph
J.,919,848,931,860,paragraph
High,936,848,967,860,paragraph
Energy,972,848,1000,860,paragraph
Phys.,1000,848,1000,860,paragraph
"09,",1000,848,1000,860,paragraph
073,1000,848,1000,860,paragraph
(2010).,1000,848,1000,860,paragraph
[5],95,862,111,873,paragraph
S.,118,862,130,873,paragraph
"Gupta,",135,862,181,873,paragraph
K.,186,862,202,873,paragraph
"Huebner,",207,862,267,873,paragraph
and,277,862,301,873,paragraph
O.,306,862,322,873,paragraph
"Kaczmarek,",327,862,405,873,paragraph
Phys.,410,862,446,873,paragraph
Rev.,451,862,481,873,paragraph
D,486,862,498,873,paragraph
"77[,1043]",503,862,544,873,paragraph
"4A5.03Ba(2z0av0o8v).,",544,862,627,873,paragraph
T.,632,862,647,873,paragraph
"Bhattacharya,",652,862,745,873,paragraph
M.,750,862,768,873,paragraph
"Cheng,",773,862,819,873,paragraph
C.,824,862,839,873,paragraph
"DeTar,",844,862,889,873,paragraph
H.,894,862,910,873,paragraph
"Ding,",915,862,951,873,paragraph
et,956,862,968,873,paragraph
"al.,",973,862,993,873,paragraph
Phys.,998,862,1000,873,paragraph
Rev.,1000,862,1000,873,paragraph
D,1000,862,1000,873,paragraph
"85,",1000,862,1000,873,paragraph
054503,1000,862,1000,873,paragraph
(2012).,1000,862,1000,873,paragraph
[6],95,875,111,886,paragraph
A.,118,875,133,886,paragraph
"Mykkanen,",138,875,210,886,paragraph
M.,215,875,233,886,paragraph
"Panero,",238,875,288,886,paragraph
and,298,875,322,886,paragraph
K.,327,875,343,886,paragraph
"Rummukainen,",348,875,447,886,paragraph
J.,452,875,464,886,paragraph
High,469,875,501,886,paragraph
En[1e5r]gyAP.,506,875,568,886,paragraph
"hByasz.a0v5ov,",568,875,623,886,paragraph
"0a6n9d(P2.01P2e)t.reczky,",625,875,742,886,paragraph
Phys.Rev.,747,875,813,886,paragraph
"D87,",818,875,853,886,paragraph
094505,858,875,903,886,paragraph
"(2013),",908,875,954,886,paragraph
arXiv:1301.3943,959,875,1000,886,paragraph
[hep-lat].,1000,875,1000,886,paragraph
[7],95,888,111,899,paragraph
O.,118,888,134,899,paragraph
Kaczmarek,139,888,212,899,paragraph
and,217,888,241,899,paragraph
F.,246,888,260,899,paragraph
"Zantow,",265,888,318,899,paragraph
Phys.,323,888,359,899,paragraph
Rev.,364,888,394,899,paragraph
D,399,888,411,899,paragraph
"71,",416,888,437,899,paragraph
114510,442,888,487,899,paragraph
(200[51)6.],492,888,541,899,paragraph
M.,547,888,565,899,paragraph
"Lu¨scher,",570,888,626,899,paragraph
J.,631,888,642,899,paragraph
High,648,888,679,899,paragraph
Energy,684,888,731,899,paragraph
Phys.,736,888,772,899,paragraph
"08,",777,888,798,899,paragraph
071,803,888,826,899,paragraph
"(2010),",831,888,877,899,paragraph
[Erratum:,882,888,947,899,paragraph
J.,953,888,965,899,paragraph
High,970,888,1000,899,paragraph
Energy,1000,888,1000,899,paragraph
Phys.,1000,888,1000,899,paragraph
"03,092(2014)].",1000,888,1000,899,paragraph
[8],95,901,111,913,paragraph
P.,118,901,131,913,paragraph
Petreczky,136,901,200,913,paragraph
and,205,901,229,913,paragraph
K.,234,901,250,913,paragraph
"Petrov,",255,901,303,913,paragraph
Phys.,308,901,344,913,paragraph
Rev.,349,901,379,913,paragraph
D,384,901,396,913,paragraph
"70,",401,901,422,913,paragraph
054503,427,901,472,913,paragraph
(2004)[.17],477,901,541,913,paragraph
E.,547,901,562,913,paragraph
Follana,566,901,614,913,paragraph
et,619,901,631,913,paragraph
al.,635,901,652,913,paragraph
(HPQCD,656,901,717,913,paragraph
"Collaboration,",722,901,816,913,paragraph
UKQCD,821,901,877,913,paragraph
"Collaboration),",882,901,982,913,paragraph
Phys.,986,901,1000,913,paragraph
Rev.,1000,901,1000,913,paragraph
"D75,",1000,901,1000,913,paragraph
054502,1000,901,1000,913,paragraph
"(2007),",1000,901,1000,913,paragraph
arXiv:hep-lat/0610092,1000,901,1000,913,paragraph
##LTLine##,303,485,703,485,reference
##LTLine##,353,485,653,485,reference
##LTLine##,403,485,603,485,reference
##LTLine##,303,767,703,767,paragraph
##LTLine##,353,767,653,767,paragraph
##LTLine##,403,767,603,767,paragraph
