token,x0,y0,x1,y1,label
Flavor,179,83,254,100,title
anomalies,263,83,379,100,title
at,388,83,412,100,title
the,421,83,459,100,title
LHC,468,83,525,100,title
and,534,83,577,100,title
the,586,83,624,100,title
R-parity,633,83,734,100,title
violating,743,83,846,100,title
supersymmetric,172,115,361,132,title
model,370,115,442,132,title
extended,451,115,558,132,title
with,567,115,620,132,title
vectorlike,629,115,743,132,title
particles,752,115,852,132,title
∗,578,149,585,165,paragraph
Weicong,439,157,511,171,author
Huang,522,157,578,171,author
State,314,183,358,197,paragraph
Key,367,183,401,197,paragraph
Laboratory,410,183,501,197,paragraph
of,511,183,527,197,paragraph
Theoretical,537,183,631,197,paragraph
"Physics,",640,183,710,197,paragraph
Institute,238,209,309,224,paragraph
of,318,209,334,224,paragraph
Theoretical,343,209,437,224,paragraph
"Physics,",445,209,515,224,paragraph
Chinese,524,209,592,224,paragraph
Academy,600,209,677,224,paragraph
of,685,209,701,224,paragraph
"Sciences,",710,209,787,224,paragraph
Beijing,315,235,376,250,paragraph
"100190,",386,235,452,250,paragraph
People’s,462,235,532,250,paragraph
Republic,541,235,613,250,paragraph
of,623,235,639,250,paragraph
China,649,235,700,250,paragraph
†,563,267,569,283,paragraph
Yi-Lei,455,275,508,289,author
Tang,519,275,563,289,author
Center,186,301,244,315,author
for,252,301,276,315,author
High,284,301,324,315,author
Energy,331,301,391,315,author
"Physics,",399,301,469,315,author
Peking,477,301,534,315,author
"University,",542,301,636,315,author
Beijing,644,301,705,315,author
"100871,",713,301,780,315,author
China,788,301,839,315,author
Abstract,467,330,557,347,paragraph
In,139,359,156,372,abstract
this,161,359,191,372,abstract
"paper,",197,359,247,372,abstract
we,253,359,274,372,abstract
consider,280,359,345,372,abstract
a,351,359,360,372,abstract
solution,365,359,429,372,abstract
to,434,359,451,372,abstract
explain,456,359,514,372,abstract
the,520,359,545,372,abstract
three,551,359,592,372,abstract
discrepancies,597,359,701,372,abstract
with,707,359,743,372,abstract
the,748,359,774,372,abstract
standard,780,359,850,372,abstract
model,856,359,904,372,abstract
→,631,375,649,398,abstract
∗,676,376,683,393,abstract
−,718,376,729,393,abstract
B,841,375,853,398,abstract
→,886,375,904,398,abstract
(SM),121,385,162,398,abstract
predictions,171,385,259,398,abstract
in,268,385,283,398,abstract
ﬂavor,293,385,337,398,abstract
"observables,",346,385,442,398,abstract
i.e.,452,385,475,398,abstract
anomalies,493,385,571,398,abstract
in,581,385,596,398,abstract
B,605,385,619,398,abstract
K,659,385,675,398,abstract
µ+µ,684,383,718,398,abstract
and,739,385,769,398,abstract
R,778,385,792,398,abstract
=,816,385,830,398,abstract
(B,853,385,874,398,abstract
K,792,390,804,399,abstract
−,171,402,182,418,abstract
B,200,401,212,424,abstract
→,243,401,261,424,abstract
−,316,402,327,418,abstract
→,624,401,642,424,abstract
Kµ+µ,121,409,171,424,abstract
)/,183,411,200,424,abstract
(B,212,411,233,424,abstract
Ke+e,270,409,316,424,abstract
),328,411,335,424,abstract
at,343,411,360,424,abstract
the,368,411,393,424,abstract
LHCb,402,411,450,424,abstract
and,459,411,488,424,abstract
an,497,411,516,424,abstract
excess,524,411,573,424,abstract
in,581,411,596,424,abstract
h,605,411,615,424,abstract
µτ,651,411,670,424,abstract
at,681,411,697,424,abstract
the,705,411,731,424,abstract
CMS,739,411,779,424,abstract
in,788,411,803,424,abstract
the,811,411,837,424,abstract
context,845,411,904,424,abstract
of,121,437,135,450,abstract
R-parity,143,437,211,450,abstract
violating,219,437,289,450,abstract
(RPV),297,437,351,450,abstract
supersymmetry.,359,437,486,450,abstract
We,500,437,525,450,abstract
demonstrate,533,437,632,450,abstract
that,640,437,674,450,abstract
these,682,437,723,450,abstract
anomalies,731,437,810,450,abstract
can,818,437,845,450,abstract
be,853,437,872,450,abstract
ex-,880,437,904,450,abstract
plained,121,462,179,475,abstract
within,186,462,237,475,abstract
a,244,462,253,475,abstract
uniﬁed,261,462,315,475,abstract
framework:,322,462,411,475,abstract
the,422,462,448,475,abstract
minimal,455,462,520,475,abstract
supersymmetry,527,462,651,475,abstract
model,658,462,706,475,abstract
(MSSM),714,462,782,475,abstract
extended,789,462,861,475,abstract
with,868,462,904,475,abstract
5,121,488,130,501,abstract
+,135,488,149,501,abstract
5,154,488,163,501,abstract
vectorlike,171,488,247,501,abstract
(VL),255,488,294,501,abstract
particles.,302,488,375,501,abstract
The,387,488,419,501,abstract
new,426,488,458,501,abstract
trilinear,466,488,530,501,abstract
RPV,537,488,577,501,abstract
couplings,585,488,659,501,abstract
involving,667,488,739,501,abstract
VL,747,488,772,501,abstract
particles,780,488,847,501,abstract
in,855,488,870,501,abstract
our,878,488,904,501,abstract
→,301,504,320,527,abstract
model,121,514,169,527,abstract
can,176,514,203,527,abstract
solve,210,514,249,527,abstract
the,255,514,281,527,abstract
b,287,514,295,527,abstract
s,326,514,334,527,abstract
anomalies,341,514,419,527,abstract
",",426,514,431,527,abstract
and,438,514,468,527,abstract
the,474,514,500,527,abstract
mixing,506,514,561,527,abstract
between,567,514,632,527,abstract
the,639,514,664,527,abstract
SM-like,671,514,732,527,abstract
Higgs,738,514,783,527,abstract
boson,789,514,836,527,abstract
and,842,514,872,527,abstract
the,879,514,904,527,abstract
→,405,530,423,553,abstract
VL,121,540,146,553,abstract
sneutrino,152,540,226,553,abstract
can,232,540,260,553,abstract
yield,266,540,304,553,abstract
the,310,540,336,553,abstract
extra,342,540,383,553,abstract
h,389,540,400,553,abstract
µτ,428,540,448,553,abstract
decay,456,540,501,553,abstract
mode.,507,540,555,553,abstract
PACS,121,579,164,591,paragraph
numbers:,170,579,236,591,paragraph
"12.60.Jv,",244,579,309,591,paragraph
"14.60.Hi,",314,579,379,591,paragraph
"14.60.St,",384,579,448,591,paragraph
14.65.Jk,453,579,513,591,paragraph
∗,121,839,127,853,paragraph
huangwc@itp.ac.cn,128,846,267,858,footer
†,121,856,127,871,paragraph
tangyilei15@pku.edu.cn,127,864,300,876,footer
1,498,898,507,912,paragraph
##LTLine##,154,488,163,488,abstract
##LTLine##,121,841,181,841,paragraph
