token,x0,y0,x1,y1,label
problem.,88,65,146,81,paragraph
This,154,65,183,81,paragraph
optimization,191,65,273,81,paragraph
problem,281,65,335,81,paragraph
consists,343,65,395,81,paragraph
on,402,65,419,81,paragraph
ﬁnding,427,65,473,81,paragraph
a,481,65,488,81,paragraph
[16],511,68,533,80,reference
M.,541,68,556,80,reference
H.,562,68,575,80,reference
"DeGroot,",581,68,630,80,reference
“Reaching,636,68,691,80,reference
a,697,68,703,80,reference
"consensus,”",709,68,770,80,reference
Journal,776,68,816,80,reference
of,822,68,832,80,reference
the,839,68,854,80,reference
American,861,68,911,80,reference
probability,88,80,159,96,paragraph
distribution,165,80,240,96,paragraph
(from,247,80,284,96,paragraph
a,290,80,297,96,paragraph
parametrized,303,80,388,96,paragraph
family,395,80,437,96,paragraph
of,443,80,457,96,paragraph
dis-,463,80,488,96,paragraph
Statistical,541,79,593,91,reference
"Association,",598,79,662,91,reference
vol.,666,79,686,91,reference
"69,",691,79,707,91,reference
no.,711,79,728,91,reference
"345,",732,79,755,91,reference
pp.,760,79,776,91,reference
"118–121,",780,79,829,91,reference
1974.,834,79,863,91,reference
[17],511,91,533,103,reference
M.,541,91,556,103,reference
Rabbat,563,91,600,103,reference
and,607,91,626,103,reference
R.,632,91,644,103,reference
"Nowak,",651,91,692,103,reference
“Decentralized,699,91,777,103,reference
source,784,91,818,103,reference
localization,825,91,886,103,reference
and,892,91,911,103,reference
tributions),88,96,155,111,paragraph
closest,159,96,204,111,paragraph
to,207,96,220,111,paragraph
the,224,96,244,111,paragraph
unknown,248,96,308,111,paragraph
distribution,312,96,387,111,paragraph
of,391,96,404,111,paragraph
the,408,96,428,111,paragraph
observa-,432,96,488,111,paragraph
tracking,541,102,584,114,reference
wireless,590,102,632,114,reference
sensor,638,102,671,114,reference
"networks,”",677,102,733,114,reference
in,738,102,749,114,reference
Proceedings,754,102,819,114,reference
of,825,102,835,114,reference
the,840,102,856,114,reference
IEEE,862,102,890,114,reference
In-,896,102,911,114,reference
tions,88,111,119,126,paragraph
and,124,111,148,126,paragraph
it,152,111,162,126,paragraph
needs,166,111,203,126,paragraph
to,208,111,221,126,paragraph
be,226,111,241,126,paragraph
solved,246,111,288,126,paragraph
by,293,111,309,126,paragraph
the,314,111,334,126,paragraph
agents,339,111,380,126,paragraph
interacting,385,111,455,126,paragraph
over,459,111,488,126,paragraph
ternational,541,113,599,125,reference
Conference,604,113,663,125,reference
on,668,113,681,125,reference
"Acoustics,",686,113,739,125,reference
"Speech,",744,113,784,125,reference
and,788,113,808,125,reference
Signal,813,113,846,125,reference
"Processing,",851,113,911,125,reference
a,88,126,95,141,paragraph
sequence,100,126,159,141,paragraph
of,164,126,177,141,paragraph
network,182,126,235,141,paragraph
and,240,126,263,141,paragraph
using,268,126,303,141,paragraph
local,308,126,340,141,paragraph
information,344,126,421,141,paragraph
only.,426,126,458,141,paragraph
The,462,126,488,141,paragraph
vol.,541,124,561,137,reference
"3,",565,124,575,137,reference
"2004,",580,124,609,137,reference
pp.,613,124,630,137,reference
921–924.,634,124,683,137,reference
[18],511,136,533,148,reference
K.,541,136,554,148,reference
Rahnama,560,136,609,148,reference
Rad,615,136,636,148,reference
and,642,136,660,148,reference
A.,666,136,679,148,reference
"Tahbaz-Salehi,",685,136,762,148,reference
“Distributed,768,136,832,148,reference
parameter,838,136,890,148,reference
es-,896,136,911,148,reference
proposed,88,141,147,156,paragraph
algorithm,151,141,214,156,paragraph
also,218,141,244,156,paragraph
guarantees,248,141,318,156,paragraph
that,322,141,346,156,paragraph
after,350,141,380,156,paragraph
a,383,141,391,156,paragraph
ﬁnite,394,141,428,156,paragraph
transient,432,141,488,156,paragraph
timation,541,147,585,159,reference
in,591,147,601,159,reference
"networks,”",608,147,664,159,reference
in,670,147,680,159,reference
Proceedings,687,147,751,159,reference
of,758,147,768,159,reference
the,775,147,791,159,reference
IEEE,797,147,825,159,reference
Conference,832,147,892,159,reference
on,898,147,911,159,reference
"time,",88,156,121,171,paragraph
that,127,156,151,171,paragraph
depends,158,156,211,171,paragraph
on,217,156,233,171,paragraph
the,240,156,259,171,paragraph
network,266,156,319,171,paragraph
"structure,",325,156,386,171,paragraph
all,392,156,408,171,paragraph
agents,415,156,456,171,paragraph
will,462,156,488,171,paragraph
Decision,541,158,587,170,reference
and,592,158,611,170,reference
"Control,",616,158,659,171,reference
"2010,",664,158,693,171,reference
pp.,698,158,714,171,reference
5050–5055.,718,158,780,171,reference
learn,88,171,120,186,paragraph
at,128,171,139,186,paragraph
a,147,171,154,186,paragraph
network,161,171,214,186,paragraph
independent,221,171,301,186,paragraph
rate,308,171,333,186,paragraph
that,340,171,364,186,paragraph
is,372,171,382,186,paragraph
the,390,171,410,186,paragraph
average,417,171,467,186,paragraph
of,474,171,488,186,paragraph
[19],511,170,533,182,reference
M.,541,170,556,182,reference
"Alanyali,",563,170,611,182,reference
S.,618,170,629,182,reference
"Venkatesh,",636,170,693,182,reference
O.,700,170,713,182,reference
"Savas,",720,170,753,182,reference
and,760,170,779,182,reference
S.,786,170,797,182,reference
"Aeron,",804,170,840,182,reference
“Distributed,847,170,911,182,reference
bayesian,541,181,587,193,reference
hypothesis,593,181,649,193,reference
testing,655,181,690,193,reference
in,696,181,706,193,reference
sensor,712,181,746,193,reference
"networks,”",752,181,808,193,reference
in,814,181,824,193,reference
Proceedings,830,181,895,193,reference
of,901,181,911,193,reference
the,88,186,108,201,paragraph
agents,115,186,157,201,paragraph
individual,164,186,230,201,paragraph
learning,237,186,291,201,paragraph
abilities.,298,186,354,201,paragraph
We,361,186,383,201,paragraph
refer,390,186,421,201,paragraph
this,428,186,452,201,paragraph
as,459,186,473,201,paragraph
a,481,186,488,201,paragraph
the,541,192,557,204,reference
American,562,192,612,204,reference
Control,617,192,657,204,reference
"Conference,",661,192,724,205,reference
"2004,",729,192,758,205,reference
pp.,762,192,779,205,reference
5369–5374.,783,192,845,205,reference
“balanced”,88,201,160,216,paragraph
behavior,168,201,224,216,paragraph
since,232,201,265,216,paragraph
all,273,201,289,216,paragraph
agents,296,201,338,216,paragraph
are,345,201,365,216,paragraph
weighted,373,201,432,216,paragraph
equally,440,201,488,216,paragraph
[20],511,204,533,216,reference
V.,541,204,552,216,reference
"Saligrama,",558,204,614,216,reference
M.,620,204,635,216,reference
"Alanyali,",641,204,689,216,reference
and,695,204,714,216,reference
O.,720,204,732,216,reference
"Savas,",738,204,771,216,reference
“Distributed,777,204,841,216,reference
detection,847,204,895,216,reference
in,901,204,911,216,reference
even,88,216,118,231,paragraph
if,124,216,134,231,paragraph
its,141,216,156,231,paragraph
connectivity,163,216,243,231,paragraph
is,250,216,261,231,paragraph
different.,267,216,327,231,paragraph
This,333,216,362,231,paragraph
results,369,216,412,231,paragraph
guarantees,418,216,488,231,paragraph
sensor,541,215,574,227,reference
networks,580,215,628,227,reference
with,633,215,656,227,reference
packet,662,215,696,227,reference
losses,701,215,733,227,reference
and,738,215,757,227,reference
ﬁnite,763,215,789,227,reference
capacity,795,215,838,227,reference
"links,”",844,215,877,227,reference
IEEE,883,215,911,227,reference
Transactions,541,226,608,238,reference
on,614,226,627,238,reference
Signal,632,226,666,238,reference
"Processing,",671,226,732,239,reference
vol.,737,226,757,239,reference
"54,",762,226,779,239,reference
no.,784,226,800,239,reference
"11,",806,226,822,239,reference
pp.,828,226,844,239,reference
"4118–4132,",849,226,911,239,reference
certain,88,231,132,247,paragraph
robustness,140,231,208,247,paragraph
properties,216,231,281,247,paragraph
of,288,231,302,247,paragraph
the,309,231,329,247,paragraph
learning,337,231,390,247,paragraph
process,398,231,447,247,paragraph
since,454,231,488,247,paragraph
2006.,541,238,570,250,reference
faulty,88,247,126,262,paragraph
sensors,130,247,178,262,paragraph
or,182,247,196,262,paragraph
adversarial,200,247,271,262,paragraph
agents,275,247,317,262,paragraph
will,321,247,346,262,paragraph
not,351,247,371,262,paragraph
have,376,247,406,262,paragraph
any,410,247,433,262,paragraph
vantage,438,247,488,262,paragraph
[21],511,249,533,261,reference
Y.,541,249,552,261,reference
"Nesterov,",556,249,605,261,reference
“Primal-dual,610,249,677,261,reference
subgradient,681,249,742,261,reference
methods,746,249,790,261,reference
for,794,249,810,261,reference
convex,814,249,850,261,reference
"problems,”",855,249,911,261,reference
even,88,262,118,277,paragraph
if,124,262,133,277,paragraph
they,139,262,167,277,paragraph
are,173,262,193,277,paragraph
centrally,198,262,255,277,paragraph
located.,261,262,312,277,paragraph
Mathematical,541,260,613,272,reference
"programming,",618,260,692,272,reference
vol.,697,260,716,272,reference
"120,",721,260,744,272,reference
no.,748,260,764,272,reference
"1,",769,260,779,272,reference
pp.,783,260,800,272,reference
"221–259,",804,260,853,272,reference
2009.,857,260,887,272,reference
[22],511,272,533,284,reference
D.,541,272,554,284,reference
"Kempe,",559,272,600,284,reference
A.,605,272,618,284,reference
"Dobra,",623,272,659,284,reference
and,664,272,683,284,reference
J.,688,272,697,284,reference
"Gehrke,",702,272,743,284,reference
“Gossip-based,749,272,825,284,reference
computation,830,272,895,284,reference
of,900,272,911,284,reference
Further,104,278,152,293,paragraph
research,157,278,212,293,paragraph
is,217,278,228,293,paragraph
required,233,278,287,293,paragraph
to,293,278,305,293,paragraph
study,311,278,346,293,paragraph
the,351,278,371,293,paragraph
case,377,278,405,293,paragraph
of,410,278,424,293,paragraph
a,429,278,436,293,paragraph
contin-,442,278,488,293,paragraph
aggregate,541,283,591,295,reference
"information,”",598,283,667,295,reference
in,673,283,683,295,reference
Proceedings,690,283,754,295,reference
of,760,283,770,295,reference
the,776,283,792,295,reference
IEEE,798,283,827,295,reference
Symposium,833,283,892,295,reference
on,898,283,911,295,reference
uum,88,293,117,308,paragraph
set,121,293,139,308,paragraph
of,144,293,158,308,paragraph
hypothesis,162,293,232,308,paragraph
and,237,293,260,308,paragraph
the,265,293,285,308,paragraph
efﬁcient,290,293,342,308,paragraph
transmission,347,293,429,308,paragraph
of,434,293,448,308,paragraph
prob-,452,293,488,308,paragraph
Foundations,541,294,606,306,reference
of,610,294,620,306,reference
Computer,625,294,677,306,reference
"Science,",681,294,725,306,reference
"2003,",729,294,758,306,reference
pp.,763,294,779,306,reference
482–491.,784,294,833,306,reference
ability,88,308,129,323,paragraph
distributions.,135,308,220,323,paragraph
Connections,226,308,308,323,paragraph
of,314,308,327,323,paragraph
the,333,308,353,323,paragraph
proposed,359,308,419,323,paragraph
algorithm,424,308,488,323,paragraph
[23],511,306,533,318,reference
F.,541,306,551,318,reference
"Be´ne´zit,",559,306,602,318,reference
V.,610,306,621,318,reference
"Blondel,",629,306,673,318,reference
P.,681,306,690,318,reference
"Thiran,",698,306,736,318,reference
J.,744,306,753,318,reference
"Tsitsiklis,",761,306,812,318,reference
and,820,306,839,318,reference
M.,847,306,862,318,reference
"Vetterli,",870,306,911,318,reference
“Weighted,541,317,596,329,reference
gossip:,601,317,638,329,reference
Distributed,643,317,701,329,reference
averaging,706,317,757,329,reference
using,762,317,790,329,reference
non-doubly,795,317,855,329,reference
stochastic,860,317,911,329,reference
and,88,323,111,338,paragraph
distributed,119,323,188,338,paragraph
balancing,195,323,259,338,paragraph
of,266,323,280,338,paragraph
matrices,287,323,342,338,paragraph
need,350,323,381,338,paragraph
to,388,323,401,338,paragraph
be,408,323,424,338,paragraph
explored,431,323,488,338,paragraph
"matrices,”",541,328,593,340,reference
in,599,328,609,340,reference
Proceedings,615,328,680,340,reference
of,686,328,696,340,reference
the,702,328,718,340,reference
IEEE,724,328,752,340,reference
International,758,328,827,340,reference
Symposium,833,328,892,340,reference
on,898,328,911,340,reference
as,88,338,101,353,paragraph
well.,107,338,139,353,paragraph
"Furthermore,",145,338,231,353,paragraph
the,237,338,257,353,paragraph
characterization,263,338,367,353,paragraph
of,373,338,386,353,paragraph
the,392,338,412,353,paragraph
distributed,418,338,488,353,paragraph
Information,541,339,603,351,reference
"Theory,",608,339,648,352,reference
"2010,",653,340,682,352,reference
pp.,686,340,703,352,reference
1753–1757.,707,340,769,352,reference
non-Bayesian,88,353,177,369,paragraph
update,185,353,228,369,paragraph
rules,236,353,267,369,paragraph
as,275,353,288,369,paragraph
the,296,353,316,369,paragraph
solution,323,353,376,369,paragraph
of,383,353,397,369,paragraph
well,404,353,432,369,paragraph
deﬁned,440,353,488,369,paragraph
[24],511,351,533,363,reference
K.,541,351,554,363,reference
I.,559,351,567,363,reference
"Tsianos,",573,351,616,363,reference
S.,622,351,633,363,reference
"Lawlor,",638,351,678,363,reference
and,684,351,703,363,reference
M.,708,351,723,363,reference
G.,729,351,742,363,reference
"Rabbat,",747,351,787,363,reference
“Push-sum,793,351,850,363,reference
distributed,856,351,911,363,reference
dual,541,362,564,374,reference
averaging,568,362,619,374,reference
for,624,362,639,374,reference
convex,644,362,680,374,reference
"optimization,”",685,362,759,374,reference
in,764,362,774,374,reference
Proceedings,778,362,843,374,reference
of,848,362,858,374,reference
the,862,362,878,374,reference
IEEE,883,362,911,374,reference
optimization,88,368,170,384,paragraph
procedure,174,368,240,384,paragraph
generates,244,368,305,384,paragraph
a,310,368,317,384,paragraph
plethora,322,368,375,384,paragraph
of,379,368,393,384,paragraph
approaches,397,368,471,384,paragraph
to,475,368,488,384,paragraph
Conference,541,373,601,385,reference
on,605,373,618,385,reference
Decision,623,373,669,385,reference
and,674,373,693,385,reference
"Control,",698,373,741,386,reference
"2012,",745,374,775,386,reference
pp.,779,374,796,386,reference
5453–5458.,800,374,862,386,reference
efﬁciently,88,384,153,399,paragraph
solve,159,384,193,399,paragraph
the,199,384,219,399,paragraph
estimation,224,384,292,399,paragraph
problem,298,384,352,399,paragraph
in,358,384,371,399,paragraph
many,376,384,412,399,paragraph
scenarios.,418,384,483,399,paragraph
[25],511,385,533,397,reference
A.,541,385,554,397,reference
Nedic´,561,385,592,397,reference
and,599,385,618,397,reference
A.,625,385,638,397,reference
"Olshevsky,",645,385,702,397,reference
“Distributed,709,385,773,397,reference
optimization,781,385,847,397,reference
over,854,385,877,397,reference
time-,884,385,911,397,reference
REFERENCES,242,400,333,415,reference
varying,541,396,581,408,reference
directed,586,396,628,408,reference
"graphs,”",634,396,677,408,reference
IEEE,683,396,711,408,reference
Transactions,717,396,784,408,reference
on,790,396,803,408,reference
Automatic,809,396,862,408,reference
"Control,",868,396,911,408,reference
vol.,541,408,561,420,reference
"60,",565,408,582,420,reference
no.,586,408,602,420,reference
"3,",607,408,617,420,reference
pp.,621,408,638,420,reference
"601–615,",642,408,691,420,reference
2015.,696,408,725,420,reference
[26],511,419,533,431,reference
F.,541,419,551,431,reference
"Iutzeler,",558,419,601,431,reference
P.,608,419,617,431,reference
"Ciblat,",625,419,660,431,reference
and,667,419,686,431,reference
W.,693,419,708,431,reference
"Hachem,",715,419,762,431,reference
“Analysis,769,419,820,431,reference
of,827,419,838,431,reference
sum-weight-,845,419,911,431,reference
[1],94,428,109,440,reference
A.,118,428,130,440,reference
"Jadbabaie,",136,428,190,440,reference
P.,196,428,205,440,reference
"Molavi,",210,428,251,440,reference
A.,256,428,269,440,reference
"Sandroni,",274,428,325,440,reference
and,330,428,349,440,reference
A.,354,428,367,440,reference
"Tahbaz-Salehi,",372,428,450,440,reference
“Non-,455,428,488,440,reference
like,541,430,561,442,reference
algorithms,568,430,624,442,reference
for,631,430,646,442,reference
averaging,654,430,704,442,reference
in,712,430,722,442,reference
wireless,729,430,772,442,reference
sensor,779,430,813,442,reference
"networks,”",820,430,876,442,reference
IEEE,883,430,911,442,reference
bayesian,118,440,163,452,reference
social,169,440,200,452,reference
"learning,”",206,440,257,452,reference
Games,263,440,299,452,reference
and,305,440,324,452,reference
Economic,330,440,383,452,reference
"Behavior,",389,440,440,452,reference
vol.,446,440,465,452,reference
"76,",471,440,488,452,reference
Transactions,541,441,608,453,reference
on,614,441,627,453,reference
Signal,632,441,666,453,reference
"Processing,",671,441,732,454,reference
vol.,737,441,757,454,reference
"61,",762,441,779,454,reference
no.,784,441,800,454,reference
"11,",806,441,822,454,reference
pp.,828,441,844,454,reference
"2802–2814,",849,441,911,454,reference
no.,118,451,134,463,reference
"1,",138,451,148,463,reference
pp.,153,451,169,463,reference
"210–225,",174,451,222,463,reference
2012.,227,451,256,463,reference
2013.,541,453,570,465,reference
[2],94,463,109,475,reference
S.,118,463,128,475,reference
Shahrampour,132,463,202,475,reference
and,206,463,225,475,reference
A.,229,463,241,475,reference
"Jadbabaie,",245,463,300,475,reference
“Exponentially,304,463,383,475,reference
fast,387,463,405,475,reference
parameter,409,463,461,475,reference
esti-,465,463,488,475,reference
[27],511,464,533,476,reference
M.,541,464,556,476,reference
G.,562,464,575,476,reference
"Rabbat,",581,464,621,476,reference
K.,628,464,640,476,reference
Tsianos,647,464,687,476,reference
et,693,464,703,476,reference
"al.,",709,464,726,476,reference
“Asynchronous,732,464,812,476,reference
decentralized,818,464,888,476,reference
op-,894,464,911,476,reference
mation,118,474,154,486,reference
in,158,474,168,486,reference
networks,172,474,219,486,reference
using,223,474,251,486,reference
distributed,255,474,311,486,reference
dual,314,474,337,486,reference
"averagingy,”",341,474,405,486,reference
in,409,474,419,486,reference
Proceedings,423,474,488,486,reference
timization,541,475,594,488,reference
in,601,475,611,488,reference
heterogeneous,617,475,693,488,reference
"systems,”",699,475,749,488,reference
in,755,475,766,488,reference
Proceedings,772,475,837,487,reference
of,844,475,854,487,reference
the,860,475,876,487,reference
IEEE,883,475,911,487,reference
of,118,485,128,497,reference
the,133,485,149,497,reference
IEEE,155,485,183,497,reference
Conference,189,485,248,497,reference
on,254,485,267,497,reference
Decision,272,485,319,497,reference
and,324,485,344,497,reference
"Control,",350,485,393,498,reference
"2013,",398,486,428,498,reference
pp.,433,486,450,498,reference
6196–,455,486,488,498,reference
Conference,541,487,601,499,reference
on,605,487,618,499,reference
Decision,623,487,669,499,reference
and,674,487,693,499,reference
"Control,",698,487,741,499,reference
"2014,",745,487,775,499,reference
pp.,779,487,796,499,reference
1125–1130.,800,487,862,499,reference
6201.,118,497,147,509,reference
[28],511,498,533,510,reference
B.,541,498,553,510,reference
Gerencse´r,560,498,613,510,reference
and,620,498,639,510,reference
J.,646,498,654,510,reference
M.,661,498,676,510,reference
"Hendrickx,",683,498,741,510,reference
“Push,748,498,779,510,reference
sum,786,498,808,510,reference
with,815,498,838,510,reference
transmission,845,498,911,510,reference
[3],94,509,109,521,reference
S.,118,509,128,521,reference
"Shahrampour,",134,509,207,521,reference
A.,213,509,226,521,reference
"Rakhlin,",231,509,276,521,reference
and,282,509,301,521,reference
A.,307,509,319,521,reference
"Jadbabaie,",325,509,380,521,reference
“Distributed,386,509,450,521,reference
detec-,456,509,488,521,reference
"failures,”",541,509,588,522,reference
preprint,593,509,635,521,reference
"arXiv:1504.08193,",639,509,738,522,reference
2015.,742,509,772,522,reference
tion:,118,520,141,532,reference
Finite-time,147,520,205,532,reference
analysis,210,520,252,532,reference
and,257,520,276,532,reference
impact,282,520,317,532,reference
of,322,520,333,532,reference
network,339,520,381,532,reference
"topology,”",387,520,440,532,reference
preprint,446,520,488,532,reference
[29],511,521,533,533,reference
C.,541,521,553,533,reference
"McDiarmid,",558,521,622,533,reference
“On,627,521,649,533,reference
the,654,521,670,533,reference
method,675,521,714,533,reference
of,719,521,730,533,reference
bounded,735,521,780,533,reference
"differences,”",785,521,851,533,reference
Surveys,856,521,896,533,reference
in,901,521,911,533,reference
"arXiv:1409.8606,",118,531,209,544,reference
2014.,214,532,243,544,reference
"combinatorics,",541,532,619,544,reference
vol.,623,532,643,544,reference
"141,",648,532,670,544,reference
no.,675,532,691,544,reference
"1,",696,532,706,544,reference
pp.,710,532,726,544,reference
"148–188,",731,532,780,544,reference
1989.,784,532,814,544,reference
[4],94,544,109,556,reference
A.,118,544,130,556,reference
"Lalitha,",134,544,174,556,reference
T.,179,544,189,556,reference
"Javidi,",193,544,227,556,reference
and,231,544,250,556,reference
A.,254,544,267,556,reference
"Sarwate,",271,544,316,556,reference
“Social,320,544,358,556,reference
learning,363,544,405,556,reference
and,409,544,428,556,reference
distributed,432,544,488,556,reference
hypothesis,118,555,173,567,reference
"testing,”",178,555,221,567,reference
preprint,225,555,267,567,reference
"arXiv:1410.4307,",272,555,364,567,reference
2015.,368,555,398,567,reference
[5],94,567,109,579,reference
A.,118,567,130,579,reference
"Nedic´,",133,567,168,579,reference
A.,171,567,183,579,reference
"Olshevsky,",186,567,243,579,reference
and,246,567,265,579,reference
C.,268,567,280,579,reference
A.,283,567,296,579,reference
"Uribe,",299,567,332,579,reference
“Nonasymptotic,335,567,420,579,reference
convergence,423,567,488,579,reference
rates,118,578,142,590,reference
for,148,578,163,590,reference
cooperative,168,578,228,590,reference
learning,234,578,276,590,reference
over,282,578,304,590,reference
time-varying,310,578,377,590,reference
directed,382,578,424,590,reference
"graphs,”",429,578,472,590,reference
in,478,578,488,590,reference
Proceedings,118,589,182,601,reference
of,188,589,198,601,reference
the,204,589,220,601,reference
American,226,589,277,601,reference
Control,283,589,323,601,reference
"Conference,",329,589,392,602,reference
"2015,",398,589,427,602,reference
pp.,433,589,449,602,reference
5884–,455,589,488,602,reference
5889.,118,601,147,613,reference
[6],94,613,109,625,reference
"——,",118,613,147,625,reference
“Fast,152,613,179,625,reference
convergence,184,613,249,625,reference
rates,253,613,278,625,reference
for,283,613,298,625,reference
distributed,303,613,358,625,reference
non-bayesian,363,613,432,625,reference
"learning,”",437,613,488,625,reference
preprint,118,624,160,636,reference
"arXiv:1508.05161,",164,624,263,636,reference
Aug.,267,624,293,636,reference
2015.,298,624,327,636,reference
[7],94,636,109,648,reference
S.,118,636,128,648,reference
"Shahrampour,",131,636,204,648,reference
M.,207,636,222,648,reference
"Rahimian,",225,636,279,648,reference
and,283,636,301,648,reference
A.,305,636,317,648,reference
"Jadbabaie,",321,636,375,648,reference
“Switching,378,636,437,648,reference
to,440,636,450,648,reference
"learn,”",454,636,488,648,reference
in,118,647,128,660,reference
Proceedings,132,647,196,659,reference
of,201,647,211,659,reference
the,215,647,231,659,reference
American,235,647,286,659,reference
Control,290,647,330,659,reference
"Conference,",334,647,397,660,reference
"2015,",401,647,430,660,reference
pp.,435,647,451,660,reference
2918–,455,647,488,660,reference
2923.,118,659,147,671,reference
[8],94,671,109,683,reference
M.,118,671,132,683,reference
A.,141,671,153,683,reference
"Rahimian,",162,671,216,683,reference
S.,224,671,234,683,reference
"Shahrampour,",243,671,316,683,reference
and,324,671,343,683,reference
A.,351,671,364,683,reference
"Jadbabaie,",372,671,427,683,reference
“Learning,435,671,488,683,reference
without,118,682,157,694,reference
recall,167,682,196,694,reference
by,206,682,219,694,reference
random,229,682,268,694,reference
walks,278,682,309,694,reference
on,318,682,331,694,reference
directed,341,682,383,694,reference
"graphs,”",393,682,436,694,reference
preprint,446,682,488,694,reference
"arXiv:1509.04332,",118,693,216,706,reference
2015.,221,693,250,706,reference
[9],94,705,109,718,reference
A.,118,705,130,718,reference
"Tahbaz-Salehi,",136,705,214,718,reference
A.,220,705,232,718,reference
"Sandroni,",239,705,289,718,reference
and,295,705,314,718,reference
A.,320,705,332,718,reference
"Jadbabaie,",339,705,393,718,reference
“Learning,399,705,452,718,reference
under,458,705,488,718,reference
social,118,717,148,729,reference
"inﬂuence,”",152,717,208,729,reference
in,212,717,222,729,reference
Proceedings,226,717,291,729,reference
of,295,717,305,729,reference
the,309,717,325,729,reference
IEEE,329,717,357,729,reference
Conference,361,717,420,729,reference
on,424,717,437,729,reference
Decision,441,717,488,729,reference
and,118,728,137,740,reference
"Control,",142,728,185,740,reference
"2009,",189,728,219,740,reference
pp.,223,728,240,740,reference
1513–1519.,244,728,306,740,reference
[10],88,740,109,752,reference
B.,118,740,130,752,reference
Golub,136,740,169,752,reference
and,176,740,194,752,reference
M.,201,740,216,752,reference
O.,223,740,235,752,reference
"Jackson,",242,740,287,752,reference
“Naive,293,740,330,752,reference
learning,337,740,379,752,reference
in,386,740,396,752,reference
social,403,740,433,752,reference
networks,440,740,488,752,reference
and,118,751,136,763,reference
the,143,751,158,763,reference
wisdom,165,751,206,763,reference
of,212,751,223,763,reference
"crowds,”",229,751,274,763,reference
American,281,751,331,763,reference
Economic,337,751,390,763,reference
Journal:,396,751,440,763,reference
Microe-,446,751,488,763,reference
"conomics,",118,763,170,775,reference
pp.,175,763,191,775,reference
"112–149,",195,763,244,775,reference
2010.,249,763,278,775,reference
[11],88,775,109,787,reference
D.,118,775,130,787,reference
"Acemoglu,",135,775,193,787,reference
A.,198,775,211,787,reference
"Nedic´,",216,775,250,787,reference
and,256,775,274,787,reference
A.,280,775,292,787,reference
"Ozdaglar,",297,775,348,787,reference
“Convergence,353,775,427,787,reference
of,432,775,443,787,reference
rule-of-,448,775,488,787,reference
thumb,118,786,151,798,reference
learning,155,786,198,798,reference
rules,202,786,228,798,reference
in,232,786,242,798,reference
social,246,786,277,798,reference
"networks,”",281,786,337,798,reference
in,341,786,351,798,reference
Proceedings,356,786,420,798,reference
of,425,786,435,798,reference
the,439,786,455,798,reference
IEEE,460,786,488,798,reference
Conference,118,797,177,809,reference
on,182,797,195,809,reference
Decision,199,797,246,809,reference
and,250,797,270,809,reference
"Control,",274,797,317,809,reference
"2008,",322,797,351,809,reference
pp.,356,797,372,809,reference
1714–1720.,377,797,439,809,reference
[12],88,809,109,821,reference
D.,118,809,130,821,reference
"Acemoglu,",136,809,193,821,reference
M.,199,809,214,821,reference
A.,219,809,232,821,reference
"Dahleh,",237,809,278,821,reference
I.,284,809,291,821,reference
"Lobel,",297,809,330,821,reference
and,336,809,355,821,reference
A.,360,809,373,821,reference
"Ozdaglar,",378,809,429,821,reference
“Bayesian,434,809,488,821,reference
learning,118,821,160,833,reference
in,164,821,174,833,reference
social,177,821,208,833,reference
"networks,”",211,821,267,833,reference
The,271,820,290,833,reference
Review,294,820,331,833,reference
of,335,820,345,833,reference
Economic,348,820,400,833,reference
"Studies,",404,820,445,833,reference
vol.,448,821,468,833,reference
"78,",471,821,488,833,reference
no.,118,832,134,844,reference
"4,",138,832,148,844,reference
pp.,153,832,169,844,reference
"1201–1236,",174,832,235,844,reference
2011.,240,832,269,844,reference
[13],88,844,109,856,reference
D.,118,844,130,856,reference
Gale,135,844,159,856,reference
and,163,844,182,856,reference
S.,187,844,197,856,reference
"Kariv,",201,844,233,856,reference
“Bayesian,237,844,291,856,reference
learning,295,844,338,856,reference
in,342,844,352,856,reference
social,357,844,387,856,reference
"networks,”",392,844,447,856,reference
Games,452,844,488,856,reference
and,118,855,137,867,reference
Economic,142,855,194,867,reference
"Behavior,",198,855,249,867,reference
vol.,254,855,273,867,reference
"45,",278,855,294,867,reference
no.,299,855,315,867,reference
"2,",320,855,329,867,reference
pp.,334,855,350,867,reference
"329–346,",355,855,404,867,reference
2003.,408,855,438,867,reference
[14],88,867,109,879,reference
E.,118,867,129,879,reference
"Mossel,",134,867,175,879,reference
A.,179,867,192,879,reference
"Sly,",197,867,217,879,reference
and,222,867,241,879,reference
O.,245,867,258,879,reference
"Tamuz,",263,867,301,879,reference
“Asymptotic,306,867,372,879,reference
learning,377,867,419,879,reference
on,424,867,437,879,reference
bayesian,442,867,488,879,reference
social,118,879,148,891,reference
"networks,”",152,879,208,891,reference
Probability,212,878,270,890,reference
Theory,274,878,311,890,reference
and,315,878,334,890,reference
Related,338,878,378,890,reference
"Fields,",382,878,417,891,reference
vol.,421,879,441,891,reference
"158,",445,879,468,891,reference
no.,471,879,488,891,reference
"1-2,",118,890,138,902,reference
pp.,143,890,159,902,reference
"127–157,",164,890,212,902,reference
2014.,217,890,246,902,reference
[15],88,902,109,914,reference
"——,",118,902,147,914,reference
“Strategic,155,902,207,914,reference
learning,216,902,259,914,reference
and,267,902,286,914,reference
the,294,902,310,914,reference
topology,319,902,365,914,reference
of,374,902,385,914,reference
social,393,902,423,914,reference
"networks,”",432,902,488,914,reference
preprint,118,913,160,925,reference
"arXiv:1209.5527,",164,913,256,925,reference
2015.,261,913,290,925,reference
