token,x0,y0,x1,y1,label
5,875,36,882,48,paragraph
set,117,81,139,99,paragraph
of,145,81,162,99,paragraph
individuals,168,81,254,99,paragraph
predicted,261,81,334,99,paragraph
to,340,81,355,99,paragraph
be,362,81,380,99,paragraph
at,387,81,401,99,paragraph
risk,407,81,436,99,paragraph
according,443,81,520,99,paragraph
to,526,81,542,99,paragraph
a,548,81,557,99,paragraph
given,563,81,606,99,paragraph
spreading,612,81,688,99,paragraph
model,695,81,744,99,paragraph
"(e.g.,",750,81,790,99,paragraph
friendship),796,81,882,99,paragraph
approximates,117,107,222,125,paragraph
the,229,107,253,125,paragraph
set,260,107,282,125,paragraph
of,289,107,305,125,paragraph
individuals,312,107,399,125,paragraph
at,406,107,420,125,paragraph
risk,427,107,456,125,paragraph
according,463,107,540,125,paragraph
to,547,107,563,125,paragraph
a,570,107,578,125,paragraph
diﬀerent,585,107,651,125,paragraph
underlying,658,107,743,125,paragraph
spreading,750,107,826,125,paragraph
model,833,107,882,125,paragraph
"(e.g.,",117,133,157,152,paragraph
physical,165,133,230,152,paragraph
encounter).,239,133,327,152,paragraph
Given,335,133,382,152,paragraph
a,391,133,399,152,paragraph
target,408,133,452,152,paragraph
infection,460,133,530,152,paragraph
size,538,133,569,152,paragraph
and,577,133,605,152,paragraph
a,614,133,622,152,paragraph
seed,631,133,666,152,paragraph
present,674,133,730,152,paragraph
in,739,133,754,152,paragraph
both,762,133,797,152,paragraph
"networks,",806,133,882,152,paragraph
we,117,160,140,178,paragraph
separately,148,160,227,178,paragraph
simulate,235,160,301,178,paragraph
infections,309,160,387,178,paragraph
starting,395,160,453,178,paragraph
at,461,160,475,178,paragraph
that,483,160,513,178,paragraph
seed,521,160,555,178,paragraph
in,564,160,579,178,paragraph
both,587,160,622,178,paragraph
networks,630,160,701,178,paragraph
and,709,160,737,178,paragraph
compare,745,160,813,178,paragraph
the,821,160,845,178,paragraph
sets,853,160,882,178,paragraph
of,117,186,133,204,paragraph
infected,140,186,203,204,paragraph
nodes.,210,186,260,204,paragraph
The,267,186,298,204,paragraph
proposed,305,186,376,204,paragraph
measures,383,186,456,204,paragraph
allows,463,186,513,204,paragraph
disentangling,520,186,625,204,paragraph
between,632,186,697,204,paragraph
the,704,186,728,204,paragraph
randomness,735,186,828,204,paragraph
of,835,186,851,204,paragraph
the,858,186,882,204,paragraph
infection,117,212,187,230,paragraph
process,194,212,253,230,paragraph
and,261,212,289,230,paragraph
the,297,212,321,230,paragraph
eﬀect,329,212,372,230,paragraph
of,379,212,396,230,paragraph
the,404,212,427,230,paragraph
structural,435,212,509,230,paragraph
diﬀerences,517,212,602,230,paragraph
between,610,212,675,230,paragraph
the,683,212,707,230,paragraph
networks.,715,212,791,230,paragraph
Given,799,212,846,230,paragraph
this,854,212,882,230,paragraph
"measure,",117,238,187,257,paragraph
we,195,238,218,257,paragraph
show,226,238,266,257,paragraph
that,274,238,304,257,paragraph
despite,311,238,367,257,paragraph
friendship,375,238,454,257,paragraph
networks,462,238,533,257,paragraph
produce,541,238,604,257,paragraph
similar,612,238,666,257,paragraph
epidemic,674,238,745,257,paragraph
dynamics,753,238,828,257,paragraph
at,836,238,850,257,paragraph
the,858,238,882,257,paragraph
macro,117,265,166,283,paragraph
"level,",172,265,214,283,paragraph
friendship,220,265,300,283,paragraph
provides,306,265,373,283,paragraph
a,379,265,387,283,paragraph
poor,394,265,429,283,paragraph
identiﬁcation,435,265,539,283,paragraph
of,545,265,561,283,paragraph
the,567,265,591,283,paragraph
individuals,597,265,683,283,paragraph
at,690,265,704,283,paragraph
risk,710,265,739,283,paragraph
if,745,265,757,283,paragraph
the,763,265,787,283,paragraph
infection,793,265,863,283,paragraph
is,869,265,882,283,paragraph
driven,117,291,166,309,paragraph
by,173,291,192,309,paragraph
physical,199,291,264,309,paragraph
encounter.,270,291,351,309,paragraph
That,358,291,394,309,paragraph
"is,",400,291,418,309,paragraph
the,425,291,448,309,paragraph
sets,455,291,484,309,paragraph
of,491,291,507,309,paragraph
individuals,514,291,600,309,paragraph
infected,606,291,669,309,paragraph
on,676,291,695,309,paragraph
the,702,291,726,309,paragraph
friendship,732,291,812,309,paragraph
network,818,291,882,309,paragraph
are,117,317,141,335,paragraph
in,147,317,162,335,paragraph
general,168,317,226,335,paragraph
very,232,317,266,335,paragraph
diﬀerent,272,317,338,335,paragraph
from,344,317,382,335,paragraph
the,388,317,412,335,paragraph
corresponding,418,317,530,335,paragraph
ones,536,317,572,335,paragraph
on,578,317,598,335,paragraph
the,604,317,628,335,paragraph
encounter,634,317,711,335,paragraph
network.,717,317,785,335,paragraph
This,792,317,826,335,paragraph
is,832,317,845,335,paragraph
true,851,317,882,335,paragraph
even,117,344,153,362,paragraph
after,161,344,197,362,paragraph
controlling,205,344,291,362,paragraph
for,299,344,322,362,paragraph
the,330,344,353,362,paragraph
fact,361,344,391,362,paragraph
that,399,344,428,362,paragraph
certain,436,344,489,362,paragraph
individuals,497,344,583,362,paragraph
might,591,344,637,362,paragraph
be,645,344,663,362,paragraph
connected,671,344,751,362,paragraph
in,759,344,774,362,paragraph
one,782,344,810,362,paragraph
network,818,344,882,362,paragraph
and,117,370,145,388,paragraph
not,153,370,178,388,paragraph
in,185,370,201,388,paragraph
the,208,370,232,388,paragraph
other.,240,370,284,388,paragraph
Our,291,370,321,388,paragraph
analyses,329,370,395,388,paragraph
suggest,403,370,461,388,paragraph
that,469,370,498,388,paragraph
such,506,370,542,388,paragraph
diﬀerence,549,370,627,388,paragraph
is,635,370,648,388,paragraph
primarily,655,370,728,388,paragraph
determined,735,370,823,388,paragraph
by,831,370,850,388,paragraph
the,858,370,882,388,paragraph
structural,117,396,191,414,paragraph
diﬀerences,196,396,281,414,paragraph
of,287,396,303,414,paragraph
the,308,396,332,414,paragraph
two,337,396,366,414,paragraph
"networks,",371,396,447,414,paragraph
and,452,396,481,414,paragraph
due,486,396,514,414,paragraph
only,519,396,554,414,paragraph
in,559,396,574,414,paragraph
part,579,396,609,414,paragraph
to,615,396,630,414,paragraph
the,635,396,659,414,paragraph
randomness,664,396,757,414,paragraph
of,762,396,778,414,paragraph
the,783,396,807,414,paragraph
infection,812,396,882,414,paragraph
process.,117,422,181,441,paragraph
Despite,190,422,249,441,paragraph
the,258,422,282,441,paragraph
randomness,291,422,385,441,paragraph
of,394,422,410,441,paragraph
the,419,422,443,441,paragraph
infection,452,422,521,441,paragraph
increases,530,422,602,441,paragraph
the,611,422,635,441,paragraph
unpredictability,644,422,768,441,paragraph
of,777,422,793,441,paragraph
the,802,422,826,441,paragraph
set,835,422,857,441,paragraph
of,866,422,882,441,paragraph
infected,117,449,180,467,paragraph
individuals,189,449,276,467,paragraph
(between,285,449,357,467,paragraph
independent,366,449,462,467,paragraph
processes,471,449,546,467,paragraph
initiated,555,449,620,467,paragraph
at,629,449,643,467,paragraph
the,652,449,676,467,paragraph
same,686,449,726,467,paragraph
seed,735,449,770,467,paragraph
on,779,449,799,467,paragraph
the,808,449,832,467,paragraph
same,842,449,882,467,paragraph
"network),",117,475,192,493,paragraph
topological,202,475,290,493,paragraph
characteristics,299,475,410,493,paragraph
amplify,420,475,480,493,paragraph
such,490,475,526,493,paragraph
unpredictability,535,475,658,493,paragraph
when,668,475,710,493,paragraph
considering,719,475,810,493,paragraph
the,820,475,844,493,paragraph
two,853,475,882,493,paragraph
diﬀerent,117,501,183,519,paragraph
networks.,190,501,267,519,paragraph
In,274,501,290,519,paragraph
"addition,",298,501,366,519,paragraph
our,374,501,400,519,paragraph
results,407,501,458,519,paragraph
are,465,501,489,519,paragraph
not,497,501,522,519,paragraph
driven,529,501,578,519,paragraph
by,585,501,605,519,paragraph
the,612,501,636,519,paragraph
static,643,501,684,519,paragraph
nature,692,501,741,519,paragraph
of,748,501,764,519,paragraph
the,771,501,795,519,paragraph
friendship,803,501,882,519,paragraph
network,117,527,181,546,paragraph
as,188,527,204,546,paragraph
opposed,211,527,276,546,paragraph
to,283,527,299,546,paragraph
the,306,527,330,546,paragraph
time-varying,337,527,437,546,paragraph
nature,444,527,493,546,paragraph
of,500,527,516,546,paragraph
the,523,527,547,546,paragraph
encounter,554,527,631,546,paragraph
"network,",638,527,707,546,paragraph
as,714,527,730,546,paragraph
a,737,527,746,546,paragraph
static,753,527,794,546,paragraph
version,801,527,859,546,paragraph
of,866,527,882,546,paragraph
the,117,554,141,572,paragraph
encounter,149,554,226,572,paragraph
network,234,554,298,572,paragraph
provides,306,554,373,572,paragraph
more,381,554,422,572,paragraph
accurate,430,554,495,572,paragraph
prediction,503,554,582,572,paragraph
of,590,554,606,572,paragraph
risk,615,554,644,572,paragraph
than,652,554,686,572,paragraph
the,694,554,718,572,paragraph
friendship,726,554,805,572,paragraph
network.,813,554,882,572,paragraph
"Also,",117,580,159,598,paragraph
similar,166,580,220,598,paragraph
conclusions,228,580,320,598,paragraph
hold,327,580,362,598,paragraph
if,369,580,381,598,paragraph
we,388,580,411,598,paragraph
compare,418,580,485,598,paragraph
the,492,580,516,598,paragraph
encounter,524,580,601,598,paragraph
network,608,580,672,598,paragraph
to,679,580,694,598,paragraph
a,701,580,710,598,paragraph
time-varying,717,580,817,598,paragraph
version,825,580,882,598,paragraph
of,117,606,133,624,paragraph
the,141,606,164,624,paragraph
friendship,171,606,251,624,paragraph
network.,258,606,327,624,paragraph
The,334,606,364,624,paragraph
limits,371,606,416,624,paragraph
of,423,606,439,624,paragraph
the,446,606,470,624,paragraph
friendship,477,606,556,624,paragraph
network,563,606,627,624,paragraph
in,634,606,649,624,paragraph
predicting,657,606,736,624,paragraph
epidemic,743,606,814,624,paragraph
risk,822,606,851,624,paragraph
are,858,606,882,624,paragraph
not,117,632,142,651,paragraph
simply,149,632,202,651,paragraph
due,209,632,237,651,paragraph
to,244,632,259,651,paragraph
the,266,632,290,651,paragraph
time,297,632,332,651,paragraph
ordering,338,632,405,651,paragraph
of,411,632,428,651,paragraph
the,434,632,458,651,paragraph
inﬂuence,465,632,537,651,paragraph
sets,544,632,573,651,paragraph
determined,580,632,668,651,paragraph
by,674,632,694,651,paragraph
physical,701,632,766,651,paragraph
encounter.,773,632,854,651,paragraph
Despite,137,659,196,677,paragraph
the,201,659,225,677,paragraph
limits,229,659,274,677,paragraph
highlighted,278,659,367,677,paragraph
by,372,659,391,677,paragraph
our,396,659,422,677,paragraph
"analyses,",427,659,498,677,paragraph
we,502,659,525,677,paragraph
show,529,659,570,677,paragraph
that,575,659,604,677,paragraph
periodical,609,659,687,677,paragraph
and,691,659,719,677,paragraph
relatively,724,659,797,677,paragraph
infrequent,802,659,882,677,paragraph
monitoring,117,685,204,703,paragraph
of,209,685,225,703,paragraph
the,230,685,254,703,paragraph
real,259,685,288,703,paragraph
infection,293,685,363,703,paragraph
on,367,685,387,703,paragraph
the,392,685,416,703,paragraph
encounter,421,685,498,703,paragraph
network,503,685,566,703,paragraph
allows,571,685,622,703,paragraph
to,627,685,642,703,paragraph
correct,647,685,701,703,paragraph
the,706,685,730,703,paragraph
predicted,735,685,808,703,paragraph
infection,812,685,882,703,paragraph
on,117,711,137,729,paragraph
the,144,711,168,729,paragraph
friendship,176,711,255,729,paragraph
network,262,711,326,729,paragraph
and,334,711,362,729,paragraph
to,369,711,384,729,paragraph
achieve,392,711,451,729,paragraph
satisfactory,458,711,548,729,paragraph
prediction,556,711,635,729,paragraph
accuracy.,642,711,715,729,paragraph
This,723,711,757,729,paragraph
corresponds,765,711,859,729,paragraph
to,867,711,882,729,paragraph
a,117,738,126,756,paragraph
less,133,738,163,756,paragraph
extreme,170,738,232,756,paragraph
scenario,240,738,305,756,paragraph
in,312,738,328,756,paragraph
which,335,738,383,756,paragraph
the,390,738,414,756,paragraph
researcher,421,738,502,756,paragraph
has,509,738,535,756,paragraph
still,542,738,572,756,paragraph
knowledge,579,738,664,756,paragraph
of,672,738,688,756,paragraph
the,695,738,719,756,paragraph
friendship,727,738,806,756,paragraph
"network,",813,738,882,756,paragraph
"but,",117,764,147,782,paragraph
in,154,764,169,782,paragraph
"addition,",176,764,245,782,paragraph
is,252,764,265,782,paragraph
able,272,764,304,782,paragraph
to,311,764,326,782,paragraph
monitor,333,764,395,782,paragraph
the,402,764,426,782,paragraph
infected,433,764,496,782,paragraph
population,503,764,586,782,paragraph
(on,593,764,619,782,paragraph
the,626,764,650,782,paragraph
encounter,657,764,734,782,paragraph
network),741,764,811,782,paragraph
at,818,764,832,782,paragraph
given,839,764,882,782,paragraph
times.,117,790,164,808,paragraph
In,170,790,186,808,paragraph
"particular,",192,790,271,808,paragraph
we,276,790,299,808,paragraph
compare,304,790,372,808,paragraph
the,377,790,401,808,paragraph
sets,407,790,436,808,paragraph
of,441,790,458,808,paragraph
infected,463,790,526,808,paragraph
individuals,532,790,618,808,paragraph
on,624,790,643,808,paragraph
the,649,790,672,808,paragraph
two,678,790,707,808,paragraph
networks,713,790,784,808,paragraph
right,790,790,826,808,paragraph
before,832,790,882,808,paragraph
each,117,816,153,835,paragraph
correction,161,816,240,835,paragraph
and,249,816,277,835,paragraph
show,285,816,326,835,paragraph
that,334,816,363,835,paragraph
a,372,816,380,835,paragraph
good,389,816,428,835,paragraph
level,436,816,473,835,paragraph
of,481,816,498,835,paragraph
prediction,506,816,585,835,paragraph
accuracy,593,816,663,835,paragraph
is,671,816,684,835,paragraph
established,692,816,779,835,paragraph
early,787,816,826,835,paragraph
in,835,816,850,835,paragraph
the,858,816,882,835,paragraph
process,117,843,176,861,paragraph
and,181,843,210,861,paragraph
maintained,215,843,302,861,paragraph
over,308,843,342,861,paragraph
time.,348,843,387,861,paragraph
Our,393,843,423,861,paragraph
results,429,843,480,861,paragraph
suggest,486,843,544,861,paragraph
that,550,843,580,861,paragraph
the,585,843,609,861,paragraph
ability,615,843,665,861,paragraph
to,670,843,686,861,paragraph
periodically,691,843,785,861,paragraph
monitor,790,843,852,861,paragraph
the,858,843,882,861,paragraph
infection,117,869,187,887,paragraph
on,193,869,213,887,paragraph
the,220,869,244,887,paragraph
encounter,251,869,328,887,paragraph
network,335,869,398,887,paragraph
is,405,869,418,887,paragraph
the,425,869,449,887,paragraph
key,456,869,484,887,paragraph
to,490,869,506,887,paragraph
overcome,513,869,589,887,paragraph
the,596,869,620,887,paragraph
limits,627,869,671,887,paragraph
of,678,869,694,887,paragraph
the,701,869,725,887,paragraph
friendship,732,869,811,887,paragraph
network,818,869,882,887,paragraph
in,117,895,132,913,paragraph
predicting,139,895,218,913,paragraph
epidemic,225,895,297,913,paragraph
risk.,304,895,338,913,paragraph
DRAFT,839,949,882,961,paragraph
