token,x0,y0,x1,y1,label
[18],111,154,140,167,reference
M.,150,154,171,167,reference
"Czerny,",179,154,238,167,reference
T.,246,154,264,167,reference
Higaki,271,154,323,167,reference
and,331,154,360,167,reference
F.,367,154,384,167,reference
"Takahashi,",392,154,477,167,reference
Phys.,485,154,529,167,reference
Lett.,536,154,575,167,reference
B,582,154,595,167,reference
"734,",603,154,639,167,reference
167,647,154,674,167,reference
(2014),682,154,733,167,reference
[arXiv:1403.5883,740,154,873,167,reference
[hep-ph]].,150,180,225,193,reference
[19],111,205,140,218,reference
K.,150,205,169,218,reference
"Freese,",175,205,229,218,reference
J.,236,205,250,218,reference
A.,256,205,275,218,reference
Frieman,281,205,347,218,reference
and,353,205,382,218,reference
A.,388,205,407,218,reference
V.,413,205,432,218,reference
"Olinto,",438,205,494,218,reference
Phys.,500,205,544,218,reference
Rev.,550,205,587,218,reference
Lett.,593,205,632,218,reference
"65,",638,205,664,218,reference
3233,670,205,707,218,reference
(1990).,713,205,769,218,reference
[20],111,231,140,244,reference
F.,150,231,167,244,reference
C.,173,231,191,244,reference
"Adams,",197,231,257,244,reference
J.,263,231,278,244,reference
R.,284,231,302,244,reference
"Bond,",308,231,356,244,reference
K.,362,231,381,244,reference
"Freese,",387,231,442,244,reference
J.,448,231,462,244,reference
A.,468,231,487,244,reference
Frieman,493,231,558,244,reference
and,564,231,594,244,reference
A.,600,231,618,244,reference
V.,624,231,643,244,reference
"Olinto,",649,231,705,244,reference
Phys.,710,231,755,244,reference
Rev.,761,231,797,244,reference
D,803,231,817,244,reference
"47,",823,231,849,244,reference
46,855,231,873,244,reference
(1993),150,257,200,270,reference
[arXiv:9207245,207,257,326,270,reference
[hep-ph]].,332,257,407,270,reference
[21],111,283,140,296,reference
D.,150,283,169,296,reference
Croon,175,283,224,296,reference
and,230,283,260,296,reference
V.,266,283,285,296,reference
"Sanz,",291,283,334,296,reference
JCAP,340,283,389,296,reference
"1502,",395,283,442,296,reference
no.,448,283,473,296,reference
"02,",479,283,502,296,reference
008,508,283,536,296,reference
(2015),542,283,593,296,reference
[arXiv:1411.7809,599,283,732,296,reference
[hep-ph]].,739,283,814,296,reference
[22],111,309,140,321,reference
T.,150,309,168,321,reference
Higaki,174,309,226,321,reference
and,232,309,262,321,reference
F.,268,309,285,321,reference
"Takahashi,",291,309,377,321,reference
JHEP,383,309,431,321,reference
"1503,",437,309,484,321,reference
129,490,309,518,321,reference
(2015),524,309,575,321,reference
[arXiv:1501.02354,581,309,724,321,reference
[hep-ph]].,730,309,805,321,reference
[23],111,334,140,347,reference
K.,150,334,169,347,reference
"Kadota,",176,334,240,347,reference
T.,248,334,266,347,reference
"Kobayashi,",273,334,362,347,reference
A.,369,334,388,347,reference
"Oikawa,",395,334,459,347,reference
N.,466,334,485,347,reference
"Omoto,",493,334,553,347,reference
H.,560,334,579,347,reference
Otsuka,586,334,643,347,reference
and,650,334,680,347,reference
T.,687,334,705,347,reference
H.,713,334,731,347,reference
"Tatsuishi,",739,334,817,347,reference
JCAP,824,334,873,347,reference
"1610,",150,360,197,373,reference
no.,203,360,227,373,reference
"10,",233,360,257,373,reference
013,263,360,291,373,reference
(2016),297,360,348,373,reference
[arXiv:1606.03219,354,360,496,373,reference
[hep-ph]].,502,360,578,373,reference
[24],111,386,140,399,reference
J.,150,386,164,399,reference
"Preskill,",170,386,235,399,reference
M.,241,386,263,399,reference
B.,269,386,287,399,reference
Wise,294,386,333,399,reference
and,339,386,369,399,reference
F.,375,386,392,399,reference
"Wilczek,",398,386,466,399,reference
Phys.,472,386,516,399,reference
Lett.,522,386,561,399,reference
B,568,386,581,399,reference
"120,",587,386,623,399,reference
127,629,386,657,399,reference
(1983).,663,386,719,399,reference
[25],111,412,140,425,reference
L.,150,412,166,425,reference
F.,172,412,189,425,reference
Abbott,195,412,253,425,reference
and,260,412,289,425,reference
P.,295,412,311,425,reference
"Sikivie,",317,412,375,425,reference
Phys.,382,412,426,425,reference
Lett.,432,412,471,425,reference
B,477,412,490,425,reference
"120,",496,412,533,425,reference
133,539,412,566,425,reference
(1983).,572,412,628,425,reference
[26],111,437,140,450,reference
M.,150,437,171,450,reference
Dine,178,437,215,450,reference
and,221,437,251,450,reference
W.,257,437,281,450,reference
"Fischler,",287,437,354,450,reference
Phys.,361,437,405,450,reference
Lett.,411,437,450,450,reference
B,456,437,469,450,reference
"120,",475,437,512,450,reference
137,518,437,545,450,reference
(1983).,551,437,607,450,reference
[27],111,463,140,476,reference
A.,150,463,168,476,reference
"Kusenko,",175,463,249,476,reference
K.,255,463,275,476,reference
Schmitz,282,463,345,476,reference
and,352,463,382,476,reference
T.,388,463,407,476,reference
T.,413,463,432,476,reference
"Yanagida,",438,463,518,476,reference
Phys.,525,463,569,476,reference
Rev.,576,463,612,476,reference
Lett.,619,463,658,476,reference
"115,",665,463,701,476,reference
no.,708,463,733,476,reference
"1,",739,463,754,476,reference
011302,761,463,816,476,reference
(2015),822,463,873,476,reference
[arXiv:1412.2043,150,489,283,502,reference
[hep-ph]].,289,489,365,502,reference
[28],111,515,140,528,reference
R.,150,515,168,528,reference
"Daido,",173,515,226,528,reference
N.,231,515,250,528,reference
Kitajima,255,515,326,528,reference
and,331,515,361,528,reference
F.,366,515,383,528,reference
"Takahashi,",388,515,473,528,reference
JCAP,478,515,527,528,reference
"1507,",532,515,579,528,reference
no.,585,515,609,528,reference
"07,",614,515,637,528,reference
046,642,515,670,528,reference
(2015),675,515,726,528,reference
[arXiv:1504.07917,731,515,873,528,reference
[hep-ph]].,150,540,225,553,reference
[29],111,566,140,579,reference
J.,150,566,164,579,reference
E.,170,566,188,579,reference
Kim,194,566,228,579,reference
and,235,566,264,579,reference
G.,270,566,290,579,reference
"Carosi,",296,566,352,579,reference
Rev.,358,566,395,579,reference
Mod.,401,566,442,579,reference
Phys.,449,566,493,579,reference
"82,",499,566,525,579,reference
557,531,566,559,579,reference
(2010),565,566,616,579,reference
[arXiv:0807.3125,622,566,755,579,reference
[hep-ph]].,761,566,837,579,reference
[30],111,592,140,605,reference
K.,150,592,169,605,reference
J.,175,592,190,605,reference
"Bae,",196,592,231,605,reference
J.,237,592,252,605,reference
H.,258,592,277,605,reference
Huh,283,592,317,605,reference
and,323,592,353,605,reference
J.,359,592,373,605,reference
E.,379,592,397,605,reference
"Kim,",403,592,443,605,reference
JCAP,449,592,498,605,reference
"0809,",504,592,551,605,reference
005,557,592,585,605,reference
(2008),591,592,642,605,reference
[arXiv:0806.0497,648,592,781,605,reference
[hep-ph]].,787,592,863,605,reference
[31],111,618,140,631,reference
O.,150,618,169,631,reference
Wantz,176,618,227,631,reference
and,234,618,263,631,reference
E.,270,618,287,631,reference
P.,294,618,310,631,reference
S.,317,618,332,631,reference
"Shellard,",338,618,409,631,reference
Phys.,416,618,460,631,reference
Rev.,466,618,503,631,reference
D,509,618,523,631,reference
"82,",530,618,556,631,reference
123508,563,618,618,631,reference
(2010),625,618,675,631,reference
[arXiv:0910.1066,682,618,816,631,reference
[astro-,822,618,873,631,reference
ph.CO]].,150,643,218,656,reference
[32],111,669,140,682,reference
A.,150,669,168,682,reference
"Ringwald,",174,669,255,682,reference
Phys.,261,669,305,682,reference
Dark,311,669,351,682,reference
Univ.,357,669,401,682,reference
1,407,669,418,682,reference
(2012),424,669,475,682,reference
116,481,669,508,682,reference
[arXiv:1210.5081,514,669,648,682,reference
[hep-ph]].,654,669,729,682,reference
[33],111,695,140,708,reference
M.,150,695,171,708,reference
Kawasaki,177,695,253,708,reference
and,259,695,288,708,reference
K.,294,695,313,708,reference
"Nakayama,",319,695,407,708,reference
Ann.,413,695,452,708,reference
Rev.,457,695,494,708,reference
Nucl.,499,695,542,708,reference
Part.,547,695,588,708,reference
Sci.,593,695,622,708,reference
"63,",627,695,654,708,reference
69,659,695,678,708,reference
(2013),683,695,734,708,reference
[arXiv:1301.1123,740,695,873,708,reference
[hep-ph]].,150,721,225,734,reference
[34],111,747,140,759,reference
D.,150,747,169,759,reference
J.,175,747,189,759,reference
E.,195,747,213,759,reference
"Marsh,",219,747,275,759,reference
arXiv:1510.07633,281,747,418,759,reference
[astro-ph.CO].,425,747,539,759,reference
[35],111,772,140,785,reference
R.,150,772,168,785,reference
A.,179,772,198,785,reference
"Battye,",208,772,267,785,reference
T.,278,772,297,785,reference
Charnock,307,772,384,785,reference
and,395,772,424,785,reference
A.,435,772,454,785,reference
"Moss,",465,772,510,785,reference
Phys.,522,772,566,785,reference
Rev.,577,772,613,785,reference
D,624,772,638,785,reference
"91,",648,772,675,785,reference
no.,686,772,711,785,reference
"10,",721,772,745,785,reference
103508,757,772,812,785,reference
(2015),822,772,873,785,reference
[arXiv:1409.2769,150,798,283,811,reference
[astro-ph.CO]].,289,798,408,811,reference
[36],111,824,140,837,reference
K.,150,824,169,837,reference
"Enqvist,",175,824,242,837,reference
S.,249,824,264,837,reference
"Nadathur,",270,824,352,837,reference
T.,358,824,377,837,reference
Sekiguchi,383,824,459,837,reference
and,465,824,495,837,reference
T.,501,824,519,837,reference
"Takahashi,",526,824,612,837,reference
JCAP,618,824,667,837,reference
"1509,",674,824,721,837,reference
no.,727,824,752,837,reference
"09,",758,824,782,837,reference
067,788,824,816,837,reference
(2015),822,824,873,837,reference
[arXiv:1505.05511,150,850,292,863,reference
[astro-ph.CO]].,298,850,418,863,reference
21,472,916,492,931,paragraph
