token,x0,y0,x1,y1,label
BN-S,769,286,796,294,paragraph
CA,769,307,785,314,paragraph
CRA,769,327,793,335,paragraph
FU,769,347,784,355,paragraph
HD-S,769,367,797,375,paragraph
HU,769,388,785,395,paragraph
KH,769,408,785,416,paragraph
KS2,769,428,790,436,paragraph
KZm,769,448,793,456,paragraph
LO,769,469,784,476,paragraph
SK,769,489,784,497,paragraph
SM,769,509,786,517,paragraph
UC,769,529,785,537,paragraph
1970,197,548,233,559,paragraph
1975,260,548,296,559,paragraph
1980,323,548,359,559,paragraph
1985,386,548,422,559,paragraph
1990,449,548,485,559,paragraph
1995,512,548,548,559,paragraph
2000,575,548,611,559,paragraph
2005,638,548,674,559,paragraph
2010,701,548,737,559,paragraph
YEAR,448,561,495,573,paragraph
Figure,140,588,184,601,paragraph
4:,189,588,201,601,paragraph
Wolf,210,588,241,601,caption
numbers,247,588,310,601,caption
observed,315,588,379,601,caption
by,384,588,401,601,caption
our,406,588,431,601,caption
subset,436,588,481,601,caption
of,487,588,500,601,caption
13,506,588,522,601,caption
stations.,528,588,586,601,caption
Interpolated,597,588,683,601,caption
values,689,588,733,601,caption
appear,738,588,787,601,caption
in,793,588,807,601,caption
grey.,140,603,172,615,caption
The,180,603,207,615,caption
names,212,603,258,615,caption
of,263,603,277,615,caption
the,282,603,304,615,caption
"stations,",309,603,368,615,caption
or,373,603,388,615,caption
their,393,603,426,615,caption
individual,431,603,501,615,caption
"observers,",506,603,577,615,caption
are:,583,603,608,615,caption
WFS,615,603,647,615,caption
"Berlin,",652,603,698,615,caption
Germany,703,603,768,615,caption
(BN-,773,603,807,615,caption
"S),",140,617,157,629,caption
Catania,163,617,216,629,caption
"Obs.,",222,617,257,629,caption
Italy,263,617,293,629,caption
"(CA),",298,617,333,629,caption
T.-A.,339,617,370,629,caption
"Cragg,",376,617,420,629,caption
Australia,426,617,487,629,caption
"(CRA),",492,617,537,629,caption
K.,542,617,557,629,caption
Fujimori.,562,617,627,629,caption
Japan,636,617,676,629,caption
"(FU),",681,617,717,629,caption
R.,722,617,736,629,caption
"Hedewig,",741,617,807,629,caption
Germany,140,631,205,643,caption
"(HD-S),",209,631,263,643,caption
Hurbanovo,268,631,347,643,caption
"Obs.,",351,631,387,643,caption
Slovakia,392,631,449,643,caption
"(HU),",454,631,493,643,caption
Kandilli,498,631,552,643,caption
"Obs.,",557,631,592,643,caption
Turkey,597,631,645,643,caption
"(KH),",650,631,687,643,caption
Kislovodsk,692,631,766,643,caption
"Obs.,",771,631,807,643,caption
Russia,140,645,185,658,caption
"(KS2),",190,645,231,658,caption
Kanzelhöhe,237,645,320,658,caption
"Obs.,",325,645,360,658,caption
Austria,366,645,415,658,caption
"(KZm),",421,645,469,658,caption
Locarno,475,645,533,658,caption
"Obs.,",538,645,573,658,caption
Switzerland,579,645,661,658,caption
"(LO),",666,645,701,658,caption
Skalnate,707,645,766,658,caption
"Obs.,",771,645,807,658,caption
Slovakia,140,659,197,672,caption
"(SK),",200,659,233,672,caption
San,237,659,263,672,caption
Miguel,266,659,314,672,caption
"Obs.,",318,659,353,672,caption
Argentina,357,659,425,672,caption
"(SM),",429,659,467,672,caption
Uccle,470,659,509,672,caption
Obs.,513,659,544,672,caption
Belgium,548,659,606,672,caption
(UC).,610,659,647,672,caption
10,465,886,481,898,paragraph
]stinu,147,324,164,353,paragraph
.bra[,147,357,164,381,paragraph
N,147,395,164,404,paragraph
rebmun,147,407,164,449,paragraph
topsnus,147,452,164,495,paragraph
W,158,385,171,395,paragraph
##LTFigure##,146,273,800,572,figure
##LTLine##,215,275,215,544,paragraph
##LTLine##,278,275,278,544,paragraph
##LTLine##,341,275,341,544,paragraph
##LTLine##,405,275,405,544,paragraph
##LTLine##,468,275,468,544,paragraph
##LTLine##,531,275,531,544,paragraph
##LTLine##,594,275,594,544,paragraph
##LTLine##,657,275,657,544,paragraph
##LTLine##,720,275,720,544,paragraph
##LTLine##,177,523,765,523,paragraph
##LTLine##,177,498,765,498,paragraph
##LTLine##,177,473,765,473,paragraph
##LTLine##,177,447,765,447,paragraph
##LTLine##,177,422,765,422,paragraph
##LTLine##,177,397,765,397,paragraph
##LTLine##,177,371,765,371,paragraph
##LTLine##,177,346,765,346,paragraph
##LTLine##,177,321,765,321,paragraph
##LTLine##,177,295,765,295,paragraph
##LTLine##,177,544,765,544,paragraph
##LTLine##,177,275,765,275,paragraph
##LTLine##,215,539,215,544,paragraph
##LTLine##,278,539,278,544,paragraph
##LTLine##,341,539,341,544,paragraph
##LTLine##,405,539,405,544,paragraph
##LTLine##,468,539,468,544,paragraph
##LTLine##,531,539,531,544,paragraph
##LTLine##,594,539,594,544,paragraph
##LTLine##,657,539,657,544,paragraph
##LTLine##,720,539,720,544,paragraph
##LTLine##,215,275,215,279,paragraph
##LTLine##,278,275,278,279,paragraph
##LTLine##,341,275,341,279,paragraph
##LTLine##,405,275,405,279,paragraph
##LTLine##,468,275,468,279,paragraph
##LTLine##,531,275,531,279,paragraph
##LTLine##,594,275,594,279,paragraph
##LTLine##,657,275,657,279,paragraph
##LTLine##,720,275,720,279,paragraph
##LTLine##,177,275,177,544,paragraph
##LTLine##,765,275,765,544,paragraph
##LTLine##,177,523,183,523,paragraph
##LTLine##,177,498,183,498,paragraph
##LTLine##,177,473,183,473,paragraph
##LTLine##,177,447,183,447,paragraph
##LTLine##,177,422,183,422,paragraph
##LTLine##,177,397,183,397,paragraph
##LTLine##,177,371,183,371,paragraph
##LTLine##,177,346,183,346,paragraph
##LTLine##,177,321,183,321,paragraph
##LTLine##,177,295,183,295,paragraph
##LTLine##,759,523,765,523,paragraph
##LTLine##,759,498,765,498,paragraph
##LTLine##,759,473,765,473,paragraph
##LTLine##,759,447,765,447,paragraph
##LTLine##,759,422,765,422,paragraph
##LTLine##,759,397,765,397,paragraph
##LTLine##,759,371,765,371,paragraph
##LTLine##,759,346,765,346,paragraph
##LTLine##,759,321,765,321,paragraph
##LTLine##,759,295,765,295,paragraph
##LTLine##,714,376,716,376,paragraph
##LTLine##,714,397,716,397,paragraph
##LTLine##,183,294,183,294,paragraph
##LTLine##,262,295,262,295,paragraph
##LTLine##,282,295,282,295,paragraph
##LTLine##,283,295,283,295,paragraph
##LTLine##,284,295,284,295,paragraph
##LTLine##,284,295,284,295,paragraph
##LTLine##,292,295,292,295,paragraph
##LTLine##,293,295,293,295,paragraph
##LTLine##,294,295,294,295,paragraph
##LTLine##,298,295,298,295,paragraph
##LTLine##,299,295,299,295,paragraph
##LTLine##,303,295,303,295,paragraph
##LTLine##,401,295,401,295,paragraph
##LTLine##,402,295,402,295,paragraph
##LTLine##,405,295,405,295,paragraph
##LTLine##,405,295,406,295,paragraph
##LTLine##,411,295,411,295,paragraph
##LTLine##,413,295,413,295,paragraph
##LTLine##,414,295,414,295,paragraph
##LTLine##,414,295,414,295,paragraph
##LTLine##,415,295,415,295,paragraph
##LTLine##,416,295,416,295,paragraph
##LTLine##,416,295,416,295,paragraph
##LTLine##,417,295,417,295,paragraph
##LTLine##,417,295,417,295,paragraph
##LTLine##,418,295,418,295,paragraph
##LTLine##,419,295,419,295,paragraph
##LTLine##,420,295,420,295,paragraph
##LTLine##,420,295,420,295,paragraph
##LTLine##,422,295,422,295,paragraph
##LTLine##,423,295,423,295,paragraph
##LTLine##,425,295,425,295,paragraph
##LTLine##,425,295,425,295,paragraph
##LTLine##,426,295,426,295,paragraph
##LTLine##,429,295,429,295,paragraph
##LTLine##,435,295,435,295,paragraph
##LTLine##,509,290,509,290,paragraph
##LTLine##,523,295,523,295,paragraph
##LTLine##,538,295,538,295,paragraph
##LTLine##,539,295,539,295,paragraph
##LTLine##,540,295,540,295,paragraph
##LTLine##,550,295,550,295,paragraph
##LTLine##,550,295,550,295,paragraph
##LTLine##,550,295,550,295,paragraph
##LTLine##,552,295,552,295,paragraph
##LTLine##,552,295,552,295,paragraph
##LTLine##,553,295,553,295,paragraph
##LTLine##,553,295,553,295,paragraph
##LTLine##,558,295,558,295,paragraph
##LTLine##,559,295,559,295,paragraph
##LTLine##,560,295,560,295,paragraph
##LTLine##,567,294,567,294,paragraph
##LTLine##,664,295,664,295,paragraph
##LTLine##,667,295,667,295,paragraph
##LTLine##,670,295,670,295,paragraph
##LTLine##,671,295,671,295,paragraph
##LTLine##,672,295,672,295,paragraph
##LTLine##,674,295,674,295,paragraph
##LTLine##,679,295,679,295,paragraph
##LTLine##,686,295,686,295,paragraph
##LTLine##,686,295,686,295,paragraph
##LTLine##,686,295,686,295,paragraph
##LTLine##,688,295,688,295,paragraph
##LTLine##,688,295,689,295,paragraph
##LTLine##,690,295,690,295,paragraph
##LTLine##,691,295,691,295,paragraph
##LTLine##,691,295,691,295,paragraph
##LTLine##,692,295,692,295,paragraph
##LTLine##,692,295,692,295,paragraph
##LTLine##,693,295,693,295,paragraph
##LTLine##,699,295,699,295,paragraph
##LTLine##,700,295,700,295,paragraph
##LTLine##,702,295,702,295,paragraph
##LTLine##,702,295,702,295,paragraph
##LTLine##,702,295,702,295,paragraph
##LTLine##,704,295,704,295,paragraph
##LTLine##,706,295,706,295,paragraph
##LTLine##,708,295,708,295,paragraph
##LTLine##,710,295,710,295,paragraph
##LTLine##,710,295,710,295,paragraph
##LTLine##,710,295,711,295,paragraph
##LTLine##,711,295,711,295,paragraph
##LTLine##,711,295,711,295,paragraph
##LTLine##,711,295,711,295,paragraph
##LTLine##,712,295,712,295,paragraph
##LTLine##,713,295,713,295,paragraph
##LTLine##,714,295,714,295,paragraph
##LTLine##,714,295,715,295,paragraph
##LTLine##,715,295,715,295,paragraph
##LTLine##,715,295,715,295,paragraph
##LTLine##,715,295,715,295,paragraph
##LTLine##,716,295,716,295,paragraph
##LTLine##,716,295,716,295,paragraph
##LTLine##,722,293,722,293,paragraph
##LTLine##,724,295,724,295,paragraph
##LTLine##,724,295,724,295,paragraph
##LTLine##,724,295,724,295,paragraph
##LTLine##,725,295,725,295,paragraph
##LTLine##,726,295,726,295,paragraph
##LTLine##,727,294,727,294,paragraph
##LTLine##,727,294,727,294,paragraph
##LTLine##,264,316,264,316,paragraph
##LTLine##,266,316,266,316,paragraph
##LTLine##,278,316,278,316,paragraph
##LTLine##,279,316,279,316,paragraph
##LTLine##,280,316,280,316,paragraph
##LTLine##,291,314,291,314,paragraph
##LTLine##,291,316,291,316,paragraph
##LTLine##,291,316,291,316,paragraph
##LTLine##,292,316,292,316,paragraph
##LTLine##,295,315,295,315,paragraph
##LTLine##,296,316,296,316,paragraph
##LTLine##,302,316,302,316,paragraph
##LTLine##,302,316,302,316,paragraph
##LTLine##,302,316,302,316,paragraph
##LTLine##,306,315,306,315,paragraph
##LTLine##,309,316,309,316,paragraph
##LTLine##,310,316,310,316,paragraph
##LTLine##,401,316,401,316,paragraph
##LTLine##,401,316,401,316,paragraph
##LTLine##,401,316,401,316,paragraph
##LTLine##,401,316,402,316,paragraph
##LTLine##,403,314,404,314,paragraph
##LTLine##,405,316,405,316,paragraph
##LTLine##,405,316,405,316,paragraph
##LTLine##,408,316,408,316,paragraph
##LTLine##,413,316,413,316,paragraph
##LTLine##,416,316,416,316,paragraph
##LTLine##,418,316,418,316,paragraph
##LTLine##,423,316,423,316,paragraph
##LTLine##,427,316,427,316,paragraph
##LTLine##,429,316,429,316,paragraph
##LTLine##,430,316,430,316,paragraph
##LTLine##,432,316,432,316,paragraph
##LTLine##,436,316,436,316,paragraph
##LTLine##,436,315,436,315,paragraph
##LTLine##,436,316,436,316,paragraph
##LTLine##,514,315,514,315,paragraph
##LTLine##,517,312,517,312,paragraph
##LTLine##,521,316,521,316,paragraph
##LTLine##,523,316,523,316,paragraph
##LTLine##,529,315,529,315,paragraph
##LTLine##,542,316,542,316,paragraph
##LTLine##,544,316,544,316,paragraph
##LTLine##,544,315,544,315,paragraph
##LTLine##,545,316,545,316,paragraph
##LTLine##,553,316,554,316,paragraph
##LTLine##,554,316,554,316,paragraph
##LTLine##,554,316,554,316,paragraph
##LTLine##,555,316,555,316,paragraph
##LTLine##,556,316,556,316,paragraph
##LTLine##,559,316,559,316,paragraph
##LTLine##,568,312,568,312,paragraph
##LTLine##,672,316,672,316,paragraph
##LTLine##,674,316,674,316,paragraph
##LTLine##,679,316,679,316,paragraph
##LTLine##,682,316,682,316,paragraph
##LTLine##,682,316,682,316,paragraph
##LTLine##,685,316,685,316,paragraph
##LTLine##,685,316,685,316,paragraph
##LTLine##,686,316,686,316,paragraph
##LTLine##,686,316,686,316,paragraph
##LTLine##,688,316,688,316,paragraph
##LTLine##,689,316,689,316,paragraph
##LTLine##,690,316,690,316,paragraph
##LTLine##,690,316,690,316,paragraph
##LTLine##,691,316,691,316,paragraph
##LTLine##,691,316,691,316,paragraph
##LTLine##,692,316,692,316,paragraph
##LTLine##,692,316,693,316,paragraph
##LTLine##,693,316,693,316,paragraph
##LTLine##,694,316,694,316,paragraph
##LTLine##,695,316,695,316,paragraph
##LTLine##,695,316,695,316,paragraph
##LTLine##,695,316,695,316,paragraph
##LTLine##,696,316,696,316,paragraph
##LTLine##,696,316,696,316,paragraph
##LTLine##,696,316,696,316,paragraph
##LTLine##,696,316,696,316,paragraph
##LTLine##,697,316,697,316,paragraph
##LTLine##,698,316,698,316,paragraph
##LTLine##,698,316,698,316,paragraph
##LTLine##,698,316,698,316,paragraph
##LTLine##,699,316,699,316,paragraph
##LTLine##,699,316,699,316,paragraph
##LTLine##,700,316,700,316,paragraph
##LTLine##,701,316,701,316,paragraph
##LTLine##,701,316,701,316,paragraph
##LTLine##,701,316,701,316,paragraph
##LTLine##,702,316,702,316,paragraph
##LTLine##,702,316,702,316,paragraph
##LTLine##,702,316,702,316,paragraph
##LTLine##,703,316,703,316,paragraph
##LTLine##,703,316,703,316,paragraph
##LTLine##,704,316,704,316,paragraph
##LTLine##,704,316,704,316,paragraph
##LTLine##,706,316,706,316,paragraph
##LTLine##,706,316,706,316,paragraph
##LTLine##,707,316,707,316,paragraph
##LTLine##,707,316,707,316,paragraph
##LTLine##,717,316,717,316,paragraph
##LTLine##,717,316,717,316,paragraph
##LTLine##,719,316,719,316,paragraph
##LTLine##,724,316,725,316,paragraph
##LTLine##,230,330,230,330,paragraph
##LTLine##,261,335,261,335,paragraph
##LTLine##,266,336,266,336,paragraph
##LTLine##,274,335,274,335,paragraph
##LTLine##,276,335,276,335,paragraph
##LTLine##,277,336,277,336,paragraph
##LTLine##,280,336,280,336,paragraph
##LTLine##,282,336,282,336,paragraph
##LTLine##,282,336,282,336,paragraph
##LTLine##,283,336,283,336,paragraph
##LTLine##,283,336,283,336,paragraph
##LTLine##,292,336,292,336,paragraph
##LTLine##,293,335,293,335,paragraph
##LTLine##,294,336,294,336,paragraph
##LTLine##,297,336,298,336,paragraph
##LTLine##,298,336,298,336,paragraph
##LTLine##,298,336,298,336,paragraph
##LTLine##,298,336,298,336,paragraph
##LTLine##,299,335,299,335,paragraph
##LTLine##,300,336,300,336,paragraph
##LTLine##,301,336,301,336,paragraph
##LTLine##,301,335,301,335,paragraph
##LTLine##,308,335,308,335,paragraph
##LTLine##,310,336,310,336,paragraph
##LTLine##,324,333,324,333,paragraph
##LTLine##,401,336,401,336,paragraph
##LTLine##,401,336,401,336,paragraph
##LTLine##,401,336,401,336,paragraph
##LTLine##,405,336,405,336,paragraph
##LTLine##,405,336,405,336,paragraph
##LTLine##,408,336,408,336,paragraph
##LTLine##,409,334,409,334,paragraph
##LTLine##,411,335,411,335,paragraph
##LTLine##,411,335,411,335,paragraph
##LTLine##,412,335,412,335,paragraph
##LTLine##,413,336,413,336,paragraph
##LTLine##,413,336,413,336,paragraph
##LTLine##,413,335,413,335,paragraph
##LTLine##,414,336,414,336,paragraph
##LTLine##,416,336,416,336,paragraph
##LTLine##,417,336,418,336,paragraph
##LTLine##,418,336,418,336,paragraph
##LTLine##,420,336,420,336,paragraph
##LTLine##,420,336,421,336,paragraph
##LTLine##,422,336,422,336,paragraph
##LTLine##,422,336,423,336,paragraph
##LTLine##,423,336,423,336,paragraph
##LTLine##,423,336,423,336,paragraph
##LTLine##,424,336,424,336,paragraph
##LTLine##,426,336,426,336,paragraph
##LTLine##,426,336,426,336,paragraph
##LTLine##,426,336,426,336,paragraph
##LTLine##,428,336,428,336,paragraph
##LTLine##,428,335,428,335,paragraph
##LTLine##,428,336,429,336,paragraph
##LTLine##,429,336,429,336,paragraph
##LTLine##,431,336,431,336,paragraph
##LTLine##,431,336,431,336,paragraph
##LTLine##,432,336,432,336,paragraph
##LTLine##,432,335,432,335,paragraph
##LTLine##,434,335,434,335,paragraph
##LTLine##,436,336,436,336,paragraph
##LTLine##,438,335,438,335,paragraph
##LTLine##,438,334,438,334,paragraph
##LTLine##,511,335,511,335,paragraph
##LTLine##,521,336,521,336,paragraph
##LTLine##,523,336,523,336,paragraph
##LTLine##,527,336,527,336,paragraph
##LTLine##,536,335,536,335,paragraph
##LTLine##,538,336,538,336,paragraph
##LTLine##,540,336,540,336,paragraph
##LTLine##,540,336,540,336,paragraph
##LTLine##,544,335,544,335,paragraph
##LTLine##,545,336,546,336,paragraph
##LTLine##,546,336,546,336,paragraph
##LTLine##,547,336,547,336,paragraph
##LTLine##,547,336,547,336,paragraph
##LTLine##,547,336,547,336,paragraph
##LTLine##,548,336,548,336,paragraph
##LTLine##,548,336,549,336,paragraph
##LTLine##,549,335,549,335,paragraph
##LTLine##,550,336,550,336,paragraph
##LTLine##,552,336,553,336,paragraph
##LTLine##,553,336,553,336,paragraph
##LTLine##,653,335,654,335,paragraph
##LTLine##,671,336,671,336,paragraph
##LTLine##,671,336,671,336,paragraph
##LTLine##,671,336,671,336,paragraph
##LTLine##,672,336,672,336,paragraph
##LTLine##,672,336,672,336,paragraph
##LTLine##,682,336,682,336,paragraph
##LTLine##,682,336,682,336,paragraph
##LTLine##,684,336,684,336,paragraph
##LTLine##,684,335,684,335,paragraph
##LTLine##,684,335,684,335,paragraph
##LTLine##,684,335,684,335,paragraph
##LTLine##,684,336,684,336,paragraph
##LTLine##,685,336,685,336,paragraph
##LTLine##,685,336,685,336,paragraph
##LTLine##,685,336,685,336,paragraph
##LTLine##,685,336,686,336,paragraph
##LTLine##,695,336,695,336,paragraph
##LTLine##,695,336,695,336,paragraph
##LTLine##,695,336,696,336,paragraph
##LTLine##,696,336,696,336,paragraph
##LTLine##,696,336,696,336,paragraph
##LTLine##,696,336,697,336,paragraph
##LTLine##,698,336,698,336,paragraph
##LTLine##,698,336,698,336,paragraph
##LTLine##,699,336,699,336,paragraph
##LTLine##,699,336,699,336,paragraph
##LTLine##,699,336,699,336,paragraph
##LTLine##,699,336,699,336,paragraph
##LTLine##,700,336,700,336,paragraph
##LTLine##,700,336,700,336,paragraph
##LTLine##,700,336,700,336,paragraph
##LTLine##,702,336,702,336,paragraph
##LTLine##,702,336,702,336,paragraph
##LTLine##,705,336,705,336,paragraph
##LTLine##,706,336,706,336,paragraph
##LTLine##,706,336,706,336,paragraph
##LTLine##,706,336,706,336,paragraph
##LTLine##,706,336,706,336,paragraph
##LTLine##,707,336,707,336,paragraph
##LTLine##,707,336,707,336,paragraph
##LTLine##,707,336,707,336,paragraph
##LTLine##,708,336,708,336,paragraph
##LTLine##,708,336,708,336,paragraph
##LTLine##,709,336,709,336,paragraph
##LTLine##,709,336,709,336,paragraph
##LTLine##,709,336,709,336,paragraph
##LTLine##,718,336,718,336,paragraph
##LTLine##,718,336,718,336,paragraph
##LTLine##,719,336,719,336,paragraph
##LTLine##,719,336,719,336,paragraph
##LTLine##,720,335,720,335,paragraph
##LTLine##,258,352,258,352,paragraph
##LTLine##,264,356,264,356,paragraph
##LTLine##,266,356,266,356,paragraph
##LTLine##,269,355,269,355,paragraph
##LTLine##,280,356,280,356,paragraph
##LTLine##,281,356,281,356,paragraph
##LTLine##,281,356,281,356,paragraph
##LTLine##,281,356,281,356,paragraph
##LTLine##,282,356,282,356,paragraph
##LTLine##,282,356,282,356,paragraph
##LTLine##,282,356,282,356,paragraph
##LTLine##,283,356,283,356,paragraph
##LTLine##,284,355,284,355,paragraph
##LTLine##,288,356,288,356,paragraph
##LTLine##,289,356,289,356,paragraph
##LTLine##,291,356,291,356,paragraph
##LTLine##,291,356,291,356,paragraph
##LTLine##,293,356,293,356,paragraph
##LTLine##,294,355,294,355,paragraph
##LTLine##,296,356,296,356,paragraph
##LTLine##,296,356,296,356,paragraph
##LTLine##,296,356,296,356,paragraph
##LTLine##,297,356,297,356,paragraph
##LTLine##,298,356,298,356,paragraph
##LTLine##,298,356,298,356,paragraph
##LTLine##,300,356,300,356,paragraph
##LTLine##,302,356,302,356,paragraph
##LTLine##,302,356,302,356,paragraph
##LTLine##,308,356,308,356,paragraph
##LTLine##,364,343,364,343,paragraph
##LTLine##,391,356,391,356,paragraph
##LTLine##,401,356,401,356,paragraph
##LTLine##,401,356,401,356,paragraph
##LTLine##,402,356,402,356,paragraph
##LTLine##,403,356,403,356,paragraph
##LTLine##,405,356,405,356,paragraph
##LTLine##,407,356,407,356,paragraph
##LTLine##,407,356,407,356,paragraph
##LTLine##,408,356,408,356,paragraph
##LTLine##,410,356,410,356,paragraph
##LTLine##,410,356,410,356,paragraph
##LTLine##,411,356,411,356,paragraph
##LTLine##,412,356,412,356,paragraph
##LTLine##,413,356,413,356,paragraph
##LTLine##,414,356,414,356,paragraph
##LTLine##,414,356,414,356,paragraph
##LTLine##,414,356,414,356,paragraph
##LTLine##,415,356,415,356,paragraph
##LTLine##,416,356,416,356,paragraph
##LTLine##,416,356,416,356,paragraph
##LTLine##,417,356,417,356,paragraph
##LTLine##,417,356,417,356,paragraph
##LTLine##,417,356,418,356,paragraph
##LTLine##,418,356,418,356,paragraph
##LTLine##,419,356,419,356,paragraph
##LTLine##,420,356,420,356,paragraph
##LTLine##,420,356,421,356,paragraph
##LTLine##,422,356,422,356,paragraph
##LTLine##,422,356,422,356,paragraph
##LTLine##,422,356,423,356,paragraph
##LTLine##,423,356,423,356,paragraph
##LTLine##,423,356,423,356,paragraph
##LTLine##,423,356,423,356,paragraph
##LTLine##,423,356,423,356,paragraph
##LTLine##,424,356,424,356,paragraph
##LTLine##,426,356,426,356,paragraph
##LTLine##,426,356,426,356,paragraph
##LTLine##,429,356,429,356,paragraph
##LTLine##,429,356,429,356,paragraph
##LTLine##,431,356,431,356,paragraph
##LTLine##,435,356,435,356,paragraph
##LTLine##,436,356,436,356,paragraph
##LTLine##,440,352,440,352,paragraph
##LTLine##,469,351,469,351,paragraph
##LTLine##,492,343,492,343,paragraph
##LTLine##,497,344,497,344,paragraph
##LTLine##,514,355,514,355,paragraph
##LTLine##,523,356,523,356,paragraph
##LTLine##,527,355,527,355,paragraph
##LTLine##,527,356,527,356,paragraph
##LTLine##,533,356,533,356,paragraph
##LTLine##,536,356,536,356,paragraph
##LTLine##,538,356,538,356,paragraph
##LTLine##,539,356,539,356,paragraph
##LTLine##,540,356,540,356,paragraph
##LTLine##,545,356,545,356,paragraph
##LTLine##,545,356,546,356,paragraph
##LTLine##,547,356,547,356,paragraph
##LTLine##,548,356,548,356,paragraph
##LTLine##,548,356,548,356,paragraph
##LTLine##,548,356,549,356,paragraph
##LTLine##,549,356,549,356,paragraph
##LTLine##,550,356,550,356,paragraph
##LTLine##,552,356,552,356,paragraph
##LTLine##,552,356,552,356,paragraph
##LTLine##,552,356,553,356,paragraph
##LTLine##,553,356,553,356,paragraph
##LTLine##,553,356,553,356,paragraph
##LTLine##,553,356,553,356,paragraph
##LTLine##,553,356,554,356,paragraph
##LTLine##,554,356,554,356,paragraph
##LTLine##,554,356,554,356,paragraph
##LTLine##,554,356,554,356,paragraph
##LTLine##,557,356,557,356,paragraph
##LTLine##,558,356,558,356,paragraph
##LTLine##,558,356,558,356,paragraph
##LTLine##,560,356,560,356,paragraph
##LTLine##,560,356,560,356,paragraph
##LTLine##,563,356,563,356,paragraph
##LTLine##,567,354,567,354,paragraph
##LTLine##,580,347,580,347,paragraph
##LTLine##,592,338,592,338,paragraph
##LTLine##,642,356,642,356,paragraph
##LTLine##,655,353,655,353,paragraph
##LTLine##,667,356,667,356,paragraph
##LTLine##,670,356,670,356,paragraph
##LTLine##,671,356,671,356,paragraph
##LTLine##,672,356,672,356,paragraph
##LTLine##,672,356,672,356,paragraph
##LTLine##,675,356,676,356,paragraph
##LTLine##,676,355,676,355,paragraph
##LTLine##,681,356,681,356,paragraph
##LTLine##,682,356,682,356,paragraph
##LTLine##,684,356,684,356,paragraph
##LTLine##,685,356,685,356,paragraph
##LTLine##,685,356,685,356,paragraph
##LTLine##,685,356,686,356,paragraph
##LTLine##,686,356,686,356,paragraph
##LTLine##,686,356,686,356,paragraph
##LTLine##,688,356,688,356,paragraph
##LTLine##,688,356,688,356,paragraph
##LTLine##,689,356,689,356,paragraph
##LTLine##,691,356,691,356,paragraph
##LTLine##,691,356,691,356,paragraph
##LTLine##,691,356,691,356,paragraph
##LTLine##,692,356,692,356,paragraph
##LTLine##,692,356,692,356,paragraph
##LTLine##,692,356,692,356,paragraph
##LTLine##,692,356,693,356,paragraph
##LTLine##,693,356,693,356,paragraph
##LTLine##,693,356,693,356,paragraph
##LTLine##,694,356,694,356,paragraph
##LTLine##,695,356,695,356,paragraph
##LTLine##,695,356,695,356,paragraph
##LTLine##,696,356,696,356,paragraph
##LTLine##,696,356,696,356,paragraph
##LTLine##,696,356,696,356,paragraph
##LTLine##,696,356,697,356,paragraph
##LTLine##,697,356,698,356,paragraph
##LTLine##,698,356,698,356,paragraph
##LTLine##,699,356,699,356,paragraph
##LTLine##,699,356,699,356,paragraph
##LTLine##,700,356,700,356,paragraph
##LTLine##,700,356,701,356,paragraph
##LTLine##,701,356,701,356,paragraph
##LTLine##,701,356,701,356,paragraph
##LTLine##,701,356,701,356,paragraph
##LTLine##,702,356,702,356,paragraph
##LTLine##,702,356,702,356,paragraph
##LTLine##,703,356,703,356,paragraph
##LTLine##,703,356,703,356,paragraph
##LTLine##,703,356,703,356,paragraph
##LTLine##,703,356,704,356,paragraph
##LTLine##,704,356,704,356,paragraph
##LTLine##,704,356,704,356,paragraph
##LTLine##,704,356,704,356,paragraph
##LTLine##,705,356,705,356,paragraph
##LTLine##,706,356,706,356,paragraph
##LTLine##,706,356,706,356,paragraph
##LTLine##,706,356,707,356,paragraph
##LTLine##,707,356,707,356,paragraph
##LTLine##,707,356,707,356,paragraph
##LTLine##,707,356,707,356,paragraph
##LTLine##,708,356,708,356,paragraph
##LTLine##,709,356,709,356,paragraph
##LTLine##,709,356,709,356,paragraph
##LTLine##,709,356,709,356,paragraph
##LTLine##,709,356,709,356,paragraph
##LTLine##,710,356,710,356,paragraph
##LTLine##,710,356,710,356,paragraph
##LTLine##,711,356,711,356,paragraph
##LTLine##,711,356,711,356,paragraph
##LTLine##,711,356,711,356,paragraph
##LTLine##,711,356,711,356,paragraph
##LTLine##,712,356,712,356,paragraph
##LTLine##,712,356,712,356,paragraph
##LTLine##,713,356,713,356,paragraph
##LTLine##,713,356,713,356,paragraph
##LTLine##,713,356,713,356,paragraph
##LTLine##,714,356,714,356,paragraph
##LTLine##,714,356,714,356,paragraph
##LTLine##,714,356,714,356,paragraph
##LTLine##,715,356,715,356,paragraph
##LTLine##,715,356,715,356,paragraph
##LTLine##,715,356,715,356,paragraph
##LTLine##,715,356,715,356,paragraph
##LTLine##,715,356,715,356,paragraph
##LTLine##,715,356,716,356,paragraph
##LTLine##,716,356,716,356,paragraph
##LTLine##,716,356,716,356,paragraph
##LTLine##,716,356,716,356,paragraph
##LTLine##,717,356,717,356,paragraph
##LTLine##,719,356,719,356,paragraph
##LTLine##,719,356,719,356,paragraph
##LTLine##,719,356,719,356,paragraph
##LTLine##,724,356,724,356,paragraph
##LTLine##,724,356,724,356,paragraph
##LTLine##,724,356,725,356,paragraph
##LTLine##,726,356,726,356,paragraph
##LTLine##,730,356,730,356,paragraph
##LTLine##,738,356,738,356,paragraph
##LTLine##,759,355,759,355,paragraph
##LTLine##,280,376,280,376,paragraph
##LTLine##,281,376,281,376,paragraph
##LTLine##,283,376,283,376,paragraph
##LTLine##,288,376,288,376,paragraph
##LTLine##,289,376,289,376,paragraph
##LTLine##,292,376,292,376,paragraph
##LTLine##,292,376,292,376,paragraph
##LTLine##,293,376,293,376,paragraph
##LTLine##,294,376,294,376,paragraph
##LTLine##,295,376,295,376,paragraph
##LTLine##,298,376,298,376,paragraph
##LTLine##,298,376,298,376,paragraph
##LTLine##,298,376,298,376,paragraph
##LTLine##,299,376,299,376,paragraph
##LTLine##,303,376,303,376,paragraph
##LTLine##,309,376,309,376,paragraph
##LTLine##,310,376,310,376,paragraph
##LTLine##,391,376,391,376,paragraph
##LTLine##,401,376,401,376,paragraph
##LTLine##,401,376,402,376,paragraph
##LTLine##,402,376,402,376,paragraph
##LTLine##,403,374,403,374,paragraph
##LTLine##,405,376,405,376,paragraph
##LTLine##,405,376,405,376,paragraph
##LTLine##,409,375,409,375,paragraph
##LTLine##,412,376,412,376,paragraph
##LTLine##,413,376,413,376,paragraph
##LTLine##,413,376,413,376,paragraph
##LTLine##,414,376,414,376,paragraph
##LTLine##,415,376,415,376,paragraph
##LTLine##,417,376,417,376,paragraph
##LTLine##,418,376,418,376,paragraph
##LTLine##,418,376,418,376,paragraph
##LTLine##,419,374,419,374,paragraph
##LTLine##,420,376,420,376,paragraph
##LTLine##,420,376,420,376,paragraph
##LTLine##,421,376,421,376,paragraph
##LTLine##,422,376,422,376,paragraph
##LTLine##,422,376,422,376,paragraph
##LTLine##,422,376,422,376,paragraph
##LTLine##,423,376,423,376,paragraph
##LTLine##,423,376,423,376,paragraph
##LTLine##,423,376,423,376,paragraph
##LTLine##,424,375,424,375,paragraph
##LTLine##,424,376,424,376,paragraph
##LTLine##,425,376,425,376,paragraph
##LTLine##,425,376,425,376,paragraph
##LTLine##,425,376,425,376,paragraph
##LTLine##,425,376,425,376,paragraph
##LTLine##,426,376,426,376,paragraph
##LTLine##,426,376,426,376,paragraph
##LTLine##,427,376,427,376,paragraph
##LTLine##,427,376,427,376,paragraph
##LTLine##,430,376,430,376,paragraph
##LTLine##,431,376,431,376,paragraph
##LTLine##,435,376,435,376,paragraph
##LTLine##,436,376,436,376,paragraph
##LTLine##,489,368,489,368,paragraph
##LTLine##,527,376,527,376,paragraph
##LTLine##,538,376,538,376,paragraph
##LTLine##,539,376,539,376,paragraph
##LTLine##,541,376,541,376,paragraph
##LTLine##,542,376,542,376,paragraph
##LTLine##,544,376,544,376,paragraph
##LTLine##,544,376,544,376,paragraph
##LTLine##,544,376,544,376,paragraph
##LTLine##,544,376,545,376,paragraph
##LTLine##,545,376,545,376,paragraph
##LTLine##,547,376,547,376,paragraph
##LTLine##,547,376,547,376,paragraph
##LTLine##,547,376,547,376,paragraph
##LTLine##,547,376,548,376,paragraph
##LTLine##,548,376,548,376,paragraph
##LTLine##,548,376,549,376,paragraph
##LTLine##,549,376,549,376,paragraph
##LTLine##,549,376,549,376,paragraph
##LTLine##,549,375,549,375,paragraph
##LTLine##,550,376,550,376,paragraph
##LTLine##,550,376,550,376,paragraph
##LTLine##,552,376,552,376,paragraph
##LTLine##,552,376,552,376,paragraph
##LTLine##,553,376,553,376,paragraph
##LTLine##,553,376,553,376,paragraph
##LTLine##,554,376,554,376,paragraph
##LTLine##,556,376,556,376,paragraph
##LTLine##,557,376,557,376,paragraph
##LTLine##,557,376,557,376,paragraph
##LTLine##,558,376,558,376,paragraph
##LTLine##,560,376,560,376,paragraph
##LTLine##,560,376,560,376,paragraph
##LTLine##,561,376,561,376,paragraph
##LTLine##,563,376,563,376,paragraph
##LTLine##,565,375,565,375,paragraph
##LTLine##,593,370,593,370,paragraph
##LTLine##,644,375,644,375,paragraph
##LTLine##,654,376,654,376,paragraph
##LTLine##,663,376,663,376,paragraph
##LTLine##,666,375,666,375,paragraph
##LTLine##,667,376,667,376,paragraph
##LTLine##,670,374,670,374,paragraph
##LTLine##,671,376,671,376,paragraph
##LTLine##,674,376,674,376,paragraph
##LTLine##,679,376,680,376,paragraph
##LTLine##,685,376,685,376,paragraph
##LTLine##,685,376,685,376,paragraph
##LTLine##,688,376,688,376,paragraph
##LTLine##,690,376,690,376,paragraph
##LTLine##,691,376,691,376,paragraph
##LTLine##,691,376,691,376,paragraph
##LTLine##,692,376,692,376,paragraph
##LTLine##,692,376,692,376,paragraph
##LTLine##,693,376,693,376,paragraph
##LTLine##,693,376,693,376,paragraph
##LTLine##,693,376,693,376,paragraph
##LTLine##,693,376,693,376,paragraph
##LTLine##,694,376,694,376,paragraph
##LTLine##,696,376,696,376,paragraph
##LTLine##,696,376,696,376,paragraph
##LTLine##,697,376,697,376,paragraph
##LTLine##,697,376,697,376,paragraph
##LTLine##,697,376,698,376,paragraph
##LTLine##,698,376,698,376,paragraph
##LTLine##,700,376,700,376,paragraph
##LTLine##,700,376,700,376,paragraph
##LTLine##,700,376,700,376,paragraph
##LTLine##,701,376,701,376,paragraph
##LTLine##,701,376,701,376,paragraph
##LTLine##,701,376,701,376,paragraph
##LTLine##,701,376,701,376,paragraph
##LTLine##,702,376,702,376,paragraph
##LTLine##,702,376,703,376,paragraph
##LTLine##,703,376,703,376,paragraph
##LTLine##,703,376,703,376,paragraph
##LTLine##,703,376,703,376,paragraph
##LTLine##,703,376,704,376,paragraph
##LTLine##,704,376,704,376,paragraph
##LTLine##,704,376,704,376,paragraph
##LTLine##,704,376,704,376,paragraph
##LTLine##,704,376,704,376,paragraph
##LTLine##,705,376,705,376,paragraph
##LTLine##,705,376,705,376,paragraph
##LTLine##,705,376,706,376,paragraph
##LTLine##,707,376,707,376,paragraph
##LTLine##,707,376,707,376,paragraph
##LTLine##,708,376,708,376,paragraph
##LTLine##,708,376,708,376,paragraph
##LTLine##,709,376,709,376,paragraph
##LTLine##,709,376,709,376,paragraph
##LTLine##,710,376,710,376,paragraph
##LTLine##,710,376,711,376,paragraph
##LTLine##,711,376,711,376,paragraph
##LTLine##,711,376,711,376,paragraph
##LTLine##,712,376,712,376,paragraph
##LTLine##,712,376,712,376,paragraph
##LTLine##,712,376,712,376,paragraph
##LTLine##,712,376,712,376,paragraph
##LTLine##,713,375,713,375,paragraph
##LTLine##,713,376,713,376,paragraph
##LTLine##,713,376,713,376,paragraph
##LTLine##,714,375,714,375,paragraph
##LTLine##,714,376,714,376,paragraph
##LTLine##,714,376,715,376,paragraph
##LTLine##,715,376,715,376,paragraph
##LTLine##,715,376,715,376,paragraph
##LTLine##,715,376,715,376,paragraph
##LTLine##,716,376,716,376,paragraph
##LTLine##,716,376,716,376,paragraph
##LTLine##,716,376,716,376,paragraph
##LTLine##,717,376,717,376,paragraph
##LTLine##,717,376,717,376,paragraph
##LTLine##,717,376,717,376,paragraph
##LTLine##,717,376,717,376,paragraph
##LTLine##,717,376,717,376,paragraph
##LTLine##,722,376,722,376,paragraph
##LTLine##,724,376,724,376,paragraph
##LTLine##,724,376,724,376,paragraph
##LTLine##,725,376,725,376,paragraph
##LTLine##,726,376,726,376,paragraph
##LTLine##,728,376,728,376,paragraph
##LTLine##,728,376,728,376,paragraph
##LTLine##,732,375,732,375,paragraph
##LTLine##,747,372,748,372,paragraph
##LTLine##,233,395,233,395,paragraph
##LTLine##,245,396,245,396,paragraph
##LTLine##,268,396,269,396,paragraph
##LTLine##,269,396,269,396,paragraph
##LTLine##,270,396,270,396,paragraph
##LTLine##,280,396,280,396,paragraph
##LTLine##,280,397,280,397,paragraph
##LTLine##,280,397,280,397,paragraph
##LTLine##,281,397,282,397,paragraph
##LTLine##,282,397,282,397,paragraph
##LTLine##,282,397,282,397,paragraph
##LTLine##,283,397,283,397,paragraph
##LTLine##,283,397,284,397,paragraph
##LTLine##,284,397,284,397,paragraph
##LTLine##,285,395,285,395,paragraph
##LTLine##,286,396,286,396,paragraph
##LTLine##,288,396,288,396,paragraph
##LTLine##,288,396,288,396,paragraph
##LTLine##,288,397,289,397,paragraph
##LTLine##,289,397,289,397,paragraph
##LTLine##,291,397,291,397,paragraph
##LTLine##,291,397,291,397,paragraph
##LTLine##,296,397,296,397,paragraph
##LTLine##,298,397,298,397,paragraph
##LTLine##,298,397,298,397,paragraph
##LTLine##,298,397,298,397,paragraph
##LTLine##,298,397,298,397,paragraph
##LTLine##,302,397,302,397,paragraph
##LTLine##,303,397,303,397,paragraph
##LTLine##,304,397,304,397,paragraph
##LTLine##,305,396,305,396,paragraph
##LTLine##,306,397,306,397,paragraph
##LTLine##,310,397,310,397,paragraph
##LTLine##,314,396,314,396,paragraph
##LTLine##,370,388,370,388,paragraph
##LTLine##,391,397,391,397,paragraph
##LTLine##,399,396,399,396,paragraph
##LTLine##,401,397,401,397,paragraph
##LTLine##,401,397,401,397,paragraph
##LTLine##,402,397,402,397,paragraph
##LTLine##,412,397,412,397,paragraph
##LTLine##,413,397,413,397,paragraph
##LTLine##,413,397,413,397,paragraph
##LTLine##,413,397,413,397,paragraph
##LTLine##,414,397,414,397,paragraph
##LTLine##,414,397,414,397,paragraph
##LTLine##,415,397,415,397,paragraph
##LTLine##,416,397,416,397,paragraph
##LTLine##,417,397,417,397,paragraph
##LTLine##,417,397,417,397,paragraph
##LTLine##,418,397,418,397,paragraph
##LTLine##,418,397,418,397,paragraph
##LTLine##,420,397,420,397,paragraph
##LTLine##,420,397,420,397,paragraph
##LTLine##,431,397,431,397,paragraph
##LTLine##,431,397,431,397,paragraph
##LTLine##,436,397,436,397,paragraph
##LTLine##,436,397,436,397,paragraph
##LTLine##,535,397,535,397,paragraph
##LTLine##,541,397,541,397,paragraph
##LTLine##,542,397,542,397,paragraph
##LTLine##,544,397,544,397,paragraph
##LTLine##,544,397,544,397,paragraph
##LTLine##,544,397,545,397,paragraph
##LTLine##,545,397,545,397,paragraph
##LTLine##,545,397,545,397,paragraph
##LTLine##,546,397,546,397,paragraph
##LTLine##,547,397,547,397,paragraph
##LTLine##,547,397,548,397,paragraph
##LTLine##,553,397,553,397,paragraph
##LTLine##,553,397,553,397,paragraph
##LTLine##,553,397,553,397,paragraph
##LTLine##,554,397,554,397,paragraph
##LTLine##,554,397,554,397,paragraph
##LTLine##,556,397,556,397,paragraph
##LTLine##,560,397,560,397,paragraph
##LTLine##,654,395,654,395,paragraph
##LTLine##,671,397,671,397,paragraph
##LTLine##,671,397,671,397,paragraph
##LTLine##,672,397,672,397,paragraph
##LTLine##,672,397,672,397,paragraph
##LTLine##,677,396,677,396,paragraph
##LTLine##,677,397,677,397,paragraph
##LTLine##,682,397,682,397,paragraph
##LTLine##,684,396,684,396,paragraph
##LTLine##,684,396,684,396,paragraph
##LTLine##,689,397,689,397,paragraph
##LTLine##,691,397,691,397,paragraph
##LTLine##,691,397,691,397,paragraph
##LTLine##,692,397,692,397,paragraph
##LTLine##,693,397,693,397,paragraph
##LTLine##,693,397,693,397,paragraph
##LTLine##,693,397,693,397,paragraph
##LTLine##,693,397,693,397,paragraph
##LTLine##,699,397,699,397,paragraph
##LTLine##,701,397,702,397,paragraph
##LTLine##,702,397,702,397,paragraph
##LTLine##,703,397,704,397,paragraph
##LTLine##,704,397,704,397,paragraph
##LTLine##,706,397,706,397,paragraph
##LTLine##,706,397,706,397,paragraph
##LTLine##,706,397,706,397,paragraph
##LTLine##,707,397,707,397,paragraph
##LTLine##,707,397,707,397,paragraph
##LTLine##,707,397,707,397,paragraph
##LTLine##,709,397,709,397,paragraph
##LTLine##,709,397,709,397,paragraph
##LTLine##,709,397,709,397,paragraph
##LTLine##,710,397,710,397,paragraph
##LTLine##,712,397,712,397,paragraph
##LTLine##,714,397,716,397,paragraph
##LTLine##,716,397,716,397,paragraph
##LTLine##,716,397,716,397,paragraph
##LTLine##,717,397,717,397,paragraph
##LTLine##,719,397,719,397,paragraph
##LTLine##,732,397,732,397,paragraph
##LTLine##,187,410,187,410,paragraph
##LTLine##,281,417,281,417,paragraph
##LTLine##,281,417,281,417,paragraph
##LTLine##,282,417,282,417,paragraph
##LTLine##,282,417,282,417,paragraph
##LTLine##,282,417,282,417,paragraph
##LTLine##,284,417,284,417,paragraph
##LTLine##,289,417,289,417,paragraph
##LTLine##,291,417,291,417,paragraph
##LTLine##,291,417,291,417,paragraph
##LTLine##,292,417,292,417,paragraph
##LTLine##,296,417,296,417,paragraph
##LTLine##,298,417,298,417,paragraph
##LTLine##,298,417,298,417,paragraph
##LTLine##,298,416,298,416,paragraph
##LTLine##,298,416,299,416,paragraph
##LTLine##,300,417,300,417,paragraph
##LTLine##,302,417,302,417,paragraph
##LTLine##,302,416,302,416,paragraph
##LTLine##,303,417,303,417,paragraph
##LTLine##,303,417,303,417,paragraph
##LTLine##,308,416,308,416,paragraph
##LTLine##,391,417,391,417,paragraph
##LTLine##,401,417,401,417,paragraph
##LTLine##,401,417,401,417,paragraph
##LTLine##,401,417,402,417,paragraph
##LTLine##,403,417,403,417,paragraph
##LTLine##,403,416,403,416,paragraph
##LTLine##,405,417,405,417,paragraph
##LTLine##,405,417,405,417,paragraph
##LTLine##,407,417,407,417,paragraph
##LTLine##,408,417,408,417,paragraph
##LTLine##,408,417,408,417,paragraph
##LTLine##,410,417,410,417,paragraph
##LTLine##,413,417,413,417,paragraph
##LTLine##,413,417,413,417,paragraph
##LTLine##,416,417,416,417,paragraph
##LTLine##,417,417,417,417,paragraph
##LTLine##,417,417,417,417,paragraph
##LTLine##,418,417,418,417,paragraph
##LTLine##,419,417,419,417,paragraph
##LTLine##,420,417,420,417,paragraph
##LTLine##,420,417,421,417,paragraph
##LTLine##,424,417,424,417,paragraph
##LTLine##,428,416,428,416,paragraph
##LTLine##,429,417,429,417,paragraph
##LTLine##,429,417,429,417,paragraph
##LTLine##,430,417,430,417,paragraph
##LTLine##,431,417,431,417,paragraph
##LTLine##,431,417,431,417,paragraph
##LTLine##,431,417,431,417,paragraph
##LTLine##,432,417,432,417,paragraph
##LTLine##,433,416,433,416,paragraph
##LTLine##,435,417,435,417,paragraph
##LTLine##,436,417,436,417,paragraph
##LTLine##,442,416,442,416,paragraph
##LTLine##,469,412,469,412,paragraph
##LTLine##,514,415,514,415,paragraph
##LTLine##,521,417,521,417,paragraph
##LTLine##,529,416,529,416,paragraph
##LTLine##,543,417,543,417,paragraph
##LTLine##,543,417,543,417,paragraph
##LTLine##,544,417,544,417,paragraph
##LTLine##,544,417,544,417,paragraph
##LTLine##,544,416,544,416,paragraph
##LTLine##,545,417,545,417,paragraph
##LTLine##,547,417,548,417,paragraph
##LTLine##,549,417,549,417,paragraph
##LTLine##,551,416,551,416,paragraph
##LTLine##,552,417,553,417,paragraph
##LTLine##,553,417,553,417,paragraph
##LTLine##,553,417,553,417,paragraph
##LTLine##,553,417,553,417,paragraph
##LTLine##,553,417,553,417,paragraph
##LTLine##,554,417,554,417,paragraph
##LTLine##,554,417,554,417,paragraph
##LTLine##,556,417,556,417,paragraph
##LTLine##,557,417,557,417,paragraph
##LTLine##,558,417,558,417,paragraph
##LTLine##,558,417,558,417,paragraph
##LTLine##,559,417,559,417,paragraph
##LTLine##,560,416,560,416,paragraph
##LTLine##,595,410,595,410,paragraph
##LTLine##,643,416,643,416,paragraph
##LTLine##,654,417,654,417,paragraph
##LTLine##,654,416,654,416,paragraph
##LTLine##,659,416,659,416,paragraph
##LTLine##,663,417,663,417,paragraph
##LTLine##,664,417,664,417,paragraph
##LTLine##,666,416,666,416,paragraph
##LTLine##,667,417,667,417,paragraph
##LTLine##,670,417,671,417,paragraph
##LTLine##,671,417,671,417,paragraph
##LTLine##,672,417,672,417,paragraph
##LTLine##,678,416,678,416,paragraph
##LTLine##,682,417,682,417,paragraph
##LTLine##,684,417,684,417,paragraph
##LTLine##,685,417,685,417,paragraph
##LTLine##,685,417,686,417,paragraph
##LTLine##,691,417,691,417,paragraph
##LTLine##,692,417,692,417,paragraph
##LTLine##,692,417,692,417,paragraph
##LTLine##,692,417,693,417,paragraph
##LTLine##,693,417,693,417,paragraph
##LTLine##,693,417,693,417,paragraph
##LTLine##,693,417,693,417,paragraph
##LTLine##,694,417,695,417,paragraph
##LTLine##,695,417,696,417,paragraph
##LTLine##,696,417,696,417,paragraph
##LTLine##,696,417,696,417,paragraph
##LTLine##,697,417,697,417,paragraph
##LTLine##,698,417,698,417,paragraph
##LTLine##,699,417,699,417,paragraph
##LTLine##,699,417,699,417,paragraph
##LTLine##,701,416,701,416,paragraph
##LTLine##,703,417,703,417,paragraph
##LTLine##,703,417,704,417,paragraph
##LTLine##,705,417,705,417,paragraph
##LTLine##,706,417,706,417,paragraph
##LTLine##,706,417,707,417,paragraph
##LTLine##,707,417,707,417,paragraph
##LTLine##,707,417,707,417,paragraph
##LTLine##,709,417,709,417,paragraph
##LTLine##,709,417,709,417,paragraph
##LTLine##,709,417,709,417,paragraph
##LTLine##,710,417,710,417,paragraph
##LTLine##,710,417,710,417,paragraph
##LTLine##,710,417,711,417,paragraph
##LTLine##,711,417,711,417,paragraph
##LTLine##,711,417,711,417,paragraph
##LTLine##,711,417,711,417,paragraph
##LTLine##,718,417,718,417,paragraph
##LTLine##,719,417,719,417,paragraph
##LTLine##,719,417,719,417,paragraph
##LTLine##,722,416,722,416,paragraph
##LTLine##,391,437,391,437,paragraph
##LTLine##,401,437,401,437,paragraph
##LTLine##,405,437,405,437,paragraph
##LTLine##,405,437,405,437,paragraph
##LTLine##,410,437,410,437,paragraph
##LTLine##,414,437,414,437,paragraph
##LTLine##,416,437,416,437,paragraph
##LTLine##,418,437,418,437,paragraph
##LTLine##,423,437,423,437,paragraph
##LTLine##,431,437,431,437,paragraph
##LTLine##,531,436,531,436,paragraph
##LTLine##,540,437,540,437,paragraph
##LTLine##,541,437,541,437,paragraph
##LTLine##,543,437,543,437,paragraph
##LTLine##,548,437,549,437,paragraph
##LTLine##,549,437,549,437,paragraph
##LTLine##,550,437,550,437,paragraph
##LTLine##,550,437,550,437,paragraph
##LTLine##,553,437,553,437,paragraph
##LTLine##,553,437,553,437,paragraph
##LTLine##,553,437,554,437,paragraph
##LTLine##,557,437,557,437,paragraph
##LTLine##,558,437,558,437,paragraph
##LTLine##,560,437,560,437,paragraph
##LTLine##,658,435,658,435,paragraph
##LTLine##,663,437,663,437,paragraph
##LTLine##,666,436,667,436,paragraph
##LTLine##,670,437,671,437,paragraph
##LTLine##,671,437,671,437,paragraph
##LTLine##,671,437,671,437,paragraph
##LTLine##,672,437,672,437,paragraph
##LTLine##,674,437,674,437,paragraph
##LTLine##,682,437,682,437,paragraph
##LTLine##,682,437,682,437,paragraph
##LTLine##,686,437,686,437,paragraph
##LTLine##,688,437,688,437,paragraph
##LTLine##,692,437,692,437,paragraph
##LTLine##,692,437,693,437,paragraph
##LTLine##,693,437,693,437,paragraph
##LTLine##,697,437,697,437,paragraph
##LTLine##,697,437,698,437,paragraph
##LTLine##,699,437,699,437,paragraph
##LTLine##,700,437,700,437,paragraph
##LTLine##,708,437,708,437,paragraph
##LTLine##,708,437,708,437,paragraph
##LTLine##,709,437,709,437,paragraph
##LTLine##,712,437,712,437,paragraph
##LTLine##,715,437,715,437,paragraph
##LTLine##,715,437,715,437,paragraph
##LTLine##,717,437,717,437,paragraph
##LTLine##,719,437,719,437,paragraph
##LTLine##,724,437,724,437,paragraph
##LTLine##,729,436,729,436,paragraph
##LTLine##,242,453,242,453,paragraph
##LTLine##,265,457,265,457,paragraph
##LTLine##,281,457,281,457,paragraph
##LTLine##,281,457,281,457,paragraph
##LTLine##,283,457,283,457,paragraph
##LTLine##,283,457,283,457,paragraph
##LTLine##,289,457,289,457,paragraph
##LTLine##,290,457,290,457,paragraph
##LTLine##,291,457,291,457,paragraph
##LTLine##,292,457,292,457,paragraph
##LTLine##,296,457,296,457,paragraph
##LTLine##,301,457,302,457,paragraph
##LTLine##,302,457,302,457,paragraph
##LTLine##,391,457,391,457,paragraph
##LTLine##,401,457,402,457,paragraph
##LTLine##,404,456,404,456,paragraph
##LTLine##,405,457,405,457,paragraph
##LTLine##,405,457,405,457,paragraph
##LTLine##,405,457,405,457,paragraph
##LTLine##,407,457,407,457,paragraph
##LTLine##,408,457,408,457,paragraph
##LTLine##,414,457,414,457,paragraph
##LTLine##,416,457,416,457,paragraph
##LTLine##,417,457,417,457,paragraph
##LTLine##,418,457,418,457,paragraph
##LTLine##,419,457,419,457,paragraph
##LTLine##,420,457,420,457,paragraph
##LTLine##,420,457,420,457,paragraph
##LTLine##,420,457,421,457,paragraph
##LTLine##,422,457,423,457,paragraph
##LTLine##,426,457,426,457,paragraph
##LTLine##,428,454,428,454,paragraph
##LTLine##,430,457,430,457,paragraph
##LTLine##,432,457,432,457,paragraph
##LTLine##,435,457,435,457,paragraph
##LTLine##,437,456,437,456,paragraph
##LTLine##,445,452,445,452,paragraph
##LTLine##,521,457,521,457,paragraph
##LTLine##,527,457,527,457,paragraph
##LTLine##,544,457,544,457,paragraph
##LTLine##,544,457,544,457,paragraph
##LTLine##,545,457,545,457,paragraph
##LTLine##,545,457,545,457,paragraph
##LTLine##,547,457,547,457,paragraph
##LTLine##,547,457,547,457,paragraph
##LTLine##,547,457,548,457,paragraph
##LTLine##,548,457,548,457,paragraph
##LTLine##,548,457,548,457,paragraph
##LTLine##,552,457,552,457,paragraph
##LTLine##,552,457,552,457,paragraph
##LTLine##,553,457,553,457,paragraph
##LTLine##,553,457,553,457,paragraph
##LTLine##,554,457,554,457,paragraph
##LTLine##,554,457,554,457,paragraph
##LTLine##,556,457,556,457,paragraph
##LTLine##,556,457,556,457,paragraph
##LTLine##,559,457,559,457,paragraph
##LTLine##,560,457,560,457,paragraph
##LTLine##,560,457,560,457,paragraph
##LTLine##,650,456,651,456,paragraph
##LTLine##,663,457,663,457,paragraph
##LTLine##,672,457,672,457,paragraph
##LTLine##,682,457,682,457,paragraph
##LTLine##,686,457,686,457,paragraph
##LTLine##,689,457,689,457,paragraph
##LTLine##,691,457,691,457,paragraph
##LTLine##,692,457,692,457,paragraph
##LTLine##,692,457,692,457,paragraph
##LTLine##,693,457,693,457,paragraph
##LTLine##,695,457,695,457,paragraph
##LTLine##,696,457,697,457,paragraph
##LTLine##,698,457,698,457,paragraph
##LTLine##,700,457,700,457,paragraph
##LTLine##,701,457,701,457,paragraph
##LTLine##,706,457,706,457,paragraph
##LTLine##,706,457,706,457,paragraph
##LTLine##,706,457,707,457,paragraph
##LTLine##,708,457,708,457,paragraph
##LTLine##,708,457,708,457,paragraph
##LTLine##,708,457,709,457,paragraph
##LTLine##,709,457,709,457,paragraph
##LTLine##,711,457,711,457,paragraph
##LTLine##,711,457,711,457,paragraph
##LTLine##,714,457,714,457,paragraph
##LTLine##,715,457,716,457,paragraph
##LTLine##,718,457,718,457,paragraph
##LTLine##,719,457,719,457,paragraph
##LTLine##,719,456,719,456,paragraph
##LTLine##,724,457,724,457,paragraph
##LTLine##,279,478,279,478,paragraph
##LTLine##,281,475,281,475,paragraph
##LTLine##,288,478,288,478,paragraph
##LTLine##,290,478,290,478,paragraph
##LTLine##,290,478,290,478,paragraph
##LTLine##,291,478,291,478,paragraph
##LTLine##,303,478,303,478,paragraph
##LTLine##,401,478,401,478,paragraph
##LTLine##,401,478,401,478,paragraph
##LTLine##,401,478,401,478,paragraph
##LTLine##,401,478,401,478,paragraph
##LTLine##,405,478,405,478,paragraph
##LTLine##,407,478,407,478,paragraph
##LTLine##,410,478,410,478,paragraph
##LTLine##,417,478,417,478,paragraph
##LTLine##,417,478,418,478,paragraph
##LTLine##,418,478,418,478,paragraph
##LTLine##,422,478,422,478,paragraph
##LTLine##,426,478,426,478,paragraph
##LTLine##,426,478,426,478,paragraph
##LTLine##,429,478,429,478,paragraph
##LTLine##,430,478,430,478,paragraph
##LTLine##,431,478,431,478,paragraph
##LTLine##,523,478,523,478,paragraph
##LTLine##,544,478,544,478,paragraph
##LTLine##,544,478,544,478,paragraph
##LTLine##,548,478,549,478,paragraph
##LTLine##,552,478,553,478,paragraph
##LTLine##,553,478,553,478,paragraph
##LTLine##,553,478,553,478,paragraph
##LTLine##,554,478,554,478,paragraph
##LTLine##,556,478,556,478,paragraph
##LTLine##,631,472,631,472,paragraph
##LTLine##,663,478,663,478,paragraph
##LTLine##,667,478,667,478,paragraph
##LTLine##,685,478,686,478,paragraph
##LTLine##,687,477,687,477,paragraph
##LTLine##,688,478,688,478,paragraph
##LTLine##,691,478,691,478,paragraph
##LTLine##,692,478,692,478,paragraph
##LTLine##,693,478,693,478,paragraph
##LTLine##,696,478,697,478,paragraph
##LTLine##,697,478,697,478,paragraph
##LTLine##,698,478,698,478,paragraph
##LTLine##,698,478,698,478,paragraph
##LTLine##,700,478,700,478,paragraph
##LTLine##,702,478,703,478,paragraph
##LTLine##,703,478,703,478,paragraph
##LTLine##,703,478,703,478,paragraph
##LTLine##,704,478,704,478,paragraph
##LTLine##,704,478,704,478,paragraph
##LTLine##,705,478,705,478,paragraph
##LTLine##,705,478,705,478,paragraph
##LTLine##,706,478,706,478,paragraph
##LTLine##,706,478,706,478,paragraph
##LTLine##,706,478,707,478,paragraph
##LTLine##,707,478,707,478,paragraph
##LTLine##,711,478,711,478,paragraph
##LTLine##,711,478,711,478,paragraph
##LTLine##,716,478,716,478,paragraph
##LTLine##,717,478,717,478,paragraph
##LTLine##,717,478,717,478,paragraph
##LTLine##,718,478,718,478,paragraph
##LTLine##,719,478,719,478,paragraph
##LTLine##,719,478,719,478,paragraph
##LTLine##,757,474,757,474,paragraph
##LTLine##,191,496,191,496,paragraph
##LTLine##,216,491,216,491,paragraph
##LTLine##,243,493,243,493,paragraph
##LTLine##,261,497,261,497,paragraph
##LTLine##,264,497,264,497,paragraph
##LTLine##,265,497,265,497,paragraph
##LTLine##,266,498,266,498,paragraph
##LTLine##,267,498,267,498,paragraph
##LTLine##,270,498,271,498,paragraph
##LTLine##,277,498,277,498,paragraph
##LTLine##,279,498,279,498,paragraph
##LTLine##,280,498,280,498,paragraph
##LTLine##,281,498,281,498,paragraph
##LTLine##,282,498,282,498,paragraph
##LTLine##,283,498,283,498,paragraph
##LTLine##,283,498,283,498,paragraph
##LTLine##,283,498,284,498,paragraph
##LTLine##,287,497,287,497,paragraph
##LTLine##,288,497,288,497,paragraph
##LTLine##,288,497,288,497,paragraph
##LTLine##,289,498,289,498,paragraph
##LTLine##,290,498,290,498,paragraph
##LTLine##,290,498,290,498,paragraph
##LTLine##,291,498,291,498,paragraph
##LTLine##,291,498,291,498,paragraph
##LTLine##,292,498,292,498,paragraph
##LTLine##,292,498,292,498,paragraph
##LTLine##,298,498,298,498,paragraph
##LTLine##,298,498,298,498,paragraph
##LTLine##,298,498,298,498,paragraph
##LTLine##,298,497,298,497,paragraph
##LTLine##,299,497,299,497,paragraph
##LTLine##,301,498,301,498,paragraph
##LTLine##,302,498,302,498,paragraph
##LTLine##,306,498,306,498,paragraph
##LTLine##,308,497,308,497,paragraph
##LTLine##,314,497,315,497,paragraph
##LTLine##,391,498,391,498,paragraph
##LTLine##,401,497,401,497,paragraph
##LTLine##,401,498,401,498,paragraph
##LTLine##,401,498,401,498,paragraph
##LTLine##,405,498,405,498,paragraph
##LTLine##,407,498,407,498,paragraph
##LTLine##,410,497,410,497,paragraph
##LTLine##,413,498,413,498,paragraph
##LTLine##,413,498,413,498,paragraph
##LTLine##,413,498,413,498,paragraph
##LTLine##,414,498,414,498,paragraph
##LTLine##,414,498,414,498,paragraph
##LTLine##,415,498,415,498,paragraph
##LTLine##,415,498,415,498,paragraph
##LTLine##,416,498,416,498,paragraph
##LTLine##,416,498,416,498,paragraph
##LTLine##,417,498,417,498,paragraph
##LTLine##,417,498,417,498,paragraph
##LTLine##,417,498,417,498,paragraph
##LTLine##,418,498,418,498,paragraph
##LTLine##,418,498,418,498,paragraph
##LTLine##,419,498,419,498,paragraph
##LTLine##,419,498,419,498,paragraph
##LTLine##,419,497,419,497,paragraph
##LTLine##,420,498,421,498,paragraph
##LTLine##,422,498,422,498,paragraph
##LTLine##,422,498,422,498,paragraph
##LTLine##,423,498,423,498,paragraph
##LTLine##,423,498,423,498,paragraph
##LTLine##,423,498,423,498,paragraph
##LTLine##,423,498,423,498,paragraph
##LTLine##,424,497,424,497,paragraph
##LTLine##,424,498,424,498,paragraph
##LTLine##,426,497,426,497,paragraph
##LTLine##,426,498,426,498,paragraph
##LTLine##,426,498,426,498,paragraph
##LTLine##,428,498,428,498,paragraph
##LTLine##,429,498,429,498,paragraph
##LTLine##,429,498,429,498,paragraph
##LTLine##,429,496,429,496,paragraph
##LTLine##,430,498,430,498,paragraph
##LTLine##,431,498,431,498,paragraph
##LTLine##,432,498,432,498,paragraph
##LTLine##,432,497,432,497,paragraph
##LTLine##,436,498,436,498,paragraph
##LTLine##,523,498,523,498,paragraph
##LTLine##,527,497,527,497,paragraph
##LTLine##,536,498,536,498,paragraph
##LTLine##,539,498,539,498,paragraph
##LTLine##,540,498,540,498,paragraph
##LTLine##,540,498,540,498,paragraph
##LTLine##,544,498,544,498,paragraph
##LTLine##,547,498,547,498,paragraph
##LTLine##,548,498,548,498,paragraph
##LTLine##,548,498,549,498,paragraph
##LTLine##,549,497,549,497,paragraph
##LTLine##,550,498,550,498,paragraph
##LTLine##,552,497,552,497,paragraph
##LTLine##,553,498,553,498,paragraph
##LTLine##,553,498,553,498,paragraph
##LTLine##,553,498,553,498,paragraph
##LTLine##,554,498,554,498,paragraph
##LTLine##,554,498,554,498,paragraph
##LTLine##,555,498,555,498,paragraph
##LTLine##,557,498,557,498,paragraph
##LTLine##,558,498,558,498,paragraph
##LTLine##,558,498,558,498,paragraph
##LTLine##,560,497,560,497,paragraph
##LTLine##,561,497,561,497,paragraph
##LTLine##,564,497,564,497,paragraph
##LTLine##,569,498,569,498,paragraph
##LTLine##,619,489,619,489,paragraph
##LTLine##,640,497,640,497,paragraph
##LTLine##,667,498,667,498,paragraph
##LTLine##,667,498,667,498,paragraph
##LTLine##,670,498,671,498,paragraph
##LTLine##,672,498,672,498,paragraph
##LTLine##,681,497,681,497,paragraph
##LTLine##,682,498,682,498,paragraph
##LTLine##,690,497,690,497,paragraph
##LTLine##,690,497,690,497,paragraph
##LTLine##,691,498,691,498,paragraph
##LTLine##,691,498,691,498,paragraph
##LTLine##,692,498,692,498,paragraph
##LTLine##,692,498,692,498,paragraph
##LTLine##,692,498,692,498,paragraph
##LTLine##,693,498,693,498,paragraph
##LTLine##,694,498,694,498,paragraph
##LTLine##,695,498,695,498,paragraph
##LTLine##,695,498,696,498,paragraph
##LTLine##,696,498,696,498,paragraph
##LTLine##,696,498,696,498,paragraph
##LTLine##,696,498,697,498,paragraph
##LTLine##,697,498,697,498,paragraph
##LTLine##,698,498,698,498,paragraph
##LTLine##,698,498,698,498,paragraph
##LTLine##,699,498,699,498,paragraph
##LTLine##,699,498,699,498,paragraph
##LTLine##,700,498,700,498,paragraph
##LTLine##,700,498,700,498,paragraph
##LTLine##,700,498,700,498,paragraph
##LTLine##,700,498,700,498,paragraph
##LTLine##,701,498,701,498,paragraph
##LTLine##,701,498,701,498,paragraph
##LTLine##,702,498,702,498,paragraph
##LTLine##,703,498,703,498,paragraph
##LTLine##,703,498,703,498,paragraph
##LTLine##,703,498,703,498,paragraph
##LTLine##,703,498,703,498,paragraph
##LTLine##,706,498,706,498,paragraph
##LTLine##,706,498,706,498,paragraph
##LTLine##,707,498,707,498,paragraph
##LTLine##,709,498,709,498,paragraph
##LTLine##,709,498,709,498,paragraph
##LTLine##,710,498,710,498,paragraph
##LTLine##,710,498,711,498,paragraph
##LTLine##,711,498,711,498,paragraph
##LTLine##,711,498,711,498,paragraph
##LTLine##,711,498,711,498,paragraph
##LTLine##,711,498,711,498,paragraph
##LTLine##,712,498,712,498,paragraph
##LTLine##,712,498,712,498,paragraph
##LTLine##,712,498,712,498,paragraph
##LTLine##,712,498,712,498,paragraph
##LTLine##,713,498,713,498,paragraph
##LTLine##,713,498,713,498,paragraph
##LTLine##,715,498,715,498,paragraph
##LTLine##,716,498,716,498,paragraph
##LTLine##,718,498,718,498,paragraph
##LTLine##,722,498,722,498,paragraph
##LTLine##,724,498,724,498,paragraph
##LTLine##,724,498,725,498,paragraph
##LTLine##,725,497,725,497,paragraph
##LTLine##,726,497,726,497,paragraph
##LTLine##,730,498,730,498,paragraph
##LTLine##,737,495,737,495,paragraph
##LTLine##,261,518,261,518,paragraph
##LTLine##,261,518,261,518,paragraph
##LTLine##,263,518,263,518,paragraph
##LTLine##,277,518,277,518,paragraph
##LTLine##,282,518,282,518,paragraph
##LTLine##,282,518,282,518,paragraph
##LTLine##,283,518,283,518,paragraph
##LTLine##,284,518,284,518,paragraph
##LTLine##,289,518,289,518,paragraph
##LTLine##,289,518,289,518,paragraph
##LTLine##,291,518,291,518,paragraph
##LTLine##,292,518,292,518,paragraph
##LTLine##,292,518,292,518,paragraph
##LTLine##,293,518,293,518,paragraph
##LTLine##,293,518,293,518,paragraph
##LTLine##,296,518,296,518,paragraph
##LTLine##,298,518,298,518,paragraph
##LTLine##,298,518,298,518,paragraph
##LTLine##,298,518,298,518,paragraph
##LTLine##,300,518,300,518,paragraph
##LTLine##,302,518,302,518,paragraph
##LTLine##,302,518,302,518,paragraph
##LTLine##,302,518,302,518,paragraph
##LTLine##,302,517,302,517,paragraph
##LTLine##,310,518,310,518,paragraph
##LTLine##,311,517,311,517,paragraph
##LTLine##,337,512,337,512,paragraph
##LTLine##,386,515,386,515,paragraph
##LTLine##,391,518,391,518,paragraph
##LTLine##,401,518,401,518,paragraph
##LTLine##,405,518,405,518,paragraph
##LTLine##,405,518,405,518,paragraph
##LTLine##,408,518,408,518,paragraph
##LTLine##,411,518,411,518,paragraph
##LTLine##,412,518,412,518,paragraph
##LTLine##,413,518,413,518,paragraph
##LTLine##,413,518,413,518,paragraph
##LTLine##,414,518,414,518,paragraph
##LTLine##,414,518,414,518,paragraph
##LTLine##,414,518,414,518,paragraph
##LTLine##,417,518,417,518,paragraph
##LTLine##,420,518,420,518,paragraph
##LTLine##,420,518,420,518,paragraph
##LTLine##,422,518,422,518,paragraph
##LTLine##,423,518,423,518,paragraph
##LTLine##,423,518,423,518,paragraph
##LTLine##,423,518,423,518,paragraph
##LTLine##,424,518,424,518,paragraph
##LTLine##,425,518,425,518,paragraph
##LTLine##,425,518,425,518,paragraph
##LTLine##,426,518,426,518,paragraph
##LTLine##,426,518,426,518,paragraph
##LTLine##,426,518,426,518,paragraph
##LTLine##,427,518,427,518,paragraph
##LTLine##,428,518,428,518,paragraph
##LTLine##,428,518,429,518,paragraph
##LTLine##,429,518,429,518,paragraph
##LTLine##,429,518,429,518,paragraph
##LTLine##,429,518,429,518,paragraph
##LTLine##,431,518,431,518,paragraph
##LTLine##,432,518,432,518,paragraph
##LTLine##,432,518,432,518,paragraph
##LTLine##,435,518,435,518,paragraph
##LTLine##,436,518,436,518,paragraph
##LTLine##,439,518,439,518,paragraph
##LTLine##,511,518,511,518,paragraph
##LTLine##,523,518,523,518,paragraph
##LTLine##,535,518,535,518,paragraph
##LTLine##,538,518,538,518,paragraph
##LTLine##,539,518,539,518,paragraph
##LTLine##,544,518,544,518,paragraph
##LTLine##,544,518,544,518,paragraph
##LTLine##,544,518,545,518,paragraph
##LTLine##,546,518,546,518,paragraph
##LTLine##,547,518,547,518,paragraph
##LTLine##,547,518,547,518,paragraph
##LTLine##,549,518,549,518,paragraph
##LTLine##,552,518,552,518,paragraph
##LTLine##,552,518,552,518,paragraph
##LTLine##,553,518,553,518,paragraph
##LTLine##,553,518,553,518,paragraph
##LTLine##,553,518,553,518,paragraph
##LTLine##,553,518,553,518,paragraph
##LTLine##,554,518,554,518,paragraph
##LTLine##,557,518,558,518,paragraph
##LTLine##,562,518,562,518,paragraph
##LTLine##,563,518,563,518,paragraph
##LTLine##,563,518,563,518,paragraph
##LTLine##,663,518,663,518,paragraph
##LTLine##,664,518,664,518,paragraph
##LTLine##,671,518,671,518,paragraph
##LTLine##,671,518,671,518,paragraph
##LTLine##,671,518,671,518,paragraph
##LTLine##,682,518,682,518,paragraph
##LTLine##,685,518,685,518,paragraph
##LTLine##,686,518,686,518,paragraph
##LTLine##,686,518,686,518,paragraph
##LTLine##,686,518,686,518,paragraph
##LTLine##,687,518,687,518,paragraph
##LTLine##,687,518,687,518,paragraph
##LTLine##,688,518,688,518,paragraph
##LTLine##,690,518,690,518,paragraph
##LTLine##,691,518,691,518,paragraph
##LTLine##,692,518,692,518,paragraph
##LTLine##,692,518,692,518,paragraph
##LTLine##,692,518,693,518,paragraph
##LTLine##,693,518,693,518,paragraph
##LTLine##,696,518,696,518,paragraph
##LTLine##,696,518,696,518,paragraph
##LTLine##,699,518,699,518,paragraph
##LTLine##,700,518,700,518,paragraph
##LTLine##,700,518,700,518,paragraph
##LTLine##,700,518,700,518,paragraph
##LTLine##,701,518,701,518,paragraph
##LTLine##,702,518,702,518,paragraph
##LTLine##,702,518,703,518,paragraph
##LTLine##,703,518,703,518,paragraph
##LTLine##,703,518,703,518,paragraph
##LTLine##,703,518,703,518,paragraph
##LTLine##,703,518,703,518,paragraph
##LTLine##,704,518,704,518,paragraph
##LTLine##,704,518,704,518,paragraph
##LTLine##,704,518,704,518,paragraph
##LTLine##,705,518,705,518,paragraph
##LTLine##,706,518,706,518,paragraph
##LTLine##,706,518,706,518,paragraph
##LTLine##,707,518,707,518,paragraph
##LTLine##,707,518,707,518,paragraph
##LTLine##,709,518,709,518,paragraph
##LTLine##,710,518,710,518,paragraph
##LTLine##,710,518,710,518,paragraph
##LTLine##,710,518,710,518,paragraph
##LTLine##,711,518,711,518,paragraph
##LTLine##,711,518,711,518,paragraph
##LTLine##,711,518,711,518,paragraph
##LTLine##,712,518,712,518,paragraph
##LTLine##,712,518,712,518,paragraph
##LTLine##,712,518,712,518,paragraph
##LTLine##,713,518,713,518,paragraph
##LTLine##,713,518,713,518,paragraph
##LTLine##,714,518,714,518,paragraph
##LTLine##,715,518,715,518,paragraph
##LTLine##,715,518,715,518,paragraph
##LTLine##,715,518,716,518,paragraph
##LTLine##,716,518,716,518,paragraph
##LTLine##,716,518,716,518,paragraph
##LTLine##,717,518,717,518,paragraph
##LTLine##,717,518,717,518,paragraph
##LTLine##,717,518,717,518,paragraph
##LTLine##,719,518,719,518,paragraph
##LTLine##,719,518,719,518,paragraph
##LTLine##,719,516,719,516,paragraph
##LTLine##,722,516,722,516,paragraph
##LTLine##,742,512,742,512,paragraph
##LTLine##,263,537,263,537,paragraph
##LTLine##,265,538,265,538,paragraph
##LTLine##,277,537,277,537,paragraph
##LTLine##,281,538,281,538,paragraph
##LTLine##,281,538,281,538,paragraph
##LTLine##,282,538,282,538,paragraph
##LTLine##,288,538,288,538,paragraph
##LTLine##,288,538,288,538,paragraph
##LTLine##,289,538,289,538,paragraph
##LTLine##,289,538,289,538,paragraph
##LTLine##,290,538,290,538,paragraph
##LTLine##,291,538,291,538,paragraph
##LTLine##,291,538,291,538,paragraph
##LTLine##,292,538,292,538,paragraph
##LTLine##,292,538,292,538,paragraph
##LTLine##,298,538,298,538,paragraph
##LTLine##,298,538,298,538,paragraph
##LTLine##,298,538,298,538,paragraph
##LTLine##,301,538,302,538,paragraph
##LTLine##,302,538,302,538,paragraph
##LTLine##,302,538,302,538,paragraph
##LTLine##,303,538,303,538,paragraph
##LTLine##,307,538,307,538,paragraph
##LTLine##,309,538,309,538,paragraph
##LTLine##,310,538,310,538,paragraph
##LTLine##,392,538,392,538,paragraph
##LTLine##,401,538,401,538,paragraph
##LTLine##,401,538,401,538,paragraph
##LTLine##,401,538,402,538,paragraph
##LTLine##,405,538,405,538,paragraph
##LTLine##,405,538,405,538,paragraph
##LTLine##,405,538,406,538,paragraph
##LTLine##,407,538,407,538,paragraph
##LTLine##,413,538,413,538,paragraph
##LTLine##,414,538,414,538,paragraph
##LTLine##,415,538,415,538,paragraph
##LTLine##,417,538,417,538,paragraph
##LTLine##,418,538,418,538,paragraph
##LTLine##,418,538,418,538,paragraph
##LTLine##,419,538,419,538,paragraph
##LTLine##,420,538,420,538,paragraph
##LTLine##,420,538,420,538,paragraph
##LTLine##,420,538,420,538,paragraph
##LTLine##,420,538,420,538,paragraph
##LTLine##,421,538,422,538,paragraph
##LTLine##,422,538,423,538,paragraph
##LTLine##,423,538,423,538,paragraph
##LTLine##,423,538,423,538,paragraph
##LTLine##,426,538,426,538,paragraph
##LTLine##,428,538,428,538,paragraph
##LTLine##,428,538,428,538,paragraph
##LTLine##,429,538,429,538,paragraph
##LTLine##,429,538,429,538,paragraph
##LTLine##,429,538,429,538,paragraph
##LTLine##,430,538,430,538,paragraph
##LTLine##,431,538,431,538,paragraph
##LTLine##,435,538,435,538,paragraph
##LTLine##,435,538,435,538,paragraph
##LTLine##,436,538,436,538,paragraph
##LTLine##,491,526,491,526,paragraph
##LTLine##,504,534,504,534,paragraph
##LTLine##,513,535,513,535,paragraph
##LTLine##,521,538,521,538,paragraph
##LTLine##,523,538,523,538,paragraph
##LTLine##,529,538,529,538,paragraph
##LTLine##,534,538,534,538,paragraph
##LTLine##,535,538,535,538,paragraph
##LTLine##,535,538,535,538,paragraph
##LTLine##,540,538,540,538,paragraph
##LTLine##,541,538,541,538,paragraph
##LTLine##,543,538,543,538,paragraph
##LTLine##,544,538,544,538,paragraph
##LTLine##,544,538,545,538,paragraph
##LTLine##,545,538,545,538,paragraph
##LTLine##,545,538,545,538,paragraph
##LTLine##,552,538,553,538,paragraph
##LTLine##,553,538,553,538,paragraph
##LTLine##,553,538,553,538,paragraph
##LTLine##,553,538,553,538,paragraph
##LTLine##,553,538,554,538,paragraph
##LTLine##,554,538,554,538,paragraph
##LTLine##,554,538,554,538,paragraph
##LTLine##,555,538,555,538,paragraph
##LTLine##,556,538,556,538,paragraph
##LTLine##,556,538,556,538,paragraph
##LTLine##,557,538,557,538,paragraph
##LTLine##,559,538,559,538,paragraph
##LTLine##,560,538,560,538,paragraph
##LTLine##,562,538,562,538,paragraph
##LTLine##,563,538,563,538,paragraph
##LTLine##,566,537,566,537,paragraph
##LTLine##,569,538,569,538,paragraph
##LTLine##,592,526,592,526,paragraph
##LTLine##,667,538,667,538,paragraph
##LTLine##,670,538,670,538,paragraph
##LTLine##,671,538,671,538,paragraph
##LTLine##,671,538,671,538,paragraph
##LTLine##,673,538,673,538,paragraph
##LTLine##,675,538,675,538,paragraph
##LTLine##,681,538,681,538,paragraph
##LTLine##,684,538,684,538,paragraph
##LTLine##,685,538,685,538,paragraph
##LTLine##,689,538,689,538,paragraph
##LTLine##,689,538,689,538,paragraph
##LTLine##,692,538,692,538,paragraph
##LTLine##,692,538,692,538,paragraph
##LTLine##,692,538,692,538,paragraph
##LTLine##,693,538,693,538,paragraph
##LTLine##,695,538,695,538,paragraph
##LTLine##,695,538,695,538,paragraph
##LTLine##,695,538,695,538,paragraph
##LTLine##,696,538,696,538,paragraph
##LTLine##,696,538,696,538,paragraph
##LTLine##,696,538,696,538,paragraph
##LTLine##,697,538,697,538,paragraph
##LTLine##,697,538,697,538,paragraph
##LTLine##,697,538,698,538,paragraph
##LTLine##,698,538,698,538,paragraph
##LTLine##,698,538,698,538,paragraph
##LTLine##,700,538,700,538,paragraph
##LTLine##,700,538,700,538,paragraph
##LTLine##,701,538,701,538,paragraph
##LTLine##,701,538,701,538,paragraph
##LTLine##,702,538,702,538,paragraph
##LTLine##,702,538,702,538,paragraph
##LTLine##,703,538,703,538,paragraph
##LTLine##,703,538,704,538,paragraph
##LTLine##,704,538,704,538,paragraph
##LTLine##,704,538,704,538,paragraph
##LTLine##,704,538,704,538,paragraph
##LTLine##,705,538,705,538,paragraph
##LTLine##,706,538,706,538,paragraph
##LTLine##,706,538,706,538,paragraph
##LTLine##,706,538,706,538,paragraph
##LTLine##,707,538,707,538,paragraph
##LTLine##,709,538,709,538,paragraph
##LTLine##,709,538,709,538,paragraph
##LTLine##,709,538,709,538,paragraph
##LTLine##,710,538,710,538,paragraph
##LTLine##,710,538,711,538,paragraph
##LTLine##,711,538,711,538,paragraph
##LTLine##,711,538,711,538,paragraph
##LTLine##,711,538,711,538,paragraph
##LTLine##,712,538,712,538,paragraph
##LTLine##,713,538,713,538,paragraph
##LTLine##,715,538,715,538,paragraph
##LTLine##,715,538,716,538,paragraph
##LTLine##,716,538,716,538,paragraph
##LTLine##,716,538,716,538,paragraph
##LTLine##,717,538,717,538,paragraph
##LTLine##,717,538,718,538,paragraph
##LTLine##,718,538,718,538,paragraph
##LTLine##,719,538,719,538,paragraph
##LTLine##,724,538,724,538,paragraph
##LTLine##,726,536,726,536,paragraph
##LTLine##,729,538,729,538,paragraph
##LTLine##,730,538,730,538,paragraph
##LTLine##,732,538,732,538,paragraph
##LTLine##,761,537,761,537,paragraph
##LTLine##,763,534,763,534,paragraph
