token,x0,y0,x1,y1,label
Let,88,70,112,86,paragraph
us,119,70,135,86,paragraph
next,143,70,173,86,paragraph
ﬁnd,181,70,209,86,paragraph
an,217,70,234,86,paragraph
upper,241,70,282,86,paragraph
bound,290,70,334,86,paragraph
of,342,70,357,86,paragraph
V,365,72,375,86,paragraph
(k,383,72,399,86,paragraph
+,411,72,425,86,paragraph
k),430,72,447,86,paragraph
described,455,70,523,86,paragraph
by,531,70,549,86,paragraph
V,557,72,567,86,paragraph
(k,575,72,591,86,paragraph
).,599,70,610,86,paragraph
To,618,70,636,86,paragraph
this,644,70,670,86,paragraph
"end,",677,70,708,86,paragraph
we,715,70,736,86,paragraph
need,744,70,778,86,paragraph
upper,786,70,826,86,paragraph
bounds,834,70,886,86,paragraph
on,893,70,911,86,paragraph
|,88,79,93,103,paragraph
|,194,79,199,103,paragraph
|,359,79,364,103,paragraph
q,375,77,381,87,paragraph
0,399,77,406,87,paragraph
|,420,79,425,103,paragraph
p,567,77,574,87,paragraph
0,591,77,598,87,paragraph
x((k,93,89,126,103,paragraph
+,138,89,152,103,paragraph
k)τ,156,89,180,103,paragraph
),187,89,194,103,paragraph
and,205,87,231,103,paragraph
E,238,89,251,103,paragraph
by,290,87,308,103,paragraph
using,314,87,353,103,paragraph
x(k,364,89,390,103,paragraph
τ,398,89,406,103,paragraph
),413,89,420,103,paragraph
and,431,87,457,103,paragraph
E,463,89,476,103,paragraph
.,491,87,495,103,paragraph
0,126,94,133,104,paragraph
s,180,94,187,104,paragraph
k,251,94,258,104,paragraph
+k,264,94,282,104,paragraph
0,390,94,397,104,paragraph
s,406,94,412,104,paragraph
k,476,94,484,104,paragraph
0,258,99,263,105,paragraph
0,484,99,489,105,paragraph
(cid:48),329,113,333,131,paragraph
(cid:48),759,113,763,131,paragraph
Lemma,106,120,158,137,paragraph
4.3:,165,120,193,137,paragraph
Deﬁne,202,120,249,137,paragraph
δ¯,254,119,264,137,paragraph
and,286,120,313,137,paragraph
γ¯,319,123,328,137,paragraph
as,352,120,368,137,paragraph
in,374,120,388,137,paragraph
Lemma,393,120,446,137,paragraph
4.1,452,120,474,137,paragraph
and,480,120,507,137,paragraph
also,513,120,543,137,paragraph
γ¯,548,123,558,137,paragraph
by,582,120,598,137,paragraph
γ¯,604,123,614,137,paragraph
(k),632,123,655,137,paragraph
=,660,123,674,137,paragraph
δ¯,679,119,689,137,paragraph
(k),705,123,729,137,paragraph
+,732,123,746,137,paragraph
γ¯,749,123,758,137,paragraph
(k).,776,120,805,137,paragraph
Then,810,120,846,137,paragraph
we,852,120,872,137,paragraph
have,877,120,911,137,paragraph
"p,q",262,128,279,138,paragraph
"p,q",328,129,345,139,paragraph
"p,q",557,128,574,138,paragraph
"p,q",613,128,630,138,paragraph
"p,q",687,128,704,138,paragraph
"p,q",758,129,775,139,paragraph
≤,405,156,419,180,equation
|,474,156,478,180,equation
|,535,156,540,180,equation
E,354,166,367,180,equation
δ¯,424,162,433,180,equation
(k),450,166,474,180,equation
x(k,478,166,505,180,equation
τ,513,166,520,180,equation
),528,166,535,180,equation
+,543,166,557,180,equation
γ¯,561,166,571,180,equation
(k)E,589,166,626,180,equation
.,640,166,645,180,equation
(34),881,163,911,180,equation
k,367,171,374,181,equation
+k,381,171,399,181,equation
"p,q",432,171,449,181,equation
0,505,171,512,181,equation
s,520,171,527,181,equation
"p,q",571,171,588,181,equation
k,626,171,633,181,equation
0,374,175,380,182,equation
0,633,175,638,182,equation
Proof:,124,206,169,223,paragraph
This,182,206,214,223,paragraph
follows,220,206,273,223,paragraph
from,280,206,314,223,paragraph
the,321,206,343,223,paragraph
deﬁnition,349,206,418,223,paragraph
(4.1),424,206,458,223,paragraph
of,464,206,479,223,paragraph
E,486,209,499,223,paragraph
and,538,206,564,223,paragraph
k,499,214,506,224,paragraph
+k,512,214,530,224,paragraph
0,506,218,511,225,paragraph
|,286,225,290,249,paragraph
|,345,225,350,249,paragraph
≤,370,225,383,249,paragraph
|,388,225,393,249,paragraph
|,449,225,454,249,paragraph
|,491,225,496,249,paragraph
|,550,225,555,249,paragraph
≤,574,225,588,249,paragraph
|,593,225,598,249,paragraph
|,654,225,659,249,paragraph
ξ(k,290,235,315,249,paragraph
τ,323,235,331,249,paragraph
),338,235,345,249,paragraph
∞,350,233,364,250,paragraph
x(k,393,235,420,249,paragraph
τ,427,235,435,249,paragraph
),442,235,449,249,paragraph
∞,454,233,468,250,paragraph
+,473,235,487,249,paragraph
e(k,496,235,520,249,paragraph
τ,528,235,536,249,paragraph
),543,235,550,249,paragraph
∞,555,233,569,250,paragraph
x(k,598,235,625,249,paragraph
τ,632,235,640,249,paragraph
),647,235,654,249,paragraph
+,663,235,677,249,paragraph
E,681,235,694,249,paragraph
.,709,235,713,249,paragraph
0,315,240,322,250,paragraph
s,331,240,337,250,paragraph
0,420,240,427,250,paragraph
s,435,240,442,250,paragraph
0,520,240,527,250,paragraph
s,536,240,542,250,paragraph
0,625,240,632,250,paragraph
s,640,240,647,250,paragraph
k,694,240,701,250,paragraph
0,701,245,707,251,paragraph
Remark,106,292,161,309,paragraph
4.4:,168,292,196,309,paragraph
Note,205,292,240,309,paragraph
that,246,292,273,309,paragraph
E,279,295,292,309,paragraph
must,331,292,365,309,paragraph
be,372,292,388,309,paragraph
determined,394,292,475,309,paragraph
from,481,292,516,309,paragraph
the,522,292,544,309,paragraph
available,550,292,614,309,paragraph
data,620,292,650,309,paragraph
ξ(k,656,295,681,309,paragraph
τ,688,295,696,309,paragraph
),703,295,710,309,paragraph
and,716,292,742,309,paragraph
E,748,295,761,309,paragraph
.,776,292,780,309,paragraph
In,786,292,801,309,paragraph
"contrast,",807,292,868,309,paragraph
since,874,292,911,309,paragraph
k,292,300,299,310,paragraph
+k,305,300,323,310,paragraph
0,681,300,687,310,paragraph
s,696,300,702,310,paragraph
k,761,300,769,310,paragraph
0,299,304,305,311,paragraph
0,769,304,774,311,paragraph
the,88,309,110,326,paragraph
variables,117,309,181,326,paragraph
of,188,309,203,326,paragraph
the,210,309,232,326,paragraph
Lyapunov,239,309,310,326,paragraph
function,317,309,377,326,paragraph
V,384,312,394,326,paragraph
are,409,309,431,326,paragraph
x(k,438,312,464,326,paragraph
τ,472,312,480,326,paragraph
),487,312,494,326,paragraph
and,501,309,527,326,paragraph
E,534,312,547,326,paragraph
",",561,309,566,326,paragraph
we,573,309,593,326,paragraph
need,600,309,634,326,paragraph
an,641,309,658,326,paragraph
upper,665,309,706,326,paragraph
bound,713,309,758,326,paragraph
on,765,309,783,326,paragraph
E,790,312,803,326,paragraph
described,843,309,911,326,paragraph
q,394,317,400,327,paragraph
0,464,317,471,327,paragraph
s,480,317,486,327,paragraph
k,547,317,554,327,paragraph
k,803,317,810,327,paragraph
+k,816,317,834,327,paragraph
0,554,321,559,328,paragraph
0,810,321,816,328,paragraph
by,88,326,106,343,paragraph
x(k,113,329,139,342,paragraph
τ,147,329,155,342,paragraph
),162,329,169,342,paragraph
and,176,326,202,343,paragraph
E,209,329,222,342,paragraph
.,236,326,241,343,paragraph
If,248,326,260,343,paragraph
we,267,326,288,343,paragraph
use,295,326,318,343,paragraph
ξ,325,329,333,342,paragraph
as,341,326,356,343,paragraph
a,363,326,371,343,paragraph
variable,378,326,435,343,paragraph
of,442,326,457,343,paragraph
the,464,326,486,343,paragraph
Lyapunov,493,326,565,343,paragraph
functions,572,326,638,343,paragraph
as,645,326,660,343,paragraph
in,667,326,681,343,paragraph
"[15],",688,326,722,343,paragraph
then,729,326,760,343,paragraph
the,767,326,789,343,paragraph
conservatism,796,326,890,343,paragraph
in,897,326,911,343,paragraph
0,139,334,146,344,paragraph
s,155,334,161,344,paragraph
k,222,334,229,344,paragraph
0,229,338,235,344,paragraph
Lemma,88,343,142,359,paragraph
4.3,149,343,171,359,paragraph
can,177,343,202,359,paragraph
be,208,343,225,359,paragraph
avoided.,232,343,292,359,paragraph
Instead,298,343,350,359,paragraph
of,356,343,371,359,paragraph
"that,",378,343,409,359,paragraph
"however,",415,343,479,359,paragraph
(),486,343,498,359,paragraph
becomes,504,343,567,359,paragraph
conservative.,573,343,667,359,paragraph
|,367,352,372,376,paragraph
|,473,352,478,376,paragraph
Now,106,360,140,376,paragraph
we,146,360,167,376,paragraph
obtain,173,360,218,376,paragraph
an,224,360,241,376,paragraph
upper,248,360,288,376,paragraph
(cid:13)bound,292,360,339,412,paragraph
of,346,360,361,376,paragraph
x((k,372,362,405,376,paragraph
+,417,362,431,376,paragraph
k)τ,435,362,459,376,paragraph
),466,362,473,376,paragraph
.,478,360,483,376,paragraph
(cid:90),501,361,511,413,paragraph
(cid:13),818,360,828,412,paragraph
(cid:13),292,369,302,420,paragraph
0,405,367,412,377,paragraph
s,459,367,466,377,paragraph
(cid:13),818,369,828,420,paragraph
Lemma,106,376,158,393,paragraph
4.5:,165,376,193,393,paragraph
Deﬁne,202,376,249,393,paragraph
α¯,255,379,266,393,paragraph
(k(cid:13)),285,377,308,428,paragraph
and,315,376,341,393,paragraph
β¯,348,375,359,393,paragraph
(k),376,379,400,393,paragraph
by,406,376,423,393,paragraph
(cid:13),818,377,828,428,paragraph
"p,q",266,384,283,394,paragraph
(cid:13),292,385,302,437,paragraph
"p,q",358,384,375,394,paragraph
(cid:13),818,385,828,437,paragraph
"α¯p,q(k)",163,412,217,428,paragraph
=,222,412,235,426,paragraph
≤ma≤x,247,412,281,435,paragraph
eA(cid:13)(cid:13)(cid:13)q(τs−τ)e(Ap(cid:90)+BpKp)τ(k),302,400,478,468,paragraph
+,483,412,497,426,paragraph
τs,519,401,530,411,paragraph
eAq(τs−t)BqKpe(Ap+BpKp)(t+(k−1)τs)dt,535,402,818,428,paragraph
.,831,412,836,426,paragraph
0√,240,425,255,455,paragraph
τ,258,425,264,435,paragraph
τs,277,425,288,435,paragraph
(cid:13),316,425,326,477,paragraph
τ,511,428,517,438,paragraph
"β¯p,q(k)",165,449,217,467,paragraph
=,222,452,235,466,paragraph
n,255,452,264,466,paragraph
≤ma≤x,274,452,308,474,paragraph
eAq(τs−τ),326,442,393,466,paragraph
τ(cid:90)(k),414,439,440,490,paragraph
e(Ap+BpKp)(τ(k)−t)BpKpeAptdt,444,442,671,467,paragraph
(cid:13)(cid:13)(cid:13),735,437,745,506,paragraph
0,267,464,274,474,paragraph
τ,285,464,291,474,paragraph
τs,304,464,315,475,paragraph
0,406,468,413,478,paragraph
(cid:13),735,462,745,514,paragraph
−,400,480,414,503,paragraph
τs,435,478,447,488,paragraph
−,495,480,505,497,paragraph
−,677,480,688,497,paragraph
eAq(τs,452,487,494,503,paragraph
t)BqKpe(Ap+BpKp)(t+(k,505,487,677,505,paragraph
1)τs)dt,688,487,735,503,paragraph
.,745,490,750,503,paragraph
τ,427,505,434,515,paragraph
Then,88,519,124,535,paragraph
we,130,519,150,535,paragraph
derive,156,519,201,535,paragraph
|,319,555,324,578,equation
|,426,555,431,578,equation
≤,435,555,449,578,equation
|,508,555,513,578,equation
|,569,555,574,578,equation
x((k,324,565,357,578,equation
+,369,565,383,578,equation
k)τ,387,565,411,578,equation
),419,565,426,578,equation
α¯,454,565,466,578,equation
(k),484,565,508,578,equation
x(k,513,565,539,578,equation
τ,547,565,555,578,equation
),562,565,569,578,equation
+,578,565,591,578,equation
β¯,595,561,607,578,equation
(k)E,624,565,661,578,equation
.,675,565,680,578,equation
(35),881,562,911,579,equation
0,357,570,364,580,equation
s,411,570,418,580,equation
"p,q",466,570,483,580,equation
0,539,570,546,580,equation
s,555,570,561,580,equation
"p,q",605,570,622,580,equation
k,661,570,668,580,equation
0,668,574,673,580,equation
−,828,598,842,621,paragraph
Proof:,124,605,169,621,paragraph
Recall,183,605,229,622,paragraph
that,236,605,263,622,paragraph
x,270,608,280,621,paragraph
and,287,605,313,622,paragraph
e,320,608,328,621,paragraph
satisfy,335,605,382,622,paragraph
(),389,605,401,622,paragraph
and,408,605,434,622,paragraph
(),441,605,453,622,paragraph
before,460,605,505,622,paragraph
the,512,605,534,622,paragraph
switching,541,605,611,622,paragraph
time,618,605,650,622,paragraph
T,657,608,667,621,paragraph
.,670,605,674,622,paragraph
Deﬁning,681,605,744,622,paragraph
τ(k),751,608,784,621,paragraph
=,791,608,804,621,paragraph
T,811,608,821,621,paragraph
k,846,608,856,621,paragraph
τ,863,608,871,621,paragraph
",",878,608,883,621,paragraph
we,890,605,911,622,paragraph
0,856,613,863,623,paragraph
s,871,613,878,623,paragraph
have,88,622,121,639,paragraph
(cid:90),450,622,460,674,equation
τ(k),468,661,494,671,equation
−,612,663,623,680,equation
·,729,663,734,687,equation
x(T,202,673,229,687,equation
),232,673,239,687,equation
=,244,673,258,687,equation
e(Ap+BpKp)τ(k)x(k0τs),263,670,428,688,equation
+,432,673,446,687,equation
e(Ap+BpKp)(τ(k),498,670,612,687,equation
t)BpKpeAptdt,623,670,725,688,equation
e(k0τs).,738,673,797,688,equation
(36),881,670,911,687,equation
0,460,689,467,699,equation
On,106,713,128,730,paragraph
the,134,713,156,730,paragraph
other,162,713,199,730,paragraph
"hand,",205,713,244,730,paragraph
since,251,713,287,730,paragraph
x,294,716,304,730,paragraph
satisﬁes,310,713,367,730,paragraph
()(cid:90)after,373,710,424,762,equation
the,430,713,452,730,paragraph
switching,458,713,528,730,paragraph
time,534,713,566,730,paragraph
T,572,716,583,730,paragraph
",",585,713,590,730,paragraph
it,596,713,606,730,paragraph
follows,612,713,666,730,paragraph
from,672,713,707,730,paragraph
(),713,713,725,730,paragraph
that,731,713,758,730,paragraph
−,302,751,312,769,equation
τs,403,750,414,760,equation
−,462,751,473,769,equation
−,645,751,655,769,equation
·,706,751,711,775,equation
−,782,751,796,775,equation
x((k0,133,761,174,777,equation
+,178,761,192,775,equation
k)τs),196,761,235,777,equation
=,240,761,254,775,equation
eAq(τs,259,759,301,775,equation
τ)x(T,312,759,354,775,equation
),356,761,363,775,equation
+,367,761,381,775,equation
eAq(τs,419,759,461,775,equation
t)BqKpe(Ap+BpKp)(t+(k,473,759,644,777,equation
1)τs)dt,655,759,702,775,equation
(x(k0τs),715,761,778,777,equation
"e(k0τs)),",800,761,866,777,equation
(37),881,759,911,775,equation
τ,395,777,401,787,equation
−,206,794,220,818,paragraph
−,283,794,297,818,paragraph
≤,418,794,432,818,paragraph
where,106,802,149,819,paragraph
τ,156,804,163,818,paragraph
=,170,804,184,818,paragraph
T,189,804,200,818,paragraph
(k,224,804,240,818,paragraph
+,252,804,266,818,paragraph
k,270,804,279,818,paragraph
1)τ,301,804,325,818,paragraph
and,338,802,364,819,paragraph
0,371,804,379,818,paragraph
<,384,804,398,818,paragraph
τ,403,804,411,818,paragraph
τ,437,804,445,818,paragraph
.,452,802,456,819,paragraph
Substituting,463,802,549,819,paragraph
(),555,802,567,819,paragraph
into,574,802,601,819,paragraph
"(),",608,802,624,819,paragraph
we,630,802,651,819,paragraph
derive,658,802,702,819,paragraph
the,708,802,730,819,paragraph
desired,736,802,788,819,paragraph
result,794,802,834,819,paragraph
(4.5).,840,802,879,819,paragraph
0,240,809,247,820,paragraph
s,325,809,331,820,paragraph
s,445,809,451,820,paragraph
Similarly,106,819,172,835,paragraph
to,179,819,193,835,paragraph
"[15,",199,819,227,835,paragraph
Lemma,233,819,288,835,paragraph
"2],",294,819,314,835,paragraph
(4.3),320,819,354,835,paragraph
and,361,819,386,835,paragraph
(4.5),393,819,427,835,paragraph
show,433,819,471,835,paragraph
that,477,819,504,835,paragraph
≤,235,860,249,883,equation
2(λ,256,859,282,873,equation
(P,309,859,327,873,equation
)α¯2,334,857,360,873,equation
+,375,859,389,873,equation
ρ,393,859,402,873,equation
δ¯2,410,855,425,873,equation
),436,859,443,873,equation
(cid:62),501,860,511,877,equation
2(λ,611,859,637,873,equation
(P,664,859,682,873,equation
)β¯2,690,855,715,873,equation
+,729,859,743,873,equation
ρ,747,859,756,873,equation
γ¯2,763,857,781,873,equation
),791,859,798,873,equation
V,150,870,160,883,equation
(k,168,870,184,883,equation
+,196,870,209,883,equation
k),213,870,230,883,equation
max,282,864,308,874,equation
q,327,864,333,874,equation
"p,q",353,865,370,875,equation
q,402,864,408,874,equation
"p,q",417,865,434,875,equation
x(k,445,870,471,883,equation
τ,479,870,487,883,equation
),494,870,501,883,equation
P,512,870,524,883,equation
x(k,531,870,558,883,equation
τ,565,870,573,883,equation
),580,870,587,883,equation
+,591,870,605,883,equation
max,637,864,663,874,equation
q,682,864,688,874,equation
"p,q",707,865,724,875,equation
q,756,864,762,874,equation
"p,q",773,865,790,875,equation
ρ,800,870,809,883,equation
E2,817,867,838,883,equation
.,844,870,849,883,equation
(38),881,867,911,884,equation
q,160,875,166,885,equation
0,184,875,191,885,equation
λmin(Pp),316,879,383,894,equation
0,471,875,478,885,equation
s,487,875,493,885,equation
q,524,875,530,885,equation
0,558,875,564,885,equation
s,573,875,580,885,equation
ρp,696,879,712,894,equation
p,809,875,816,885,equation
k0,830,876,843,887,equation
∈,325,903,337,926,paragraph
−,408,903,422,926,paragraph
Thus,106,910,141,927,paragraph
if,148,910,159,927,paragraph
the,165,910,187,927,paragraph
switching,193,910,263,927,paragraph
time,269,910,301,927,paragraph
T,307,913,318,926,paragraph
((k,342,913,365,926,paragraph
+,377,913,390,926,paragraph
k,394,913,404,926,paragraph
1)τ,426,913,450,926,paragraph
",",457,913,462,926,paragraph
(k,465,913,481,926,paragraph
+,493,913,507,926,paragraph
k)τ,511,913,535,926,paragraph
"],",542,910,552,927,paragraph
then,558,910,589,927,paragraph
the,595,910,617,927,paragraph
bound,623,910,668,927,paragraph
(),674,910,686,927,paragraph
gives,693,910,730,927,paragraph
0,365,918,372,928,paragraph
s,450,918,456,928,paragraph
0,481,918,488,928,paragraph
s,535,918,542,928,paragraph
##LTLine##,255,452,264,452,paragraph
##LTLine##,256,877,443,877,equation
##LTLine##,611,877,798,877,equation
