token,x0,y0,x1,y1,label
Nuclear,767,115,866,140,paragraph
Physics,754,138,852,163,paragraph
A,860,138,879,163,paragraph
Nuclear,387,167,429,178,paragraph
Physics,433,167,474,178,paragraph
A,477,167,487,178,paragraph
00,490,167,503,178,paragraph
(2020),507,167,542,178,paragraph
1–9,546,167,566,178,paragraph
Initial,255,244,323,268,title
state,330,244,382,268,title
in,389,244,411,268,title
relativistic,418,244,538,268,title
nuclear,545,244,629,268,title
collisions,636,244,745,268,title
and,338,266,379,290,title
Color,386,266,451,290,title
Glass,458,266,521,290,title
Condensate,529,266,661,290,title
Fran¸cois,451,312,508,326,author
Gelis,513,312,548,326,author
Institut,285,336,323,347,author
de,326,336,339,347,author
Physique,342,336,391,347,author
"The´orique,",395,336,453,347,author
"CEA/Saclay,",456,336,523,347,author
91191,526,336,559,347,author
Gif,563,336,580,347,author
sur,583,336,600,347,author
Yvette,604,336,636,347,author
"cedex,",640,336,673,347,author
France,677,336,714,347,author
Abstract,108,411,170,427,paragraph
In,112,434,124,446,abstract
this,128,434,150,446,abstract
"talk,",154,434,180,446,abstract
I,184,434,189,446,abstract
discuss,192,434,236,446,abstract
recent,240,434,277,446,abstract
works,280,434,317,446,abstract
related,321,434,362,446,abstract
to,366,434,377,446,abstract
the,381,434,399,446,abstract
pre-hydrodynamical,403,434,525,446,abstract
stages,529,434,566,446,abstract
of,570,434,582,446,abstract
ultra-relativistic,586,434,682,446,abstract
heavy,686,434,721,446,abstract
ion,725,434,744,446,abstract
collisions.,748,434,810,446,abstract
Keywords:,108,455,172,468,paragraph
Heavy,186,455,225,468,abstract
Ion,228,455,249,468,abstract
"Collisions,",252,455,317,468,abstract
Color,321,455,355,468,abstract
Glass,359,455,393,468,abstract
"Condensate,",396,455,470,468,abstract
Initial,474,455,510,468,abstract
State,514,455,544,468,abstract
1.,108,487,120,503,section
Introduction,129,487,220,503,section
Hydrodynamical,133,513,246,528,paragraph
models,250,513,298,528,paragraph
are,303,513,323,528,paragraph
very,327,513,357,528,paragraph
successful,361,513,430,528,paragraph
at,434,513,446,528,paragraph
reproducing,451,513,532,528,paragraph
bulk,536,513,565,528,paragraph
observables,570,513,648,528,paragraph
in,653,513,666,528,paragraph
high,670,513,700,528,paragraph
energy,704,513,749,528,paragraph
heavy,754,513,793,528,paragraph
ion,797,513,819,528,paragraph
collisions.,823,513,892,528,paragraph
"However,",108,528,172,542,paragraph
it,178,528,188,542,paragraph
is,194,528,205,542,paragraph
a,211,528,219,542,paragraph
long,225,528,255,542,paragraph
standing,261,528,317,542,paragraph
puzzle,324,528,367,542,paragraph
to,374,528,387,542,paragraph
understand,393,528,466,542,paragraph
from,472,528,505,542,paragraph
the,511,528,532,542,paragraph
underlying,538,528,610,542,paragraph
Quantum,616,528,679,542,paragraph
Chromodynamics,685,528,804,542,paragraph
(QCD),810,528,857,542,paragraph
why,863,528,892,542,paragraph
this,108,542,132,556,paragraph
description,138,542,213,556,paragraph
is,219,542,230,556,paragraph
so,237,542,252,556,paragraph
eﬀective.,258,542,319,556,paragraph
"Indeed,",331,542,381,556,paragraph
the,388,542,408,556,paragraph
description,414,542,489,556,paragraph
of,495,542,509,556,paragraph
the,515,542,536,556,paragraph
early,542,542,576,556,paragraph
stages,582,542,623,556,paragraph
of,629,542,643,556,paragraph
heavy,650,542,689,556,paragraph
ion,696,542,717,556,paragraph
collisions,724,542,788,556,paragraph
which,794,542,835,556,paragraph
is,841,542,853,556,paragraph
most,859,542,892,556,paragraph
closely,108,556,155,570,paragraph
related,159,556,205,570,paragraph
to,209,556,222,570,paragraph
QCD,226,556,262,570,paragraph
–the,266,556,294,570,paragraph
Color,299,556,337,570,paragraph
Glass,341,556,378,570,paragraph
Condensate,382,556,460,570,paragraph
(CGC),464,556,510,570,paragraph
framework–,514,556,595,570,paragraph
predicts,599,556,652,570,paragraph
at,656,556,668,570,paragraph
the,673,556,693,570,paragraph
very,697,556,727,570,paragraph
beginning,731,556,797,570,paragraph
of,802,556,815,570,paragraph
the,820,556,840,570,paragraph
ﬁreball,844,556,892,570,paragraph
evolution,108,570,170,584,paragraph
a,175,570,182,584,paragraph
situation,186,570,244,584,paragraph
which,248,570,289,584,paragraph
is,293,570,304,584,paragraph
very,309,570,338,584,paragraph
diﬀerent,342,570,399,584,paragraph
from,403,570,436,584,paragraph
a,440,570,447,584,paragraph
quasi,451,570,487,584,paragraph
perfect,491,570,537,584,paragraph
ﬂuid.,542,570,576,584,paragraph
The,133,584,159,599,paragraph
purpose,163,584,216,599,paragraph
of,221,584,235,599,paragraph
this,239,584,263,599,paragraph
talk,267,584,293,599,paragraph
is,297,584,308,599,paragraph
to,312,584,325,599,paragraph
discuss,330,584,378,599,paragraph
recent,382,584,423,599,paragraph
works,428,584,468,599,paragraph
aiming,473,584,519,599,paragraph
at,523,584,536,599,paragraph
a,540,584,547,599,paragraph
ﬁrst,552,584,578,599,paragraph
principles,582,584,648,599,paragraph
CGC,652,584,687,599,paragraph
description,691,584,765,599,paragraph
of,770,584,784,599,paragraph
the,788,584,809,599,paragraph
early,813,584,846,599,paragraph
stages,851,584,892,599,paragraph
of,108,599,122,613,paragraph
heavy,128,599,168,613,paragraph
ion,175,599,196,613,paragraph
"collisions,",202,599,271,613,paragraph
where,278,599,319,613,paragraph
by,325,599,342,613,paragraph
“early,349,599,389,613,paragraph
stages”,396,599,444,613,paragraph
we,451,599,470,613,paragraph
mean,477,599,513,613,paragraph
the,520,599,540,613,paragraph
pre-hydrodynamical,546,599,682,613,paragraph
evolution,689,599,751,613,paragraph
(left,758,599,786,613,paragraph
part,792,599,818,613,paragraph
of,825,599,839,613,paragraph
ﬁg.,845,599,867,613,paragraph
1).,873,599,892,613,paragraph
"Ultimately,",108,613,183,627,paragraph
the,189,613,210,627,paragraph
goal,216,613,245,627,paragraph
is,251,613,262,627,paragraph
to,268,613,281,627,paragraph
have,287,613,318,627,paragraph
a,324,613,331,627,paragraph
description,337,613,412,627,paragraph
of,418,613,432,627,paragraph
these,438,613,472,627,paragraph
early,478,613,512,627,paragraph
stages,518,613,559,627,paragraph
that,565,613,590,627,paragraph
explains,596,613,651,627,paragraph
how,658,613,686,627,paragraph
the,692,613,712,627,paragraph
hydrodynamical,719,613,827,627,paragraph
behavior,833,613,892,627,paragraph
develops,108,627,167,641,paragraph
and,171,627,195,641,paragraph
that,200,627,225,641,paragraph
matches,229,627,284,641,paragraph
smoothly,288,627,350,641,paragraph
into,355,627,381,641,paragraph
hydrodynamics,385,627,488,641,paragraph
(right,492,627,530,641,paragraph
part,534,627,560,641,paragraph
of,564,627,578,641,paragraph
ﬁg.,583,627,604,641,paragraph
"1),",609,627,627,641,paragraph
in,631,627,644,641,paragraph
such,648,627,679,641,paragraph
a,683,627,691,641,paragraph
way,695,627,723,641,paragraph
that,727,627,752,641,paragraph
the,757,627,777,641,paragraph
time,781,627,811,641,paragraph
τ0,815,630,829,642,paragraph
at,834,627,846,641,paragraph
which,851,627,892,641,paragraph
the,108,641,128,656,paragraph
switching,133,641,198,656,paragraph
happens,203,641,258,656,paragraph
becomes,262,641,321,656,paragraph
unessential,325,641,400,656,paragraph
(in,404,641,423,656,paragraph
the,427,641,448,656,paragraph
same,452,641,487,656,paragraph
spirit,491,641,526,656,paragraph
as,530,641,544,656,paragraph
a,549,641,556,656,paragraph
factorization,561,641,645,656,paragraph
scale,650,641,683,656,paragraph
for,688,641,708,656,paragraph
parton,712,641,755,656,paragraph
distributions).,759,641,853,656,paragraph
Note,859,641,892,656,paragraph
t,281,673,286,682,paragraph
P,664,672,672,678,paragraph
/,677,672,681,679,paragraph
P,684,672,691,680,paragraph
L,670,677,674,681,paragraph
T,689,677,694,681,paragraph
+1,637,685,652,693,paragraph
freeze,438,697,471,705,paragraph
out,475,697,492,705,paragraph
Pre-Hydro,667,705,730,714,paragraph
hadrons,458,714,501,723,paragraph
kinetic,530,714,567,723,paragraph
theory,570,714,605,723,paragraph
gluons,376,733,413,742,paragraph
&,416,733,427,742,paragraph
quarks,430,733,466,742,paragraph
in,470,733,480,742,paragraph
eq.,484,733,500,742,paragraph
time,875,737,897,743,paragraph
viscous,530,743,571,752,paragraph
hydro,574,743,606,752,paragraph
gluons,356,752,392,761,paragraph
&,395,752,406,761,paragraph
quarks,409,752,446,761,paragraph
out,449,752,466,761,paragraph
of,470,752,481,761,paragraph
eq.,485,752,501,761,paragraph
τ,735,752,744,760,paragraph
0,744,757,749,763,paragraph
strong,432,771,466,780,paragraph
fields,469,771,500,780,paragraph
classical,529,771,575,780,paragraph
dynamics,578,771,630,780,paragraph
Hydro,784,771,822,780,paragraph
z,444,787,452,796,paragraph
-1,639,807,651,815,paragraph
Figure,279,836,314,847,paragraph
1.,317,836,327,847,paragraph
Left:,331,836,357,847,caption
stages,361,836,394,847,caption
of,397,836,409,847,caption
a,412,836,418,847,caption
heavy,421,836,453,847,caption
ion,456,836,473,847,caption
collision.,477,836,526,847,caption
Right:,530,836,564,847,caption
matching,568,836,618,847,caption
to,621,836,632,847,caption
hydrodynamics.,635,836,721,847,caption
1,496,871,504,885,paragraph
##LTFigure##,112,106,203,176,figure
##LTFigure##,112,106,203,176,figure
##LTFigure##,334,109,619,149,figure
##LTFigure##,334,109,619,149,figure
##LTFigure##,108,671,632,822,figure
##LTFigure##,637,670,899,822,figure
##LTLine##,746,110,892,110,paragraph
##LTLine##,746,174,892,174,paragraph
##LTLine##,108,402,892,402,paragraph
##LTLine##,108,480,892,480,paragraph
##LTLine##,109,792,439,792,paragraph
##LTLine##,274,678,274,809,paragraph
##LTLine##,504,776,524,776,paragraph
##LTLine##,505,735,505,760,paragraph
##LTLine##,505,748,526,748,paragraph
##LTLine##,505,719,526,719,paragraph
##LTLine##,656,688,884,688,paragraph
##LTLine##,741,762,741,819,paragraph
##LTLine##,741,688,741,749,paragraph
