token,x0,y0,x1,y1,label
and,82,81,109,94,paragraph
paired,114,81,158,94,paragraph
ﬁxed,163,81,197,94,paragraph
simulations.,202,81,287,94,paragraph
We,294,81,316,94,paragraph
show,322,81,356,94,paragraph
the,361,81,384,94,paragraph
results,389,81,435,94,paragraph
in,440,81,454,94,paragraph
the,459,81,482,94,paragraph
the,518,81,541,94,paragraph
formation,546,81,615,94,paragraph
of,620,81,633,94,paragraph
those,638,81,675,94,paragraph
takes,680,81,716,94,paragraph
place,721,81,757,94,paragraph
on,762,81,780,94,paragraph
small,784,81,822,94,paragraph
"scales,",827,81,871,94,paragraph
where,876,81,918,94,paragraph
bottom-left,82,94,163,107,paragraph
panel,168,94,206,107,paragraph
of,211,94,224,107,paragraph
Fig.,229,94,257,107,paragraph
5.,261,94,274,107,paragraph
For,281,94,305,107,paragraph
both,310,94,343,107,paragraph
cases,348,94,383,107,paragraph
we,388,94,407,107,paragraph
only,412,94,442,107,paragraph
show,447,94,482,107,paragraph
the,518,94,541,107,paragraph
1-pt,546,94,575,107,paragraph
properties,580,94,651,107,paragraph
are,657,94,678,107,paragraph
more,684,94,719,107,paragraph
relevant,724,94,780,107,paragraph
to,785,94,800,107,paragraph
determining,805,94,890,107,paragraph
the,895,94,918,107,paragraph
results,82,108,129,120,paragraph
at,137,108,151,120,paragraph
z,159,108,167,120,paragraph
=,176,108,189,120,paragraph
"0,",198,108,210,120,paragraph
as,219,108,234,120,paragraph
higher,241,108,286,120,paragraph
redshifts,294,108,354,120,paragraph
lead,362,108,391,120,paragraph
to,399,108,414,120,paragraph
identical,422,108,482,120,paragraph
ﬁnal,518,108,549,120,paragraph
outcome.,556,108,620,120,paragraph
As,630,108,649,120,paragraph
we,655,108,674,120,paragraph
saw,680,108,706,120,paragraph
in,712,108,726,120,paragraph
subsection,732,108,806,120,paragraph
",",812,108,817,120,paragraph
these,823,108,860,120,paragraph
are,866,108,888,120,paragraph
not,894,108,918,120,paragraph
conclusions.,82,121,167,133,paragraph
aﬀected,518,121,573,133,paragraph
by,579,121,596,133,paragraph
the,601,121,624,133,paragraph
ﬁxing,629,121,669,133,paragraph
and,674,121,700,133,paragraph
pairing,706,121,755,133,paragraph
procedure.,761,121,836,133,paragraph
From,97,134,134,147,paragraph
the,140,134,162,147,paragraph
upper,167,134,208,147,paragraph
panels,214,134,258,147,paragraph
we,263,134,282,147,paragraph
ﬁnd,287,134,314,147,paragraph
that,319,134,349,147,paragraph
the,354,134,376,147,paragraph
agreement,382,134,454,147,paragraph
be-,460,134,482,147,paragraph
In,533,134,548,147,paragraph
Section,552,134,603,147,paragraph
we,611,134,629,147,paragraph
will,633,134,658,147,paragraph
however,662,134,719,147,paragraph
see,723,134,744,147,paragraph
that,747,134,777,147,paragraph
paired,781,134,825,147,paragraph
ﬁxed,829,134,863,147,paragraph
simula-,867,134,918,147,paragraph
tween,82,147,123,160,paragraph
the,129,147,152,160,paragraph
standard,158,147,220,160,paragraph
and,226,147,252,160,paragraph
paired,258,147,303,160,paragraph
ﬁxed,308,147,342,160,paragraph
simulations,348,147,429,160,paragraph
is,434,147,445,160,paragraph
very,451,147,482,160,paragraph
tions,518,147,553,160,paragraph
slightly,557,147,609,160,paragraph
reduce,613,147,659,160,paragraph
the,663,147,686,160,paragraph
scatter,690,147,738,160,paragraph
of,742,147,756,160,paragraph
the,760,147,782,160,paragraph
halo,787,147,816,160,paragraph
mass,821,147,855,160,paragraph
function,859,147,918,160,paragraph
good,82,161,117,173,paragraph
for,121,161,140,173,paragraph
both,144,161,177,173,paragraph
the,181,161,203,173,paragraph
halo,207,161,237,173,paragraph
and,241,161,267,173,paragraph
void,271,161,301,173,paragraph
mass,305,161,339,173,paragraph
functions,343,161,408,173,paragraph
and,412,161,438,173,paragraph
in,442,161,455,173,paragraph
the,459,161,482,173,paragraph
and,518,161,545,173,paragraph
matter,552,161,600,173,paragraph
density,608,161,658,173,paragraph
pdf,666,161,689,173,paragraph
when,697,161,734,173,paragraph
analyzing,741,161,809,173,paragraph
hydrodynamic,816,161,918,173,paragraph
second,82,174,130,187,paragraph
panels,133,174,178,187,paragraph
we,182,174,200,187,paragraph
show,204,174,239,187,paragraph
that,243,174,273,187,paragraph
no,277,174,294,187,paragraph
bias,298,174,326,187,paragraph
is,330,174,341,187,paragraph
introduced,344,174,420,187,paragraph
on,424,174,442,187,paragraph
these,445,174,482,187,paragraph
simulations,518,174,599,187,paragraph
with,604,174,635,187,paragraph
small,640,174,677,187,paragraph
box,682,174,708,187,paragraph
sizes.,713,174,749,187,paragraph
This,756,174,788,187,paragraph
may,793,174,823,187,paragraph
be,828,174,845,187,paragraph
related,849,174,898,187,paragraph
to,903,174,918,187,paragraph
quantities,82,187,152,200,paragraph
by,158,187,176,200,paragraph
the,182,187,205,200,paragraph
paired,211,187,255,200,paragraph
ﬁxed,261,187,295,200,paragraph
simulations.,302,187,386,200,paragraph
In,396,187,411,200,paragraph
the,417,187,440,200,paragraph
third,446,187,482,200,paragraph
non-linearities,518,187,619,200,paragraph
reaching,626,187,685,200,paragraph
the,692,187,715,200,paragraph
halo,721,187,751,200,paragraph
ﬁltering,758,187,813,200,paragraph
scale,820,187,854,200,paragraph
but,861,187,885,200,paragraph
fur-,892,187,918,200,paragraph
panels,82,201,127,213,paragraph
we,132,201,151,213,paragraph
show,156,201,191,213,paragraph
the,196,201,219,213,paragraph
cross-correlation,224,201,340,213,paragraph
coeﬃcient,345,201,416,213,paragraph
from,421,201,454,213,paragraph
the,459,201,482,213,paragraph
ther,518,201,547,213,paragraph
exploration,553,201,633,213,paragraph
is,638,201,649,213,paragraph
deferred,655,201,712,213,paragraph
to,718,201,732,213,paragraph
future,738,201,781,213,paragraph
work.,786,201,825,213,paragraph
√,82,209,96,231,paragraph
results,82,214,129,226,paragraph
of,134,214,147,226,paragraph
each,152,214,183,226,paragraph
pair.,188,214,221,226,paragraph
Our,228,214,256,226,paragraph
results,261,214,308,226,paragraph
are,313,214,334,226,paragraph
compatible,339,214,417,226,paragraph
with,422,214,454,226,paragraph
the,459,214,482,226,paragraph
We,533,214,556,226,paragraph
thus,560,214,591,226,paragraph
conclude,595,214,657,226,paragraph
that,662,214,692,226,paragraph
large-scale,696,214,770,226,paragraph
box,774,214,800,226,paragraph
size,805,214,830,226,paragraph
paired,835,214,879,226,paragraph
ﬁxed,884,214,918,226,paragraph
1,96,228,104,241,paragraph
+,108,228,120,241,paragraph
r,124,228,131,241,paragraph
=,139,228,152,241,paragraph
"1,",159,228,172,241,paragraph
pointing,179,228,238,241,paragraph
out,245,228,268,241,paragraph
that,275,228,305,241,paragraph
the,312,228,335,241,paragraph
results,342,228,388,241,paragraph
of,395,228,408,241,paragraph
each,415,228,447,241,paragraph
pair,454,228,482,241,paragraph
simulations,518,227,599,240,paragraph
reduce,606,227,653,240,paragraph
the,660,227,683,240,paragraph
scatter,691,227,739,240,paragraph
on,746,227,764,240,paragraph
clustering,771,227,840,240,paragraph
quantities,848,227,918,240,paragraph
are,82,242,104,254,paragraph
independent.,111,242,203,254,paragraph
From,215,242,252,254,paragraph
the,260,242,282,254,paragraph
fourth,289,242,333,254,paragraph
panels,340,242,385,254,paragraph
we,392,242,410,254,paragraph
ﬁnd,418,242,445,254,paragraph
that,452,242,482,254,paragraph
like,518,240,543,253,paragraph
the,547,240,570,253,paragraph
"matter,",574,240,627,253,paragraph
halo-matter,631,240,715,253,paragraph
or,719,240,733,253,paragraph
halo,738,240,768,253,paragraph
power,772,240,814,253,paragraph
spectra.,818,240,874,253,paragraph
They,881,240,918,253,paragraph
no,82,255,100,268,paragraph
statistical,105,255,174,268,paragraph
improvement,180,255,272,268,paragraph
on,278,255,295,268,paragraph
these,300,255,337,268,paragraph
two,342,255,368,268,paragraph
quantities,373,255,443,268,paragraph
from,449,255,482,268,paragraph
however,518,254,575,266,paragraph
do,582,254,599,266,paragraph
not,605,254,628,266,paragraph
help,635,254,664,266,paragraph
in,671,254,684,266,paragraph
reducing,690,254,751,266,paragraph
the,757,254,780,266,paragraph
scatter,786,254,834,266,paragraph
of,840,254,853,266,paragraph
the,859,254,882,266,paragraph
halo,888,254,918,266,paragraph
ﬁxDedraofrt,82,268,138,281,section
pvaerirseiodnﬁMxeady,142,268,225,281,section
"3si0m,",230,268,255,281,section
2u0l2a0tions.,254,268,316,281,section
bias,518,267,547,280,paragraph
or,554,267,568,280,paragraph
on,575,267,592,280,paragraph
1-point,599,267,650,280,paragraph
statistics,657,267,720,280,paragraph
like,727,267,751,280,paragraph
the,758,267,781,280,paragraph
halo,788,267,818,280,paragraph
or,825,267,839,280,paragraph
void,846,267,876,280,paragraph
mass,883,267,918,280,paragraph
WPreeprbinetliteyvpeesetthuasitngpLaATirEeXdstﬁyxleeedmusliamteualpajtvi.o0n1s/2d3/o15not,97,282,451,295,section
im-,458,282,482,294,paragraph
"functions,",518,280,588,293,paragraph
or,593,280,608,293,paragraph
the,613,280,636,293,paragraph
matter,641,280,689,293,paragraph
density,695,280,745,293,paragraph
pdf.,751,280,779,293,paragraph
prove,82,295,121,307,paragraph
the,125,295,148,307,paragraph
abundance,152,295,228,307,paragraph
of,232,295,245,307,paragraph
halos,249,295,285,307,paragraph
and,289,295,316,307,paragraph
voids,320,295,356,307,paragraph
statistics,360,295,423,307,paragraph
because,427,295,482,307,paragraph
STATISTICAL,277,341,386,354,paragraph
PROPERTIES,392,341,497,354,paragraph
OF,503,341,526,354,paragraph
PAIRED,532,341,595,354,paragraph
FIXED,600,341,653,354,paragraph
FIELDS,658,341,717,354,paragraph
†,349,356,355,369,author
Francisco,102,361,177,372,author
"Villaescusa-Navarro1,",182,361,349,372,author
",",355,361,360,372,author
Sigurd,366,361,415,372,author
"Naess1,",421,361,475,372,author
Shy,480,361,507,372,author
"Genel1,2,",513,361,579,372,author
Andrew,585,361,644,372,author
"Pontzen3,",650,361,723,372,author
Benjamin,729,361,797,372,author
"Wandelt1,4,5,",803,361,898,372,author
Lauren,176,373,230,384,author
"Anderson1,",235,373,319,384,author
Andreu,324,373,380,384,author
"Font-Ribera2,",386,373,490,384,author
Nicholas,496,373,563,384,author
"Battaglia1,6,7,",568,373,674,384,author
David,679,373,721,384,author
N.,727,373,743,384,author
"Spergel7,1",749,373,823,384,author
0,82,390,89,400,section
1Center,99,388,146,400,author
for,150,390,167,400,author
Computational,171,390,262,400,author
"Astrophysics,",267,390,347,400,author
Flatiron,352,390,401,400,author
"Institute,",406,390,461,400,author
162,466,390,487,400,author
5th,491,390,511,400,author
"Avenue,",516,390,564,400,author
"10010,",569,390,607,400,author
New,612,390,638,400,author
"York,",643,390,676,400,author
"NY,",680,390,705,400,author
USA0,710,390,745,400,section
1Center,754,388,801,400,author
for,806,390,822,400,author
Computational,827,390,918,400,author
"Astrophysics,",83,400,164,410,author
Flatiron,168,400,217,410,author
"Institute,",222,400,278,410,author
162,282,400,303,410,author
5th,308,400,328,410,author
"Avenue,",332,400,381,410,author
"10010,",385,400,424,410,author
New,428,400,455,410,author
"York,",460,400,492,410,author
"NY,",497,400,521,410,author
USA,526,400,554,410,author
2Columbia,564,399,629,410,author
Astrophysics,633,400,710,410,author
"Laboratory,",714,400,785,410,author
Columbia,790,400,848,410,author
"University,",852,400,917,410,author
550,346,411,367,421,author
West,371,411,401,421,author
120th,406,411,440,421,author
"Street,",444,411,484,421,author
New,489,411,515,421,author
"York,",520,411,553,421,author
NY,557,411,578,421,author
"10027,",583,411,621,421,author
USA,626,411,654,421,author
0,82,421,89,431,section
1Center,99,420,146,431,author
for,150,421,167,431,author
Computational,171,421,262,431,author
"Astrophysics,",267,421,347,431,author
Flatiron,352,421,401,431,author
"Institute,",405,421,461,431,author
162,466,421,486,431,author
5th,491,421,511,431,author
"Avenue,",515,421,564,431,author
"10010,",568,421,607,431,author
New,611,421,638,431,author
"York,",642,421,675,431,author
"NY,",680,421,704,431,author
USA,709,421,737,431,author
3Department,746,420,826,431,author
of,830,421,841,431,author
Physics,846,421,891,431,author
and,895,421,918,431,author
"Astronomy,",198,432,267,442,author
University,272,432,334,442,author
College,338,432,382,442,author
"London,",387,432,436,442,author
132,441,432,461,442,author
Hampstead,466,432,534,442,author
"Road,",539,432,574,442,author
"London,",579,432,628,442,author
NW1,633,432,664,442,author
"2PS,",669,432,697,442,author
United,701,432,742,442,author
Kingdom,747,432,802,442,author
0,82,442,89,452,section
1Center,99,441,146,452,author
for,150,442,167,452,author
Computational,171,442,262,452,author
"Astrophysics,",266,442,347,452,author
Flatiron,351,442,400,452,author
"Institute,",405,442,460,452,author
162,465,442,486,452,author
5th,490,442,510,452,author
"Avenue,",514,442,563,452,author
"10010,",567,442,606,452,author
New,610,442,637,452,author
"York,",641,442,674,452,author
"NY,",678,442,703,452,author
USA,707,442,735,452,author
4Institut,745,441,797,452,author
d’Astrophysique,802,442,899,452,author
de,904,442,918,452,author
Paris,348,453,379,463,author
"98bis,",384,453,418,463,author
Boulevard,423,453,484,463,author
"Arago,",488,453,529,463,author
75014,533,453,568,463,author
"Paris,",573,453,607,463,author
France,612,453,652,463,author
0,98,463,105,473,section
1Center,115,462,162,473,author
for,166,463,183,473,author
Computational,187,463,278,473,author
"Astrophysics,",283,463,363,473,author
Flatiron,368,463,417,473,author
"Institute,",422,463,477,473,author
162,482,463,503,473,author
5th,507,463,527,473,author
"Avenue,",532,463,580,473,author
"10010,",585,463,623,473,author
New,628,463,655,473,author
"York,",659,463,692,473,author
"NY,",696,463,721,473,author
USA,726,463,754,473,author
5Sorbonne,763,462,827,473,author
"Universites,",831,463,902,473,author
Institut,283,474,329,484,author
Lagrange,334,474,389,484,author
de,394,474,408,484,author
Paris,412,474,443,484,author
98,448,474,462,484,author
bis,466,474,483,484,author
Boulevard,488,474,549,484,author
"Arago,",553,474,594,484,author
75014,598,474,633,484,author
"Paris,",637,474,672,484,author
France,677,474,717,484,author
0,83,484,90,494,section
1Center,99,483,146,494,author
for,151,484,168,494,author
Computational,172,484,263,494,author
"Astrophysics,",268,484,348,494,author
Flatiron,353,484,402,494,author
"Institute,",406,484,462,494,author
162,467,484,488,494,author
5th,492,484,512,494,author
"Avenue,",517,484,565,494,author
"10010,",570,484,608,494,author
New,613,484,639,494,author
"York,",644,484,677,494,author
"NY,",681,484,706,494,author
USA,710,484,739,494,author
6Department,748,483,827,494,author
of,832,484,843,494,author
"Astronomy,",848,484,917,494,author
Cornell,368,495,411,505,author
"University,",416,495,481,505,author
"Ithaca,",485,495,527,505,author
"NY,",532,495,556,505,author
"14853,",561,495,599,505,author
USA,604,495,632,505,author
0,120,505,127,515,section
1Center,136,504,183,515,author
for,188,505,205,515,author
Computational,209,505,300,515,author
"Astrophysics,",305,505,385,515,author
Flatiron,390,505,439,515,author
"Institute,",443,505,499,515,author
162,504,505,524,515,author
5th,529,505,549,515,author
"Avenue,",554,505,602,515,author
"10010,",607,505,645,515,author
New,650,505,676,515,author
"York,",681,505,714,515,author
"NY,",718,505,743,515,author
USA,747,505,776,515,author
7Department,785,504,864,515,author
of,869,505,880,515,author
Astrophysical,209,516,291,526,author
"Sciences,",295,516,349,526,author
Princeton,353,516,412,526,author
"University,",416,516,481,526,author
Peyton,486,516,528,526,author
"Hall,",533,516,562,526,author
Princeton,566,516,625,526,author
NJ,629,516,647,526,author
"08544-0010,",651,516,722,526,author
USA,727,516,755,526,author
and,769,516,791,526,section
Keywords:,141,544,214,557,section
large-scale,221,544,294,557,abstract
structure,299,544,364,557,abstract
of,369,544,382,557,abstract
universe,388,544,446,557,abstract
–,451,544,459,557,abstract
methods:,465,544,530,557,abstract
numerical,537,544,606,557,abstract
–,611,544,620,557,abstract
methods:,625,544,690,557,abstract
statistical,697,544,766,557,abstract
5.,122,582,133,593,section
INTERMEDIATE,144,583,255,593,section
SCALES:,259,583,317,593,section
HYDRODYNAMIC,322,583,442,593,section
For,533,581,557,593,paragraph
each,562,581,593,593,paragraph
standard,598,581,660,593,paragraph
and,665,581,691,593,paragraph
paired,696,581,740,593,paragraph
ﬁxed,745,581,779,593,paragraph
simulation,784,581,858,593,paragraph
we,862,581,881,593,paragraph
have,886,581,918,593,paragraph
computed,518,594,588,606,paragraph
the,595,594,617,606,paragraph
"matter,",624,594,676,606,paragraph
"CDM,",683,594,727,606,paragraph
"gas,",733,594,760,606,paragraph
stars,767,594,801,606,paragraph
and,807,594,833,606,paragraph
black-holes,840,594,918,606,paragraph
In,97,599,112,611,paragraph
this,117,599,144,611,paragraph
section,149,599,198,611,paragraph
we,203,599,222,611,paragraph
investigate,227,599,303,611,paragraph
the,308,599,331,611,paragraph
statistical,336,599,405,611,paragraph
properties,410,599,482,611,paragraph
power,518,607,561,620,paragraph
spectrum,567,607,633,620,paragraph
at,639,607,654,620,paragraph
redshifts,660,607,721,620,paragraph
"0,",727,607,740,620,paragraph
1,747,607,755,620,paragraph
and,761,607,788,620,paragraph
5.,794,607,807,620,paragraph
The,818,607,846,620,paragraph
relatively,852,607,918,620,paragraph
of,82,612,96,625,paragraph
paired,102,612,146,625,paragraph
ﬁxed,153,612,186,625,paragraph
simulations,193,612,273,625,paragraph
on,279,612,296,625,paragraph
intermediate,303,612,392,625,paragraph
scales,398,612,438,625,paragraph
using,445,612,482,625,paragraph
low,518,620,542,633,paragraph
resolution,548,620,618,633,paragraph
of,624,620,637,633,paragraph
the,643,620,666,633,paragraph
H200,672,620,709,633,paragraph
simulation,715,620,788,633,paragraph
highly,794,620,838,633,paragraph
aﬀects,844,620,889,633,paragraph
the,895,620,918,633,paragraph
state-of-the-art,82,625,190,638,paragraph
magneto-hydrodynamic,195,625,362,638,paragraph
simulations.,367,625,452,638,paragraph
We,459,625,482,638,paragraph
power,518,634,561,646,paragraph
spectrum,570,634,635,646,paragraph
of,644,634,658,646,paragraph
stars,667,634,700,646,paragraph
and,709,634,736,646,paragraph
"black-holes,",745,634,827,646,paragraph
due,837,634,862,646,paragraph
to,872,634,886,646,paragraph
the,895,634,918,646,paragraph
carry,82,639,119,651,paragraph
out,125,639,148,651,paragraph
the,154,639,176,651,paragraph
statistical,182,639,251,651,paragraph
analysis,256,639,312,651,paragraph
using,318,639,355,651,paragraph
the,360,639,383,651,paragraph
H200,388,639,425,651,paragraph
simula-,430,639,482,651,paragraph
large,518,647,553,660,paragraph
amplitude,558,647,629,660,paragraph
of,634,647,647,660,paragraph
the,652,647,675,660,paragraph
"shot-noise,",680,647,755,660,paragraph
on,760,647,777,660,paragraph
all,782,647,799,660,paragraph
scales,804,647,844,660,paragraph
we,849,647,868,660,paragraph
probe.,873,647,918,660,paragraph
tions.,82,652,121,665,paragraph
Those,129,652,171,665,paragraph
simulations,176,652,257,665,paragraph
are,262,652,284,665,paragraph
computationally,289,652,404,665,paragraph
"expensive,",409,652,482,665,paragraph
"Hence,",518,660,566,673,paragraph
we,573,660,591,673,paragraph
focus,598,660,634,673,paragraph
our,641,660,664,673,paragraph
analysis,671,660,727,673,paragraph
on,733,660,751,673,paragraph
the,757,660,780,673,paragraph
"matter,",786,660,839,673,paragraph
CDM,846,660,885,673,paragraph
and,891,660,918,673,paragraph
so,82,665,97,678,paragraph
we,104,665,123,678,paragraph
could,130,665,168,678,paragraph
only,175,665,205,678,paragraph
run,212,665,237,678,paragraph
56,244,665,260,678,paragraph
of,267,665,280,678,paragraph
them:,288,665,328,678,paragraph
26,339,665,355,678,paragraph
standard,362,665,425,678,paragraph
and,432,665,458,678,paragraph
15,465,665,482,678,paragraph
gas,518,674,541,686,paragraph
power,547,674,589,686,paragraph
spectra.,594,674,650,686,paragraph
paired,82,679,127,691,paragraph
ﬁxed,133,679,167,691,paragraph
realizations.,174,679,259,691,paragraph
This,269,679,301,691,paragraph
small,307,679,344,691,paragraph
number,351,679,405,691,paragraph
of,411,679,424,691,paragraph
simula-,430,679,482,691,paragraph
We,533,687,556,699,paragraph
show,563,687,598,699,paragraph
our,606,687,630,699,paragraph
results,637,687,684,699,paragraph
in,691,687,705,699,paragraph
Fig.,713,687,740,699,paragraph
6.,748,687,761,699,paragraph
From,775,687,812,699,paragraph
the,820,687,842,699,paragraph
ﬁrst,850,687,878,699,paragraph
pan-,886,687,918,699,paragraph
tions,82,692,117,704,paragraph
does,121,692,153,704,paragraph
not,157,692,181,704,paragraph
allow,185,692,222,704,paragraph
us,226,692,242,704,paragraph
to,247,692,261,704,paragraph
reach,266,692,303,704,paragraph
robust,308,692,353,704,paragraph
statistical,358,692,426,704,paragraph
conclu-,431,692,482,704,paragraph
els,518,700,537,713,paragraph
we,543,700,561,713,paragraph
deduce,568,700,616,713,paragraph
that,623,700,652,713,paragraph
the,659,700,681,713,paragraph
agreement,687,700,760,713,paragraph
between,766,700,824,713,paragraph
the,830,700,853,713,paragraph
diﬀerent,859,700,918,713,paragraph
sions,82,705,117,718,paragraph
for,122,705,142,718,paragraph
most,147,705,181,718,paragraph
of,186,705,199,718,paragraph
the,205,705,227,718,paragraph
quantities,232,705,302,718,paragraph
considered,307,705,382,718,paragraph
in,387,705,400,718,paragraph
this,405,705,432,718,paragraph
paper.,437,705,482,718,paragraph
power,518,713,561,726,paragraph
spectra,565,713,616,726,paragraph
from,621,713,654,726,paragraph
the,658,713,681,726,paragraph
diﬀerent,685,713,744,726,paragraph
simulations,748,713,829,726,paragraph
is,833,713,844,726,paragraph
very,849,713,879,726,paragraph
good,883,713,918,726,paragraph
For,82,718,106,731,paragraph
this,110,718,137,731,paragraph
reason,141,718,186,731,paragraph
we,190,718,209,731,paragraph
focus,213,718,249,731,paragraph
our,253,718,277,731,paragraph
analysis,281,718,337,731,paragraph
on,341,718,358,731,paragraph
"clustering,",362,718,436,731,paragraph
where,440,718,482,731,paragraph
at,518,727,533,739,paragraph
all,539,727,556,739,paragraph
redshifts.,562,727,627,739,paragraph
From,637,727,674,739,paragraph
the,680,727,703,739,paragraph
second,709,727,756,739,paragraph
panels,762,727,807,739,paragraph
we,813,727,831,739,paragraph
see,837,727,858,739,paragraph
that,865,727,894,739,paragraph
no,901,727,918,739,paragraph
the,82,732,105,744,paragraph
eﬀect,112,732,149,744,paragraph
is,156,732,167,744,paragraph
large,173,732,208,744,paragraph
enough,214,732,265,744,paragraph
to,271,732,286,744,paragraph
establish,292,732,354,744,paragraph
that,360,732,390,744,paragraph
paired,397,732,441,744,paragraph
ﬁxed,448,732,482,744,paragraph
bias,518,740,547,753,paragraph
is,553,740,564,753,paragraph
introduced,571,740,647,753,paragraph
by,653,740,671,753,paragraph
paired,677,740,722,753,paragraph
ﬁxed,728,740,762,753,paragraph
"simulations,",769,740,853,753,paragraph
with,860,740,892,753,paragraph
re-,899,740,918,753,paragraph
simulations,82,745,163,758,paragraph
do,167,745,185,758,paragraph
reduce,189,745,236,758,paragraph
the,240,745,263,758,paragraph
intrinsic,268,745,326,758,paragraph
scatter,330,745,378,758,paragraph
due,383,745,409,758,paragraph
to,413,745,428,758,paragraph
sample,433,745,482,758,paragraph
spect,518,753,555,766,paragraph
to,562,753,577,766,paragraph
standard,584,753,646,766,paragraph
"simulations,",653,753,738,766,paragraph
on,745,753,763,766,paragraph
these,770,753,806,766,paragraph
power,813,753,855,766,paragraph
spectra.,862,753,918,766,paragraph
variance.,82,758,145,771,paragraph
At,518,767,537,779,paragraph
redshift,542,767,596,779,paragraph
"5,",602,767,615,779,paragraph
we,621,767,639,779,paragraph
can,645,767,670,779,paragraph
see,676,767,697,779,paragraph
how,702,767,731,779,paragraph
results,737,767,783,779,paragraph
from,789,767,822,779,paragraph
the,828,767,851,779,paragraph
two,857,767,882,779,paragraph
sim-,888,767,918,779,paragraph
We,97,772,120,784,paragraph
have,127,772,159,784,paragraph
also,167,772,194,784,paragraph
computed,202,772,271,784,paragraph
the,279,772,302,784,paragraph
matter,309,772,357,784,paragraph
density,365,772,415,784,paragraph
"pdf,",423,772,451,784,paragraph
the,459,772,482,784,paragraph
ulation,518,780,568,792,paragraph
types,574,780,612,792,paragraph
are,618,780,640,792,paragraph
in,646,780,659,792,paragraph
"agreement,",665,780,743,792,paragraph
within,749,780,794,792,paragraph
"2σ,",800,780,823,792,paragraph
with,829,780,860,792,paragraph
a,866,780,875,792,paragraph
small,881,780,918,792,paragraph
halo,82,785,112,797,paragraph
mass,118,785,152,797,paragraph
function,158,785,216,797,paragraph
and,222,785,248,797,paragraph
the,254,785,276,797,paragraph
void,282,785,312,797,paragraph
mass,318,785,352,797,paragraph
"function,",358,785,421,797,paragraph
and,426,785,452,797,paragraph
our,458,785,482,797,paragraph
fraction,518,793,573,806,paragraph
of,579,793,592,806,paragraph
points,597,793,641,806,paragraph
exceeding,646,793,714,806,paragraph
that,720,793,749,806,paragraph
"threshold,",755,793,825,806,paragraph
as,831,793,845,806,paragraph
expected.,851,793,918,806,paragraph
results,82,798,129,811,paragraph
are,137,798,159,811,paragraph
in,166,798,180,811,paragraph
agreement,188,798,261,811,paragraph
with,269,798,301,811,paragraph
those,309,798,346,811,paragraph
from,354,798,387,811,paragraph
large,395,798,429,811,paragraph
"scales,",437,798,482,811,paragraph
At,518,806,537,819,paragraph
z,544,806,551,819,paragraph
=,560,806,572,819,paragraph
"1,",580,806,592,819,paragraph
we,600,806,619,819,paragraph
ﬁnd,626,806,653,819,paragraph
that,660,806,690,819,paragraph
many,697,806,736,819,paragraph
scales,743,806,783,819,paragraph
exhibit,791,806,840,819,paragraph
a,847,806,855,819,paragraph
discrep-,862,806,918,819,paragraph
i.e.,82,811,103,824,paragraph
paired,109,811,153,824,paragraph
ﬁxed,159,811,193,824,paragraph
simulations,199,811,279,824,paragraph
do,285,811,302,824,paragraph
not,308,811,331,824,paragraph
introduce,337,811,404,824,paragraph
a,410,811,418,824,paragraph
bias,423,811,452,824,paragraph
but,457,811,482,824,paragraph
(cid:39),577,810,590,832,paragraph
ancy,518,820,551,832,paragraph
of,558,820,571,832,paragraph
2σ,595,820,613,832,paragraph
for,620,820,639,832,paragraph
the,645,820,668,832,paragraph
three,674,820,710,832,paragraph
diﬀerent,717,820,775,832,paragraph
power,782,820,824,832,paragraph
spectra.,830,820,886,832,paragraph
We,895,820,918,832,paragraph
also,82,825,110,837,paragraph
do,117,825,134,837,paragraph
not,142,825,165,837,paragraph
reduce,172,825,219,837,paragraph
the,226,825,249,837,paragraph
intrinsic,256,825,313,837,paragraph
scatter.,321,825,373,837,paragraph
"However,",387,825,451,837,paragraph
the,459,825,482,837,paragraph
emphasize,518,833,591,846,paragraph
that,596,833,625,846,paragraph
those,630,833,667,846,paragraph
scales,672,833,712,846,paragraph
are,717,833,739,846,paragraph
highly,743,833,787,846,paragraph
"correlated,",792,833,867,846,paragraph
so,872,833,886,846,paragraph
it,891,833,902,846,paragraph
is,907,833,918,846,paragraph
associated,82,838,154,851,paragraph
error,162,838,196,851,paragraph
bars,204,838,234,851,paragraph
are,241,838,263,851,paragraph
too,270,838,293,851,paragraph
large,300,838,335,851,paragraph
to,342,838,356,851,paragraph
rule,364,838,391,851,paragraph
out,398,838,422,851,paragraph
a,429,838,437,851,paragraph
small,445,838,482,851,paragraph
expected,518,846,581,859,paragraph
that,585,846,615,859,paragraph
if,619,846,628,859,paragraph
one,632,846,657,859,paragraph
scale,661,846,694,859,paragraph
"deviates,",698,846,760,859,paragraph
the,765,846,787,859,paragraph
others,791,846,835,859,paragraph
will,839,846,864,859,paragraph
exhibit,868,846,918,859,paragraph
statistical,82,851,151,864,paragraph
improvement,158,851,251,864,paragraph
such,257,851,289,864,paragraph
as,296,851,310,864,paragraph
that,317,851,347,864,paragraph
we,354,851,372,864,paragraph
observe,379,851,432,864,paragraph
in,439,851,452,864,paragraph
the,459,851,482,864,paragraph
the,518,860,541,872,paragraph
same,547,860,582,872,paragraph
behavior.,588,860,654,872,paragraph
Since,662,860,700,872,paragraph
the,705,860,728,872,paragraph
number,734,860,788,872,paragraph
of,794,860,807,872,paragraph
realizations,813,860,893,872,paragraph
we,899,860,918,872,paragraph
H20,82,865,111,877,paragraph
simulations,116,865,197,877,paragraph
(see,202,865,229,877,paragraph
section,235,865,284,877,paragraph
).,289,865,300,877,paragraph
have,518,873,551,885,paragraph
in,556,873,569,885,paragraph
the,575,873,597,885,paragraph
H200,603,873,639,885,paragraph
is,645,873,656,885,paragraph
very,661,873,692,885,paragraph
"small,",697,873,739,885,paragraph
it,744,873,755,885,paragraph
is,760,873,771,885,paragraph
not,777,873,800,885,paragraph
unreasonable,805,873,898,885,paragraph
to,903,873,918,885,paragraph
5.1.,229,879,252,890,section
Clustering,262,878,335,890,section
(cid:39),711,877,723,899,paragraph
expect,518,886,565,899,paragraph
mean,570,886,608,899,paragraph
diﬀerences,613,886,687,899,paragraph
of,692,886,705,899,paragraph
2σ.,728,886,750,899,paragraph
We,758,886,780,899,paragraph
ﬁnd,786,886,813,899,paragraph
similar,818,886,866,899,paragraph
results,871,886,918,899,paragraph
at,518,899,533,912,paragraph
z,539,899,547,912,paragraph
=,553,899,565,912,paragraph
"0,",571,899,584,912,paragraph
where,590,899,631,912,paragraph
in,638,899,651,912,paragraph
some,657,899,692,912,paragraph
"cases,",699,899,738,912,paragraph
e.g.,745,899,769,912,paragraph
gas,775,899,798,912,paragraph
power,804,899,846,912,paragraph
spectrum,852,899,918,912,paragraph
†,110,910,116,923,paragraph
on,518,913,536,925,paragraph
very,541,913,571,925,paragraph
small,577,913,614,925,paragraph
"scales,",619,913,664,925,paragraph
the,669,913,692,925,paragraph
diﬀerence,697,913,765,925,paragraph
between,770,913,828,925,paragraph
the,833,913,856,925,paragraph
mean,861,913,899,925,paragraph
of,905,913,918,925,paragraph
fvillaescusa@ﬂatironinstitute.org,119,917,316,927,paragraph
##LTLine##,96,228,132,228,paragraph
