token,x0,y0,x1,y1,label
"burst,",82,81,124,94,paragraph
rather,129,81,172,94,paragraph
than,177,81,209,94,paragraph
the,214,81,236,94,paragraph
total,241,81,274,94,paragraph
ﬂuence,279,81,328,94,paragraph
spread,332,81,378,94,paragraph
over,383,81,412,94,paragraph
the,417,81,439,94,paragraph
dura-,444,81,482,94,paragraph
merger,518,81,567,94,paragraph
within,574,81,619,94,paragraph
an,626,81,643,94,paragraph
AGN,650,81,687,94,paragraph
disk,694,81,723,94,paragraph
(Bartos,729,81,783,94,paragraph
et,790,81,803,94,paragraph
al.,810,81,827,94,paragraph
2017;,834,81,871,94,paragraph
Stone,878,81,918,94,paragraph
tion,82,94,110,107,paragraph
of,116,94,129,107,paragraph
the,135,94,158,107,paragraph
burst.,164,94,206,107,paragraph
At,214,94,232,107,paragraph
the,238,94,261,107,paragraph
same,267,94,302,107,paragraph
"time,",308,94,344,107,paragraph
GRB,350,94,386,107,paragraph
140606A,392,94,453,107,paragraph
did,459,94,482,107,paragraph
et,518,94,532,107,paragraph
al.,538,94,555,107,paragraph
"2017),",562,94,605,107,paragraph
or,611,94,626,107,paragraph
a,632,94,640,107,paragraph
BBH,646,94,682,107,paragraph
system,688,94,736,107,paragraph
with,743,94,774,107,paragraph
a,781,94,789,107,paragraph
long-lived,795,94,864,107,paragraph
disk,870,94,898,107,paragraph
of,905,94,918,107,paragraph
not,82,108,106,120,paragraph
result,110,108,150,120,paragraph
in,155,108,168,120,paragraph
an,173,108,190,120,paragraph
on-board,195,108,258,120,paragraph
"trigger,",263,108,314,120,paragraph
whereas,319,108,375,120,paragraph
GRB,380,108,416,120,paragraph
170817A,421,108,482,120,paragraph
ambient,518,108,575,120,paragraph
material,580,108,639,120,paragraph
(Perna,643,108,691,120,paragraph
et,696,108,709,120,paragraph
al.,714,108,731,120,paragraph
2016;,736,108,773,120,paragraph
Murase,778,108,830,120,paragraph
et,834,108,848,120,paragraph
al.,852,108,870,120,paragraph
2016).,874,108,918,120,paragraph
"did,",82,121,110,133,paragraph
despite,118,121,167,133,paragraph
being,175,121,214,133,paragraph
of,221,121,234,133,paragraph
comparable,242,121,323,133,paragraph
ﬂuence,331,121,380,133,paragraph
and,387,121,413,133,paragraph
duration,421,121,482,133,paragraph
Other,518,121,560,133,paragraph
theories,567,121,622,133,paragraph
include,629,121,680,133,paragraph
the,687,121,709,133,paragraph
triggered,716,121,780,133,paragraph
collapse,787,121,842,133,paragraph
of,849,121,862,133,paragraph
a,869,121,877,133,paragraph
mas-,884,121,918,133,paragraph
and,82,134,109,147,paragraph
yielding,116,134,171,147,paragraph
identical,179,134,239,147,paragraph
likelihood,246,134,315,147,paragraph
ratio,322,134,355,147,paragraph
values.,362,134,410,147,paragraph
The,423,134,451,147,paragraph
dif-,458,134,482,147,paragraph
sive,518,134,545,147,paragraph
star,551,134,578,147,paragraph
due,584,134,610,147,paragraph
to,616,134,630,147,paragraph
its,636,134,653,147,paragraph
black,660,134,697,147,paragraph
hole,703,134,732,147,paragraph
companion,738,134,815,147,paragraph
(Janiuk,821,134,875,147,paragraph
et,881,134,894,147,paragraph
al.,901,134,918,147,paragraph
ference,82,147,132,160,paragraph
between,138,147,195,160,paragraph
the,201,147,224,160,paragraph
two,230,147,255,160,paragraph
bursts,261,147,305,160,paragraph
was,311,147,337,160,paragraph
that,343,147,372,160,paragraph
GRB,378,147,415,160,paragraph
140606A,421,147,482,160,paragraph
"2017),",518,147,562,160,paragraph
and,566,147,593,160,paragraph
the,597,147,620,160,paragraph
fragmentation,624,147,724,160,paragraph
of,728,147,741,160,paragraph
the,746,147,768,160,paragraph
stellar,773,147,816,160,paragraph
core,821,147,850,160,paragraph
of,854,147,867,160,paragraph
a,872,147,880,160,paragraph
mas-,884,147,918,160,paragraph
occurred,82,161,144,173,paragraph
at,148,161,162,173,paragraph
a,167,161,175,173,paragraph
location,179,161,236,173,paragraph
in,240,161,254,173,paragraph
spacecraft,258,161,329,173,paragraph
coordinates,334,161,415,173,paragraph
that,419,161,449,173,paragraph
pre-,454,161,482,173,paragraph
sive,518,161,545,173,paragraph
star,550,161,577,173,paragraph
(Loeb,582,161,623,173,paragraph
2016),628,161,667,173,paragraph
(although,672,161,740,173,paragraph
see,745,161,766,173,paragraph
Dai,771,161,796,173,paragraph
et,801,161,815,173,paragraph
al.,819,161,837,173,paragraph
(2017),841,161,887,173,paragraph
and,891,161,918,173,paragraph
cluded,82,174,129,187,paragraph
the,135,174,157,187,paragraph
bright,163,174,206,187,paragraph
illumination,212,174,298,187,paragraph
of,304,174,317,187,paragraph
all,323,174,341,187,paragraph
but,347,174,371,187,paragraph
one,377,174,402,187,paragraph
of,408,174,421,187,paragraph
the,427,174,449,187,paragraph
NaI,455,174,482,187,paragraph
Fedrow,518,174,570,187,paragraph
et,576,174,589,187,paragraph
al.,595,174,613,187,paragraph
(2017)).,619,174,675,187,paragraph
Lyutikov,684,174,747,187,paragraph
(2016),753,174,798,187,paragraph
has,804,174,828,187,paragraph
argued,834,174,882,187,paragraph
that,888,174,918,187,paragraph
detectors.,82,187,151,200,paragraph
The,164,187,192,200,paragraph
two,199,187,224,200,paragraph
bursts,231,187,275,200,paragraph
highlight,282,187,345,200,paragraph
the,352,187,374,200,paragraph
importance,381,187,461,200,paragraph
of,469,187,482,200,paragraph
the,518,187,541,200,paragraph
physical,548,187,605,200,paragraph
properties,612,187,683,200,paragraph
necessary,690,187,756,200,paragraph
to,763,187,778,200,paragraph
create,785,187,827,200,paragraph
GW150914-,834,187,918,200,paragraph
viewing,82,201,136,213,paragraph
"geometry,",143,201,212,213,paragraph
in,219,201,233,213,paragraph
addition,240,201,299,213,paragraph
to,305,201,320,213,paragraph
intrinsic,327,201,384,213,paragraph
ﬂux,391,201,418,213,paragraph
and,425,201,451,213,paragraph
ﬂu-,458,201,482,213,paragraph
2.50,894,202,916,211,paragraph
"ence,",82,214,118,226,paragraph
in,123,214,137,226,paragraph
the,142,214,165,226,paragraph
on-board,170,214,234,226,paragraph
detectability,239,214,328,226,paragraph
of,333,214,347,226,paragraph
a,352,214,360,226,paragraph
burst.,366,214,407,226,paragraph
BAT,591,212,608,219,paragraph
+,611,212,618,219,paragraph
GBM,620,212,640,219,paragraph
Detections,642,212,687,219,paragraph
The,97,227,125,240,paragraph
location,129,227,186,240,paragraph
of,190,227,203,240,paragraph
GW150914-GBM,208,227,331,240,paragraph
in,335,227,349,240,paragraph
Figure,353,227,399,240,paragraph
8,403,227,411,240,paragraph
is,416,227,427,240,paragraph
also,431,227,458,240,paragraph
re-,463,227,482,240,paragraph
BGARTB,591,221,609,238,paragraph
O1n7l0y8,611,221,633,238,paragraph
D17etections,632,221,677,238,paragraph
2.25,894,224,916,233,paragraph
vealing.,82,240,137,253,paragraph
The,146,240,174,253,paragraph
GW150914-GBM,180,240,303,253,paragraph
candidate,309,240,378,253,paragraph
was,384,240,410,253,paragraph
identiﬁed,416,240,482,253,paragraph
104,538,243,556,254,paragraph
GW,591,240,606,248,paragraph
150914,609,240,641,248,paragraph
2.00,894,246,916,255,paragraph
0.4,82,254,103,266,paragraph
s,110,254,116,266,paragraph
after,123,254,156,266,paragraph
the,163,254,186,266,paragraph
LIGO,192,254,234,266,paragraph
"trigger,",241,254,292,266,paragraph
with,299,254,331,266,paragraph
a,338,254,346,266,paragraph
likelihood,353,254,422,266,paragraph
ratio,428,254,462,266,paragraph
of,469,254,482,266,paragraph
∼,82,258,95,280,paragraph
∼,187,258,199,280,paragraph
11,100,267,116,280,paragraph
and,122,267,148,280,paragraph
SNR,153,267,187,280,paragraph
5.5.,204,267,229,280,paragraph
This,237,267,269,280,paragraph
places,274,267,317,280,paragraph
GW150914-GBM,322,267,445,280,paragraph
near,451,267,482,280,paragraph
1.75,894,269,916,278,paragraph
the,82,280,105,293,paragraph
detection,110,280,175,293,paragraph
threshold,179,280,246,293,paragraph
we,250,280,269,293,paragraph
have,273,280,305,293,paragraph
adopted,310,280,367,293,paragraph
for,372,280,391,293,paragraph
the,396,280,418,293,paragraph
targeted,423,280,482,293,paragraph
"search,",82,294,131,306,paragraph
but,136,294,160,306,paragraph
squarely,165,294,224,306,paragraph
within,228,294,273,306,paragraph
the,278,294,301,306,paragraph
GBM,305,294,344,306,paragraph
sub-threshold,349,294,445,306,paragraph
pop-,450,294,482,306,paragraph
103,538,286,556,297,paragraph
1.50,894,291,916,300,paragraph
ulation,82,307,132,319,paragraph
of,139,307,152,319,paragraph
astrophysical,159,307,252,319,paragraph
SGRBs,259,307,310,319,paragraph
detected,317,307,377,319,paragraph
by,384,307,401,319,paragraph
BAT.,408,307,447,319,paragraph
The,454,307,482,319,paragraph
1.25,894,313,916,322,paragraph
comparison,82,320,163,333,paragraph
shows,169,320,210,333,paragraph
that,216,320,245,333,paragraph
the,251,320,274,333,paragraph
targeted,279,320,338,333,paragraph
search,344,320,388,333,paragraph
is,393,320,404,333,paragraph
capable,410,320,463,333,paragraph
of,469,320,482,333,paragraph
recovering,82,333,154,346,paragraph
astrophysical,161,333,253,346,paragraph
signals,260,333,307,346,paragraph
as,314,333,328,346,paragraph
weak,335,333,370,346,paragraph
as,377,333,391,346,paragraph
GW150914-,398,333,482,346,paragraph
102,538,329,556,339,paragraph
1.00,894,335,916,344,paragraph
GBM,82,347,122,359,paragraph
in,126,347,140,359,paragraph
the,144,347,167,359,paragraph
untriggered,171,347,252,359,paragraph
data.,257,347,293,359,paragraph
The,300,347,328,359,paragraph
GBM,333,347,372,359,paragraph
light,376,347,408,359,paragraph
curve,413,347,451,359,paragraph
and,455,347,482,359,paragraph
event,82,360,120,373,paragraph
analysis,125,360,181,373,paragraph
display,186,360,235,373,paragraph
for,240,360,260,373,paragraph
GW150914-GBM,265,360,388,373,paragraph
are,393,360,414,373,paragraph
shown,419,360,463,373,paragraph
in,468,360,482,373,paragraph
0.75,894,358,916,367,paragraph
∼,283,364,295,386,paragraph
Figure,82,373,128,386,paragraph
"9,",135,373,148,386,paragraph
revealing,155,373,219,386,paragraph
a,226,373,234,386,paragraph
weak,241,373,276,386,paragraph
1,302,373,311,386,paragraph
s,318,373,324,386,paragraph
long,331,373,361,386,paragraph
source,368,373,412,386,paragraph
that,419,373,449,386,paragraph
was,456,373,482,386,paragraph
101,538,372,556,382,paragraph
0.50,894,380,916,389,paragraph
detected,82,387,142,399,paragraph
on,148,387,165,399,paragraph
multiple,170,387,228,399,paragraph
timescales.,234,387,310,399,paragraph
The,97,400,125,412,paragraph
nature,129,400,175,412,paragraph
of,179,400,192,412,paragraph
GW150914-GBM,196,400,319,412,paragraph
has,323,400,347,412,paragraph
resulted,351,400,407,412,paragraph
in,411,400,424,412,paragraph
a,428,400,437,412,paragraph
vigor-,440,400,482,412,paragraph
0.25,894,402,916,411,paragraph
ous,82,413,106,426,paragraph
debate,110,413,157,426,paragraph
in,161,413,175,426,paragraph
the,179,413,201,426,paragraph
gamma-ray,206,413,285,426,paragraph
and,289,413,315,426,paragraph
GW,320,413,349,426,paragraph
communities.,353,413,447,426,paragraph
The,454,413,482,426,paragraph
100,538,414,556,425,paragraph
original,82,426,136,439,paragraph
investigation,141,426,231,439,paragraph
of,236,426,249,439,paragraph
the,255,426,277,439,paragraph
GBM,283,426,322,439,paragraph
data,327,426,359,439,paragraph
by,364,426,381,439,paragraph
Connaughton,386,426,482,439,paragraph
10-8,550,430,570,440,paragraph
10-7,674,430,695,440,paragraph
10-6,799,430,819,440,paragraph
0.00,894,424,916,433,paragraph
et,82,440,96,452,paragraph
al.,101,440,118,452,paragraph
(2016),123,440,169,452,paragraph
revealed,174,440,232,452,paragraph
a,237,440,245,452,paragraph
weak,250,440,285,452,paragraph
source,291,440,335,452,paragraph
with,340,440,372,452,paragraph
a,377,440,385,452,paragraph
location,390,440,447,452,paragraph
con-,452,440,482,452,paragraph
Fluence,633,443,672,452,paragraph
[15-350,675,443,714,452,paragraph
keV],717,443,740,452,paragraph
(erg,743,443,764,452,paragraph
cm−2),767,443,796,452,paragraph
sistent,82,453,128,466,paragraph
with,135,453,166,466,paragraph
the,173,453,195,466,paragraph
LIGO,202,453,243,466,paragraph
localization,249,453,330,466,paragraph
of,337,453,350,466,paragraph
GW150914,356,453,435,466,paragraph
and,441,453,467,466,paragraph
a,474,453,482,466,paragraph
hard,82,466,115,479,paragraph
spectrum,121,466,186,479,paragraph
typical,192,466,240,479,paragraph
of,245,466,258,479,paragraph
SGRBs.,264,466,320,479,paragraph
Based,328,466,370,479,paragraph
on,376,466,393,479,paragraph
the,398,466,421,479,paragraph
proxim-,426,466,482,479,paragraph
ity,82,480,101,492,paragraph
in,108,480,121,492,paragraph
time,128,480,160,492,paragraph
of,166,480,179,492,paragraph
the,186,480,208,492,paragraph
signal,215,480,255,492,paragraph
to,262,480,276,492,paragraph
the,283,480,305,492,paragraph
GW,312,480,341,492,paragraph
event,348,480,385,492,paragraph
and,392,480,418,492,paragraph
the,425,480,447,492,paragraph
rate,454,480,482,492,paragraph
Fig.,533,474,559,484,paragraph
8.—,563,474,589,484,paragraph
The,596,476,620,486,caption
likelihood,627,476,685,486,caption
ratio,692,476,721,486,caption
versus,728,476,765,486,caption
ﬂuence,771,476,813,486,caption
as,820,476,832,486,caption
measured,839,476,896,486,caption
by,903,476,918,486,caption
BAT,518,487,547,497,caption
in,552,487,564,497,caption
the,568,487,587,497,caption
15-350,592,487,631,497,caption
keV,636,487,659,497,caption
energy,663,487,703,497,caption
range,708,487,741,497,caption
for,745,487,762,497,caption
the,766,487,786,497,caption
bursts,790,487,827,497,caption
in,832,487,843,497,caption
our,848,487,868,497,caption
sample.,872,487,918,497,caption
of,82,493,96,505,paragraph
transients,103,493,173,505,paragraph
of,181,493,194,505,paragraph
similar,202,493,250,505,paragraph
signiﬁcance,258,493,338,505,paragraph
in,346,493,360,505,paragraph
the,368,493,390,505,paragraph
GBM,398,493,438,505,paragraph
"data,",446,493,482,505,paragraph
The,518,497,542,507,caption
color,548,497,577,507,caption
of,583,497,594,507,caption
each,599,497,626,507,caption
data,631,497,658,507,caption
point,664,497,695,507,caption
represents,701,497,762,507,caption
the,767,497,786,507,caption
BAT,792,497,821,507,caption
measured,826,497,883,507,caption
T100,889,497,917,508,caption
Connaughton,82,506,178,519,paragraph
et,186,506,200,519,paragraph
al.,208,506,225,519,paragraph
(2016),234,506,279,519,paragraph
estimated,287,506,356,519,paragraph
a,365,506,373,519,paragraph
post-trials,381,506,453,519,paragraph
as-,462,506,482,519,paragraph
duration.,518,508,574,518,caption
The,581,508,604,518,caption
circles,609,508,646,518,caption
represent,651,508,706,518,caption
the,711,508,730,518,caption
bursts,735,508,772,518,caption
that,777,508,802,518,caption
triggered,807,508,861,518,caption
both,866,508,894,518,caption
the,898,508,918,518,caption
sociation,82,519,145,532,paragraph
probability,153,519,231,532,paragraph
of,238,519,251,532,paragraph
2.9σ.,259,519,294,532,paragraph
The,308,519,336,532,paragraph
source,343,519,388,532,paragraph
was,395,519,421,532,paragraph
not,429,519,452,532,paragraph
de-,460,519,482,532,paragraph
BAT,518,518,547,528,caption
and,551,518,573,528,caption
"GBM,",577,518,614,528,caption
while,617,518,649,528,caption
the,652,518,672,528,caption
diamonds,675,518,733,528,caption
are,736,518,755,528,caption
candidate,758,518,817,528,caption
GBM,820,518,853,528,caption
detections,857,518,918,528,caption
of,518,529,530,539,caption
bursts,535,529,572,539,caption
that,578,529,603,539,caption
only,609,529,635,539,caption
triggered,640,529,694,539,caption
BAT.,700,529,733,539,caption
The,738,529,762,539,caption
x,768,529,775,539,caption
and,781,529,803,539,caption
star,809,529,832,539,caption
represent,838,529,893,539,caption
the,898,529,918,539,caption
tected,82,533,126,545,paragraph
by,132,533,150,545,paragraph
INTEGRAL,156,533,244,545,paragraph
SPI-ACS,251,533,315,545,paragraph
Savchenko,321,533,394,545,paragraph
et,401,533,414,545,paragraph
al.,421,533,438,545,paragraph
"2016,",445,533,482,545,paragraph
ﬂuence,518,539,560,549,caption
in,565,539,577,549,caption
the,582,539,602,549,caption
same,607,539,637,549,caption
energy,642,539,682,549,caption
range,687,539,721,549,caption
as,726,539,738,549,caption
measured,744,539,801,549,caption
by,806,539,821,549,caption
GBM,826,539,859,549,caption
for,865,539,881,549,caption
GRB,887,539,918,549,caption
which,82,546,124,559,paragraph
viewed,130,546,178,559,paragraph
the,184,546,207,559,paragraph
GBM,213,546,253,559,paragraph
"localization,",259,546,344,559,paragraph
and,351,546,377,559,paragraph
the,384,546,406,559,paragraph
statistical,413,546,482,559,paragraph
170817A,518,550,570,560,caption
and,575,550,597,560,caption
GW150914-GBM.,602,550,710,560,caption
signiﬁcance,82,559,163,572,paragraph
of,168,559,181,572,paragraph
the,185,559,208,572,paragraph
signal,212,559,253,572,paragraph
was,258,559,284,572,paragraph
challenged,288,559,362,572,paragraph
by,366,559,384,572,paragraph
Greiner,388,559,442,572,paragraph
et,446,559,460,572,paragraph
al.,464,559,482,572,paragraph
2016.,82,573,119,585,paragraph
We,127,573,149,585,paragraph
note,154,573,185,585,paragraph
that,190,573,220,585,paragraph
INTEGRAL,225,573,313,585,paragraph
SPI-ACS,318,573,382,585,paragraph
is,387,573,397,585,paragraph
sensitive,402,573,462,585,paragraph
to,467,573,482,585,paragraph
GBM,518,573,558,585,paragraph
are,562,573,583,585,paragraph
highly,587,573,631,585,paragraph
"implausible,",635,573,720,585,paragraph
although,725,573,787,585,paragraph
Khan,791,573,830,585,paragraph
et,834,573,847,585,paragraph
al.,851,573,869,585,paragraph
(2018),872,573,918,585,paragraph
higher,82,586,127,598,paragraph
energies,132,586,188,598,paragraph
than,193,586,226,598,paragraph
the,231,586,253,598,paragraph
GBM,258,586,297,598,paragraph
and,302,586,329,598,paragraph
the,334,586,356,598,paragraph
large,361,586,396,598,paragraph
uncertainty,401,586,482,598,paragraph
surveyed,518,586,580,598,paragraph
diﬀerent,585,586,644,598,paragraph
models,648,586,698,598,paragraph
of,702,586,715,598,paragraph
disks,720,586,755,598,paragraph
around,760,586,810,598,paragraph
merging,814,586,871,598,paragraph
BBHs,876,586,918,598,paragraph
in,82,599,96,612,paragraph
the,102,599,124,612,paragraph
GBM,130,599,170,612,paragraph
inferred,175,599,230,612,paragraph
spectrum,236,599,302,612,paragraph
renders,308,599,359,612,paragraph
the,365,599,388,612,paragraph
INTEGRAL,394,599,482,612,paragraph
using,518,599,556,612,paragraph
magnetohydrodynamic,560,599,722,612,paragraph
simulations,727,599,807,612,paragraph
and,811,599,838,612,paragraph
shows,842,599,883,612,paragraph
that,888,599,918,612,paragraph
non-detection,82,612,179,625,paragraph
inconclusive.,184,612,274,625,paragraph
Connaughton,281,612,376,625,paragraph
et,381,612,394,625,paragraph
al.,399,612,416,625,paragraph
2018,421,612,453,625,paragraph
has,458,612,482,625,paragraph
such,518,612,550,625,paragraph
systems,556,612,611,625,paragraph
could,618,612,656,625,paragraph
produce,662,612,719,625,paragraph
an,725,612,742,625,paragraph
EM,749,612,775,625,paragraph
counterpart,781,612,864,625,paragraph
consis-,870,612,918,625,paragraph
also,82,626,110,638,paragraph
challenged,116,626,190,638,paragraph
the,196,626,219,638,paragraph
conclusions,225,626,305,638,paragraph
drawn,311,626,355,638,paragraph
by,361,626,378,638,paragraph
Greiner,385,626,438,638,paragraph
et,445,626,458,638,paragraph
al.,464,626,482,638,paragraph
tent,518,626,547,638,paragraph
with,554,626,586,638,paragraph
the,593,626,616,638,paragraph
properties,624,626,695,638,paragraph
of,702,626,715,638,paragraph
GW150914-GBM.,723,626,850,638,paragraph
Likewise,858,626,918,638,paragraph
2016,82,639,115,652,paragraph
and,122,639,148,652,paragraph
pointed,154,639,208,652,paragraph
out,214,639,238,652,paragraph
claimed,244,639,299,652,paragraph
misrepresentations,305,639,437,652,paragraph
made,444,639,482,652,paragraph
Veres,518,639,557,652,paragraph
et,563,639,576,652,paragraph
al.,583,639,600,652,paragraph
(2016),606,639,651,652,paragraph
showed,658,639,709,652,paragraph
that,715,639,745,652,paragraph
dissipative,751,639,825,652,paragraph
photosphere,832,639,918,652,paragraph
by,82,652,100,665,paragraph
Greiner,103,652,157,665,paragraph
et,161,652,174,665,paragraph
al.,178,652,195,665,paragraph
2016,199,652,232,665,paragraph
of,236,652,249,665,paragraph
the,253,652,275,665,paragraph
analysis,279,652,335,665,paragraph
originally,339,652,405,665,paragraph
performed,409,652,482,665,paragraph
models,518,652,568,665,paragraph
of,572,652,585,665,paragraph
GRB,590,652,626,665,paragraph
emission,630,652,690,665,paragraph
can,694,652,719,665,paragraph
accommodate,723,652,820,665,paragraph
the,825,652,847,665,paragraph
GBM,852,652,891,665,paragraph
ob-,895,652,918,665,paragraph
in,82,666,96,678,paragraph
Connaughton,101,666,197,678,paragraph
et,202,666,216,678,paragraph
al.,221,666,238,678,paragraph
(2016).,244,666,294,678,paragraph
servations.,518,666,593,678,paragraph
The,97,679,125,691,paragraph
low,131,679,155,691,paragraph
association,161,679,238,691,paragraph
probability,244,679,322,691,paragraph
"notwithstanding,",327,679,447,691,paragraph
per-,453,679,482,691,paragraph
"Ultimately,",533,679,612,691,paragraph
the,618,679,640,691,paragraph
detection,645,679,711,691,paragraph
of,716,679,729,691,paragraph
another,734,679,789,691,paragraph
EM,794,679,820,691,paragraph
signal,825,679,866,691,paragraph
from,871,679,904,691,paragraph
a,910,679,918,691,paragraph
haps,82,692,115,705,paragraph
the,121,692,143,705,paragraph
greatest,149,692,205,705,paragraph
challenge,211,692,276,705,paragraph
facing,282,692,324,705,paragraph
GW150914-GBM,329,692,452,705,paragraph
has,458,692,482,705,paragraph
BBH,518,692,554,705,paragraph
system,561,692,609,705,paragraph
will,616,692,641,705,paragraph
be,648,692,665,705,paragraph
required,672,692,730,705,paragraph
to,737,692,752,705,paragraph
conclusively,759,692,843,705,paragraph
settle,850,692,888,705,paragraph
the,895,692,918,705,paragraph
been,82,705,115,718,paragraph
that,123,705,153,718,paragraph
merging,161,705,218,718,paragraph
black,226,705,263,718,paragraph
holes,271,705,307,718,paragraph
in,315,705,328,718,paragraph
vacuum,336,705,391,718,paragraph
are,399,705,421,718,paragraph
not,429,705,452,718,paragraph
ex-,460,705,482,718,paragraph
debate,518,705,565,718,paragraph
as,573,705,588,718,paragraph
to,595,705,610,718,paragraph
the,618,705,640,718,paragraph
origin,648,705,689,718,paragraph
of,696,705,710,718,paragraph
GW150914-GBM.,717,705,845,718,paragraph
We,852,705,875,718,paragraph
show,883,705,918,718,paragraph
pected,82,719,129,731,paragraph
to,138,719,152,731,paragraph
generate,161,719,220,731,paragraph
electromagnetic,229,719,340,731,paragraph
signals.,349,719,401,731,paragraph
This,418,719,449,731,paragraph
has,458,719,482,731,paragraph
that,518,719,548,731,paragraph
the,555,719,577,731,paragraph
oﬄine,584,719,626,731,paragraph
targeted,633,719,692,731,paragraph
search,698,719,742,731,paragraph
developed,749,719,819,731,paragraph
by,826,719,843,731,paragraph
the,849,719,872,731,paragraph
GBM,878,719,918,731,paragraph
not,82,732,106,745,paragraph
prevented,114,732,183,745,paragraph
a,191,732,200,745,paragraph
series,208,732,246,745,paragraph
of,254,732,267,745,paragraph
authors,275,732,329,745,paragraph
from,337,732,370,745,paragraph
devising,378,732,436,745,paragraph
a,444,732,452,745,paragraph
list,460,732,482,745,paragraph
team,518,732,554,745,paragraph
is,560,732,571,745,paragraph
capable,578,732,631,745,paragraph
of,638,732,651,745,paragraph
recovering,657,732,729,745,paragraph
true,736,732,765,745,paragraph
astrophysical,771,732,864,745,paragraph
signals,870,732,918,745,paragraph
of,82,745,96,758,paragraph
possible,104,745,160,758,paragraph
scenarios,169,745,232,758,paragraph
to,241,745,255,758,paragraph
explain,264,745,315,758,paragraph
the,324,745,346,758,paragraph
origin,355,745,396,758,paragraph
of,404,745,417,758,paragraph
the,426,745,449,758,paragraph
sig-,457,745,482,758,paragraph
as,518,745,533,758,paragraph
weak,540,745,576,758,paragraph
and/or,583,745,632,758,paragraph
viewed,639,745,687,758,paragraph
with,695,745,726,758,paragraph
poor,734,745,766,758,paragraph
spacecraft,774,745,845,758,paragraph
geometry,852,745,918,758,paragraph
nal.,82,759,109,771,paragraph
These,121,759,162,771,paragraph
range,169,759,208,771,paragraph
from,215,759,248,771,paragraph
the,256,759,278,771,paragraph
dissipation,285,759,361,771,paragraph
of,368,759,381,771,paragraph
the,388,759,411,771,paragraph
Poynting,418,759,482,771,paragraph
as,518,759,533,771,paragraph
GW150914-GBM,538,759,661,771,paragraph
in,667,759,680,771,paragraph
the,686,759,708,771,paragraph
untriggered,713,759,795,771,paragraph
data.,800,759,836,771,paragraph
The,843,759,871,771,paragraph
use,877,759,899,771,paragraph
of,905,759,918,771,paragraph
"ﬂuDxraefntervgeyrsitohnroMuagyh3t0h,",82,772,253,785,section
e202m0erger,253,772,317,785,section
of,326,772,339,784,paragraph
two,347,772,373,784,paragraph
charged,381,772,436,784,paragraph
black,445,772,482,784,paragraph
this,518,772,545,784,paragraph
technique,552,772,620,784,paragraph
to,627,772,641,784,paragraph
examine,648,772,707,784,paragraph
GBM,714,772,753,784,paragraph
observations,760,772,847,784,paragraph
of,855,772,868,784,paragraph
future,875,772,918,784,paragraph
hoPlerespr(iZnthtaynpgese2t0u1si6n;g,82,785,224,798,section
LFArTaEXschsteytletiem2u0l1at6e;apLjive.b0l1in/2g3/&15,228,785,431,799,section
Palen-,437,785,482,798,paragraph
BBH,518,785,554,798,paragraph
merger,558,785,607,798,paragraph
candidates,612,785,687,798,paragraph
detected,691,785,751,798,paragraph
by,756,785,773,798,paragraph
LIGO/Virgo,777,785,867,798,paragraph
will,871,785,896,798,paragraph
be,901,785,918,798,paragraph
zuela,82,798,119,811,paragraph
2016);,125,798,168,811,paragraph
super-Eddington,175,798,293,811,paragraph
accretion,299,798,364,811,paragraph
through,370,798,426,811,paragraph
a,432,798,440,811,paragraph
BBH,446,798,482,811,paragraph
crucial,518,798,566,811,paragraph
at,571,798,585,811,paragraph
resolving,591,798,654,811,paragraph
this,659,798,686,811,paragraph
mystery.,691,798,751,811,paragraph
D.,84,853,101,864,author
"Kocevski1,",107,852,185,864,author
E.,191,853,206,864,author
"Burns2,",212,852,268,864,author
A.,273,853,290,864,author
"Goldstein3,",295,852,382,864,author
T.,387,853,403,864,author
Dal,409,853,437,864,author
"Canton2,",443,852,510,864,author
M.,515,853,535,864,author
S.,540,853,554,864,author
"Briggs4,6,",559,852,629,864,author
L.,634,853,649,864,author
"Blackburn6,",655,852,746,864,author
P.,752,853,767,864,author
"Veres5,",773,852,827,864,author
C.,833,853,849,864,author
M.,855,853,874,864,author
"Hui1,",879,852,916,864,author
oitaR,523,280,534,300,paragraph
doohilekiL,523,303,534,342,paragraph
gol,523,344,534,356,paragraph
001T,919,308,930,328,paragraph
##LTFigure##,518,199,936,457,figure
##LTFigure##,747,323,747,325,figure
##LTFigure##,730,345,730,347,figure
##LTFigure##,700,323,700,325,figure
##LTFigure##,695,341,695,343,figure
##LTFigure##,815,250,815,252,figure
##LTFigure##,715,334,715,336,figure
##LTFigure##,721,325,722,327,figure
##LTFigure##,755,277,756,279,figure
##LTFigure##,778,294,778,296,figure
##LTFigure##,723,281,724,283,figure
##LTFigure##,684,341,684,343,figure
##LTFigure##,678,345,679,347,figure
##LTFigure##,760,310,760,312,figure
##LTFigure##,753,288,754,290,figure
##LTFigure##,685,341,685,343,figure
##LTFigure##,744,297,744,299,figure
##LTFigure##,755,316,756,319,figure
##LTFigure##,666,329,667,331,figure
##LTFigure##,660,312,660,314,figure
##LTFigure##,709,322,710,324,figure
##LTFigure##,716,337,717,339,figure
##LTFigure##,688,328,688,330,figure
##LTFigure##,718,310,718,313,figure
##LTFigure##,796,284,796,286,figure
##LTFigure##,749,288,749,290,figure
##LTFigure##,686,341,686,343,figure
##LTFigure##,689,311,689,313,figure
##LTFigure##,677,338,677,340,figure
##LTFigure##,774,281,774,283,figure
##LTFigure##,704,321,704,323,figure
##LTFigure##,724,312,724,314,figure
##LTFigure##,774,323,775,325,figure
##LTFigure##,755,345,755,347,figure
##LTFigure##,726,323,727,325,figure
##LTFigure##,731,341,731,343,figure
##LTFigure##,844,250,844,252,figure
##LTFigure##,745,334,745,336,figure
##LTFigure##,749,325,749,327,figure
##LTFigure##,778,277,778,279,figure
##LTFigure##,791,294,791,296,figure
##LTFigure##,807,281,807,283,figure
##LTFigure##,716,341,717,343,figure
##LTFigure##,713,345,714,347,figure
##LTFigure##,788,310,788,312,figure
##LTFigure##,777,288,777,290,figure
##LTFigure##,711,341,711,343,figure
##LTFigure##,768,297,768,299,figure
##LTFigure##,768,316,768,319,figure
##LTFigure##,708,329,708,331,figure
##LTFigure##,728,312,728,314,figure
##LTFigure##,763,322,763,324,figure
##LTFigure##,519,348,519,350,figure
##LTFigure##,736,337,736,339,figure
##LTFigure##,714,328,714,330,figure
##LTFigure##,744,310,744,313,figure
##LTFigure##,806,284,806,286,figure
##LTFigure##,780,288,780,290,figure
##LTFigure##,723,341,723,343,figure
##LTFigure##,744,311,744,313,figure
##LTFigure##,718,338,718,340,figure
##LTFigure##,791,281,791,283,figure
##LTFigure##,720,321,721,323,figure
##LTFigure##,756,312,756,314,figure
##LTFigure##,714,357,714,359,figure
##LTFigure##,667,384,667,386,figure
##LTFigure##,609,380,609,382,figure
##LTFigure##,699,354,699,356,figure
##LTFigure##,663,363,663,365,figure
##LTFigure##,620,372,620,374,figure
##LTFigure##,695,342,696,344,figure
##LTFigure##,615,386,615,389,figure
##LTFigure##,681,368,681,370,figure
##LTFigure##,704,355,705,357,figure
##LTFigure##,590,369,590,371,figure
##LTFigure##,750,357,750,359,figure
##LTFigure##,721,384,721,386,figure
##LTFigure##,656,380,656,382,figure
##LTFigure##,733,354,733,356,figure
##LTFigure##,693,363,694,365,figure
##LTFigure##,657,372,657,374,figure
##LTFigure##,738,342,738,344,figure
##LTFigure##,664,386,664,389,figure
##LTFigure##,719,368,719,370,figure
##LTFigure##,737,355,738,357,figure
##LTFigure##,638,369,639,371,figure
##LTFigure##,758,323,761,325,figure
##LTFigure##,740,345,743,347,figure
##LTFigure##,710,323,714,326,figure
##LTFigure##,710,341,714,343,figure
##LTFigure##,827,250,830,252,figure
##LTFigure##,727,334,730,337,figure
##LTFigure##,732,325,735,328,figure
##LTFigure##,764,277,767,280,figure
##LTFigure##,781,294,785,297,figure
##LTFigure##,763,281,766,283,figure
##LTFigure##,698,341,701,344,figure
##LTFigure##,694,345,697,348,figure
##LTFigure##,771,310,775,313,figure
##LTFigure##,762,288,766,290,figure
##LTFigure##,695,341,698,344,figure
##LTFigure##,753,297,757,300,figure
##LTFigure##,758,316,762,319,figure
##LTFigure##,685,329,688,332,figure
##LTFigure##,693,312,696,315,figure
##LTFigure##,735,322,738,324,figure
##LTFigure##,496,348,500,351,figure
##LTFigure##,451,330,454,332,figure
##LTFigure##,723,337,726,340,figure
##LTFigure##,698,328,701,330,figure
##LTFigure##,728,310,732,313,figure
##LTFigure##,798,284,801,286,figure
##LTFigure##,762,288,765,291,figure
##LTFigure##,703,341,706,344,figure
##LTFigure##,713,311,717,314,figure
##LTFigure##,696,338,699,340,figure
##LTFigure##,779,281,783,283,figure
##LTFigure##,709,321,713,323,figure
##LTFigure##,737,312,741,314,figure
##LTFigure##,728,357,732,361,figure
##LTFigure##,691,384,695,388,figure
##LTFigure##,629,380,634,383,figure
##LTFigure##,712,354,717,358,figure
##LTFigure##,674,363,679,366,figure
##LTFigure##,635,372,640,375,figure
##LTFigure##,713,342,718,346,figure
##LTFigure##,637,386,641,390,figure
##LTFigure##,696,368,701,371,figure
##LTFigure##,717,355,721,358,figure
##LTFigure##,612,369,617,372,figure
##LTFigure##,877,207,891,429,figure
##LTLine##,747,323,775,323,paragraph
##LTLine##,730,345,755,345,paragraph
##LTLine##,700,323,727,323,paragraph
##LTLine##,695,341,731,341,paragraph
##LTLine##,815,250,844,250,paragraph
##LTLine##,715,334,745,334,paragraph
##LTLine##,722,325,749,325,paragraph
##LTLine##,756,277,778,277,paragraph
##LTLine##,778,294,791,294,paragraph
##LTLine##,724,281,807,281,paragraph
##LTLine##,684,341,717,341,paragraph
##LTLine##,679,345,714,345,paragraph
##LTLine##,760,310,788,310,paragraph
##LTLine##,754,288,777,288,paragraph
##LTLine##,685,341,711,341,paragraph
##LTLine##,744,297,768,297,paragraph
##LTLine##,756,316,768,316,paragraph
##LTLine##,667,329,708,329,paragraph
##LTLine##,660,312,728,312,paragraph
##LTLine##,710,322,763,322,paragraph
##LTLine##,717,337,736,337,paragraph
##LTLine##,688,328,714,328,paragraph
##LTLine##,718,310,744,310,paragraph
##LTLine##,796,284,806,284,paragraph
##LTLine##,749,288,780,288,paragraph
##LTLine##,686,341,723,341,paragraph
##LTLine##,689,311,744,311,paragraph
##LTLine##,677,338,718,338,paragraph
##LTLine##,774,281,791,281,paragraph
##LTLine##,704,321,721,321,paragraph
##LTLine##,724,312,756,312,paragraph
##LTLine##,714,357,750,357,paragraph
##LTLine##,667,384,721,384,paragraph
##LTLine##,609,380,656,380,paragraph
##LTLine##,699,354,733,354,paragraph
##LTLine##,663,363,694,363,paragraph
##LTLine##,620,372,657,372,paragraph
##LTLine##,696,342,738,342,paragraph
##LTLine##,615,386,664,386,paragraph
##LTLine##,681,368,719,368,paragraph
##LTLine##,705,355,738,355,paragraph
##LTLine##,590,369,639,369,paragraph
##LTLine##,708,341,708,341,paragraph
##LTLine##,659,376,711,376,paragraph
##LTLine##,747,321,747,324,paragraph
##LTLine##,730,343,730,347,paragraph
##LTLine##,700,321,700,325,paragraph
##LTLine##,695,339,695,343,paragraph
##LTLine##,815,248,815,252,paragraph
##LTLine##,715,332,715,336,paragraph
##LTLine##,722,323,722,327,paragraph
##LTLine##,756,275,756,279,paragraph
##LTLine##,778,292,778,296,paragraph
##LTLine##,724,279,724,283,paragraph
##LTLine##,684,339,684,343,paragraph
##LTLine##,679,343,679,347,paragraph
##LTLine##,760,308,760,312,paragraph
##LTLine##,754,286,754,290,paragraph
##LTLine##,685,339,685,343,paragraph
##LTLine##,744,295,744,299,paragraph
##LTLine##,756,315,756,318,paragraph
##LTLine##,667,327,667,331,paragraph
##LTLine##,660,310,660,314,paragraph
##LTLine##,710,320,710,324,paragraph
##LTLine##,717,335,717,339,paragraph
##LTLine##,688,326,688,330,paragraph
##LTLine##,718,309,718,312,paragraph
##LTLine##,796,282,796,286,paragraph
##LTLine##,749,286,749,290,paragraph
##LTLine##,686,339,686,343,paragraph
##LTLine##,689,309,689,313,paragraph
##LTLine##,677,336,677,340,paragraph
##LTLine##,774,279,774,283,paragraph
##LTLine##,704,319,704,323,paragraph
##LTLine##,724,310,724,314,paragraph
##LTLine##,775,321,775,324,paragraph
##LTLine##,755,343,755,347,paragraph
##LTLine##,727,321,727,325,paragraph
##LTLine##,731,339,731,343,paragraph
##LTLine##,844,248,844,252,paragraph
##LTLine##,745,332,745,336,paragraph
##LTLine##,749,323,749,327,paragraph
##LTLine##,778,275,778,279,paragraph
##LTLine##,791,292,791,296,paragraph
##LTLine##,807,279,807,283,paragraph
##LTLine##,717,339,717,343,paragraph
##LTLine##,714,343,714,347,paragraph
##LTLine##,788,308,788,312,paragraph
##LTLine##,777,286,777,290,paragraph
##LTLine##,711,339,711,343,paragraph
##LTLine##,768,295,768,299,paragraph
##LTLine##,768,315,768,318,paragraph
##LTLine##,708,327,708,331,paragraph
##LTLine##,728,310,728,314,paragraph
##LTLine##,763,320,763,324,paragraph
##LTLine##,519,346,519,350,paragraph
##LTLine##,736,335,736,339,paragraph
##LTLine##,714,326,714,330,paragraph
##LTLine##,744,309,744,312,paragraph
##LTLine##,806,282,806,286,paragraph
##LTLine##,780,286,780,290,paragraph
##LTLine##,723,339,723,343,paragraph
##LTLine##,744,309,744,313,paragraph
##LTLine##,718,336,718,340,paragraph
##LTLine##,791,279,791,283,paragraph
##LTLine##,721,319,721,323,paragraph
##LTLine##,756,310,756,314,paragraph
##LTLine##,714,355,714,359,paragraph
##LTLine##,667,382,667,386,paragraph
##LTLine##,609,378,609,381,paragraph
##LTLine##,699,352,699,356,paragraph
##LTLine##,663,361,663,365,paragraph
##LTLine##,620,370,620,374,paragraph
##LTLine##,696,340,696,344,paragraph
##LTLine##,615,385,615,388,paragraph
##LTLine##,681,366,681,370,paragraph
##LTLine##,705,353,705,357,paragraph
##LTLine##,590,367,590,371,paragraph
##LTLine##,750,355,750,359,paragraph
##LTLine##,721,382,721,386,paragraph
##LTLine##,656,378,656,381,paragraph
##LTLine##,733,352,733,356,paragraph
##LTLine##,694,361,694,365,paragraph
##LTLine##,657,370,657,374,paragraph
##LTLine##,738,340,738,344,paragraph
##LTLine##,664,385,664,388,paragraph
##LTLine##,719,366,719,370,paragraph
##LTLine##,738,353,738,357,paragraph
##LTLine##,639,367,639,371,paragraph
##LTLine##,708,339,708,343,paragraph
##LTLine##,708,339,708,343,paragraph
##LTLine##,659,374,659,378,paragraph
##LTLine##,711,374,711,378,paragraph
##LTLine##,561,207,869,207,paragraph
##LTLine##,869,207,869,429,paragraph
##LTLine##,561,429,869,429,paragraph
##LTLine##,561,207,561,429,paragraph
##LTLine##,561,427,561,429,paragraph
##LTLine##,561,207,561,210,paragraph
##LTLine##,685,427,685,429,paragraph
##LTLine##,685,207,685,210,paragraph
##LTLine##,810,427,810,429,paragraph
##LTLine##,810,207,810,210,paragraph
##LTLine##,598,428,598,429,paragraph
##LTLine##,598,207,598,208,paragraph
##LTLine##,620,428,620,429,paragraph
##LTLine##,620,207,620,208,paragraph
##LTLine##,636,428,636,429,paragraph
##LTLine##,636,207,636,208,paragraph
##LTLine##,648,428,648,429,paragraph
##LTLine##,648,207,648,208,paragraph
##LTLine##,658,428,658,429,paragraph
##LTLine##,658,207,658,208,paragraph
##LTLine##,666,428,666,429,paragraph
##LTLine##,666,207,666,208,paragraph
##LTLine##,673,428,673,429,paragraph
##LTLine##,673,207,673,208,paragraph
##LTLine##,679,428,679,429,paragraph
##LTLine##,679,207,679,208,paragraph
##LTLine##,723,428,723,429,paragraph
##LTLine##,723,207,723,208,paragraph
##LTLine##,744,428,744,429,paragraph
##LTLine##,744,207,744,208,paragraph
##LTLine##,760,428,760,429,paragraph
##LTLine##,760,207,760,208,paragraph
##LTLine##,772,428,772,429,paragraph
##LTLine##,772,207,772,208,paragraph
##LTLine##,782,428,782,429,paragraph
##LTLine##,782,207,782,208,paragraph
##LTLine##,790,428,790,429,paragraph
##LTLine##,790,207,790,208,paragraph
##LTLine##,797,428,797,429,paragraph
##LTLine##,797,207,797,208,paragraph
##LTLine##,804,428,804,429,paragraph
##LTLine##,804,207,804,208,paragraph
##LTLine##,847,428,847,429,paragraph
##LTLine##,847,207,847,208,paragraph
##LTLine##,869,428,869,429,paragraph
##LTLine##,869,207,869,208,paragraph
##LTLine##,561,421,564,421,paragraph
##LTLine##,866,421,869,421,paragraph
##LTLine##,561,378,564,378,paragraph
##LTLine##,866,378,869,378,paragraph
##LTLine##,561,335,564,335,paragraph
##LTLine##,866,335,869,335,paragraph
##LTLine##,561,292,564,292,paragraph
##LTLine##,866,292,869,292,paragraph
##LTLine##,561,249,564,249,paragraph
##LTLine##,866,249,869,249,paragraph
##LTLine##,561,427,562,427,paragraph
##LTLine##,867,427,869,427,paragraph
##LTLine##,561,425,562,425,paragraph
##LTLine##,867,425,869,425,paragraph
##LTLine##,561,423,562,423,paragraph
##LTLine##,867,423,869,423,paragraph
##LTLine##,561,408,562,408,paragraph
##LTLine##,867,408,869,408,paragraph
##LTLine##,561,400,562,400,paragraph
##LTLine##,867,400,869,400,paragraph
##LTLine##,561,395,562,395,paragraph
##LTLine##,867,395,869,395,paragraph
##LTLine##,561,391,562,391,paragraph
##LTLine##,867,391,869,391,paragraph
##LTLine##,561,387,562,387,paragraph
##LTLine##,867,387,869,387,paragraph
##LTLine##,561,384,562,384,paragraph
##LTLine##,867,384,869,384,paragraph
##LTLine##,561,382,562,382,paragraph
##LTLine##,867,382,869,382,paragraph
##LTLine##,561,380,562,380,paragraph
##LTLine##,867,380,869,380,paragraph
##LTLine##,561,365,562,365,paragraph
##LTLine##,867,365,869,365,paragraph
##LTLine##,561,357,562,357,paragraph
##LTLine##,867,357,869,357,paragraph
##LTLine##,561,352,562,352,paragraph
##LTLine##,867,352,869,352,paragraph
##LTLine##,561,348,562,348,paragraph
##LTLine##,867,348,869,348,paragraph
##LTLine##,561,345,562,345,paragraph
##LTLine##,867,345,869,345,paragraph
##LTLine##,561,342,562,342,paragraph
##LTLine##,867,342,869,342,paragraph
##LTLine##,561,339,562,339,paragraph
##LTLine##,867,339,869,339,paragraph
##LTLine##,561,337,562,337,paragraph
##LTLine##,867,337,869,337,paragraph
##LTLine##,561,322,562,322,paragraph
##LTLine##,867,322,869,322,paragraph
##LTLine##,561,315,562,315,paragraph
##LTLine##,867,315,869,315,paragraph
##LTLine##,561,309,562,309,paragraph
##LTLine##,867,309,869,309,paragraph
##LTLine##,561,305,562,305,paragraph
##LTLine##,867,305,869,305,paragraph
##LTLine##,561,302,562,302,paragraph
##LTLine##,867,302,869,302,paragraph
##LTLine##,561,299,562,299,paragraph
##LTLine##,867,299,869,299,paragraph
##LTLine##,561,296,562,296,paragraph
##LTLine##,867,296,869,296,paragraph
##LTLine##,561,294,562,294,paragraph
##LTLine##,867,294,869,294,paragraph
##LTLine##,561,279,562,279,paragraph
##LTLine##,867,279,869,279,paragraph
##LTLine##,561,272,562,272,paragraph
##LTLine##,867,272,869,272,paragraph
##LTLine##,561,267,562,267,paragraph
##LTLine##,867,267,869,267,paragraph
##LTLine##,561,262,562,262,paragraph
##LTLine##,867,262,869,262,paragraph
##LTLine##,561,259,562,259,paragraph
##LTLine##,867,259,869,259,paragraph
##LTLine##,561,256,562,256,paragraph
##LTLine##,867,256,869,256,paragraph
##LTLine##,561,254,562,254,paragraph
##LTLine##,867,254,869,254,paragraph
##LTLine##,561,251,562,251,paragraph
##LTLine##,867,251,869,251,paragraph
##LTLine##,561,237,562,237,paragraph
##LTLine##,867,237,869,237,paragraph
##LTLine##,561,229,562,229,paragraph
##LTLine##,867,229,869,229,paragraph
##LTLine##,561,224,562,224,paragraph
##LTLine##,867,224,869,224,paragraph
##LTLine##,561,220,562,220,paragraph
##LTLine##,867,220,869,220,paragraph
##LTLine##,561,216,562,216,paragraph
##LTLine##,867,216,869,216,paragraph
##LTLine##,561,213,562,213,paragraph
##LTLine##,867,213,869,213,paragraph
##LTLine##,561,211,562,211,paragraph
##LTLine##,867,211,869,211,paragraph
##LTLine##,561,209,562,209,paragraph
##LTLine##,867,209,869,209,paragraph
##LTLine##,887,429,891,429,paragraph
##LTLine##,887,407,891,407,paragraph
##LTLine##,887,385,891,385,paragraph
##LTLine##,887,363,891,363,paragraph
##LTLine##,887,340,891,340,paragraph
##LTLine##,887,318,891,318,paragraph
##LTLine##,887,296,891,296,paragraph
##LTLine##,887,274,891,274,paragraph
##LTLine##,887,252,891,252,paragraph
##LTLine##,887,229,891,229,paragraph
##LTLine##,887,207,891,207,paragraph
