token,x0,y0,x1,y1,label
∗,740,56,746,74,paragraph
A,259,61,273,81,title
lower,278,61,324,81,title
limit,329,61,368,81,title
on,373,61,394,81,title
the,398,61,424,81,title
heat,429,61,465,81,title
capacity,470,61,540,81,title
of,544,61,561,81,title
the,566,61,592,81,title
neutron,596,61,662,81,title
star,667,61,700,81,title
core,705,61,740,81,title
†,236,89,242,105,paragraph
‡,377,89,383,105,paragraph
§,530,89,536,105,paragraph
¶,652,89,657,105,paragraph
∗∗,749,89,759,105,paragraph
††,895,89,907,105,paragraph
Andrew,98,96,150,111,author
"Cumming,1,",155,95,233,111,author
Edward,246,96,297,111,author
F.,301,96,313,111,author
"Brown,1,",317,95,374,111,author
Farrukh,388,96,439,111,author
J.,443,96,454,111,author
"Fattoyev,1,",458,95,527,111,author
C.,541,96,556,111,author
J.,560,96,570,111,author
"Horowitz,1,",575,95,649,111,author
Dany,662,96,697,111,author
"Page,1,",701,95,746,111,author
and,764,96,788,111,paragraph
Sanjay,792,96,836,111,author
"Reddy1,",841,95,892,111,author
(Dated:,435,110,479,124,paragraph
May,484,110,511,124,date
"28,",514,110,533,124,date
2020),536,110,570,124,date
We,192,139,211,153,abstract
show,215,139,246,153,abstract
that,250,139,272,153,abstract
observations,276,139,350,153,abstract
of,354,139,366,153,abstract
the,370,139,388,153,abstract
core,392,139,418,153,abstract
temperature,422,139,492,153,abstract
of,496,139,508,153,abstract
transiently-accreting,512,139,633,153,abstract
neutron,637,139,682,153,abstract
stars,686,139,713,153,abstract
combined,717,139,775,153,abstract
with,779,139,805,153,abstract
ob-,809,139,828,153,abstract
servations,177,152,236,166,abstract
of,240,152,252,166,abstract
an,255,152,269,166,abstract
accretion,273,152,326,166,abstract
outburst,330,152,378,166,abstract
give,381,152,406,166,abstract
a,409,152,416,166,abstract
lower,419,152,452,166,abstract
limit,456,152,483,166,abstract
to,487,152,498,166,abstract
the,502,152,520,166,abstract
neutron,523,152,568,166,abstract
star,571,152,592,166,abstract
core,596,152,621,166,abstract
heat,625,152,649,166,abstract
capacity.,652,152,704,166,abstract
For,708,152,729,166,abstract
the,732,152,750,166,abstract
neutron,753,152,798,166,abstract
stars,802,152,828,166,abstract
in,177,166,189,179,abstract
the,192,166,210,179,abstract
low,214,166,235,179,abstract
mass,239,166,268,179,abstract
X-ray,271,166,306,179,abstract
binaries,309,166,355,179,abstract
KS,359,166,378,179,abstract
"1731-260,",381,166,441,179,abstract
MXB,444,166,478,179,abstract
"1659-29,",481,166,534,179,abstract
and,537,166,558,179,abstract
XTE,562,166,590,179,abstract
"J1701-462,",594,166,659,179,abstract
we,663,166,680,179,abstract
show,683,166,714,179,abstract
that,717,166,739,179,abstract
the,743,166,761,179,abstract
lower,764,166,797,179,abstract
limit,801,166,828,179,abstract
is,177,179,187,192,abstract
a,191,179,197,192,abstract
factor,201,179,235,192,abstract
of,239,179,251,192,abstract
a,255,179,262,192,abstract
few,266,179,287,192,abstract
below,291,179,326,192,abstract
the,330,179,348,192,abstract
core,352,179,377,192,abstract
heat,381,179,405,192,abstract
capacity,409,179,458,192,abstract
expected,462,179,514,192,abstract
if,518,179,527,192,abstract
neutrons,530,179,581,192,abstract
and,585,179,606,192,abstract
protons,610,179,654,192,abstract
in,658,179,669,192,abstract
the,673,179,691,192,abstract
core,695,179,720,192,abstract
are,724,179,742,192,abstract
"paired,",745,179,786,192,abstract
so,790,179,803,192,abstract
that,806,179,828,192,abstract
electrons,177,192,230,206,abstract
provide,235,192,280,206,abstract
the,285,192,303,206,abstract
dominant,308,192,363,206,abstract
contribution,368,192,439,206,abstract
to,444,192,456,206,abstract
the,461,192,478,206,abstract
heat,483,192,508,206,abstract
capacity.,513,192,564,206,abstract
This,573,192,599,206,abstract
limit,604,192,632,206,abstract
rules,637,192,665,206,abstract
out,670,192,689,206,abstract
a,694,192,700,206,abstract
core,705,192,730,206,abstract
dominated,735,192,797,206,abstract
by,802,192,817,206,abstract
a,822,192,828,206,abstract
quark,177,205,211,219,abstract
color-ﬂavor-locked,215,205,327,219,abstract
(CFL),331,205,367,219,abstract
"phase,",372,205,409,219,abstract
which,413,205,449,219,abstract
would,453,205,489,219,abstract
have,494,205,521,219,abstract
a,525,205,532,219,abstract
much,536,205,568,219,abstract
lower,572,205,605,219,abstract
heat,610,205,634,219,abstract
capacity.,638,205,690,219,abstract
Future,696,205,734,219,abstract
observations,738,205,812,219,abstract
of,816,205,828,219,abstract
or,177,218,189,232,abstract
limits,193,218,227,232,abstract
on,230,218,245,232,abstract
cooling,249,218,292,232,abstract
during,296,218,334,232,abstract
quiescence,338,218,402,232,abstract
will,406,218,429,232,abstract
further,432,218,472,232,abstract
constrain,476,218,530,232,abstract
the,533,218,551,232,abstract
core,555,218,580,232,abstract
heat,584,218,608,232,abstract
capacity.,612,218,663,232,abstract
I.,218,257,227,271,section
INTRODUCTION,242,257,358,271,section
of,517,257,531,272,paragraph
inﬁnitely,536,257,595,272,paragraph
distant,601,257,644,272,paragraph
observer;,650,257,710,272,paragraph
the,716,257,736,272,paragraph
connection,741,257,813,272,paragraph
between,818,257,872,272,paragraph
C,877,257,888,272,paragraph
and,894,257,918,272,paragraph
L,518,271,527,286,paragraph
with,531,271,560,286,paragraph
local,565,271,596,286,paragraph
quantities,601,271,664,286,paragraph
is,668,271,679,286,paragraph
given,684,271,719,286,paragraph
by,723,271,740,286,paragraph
relativistic,744,271,812,286,paragraph
stellar,817,271,857,286,paragraph
structure,861,271,918,286,paragraph
The,104,289,129,304,paragraph
next,135,289,163,304,paragraph
few,168,289,192,304,paragraph
years,198,289,232,304,paragraph
promise,238,289,290,304,paragraph
new,296,289,322,304,paragraph
constraints,328,289,398,304,paragraph
on,404,289,420,304,paragraph
the,426,289,446,304,paragraph
dense,451,289,488,304,paragraph
equations,517,286,580,301,paragraph
"[see,",584,286,614,301,paragraph
"e.g.,",618,286,646,301,paragraph
20].,650,286,676,301,paragraph
matter,88,304,129,319,paragraph
inside,134,304,173,319,paragraph
neutron,178,304,227,319,paragraph
stars.,232,304,266,319,paragraph
Progress,273,304,329,319,paragraph
on,334,304,350,319,paragraph
the,355,304,375,319,paragraph
equation,379,304,435,319,paragraph
of,440,304,454,319,paragraph
state,458,304,488,319,paragraph
Over,534,300,566,315,paragraph
long,570,300,599,315,paragraph
"timescales,",604,300,676,315,paragraph
the,680,300,700,315,paragraph
core,704,300,732,315,paragraph
temperature,736,300,814,315,paragraph
reaches,818,300,867,315,paragraph
a,872,300,879,315,paragraph
value,883,300,918,315,paragraph
may,88,318,116,333,paragraph
come,123,318,158,333,paragraph
from,166,318,197,333,paragraph
the,205,318,225,333,paragraph
detection,232,318,292,333,paragraph
of,299,318,313,333,paragraph
gravitational,320,318,402,333,paragraph
waves,409,318,449,333,paragraph
from,457,318,488,333,paragraph
at,517,315,529,330,paragraph
which,533,315,573,330,paragraph
the,577,315,597,330,paragraph
heating,601,315,649,330,paragraph
is,653,315,664,330,paragraph
balanced,668,315,726,330,paragraph
by,730,315,747,330,paragraph
neutrino,751,315,805,330,paragraph
losses,809,315,848,330,paragraph
and,852,315,876,330,paragraph
radia-,880,315,918,330,paragraph
merging,88,333,142,348,paragraph
neutron,146,333,196,348,paragraph
stars,201,333,230,348,paragraph
"[1,",235,333,253,348,paragraph
"2],",257,333,275,348,paragraph
discovery,280,333,342,348,paragraph
of,347,333,360,348,paragraph
a,365,333,372,348,paragraph
neutron,377,333,427,348,paragraph
star,431,333,455,348,paragraph
with,459,333,488,348,paragraph
tive,517,329,541,344,paragraph
losses,545,329,584,344,paragraph
during,588,329,631,344,paragraph
quiescence,635,329,706,344,paragraph
mass,88,347,120,362,paragraph
above,128,347,166,362,paragraph
2,174,347,182,362,paragraph
M(cid:12),190,347,211,363,paragraph
"[3],",219,347,242,362,paragraph
a,250,347,258,362,paragraph
measurement,265,347,352,362,paragraph
of,359,347,373,362,paragraph
the,380,347,400,362,paragraph
neutron,408,347,457,362,paragraph
star,465,347,488,362,paragraph
≈,729,356,739,379,equation
(cid:104),744,356,750,379,equation
(cid:105),765,356,771,379,equation
"mproecmiseentmoafssinaenrtdiaraudsiiunsgdtehteerdmoiunbalteiopnublsyarXs-yrsatyemtim[4in,g5]w,",88,362,471,391,paragraph
iothr,471,362,488,391,paragraph
Lν(T˜),632,362,669,381,equation
+,672,366,683,377,equation
Lγ(T˜),687,362,724,381,equation
M˙,751,362,764,380,equation
"Qnuc,",771,365,804,381,equation
(2),899,365,918,380,paragraph
the,88,391,108,406,paragraph
Neutron,112,391,165,406,paragraph
Star,169,391,195,406,paragraph
Interior,199,391,248,406,paragraph
Composition,252,391,336,406,paragraph
Explorer,340,391,397,406,paragraph
(NICER),401,391,461,406,paragraph
[6].,465,391,488,406,paragraph
(cid:104),578,392,584,415,paragraph
(cid:105),599,392,605,415,paragraph
where,534,400,574,416,paragraph
M˙,585,398,598,415,paragraph
is,609,400,620,416,paragraph
the,624,400,644,416,paragraph
accretion,649,400,708,416,paragraph
rate,713,400,737,416,paragraph
averaged,742,400,800,416,paragraph
over,804,400,833,416,paragraph
outburst,837,400,890,416,paragraph
and,894,400,918,416,paragraph
Also,88,405,118,420,paragraph
of,123,405,136,420,paragraph
great,140,405,173,420,paragraph
interest,177,405,225,420,paragraph
are,229,405,249,420,paragraph
observations,253,405,335,420,paragraph
of,339,405,353,420,paragraph
neutron,357,405,407,420,paragraph
star,411,405,434,420,paragraph
thermal,438,405,488,420,paragraph
quiescent,517,415,579,430,paragraph
periods,583,415,631,430,paragraph
[17].,634,415,666,430,paragraph
Observations,670,415,756,430,paragraph
of,760,415,773,430,paragraph
more,777,415,810,430,paragraph
than,814,415,842,430,paragraph
twenty,846,415,890,430,paragraph
low,894,415,918,430,paragraph
"evolution,",88,419,153,435,paragraph
in,157,419,170,435,paragraph
particular,174,419,237,435,paragraph
for,241,419,260,435,paragraph
neutron,264,419,314,435,paragraph
stars,319,419,348,435,paragraph
in,353,419,366,435,paragraph
close,370,419,403,435,paragraph
binaries,408,419,459,435,paragraph
that,464,419,488,435,paragraph
mass,517,429,550,445,paragraph
X-ray,555,429,593,445,paragraph
binaries,597,429,649,445,paragraph
have,653,429,683,445,paragraph
measured,688,429,750,445,paragraph
the,755,429,774,445,paragraph
surface,779,429,826,445,paragraph
luminosity,830,429,900,445,paragraph
of,904,429,918,445,paragraph
undergo,88,434,141,449,paragraph
transient,148,434,204,449,paragraph
accretion,211,434,271,449,paragraph
outbursts.,278,434,341,449,paragraph
Observations,355,434,441,449,paragraph
of,448,434,461,449,paragraph
the,468,434,488,449,paragraph
the,517,444,537,459,paragraph
neutron,541,444,590,459,paragraph
star,593,444,617,459,paragraph
in,620,444,633,459,paragraph
"quiescence,",636,444,711,459,paragraph
providing,715,444,778,459,paragraph
a,781,444,788,459,paragraph
measurement,791,444,878,459,paragraph
of,881,444,895,459,paragraph
the,898,444,918,459,paragraph
temperatures,88,448,172,464,paragraph
of,178,448,192,464,paragraph
these,198,448,231,464,paragraph
neutron,237,448,287,464,paragraph
stars,293,448,323,464,paragraph
have,329,448,359,464,paragraph
been,366,448,396,464,paragraph
used,403,448,432,464,paragraph
to,439,448,451,464,paragraph
limit,457,448,488,464,paragraph
core,517,458,546,474,paragraph
temperature,550,458,628,474,paragraph
[21].,632,458,663,474,paragraph
Comparing,669,458,743,474,paragraph
the,747,458,767,474,paragraph
measured,772,458,834,474,paragraph
luminosities,838,458,918,474,paragraph
the,88,463,108,478,paragraph
neutrino,113,463,167,478,paragraph
emissivity,172,463,239,478,paragraph
of,244,463,257,478,paragraph
the,262,463,282,478,paragraph
neutron,287,463,337,478,paragraph
star,342,463,366,478,paragraph
core,371,463,399,478,paragraph
"[7–9],",404,463,443,478,paragraph
which,448,463,488,478,paragraph
to,517,473,530,488,paragraph
theoretical,536,473,605,488,paragraph
predictions,610,473,683,488,paragraph
determines,689,473,760,488,paragraph
the,766,473,786,488,paragraph
neutrino,791,473,846,488,paragraph
emissivity,851,473,918,488,paragraph
sensitively,88,477,157,492,paragraph
depends,161,477,215,492,paragraph
on,219,477,235,492,paragraph
the,240,477,260,492,paragraph
composition.,264,477,349,492,paragraph
Most,355,477,388,492,paragraph
"recently,",393,477,448,492,paragraph
it,453,477,462,492,paragraph
has,466,477,488,492,paragraph
of,517,487,531,502,paragraph
the,537,487,557,502,paragraph
neutron,563,487,612,502,paragraph
star,618,487,642,502,paragraph
core.,648,487,680,502,paragraph
The,690,487,716,502,paragraph
observations,722,487,803,502,paragraph
show,809,487,843,502,paragraph
a,849,487,856,502,paragraph
range,862,487,899,502,paragraph
of,904,487,918,502,paragraph
been,88,492,118,507,paragraph
shown,124,492,166,507,paragraph
that,171,492,196,507,paragraph
long-term,201,492,266,507,paragraph
monitoring,271,492,343,507,paragraph
of,349,492,362,507,paragraph
neutron,368,492,418,507,paragraph
stars,423,492,453,507,paragraph
after,458,492,488,507,paragraph
quiescent,517,502,579,517,paragraph
"temperatures,",583,502,671,517,paragraph
compatible,675,502,747,517,paragraph
with,751,502,780,517,paragraph
modiﬁed,784,502,842,517,paragraph
Urca,846,502,878,517,paragraph
emis-,882,502,918,517,paragraph
accretion,88,506,147,521,paragraph
outbursts,151,506,211,521,paragraph
provides,215,506,270,521,paragraph
information,274,506,351,521,paragraph
on,355,506,371,521,paragraph
neutron,375,506,425,521,paragraph
star,429,506,453,521,paragraph
crust,457,506,488,521,paragraph
sivity,517,516,553,531,paragraph
in,558,516,571,531,paragraph
some,576,516,610,531,paragraph
"sources,",615,516,668,531,paragraph
and,673,516,697,531,paragraph
indications,702,516,773,531,paragraph
of,778,516,792,531,paragraph
enhanced,797,516,858,531,paragraph
emissiv-,863,516,918,531,paragraph
physics.,88,521,141,536,paragraph
How,153,521,184,536,paragraph
the,191,521,211,536,paragraph
neutron,218,521,267,536,paragraph
star,274,521,297,536,paragraph
cools,304,521,338,536,paragraph
over,345,521,373,536,paragraph
months,380,521,428,536,paragraph
to,435,521,447,536,paragraph
years,454,521,488,536,paragraph
ity,517,531,535,546,paragraph
in,541,531,554,546,paragraph
others,560,531,600,546,paragraph
"[22,",607,531,632,546,paragraph
23].,639,531,665,546,paragraph
How,677,531,708,546,paragraph
long,715,531,743,546,paragraph
a,750,531,757,546,paragraph
time,764,531,793,546,paragraph
span,799,531,829,546,paragraph
is,835,531,846,546,paragraph
needed,853,531,899,546,paragraph
to,905,531,918,546,paragraph
after,88,535,118,550,paragraph
accretion,122,535,182,550,paragraph
ends,187,535,216,550,paragraph
depends,221,535,274,550,paragraph
on,279,535,295,550,paragraph
the,300,535,320,550,paragraph
thermal,325,535,374,550,paragraph
conductivity,379,535,460,550,paragraph
and,465,535,488,550,paragraph
(cid:104),667,537,673,559,paragraph
(cid:105),688,537,694,559,paragraph
obtain,517,545,558,560,paragraph
a,563,545,570,560,paragraph
valid,575,545,607,560,paragraph
average,612,545,662,560,paragraph
M˙,673,543,687,560,paragraph
is,698,545,709,560,paragraph
given,714,545,749,560,paragraph
by,754,545,770,560,paragraph
the,775,545,795,560,paragraph
Kelvin-Helmholtz,800,545,918,560,paragraph
heat,88,550,115,565,paragraph
capacity,120,550,174,565,paragraph
of,179,550,192,565,paragraph
the,197,550,217,565,paragraph
neutron,222,550,272,565,paragraph
star,276,550,300,565,paragraph
crust,305,550,336,565,paragraph
"[10–13],",341,550,397,565,paragraph
including,402,550,463,565,paragraph
the,468,550,488,565,paragraph
time-scale,517,560,584,575,paragraph
of,588,560,602,575,paragraph
the,606,560,626,575,paragraph
"star,",630,560,656,575,paragraph
which,660,560,700,575,paragraph
depends,704,560,757,575,paragraph
on,761,560,778,575,paragraph
the,782,560,801,575,paragraph
heat,805,560,832,575,paragraph
capacity,836,560,891,575,paragraph
and,894,560,918,575,paragraph
pasta,88,564,121,579,paragraph
regions,125,564,172,579,paragraph
near,176,564,204,579,paragraph
nuclear,207,564,255,579,paragraph
density,258,564,305,579,paragraph
[14].,309,564,340,579,paragraph
In,345,564,358,579,paragraph
this,362,564,385,579,paragraph
"paper,",389,564,428,579,paragraph
we,432,564,451,579,paragraph
show,454,564,488,579,paragraph
ranges,517,574,560,589,paragraph
from,564,574,596,589,paragraph
102,600,573,622,589,paragraph
to,627,574,639,589,paragraph
105,643,573,665,589,paragraph
years,670,574,705,589,paragraph
[24].,709,574,740,589,paragraph
that,88,579,112,594,paragraph
continued,116,579,181,594,paragraph
observations,185,579,267,594,paragraph
of,271,579,284,594,paragraph
these,289,579,322,594,paragraph
systems,326,579,378,594,paragraph
on,382,579,398,594,paragraph
timescales,403,579,470,594,paragraph
of,475,579,488,594,paragraph
This,534,589,563,604,paragraph
previous,568,589,624,604,paragraph
work,630,589,663,604,paragraph
assumes,669,589,723,604,paragraph
that,729,589,753,604,paragraph
the,759,589,779,604,paragraph
core,785,589,813,604,paragraph
has,819,589,840,604,paragraph
reached,846,589,897,604,paragraph
its,903,589,918,604,paragraph
years,88,593,122,608,paragraph
can,126,593,148,608,paragraph
be,152,593,168,608,paragraph
used,171,593,201,608,paragraph
to,205,593,218,608,paragraph
obtain,221,593,262,608,paragraph
the,266,593,286,608,paragraph
ﬁrst,289,593,315,608,paragraph
limits,319,593,356,608,paragraph
on,359,593,376,608,paragraph
the,379,593,399,608,paragraph
heat,403,593,430,608,paragraph
capacity,434,593,488,608,paragraph
equilibrium,517,603,593,618,paragraph
"temperature,",598,603,680,618,paragraph
and,685,603,709,618,paragraph
that,714,603,738,618,paragraph
the,743,603,763,618,paragraph
energy,768,603,812,618,paragraph
released,817,603,870,618,paragraph
during,875,603,918,618,paragraph
of,88,608,101,623,paragraph
the,105,608,125,623,paragraph
neutron,129,608,179,623,paragraph
star,183,608,207,623,paragraph
core.,211,608,243,623,paragraph
any,517,617,541,633,paragraph
single,544,617,583,633,paragraph
accretion,587,617,646,633,paragraph
outburst,650,617,703,633,paragraph
does,707,617,736,633,paragraph
not,740,617,761,633,paragraph
signiﬁcantly,764,617,845,633,paragraph
change,848,617,894,633,paragraph
the,898,617,918,633,paragraph
Accreting,104,622,168,637,paragraph
neutron,172,622,222,637,paragraph
stars,226,622,256,637,paragraph
are,261,622,280,637,paragraph
useful,285,622,325,637,paragraph
sources,329,622,378,637,paragraph
to,382,622,395,637,paragraph
study,399,622,434,637,paragraph
thermal,438,622,488,637,paragraph
core,517,632,546,647,paragraph
temperature.,549,632,630,647,paragraph
In,635,632,649,647,paragraph
this,652,632,675,647,paragraph
"paper,",679,632,718,647,paragraph
we,721,632,740,647,paragraph
consider,744,632,799,647,paragraph
the,802,632,822,647,paragraph
opposite,825,632,880,647,paragraph
limit.,883,632,918,647,paragraph
evolution,88,637,149,652,paragraph
because,153,637,205,652,paragraph
their,209,637,239,652,paragraph
crusts,244,637,282,652,paragraph
are,286,637,306,652,paragraph
driven,311,637,352,652,paragraph
out,357,637,377,652,paragraph
of,382,637,396,652,paragraph
thermal,400,637,450,652,paragraph
equi-,455,637,488,652,paragraph
For,517,646,540,662,paragraph
cold,544,646,572,662,paragraph
neutron,576,646,626,662,paragraph
"stars,",630,646,664,662,paragraph
the,668,646,687,662,paragraph
core,691,646,720,662,paragraph
heat,724,646,751,662,paragraph
capacity,755,646,809,662,paragraph
is,813,646,824,662,paragraph
rather,828,646,866,662,paragraph
"low,",870,646,897,662,paragraph
al-,901,646,918,662,paragraph
librium,88,651,136,666,paragraph
by,139,651,156,666,paragraph
heating,159,651,207,666,paragraph
from,211,651,242,666,paragraph
compression-driven,246,651,374,666,paragraph
nuclear,378,651,426,666,paragraph
reactions,429,651,488,666,paragraph
≈,453,657,463,680,paragraph
lowing,517,661,562,676,paragraph
the,568,661,588,676,paragraph
core,594,661,622,676,paragraph
to,628,661,640,676,paragraph
heat,646,661,673,676,paragraph
up,679,661,695,676,paragraph
signiﬁcantly,701,661,782,676,paragraph
during,787,661,830,676,paragraph
outburst,836,661,889,676,paragraph
and,894,661,918,676,paragraph
[15–17].,88,666,143,681,paragraph
The,155,666,181,681,paragraph
crust,187,666,219,681,paragraph
reactions,225,666,284,681,paragraph
release,290,666,336,681,paragraph
an,342,666,357,681,paragraph
energy,364,666,408,681,paragraph
Q,415,666,426,681,paragraph
1–,472,666,488,681,paragraph
nuc,427,671,443,682,paragraph
cool,517,675,546,690,paragraph
down,551,675,587,690,paragraph
in,592,675,605,690,paragraph
quiescence.,610,675,685,690,paragraph
During,694,675,740,690,paragraph
an,745,675,761,690,paragraph
outburst,766,675,819,690,paragraph
of,824,675,838,690,paragraph
duration,843,675,898,690,paragraph
t,903,675,907,690,paragraph
",",914,675,918,690,paragraph
2,88,680,96,695,paragraph
MeV/mu,100,680,158,696,paragraph
per,162,680,183,695,paragraph
accreted,187,680,241,695,paragraph
nucleon,244,680,296,695,paragraph
"[15,",300,680,325,695,paragraph
"16],",329,680,355,695,paragraph
mu,359,680,376,696,paragraph
being,380,680,417,695,paragraph
the,420,680,440,695,paragraph
atomic,444,680,488,695,paragraph
an,517,690,533,705,paragraph
energy,536,690,580,705,paragraph
E,584,690,594,705,paragraph
≈,599,681,610,704,paragraph
M˙,615,687,629,705,paragraph
Q,630,690,642,705,paragraph
t,659,690,663,705,paragraph
ﬂows,673,690,708,705,paragraph
into,712,690,737,705,paragraph
the,741,690,760,705,paragraph
core,764,690,792,705,paragraph
from,795,690,827,705,paragraph
the,831,690,850,705,paragraph
crust.,854,690,890,705,paragraph
Aso-,894,681,918,705,paragraph
mass,88,694,120,710,paragraph
unit;,125,694,155,710,paragraph
most,159,694,191,710,paragraph
of,195,694,209,710,paragraph
this,213,694,237,710,paragraph
heat,241,694,268,710,paragraph
is,272,694,283,710,paragraph
conducted,288,694,355,710,paragraph
inwards,359,694,410,710,paragraph
to,415,694,427,710,paragraph
the,432,694,452,710,paragraph
core.,456,694,488,710,paragraph
nuc,642,695,658,706,paragraph
o,663,695,669,706,paragraph
The,88,709,113,724,paragraph
luminosity,117,709,187,724,paragraph
entering,191,709,245,724,paragraph
the,249,709,269,724,paragraph
core,273,709,301,724,paragraph
is,306,709,317,724,paragraph
L,322,709,331,724,paragraph
≈,345,700,356,723,paragraph
M˙,362,706,375,724,paragraph
Q,376,709,388,724,paragraph
",",405,709,409,724,paragraph
where,414,709,454,724,paragraph
M˙,459,706,472,724,paragraph
is,477,709,488,724,paragraph
suming,517,704,565,719,paragraph
that,569,704,593,719,paragraph
the,597,704,616,719,paragraph
core,620,704,648,719,paragraph
heat,651,704,678,719,paragraph
capacity,682,704,736,719,paragraph
C,739,704,750,719,paragraph
is,754,704,765,719,paragraph
proportional,768,704,848,719,paragraph
to,852,704,864,719,paragraph
temper-,868,704,918,719,paragraph
the,88,723,108,739,paragraph
mass,112,723,145,739,paragraph
accretion,149,723,209,739,paragraph
rate.,214,723,242,739,paragraph
The,249,723,274,739,paragraph
thermalicnonductinvuicty,279,715,414,739,paragraph
in,418,723,431,739,paragraph
the,436,723,456,739,paragraph
core,460,723,488,739,paragraph
ature,517,719,550,734,paragraph
(as,554,719,573,734,paragraph
appropriate,577,719,651,734,paragraph
for,654,719,673,734,paragraph
degenerate,677,719,748,734,paragraph
"fermions),",751,719,819,734,paragraph
C,822,719,833,734,paragraph
=,838,720,849,731,paragraph
AT˜,853,716,873,734,paragraph
where,878,719,918,734,paragraph
A,518,733,528,748,paragraph
is,534,733,545,748,paragraph
a,551,733,559,748,paragraph
"constant,",565,733,623,748,paragraph
and,630,733,653,748,paragraph
that,660,733,684,748,paragraph
neutrino,690,733,745,748,paragraph
losses,751,733,790,748,paragraph
are,796,733,816,748,paragraph
"negligible,",822,733,891,748,paragraph
the,898,733,918,748,paragraph
is,88,738,99,753,paragraph
large,103,738,135,753,paragraph
enough,139,738,187,753,paragraph
that,191,738,215,753,paragraph
it,219,738,228,753,paragraph
remains,232,738,284,753,paragraph
"isothermal,",287,738,360,753,paragraph
described,364,738,427,753,paragraph
by,431,738,447,753,paragraph
a,451,738,458,753,paragraph
red-,462,738,488,753,paragraph
−,890,739,901,762,paragraph
shifted,88,752,132,768,paragraph
temperature,137,752,214,768,paragraph
T˜,219,750,228,767,paragraph
(so,235,752,255,768,paragraph
that,259,752,284,768,paragraph
the,289,752,308,768,paragraph
local,313,752,345,768,paragraph
temperature,350,752,427,768,paragraph
at,432,752,444,768,paragraph
radius,448,752,488,768,paragraph
core,517,748,546,763,paragraph
will,550,748,575,763,paragraph
incr−ease,579,748,632,776,paragraph
in,637,748,649,763,paragraph
temperature,653,748,731,763,paragraph
by,735,748,752,763,paragraph
an,756,748,771,763,paragraph
amount,775,748,824,763,paragraph
∆T˜,828,745,848,763,paragraph
=,854,749,865,760,paragraph
T˜f,869,745,884,764,paragraph
T˜i,904,745,917,764,paragraph
r,88,767,94,782,paragraph
is,100,767,111,782,paragraph
T(r),117,767,146,782,paragraph
=,154,768,164,779,paragraph
T˜e−φ(r),172,760,216,782,paragraph
where,223,767,262,782,paragraph
φ(r),268,767,295,782,paragraph
is,301,767,312,782,paragraph
the,318,767,337,782,paragraph
gravitational,343,767,425,782,paragraph
potential,431,767,488,782,paragraph
given,517,762,553,777,paragraph
by,559,762,575,777,paragraph
T˜2f,581,760,598,781,paragraph
T˜i2,619,760,636,780,paragraph
=,645,763,655,775,paragraph
"2E/A,",663,762,703,777,paragraph
where,710,762,750,777,paragraph
T˜f,756,760,770,778,paragraph
and,779,762,802,777,paragraph
T˜i,808,760,821,778,paragraph
are,828,762,848,777,paragraph
the(cid:28)initial,854,762,918,794,paragraph
[18]).,88,781,124,796,paragraph
The,133,781,158,796,paragraph
thermal,164,781,213,796,paragraph
evolution,219,781,279,796,paragraph
of,285,781,298,796,paragraph
the,303,781,323,796,paragraph
neutron,329,781,378,796,paragraph
star,384,781,407,796,paragraph
core,412,781,440,796,paragraph
during,446,781,488,796,paragraph
and,517,780,541,795,paragraph
ﬁnal,546,780,575,795,paragraph
temperatures.,581,780,669,795,paragraph
If,678,780,689,795,paragraph
the,694,780,714,795,paragraph
core,720,780,748,795,paragraph
starts,753,780,787,795,paragraph
oﬀ,793,780,811,795,paragraph
"cold,",816,780,848,795,paragraph
T˜,854,777,863,795,paragraph
T˜,897,777,906,795,paragraph
",",914,780,918,795,paragraph
≈,581,786,591,809,paragraph
i,864,785,867,796,paragraph
f,908,785,911,796,paragraph
outburst,88,796,141,811,paragraph
is,145,796,156,811,paragraph
given,160,796,195,811,paragraph
by,199,796,216,811,paragraph
"[e.g.,",220,796,253,811,paragraph
19],257,796,278,811,paragraph
then,517,794,546,810,paragraph
∆T˜,551,792,571,809,paragraph
T˜,599,792,608,809,paragraph
.,616,794,620,810,paragraph
Solving,630,794,681,810,paragraph
for,687,794,706,810,paragraph
the,712,794,732,810,paragraph
heat,737,794,765,810,paragraph
"capacity,",770,794,828,810,paragraph
we,834,794,853,810,paragraph
then,859,794,887,810,paragraph
ﬁnd,893,794,918,810,paragraph
f,610,800,613,810,paragraph
C,517,809,528,824,paragraph
=,534,810,545,821,paragraph
AT˜f,550,806,575,825,paragraph
=,583,810,593,821,paragraph
2E/T˜f,599,806,640,825,paragraph
",",642,809,646,824,paragraph
which,651,809,691,824,paragraph
can,695,809,718,824,paragraph
be,723,809,738,824,paragraph
calculated,743,809,809,824,paragraph
given,813,809,849,824,paragraph
values,853,809,894,824,paragraph
for,899,809,918,824,paragraph
M˙,518,821,532,838,paragraph
",",533,823,537,838,paragraph
t,542,823,547,838,paragraph
",",553,823,557,838,paragraph
and,563,823,587,838,paragraph
T˜,592,821,601,838,paragraph
obtained,615,823,671,838,paragraph
from,676,823,708,838,paragraph
observations.,713,823,799,838,paragraph
In,808,823,822,838,paragraph
"reality,",827,823,872,838,paragraph
we,877,823,896,838,paragraph
do,902,823,918,838,paragraph
dT˜,241,832,258,850,equation
−,282,835,292,858,equation
not,517,838,538,853,paragraph
konow,544,829,580,853,paragraph
thef,586,829,607,853,paragraph
starting,611,838,660,853,paragraph
temperature,666,838,744,853,paragraph
of,749,838,763,853,paragraph
the,769,838,789,853,paragraph
core,794,838,822,853,paragraph
and,828,838,852,853,paragraph
so,858,838,872,853,paragraph
this,878,838,901,853,paragraph
is,907,838,918,853,paragraph
C,227,844,238,859,equation
dt,244,852,257,867,equation
=,267,845,277,856,equation
Lν,292,844,307,860,equation
+,311,845,322,856,equation
"Lin,",326,844,348,860,equation
(1),469,844,488,859,paragraph
actually,517,852,569,867,paragraph
a,573,852,580,867,paragraph
lower,584,852,621,867,paragraph
limit,625,852,656,867,paragraph
on,660,852,676,867,paragraph
the,680,852,700,867,paragraph
heat,704,852,731,867,paragraph
capacity,735,852,790,867,paragraph
where,104,886,144,901,paragraph
C,149,886,160,901,paragraph
is,167,886,178,901,paragraph
the,184,886,204,901,paragraph
heat,210,886,237,901,paragraph
"capacity,",243,886,300,901,paragraph
and,306,886,330,901,paragraph
L,336,886,345,901,paragraph
is,357,886,368,901,paragraph
the,374,886,394,901,paragraph
core,400,886,428,901,paragraph
neutrino,434,886,488,901,paragraph
2E,721,883,740,898,equation
ν,345,893,351,902,paragraph
C,688,892,699,907,equation
>,705,894,715,907,equation
",",743,894,747,907,equation
(3),899,892,918,907,paragraph
cooling,88,900,137,915,paragraph
luminosity.,141,900,214,915,paragraph
Both,221,900,253,915,paragraph
L,258,900,267,915,paragraph
and,278,900,302,915,paragraph
L,307,900,316,915,paragraph
are,331,900,350,915,paragraph
deﬁned,355,900,403,915,paragraph
in,408,900,421,915,paragraph
the,426,900,445,915,paragraph
frame,450,900,488,915,paragraph
T˜,722,899,732,916,equation
ν,267,908,273,916,paragraph
in,316,906,325,916,paragraph
f,734,907,737,917,equation
##LTLine##,241,853,260,853,equation
##LTLine##,721,901,741,901,equation
