token,x0,y0,x1,y1,label
[23],121,102,149,115,reference
J.,158,102,173,115,reference
J.,177,102,192,115,reference
"Atick,",196,102,244,115,reference
L.,248,102,265,115,reference
J.,269,102,284,115,reference
"Dixon,",288,102,341,115,reference
P.,346,102,362,115,reference
A.,366,102,385,115,reference
"Griﬃn,",389,102,446,115,reference
and,451,102,480,115,reference
"Nemeschansky,",485,102,605,115,reference
“Multiloop,609,102,697,115,reference
twist,701,102,741,115,reference
ﬁeld,745,102,779,115,reference
correlation,783,102,868,115,reference
functions,158,123,231,136,reference
for,237,123,259,136,reference
Z(N),265,123,305,136,reference
"orbifolds,”",311,123,394,136,reference
Nucl.,400,123,442,136,reference
Phys.,448,123,492,136,reference
B298,499,123,545,136,reference
(1988),551,123,602,136,reference
1-35.,608,123,647,136,reference
[24],121,155,149,168,reference
H.,158,155,177,168,reference
"Saleur,",183,155,238,168,reference
“Correlation,244,155,344,168,reference
functions,351,155,424,168,reference
of,430,155,444,168,reference
the,451,155,476,168,reference
critical,482,155,537,168,reference
Ashkin-Teler,544,155,646,168,reference
model,652,155,701,168,reference
on,707,155,726,168,reference
a,732,155,742,168,reference
"torus,”",748,155,803,168,reference
J.,809,155,824,168,reference
Stat.,830,155,868,168,reference
Phys.,158,177,202,190,reference
50(1988)475-508.,208,177,347,190,reference
[25],121,209,149,221,reference
R.,158,209,177,221,reference
"Dijkgraaf,",185,209,264,221,reference
E.,273,209,290,221,reference
P.,298,209,314,221,reference
"Verlinder,",322,209,400,221,reference
and,409,209,438,221,reference
H.,446,209,465,221,reference
L.,473,209,489,221,reference
"Verlinder,",497,209,576,221,reference
“c=1,584,209,625,221,reference
Conformal,633,209,717,221,reference
Field,725,209,765,221,reference
Theories,773,209,841,221,reference
on,849,209,868,221,reference
Riemann,158,230,230,243,reference
"Surfaces,”",236,230,316,243,reference
Commun.,322,230,400,243,reference
Math.,406,230,455,243,reference
Phys.,461,230,505,243,reference
115,511,230,543,243,reference
(1988),549,230,600,243,reference
649-690.,606,230,672,243,reference
[26],121,262,149,275,reference
B.,158,262,176,275,reference
Chen,184,262,226,275,reference
and,233,262,263,275,reference
J.-q.,270,262,306,275,reference
"Wu,",313,262,346,275,reference
“Universal,354,262,438,275,reference
relation,445,262,507,275,reference
between,514,262,579,275,reference
thermal,586,262,649,275,reference
entropy,656,262,717,275,reference
and,724,262,754,275,reference
entanglement,762,262,868,275,reference
entropy,158,283,219,296,reference
in,225,283,240,296,reference
"CFT”,",246,283,299,296,reference
Phys.,305,283,349,296,reference
Rev.,355,283,392,296,reference
D,398,283,412,296,reference
"91,",418,283,444,296,reference
no.,450,283,475,296,reference
"8,",481,283,495,296,reference
086012,501,283,556,296,reference
(2015),562,283,613,296,reference
[arXiv:1412.0761,619,283,753,296,reference
[hep-th]].,759,283,831,296,reference
[27],121,315,149,328,reference
P.,158,315,174,328,reference
"Calabrese,",181,315,263,328,reference
J.,270,315,285,328,reference
"Cardy,",291,315,344,328,reference
E.,351,315,368,328,reference
"Toni,",375,315,416,328,reference
“Entanglement,423,315,543,328,reference
entropy,550,315,610,328,reference
of,617,315,632,328,reference
two,638,315,667,328,reference
disjoint,673,315,733,328,reference
intervals,739,315,806,328,reference
in,813,315,828,328,reference
con-,835,315,868,328,reference
formal,158,336,210,349,reference
ﬁeld,216,336,249,349,reference
"theory”,",256,336,321,349,reference
J.,327,336,342,349,reference
Stat.,348,336,387,349,reference
Mech.,393,336,441,349,reference
0911(2009),447,336,540,349,reference
"P11001,",546,336,609,349,reference
arXiv:0905.2069,616,336,744,349,reference
[hep-th].,750,336,817,349,reference
[28],121,368,149,381,reference
B.,158,368,176,381,reference
Chen,182,368,224,381,reference
and,230,368,259,381,reference
J.,265,368,280,381,reference
q.,286,368,301,381,reference
"Wu,",307,368,339,381,reference
“R´enyi,345,368,400,381,reference
Entropy,406,368,471,381,reference
of,477,368,492,381,reference
Free,498,368,532,381,reference
Compact,538,368,610,381,reference
Boson,616,368,665,381,reference
on,671,368,690,381,reference
"Torus,”",696,368,756,381,reference
Phys.,762,368,806,381,reference
Rev.,812,368,849,381,reference
D,854,368,868,381,reference
"91,",158,390,184,403,reference
no.,190,390,215,403,reference
"10,",221,390,244,403,reference
105013,251,390,306,403,reference
(2015),312,390,363,403,reference
[arXiv:1501.00373,369,390,511,403,reference
[hep-th]].,518,390,590,403,reference
[29],121,422,149,435,reference
C.,158,422,177,435,reference
P.,182,422,198,435,reference
Herzog,203,422,259,435,reference
and,264,422,293,435,reference
T.,298,422,317,435,reference
"Nishioka,",322,422,395,435,reference
“Entanglement,401,422,521,435,reference
Entropy,527,422,592,435,reference
of,597,422,611,435,reference
a,617,422,626,435,reference
Massive,631,422,694,435,reference
Fermion,699,422,765,435,reference
on,770,422,789,435,reference
a,794,422,804,435,reference
"Torus,”",809,422,868,435,reference
JHEP,158,443,206,456,reference
1303,212,443,255,456,reference
(2013),261,443,312,456,reference
077,318,443,345,456,reference
[arXiv:1301.0336,351,443,485,456,reference
[hep-th]].,491,443,563,456,reference
[30],121,475,149,488,reference
M.,158,475,180,488,reference
"Headrick,",188,475,264,488,reference
“Entanglement,273,475,393,488,reference
Renyi,401,475,447,488,reference
entropies,455,475,527,488,reference
in,535,475,551,488,reference
holographic,559,475,651,488,reference
"theories,”",659,475,736,488,reference
Phys.Rev.,744,475,823,488,reference
D82,831,475,868,488,reference
(2010),158,496,209,509,reference
"126010,",215,496,275,509,reference
arXiv:1006.0047,281,498,426,510,reference
[hep-th].,435,496,518,510,reference
[31],121,528,149,541,reference
T.,158,528,177,541,reference
"Hartman,",188,528,265,541,reference
“Entanglement,277,528,398,541,reference
Entropy,409,528,474,541,reference
at,485,528,502,541,reference
Large,513,528,558,541,reference
Central,569,528,629,541,reference
"Charge,”",640,528,712,541,reference
arXiv:1303.6955,724,530,868,542,reference
[hep-th].,158,550,240,563,reference
[32],121,582,149,595,reference
T.,158,582,177,595,reference
"Faulkner,",185,582,260,595,reference
“The,269,582,310,595,reference
Entanglement,318,582,429,595,reference
Renyi,438,582,484,595,reference
Entropies,492,582,569,595,reference
of,577,582,592,595,reference
Disjoint,600,582,663,595,reference
Intervals,672,582,740,595,reference
in,749,582,764,595,reference
"AdS/CFT,”",772,582,868,595,reference
arXiv:1303.7221,158,604,303,616,reference
[hep-th].,312,603,394,616,reference
[33],121,635,149,648,reference
T.,158,635,177,648,reference
"Barrella,",186,635,255,648,reference
X.,265,635,283,648,reference
"Dong,",293,635,340,648,reference
S.,350,635,365,648,reference
A.,374,635,393,648,reference
"Hartnoll,",402,635,474,648,reference
and,484,635,514,648,reference
V.,523,635,542,648,reference
L.,551,635,567,648,reference
"Martin,",576,635,637,648,reference
“Holographic,647,635,752,648,reference
entanglement,762,635,868,648,reference
beyond,158,656,216,669,reference
classical,222,656,286,669,reference
"gravity,”",292,656,363,669,reference
JHEP,369,656,417,669,reference
"1309,",423,656,470,669,reference
109,476,656,504,669,reference
"(2013),",510,656,566,669,reference
arXiv:1306.4682,572,658,717,670,reference
[hep-th].,726,656,808,670,reference
[34],121,688,149,701,reference
A.,158,688,177,701,reference
Maloney,182,688,250,701,reference
and,255,688,285,701,reference
E.,290,688,307,701,reference
"Witten,",312,688,374,701,reference
“Quantum,379,688,464,701,reference
Gravity,469,688,531,701,reference
Partition,536,688,608,701,reference
Functions,613,688,690,701,reference
in,695,688,711,701,reference
Three,716,688,763,701,reference
Dimensions”,768,688,868,701,reference
JHEP,158,710,206,723,reference
1002(2010),212,710,306,723,reference
"029,",312,710,344,723,reference
arXiv:0712.0155[hep-th].,350,710,546,723,reference
[35],121,742,149,755,reference
T.,158,742,177,755,reference
"Hartman,",185,742,262,755,reference
C.,271,742,289,755,reference
A.,297,742,316,755,reference
Keller,324,742,372,755,reference
and,380,742,410,755,reference
B.,418,742,436,755,reference
"Stoica,",445,742,499,755,reference
“Universal,507,742,592,755,reference
Spectrum,600,742,677,755,reference
of,685,742,700,755,reference
2d,708,742,727,755,reference
Conformal,736,742,820,755,reference
Field,828,742,868,755,reference
Theory,158,763,216,776,reference
in,222,763,237,776,reference
the,243,763,269,776,reference
Large,275,763,320,776,reference
c,326,763,334,776,reference
"Limit,”",340,763,399,776,reference
JHEP,405,763,453,776,reference
"1409,",459,763,506,776,reference
118,512,763,540,776,reference
"(2014),",546,763,602,776,reference
arXiv:1405.5137,608,763,737,776,reference
[hep-th].,743,763,810,776,reference
[36],121,795,149,808,reference
B.,158,795,176,808,reference
Chen,181,795,223,808,reference
and,227,795,257,808,reference
J.-q.,262,795,297,808,reference
"Wu,",302,795,334,808,reference
“Holographic,339,795,445,808,reference
Calculation,450,795,541,808,reference
for,546,795,568,808,reference
Large,573,795,618,808,reference
Interval,622,795,684,808,reference
R´enyi,689,795,735,808,reference
Entropy,740,795,805,808,reference
at,809,795,826,808,reference
High,830,795,868,808,reference
"Temperature,”",158,816,275,829,reference
Phys.,282,816,326,829,reference
Rev.,338,816,374,829,reference
D,380,816,394,829,reference
"92,",401,816,427,829,reference
106001,433,816,488,829,reference
"(2015),",494,816,550,829,reference
[arXiv:1506.03206,556,816,699,829,reference
[hep-th]].,705,816,777,829,reference
46,485,883,504,896,paragraph
