token,x0,y0,x1,y1,label
Acknowledgements,117,90,336,108,section
This,145,124,180,138,paragraph
work,185,124,223,138,paragraph
has,228,124,254,138,paragraph
been,260,124,296,138,paragraph
co-funded,301,124,377,138,paragraph
by,382,124,401,138,paragraph
GNAMPA,407,124,488,138,paragraph
(INdAM),493,124,567,138,paragraph
and,572,124,601,138,paragraph
by,606,124,625,138,paragraph
PALSE,630,124,688,138,paragraph
program.,693,124,764,138,paragraph
We,771,124,796,138,paragraph
also,802,124,831,138,paragraph
thank,837,124,882,138,paragraph
Carlo,117,141,160,155,paragraph
Benassi,166,141,224,155,paragraph
for,230,141,251,155,paragraph
fruitful,257,141,312,155,paragraph
discussions,318,141,402,155,paragraph
on,408,141,427,155,paragraph
the,433,141,458,155,paragraph
subject.,464,141,525,155,paragraph
References,117,160,241,178,paragraph
[1],126,194,145,208,reference
A.,154,194,172,208,reference
M.,178,194,199,208,reference
"Bruckner,",204,194,281,208,reference
J.,286,194,300,208,reference
B.,306,194,323,208,reference
"Bruckner,",329,194,405,208,reference
and,411,194,439,208,reference
B.,445,194,462,208,reference
S.,468,194,483,208,reference
Thomson.,488,194,566,208,reference
Elementary,573,194,662,208,reference
real,668,194,695,208,reference
analysis.,701,194,768,208,reference
Prentice,775,194,839,208,reference
"Hall,",845,194,882,208,reference
2001.,154,211,194,225,reference
[2],126,240,145,254,reference
B.,154,240,171,254,reference
Buet.,178,240,220,254,reference
Quantitative,230,240,329,254,reference
conditions,336,240,415,254,reference
of,422,240,436,254,reference
rectiﬁability,443,240,537,254,reference
for,543,240,565,254,reference
varifolds.,571,240,642,254,reference
Annales,652,240,714,254,reference
de,721,240,738,254,reference
l’Institut,745,240,812,254,reference
Fourier.,819,240,882,254,reference
to,154,257,170,271,reference
appear.,176,257,234,271,reference
[3],126,285,145,299,reference
B.,154,285,171,299,reference
Buet.,180,285,222,299,reference
Approximation,238,285,353,299,reference
de,362,285,379,299,reference
surfaces,388,285,449,299,reference
par,458,285,483,299,reference
des,492,285,516,299,reference
varifolds,525,285,591,299,reference
discrets,600,285,658,299,reference
:,666,285,672,299,reference
"repr´esentation,",685,285,801,299,reference
"courbure,",810,285,882,299,reference
rectiﬁabilit´e.,154,303,249,316,reference
PhD,257,303,293,316,reference
"thesis,",299,303,347,316,reference
Univerist´e,353,303,433,316,reference
Claude,438,303,493,316,reference
Bernard,499,303,562,316,reference
Lyon,568,303,607,316,reference
"1,",613,303,626,316,reference
2014.,632,303,673,316,reference
[4],126,331,145,345,reference
B.,154,331,171,345,reference
"Buet,",180,331,223,345,reference
G.,232,331,251,345,reference
P.,260,331,276,345,reference
"Leonardi,",284,331,358,345,reference
and,368,331,396,345,reference
S.,405,331,420,345,reference
Masnou.,429,331,495,345,reference
Surface,511,331,568,345,reference
"approximation,",577,331,695,345,reference
discrete,705,331,764,345,reference
"varifolds,",773,331,844,345,reference
and,853,331,882,345,reference
regularized,154,348,239,362,reference
ﬁrst,245,348,276,362,reference
variation.,282,348,356,362,reference
in,364,348,378,362,reference
preparation.,384,348,479,362,reference
[5],126,377,145,390,reference
R.,154,377,172,390,reference
O.,178,377,197,390,reference
Davies.,203,377,259,390,reference
Measures,267,377,339,390,reference
not,345,377,371,390,reference
approximable,377,377,482,390,reference
or,488,377,504,390,reference
not,510,377,536,390,reference
speciﬁable,542,377,622,390,reference
by,628,377,646,390,reference
means,652,377,701,390,reference
of,707,377,721,390,reference
balls.,727,377,768,390,reference
"Mathematika,",776,377,882,390,reference
"18:157–160,",154,394,244,407,reference
1971.,250,394,290,407,reference
[6],126,422,145,436,reference
G.A.,154,422,191,436,reference
Edgar.,196,422,248,436,reference
Packing,254,422,315,436,reference
measure,320,422,384,436,reference
in,389,422,404,436,reference
general,409,422,464,436,reference
metric,469,422,519,436,reference
space.,524,422,570,436,reference
Real,576,422,610,436,reference
Analysis,615,422,680,436,reference
"Exchange,",686,422,764,436,reference
"26(2):831–852,",769,422,882,436,reference
2000.,154,439,194,453,reference
[7],126,468,145,481,reference
L.,154,468,170,481,reference
C.,177,468,195,481,reference
Evans,202,468,248,481,reference
and,255,468,284,481,reference
R.,290,468,309,481,reference
F.,315,468,332,481,reference
Gariepy.,339,468,404,481,reference
Measure,415,468,479,481,reference
theory,486,468,534,481,reference
and,541,468,569,481,reference
ﬁne,576,468,605,481,reference
properties,612,468,688,481,reference
of,695,468,709,481,reference
functions.,717,468,793,481,reference
Studies,804,468,860,481,reference
in,867,468,882,481,reference
Advanced,154,485,230,498,reference
Mathematics.,236,485,342,498,reference
CRC,347,485,386,498,reference
"Press,",392,485,438,498,reference
Boca,444,485,483,498,reference
"Raton,",489,485,541,498,reference
"FL,",547,485,575,498,reference
1992.,581,485,622,498,reference
[8],126,513,145,527,reference
H.,154,513,172,527,reference
Federer.,177,513,240,527,reference
Geometric,247,513,327,527,reference
measure,333,513,396,527,reference
theory.,401,513,454,527,reference
Die,461,513,487,527,reference
Grundlehren,493,513,591,527,reference
der,596,513,621,527,reference
mathematischen,627,513,753,527,reference
"Wissenschaften,",758,513,882,527,reference
Band,154,530,195,544,reference
153.,201,530,233,544,reference
Springer-Verlag,239,530,360,544,reference
New,366,530,400,544,reference
York,406,530,443,544,reference
"Inc.,",449,530,483,544,reference
New,489,530,523,544,reference
"York,",529,530,571,544,reference
1969.,577,530,618,544,reference
[9],126,559,145,572,reference
D.,154,559,172,572,reference
Preiss.,181,559,232,572,reference
Geometric,249,559,329,572,reference
Measure,338,559,402,572,reference
Theory,411,559,465,572,reference
in,474,559,490,572,reference
Banach,499,559,557,572,reference
Spaces.,566,559,621,572,reference
North-Holland,637,559,750,572,reference
Publishing,759,559,841,572,reference
"Co.,",850,559,882,572,reference
"Amsterdam,",154,576,249,590,reference
2001.,255,576,296,590,reference
[10],117,604,145,618,reference
D.,154,604,172,618,reference
Preiss,179,604,225,618,reference
and,232,604,261,618,reference
J.,268,604,282,618,reference
Tiˇser.,289,604,334,618,reference
Measures,345,604,417,618,reference
in,424,604,439,618,reference
Banach,446,604,504,618,reference
spaces,511,604,560,618,reference
are,567,604,590,618,reference
determined,597,604,685,618,reference
by,692,604,710,618,reference
their,717,604,754,618,reference
values,761,604,808,618,reference
on,815,604,834,618,reference
balls.,841,604,882,618,reference
"Mathematika,",154,621,259,635,reference
38(2):391–397,265,621,373,635,reference
"(1992),",379,621,434,635,reference
1991.,440,621,480,635,reference
[11],117,650,145,664,reference
S.,154,650,169,664,reference
J.,175,650,189,664,reference
Taylor,195,650,245,664,reference
and,251,650,280,664,reference
C.,286,650,304,664,reference
Tricot.,310,650,362,664,reference
Packing,371,650,432,664,reference
"measure,",438,650,507,664,reference
and,513,650,542,664,reference
its,548,650,567,664,reference
evaluation,573,650,653,664,reference
for,659,650,681,664,reference
a,687,650,696,664,reference
Brownian,702,650,776,664,reference
path.,783,650,823,664,reference
Trans.,832,650,882,664,reference
Amer.,154,667,202,681,reference
Math.,209,667,254,681,reference
"Soc.,",261,667,298,681,reference
"288(2):679–699,",303,667,425,681,reference
1985.,431,667,472,681,reference
[12],117,695,145,709,reference
C.,154,695,172,709,reference
Tricot.,180,695,232,709,reference
Two,249,695,283,709,reference
deﬁnitions,292,695,372,709,reference
of,381,695,395,709,reference
fractional,404,695,478,709,reference
dimension.,487,695,570,709,reference
Math.,587,695,632,709,reference
Proc.,641,695,682,709,reference
Cambridge,691,695,774,709,reference
Philos.,783,695,836,709,reference
"Soc.,",845,695,882,709,reference
"91(1):57–74,",154,712,249,726,reference
1982.,255,712,295,726,reference
29,491,897,508,911,paragraph
