token,x0,y0,x1,y1,label
|,231,78,236,101,paragraph
|,245,78,250,101,paragraph
for,121,88,143,101,paragraph
all,149,88,168,101,paragraph
r,174,88,183,101,paragraph
with,189,88,225,101,paragraph
r,236,88,244,101,paragraph
small,256,88,298,101,paragraph
enough.,304,88,367,101,paragraph
"But,",375,88,411,101,paragraph
by,417,88,436,101,paragraph
the,442,88,468,101,paragraph
deﬁnition,474,88,550,101,paragraph
of,556,88,571,101,paragraph
µ,577,88,588,101,paragraph
",",597,88,602,101,paragraph
the,608,88,634,101,paragraph
F,640,88,651,101,paragraph
image,667,88,714,101,paragraph
of,720,88,735,101,paragraph
a,741,88,750,101,paragraph
set,756,88,779,101,paragraph
with,785,88,821,101,paragraph
full,827,88,853,101,paragraph
µ,859,88,870,101,paragraph
γ,588,92,595,102,paragraph
γ,651,92,659,102,paragraph
≥,851,94,865,117,paragraph
γ,870,92,877,102,paragraph
measure,121,104,185,117,paragraph
has,191,104,217,117,paragraph
full,223,104,249,117,paragraph
Lebesgue,255,104,327,117,paragraph
measure.,334,104,403,117,paragraph
"Therefore,",411,104,492,117,paragraph
we,498,104,519,117,paragraph
can,525,104,552,117,paragraph
see,558,104,582,117,paragraph
that,588,104,621,117,paragraph
for,627,104,649,117,paragraph
Lebesgue-almost,655,104,785,117,paragraph
every,791,104,833,117,paragraph
t,839,104,846,117,paragraph
0,870,104,879,117,paragraph
we,120,120,141,133,paragraph
have,147,120,183,133,paragraph
|Ztγ,392,129,418,154,paragraph
−,424,129,438,151,paragraph
Ztγ+r|,442,129,484,154,paragraph
≤,489,129,503,151,paragraph
|r|1/(2−γ22,508,129,580,151,paragraph
)−δ,583,129,606,145,paragraph
|,231,153,236,175,paragraph
|,245,153,250,175,paragraph
for,121,162,142,175,paragraph
all,149,162,168,175,paragraph
r,174,162,182,175,paragraph
with,189,162,225,175,paragraph
r,236,162,244,175,paragraph
small,256,162,298,175,paragraph
enough.,304,162,366,175,paragraph
"Therefore,",374,162,456,175,paragraph
we,462,162,483,175,paragraph
have,489,162,525,175,paragraph
|,366,181,371,203,paragraph
−,398,181,412,203,paragraph
|,453,181,458,203,paragraph
li→m,334,200,360,220,paragraph
Ztγ,371,187,392,206,paragraph
|,402,199,408,221,paragraph
|Ztγ+r,416,187,451,221,paragraph
≤,465,190,479,213,paragraph
li→m,486,200,511,220,paragraph
|r|1/(2−γ22,515,190,588,213,paragraph
)−δ−1,591,190,632,206,paragraph
=,638,200,652,213,paragraph
0,657,200,667,213,paragraph
r,333,211,339,220,paragraph
0,354,211,361,220,paragraph
r,408,208,416,221,paragraph
r,484,211,491,220,paragraph
0,505,211,512,220,paragraph
−,722,228,736,250,paragraph
−,753,228,768,250,paragraph
where,120,237,167,250,paragraph
the,173,237,198,250,paragraph
ﬁnal,204,237,239,250,paragraph
inequality,245,237,324,250,paragraph
is,330,237,342,250,paragraph
because,348,237,410,250,paragraph
we,416,237,437,250,paragraph
have,443,237,479,250,paragraph
chosen,485,237,538,250,paragraph
δ,544,237,552,250,paragraph
to,559,237,575,250,paragraph
ensure,581,237,632,250,paragraph
that,638,237,672,250,paragraph
1,694,235,701,244,paragraph
δ,740,237,749,250,paragraph
1,772,237,781,250,paragraph
>,786,237,800,250,paragraph
0.,805,237,819,250,paragraph
"So,",828,237,852,250,paragraph
we,858,237,879,250,paragraph
≥2−γ2,670,242,713,273,paragraph
2,704,254,710,261,paragraph
certainly,121,260,192,273,paragraph
have,198,260,235,273,paragraph
diﬀerentiability,242,260,367,273,paragraph
for,373,260,396,273,paragraph
"Zγ,",402,258,430,273,paragraph
for,437,260,459,273,paragraph
Lebesgue-almost,466,260,601,273,paragraph
every,607,260,651,273,paragraph
t,657,260,664,273,paragraph
"0,",690,260,704,273,paragraph
and,711,260,741,273,paragraph
the,748,260,774,273,paragraph
derivative,780,260,860,273,paragraph
is,866,260,879,273,paragraph
equal,121,276,163,289,paragraph
to,169,276,185,289,paragraph
zero.,191,276,229,289,paragraph
Acknowledgements.,120,302,301,315,paragraph
I,314,302,321,315,paragraph
give,329,302,361,315,paragraph
many,369,302,414,315,paragraph
thanks,422,302,476,315,paragraph
to,484,302,501,315,paragraph
Nathana¨el,509,302,593,315,paragraph
"Berestycki,",600,302,690,315,paragraph
who,698,302,731,315,paragraph
ﬁrst,739,302,772,315,paragraph
pointed,780,302,841,315,paragraph
this,849,302,879,315,paragraph
problem,121,319,186,332,paragraph
out,192,319,218,332,paragraph
to,224,319,241,332,paragraph
"me,",247,319,275,332,paragraph
and,281,319,311,332,paragraph
has,317,319,344,332,paragraph
helped,350,319,402,332,paragraph
me,408,319,432,332,paragraph
with,438,319,474,332,paragraph
many,480,319,524,332,paragraph
of,530,319,544,332,paragraph
the,551,319,576,332,paragraph
arguments,582,319,665,332,paragraph
throughout,671,319,761,332,paragraph
this,767,319,797,332,paragraph
paper.,803,319,853,332,paragraph
References,121,356,247,373,reference
[1],130,388,149,401,reference
Romain,158,388,222,401,reference
"Allez,",229,388,275,401,reference
R´emi,282,388,325,401,reference
"Rhodes,",332,388,397,401,reference
and,404,388,434,401,reference
Vincent,441,388,505,401,reference
Vargas.,511,388,572,401,reference
Lognormal,582,388,670,401,reference
(cid:63)-scale,677,388,731,401,reference
invariant,737,388,810,401,reference
random,817,388,879,401,reference
measures.,158,405,236,417,reference
Probab.,244,405,304,417,reference
Theory,310,405,366,417,reference
Relat.,373,405,419,417,reference
"Fields,",426,405,479,417,reference
"155(3-4):751–788,",485,405,625,417,reference
2013.,631,405,673,417,reference
[2],130,431,149,444,reference
Nathana¨el,158,431,238,444,reference
Berestycki.,243,431,329,444,reference
Diﬀusion,335,431,405,444,reference
in,410,431,425,444,reference
planar,430,431,480,444,reference
Liouville,485,431,553,444,reference
quantum,557,431,627,444,reference
gravity.,632,431,691,444,reference
Ann.,697,431,736,444,reference
Inst.,741,431,777,444,reference
H.,783,431,801,444,reference
"Poincar´e,",807,431,881,444,reference
available,157,447,225,460,reference
as,232,447,249,460,reference
arXiv,255,447,300,460,reference
preprint,307,447,370,460,reference
"arXiv:1301.3356,",377,447,513,460,reference
To,519,447,540,460,reference
appear.,546,447,606,460,reference
[3],130,474,149,487,reference
Nathana¨el,158,474,238,487,reference
"Berestycki,",244,474,330,487,reference
Christophe,335,474,421,487,reference
"Garban,",426,474,491,487,reference
R´emi,496,474,537,487,reference
"Rhodes,",542,474,605,487,reference
and,611,474,640,487,reference
Vincent,645,474,706,487,reference
Vargas.,711,474,769,487,reference
KPZ,776,474,814,487,reference
formula,819,474,879,487,reference
derived,158,490,216,503,reference
from,222,490,260,503,reference
Liouville,266,490,335,503,reference
heat,341,490,376,503,reference
kernel.,382,490,435,503,reference
arXiv,443,490,488,503,reference
preprint,494,490,558,503,reference
"arXiv:1406.7280,",564,490,700,503,reference
2014.,707,490,748,503,reference
[4],130,517,149,530,reference
Bertrand,158,517,232,530,reference
Duplantier,239,517,327,530,reference
and,334,517,364,530,reference
Scott,372,517,415,530,reference
Sheﬃeld.,422,517,496,530,reference
Liouville,508,517,578,530,reference
quantum,586,517,659,530,reference
gravity,666,517,723,530,reference
and,731,517,761,530,reference
KPZ.,768,517,812,530,reference
Invent.,824,517,882,530,reference
"Math.,",157,533,209,546,reference
"185(2):333–393,",215,533,340,546,reference
2011.,347,533,388,546,reference
[5],130,560,149,573,reference
Christophe,158,560,245,573,reference
"Garban,",251,560,316,573,reference
R´emi,322,560,364,573,reference
"Rhodes,",370,560,433,573,reference
and,439,560,469,573,reference
Vincent,475,560,536,573,reference
Vargas.,542,560,601,573,reference
Liouville,609,560,678,573,reference
Brownian,684,560,760,573,reference
motion.,766,560,826,573,reference
arXiv,834,560,879,573,reference
preprint,158,576,222,589,reference
"arXiv:1301.2876,",228,576,365,589,reference
2013.,371,576,412,589,reference
[6],130,603,149,616,reference
Christophe,158,603,244,616,reference
"Garban,",249,603,313,616,reference
R´emi,319,603,360,616,reference
"Rhodes,",365,603,427,616,reference
and,433,603,462,616,reference
Vincent,467,603,528,616,reference
Vargas.,533,603,591,616,reference
On,597,603,621,616,reference
the,626,603,651,616,reference
heat,656,603,690,616,reference
kernel,695,603,742,616,reference
and,747,603,776,616,reference
the,781,603,806,616,reference
Dirichlet,811,603,879,616,reference
form,158,619,195,632,reference
of,202,619,216,632,reference
Liouville,222,619,291,632,reference
Brownian,298,619,374,632,reference
motion.,380,619,441,632,reference
arXiv,450,619,494,632,reference
preprint,501,619,565,632,reference
"arXiv:1302.6050,",571,619,707,632,reference
2013.,713,619,755,632,reference
[7],130,646,149,659,reference
Ben,158,646,190,659,reference
M,197,646,214,659,reference
Hambly,221,646,284,659,reference
and,291,646,321,659,reference
Takashi,328,646,390,659,reference
Kumagai.,397,646,476,659,reference
Diﬀusion,486,646,559,659,reference
processes,565,646,640,659,reference
on,647,646,666,659,reference
fractal,673,646,725,659,reference
ﬁelds:,732,646,779,659,reference
heat,788,646,823,659,reference
kernel,830,646,879,659,reference
estimates,158,662,233,675,reference
and,239,662,268,675,reference
large,275,662,313,675,reference
deviations.,319,662,406,675,reference
Probab.,414,662,473,675,reference
Theory,480,662,536,675,reference
Relat.,542,662,589,675,reference
"Fields,",596,662,648,675,reference
"127(3):305–352,",654,662,780,675,reference
2003.,786,662,827,675,reference
[8],130,689,149,702,reference
John,158,689,198,702,reference
Hawkes.,205,689,272,702,reference
On,284,689,309,702,reference
the,316,689,342,702,reference
Hausdorﬀ,350,689,429,702,reference
dimension,436,689,519,702,reference
of,526,689,541,702,reference
the,549,689,575,702,reference
intersection,582,689,676,702,reference
of,684,689,699,702,reference
the,706,689,732,702,reference
range,740,689,784,702,reference
of,792,689,807,702,reference
a,814,689,824,702,reference
stable,831,689,879,702,reference
process,158,705,216,718,reference
with,222,705,258,718,reference
a,264,705,273,718,reference
Borel,279,705,322,718,reference
set.,328,705,355,718,reference
Probab.,364,705,423,718,reference
Theory,430,705,486,718,reference
Relat.,492,705,539,718,reference
"Fields,",545,705,598,718,reference
"19(2):90–102,",604,705,711,718,reference
1971.,717,705,759,718,reference
[9],130,731,149,744,reference
John,158,731,197,744,reference
Hawkes.,203,731,268,744,reference
Some,276,731,319,744,reference
dimension,325,731,405,744,reference
theorems,412,731,484,744,reference
for,490,731,512,744,reference
sample,518,731,573,744,reference
functions,579,731,652,744,reference
of,658,731,672,744,reference
stable,679,731,725,744,reference
processes.,731,731,810,744,reference
Indiana,818,731,879,744,reference
Univ.,155,748,199,761,reference
Math.,205,748,252,761,reference
"J.,",259,748,279,761,reference
"20(8):733,",285,748,365,761,reference
1971.,371,748,412,761,reference
[10],121,774,149,787,reference
Xiaoyu,158,774,216,787,reference
"Hu,",222,774,252,787,reference
Jason,258,774,305,787,reference
"Miller,",311,774,365,787,reference
and,371,774,401,787,reference
Yuval,408,774,454,787,reference
Peres.,460,774,509,787,reference
Thick,518,774,565,787,reference
points,571,774,621,787,reference
of,628,774,643,787,reference
the,649,774,675,787,reference
gaussian,682,774,750,787,reference
free,757,774,787,787,reference
ﬁeld.,793,774,832,787,reference
Ann.,842,774,882,787,reference
"Probab.,",157,790,222,803,reference
"38(2):896–926,",228,790,344,803,reference
2010.,350,790,392,803,reference
[11],121,817,149,830,reference
Jean-Pierre,158,817,248,830,reference
Kahane.,253,817,318,830,reference
Sur,326,817,353,830,reference
le,358,817,371,830,reference
chaos,377,817,419,830,reference
multiplicatif.,425,817,526,830,reference
Ann.,533,817,572,830,reference
Sci.,578,817,608,830,reference
Math.,614,817,660,830,reference
"Qu´ebec,",666,817,725,830,reference
"9(2):105–150,",731,817,836,830,reference
1985.,842,817,883,830,reference
[12],121,844,149,857,reference
Ioannis,158,844,215,857,reference
Karatzas,221,844,291,857,reference
and,298,844,327,857,reference
Steven,333,844,385,857,reference
E,391,844,403,857,reference
Shreve.,410,844,467,857,reference
Brownian,475,844,551,857,reference
motion,557,844,612,857,reference
and,619,844,647,857,reference
stochastic,654,844,730,857,reference
calculus.,736,844,802,857,reference
"Springer,",810,844,881,857,reference
1991.,157,860,199,873,reference
31,491,904,509,917,paragraph
##LTLine##,567,141,581,141,paragraph
##LTLine##,366,207,458,207,paragraph
##LTLine##,574,202,589,202,paragraph
##LTLine##,680,244,716,244,paragraph
##LTLine##,700,254,714,254,paragraph
##LTLine##,866,277,866,286,paragraph
##LTLine##,866,278,877,278,paragraph
##LTLine##,866,286,877,286,paragraph
##LTLine##,878,277,878,286,paragraph
