token,x0,y0,x1,y1,label
Pred,694,72,722,85,table
Pred,751,72,779,85,table
ID,149,84,164,97,table
Sentence,184,84,239,97,table
Pair,243,84,267,97,table
Gold,639,84,669,97,table
+logic,689,84,728,97,table
-logic,748,84,783,97,table
Entailment,803,84,869,97,table
A,184,99,195,112,table
person,199,99,239,112,table
is,243,99,253,112,table
climbing,257,99,310,112,table
a,314,99,321,112,table
rock,325,99,351,112,table
with,355,99,382,112,table
a,386,99,393,112,table
"rope,",396,99,427,112,table
which,431,99,467,112,table
is,471,99,481,112,table
pink.,485,99,516,112,table
642,142,105,164,118,table
5.0,644,105,663,118,table
4.9,699,105,718,118,table
4.1,756,105,775,118,table
Yes,825,105,847,118,table
A,184,111,195,124,table
rock,199,111,226,124,table
is,230,111,240,124,table
being,244,111,277,124,table
climbed,281,111,329,124,table
by,333,111,348,124,table
a,352,111,359,124,table
person,362,111,403,124,table
with,406,111,433,124,table
a,437,111,444,124,table
"rope,",447,111,478,124,table
which,482,111,518,124,table
is,522,111,532,124,table
pink.,536,111,567,124,table
The,184,123,208,136,table
machine,212,123,263,136,table
is,267,123,277,136,table
shaving,280,123,327,136,table
the,331,123,349,136,table
end,353,123,375,136,table
of,378,123,391,136,table
a,395,123,401,136,table
pencil.,405,123,446,136,table
1360,134,129,164,142,table
4.7,644,129,663,142,table
4.6,699,129,718,142,table
3.8,756,129,775,142,table
Yes,825,129,847,142,table
A,184,135,195,148,table
pencil,199,135,236,148,table
is,240,135,250,148,table
being,254,135,287,148,table
shaved,291,135,332,148,table
by,336,135,351,148,table
the,355,135,373,148,table
machine.,377,135,432,148,table
There,184,147,220,160,table
is,223,147,233,160,table
no,237,147,252,160,table
one,256,147,278,160,table
on,282,147,297,160,table
the,300,147,319,160,table
shore.,323,147,359,160,table
891,142,153,164,166,table
3.6,644,153,663,166,table
3.7,699,153,718,166,table
2.6,756,153,775,166,table
No,827,153,845,166,table
A,184,159,195,172,table
bunch,199,159,236,172,table
of,239,159,252,172,table
people,256,159,296,172,table
is,300,159,310,172,table
on,314,159,329,172,table
the,332,159,351,172,table
shore.,355,159,391,172,table
A,184,171,195,184,table
woman,199,171,243,184,table
is,247,171,257,184,table
removing,261,171,318,184,table
ingredients,322,171,389,184,table
from,393,171,422,184,table
a,426,171,433,184,table
bowl.,437,171,470,184,table
1158,134,177,164,190,table
3.3,644,177,663,190,table
3.5,699,177,718,190,table
4.1,756,177,775,190,table
No,827,177,845,190,table
A,184,183,195,196,table
woman,199,183,243,196,table
is,247,183,257,196,table
adding,261,183,302,196,table
ingredients,306,183,373,196,table
to,376,183,388,196,table
a,392,183,399,196,table
bowl.,402,183,436,196,table
Kids,184,196,213,208,table
in,217,196,228,208,table
red,232,196,251,208,table
shirts,255,196,288,208,table
are,292,196,310,208,table
playing,314,196,359,208,table
in,363,196,375,208,table
the,378,196,397,208,table
leaves.,400,196,441,208,table
59,149,202,164,214,table
3.9,644,202,663,214,table
3.8,699,202,718,214,table
3.1,756,202,775,214,table
Unknown,806,202,865,214,table
Three,184,207,220,220,table
kids,223,207,249,220,table
are,252,207,271,220,table
jumping,274,207,325,220,table
in,328,207,340,220,table
the,344,207,362,220,table
leaves.,366,207,407,220,table
There,184,220,220,233,table
is,223,220,233,233,table
no,237,220,252,233,table
child,256,220,286,233,table
lying,290,220,321,233,table
in,325,220,336,233,table
the,340,220,359,233,table
snow,362,220,394,233,table
and,398,220,419,233,table
making,423,220,468,233,table
snow,472,220,504,233,table
angels.,507,220,550,233,table
71,149,226,164,239,table
3.3,644,226,663,239,table
3.3,699,226,718,239,table
4.1,756,226,775,239,table
Unknown,806,226,865,239,table
Two,184,232,211,244,table
people,215,232,255,244,table
in,258,232,270,244,table
snowsuits,274,232,333,244,table
are,337,232,355,244,table
lying,359,232,390,244,table
in,394,232,405,244,table
the,409,232,428,244,table
snow,431,232,463,244,table
and,467,232,488,244,table
making,492,232,537,244,table
snow,541,232,573,244,table
angels.,576,232,619,244,table
Table,121,255,161,271,paragraph
5:,166,255,180,271,paragraph
Examples,194,255,266,271,caption
for,271,255,292,271,caption
which,297,255,342,271,caption
our,347,255,372,271,caption
regressor,377,255,444,271,caption
trained,449,255,500,271,caption
only,505,255,538,271,caption
with,543,255,575,271,caption
logic-based,580,255,665,271,caption
features,670,255,728,271,caption
performs,733,255,799,271,caption
better,804,255,846,271,caption
than,851,255,883,271,caption
when,121,271,160,287,caption
using,166,271,206,287,caption
non-logic,211,271,281,287,caption
features.,287,271,350,287,caption
“Gold”:,358,271,416,287,caption
correct,424,271,475,287,caption
"score,",481,271,524,287,caption
“Pred+logic”:,530,271,632,287,caption
prediction,639,271,714,287,caption
score,719,271,758,287,caption
only,764,271,796,287,caption
with,802,271,834,287,caption
logic-,840,271,883,287,caption
based,121,287,162,303,caption
"features,",167,287,229,303,caption
“Pred-logic”:,234,287,332,303,caption
prediction,337,287,412,303,caption
score,416,287,455,303,caption
only,460,287,492,303,caption
with,497,287,529,303,caption
non-logic-based,534,287,652,303,caption
features.,657,287,719,303,caption
ID,182,321,198,334,table
Sentence,218,321,272,334,table
Pair,276,321,300,334,table
Gold,519,321,549,334,table
System,569,321,614,334,table
Axiom,634,321,676,334,table
∀,634,330,642,349,table
→,739,330,754,349,table
A,218,336,229,349,table
girl,233,336,254,349,table
is,257,336,267,349,table
awakening.,271,336,340,349,table
x(awaken(x),642,338,734,349,table
wake(x)),758,338,823,349,table
3974,168,342,198,355,table
4.9,525,342,544,355,table
3.6,582,342,601,355,table
∀,634,342,642,361,table
→,739,342,754,361,table
A,218,348,229,361,table
girl,233,348,254,361,table
is,257,348,267,361,table
waking,271,348,315,361,table
up.,319,348,338,361,table
x(awaken(x),642,350,734,361,table
up(x)),758,350,805,361,table
∀,634,354,642,373,table
→,711,354,726,373,table
A,218,360,229,373,table
girl,233,360,254,373,table
is,257,360,267,373,table
ﬁling,271,360,303,373,table
her,307,360,326,373,table
nails.,330,360,362,373,table
x(nail(x),642,362,707,373,table
manicure(x)),731,362,829,373,table
4833,168,366,198,379,table
4.2,525,366,544,379,table
1.8,582,366,601,379,table
∀,634,366,642,385,table
→,705,366,721,385,table
A,218,372,229,385,table
girl,233,372,254,385,table
is,257,372,267,385,table
doing,271,372,305,385,table
a,309,372,316,385,table
manicure.,320,372,380,385,table
x(ﬁle(x),642,374,701,385,table
do(x)),725,374,771,385,table
∀,634,379,642,397,table
→,737,379,753,397,table
x(woman(x),642,386,733,397,table
person(x)),757,386,836,397,table
A,222,390,233,403,table
woman,236,390,281,403,table
is,284,390,294,403,table
putting,298,390,341,403,table
the,345,390,363,403,table
baby,367,390,396,403,table
into,400,390,423,403,table
a,427,390,434,403,table
trash,438,390,467,403,table
can.,471,390,495,403,table
∀,634,390,642,409,table
→,722,390,738,409,table
1941,168,396,198,409,table
1.0,525,396,544,409,table
3.3,582,396,601,409,table
x(trash(x),642,398,718,409,table
skillet(x)),742,398,815,409,table
A,222,402,233,415,table
person,236,402,277,415,table
is,280,402,290,415,table
putting,294,402,337,415,table
meat,341,402,370,415,table
into,374,402,397,415,table
a,401,402,408,415,table
skillet.,411,402,452,415,table
∀,634,402,642,421,table
→,720,402,736,421,table
x(baby(x),642,410,716,421,table
meat(x)),740,410,805,421,table
Table,193,432,233,447,paragraph
6:,238,432,252,447,paragraph
Error,263,432,302,447,caption
examples,306,432,375,447,caption
when,380,432,420,447,caption
training,424,432,481,447,caption
the,486,432,508,447,caption
regressor,513,432,580,447,caption
only,584,432,617,447,caption
with,622,432,654,447,caption
logic-based,659,432,743,447,caption
features.,748,432,811,447,caption
We,139,477,163,493,paragraph
have,169,477,203,493,paragraph
developed,208,477,283,493,paragraph
a,289,477,297,493,paragraph
hybrid,303,477,351,493,paragraph
method,357,477,412,493,paragraph
for,417,477,439,493,paragraph
learn-,445,477,487,493,paragraph
Acknowledgments,516,475,673,493,section
ing,121,493,144,509,paragraph
textual,148,493,198,509,paragraph
similarity,203,493,273,509,paragraph
by,277,493,296,509,paragraph
combining,300,493,379,509,paragraph
features,383,493,441,509,paragraph
based,446,493,487,509,paragraph
We,534,504,558,519,paragraph
thank,566,504,607,519,paragraph
the,615,504,638,519,paragraph
three,646,504,682,519,paragraph
anonymous,691,504,775,519,paragraph
reviewers,783,504,853,519,paragraph
for,861,504,883,519,paragraph
on,121,509,139,525,paragraph
logical,144,509,194,525,paragraph
proofs,200,509,247,525,paragraph
of,252,509,267,525,paragraph
bidirectional,273,509,365,525,paragraph
entailment,371,509,448,525,paragraph
rela-,454,509,487,525,paragraph
their,516,520,550,535,paragraph
detailed,553,520,611,535,paragraph
comments.,615,520,695,535,paragraph
This,701,520,733,535,paragraph
work,737,520,775,535,paragraph
was,778,520,807,535,paragraph
supported,810,520,883,535,paragraph
tions,121,526,156,541,paragraph
with,163,526,196,541,paragraph
non-logic-based,203,526,321,541,paragraph
features.,328,526,391,541,paragraph
The,404,526,432,541,paragraph
results,439,526,487,541,paragraph
by,516,536,534,551,paragraph
JST,545,536,574,551,paragraph
CREST,585,536,642,551,paragraph
Grant,653,536,694,551,paragraph
Number,705,536,765,551,paragraph
"JPMJCR1301,",776,536,883,551,paragraph
of,121,542,136,557,paragraph
our,141,542,166,557,paragraph
experiments,171,542,261,557,paragraph
on,266,542,284,557,paragraph
two,290,542,317,557,paragraph
datasets,323,542,381,557,paragraph
show,386,542,424,557,paragraph
that,430,542,457,557,paragraph
our,463,542,487,557,paragraph
Japan.,516,552,562,567,paragraph
system,121,558,171,573,paragraph
was,178,558,206,573,paragraph
able,212,558,243,573,paragraph
to,249,558,264,573,paragraph
outperform,270,558,352,573,paragraph
other,359,558,396,573,paragraph
logic-based,403,558,487,573,paragraph
References,516,569,609,588,reference
systems.,121,574,183,590,paragraph
In,193,574,209,590,paragraph
"addition,",215,574,279,590,paragraph
the,286,574,308,590,paragraph
results,314,574,362,590,paragraph
show,368,574,406,590,paragraph
that,412,574,440,590,paragraph
infor-,446,574,487,590,paragraph
mation,121,590,171,606,paragraph
about,177,590,218,606,paragraph
the,224,590,246,606,paragraph
natural,252,590,303,606,paragraph
deduction,309,590,381,606,paragraph
proof,387,590,427,606,paragraph
process,432,590,487,606,paragraph
Lasha,516,596,556,610,reference
Abzianidze.,561,596,641,610,reference
2015.,646,596,684,610,reference
A,693,596,705,610,reference
tableau,710,596,758,610,reference
prover,763,596,807,610,reference
for,812,596,831,610,reference
natural,836,596,883,610,reference
can,121,606,146,622,paragraph
be,150,606,167,622,paragraph
used,171,606,204,622,paragraph
to,208,606,222,622,paragraph
create,226,606,270,622,paragraph
effective,274,606,337,622,paragraph
features,340,606,398,622,paragraph
for,402,606,424,622,paragraph
learning,427,606,487,622,paragraph
logic,534,609,568,623,reference
and,571,609,595,623,reference
language.,598,609,663,623,reference
In,669,609,683,623,reference
Proceedings,686,608,769,623,reference
of,773,608,786,623,reference
the,789,608,809,623,reference
2015,813,608,846,623,reference
Con-,849,608,883,623,reference
textual,121,622,170,638,paragraph
similarity.,174,622,248,638,paragraph
Since,254,622,294,638,paragraph
these,299,622,336,638,paragraph
logic-based,341,622,425,638,paragraph
features,429,622,487,638,paragraph
ference,534,621,583,636,reference
on,587,621,604,636,reference
Empirical,609,621,676,636,reference
Methods,680,621,738,636,reference
in,742,621,755,636,reference
Natural,760,621,812,636,reference
Language,816,621,883,636,reference
Processing,534,635,608,649,reference
"(EMNLP-15),",611,635,704,649,reference
pages,707,635,746,649,reference
"2492–2502,",749,635,828,649,reference
"Lisbon,",832,635,883,649,reference
provide,121,638,176,654,paragraph
accuracy,185,638,249,654,paragraph
improvements,258,638,362,654,paragraph
that,370,638,398,654,paragraph
are,406,638,428,654,paragraph
largely,437,638,487,654,paragraph
Portugal.,534,648,595,662,reference
Association,603,648,682,662,reference
for,691,648,710,662,reference
Computational,718,648,818,662,reference
Linguis-,826,648,883,662,reference
additive,121,654,179,670,paragraph
with,186,654,219,670,paragraph
those,226,654,264,670,paragraph
provided,272,654,337,670,paragraph
by,344,654,362,670,paragraph
non-logic-based,369,654,487,670,paragraph
tics.,534,661,562,675,reference
"features,",121,671,183,686,paragraph
neural,190,671,236,686,paragraph
network-based,242,671,350,686,paragraph
systems,356,671,414,686,paragraph
may,420,671,452,686,paragraph
also,458,671,487,686,paragraph
beneﬁt,121,687,170,702,paragraph
from,175,687,211,702,paragraph
using,215,687,255,702,paragraph
them.,260,687,301,702,paragraph
Lasha,516,687,556,701,reference
Abzianidze.,562,687,642,701,reference
2016.,648,687,686,701,reference
Natural,698,687,748,701,reference
solution,754,687,808,701,reference
to,814,687,827,701,reference
FraCaS,833,687,883,701,reference
entailment,534,700,605,714,reference
problems.,608,700,675,714,reference
In,681,700,695,714,reference
Proceedings,698,700,781,714,reference
of,785,700,798,714,reference
the,801,700,822,714,reference
5th,825,700,846,714,reference
Joint,850,700,883,714,reference
Conference,534,713,611,727,reference
on,617,713,634,727,reference
Lexical,640,713,689,727,reference
and,695,713,720,727,reference
Computational,726,713,826,727,reference
Seman-,833,713,883,727,reference
In,139,717,154,732,paragraph
future,162,717,206,732,paragraph
"work,",214,717,256,732,paragraph
we,265,717,286,732,paragraph
will,294,717,322,732,paragraph
reﬁne,330,717,372,732,paragraph
our,380,717,404,732,paragraph
system,412,717,463,732,paragraph
so,471,717,487,732,paragraph
"tics,",534,726,562,740,reference
pages,566,726,604,740,reference
"64–74,",609,726,655,740,reference
"Berlin,",659,726,706,740,reference
Germany.,710,726,775,740,reference
Association,780,726,859,740,reference
for,863,726,883,740,reference
that,121,733,148,748,paragraph
it,154,733,164,748,paragraph
can,169,733,195,748,paragraph
be,200,733,218,748,paragraph
applied,223,733,277,748,paragraph
to,283,733,297,748,paragraph
other,302,733,340,748,paragraph
tasks,346,733,382,748,paragraph
such,388,733,421,748,paragraph
as,427,733,442,748,paragraph
ques-,448,733,487,748,paragraph
Computational,534,739,634,753,reference
Linguistics.,638,739,717,753,reference
tion,121,749,149,765,paragraph
answering.,156,749,236,765,paragraph
Compared,247,749,323,765,paragraph
with,330,749,362,765,paragraph
neural,369,749,415,765,paragraph
network-,421,749,487,765,paragraph
based,121,765,162,781,paragraph
"systems,",170,765,232,781,paragraph
our,240,765,265,781,paragraph
natural,272,765,323,781,paragraph
deduction-based,330,765,450,781,paragraph
sys-,458,765,487,781,paragraph
Eneko,516,765,559,779,reference
"Agirre,",568,765,616,779,reference
Daniel,626,765,671,779,reference
"Cer,",680,765,708,779,reference
Mona,718,765,757,779,reference
"Diab,",767,765,803,779,reference
and,814,765,838,779,reference
Aitor,847,765,883,779,reference
tem,121,781,148,797,paragraph
can,152,781,177,797,paragraph
not,182,781,205,797,paragraph
only,209,781,242,797,paragraph
assess,246,781,290,797,paragraph
how,294,781,326,797,paragraph
similar,330,781,381,797,paragraph
sentence,385,781,448,797,paragraph
pairs,452,781,487,797,paragraph
Gonzalez-Agirre.,534,778,651,792,reference
2012.,657,778,694,792,reference
SemEval-2012,706,778,805,792,reference
Task,811,778,843,792,reference
6:,849,778,862,792,reference
A,871,778,883,792,reference
pilot,534,791,565,805,reference
on,570,791,587,805,reference
semantic,591,791,651,805,reference
textual,656,791,701,805,reference
similarity.,706,791,773,805,reference
In,781,791,795,805,reference
Proceedings,800,791,883,805,reference
"are,",121,797,147,813,paragraph
but,157,797,180,813,paragraph
also,188,797,218,813,paragraph
explain,226,797,280,813,paragraph
what,288,797,324,813,paragraph
the,332,797,354,813,paragraph
sources,363,797,418,813,paragraph
of,426,797,441,813,paragraph
simi-,450,797,487,813,paragraph
of,534,804,547,818,reference
the,551,804,571,818,reference
6th,575,804,596,818,reference
International,600,804,688,818,reference
Workshop,692,804,758,818,reference
on,761,804,778,818,reference
Semantic,782,804,843,818,reference
Eval-,847,804,883,818,reference
larity/dissimilarity,121,813,256,829,paragraph
are,261,813,284,829,paragraph
by,289,813,307,829,paragraph
referring,312,813,376,829,paragraph
to,381,813,396,829,paragraph
information,401,813,487,829,paragraph
uation,534,817,577,831,reference
"(SemEval-2012),",583,817,696,831,reference
pages,703,817,741,831,reference
"385–393,",748,817,810,831,reference
"Montre´al,",817,817,883,831,reference
about,121,829,161,845,paragraph
sub-goals,165,829,235,845,paragraph
in,239,829,253,845,paragraph
the,257,829,279,845,paragraph
proof.,283,829,328,845,paragraph
Given,333,829,377,845,paragraph
this,381,829,407,845,paragraph
interpreta-,411,829,487,845,paragraph
Canada.,534,830,589,844,reference
Association,593,830,672,844,reference
for,676,830,696,844,reference
Computational,700,830,799,844,reference
Linguistics.,804,830,882,844,reference
tive,121,846,147,861,paragraph
"ability,",151,846,202,861,paragraph
we,206,846,227,861,paragraph
believe,231,846,284,861,paragraph
that,288,846,315,861,paragraph
our,319,846,344,861,paragraph
logic-based,348,846,432,861,paragraph
system,436,846,487,861,paragraph
Daniel,516,856,561,870,reference
"Ba¨r,",571,856,598,870,reference
Chris,610,856,646,870,reference
"Biemann,",656,856,721,870,reference
Iryna,732,856,767,870,reference
"Gurevych,",777,856,847,870,reference
and,859,856,883,870,reference
may,121,862,152,877,paragraph
also,159,862,188,877,paragraph
be,195,862,212,877,paragraph
of,219,862,235,877,paragraph
beneﬁt,241,862,291,877,paragraph
to,298,862,312,877,paragraph
other,319,862,357,877,paragraph
natural,363,862,414,877,paragraph
language,421,862,487,877,paragraph
Torsten,534,869,584,883,reference
Zesch.,593,869,637,883,reference
2012.,646,869,683,883,reference
UKP:,704,869,742,883,reference
Computing,750,869,826,883,reference
seman-,834,869,883,883,reference
processing,121,878,199,893,paragraph
"tasks,",205,878,246,893,paragraph
such,252,878,285,893,paragraph
as,291,878,306,893,paragraph
question,312,878,374,893,paragraph
answering,380,878,455,893,paragraph
and,461,878,487,893,paragraph
tic,534,882,551,896,reference
textual,559,882,604,896,reference
similarity,612,882,677,896,reference
by,685,882,701,896,reference
combining,709,882,781,896,reference
multiple,789,882,845,896,reference
con-,853,882,883,896,reference
text,121,894,148,910,paragraph
summarization.,152,894,266,910,paragraph
tent,534,895,559,909,reference
similarity,568,895,632,909,reference
measures.,641,895,707,909,reference
In,727,895,741,909,reference
Proceedings,749,895,832,909,reference
of,841,895,854,909,reference
the,862,895,883,909,reference
##LTLine##,124,74,879,74,table
##LTLine##,124,99,879,99,table
##LTLine##,124,101,879,101,table
##LTLine##,124,125,879,125,table
##LTLine##,124,149,879,149,table
##LTLine##,124,173,879,173,table
##LTLine##,124,198,879,198,table
##LTLine##,124,222,879,222,table
##LTLine##,124,246,879,246,table
##LTLine##,158,323,846,323,table
##LTLine##,158,336,846,336,table
##LTLine##,158,338,846,338,table
##LTLine##,158,362,846,362,table
##LTLine##,158,386,846,386,table
##LTLine##,158,423,846,423,table
