token,x0,y0,x1,y1,label
24,125,63,141,74,paragraph
"Biometrics,",444,63,522,74,paragraph
February,527,63,587,74,paragraph
2017,592,63,623,74,paragraph
"Schwarz,",125,96,200,110,reference
K.,212,96,232,110,reference
and,244,96,276,110,reference
"Krivobokova,",287,96,400,110,reference
T.,411,96,431,110,reference
(2016).,442,96,502,110,reference
A,525,96,540,110,reference
uniﬁed,552,96,609,110,reference
framework,621,96,711,110,reference
for,722,96,746,110,reference
spline,757,96,806,110,reference
estimators.,818,96,912,110,reference
Biometrika,159,127,254,141,reference
"103,",260,127,301,141,reference
121–131.,307,127,382,141,reference
"Vanoli,",125,158,186,172,reference
"E.,",191,158,215,172,reference
"Adamson,",221,158,307,172,reference
P.,312,158,329,172,reference
"B.,",334,158,359,172,reference
"Ba-Lin,",365,158,429,172,reference
"Pinna,",434,158,491,172,reference
G.,496,158,517,172,reference
"D.,",522,158,548,172,reference
"Lazzara,",553,158,626,172,reference
"R.,",631,158,657,172,reference
and,662,158,694,172,reference
"Orr,",699,158,735,172,reference
W.,740,158,766,172,reference
C.,771,158,791,172,reference
(1995).,797,158,857,172,reference
Heart,863,158,912,172,reference
rate,159,189,193,203,reference
variability,199,189,286,203,reference
during,293,189,349,203,reference
speciﬁc,355,189,417,203,reference
sleep,424,189,465,203,reference
stages.,472,189,529,203,reference
Circulation,538,189,633,203,reference
"91,",640,189,669,203,reference
1918–1922.,675,189,769,203,reference
"Wahba,",125,220,190,234,reference
G.,197,220,218,234,reference
(1980).,225,220,285,234,reference
Automatic,295,220,386,234,reference
smoothing,393,220,482,234,reference
of,489,220,505,234,reference
the,511,220,539,234,reference
log,545,220,571,234,reference
periodogram.,577,220,691,234,reference
Journal,701,220,766,234,reference
of,773,220,789,234,reference
the,796,220,822,234,reference
American,829,220,912,234,reference
Statistical,159,251,243,265,reference
Association,250,251,348,265,reference
"75,",355,251,384,265,reference
122–132.,390,251,465,265,reference
"Wei,",125,281,164,296,reference
W.,170,281,195,296,reference
W.,201,281,227,296,reference
S.,232,281,249,296,reference
(2006).,255,281,315,296,reference
Time,322,281,367,296,reference
Series,374,281,425,296,reference
Analysis:,431,281,509,296,reference
Univariate,516,281,606,296,reference
and,613,281,644,296,reference
Multivariate,650,281,755,296,reference
Methods.,761,281,837,296,reference
Pearson,844,281,912,296,reference
Addison,159,312,230,327,reference
"Wesley,",236,312,300,327,reference
"Boston,",306,312,372,327,reference
2nd,378,312,410,327,reference
edition.,416,312,481,327,reference
"Whittle,",125,343,197,357,reference
P.,206,343,223,357,reference
(1957).,232,343,292,357,reference
Curve,308,343,359,357,reference
and,368,343,400,357,reference
periodogram,409,343,517,357,reference
smoothing.,526,343,621,357,reference
Journal,636,343,702,357,reference
of,711,343,727,357,reference
the,736,343,762,357,reference
Royal,771,343,819,357,reference
Statistical,828,343,912,357,reference
Society.,159,374,225,388,reference
Series,232,374,284,388,reference
B,291,374,305,388,reference
(Methodological),312,374,452,388,reference
"19,",459,374,488,388,reference
38–63.,494,374,549,388,reference
"Yang,",125,405,175,419,reference
"W.-H.,",181,405,238,419,reference
"Holan,",244,405,301,419,reference
S.,306,405,323,419,reference
"H.,",329,405,354,419,reference
and,360,405,392,419,reference
"Wikle,",398,405,454,419,reference
C.,459,405,479,419,reference
K.,485,405,506,419,reference
(2016).,512,405,572,419,reference
Bayesian,579,405,655,419,reference
lattice,661,405,715,419,reference
ﬁlters,720,405,769,419,reference
for,774,405,798,419,reference
time-varying,804,405,912,419,reference
autoregression,159,436,282,450,reference
and,288,436,320,450,reference
time-frequency,326,436,454,450,reference
analysis.,460,436,533,450,reference
Bayesian,542,436,620,450,reference
Analysis,627,436,698,450,reference
page,705,436,744,450,reference
In,751,436,769,450,reference
Press.,776,436,826,450,reference
Received,204,489,275,504,date
September,282,489,370,504,date
2016.,376,489,421,504,date
Revised,427,489,491,504,date
January,498,489,568,504,date
2017.,574,489,619,504,date
Accepted,626,489,699,504,date
February,706,489,782,504,date
2017.,789,489,834,504,date
Web,295,613,332,625,section
Supplement,339,613,438,625,section
A:,444,613,463,625,section
AgeWise,469,613,543,625,section
Caregiver,549,613,638,625,section
Study,644,613,695,625,section
Data,701,613,743,625,section
Demeaned,142,651,232,665,paragraph
heart,241,651,286,665,paragraph
rate,295,651,329,665,paragraph
variability,338,651,425,665,paragraph
(HRV),435,651,492,665,paragraph
time,501,651,539,665,paragraph
series,549,651,595,665,paragraph
for,604,651,628,665,paragraph
each,637,651,675,665,paragraph
subject,684,651,746,665,paragraph
considered,755,651,845,665,paragraph
in,854,651,871,665,paragraph
this,880,651,912,665,paragraph
study,125,682,173,696,paragraph
are,179,682,205,696,paragraph
included,212,682,284,696,paragraph
here.,290,682,331,696,paragraph
As,337,682,360,696,paragraph
mentioned,366,682,455,696,paragraph
in,461,682,478,696,paragraph
the,484,682,511,696,paragraph
"article,",517,682,576,696,paragraph
each,582,682,620,696,paragraph
participant,626,682,721,696,paragraph
served,727,682,780,696,paragraph
as,787,682,804,696,paragraph
the,810,682,838,696,paragraph
primary,844,682,912,696,paragraph
caregiver,125,713,202,727,paragraph
for,210,713,234,727,paragraph
their,242,713,283,727,paragraph
spouse,291,713,348,727,paragraph
who,356,713,391,727,paragraph
was,400,713,431,727,paragraph
suﬀering,440,713,512,727,paragraph
from,521,713,561,727,paragraph
a,569,713,579,727,paragraph
progressive,588,713,682,727,paragraph
dementing,690,713,780,727,paragraph
illness,788,713,840,727,paragraph
such,848,713,886,727,paragraph
as,894,713,912,727,paragraph
Alzheimer’s,125,743,226,758,paragraph
or,233,743,251,758,paragraph
advanced,259,743,338,758,paragraph
Parkinson’s,346,743,444,758,paragraph
disease.,452,743,517,758,paragraph
We,525,743,552,758,paragraph
isolated,560,743,625,758,paragraph
a,633,743,643,758,paragraph
10,651,743,670,758,paragraph
minute,678,743,738,758,paragraph
long,745,743,781,758,paragraph
epoch,789,743,839,758,paragraph
of,847,743,863,758,paragraph
HRV,870,743,912,758,paragraph
during,125,774,181,789,paragraph
the,189,774,216,789,paragraph
5,224,774,234,789,paragraph
minutes,242,774,309,789,paragraph
before,317,774,370,789,paragraph
and,377,774,409,789,paragraph
5,417,774,427,789,paragraph
minutes,435,774,502,789,paragraph
after,510,774,550,789,paragraph
the,558,774,585,789,paragraph
ﬁrst,593,774,627,789,paragraph
onset,635,774,680,789,paragraph
of,687,774,703,789,paragraph
REM,711,774,757,789,paragraph
sleep.,765,774,812,789,paragraph
Pittsburgh,820,774,912,789,paragraph
Sleep,125,805,170,819,paragraph
Quality,176,805,241,819,paragraph
Index,247,805,295,819,paragraph
scores,301,805,351,819,paragraph
are,357,805,383,819,paragraph
also,389,805,422,819,paragraph
reported,428,805,501,819,paragraph
as,507,805,524,819,paragraph
a,530,805,540,819,paragraph
self-reported,546,805,653,819,paragraph
measure,659,805,729,819,paragraph
of,735,805,751,819,paragraph
sleep,757,805,799,819,paragraph
disturbances,805,805,912,819,paragraph
and,125,836,157,850,paragraph
of,164,836,180,850,paragraph
how,186,836,221,850,paragraph
these,227,836,271,850,paragraph
disturbances,278,836,385,850,paragraph
aﬀect,391,836,438,850,paragraph
daily,444,836,487,850,paragraph
functioning,493,836,590,850,paragraph
over,596,836,632,850,paragraph
a,638,836,648,850,paragraph
one-month,655,836,746,850,paragraph
period.,753,836,813,850,paragraph
