token,x0,y0,x1,y1,label
A,217,122,237,144,title
Goodwillie-type,245,122,423,144,title
Theorem,432,122,533,144,title
for,541,122,572,144,title
Milnor,580,122,655,144,title
K-Theory,664,122,779,144,title
Benjamin,412,174,492,189,author
F.,498,174,516,189,author
Dribus,522,174,578,189,author
Louisiana,404,194,472,206,paragraph
State,477,194,514,206,paragraph
University,520,194,593,206,paragraph
bdribus@math.lsu.edu,419,211,577,224,paragraph
May,442,248,479,264,paragraph
"26,",485,248,509,264,paragraph
2020,516,248,554,264,paragraph
Abstract,462,286,534,299,paragraph
Goodwillie’s,138,308,225,320,abstract
rational,232,308,287,320,abstract
isomorphism,293,308,383,320,abstract
between,389,308,446,320,abstract
relative,452,308,505,320,abstract
algebraic,511,308,574,320,abstract
K-theory,581,308,647,320,abstract
and,653,308,679,320,abstract
relative,685,308,738,320,abstract
cyclic,744,308,783,320,abstract
homology,789,308,858,320,abstract
of,138,323,152,336,abstract
a,159,323,167,336,abstract
ring,174,323,202,336,abstract
with,210,323,241,336,abstract
respect,248,323,299,336,abstract
to,306,323,321,336,abstract
a,328,323,336,336,abstract
nilpotent,343,323,407,336,abstract
"ideal,",415,323,453,336,abstract
together,460,323,519,336,abstract
with,526,323,558,336,abstract
the,565,323,588,336,abstract
λ-decomposition,595,323,712,336,abstract
of,719,323,732,336,abstract
cyclic,740,323,779,336,abstract
"homology,",786,323,858,336,abstract
illustrates,138,338,208,351,abstract
the,214,338,237,351,abstract
close,243,338,277,351,abstract
relationships,283,338,372,351,abstract
among,378,338,425,351,abstract
algebraic,431,338,495,351,abstract
"K-theory,",501,338,570,351,abstract
cyclic,576,338,616,351,abstract
"homology,",622,338,693,351,abstract
and,699,338,726,351,abstract
diﬀerential,732,338,808,351,abstract
forms.,814,338,858,351,abstract
In,138,353,153,366,abstract
this,160,353,186,366,abstract
"paper,",193,353,237,366,abstract
I,244,353,250,366,abstract
prove,256,353,295,366,abstract
a,301,353,309,366,abstract
Goodwillie-type,316,353,429,366,abstract
theorem,435,353,493,366,abstract
for,499,353,519,366,abstract
relative,525,353,578,366,abstract
Milnor,584,353,632,366,abstract
"K-theory,",638,353,708,366,abstract
working,714,353,770,366,abstract
over,777,353,806,366,abstract
a,813,353,821,366,abstract
very,827,353,858,366,abstract
general,138,368,189,381,abstract
class,194,368,227,381,abstract
of,232,368,245,381,abstract
commutative,250,368,342,381,abstract
"rings,",347,368,386,381,abstract
deﬁned,392,368,442,381,abstract
via,447,368,469,381,abstract
the,474,368,496,381,abstract
stability,502,368,560,381,abstract
criterion,565,368,624,381,abstract
of,630,368,643,381,abstract
Van,648,368,676,381,abstract
der,681,368,704,381,abstract
Kallen.,709,368,759,381,abstract
The,767,368,795,381,abstract
theorem,800,368,858,381,abstract
expresses,138,383,203,396,abstract
relative,208,383,261,396,abstract
Milnor,266,383,314,396,abstract
K-theory,319,383,385,396,abstract
"exactly,",390,383,444,396,abstract
rather,449,383,492,396,abstract
than,497,383,530,396,abstract
merely,535,383,582,396,abstract
"rationally,",587,383,659,396,abstract
in,664,383,678,396,abstract
terms,683,383,723,396,abstract
of,728,383,741,396,abstract
absolute,746,383,805,396,abstract
K¨ahler,810,383,858,396,abstract
diﬀerentials.,138,398,225,411,abstract
Early,232,398,271,411,abstract
results,275,398,322,411,abstract
of,326,398,339,411,abstract
Van,344,398,372,411,abstract
der,376,398,399,411,abstract
Kallen,403,398,449,411,abstract
and,454,398,480,411,abstract
"Bloch,",484,398,529,411,abstract
involving,534,398,598,411,abstract
K,603,398,616,411,abstract
",",624,398,628,411,abstract
are,633,398,655,411,abstract
special,659,398,707,411,abstract
cases.,711,398,751,411,abstract
The,758,398,786,411,abstract
version,790,398,840,411,abstract
of,845,398,858,411,abstract
2,616,403,623,412,abstract
Milnor,138,414,186,426,abstract
K-theory,191,414,257,426,abstract
used,262,414,294,426,abstract
is,299,414,310,426,abstract
the,315,414,337,426,abstract
na¨ıve,342,414,379,426,abstract
"one,",385,414,413,426,abstract
deﬁned,419,414,469,426,abstract
in,474,414,488,426,abstract
terms,493,414,533,426,abstract
of,538,414,551,426,abstract
tensor,556,414,599,426,abstract
"algebras,",604,414,667,426,abstract
which,672,414,713,426,abstract
generalizes,718,414,794,426,abstract
Milnor’s,799,414,858,426,abstract
original,138,429,192,441,abstract
deﬁnition,196,429,263,441,abstract
for,267,429,286,441,abstract
ﬁelds.,290,429,331,441,abstract
The,338,429,366,441,abstract
result,370,429,410,441,abstract
likely,414,429,451,441,abstract
generalizes,455,429,531,441,abstract
in,535,429,549,441,abstract
terms,553,429,593,441,abstract
of,597,429,610,441,abstract
de,614,429,630,441,abstract
Rahm-Witt,634,429,716,441,abstract
complexes,720,429,792,441,abstract
by,796,429,813,441,abstract
weak-,817,429,858,441,abstract
ening,138,444,176,456,abstract
some,181,444,216,456,abstract
invertibility,221,444,304,456,abstract
"assumptions,",308,444,400,456,abstract
but,404,444,429,456,abstract
the,433,444,456,456,abstract
class,460,444,493,456,abstract
of,498,444,511,456,abstract
rings,515,444,550,456,abstract
considered,554,444,628,456,abstract
is,633,444,644,456,abstract
already,648,444,700,456,abstract
more,705,444,740,456,abstract
than,745,444,777,456,abstract
suﬃciently,782,444,858,456,abstract
general,138,459,189,471,abstract
for,195,459,214,471,abstract
the,220,459,242,471,abstract
intended,248,459,309,471,abstract
applications.,314,459,404,471,abstract
The,411,459,439,471,abstract
main,445,459,480,471,abstract
motivation,485,459,562,471,abstract
for,567,459,587,471,abstract
this,592,459,618,471,abstract
paper,624,459,664,471,abstract
arises,670,459,709,471,abstract
from,714,459,747,471,abstract
applications,753,459,838,471,abstract
to,843,459,858,471,abstract
the,138,474,161,486,abstract
inﬁnitesimal,167,474,254,486,abstract
theory,260,474,306,486,abstract
of,312,474,325,486,abstract
Chow,332,474,372,486,abstract
"groups,",378,474,430,486,abstract
ﬁrst,436,474,464,486,abstract
pointed,470,474,524,486,abstract
out,530,474,553,486,abstract
by,560,474,577,486,abstract
Bloch,583,474,624,486,abstract
in,630,474,643,486,abstract
the,649,474,672,486,abstract
"1970’s,",678,474,726,486,abstract
and,733,474,759,486,abstract
prominent,765,474,838,486,abstract
in,844,474,858,486,abstract
recent,138,489,181,502,abstract
work,188,489,222,502,abstract
of,229,489,242,502,abstract
Green,248,489,291,502,abstract
and,297,489,323,502,abstract
Griﬃths.,330,489,393,502,abstract
In,403,489,418,502,abstract
this,425,489,451,502,abstract
"context,",457,489,514,502,abstract
much,521,489,559,502,abstract
can,565,489,590,502,abstract
be,596,489,613,502,abstract
accomplished,619,489,713,502,abstract
geometrically,720,489,814,502,abstract
with-,821,489,858,502,abstract
out,138,504,162,517,abstract
much,168,504,206,517,abstract
K-theoretic,211,504,294,517,abstract
"sophistication,",300,504,402,517,abstract
although,408,504,470,517,abstract
the,476,504,498,517,abstract
proper,504,504,550,517,abstract
structural,556,504,626,517,abstract
viewpoint,631,504,701,517,abstract
really,706,504,746,517,abstract
involves,751,504,807,517,abstract
"“deep,",812,504,858,517,abstract
modern”,138,519,200,532,abstract
methods,207,519,267,532,abstract
and,274,519,300,532,abstract
results,307,519,354,532,abstract
such,360,519,392,532,abstract
as,398,519,413,532,abstract
Thomason’s,420,519,505,532,abstract
localization,512,519,593,532,abstract
theorem.,599,519,662,532,abstract
Milnor,673,519,721,532,abstract
"K-theory,",727,519,797,532,abstract
by,804,519,821,532,abstract
con-,828,519,858,532,abstract
"trast,",138,534,177,547,abstract
is,182,534,193,547,abstract
a,198,534,206,547,abstract
simple,211,534,257,547,abstract
type,262,534,293,547,abstract
of,298,534,311,547,abstract
“symbolic,317,534,387,547,abstract
"K-theory,”",392,534,469,547,abstract
meaning,475,534,534,547,abstract
that,540,534,569,547,abstract
it,575,534,585,547,abstract
may,591,534,620,547,abstract
be,626,534,642,547,abstract
deﬁned,648,534,698,547,abstract
concretely,704,534,775,547,abstract
in,781,534,794,547,abstract
terms,799,534,839,547,abstract
of,845,534,858,547,abstract
group,138,549,179,562,abstract
"presentations,",186,549,284,562,abstract
rather,290,549,334,562,abstract
than,340,549,373,562,abstract
requiring,379,549,443,562,abstract
the,449,549,472,562,abstract
more,478,549,514,562,abstract
sophisticated,520,549,612,562,abstract
homotopy-theoretic,619,549,757,562,abstract
constructions,763,549,858,562,abstract
of,138,564,152,577,abstract
"Quillen,",157,564,213,577,abstract
"Waldhausen,",218,564,308,577,abstract
"Bass,",313,564,350,577,abstract
and,355,564,382,577,abstract
Thomason.,386,564,465,577,abstract
From,472,564,510,577,abstract
this,515,564,541,577,abstract
"viewpoint,",546,564,620,577,abstract
the,625,564,647,577,abstract
theorem,652,564,710,577,abstract
in,715,564,729,577,abstract
this,734,564,760,577,abstract
paper,765,564,805,577,abstract
is,810,564,821,577,abstract
“not,826,564,858,577,abstract
very,138,580,169,592,abstract
K-theoretic”,176,580,267,592,abstract
in,274,580,287,592,abstract
a,294,580,302,592,abstract
modern,309,580,363,592,abstract
"sense,",370,580,411,592,abstract
but,418,580,443,592,abstract
is,450,580,461,592,abstract
merely,468,580,515,592,abstract
the,522,580,545,592,abstract
answer,552,580,600,592,abstract
to,607,580,622,592,abstract
a,628,580,637,592,abstract
particular,644,580,713,592,abstract
group,720,580,761,592,abstract
isomorphism,768,580,858,592,abstract
problem.,138,595,201,607,abstract
Early,211,595,250,607,abstract
K-theory,256,595,322,607,abstract
is,329,595,340,607,abstract
replete,346,595,394,607,abstract
with,400,595,432,607,abstract
such,439,595,470,607,abstract
"problems,",476,595,545,607,abstract
often,552,595,587,607,abstract
involving,594,595,658,607,abstract
"messy,",664,595,710,607,abstract
ad,717,595,734,607,abstract
hoc,740,595,765,607,abstract
proofs.,771,595,819,607,abstract
The,830,595,858,607,abstract
proof,138,610,176,622,abstract
here,182,610,211,622,abstract
is,217,610,228,622,abstract
of,234,610,248,622,abstract
a,253,610,262,622,abstract
similar,268,610,316,622,abstract
"character,",322,610,392,622,abstract
involving,398,610,462,622,abstract
elementary,468,610,546,622,abstract
but,552,610,576,622,abstract
intricate,582,610,642,622,abstract
symbolic,648,610,710,622,abstract
manipulations.,716,610,821,622,abstract
The,830,610,858,622,abstract
advantage,138,625,210,637,abstract
of,216,625,229,637,abstract
this,235,625,262,637,abstract
approach,268,625,333,637,abstract
is,339,625,350,637,abstract
that,356,625,386,637,abstract
it,392,625,403,637,abstract
is,409,625,420,637,abstract
amenable,426,625,493,637,abstract
to,500,625,514,637,abstract
straightforward,520,625,629,637,abstract
"calculations,",636,625,723,637,abstract
which,730,625,771,637,abstract
modern,777,625,831,637,abstract
K-,837,625,858,637,abstract
theory,138,640,184,653,abstract
often,190,640,226,653,abstract
is,231,640,242,653,abstract
not.,248,640,276,653,abstract
The,284,640,312,653,abstract
proof,318,640,355,653,abstract
is,361,640,372,653,abstract
by,377,640,394,653,abstract
"induction,",400,640,472,653,abstract
beginning,477,640,546,653,abstract
with,552,640,584,653,abstract
Bloch’s,590,640,641,653,abstract
result,647,640,687,653,abstract
for,692,640,712,653,abstract
K,717,640,731,653,abstract
.,739,640,743,653,abstract
Related,751,640,806,653,abstract
results,811,640,858,653,abstract
2,731,645,738,654,abstract
and,138,655,165,668,abstract
geometric,170,655,239,668,abstract
applications,244,655,329,668,abstract
are,335,655,357,668,abstract
discussed,362,655,427,668,abstract
in,433,655,446,668,abstract
the,452,655,474,668,abstract
ﬁnal,480,655,511,668,abstract
section.,516,655,569,668,abstract
1,94,698,107,716,section
Introduction,133,698,279,716,section
1.1,94,732,122,747,section
Statement,144,732,242,747,section
of,250,732,267,747,section
the,275,732,306,747,section
Theorem,313,732,399,747,section
Goodwillie’s,94,759,189,773,paragraph
isomorphism,195,759,293,773,paragraph
[1]:,299,759,323,773,paragraph
(,407,764,415,819,equation
),446,764,454,819,equation
⊗,457,764,470,819,equation
≅,491,764,501,819,equation
(,544,764,552,819,equation
),582,764,590,819,equation
⊗,594,764,606,819,equation
+,391,776,400,816,equation
Q,473,794,487,813,equation
Q,610,794,623,813,equation
K,368,802,383,815,equation
"R,",415,802,434,815,equation
I,436,802,444,815,equation
HC,506,802,535,815,equation
"R,",552,802,570,815,equation
I,573,802,581,815,equation
",",623,802,628,815,equation
(1.1.1),852,802,902,815,equation
n,383,807,391,817,equation
1,400,807,406,817,equation
n,535,807,543,817,equation
relating,94,849,153,863,paragraph
the,158,849,183,863,paragraph
relative,188,849,245,863,paragraph
algebraic,250,849,320,863,paragraph
K-theory,325,849,397,863,paragraph
and,402,849,431,863,paragraph
relative,436,849,493,863,paragraph
cyclic,498,849,541,863,paragraph
homology,546,849,621,863,paragraph
of,626,849,640,863,paragraph
a,645,849,654,863,paragraph
ring,659,849,690,863,paragraph
R,695,849,708,863,paragraph
with,713,849,748,863,paragraph
respect,753,849,808,863,paragraph
to,813,849,829,863,paragraph
a,834,849,843,863,paragraph
2-sided,848,849,902,863,paragraph
nilpotent,94,866,164,880,paragraph
ideal,170,866,207,880,paragraph
"I,",212,866,227,880,paragraph
together,233,866,297,880,paragraph
with,303,866,337,880,paragraph
the,343,866,368,880,paragraph
λ-decomposition,374,866,502,880,paragraph
of,507,866,522,880,paragraph
cyclic,528,866,571,880,paragraph
"homology,",577,866,655,880,paragraph
which,661,866,706,880,paragraph
takes,712,866,751,880,paragraph
the,757,866,782,880,paragraph
form,788,866,824,880,paragraph
[2]:,830,866,853,880,paragraph
(,332,878,340,933,equation
),371,878,379,933,equation
≅,384,878,393,933,equation
/,428,880,434,920,equation
⊕,452,878,464,933,equation
−,493,882,501,922,equation
(,509,878,517,933,equation
),548,878,556,933,equation
⊕,559,878,572,933,equation
−,600,882,608,922,equation
(,616,878,624,933,equation
),655,878,663,933,equation
⊕,666,878,679,933,equation
−,430,893,439,933,equation
Ωn,404,900,426,916,equation
/,432,903,438,943,equation
HC,294,916,323,929,equation
R;,340,916,359,929,equation
k,362,916,371,929,equation
R,417,910,428,920,equation
k,434,910,441,920,equation
Hn,468,913,493,929,equation
2,501,913,508,923,equation
R;,517,916,535,929,equation
k,538,916,547,929,equation
Hn,575,913,600,929,equation
4,608,913,615,923,equation
R;,624,916,642,929,equation
k,645,916,654,929,equation
"...,",682,916,702,929,equation
(1.1.2),852,916,902,929,equation
n,323,921,332,931,equation
dΩn,400,924,430,939,equation
1,439,924,445,934,equation
dR,483,922,500,932,equation
dR,590,922,607,932,equation
R,422,934,432,944,equation
k,438,934,445,944,equation
1,494,964,503,978,paragraph
##LTLine##,400,923,447,923,equation
