token,x0,y0,x1,y1,label
Lemma,125,82,197,100,paragraph
3.12.,205,82,251,100,paragraph
We,259,82,287,100,paragraph
can,294,82,323,100,paragraph
normalize,330,82,413,100,paragraph
uniform,420,82,489,100,paragraph
K-homology,496,82,600,100,paragraph
K∗u(X),607,84,667,102,paragraph
to,674,82,691,100,paragraph
involutive,698,82,780,100,paragraph
modules.,787,82,861,100,paragraph
The,144,108,178,126,paragraph
proof,184,108,229,126,paragraph
of,235,108,251,126,paragraph
the,257,108,284,126,paragraph
following,291,108,366,126,paragraph
Lemma,373,108,436,126,paragraph
3.13,442,108,477,126,paragraph
in,483,108,500,126,paragraph
the,506,108,533,126,paragraph
non-uniform,540,108,644,126,paragraph
case,650,108,685,126,paragraph
may,692,108,727,126,paragraph
be,734,108,754,126,paragraph
found,760,108,808,126,paragraph
"in,",815,108,837,126,paragraph
"e.g.,",843,108,878,126,paragraph
"[HR00,",125,125,185,143,paragraph
Lemma,192,125,257,143,paragraph
8.3.8].,263,125,316,143,paragraph
The,326,125,360,143,paragraph
proof,367,125,413,143,paragraph
in,420,125,437,143,paragraph
the,444,125,471,143,paragraph
uniform,478,125,547,143,paragraph
case,554,125,590,143,paragraph
is,597,125,610,143,paragraph
analogous,617,125,703,143,paragraph
and,710,125,742,143,paragraph
the,749,125,777,143,paragraph
arguments,784,125,875,143,paragraph
similar,125,142,183,160,paragraph
to,189,142,207,160,paragraph
the,213,142,241,160,paragraph
ones,247,142,284,160,paragraph
in,291,142,307,160,paragraph
the,314,142,341,160,paragraph
proofs,348,142,400,160,paragraph
of,407,142,423,160,paragraph
"[Špa09,",429,142,492,160,paragraph
Lemmas,498,142,569,160,paragraph
4.5,576,142,601,160,paragraph
&,608,142,623,160,paragraph
4.6].,630,142,666,160,paragraph
Lemma,125,168,197,186,paragraph
3.13.,204,168,251,186,paragraph
Uniform,259,168,330,186,paragraph
K-homology,337,168,439,186,paragraph
K∗u(X),446,170,506,189,paragraph
may,513,168,548,186,paragraph
be,554,168,571,186,paragraph
normalized,578,168,669,186,paragraph
to,676,168,692,186,paragraph
non-degenerate,700,168,827,186,paragraph
Fred-,834,168,877,186,paragraph
holm,124,185,165,203,paragraph
"modules,",172,185,246,203,paragraph
"i.e.,",253,185,286,203,paragraph
such,293,185,330,203,paragraph
that,337,185,371,203,paragraph
all,378,185,399,203,paragraph
occuring,406,185,477,203,paragraph
representations,484,185,613,203,paragraph
are,637,185,664,203,paragraph
non-degenerate34.,671,185,820,203,paragraph
ρ,620,189,630,203,paragraph
Note,144,211,185,229,paragraph
that,191,211,227,229,paragraph
in,234,211,250,229,paragraph
general,257,211,317,229,paragraph
we,324,211,346,229,paragraph
can,353,211,382,229,paragraph
not,389,211,417,229,paragraph
normalize,423,211,506,229,paragraph
uniform,513,211,579,229,paragraph
-homology,604,211,692,229,paragraph
to,699,211,716,229,paragraph
be,723,211,743,229,paragraph
simultaneously,750,211,876,229,paragraph
K,586,215,603,229,paragraph
involutive,125,228,208,246,paragraph
and,215,228,246,246,paragraph
"non-degenerate,",253,228,388,246,paragraph
just,395,228,427,246,paragraph
as,434,228,452,246,paragraph
usual,458,228,503,246,paragraph
-homology.,528,228,621,246,paragraph
K,510,232,526,246,paragraph
Later,144,246,189,263,paragraph
we,196,246,218,263,paragraph
will,224,246,254,263,paragraph
also,261,246,293,263,paragraph
have,300,246,338,263,paragraph
to,344,246,361,263,paragraph
normalize,368,246,449,263,paragraph
Fredholm,456,246,535,263,paragraph
modules,542,246,611,263,paragraph
to,618,246,635,263,paragraph
ﬁnite,641,246,684,263,paragraph
propagation.,691,246,797,263,paragraph
But,805,246,837,263,paragraph
this,844,246,875,263,paragraph
is,125,263,138,281,paragraph
not,144,263,173,281,paragraph
always,179,263,236,281,paragraph
possible,242,263,310,281,paragraph
if,317,263,328,281,paragraph
the,335,263,362,281,paragraph
underlying,369,263,460,281,paragraph
metric,467,263,521,281,paragraph
space,528,263,574,281,paragraph
is,605,263,618,281,paragraph
badly,625,263,672,281,paragraph
behaved.,679,263,754,281,paragraph
Therefore,763,263,846,281,paragraph
we,852,263,875,281,paragraph
X,580,266,597,281,paragraph
get,125,280,151,298,paragraph
now,157,280,192,298,paragraph
to,198,280,216,298,paragraph
the,222,280,250,298,paragraph
deﬁnition,256,280,337,298,paragraph
of,344,280,359,298,paragraph
bounded,366,280,440,298,paragraph
geometry,446,280,526,298,paragraph
for,532,280,556,298,paragraph
metric,562,280,617,298,paragraph
spaces.,623,280,683,298,paragraph
Deﬁnition,125,306,222,324,paragraph
3.14,231,306,271,324,paragraph
(Coarsely,280,306,363,324,paragraph
bounded,371,306,446,324,paragraph
geometry).,453,306,548,324,paragraph
Let,557,306,586,324,paragraph
X,594,310,610,324,paragraph
be,619,306,640,324,paragraph
a,647,306,657,324,paragraph
metric,665,306,720,324,paragraph
space.,728,306,780,324,paragraph
We,792,306,820,324,paragraph
call,827,306,857,324,paragraph
a,865,306,875,324,paragraph
⊂,203,316,218,341,paragraph
subset,125,323,178,341,paragraph
a,248,323,258,341,paragraph
quasi-lattice,265,323,367,341,paragraph
if,375,323,386,341,paragraph
Γ,185,327,197,341,paragraph
X,224,327,240,341,paragraph
•,154,342,164,367,list
there,174,349,217,367,list
is,224,349,237,367,list
a,244,349,254,367,list
such,312,349,349,367,list
that,356,349,392,367,list
"(i.e.,",499,349,537,367,list
is,563,349,576,367,list
coarsely,582,349,649,367,list
dense),656,349,713,367,list
and,719,349,751,367,list
c,260,353,269,367,list
>,274,353,290,367,list
0,295,353,305,367,list
B,398,353,413,367,list
(Γ),420,353,448,367,list
=,454,353,469,367,list
X,474,353,491,367,list
Γ,544,353,556,367,list
c,413,359,420,368,list
•,154,370,164,395,list
∩,565,370,578,395,list
≤,644,370,660,395,list
∈,770,370,783,395,list
for,174,377,197,395,list
all,204,377,225,395,list
there,283,377,327,395,list
is,334,377,347,395,list
a,353,377,363,395,list
such,437,377,475,395,list
that,481,377,517,395,list
for,696,377,720,395,list
all,726,377,747,395,list
.,806,377,812,395,list
r,231,381,240,395,list
>,246,381,261,395,list
0,267,381,277,395,list
K,370,381,387,395,list
>,400,381,415,395,list
0,421,381,431,395,list
#(Γ,524,381,560,395,list
B,583,381,598,395,list
(y)),605,381,639,395,list
K,665,381,682,395,list
y,754,381,763,395,list
X,789,381,805,395,list
r,387,387,393,396,list
r,598,387,604,396,list
r,682,387,689,396,list
A,124,403,139,421,paragraph
metric,145,403,200,421,paragraph
space,206,403,252,421,paragraph
is,259,403,272,421,paragraph
said,279,403,313,421,paragraph
to,319,403,337,421,paragraph
have,343,403,382,421,paragraph
coarsely,389,403,456,421,paragraph
bounded,463,403,530,421,paragraph
geometry35,538,403,630,421,paragraph
if,637,403,649,421,paragraph
it,655,403,669,421,paragraph
admits,675,403,733,421,paragraph
a,740,403,750,421,paragraph
quasi-lattice.,756,403,866,421,paragraph
⊂,468,422,484,447,paragraph
Note,144,429,185,447,paragraph
that,191,429,227,447,paragraph
if,233,429,245,447,paragraph
we,251,429,273,447,paragraph
have,280,429,318,447,paragraph
a,324,429,334,447,paragraph
quasi-lattice,341,429,444,447,paragraph
",",507,429,512,447,paragraph
then,519,429,557,447,paragraph
there,563,429,606,447,paragraph
also,613,429,645,447,paragraph
exists,652,429,699,447,paragraph
a,705,429,715,447,paragraph
uniformly,722,429,804,447,paragraph
discrete,810,429,875,447,paragraph
Γ,450,432,462,447,paragraph
X,489,432,506,447,paragraph
(cid:48),251,441,255,458,paragraph
⊂,263,439,278,464,paragraph
quasi-lattice,125,446,231,464,paragraph
.,303,446,309,464,paragraph
The,320,446,354,464,paragraph
proof,362,446,407,464,paragraph
of,415,446,431,464,paragraph
this,438,446,471,464,paragraph
is,478,446,491,464,paragraph
an,499,446,520,464,paragraph
easy,527,446,565,464,paragraph
application,572,446,669,464,paragraph
of,676,446,693,464,paragraph
the,700,446,728,464,paragraph
Lemma,735,446,800,464,paragraph
of,807,446,823,464,paragraph
Zorn:,831,446,878,464,paragraph
Γ,238,450,251,464,paragraph
X,285,450,301,464,paragraph
A,516,456,532,481,paragraph
⊂,672,456,688,481,paragraph
(cid:83),754,457,770,510,paragraph
given,125,463,168,481,paragraph
an,174,463,195,481,paragraph
arbitrary,201,463,276,481,paragraph
we,333,463,355,481,paragraph
look,361,463,397,481,paragraph
at,402,463,420,481,paragraph
the,425,463,452,481,paragraph
family,458,463,511,481,paragraph
of,538,463,554,481,paragraph
all,560,463,580,481,paragraph
subsets,586,463,646,481,paragraph
with,712,463,749,481,paragraph
for,852,463,875,481,paragraph
δ,282,467,291,481,paragraph
>,297,467,312,481,paragraph
0,318,467,327,481,paragraph
A,652,467,667,481,paragraph
Γ,694,467,706,481,paragraph
"d(x,",755,467,789,481,paragraph
y),793,467,810,481,paragraph
>,816,467,831,481,paragraph
δ,837,467,846,481,paragraph
∈,187,473,201,498,paragraph
all,125,480,145,498,paragraph
.,221,480,226,498,paragraph
These,235,480,284,498,paragraph
subsets,291,480,351,498,paragraph
are,358,480,383,498,paragraph
partially,390,480,461,498,paragraph
ordered,468,480,531,498,paragraph
under,537,480,585,498,paragraph
inclusion,592,480,666,498,paragraph
of,672,480,688,498,paragraph
sets,694,480,726,498,paragraph
and,732,480,763,498,paragraph
every,770,480,814,498,paragraph
totally,820,480,876,498,paragraph
"x,",151,484,168,498,paragraph
y,171,484,181,498,paragraph
A,206,484,221,498,paragraph
⊂,274,491,289,515,paragraph
⊂,323,491,339,515,paragraph
⊂,373,491,389,515,paragraph
∈,805,491,819,515,paragraph
A,824,491,840,515,paragraph
ordered,125,497,188,515,paragraph
chain,194,497,239,515,paragraph
has,413,497,441,515,paragraph
an,447,497,468,515,paragraph
upper,474,497,523,515,paragraph
bound,530,497,583,515,paragraph
given,589,497,633,515,paragraph
by,640,497,660,515,paragraph
the,667,497,693,515,paragraph
union,700,497,747,515,paragraph
.,840,497,846,515,paragraph
So,855,497,875,515,paragraph
A,245,501,260,515,paragraph
A,295,501,310,515,paragraph
.,344,501,350,515,paragraph
.,353,501,359,515,paragraph
.,362,501,367,515,paragraph
Γ,394,501,406,515,paragraph
A,779,501,794,515,paragraph
1,260,507,267,517,paragraph
2,310,507,317,517,paragraph
(cid:48),610,510,614,526,paragraph
∈,620,508,633,532,paragraph
A,639,508,655,532,paragraph
(cid:48),728,510,732,526,paragraph
i,770,509,775,519,paragraph
i,794,507,799,517,paragraph
the,125,515,151,532,paragraph
Lemma,157,515,219,532,paragraph
of,225,515,241,532,paragraph
Zorn,246,515,286,532,paragraph
provides,292,515,361,532,paragraph
us,367,515,385,532,paragraph
with,391,515,428,532,paragraph
a,434,515,444,532,paragraph
maximal,449,515,522,532,paragraph
element,527,515,592,532,paragraph
.,655,515,660,532,paragraph
That,669,515,711,532,paragraph
is,739,515,752,532,paragraph
a,757,515,767,532,paragraph
quasi-lattice,773,515,875,532,paragraph
Γ,598,518,610,532,paragraph
Γ,716,518,728,532,paragraph
follows,125,532,183,550,paragraph
from,189,532,229,550,paragraph
its,236,532,256,550,paragraph
maximality.,263,532,364,550,paragraph
Examples,123,553,203,571,paragraph
3.15.,212,553,252,571,paragraph
Every,260,553,310,571,paragraph
Riemannian,316,553,418,571,paragraph
manifold,424,553,498,571,paragraph
of,532,553,548,571,paragraph
bounded,554,553,627,571,paragraph
geometry36,634,553,726,571,paragraph
is,733,553,746,571,paragraph
a,753,553,763,571,paragraph
metric,769,553,823,571,paragraph
space,830,553,875,571,paragraph
M,505,557,524,571,paragraph
⊂,580,564,596,588,paragraph
of,125,570,141,588,paragraph
coarsely,148,570,218,588,paragraph
bounded,226,570,301,588,paragraph
geometry:,309,570,395,588,paragraph
any,406,570,437,588,paragraph
maximal,445,570,520,588,paragraph
set,528,570,552,588,paragraph
of,632,570,648,588,paragraph
points,656,570,709,588,paragraph
which,717,570,768,588,paragraph
are,775,570,802,588,paragraph
at,810,570,828,588,paragraph
least,835,570,875,588,paragraph
Γ,560,574,573,588,paragraph
M,603,574,622,588,paragraph
≥,680,581,696,606,paragraph
(cid:54),797,581,797,606,paragraph
∈,837,581,850,606,paragraph
a,125,588,135,606,paragraph
ﬁxed,142,588,184,606,paragraph
distance,191,588,262,606,paragraph
apart,270,588,317,606,paragraph
"(i.e.,",324,588,363,606,paragraph
there,370,588,415,606,paragraph
is,422,588,436,606,paragraph
an,443,588,464,606,paragraph
such,527,588,566,606,paragraph
that,573,588,610,606,paragraph
for,719,588,743,606,paragraph
all,750,588,772,606,paragraph
),869,588,877,606,paragraph
ε,472,591,481,606,paragraph
>,488,591,503,606,paragraph
0,510,591,520,606,paragraph
"d(x,",617,591,652,606,paragraph
y),655,591,673,606,paragraph
ε,703,591,712,606,paragraph
x,779,591,790,606,paragraph
=,797,591,813,606,paragraph
y,819,591,829,606,paragraph
Γ,857,591,869,606,paragraph
will,124,605,154,623,paragraph
do,161,605,182,623,paragraph
the,188,605,216,623,paragraph
job.,222,605,254,623,paragraph
We,263,605,290,623,paragraph
can,297,605,327,623,paragraph
get,333,605,359,623,paragraph
such,366,605,404,623,paragraph
a,410,605,420,623,paragraph
maximal,427,605,500,623,paragraph
set,507,605,531,623,paragraph
by,538,605,558,623,paragraph
invoking,565,605,637,623,paragraph
Zorn’s,644,605,697,623,paragraph
lemma.,704,605,766,623,paragraph
Note,775,605,816,623,paragraph
that,822,605,859,623,paragraph
a,865,605,875,623,paragraph
manifold,125,622,199,640,paragraph
of,205,622,221,640,paragraph
bounded,228,622,301,640,paragraph
geometry,307,622,386,640,paragraph
will,392,622,423,640,paragraph
also,429,622,462,640,paragraph
have,469,622,507,640,paragraph
locally,514,622,569,640,paragraph
bounded,575,622,649,640,paragraph
"geometry,",655,622,737,640,paragraph
so,744,622,761,640,paragraph
no,768,622,789,640,paragraph
confusion,795,622,875,640,paragraph
can,125,639,153,657,paragraph
arise,160,639,198,657,paragraph
by,205,639,225,657,paragraph
not,231,639,259,657,paragraph
distinguishing,265,639,382,657,paragraph
between,389,639,457,657,paragraph
“coarsely”,463,639,543,657,paragraph
and,551,639,582,657,paragraph
“locally”,588,639,655,657,paragraph
bounded,663,639,736,657,paragraph
geometry,742,639,820,657,paragraph
in,826,639,842,657,paragraph
the,848,639,875,657,paragraph
terminology,125,656,227,674,paragraph
for,233,656,257,674,paragraph
manifolds.,263,656,351,674,paragraph
(cid:48),681,669,685,685,paragraph
(cid:48),828,669,832,685,paragraph
∈,838,667,851,691,paragraph
If,144,673,157,691,paragraph
is,219,673,232,691,paragraph
an,237,673,258,691,paragraph
arbitrary,263,673,339,691,paragraph
metric,344,673,398,691,paragraph
space,403,673,448,691,paragraph
that,454,673,489,691,paragraph
is,495,673,508,691,paragraph
"bounded,",513,673,591,691,paragraph
"i.e.,",597,673,627,691,paragraph
for,742,673,765,691,paragraph
all,771,673,791,691,paragraph
"(X,",163,677,192,691,paragraph
d),196,677,213,691,paragraph
"d(x,",632,677,667,691,paragraph
x,670,677,681,691,paragraph
),686,677,693,691,paragraph
<,699,677,714,691,paragraph
D,720,677,736,691,paragraph
"x,",797,677,813,691,paragraph
x,817,677,828,691,paragraph
X,857,677,873,691,paragraph
and,125,691,156,709,paragraph
some,163,691,206,709,paragraph
",",229,691,234,709,paragraph
then,241,691,279,709,paragraph
any,286,691,316,709,paragraph
ﬁnite,325,691,368,709,paragraph
subset,375,691,429,709,paragraph
of,435,691,451,709,paragraph
will,482,691,513,709,paragraph
constitute,519,691,605,709,paragraph
a,611,691,621,709,paragraph
quasi-lattice.,628,691,738,709,paragraph
D,212,694,228,709,paragraph
X,458,694,474,709,paragraph
Let,144,708,173,726,paragraph
be,204,708,224,726,paragraph
a,231,708,241,726,paragraph
simplicial,247,708,328,726,paragraph
complex,335,708,405,726,paragraph
of,412,708,427,726,paragraph
bounded,434,708,508,726,paragraph
geometry37.,514,708,614,726,paragraph
Equipping,622,708,711,726,paragraph
with,742,708,780,726,paragraph
the,787,708,814,726,paragraph
metric,820,708,875,726,paragraph
K,179,712,196,726,paragraph
K,717,712,734,726,paragraph
derived,125,725,186,743,paragraph
from,192,725,232,743,paragraph
barycentric,238,725,333,743,paragraph
"coordinates,",339,725,441,743,paragraph
the,447,725,474,743,paragraph
set,481,725,504,743,paragraph
of,511,725,527,743,paragraph
all,533,725,553,743,paragraph
vertices,560,725,624,743,paragraph
becomes,630,725,701,743,paragraph
a,707,725,717,743,paragraph
quasi-lattice,723,725,826,743,paragraph
in,833,725,849,743,paragraph
.,873,725,879,743,paragraph
K,855,729,872,743,paragraph
34This,127,752,174,767,footer
means,180,752,225,767,footer
that,231,752,261,767,footer
ρ(C,267,755,294,767,footer
(X))H,302,755,350,767,footer
is,357,752,369,767,footer
dense,374,752,414,767,footer
in,420,752,434,767,footer
H.,439,752,459,767,footer
0,294,760,301,768,footer
35Note,127,766,176,781,footer
that,181,766,212,781,footer
most,218,766,253,781,footer
authors,258,766,313,781,footer
call,318,766,343,781,footer
this,349,766,376,781,footer
property,381,766,444,781,footer
just,449,766,477,781,footer
“bounded,482,766,550,781,footer
geometry”.,556,766,633,781,footer
But,640,766,668,781,footer
since,673,766,708,781,footer
later,714,766,747,781,footer
we,753,766,772,781,footer
will,777,766,803,781,footer
also,809,766,837,781,footer
have,842,766,875,781,footer
the,150,780,173,795,footer
notion,178,780,224,795,footer
of,230,780,243,795,footer
locally,249,780,296,795,footer
bounded,301,780,363,795,footer
"geometry,",369,780,439,795,footer
we,444,780,463,795,footer
use,469,780,492,795,footer
for,497,780,517,795,footer
this,523,780,550,795,footer
one,555,780,580,795,footer
the,585,780,608,795,footer
term,614,780,648,795,footer
“coarsely”,654,780,722,795,footer
to,729,780,744,795,footer
distinguish,750,780,828,795,footer
them.,834,780,875,795,footer
36That,127,794,178,810,footer
is,184,795,195,810,footer
to,200,795,215,810,footer
"say,",221,795,248,810,footer
the,253,795,277,810,footer
injectivity,283,795,357,810,footer
radius,362,795,408,810,footer
of,413,795,427,810,footer
M,432,798,449,810,footer
is,456,795,467,810,footer
uniformly,473,795,544,810,footer
positive,550,795,607,810,footer
and,612,795,640,810,footer
the,645,795,669,810,footer
curvature,674,795,744,810,footer
tensor,750,795,795,810,footer
and,801,795,828,810,footer
all,834,795,851,810,footer
its,857,795,875,810,footer
derivatives,150,809,227,824,footer
are,233,809,255,824,footer
bounded,261,809,324,824,footer
in,329,809,343,824,footer
sup-norm.,349,809,422,824,footer
37That,127,823,178,838,footer
"is,",183,823,199,838,footer
the,205,823,228,838,footer
number,233,823,289,838,footer
of,294,823,308,838,footer
simplices,313,823,379,838,footer
in,384,823,398,838,footer
the,404,823,427,838,footer
link,433,823,460,838,footer
of,466,823,479,838,footer
each,485,823,517,838,footer
vertex,522,823,568,838,footer
is,573,823,584,838,footer
uniformly,590,823,661,838,footer
bounded.,666,823,734,838,footer
33,490,881,510,899,paragraph
##LTLine##,125,751,425,751,paragraph
