token,x0,y0,x1,y1,label
14,927,33,944,45,paragraph
(2003).,121,65,168,75,reference
S.,174,65,186,75,reference
Flach,192,65,229,75,reference
and,234,65,259,75,reference
A.,264,65,280,75,reference
V.,285,65,301,75,reference
"Gorbach,",306,65,368,75,reference
Phys.,373,65,410,75,reference
Rep.,416,65,447,75,reference
"467,",452,65,483,75,reference
1,488,65,496,75,reference
(2008).,501,65,548,75,reference
[2],98,77,114,88,reference
F.,121,77,135,88,reference
"Lederer,",141,77,196,88,reference
G.,201,77,218,88,reference
I.,223,77,233,88,reference
"Stegeman,",238,77,308,88,reference
D.,313,77,329,88,reference
N.,334,77,350,88,reference
"Christodoulides,",355,77,465,88,reference
G.,470,77,487,88,reference
"Assanto,",492,77,550,88,reference
M.,555,77,573,88,reference
"Segev,",578,77,621,88,reference
and,626,77,651,88,reference
Y.,656,77,672,88,reference
"Silberberg,",677,77,751,88,reference
Phys.,756,77,793,88,reference
Rep.,798,77,829,88,reference
"463,",835,77,866,88,reference
1,871,77,879,88,reference
(2008).,884,77,931,88,reference
[3],98,90,114,100,reference
O.,121,90,137,100,reference
Morsch,143,90,192,100,reference
and,197,90,222,100,reference
M.,227,90,245,100,reference
"Oberthaler,",251,90,329,100,reference
Rev.,334,90,365,100,reference
Mod.,370,90,405,100,reference
Phys.,410,90,447,100,reference
"78,",453,90,475,100,reference
179,480,90,503,100,reference
(2006).,508,90,556,100,reference
[4],98,102,114,113,reference
M.,121,102,140,113,reference
"Sato,",145,102,179,113,reference
B.,184,102,200,113,reference
E.,205,102,220,113,reference
"Hubbard,",225,102,289,113,reference
and,294,102,319,113,reference
A.,324,102,340,113,reference
J.,345,102,357,113,reference
"Sievers,",363,102,414,113,reference
Rev.,419,102,449,113,reference
Mod.,455,102,490,113,reference
Phys.,495,102,532,113,reference
"78,",538,102,560,113,reference
137,565,102,588,113,reference
(2006).,593,102,641,113,reference
[5],98,114,114,125,reference
P.,121,114,135,125,reference
"Binder,",139,114,189,125,reference
D.,193,114,209,125,reference
"Abraimov,",214,114,285,125,reference
A.,289,114,305,125,reference
V.,310,114,326,125,reference
"Ustinov,",330,114,387,125,reference
S.,391,114,404,125,reference
"Flach,",408,114,450,125,reference
and,455,114,479,125,reference
Y.,484,114,500,125,reference
"Zolotaryuk,",504,114,583,125,reference
Phys.,587,114,624,125,reference
Rev.,629,114,660,125,reference
Lett.,664,114,697,125,reference
"84,",701,114,724,125,reference
745,728,114,751,125,reference
(2000);,756,114,803,125,reference
E.,808,114,823,125,reference
"Tr´ıas,",827,114,865,125,reference
J.,870,114,882,125,reference
J.,887,114,899,125,reference
"Mazo,",903,114,944,125,reference
and,121,127,146,138,reference
T.,151,127,167,138,reference
P.,172,127,185,138,reference
"Orlando,",191,127,250,138,reference
Phys.,255,127,292,138,reference
Rev.,298,127,328,138,reference
Lett.,333,127,366,138,reference
"84,",372,127,394,138,reference
741,399,127,422,138,reference
(2000).,427,127,475,138,reference
[6],98,139,114,150,reference
B.,121,139,136,150,reference
I.,142,139,151,150,reference
"Swanson,",157,139,219,150,reference
J.,224,139,237,150,reference
A.,242,139,258,150,reference
"Brozik,",263,139,311,150,reference
S.,317,139,330,150,reference
P.,335,139,348,150,reference
"Love,",353,139,389,150,reference
G.,395,139,411,150,reference
F.,416,139,431,150,reference
"Strouse,",436,139,490,150,reference
A.,495,139,511,150,reference
P.,517,139,530,150,reference
"Shreve,",535,139,584,150,reference
A.,590,139,606,150,reference
R.,611,139,627,150,reference
"Bishop,",632,139,682,150,reference
W.-Z.,688,139,727,150,reference
"Wang,",732,139,775,150,reference
and,780,139,805,150,reference
M.,810,139,829,150,reference
I.,834,139,844,150,reference
"Salkola,",849,139,902,150,reference
Phys.,907,139,944,150,reference
Rev.,121,152,152,162,reference
Lett.,157,152,190,162,reference
"82,",195,152,217,162,reference
3288,222,152,253,162,reference
(1999).,258,152,306,162,reference
[7],98,164,114,175,reference
L.,121,164,135,175,reference
Q.,139,164,156,175,reference
"English,",160,164,215,175,reference
M.,219,164,238,175,reference
"Sato,",242,164,277,175,reference
and,281,164,306,175,reference
A.,311,164,326,175,reference
J.,331,164,343,175,reference
"Sievers,",348,164,398,175,reference
Phys.,403,164,440,175,reference
Rev.,445,164,476,175,reference
B,480,164,491,175,reference
"67,",495,164,517,175,reference
024403,522,164,568,175,reference
(2003);,573,164,620,175,reference
U.,625,164,641,175,reference
T.,645,164,661,175,reference
"Schwarz,",665,164,724,175,reference
L.,729,164,743,175,reference
Q.,747,164,763,175,reference
"English,",768,164,822,175,reference
and,827,164,852,175,reference
A.,856,164,872,175,reference
J.,877,164,889,175,reference
"Sievers,",893,164,944,175,reference
Phys.,121,177,158,187,reference
Rev.,164,177,194,187,reference
Lett.,199,177,232,187,reference
"83,",238,177,260,187,reference
223,265,177,288,187,reference
(1999).,293,177,341,187,reference
[8],98,189,114,200,reference
M.,121,189,140,200,reference
"Peyrard,",145,189,203,200,reference
Nonlinearity,208,189,292,200,reference
"17,",297,189,319,200,reference
R1,324,189,343,200,reference
(2004).,349,189,396,200,reference
[9],98,201,114,212,reference
N.,121,201,137,212,reference
"Boechler,",142,201,205,212,reference
G.,210,201,226,212,reference
"Theocharis,",232,201,310,212,reference
S.,315,201,328,212,reference
"Job,",333,201,362,212,reference
P.,367,201,381,212,reference
G.,386,201,402,212,reference
"Kevrekidis,",407,201,483,212,reference
M.,488,201,507,212,reference
A.,512,201,528,212,reference
"Porter,",533,201,580,212,reference
and,585,201,610,212,reference
C.,616,201,631,212,reference
"Daraio,",636,201,686,212,reference
Phys.,691,201,728,212,reference
Rev.,734,201,764,212,reference
Lett.,769,201,802,212,reference
"104,",808,201,839,212,reference
244302,844,201,890,212,reference
(2010).,895,201,943,212,reference
[10],90,214,114,225,reference
D.,121,214,137,225,reference
N.,143,214,159,225,reference
"Christodoulides,",165,214,275,225,reference
F.,282,214,296,225,reference
"Lederer,",302,214,357,225,reference
and,364,214,389,225,reference
Y.,395,214,411,225,reference
"Silberberg,",417,214,490,225,reference
Nature,496,214,543,225,reference
"424,",550,214,581,225,reference
817,587,214,610,225,reference
(2003);,616,214,664,225,reference
A.,670,214,686,225,reference
A.,692,214,708,225,reference
"Sukhorukov,",714,214,798,225,reference
Y.,805,214,820,225,reference
S.,827,214,839,225,reference
"Kivshar,",846,214,903,225,reference
H.,909,214,925,225,reference
S.,931,214,944,225,reference
"Eisenberg,",121,226,191,237,reference
and,196,226,221,237,reference
Y.,226,226,242,237,reference
"Silberberg,",247,226,321,237,reference
IEEE,326,226,363,237,reference
J.,368,226,380,237,reference
Quant.,386,226,433,237,reference
Elect.,438,226,477,237,reference
"39,",482,226,504,237,reference
31,509,226,525,237,reference
(2003).,530,226,577,237,reference
[11],90,239,114,249,reference
H.,121,239,137,249,reference
S.,142,239,155,249,reference
"Eisenberg,",160,239,230,249,reference
Y.,235,239,251,249,reference
"Silberberg,",256,239,330,249,reference
R.,335,239,351,249,reference
"Morandotti,",356,239,437,249,reference
A.,442,239,458,249,reference
R.,463,239,479,249,reference
"Boyd,",484,239,524,249,reference
and,529,239,554,249,reference
J.,559,239,571,249,reference
S.,576,239,589,249,reference
Aitchison,594,239,658,249,reference
Phys.,663,239,701,249,reference
Rev.,706,239,736,249,reference
Lett.,742,239,775,249,reference
"81,",780,239,802,249,reference
3383,807,239,838,249,reference
(1998).,843,239,890,249,reference
[12],90,251,114,262,reference
H.,121,251,137,262,reference
S.,142,251,155,262,reference
"Eisenberg,",160,251,230,262,reference
Y.,235,251,251,262,reference
"Silberberg,",256,251,330,262,reference
R.,335,251,351,262,reference
"Morandotti,",356,251,437,262,reference
and,442,251,467,262,reference
J.,472,251,485,262,reference
S.,490,251,503,262,reference
Aitchison,508,251,572,262,reference
Phys.,577,251,614,262,reference
Rev.,619,251,650,262,reference
Lett.,655,251,688,262,reference
"85,",693,251,715,262,reference
1863,721,251,752,262,reference
(2000).,757,251,804,262,reference
[13],90,264,114,274,reference
R.,121,264,137,274,reference
"Iwanow,",141,264,196,274,reference
D.,201,264,217,274,reference
A.,221,264,237,274,reference
"May-Arrioja,",241,264,329,274,reference
D.,334,264,350,274,reference
N.,354,264,370,274,reference
"Christodoulides,",374,264,484,274,reference
G.,489,264,505,274,reference
I.,509,264,519,274,reference
"Stegeman,",523,264,593,274,reference
Y.,597,264,613,274,reference
"Min,",617,264,649,274,reference
and,653,264,678,274,reference
W.,682,264,703,274,reference
"Sohler,",707,264,753,274,reference
Phys.,758,264,795,274,reference
Rev.,799,264,830,274,reference
Lett.,834,264,867,274,reference
"95,",871,264,893,274,reference
053902,898,264,944,274,reference
(2005).,121,276,168,287,reference
[14],90,289,114,299,reference
C.,121,289,137,299,reference
E.,142,289,157,299,reference
"Ru¨ter,",162,289,205,299,reference
K.,210,289,226,299,reference
G.,232,289,248,299,reference
"Makris,",253,289,304,299,reference
R.,309,289,325,299,reference
"El-Ganainy,",330,289,410,299,reference
D.,415,289,431,299,reference
N.,437,289,452,299,reference
"Christodoulides,",458,289,568,299,reference
M.,573,289,591,299,reference
"Segev,",596,289,639,299,reference
and,644,289,669,299,reference
D.,674,289,690,299,reference
"Kip,",696,289,725,299,reference
Nature,730,289,777,299,reference
Phys.,782,289,819,299,reference
"6,",825,289,838,299,reference
192,843,289,866,299,reference
(2010).,871,289,919,299,reference
[15],90,301,114,312,reference
R.,121,301,137,312,reference
"Morandotti,",144,301,225,312,reference
U.,233,301,249,312,reference
"Peschel,",256,301,309,312,reference
J.,317,301,329,312,reference
S.,336,301,349,312,reference
"Aitchison,",356,301,424,312,reference
H.,432,301,448,312,reference
S.,455,301,468,312,reference
"Eisenberg,",475,301,545,312,reference
and,552,301,577,312,reference
Y.,584,301,600,312,reference
Silberberg,607,301,676,312,reference
Phys.,683,301,721,312,reference
Rev.,728,301,758,312,reference
Lett.,765,301,798,312,reference
"83,",805,301,828,312,reference
2726,835,301,866,312,reference
(1999);,873,301,920,312,reference
R.,929,301,944,312,reference
"Morandotti,",121,313,202,324,reference
H.,208,313,223,324,reference
S.,229,313,242,324,reference
"Eisenberg,",247,313,317,324,reference
Y.,322,313,338,324,reference
"Silberberg,",343,313,416,324,reference
M.,421,313,440,324,reference
"Sorel,",445,313,483,324,reference
and,488,313,513,324,reference
J.,518,313,530,324,reference
S.,536,313,549,324,reference
Aitchison,554,313,617,324,reference
Phys.,623,313,660,324,reference
Rev.,665,313,696,324,reference
Lett.,701,313,734,324,reference
"86,",739,313,761,324,reference
3296,766,313,797,324,reference
(2001).,803,313,850,324,reference
[16],90,326,114,337,reference
D.,121,326,137,337,reference
N.,142,326,158,337,reference
"Neshev,",162,326,215,337,reference
T.,220,326,235,337,reference
J.,240,326,252,337,reference
"Alexander,",257,326,330,337,reference
E.,335,326,350,337,reference
A.,354,326,370,337,reference
"Ostrovskaya,",375,326,461,337,reference
Yu.,466,326,489,337,reference
S.,494,326,507,337,reference
"Kivshar,",511,326,569,337,reference
H.,573,326,589,337,reference
"Martin,",594,326,645,337,reference
I.,650,326,660,337,reference
"Makasyuk,",664,326,737,337,reference
and,742,326,767,337,reference
Z.,771,326,785,337,reference
"Chen,",790,326,829,337,reference
Phys.,834,326,871,337,reference
Rev.,876,326,907,337,reference
Lett.,911,326,944,337,reference
"92,",121,338,143,349,reference
123903,148,338,195,349,reference
(2004).,200,338,247,349,reference
[17],90,351,114,361,reference
J.,121,351,133,361,reference
W.,139,351,159,361,reference
"Fleischer,",164,351,228,361,reference
G.,234,351,250,361,reference
"Bartal,",256,351,303,361,reference
O.,309,351,325,361,reference
"Cohen,",330,351,378,361,reference
O.,383,351,400,361,reference
"Manela,",405,351,459,361,reference
M.,464,351,483,361,reference
"Segev,",488,351,531,361,reference
J.,537,351,549,361,reference
"Hudock,",554,351,610,361,reference
and,616,351,641,361,reference
D.,646,351,662,361,reference
N.,668,351,684,361,reference
"Christodoulides,",689,351,799,361,reference
Phys.,805,351,842,361,reference
Rev.,847,351,878,361,reference
Lett.,884,351,917,361,reference
"92,",922,351,944,361,reference
123904,121,363,168,374,reference
(2004).,173,363,220,374,reference
[18],90,376,114,386,reference
V.A.,121,376,153,386,reference
Brazhnyi,158,376,219,386,reference
and,224,376,249,386,reference
V.V.,254,376,286,386,reference
"Konotop,",291,376,354,386,reference
Mod.,359,376,394,386,reference
Phys.,400,376,437,386,reference
Lett.,442,376,475,386,reference
B,480,376,491,386,reference
"18,",496,376,518,386,reference
627,524,376,547,386,reference
(2004).,552,376,599,386,reference
[19],90,388,114,399,reference
P.,121,388,135,399,reference
G.,140,388,156,399,reference
"Kevrekidis,",161,388,237,399,reference
The,242,388,268,399,reference
Discrete,274,388,329,399,reference
Nonlinear,335,388,401,399,reference
Schro¨dinger,406,388,487,399,reference
"Equation,",492,388,557,399,reference
Springer-Verlag,562,388,667,399,reference
"(Heidelberg,",672,388,755,399,reference
2009).,760,388,801,399,reference
[20],90,401,114,411,reference
J.,121,401,133,411,reference
"Meier,",138,401,181,411,reference
J.,186,401,198,411,reference
"Hudock,",203,401,259,411,reference
D.,263,401,280,411,reference
"Christodoulides,",284,401,394,411,reference
G.,399,401,416,411,reference
"Stegeman,",420,401,490,411,reference
Y.,495,401,511,411,reference
"Silberberg,",516,401,589,411,reference
R.,594,401,610,411,reference
"Morandotti,",614,401,696,411,reference
and,701,401,725,411,reference
J.S.,730,401,755,411,reference
"Aithcison,",760,401,829,411,reference
Phys.,834,401,871,411,reference
Rev.,876,401,906,411,reference
Lett.,911,401,944,411,reference
"91,",121,413,143,424,reference
143907,148,413,195,424,reference
(2003).,200,413,247,424,reference
[21],90,425,114,436,reference
R.,121,425,137,436,reference
L.,142,425,156,436,reference
"Horne,",161,425,206,436,reference
P.,211,425,225,436,reference
G.,230,425,247,436,reference
"Kevrekidis,",252,425,328,436,reference
and,333,425,358,436,reference
N.,363,425,379,436,reference
"Whitaker,",384,425,452,436,reference
Phys.,457,425,494,436,reference
Rev.,499,425,530,436,reference
E,535,425,546,436,reference
"73,",551,425,573,436,reference
066601,578,425,625,436,reference
(2006).,630,425,677,436,reference
[22],90,438,114,448,reference
R.,121,438,137,448,reference
"Iwanow,",141,438,197,448,reference
R.,202,438,217,448,reference
"Schiek,",222,438,269,448,reference
G.,274,438,290,448,reference
I.,295,438,305,448,reference
"Stegeman,",309,438,379,448,reference
T.,384,438,399,448,reference
"Pertsch,",404,438,458,448,reference
F.,463,438,477,448,reference
"Lederer,",482,438,537,448,reference
Y.,542,438,558,448,reference
"Min,",563,438,594,448,reference
and,599,438,624,448,reference
W.,628,438,648,448,reference
"Sohler,",653,438,700,448,reference
Phys.,704,438,742,448,reference
Rev.,746,438,777,448,reference
Lett.,782,438,814,448,reference
"93,",819,438,841,448,reference
113902,846,438,892,448,reference
(2004).,897,438,944,448,reference
[23],90,450,114,461,reference
H.,121,450,137,461,reference
"Susanto,",142,450,199,461,reference
R.,205,450,220,461,reference
L.,225,450,239,461,reference
"Horne,",245,450,290,461,reference
N.,295,450,311,461,reference
"Whitaker,",316,450,384,461,reference
and,389,450,414,461,reference
P.,419,450,432,461,reference
G.,438,450,454,461,reference
Kevrekidis,459,450,531,461,reference
Phys.,536,450,573,461,reference
Rev.,578,450,609,461,reference
A,614,450,626,461,reference
"77,",631,450,653,461,reference
033805,658,450,705,461,reference
(2008).,710,450,757,461,reference
[24],90,463,114,473,reference
E.,121,463,136,473,reference
"Smirnov,",141,463,201,473,reference
C.E.,206,463,237,473,reference
"Ru¨ter,",242,463,285,473,reference
M.,290,463,309,473,reference
"Stepi´c,",314,463,360,473,reference
D.,365,463,381,473,reference
Kip,386,463,411,473,reference
and,416,463,441,473,reference
V.,446,463,462,473,reference
"Shandarov,",467,463,543,473,reference
Phys.,548,463,586,473,reference
Rev.,591,463,622,473,reference
E,627,463,637,473,reference
"74,",642,463,665,473,reference
065601,670,463,716,473,reference
(2006).,721,463,769,473,reference
[25],90,475,114,486,reference
E.,121,475,136,486,reference
P.,141,475,155,486,reference
"Fitrakis,",160,475,217,486,reference
P.,222,475,236,486,reference
G.,241,475,257,486,reference
"Kevrekidis,",262,475,338,486,reference
H.,343,475,359,486,reference
"Susanto,",364,475,422,486,reference
and,427,475,452,486,reference
D.,457,475,473,486,reference
J.,478,475,491,486,reference
Frantzeskakis,496,475,586,486,reference
Phys.,591,475,629,486,reference
Rev.,634,475,665,486,reference
E,670,475,680,486,reference
"75,",685,475,708,486,reference
066608,713,475,759,486,reference
(2007).,764,475,812,486,reference
[26],90,488,114,498,reference
M.,121,488,140,498,reference
"Conforti,",145,488,205,498,reference
C.,211,488,226,498,reference
De,231,488,250,498,reference
"Angelis,",255,488,309,498,reference
T.R.,314,488,345,498,reference
"Akylas,",350,488,401,498,reference
Phys.,406,488,443,498,reference
Rev.,449,488,479,498,reference
A,484,488,496,498,reference
"83,",501,488,523,498,reference
043822,529,488,575,498,reference
(2011).,580,488,627,498,reference
[27],90,500,114,511,reference
A.,121,500,137,511,reference
"Kanshu,",142,500,198,511,reference
C.E.,203,500,233,511,reference
"Ru¨ter,",238,500,282,511,reference
D.,287,500,303,511,reference
"Kip,",308,500,337,511,reference
J.,343,500,355,511,reference
Cuevas,360,500,408,511,reference
and,413,500,438,511,reference
P.G.,443,500,473,511,reference
"Kevrekidis,",478,500,554,511,reference
Europ.,559,500,605,511,reference
Phys.,610,500,648,511,reference
J.,653,500,665,511,reference
D,670,500,682,511,reference
"66,",687,500,709,511,reference
182,714,500,738,511,reference
(2012).,743,500,790,511,reference
[28],90,512,114,523,reference
Matteo,121,512,170,523,reference
"Conforti,",175,512,236,523,reference
Costantino,241,512,314,523,reference
De,320,512,338,523,reference
"Angelis,",344,512,397,523,reference
T.,403,512,418,523,reference
R.,423,512,439,523,reference
"Akylas,",444,512,495,523,reference
and,500,512,525,523,reference
Alejandro,530,512,596,523,reference
B.,602,512,617,523,reference
"Aceves,",622,512,673,523,reference
Modulational,678,512,768,523,reference
stability,773,512,829,523,reference
and,834,512,859,523,reference
gap,864,512,888,523,reference
solitons,893,512,944,523,reference
of,121,525,134,536,reference
gapless,139,525,186,536,reference
systems:,191,525,248,536,reference
Continuous,255,525,332,536,reference
versus,337,525,378,536,reference
discrete,383,525,435,536,reference
"limits,",440,525,483,536,reference
Phys.,488,525,525,536,reference
Rev.,530,525,561,536,reference
A,566,525,578,536,reference
"85,",583,525,605,536,reference
063836,610,525,657,536,reference
(2012),662,525,705,536,reference
[29],90,537,114,548,reference
R.S.,121,537,150,548,reference
MacKay,155,537,211,548,reference
and,216,537,241,548,reference
S.,246,537,259,548,reference
"Aubry,",265,537,311,548,reference
Nonlinearity,317,537,401,548,reference
"7,",407,537,420,548,reference
1623,425,537,456,548,reference
(1994).,461,537,508,548,reference
[30],90,550,114,560,reference
D.E.,121,550,152,560,reference
"Pelinovsky,",157,550,232,560,reference
P.G.,237,550,267,560,reference
"Kevrekidis,",272,550,348,560,reference
D.J.,353,550,381,560,reference
"Frantzeskakis,",386,550,481,560,reference
Stability,486,550,544,560,reference
of,549,550,561,560,reference
discrete,566,550,618,560,reference
solitons,623,550,674,560,reference
in,679,550,692,560,reference
nonlinear,697,550,760,560,reference
Schro¨dinger,765,550,844,560,reference
"lattices,",849,550,902,560,reference
Phys.,907,550,944,560,reference
"D,",121,562,137,573,reference
"212,",142,562,173,573,reference
"1,",179,562,191,573,reference
(2005),196,562,239,573,reference
[31],90,575,114,585,reference
G.L.,121,575,151,585,reference
"Alﬁmov,",157,575,214,585,reference
V.A.,220,575,252,585,reference
"Brazhnyi,",257,575,323,585,reference
and,328,575,353,585,reference
V.V.,359,575,391,585,reference
"Konotop,",396,575,459,585,reference
On,465,575,486,585,reference
classiﬁcation,491,575,577,585,reference
of,582,575,595,585,reference
intrinsic,600,575,655,585,reference
localized,661,575,719,585,reference
modes,724,575,767,585,reference
for,773,575,791,585,reference
the,797,575,818,585,reference
discrete,824,575,876,585,reference
nonlinear,881,575,944,585,reference
Schr¨odinger,121,587,201,598,reference
"equation,",206,587,268,598,reference
Physica,273,587,325,598,reference
D,331,587,342,598,reference
194,348,587,371,598,reference
(2004),376,587,419,598,reference
127-150.,424,587,480,598,reference
