token,x0,y0,x1,y1,label
AN,363,70,384,80,paragraph
OPEN,390,70,429,80,paragraph
QUANTUM,435,70,510,80,paragraph
KIRWAN,516,70,574,80,paragraph
MAP,580,70,613,80,paragraph
84,798,70,812,80,paragraph
There,183,98,229,111,paragraph
have,234,98,269,111,paragraph
been,274,98,310,111,paragraph
many,315,98,358,111,paragraph
mathematical,363,98,469,111,paragraph
works,474,98,518,111,paragraph
about,524,98,569,111,paragraph
Lagrangian,574,98,661,111,paragraph
Floer,666,98,707,111,paragraph
theory,712,98,762,111,paragraph
in,767,98,782,111,paragraph
the,787,98,812,111,paragraph
toric,163,114,199,128,paragraph
case,204,114,236,128,paragraph
preceding,240,114,314,128,paragraph
our,319,114,345,128,paragraph
"result,",349,114,398,128,paragraph
see,403,114,426,128,paragraph
for,430,114,452,128,paragraph
example,456,114,520,128,paragraph
"[CO06],",525,114,584,128,paragraph
"[CP14],",589,114,647,128,paragraph
"[FOOO10,",651,114,732,128,paragraph
"FOOO11,",736,114,812,128,paragraph
"FOOO16],",163,130,244,144,paragraph
"[Woo11],",250,130,318,144,paragraph
"[CL14],",323,130,380,144,paragraph
"[GI17],",386,130,439,144,paragraph
[CLLT17].,445,130,524,144,paragraph
Our,532,130,563,144,paragraph
result,568,130,612,144,paragraph
gives,618,130,656,144,paragraph
a,661,130,670,144,paragraph
conceptual,676,130,759,144,paragraph
expla-,765,130,812,144,paragraph
nation,163,147,213,160,paragraph
of,219,147,233,160,paragraph
the,239,147,264,160,paragraph
work,270,147,308,160,paragraph
of,314,147,328,160,paragraph
Chan–Lau–Leung–Tseng,334,147,527,160,paragraph
[CLLT17].,533,147,612,160,paragraph
This,183,163,218,177,paragraph
section,225,163,278,177,paragraph
is,285,163,297,177,paragraph
organized,304,163,378,177,paragraph
as,385,163,401,177,paragraph
follows.,408,163,465,177,paragraph
In,476,163,492,177,paragraph
Subsection,499,163,582,177,paragraph
we,595,163,616,177,paragraph
recall,623,163,664,177,paragraph
the,671,163,696,177,paragraph
basics,703,163,748,177,paragraph
of,755,163,769,177,paragraph
toric,776,163,812,177,paragraph
manifolds,163,179,238,193,paragraph
as,244,179,260,193,paragraph
symplectic,265,179,347,193,paragraph
reductions,352,179,433,193,paragraph
of,438,179,452,193,paragraph
the,458,179,483,193,paragraph
Euclidean,488,179,564,193,paragraph
"space,",570,179,617,193,paragraph
and,622,179,651,193,paragraph
the,656,179,681,193,paragraph
Lagrangian,686,179,774,193,paragraph
sub-,779,179,812,193,paragraph
manifolds,163,196,238,210,paragraph
we,247,196,268,210,paragraph
are,276,196,300,210,paragraph
interested,309,196,385,210,paragraph
in.,394,196,414,210,paragraph
In,430,196,447,210,paragraph
Subsection,456,196,539,210,paragraph
we,557,196,577,210,paragraph
prove,586,196,628,210,paragraph
the,637,196,662,210,paragraph
ﬁrst,671,196,701,210,paragraph
two,710,196,738,210,paragraph
items,747,196,789,210,paragraph
of,798,196,812,210,paragraph
Theorem,163,212,233,226,paragraph
1.9.,239,212,267,226,paragraph
In,275,212,291,226,paragraph
Subsection,297,212,380,226,paragraph
–Subsection,386,212,478,226,paragraph
we,490,212,511,226,paragraph
calculate,517,212,585,226,paragraph
the,591,212,616,226,paragraph
potential,622,212,691,226,paragraph
function,697,212,761,226,paragraph
of,767,212,781,226,paragraph
the,787,212,812,226,paragraph
quasimap,163,228,237,242,paragraph
A8,243,225,269,244,paragraph
algebra.,276,228,337,242,paragraph
Let,183,261,209,275,paragraph
us,216,261,233,275,paragraph
ﬁrst,239,261,270,275,paragraph
recall,277,261,318,275,paragraph
the,325,261,350,275,paragraph
basics,356,261,402,275,paragraph
about,409,261,454,275,paragraph
compact,461,261,526,275,paragraph
toric,533,261,568,275,paragraph
manifolds.,575,261,655,275,paragraph
We,665,261,690,275,paragraph
introduce,696,261,770,275,paragraph
toric,776,261,812,275,paragraph
manifolds,163,277,238,291,paragraph
using,245,277,285,291,paragraph
Batyrev’s,291,277,365,291,paragraph
approach,371,277,442,291,paragraph
[Bat93],448,277,504,291,paragraph
but,511,277,537,291,paragraph
change,543,277,596,291,paragraph
a,603,277,612,291,paragraph
few,618,277,644,291,paragraph
notations.,650,277,727,291,paragraph
Let,736,277,762,291,paragraph
M,768,277,785,291,paragraph
be,794,277,812,291,paragraph
Z,252,286,264,305,paragraph
_,337,283,348,302,paragraph
“,357,282,371,308,paragraph
p,425,282,432,308,paragraph
Zq,458,282,477,308,paragraph
“,719,282,733,308,paragraph
b,766,282,779,308,paragraph
R,794,286,807,305,paragraph
the,163,294,188,308,paragraph
lattice,196,294,245,308,paragraph
n,264,292,273,302,paragraph
and,281,294,310,308,paragraph
M,318,294,335,308,paragraph
HomZ,379,294,425,308,paragraph
"M,",432,294,456,308,paragraph
its,485,294,504,308,paragraph
dual,512,294,546,308,paragraph
lattice.,553,294,607,308,paragraph
Denote,620,294,676,308,paragraph
MR,683,294,710,308,paragraph
M,741,294,758,308,paragraph
Z,779,294,788,307,paragraph
",",807,294,812,308,paragraph
_,183,300,193,319,paragraph
“,200,299,214,325,paragraph
_,240,300,250,319,paragraph
b,256,299,269,325,paragraph
R,283,303,296,321,paragraph
ě(cid:32),360,299,377,352,paragraph
Ă,555,299,569,325,paragraph
(,633,300,643,352,paragraph
MR,163,310,190,325,paragraph
M,220,310,238,324,paragraph
Z,269,310,278,323,paragraph
.,296,310,301,324,paragraph
Let,311,310,337,324,paragraph
k,344,310,353,324,paragraph
1.,380,310,393,324,paragraph
A,403,310,417,324,paragraph
convex,423,310,476,324,paragraph
subset,482,310,531,324,paragraph
σ,538,310,548,324,paragraph
MR,575,310,601,324,paragraph
isP,609,310,624,341,paragraph
a,627,310,636,324,paragraph
regular,643,310,696,324,paragraph
k-dimensional,703,310,812,324,paragraph
cone,163,327,198,340,paragraph
if,204,327,214,340,paragraph
there,220,327,260,340,paragraph
are,266,327,290,340,paragraph
k,296,327,305,340,paragraph
linearly,312,327,369,340,paragraph
independent,375,327,471,340,paragraph
vectors,476,327,531,340,paragraph
v,537,327,546,340,paragraph
",",553,327,558,340,paragraph
.,561,327,566,340,paragraph
.,569,327,574,340,paragraph
.,577,327,582,340,paragraph
",",585,327,590,340,paragraph
v,593,327,602,340,paragraph
M,629,327,647,340,paragraph
such,654,327,689,340,paragraph
that,695,327,727,340,paragraph
1,546,332,553,342,paragraph
k,602,332,609,342,paragraph
“,348,341,362,367,paragraph
`,414,341,428,367,paragraph
¨,432,341,437,367,paragraph
¨,440,341,445,367,paragraph
¨,448,341,453,367,paragraph
`,457,341,471,367,paragraph
|,515,341,520,367,paragraph
ě,606,341,619,367,paragraph
σ,333,352,343,366,paragraph
a,377,352,386,366,paragraph
v,394,352,402,366,paragraph
a,474,352,484,366,paragraph
v,492,352,501,366,paragraph
a,526,352,536,366,paragraph
",",543,352,548,366,paragraph
.,551,352,556,366,paragraph
.,559,352,564,366,paragraph
.,567,352,572,366,paragraph
",",575,352,580,366,paragraph
a,583,352,592,366,paragraph
0,624,352,633,366,paragraph
1,386,357,393,367,paragraph
1,402,357,409,367,paragraph
k,484,357,491,367,paragraph
k,501,357,508,367,paragraph
1,536,357,542,367,paragraph
k,592,357,600,367,paragraph
Z,456,371,468,389,paragraph
1,713,368,716,387,paragraph
and,163,378,192,392,paragraph
v,200,378,208,392,paragraph
",",216,378,221,392,paragraph
.,224,378,229,392,paragraph
.,232,378,237,392,paragraph
.,240,378,245,392,paragraph
",",248,378,253,392,paragraph
v,256,378,264,392,paragraph
can,280,378,307,392,paragraph
be,314,378,332,392,paragraph
extended,340,378,409,392,paragraph
to,417,378,433,392,paragraph
a,440,378,449,392,paragraph
-basis,468,378,512,392,paragraph
of,519,378,534,392,paragraph
M.,541,378,565,392,paragraph
A,577,378,591,392,paragraph
regular,598,378,652,392,paragraph
cone,660,378,694,392,paragraph
σ,702,378,712,392,paragraph
is,725,378,737,392,paragraph
a,744,378,753,392,paragraph
face,760,378,790,392,paragraph
of,798,378,812,392,paragraph
1,208,383,215,393,paragraph
k,264,383,271,393,paragraph
1,455,384,459,403,paragraph
1,719,384,723,403,paragraph
another,163,395,223,408,paragraph
regular,229,395,284,408,paragraph
cone,290,395,324,408,paragraph
"σ,",330,395,346,408,paragraph
denoted,352,395,414,408,paragraph
by,420,395,439,408,paragraph
σ,445,395,455,408,paragraph
ă,465,391,479,409,paragraph
"σ,",484,395,500,408,paragraph
if,506,395,516,408,paragraph
the,523,395,547,408,paragraph
set,553,395,575,408,paragraph
of,581,395,596,408,paragraph
generators,602,395,682,408,paragraph
of,688,395,703,408,paragraph
σ,709,395,719,408,paragraph
is,730,395,742,408,paragraph
a,748,395,757,408,paragraph
subset,763,395,812,408,paragraph
“,682,399,696,425,paragraph
t,701,399,709,425,paragraph
u,784,399,792,425,paragraph
of,163,411,178,425,paragraph
that,184,411,216,425,paragraph
of,222,411,237,425,paragraph
σ.,243,411,259,425,paragraph
A,267,411,280,425,paragraph
complete,286,411,353,425,paragraph
n-dimensional,359,411,469,425,paragraph
fan,476,411,500,425,paragraph
is,506,411,518,425,paragraph
a,524,411,533,425,paragraph
ﬁnite,539,411,579,425,paragraph
collection,585,411,658,425,paragraph
Σ,664,411,677,425,paragraph
σ,709,411,719,425,paragraph
",",727,411,732,425,paragraph
.,735,411,740,425,paragraph
.,742,411,747,425,paragraph
.,750,411,755,425,paragraph
",",758,411,763,425,paragraph
σ,766,411,776,425,paragraph
of,798,411,812,425,paragraph
1,719,416,726,426,paragraph
s,776,416,783,426,paragraph
regular,163,427,218,441,paragraph
cones,224,427,266,441,paragraph
in,272,427,286,441,paragraph
MR,292,427,319,441,paragraph
satisfying,326,427,399,441,paragraph
the,405,427,430,441,paragraph
following,436,427,505,441,paragraph
conditions.,511,427,596,441,paragraph
P,253,437,263,463,list
1,332,438,336,457,list
1,434,438,437,457,list
P,443,437,453,463,list
(a),189,448,212,462,list
If,220,448,232,462,list
σ,238,448,248,462,list
Σ,268,448,281,462,list
and,287,448,315,462,list
σ,321,448,331,462,list
ă,342,445,356,463,list
"σ,",360,448,376,462,list
then,382,448,417,462,list
σ,423,448,433,462,list
Σ.,458,448,475,462,list
1,266,454,270,473,list
P,276,453,285,479,list
X,369,453,383,479,list
1,398,454,402,473,list
X,463,453,477,479,list
1,491,454,495,473,list
1,531,454,534,473,list
(b),188,465,212,478,list
If,220,465,232,478,list
"σ,",238,465,252,478,list
σ,255,465,266,478,list
"Σ,",290,465,308,478,list
then,314,465,349,478,list
σ,355,465,365,478,list
σ,387,465,397,478,list
ă,408,461,421,479,list
"σ,",426,465,442,478,list
σ,448,465,458,478,list
σ,481,465,491,478,list
ă,501,461,515,479,list
σ,520,465,530,478,list
.,535,465,540,478,list
“,252,470,266,495,list
Y,293,470,307,495,list
¨,311,470,316,495,list
¨,319,470,324,495,list
¨,327,470,332,495,list
Y,336,470,349,495,list
(c),190,481,212,495,list
MR,220,481,247,495,list
σ,271,481,281,495,list
σ,353,481,364,495,list
.,371,481,376,495,list
1,281,486,288,496,list
s,364,486,370,496,list
p,550,491,557,516,paragraph
q,570,491,577,516,paragraph
“,585,491,599,516,paragraph
t,608,491,616,516,paragraph
u,694,491,702,516,paragraph
Ă,710,491,724,516,paragraph
Given,183,502,229,516,paragraph
a,237,502,246,516,paragraph
complete,254,502,323,516,paragraph
n-dimensional,332,502,440,516,paragraph
fan,449,502,473,516,paragraph
"Σ,",481,502,499,516,paragraph
let,508,502,528,516,paragraph
G,536,502,550,516,paragraph
Σ,557,502,570,516,paragraph
v,616,502,625,516,paragraph
",",632,502,637,516,paragraph
.,640,502,645,516,paragraph
.,648,502,653,516,paragraph
.,656,502,661,516,paragraph
",",664,502,669,516,paragraph
v,672,502,681,516,paragraph
M,733,502,750,516,paragraph
be,761,502,779,516,paragraph
the,787,502,812,516,paragraph
“,541,507,554,533,paragraph
t,561,507,569,533,paragraph
1,625,507,632,517,paragraph
u,651,507,658,533,paragraph
ĂN,665,507,692,533,paragraph
p,699,507,706,533,paragraph
q,719,507,726,533,paragraph
set,163,518,185,532,paragraph
of,192,518,207,532,paragraph
generators,213,518,294,532,paragraph
of,301,518,315,532,paragraph
1-dimensional,322,518,429,532,paragraph
fans,436,518,467,532,paragraph
in,474,518,489,532,paragraph
Σ.,495,518,513,532,paragraph
γ,524,518,533,532,paragraph
v,569,518,577,532,paragraph
",",590,518,595,532,paragraph
.,598,518,603,532,paragraph
.,606,518,610,532,paragraph
.,613,518,618,532,paragraph
",",621,518,626,532,paragraph
v,629,518,638,532,paragraph
G,685,518,699,532,paragraph
Σ,706,518,719,532,paragraph
is,733,518,745,532,paragraph
called,752,518,796,532,paragraph
a,803,518,812,532,paragraph
t,333,523,341,549,paragraph
u,423,523,431,549,paragraph
i1,577,523,588,534,paragraph
ip,638,523,649,534,paragraph
primitive,163,535,233,548,paragraph
collection,239,535,312,548,paragraph
if,317,535,328,548,paragraph
v,341,535,350,548,paragraph
",",362,535,367,548,paragraph
.,370,535,375,548,paragraph
.,378,535,383,548,paragraph
.,386,535,391,548,paragraph
",",394,535,399,548,paragraph
v,402,535,411,548,paragraph
does,437,535,471,548,paragraph
not,477,535,502,548,paragraph
generate,508,535,573,548,paragraph
a,579,535,588,548,paragraph
p-dimensional,593,535,700,548,paragraph
cone,706,535,741,548,paragraph
in,746,535,761,548,paragraph
Σ,767,535,780,548,paragraph
but,785,535,812,548,paragraph
i1,350,540,361,551,paragraph
ip,411,540,422,551,paragraph
any,163,551,191,565,paragraph
proper,197,551,248,565,paragraph
subset,254,551,303,565,paragraph
of,309,551,323,565,paragraph
γ,329,551,338,565,paragraph
generate,345,551,411,565,paragraph
a,417,551,426,565,paragraph
cone,432,551,466,565,paragraph
in,472,551,487,565,paragraph
Σ.,493,551,511,565,paragraph
Then,519,551,559,565,paragraph
consider,565,551,629,565,paragraph
the,635,551,659,565,paragraph
exact,665,551,706,565,paragraph
sequence,712,551,780,565,paragraph
ÞÑ,516,567,530,586,paragraph
0,342,582,350,595,paragraph
(cid:47)(cid:47),395,576,395,589,paragraph
K,400,574,414,593,paragraph
(cid:47)(cid:47),469,576,469,589,paragraph
ZN,474,574,497,593,paragraph
ei,505,576,515,587,paragraph
vi,530,576,541,587,paragraph
(cid:47)(cid:47),544,576,544,589,paragraph
Zn,549,574,569,593,paragraph
(cid:47)(cid:47),615,576,615,589,paragraph
0,620,582,629,595,paragraph
",",634,582,639,595,paragraph
Σ,414,587,424,597,paragraph
`,212,600,223,619,paragraph
“,229,599,243,625,paragraph
p,248,599,255,625,paragraph
q,274,599,281,625,paragraph
`,571,600,581,619,paragraph
“,587,599,601,625,paragraph
pC˚q,606,599,642,625,paragraph
Let,163,610,189,624,paragraph
K,196,610,211,624,paragraph
S1,255,608,273,624,paragraph
N,281,608,292,618,paragraph
be,300,610,319,624,paragraph
the,325,610,350,624,paragraph
N-dimensional,356,610,470,624,paragraph
torus,476,610,516,624,paragraph
and,522,610,551,624,paragraph
G,557,610,571,624,paragraph
N,642,608,653,618,paragraph
be,661,610,679,624,paragraph
its,685,610,704,624,paragraph
complexiﬁca-,710,610,812,624,paragraph
K,253,620,267,638,paragraph
»,282,616,296,641,paragraph
Z,301,620,313,638,paragraph
ď´,320,616,340,669,paragraph
ď,392,617,411,669,paragraph
(cid:32),414,619,424,671,paragraph
“,543,616,557,641,paragraph
Ă,592,616,606,641,paragraph
`,625,616,635,636,paragraph
(,695,619,704,671,paragraph
C,757,620,770,638,paragraph
tion.,163,627,199,641,paragraph
Then,207,627,247,641,paragraph
N,313,625,324,635,paragraph
n,336,625,345,635,paragraph
generates,351,627,423,641,paragraph
a,428,627,437,641,paragraph
subgroup,443,627,514,641,paragraph
G,519,627,533,641,paragraph
:,538,627,543,641,paragraph
G,562,627,576,641,paragraph
G,611,627,625,641,paragraph
",",636,627,641,641,paragraph
which,647,627,692,641,paragraph
acts,697,627,728,641,paragraph
on,733,627,752,641,paragraph
N,770,625,781,635,paragraph
via,789,627,812,641,paragraph
Σ,267,632,277,642,paragraph
P,323,632,332,658,paragraph
pZ,337,632,356,658,paragraph
´,369,633,379,652,paragraph
q_,389,632,406,658,paragraph
Σ,576,632,586,642,paragraph
weights,163,643,221,657,paragraph
w,227,643,242,657,paragraph
",",250,643,255,657,paragraph
.,258,643,263,657,paragraph
.,266,643,271,657,paragraph
.,274,643,279,657,paragraph
",",282,643,287,657,paragraph
w,290,643,304,657,paragraph
N,356,641,367,651,paragraph
n,379,641,388,651,paragraph
.,407,643,412,657,paragraph
The,420,643,451,657,paragraph
unstable,457,643,522,657,paragraph
locus,528,643,567,657,paragraph
of,573,643,587,657,paragraph
this,593,643,622,657,paragraph
action,628,643,676,657,paragraph
is,682,643,694,657,paragraph
1,242,648,249,658,paragraph
N,305,648,316,658,paragraph
“,301,660,315,686,paragraph
“,373,660,387,686,paragraph
p,424,660,431,686,paragraph
q,512,660,519,686,paragraph
P,523,660,533,686,paragraph
|,570,660,575,686,paragraph
“,601,660,615,686,paragraph
@,635,660,645,686,paragraph
P,670,660,680,686,paragraph
C,538,664,551,682,paragraph
Xus,266,668,296,685,paragraph
Xγ,343,668,366,685,paragraph
x,431,671,441,685,paragraph
",",449,671,454,685,paragraph
.,457,671,461,685,paragraph
.,464,671,469,685,paragraph
.,472,671,477,685,paragraph
",",480,671,485,685,paragraph
x,488,671,498,685,paragraph
N,551,668,562,678,paragraph
x,581,671,591,685,paragraph
0,620,671,629,685,paragraph
v,651,671,660,685,paragraph
γ,685,671,694,685,paragraph
.,704,671,709,685,paragraph
(9.1),775,671,812,685,paragraph
1,441,676,448,686,paragraph
N,498,676,509,686,paragraph
i,591,676,596,686,paragraph
i,660,676,664,686,paragraph
γ,326,689,333,699,paragraph
γ,398,689,405,699,paragraph
“,223,701,237,726,paragraph
“,516,701,530,726,paragraph
C,247,705,260,723,paragraph
(cid:114),561,705,575,723,paragraph
Let,163,712,189,726,paragraph
X,198,712,213,726,paragraph
N.,260,710,278,726,paragraph
Then,293,712,334,726,paragraph
the,343,712,367,726,paragraph
G-action,376,712,443,726,paragraph
on,452,712,471,726,paragraph
Xst,479,710,506,726,paragraph
X,540,712,554,726,paragraph
Xus,581,710,610,726,paragraph
is,620,712,632,726,paragraph
free,640,712,668,726,paragraph
and,677,712,706,726,paragraph
the,714,712,739,726,paragraph
quotient,748,712,812,726,paragraph
X¯,163,725,178,742,paragraph
:“,185,717,203,743,paragraph
Xst{G,208,717,258,743,paragraph
is,263,728,275,742,paragraph
a,280,728,289,742,paragraph
compact,294,728,359,742,paragraph
to´ric,364,723,400,774,paragraph
"manifold,",405,728,478,742,paragraph
w¯ith,483,723,518,774,paragraph
a´residual,523,723,597,774,paragraph
pC˚qn-action.,602,717,705,743,paragraph
O¯n,713,723,736,774,paragraph
the,741,728,766,742,paragraph
other,771,728,812,742,paragraph
`,411,734,421,753,paragraph
"hand,",163,745,207,758,paragraph
a,213,745,222,758,paragraph
moment,228,745,291,758,paragraph
map,297,745,330,758,paragraph
for,336,745,358,758,paragraph
the,364,745,388,758,paragraph
K,394,745,409,758,paragraph
-action,422,745,476,758,paragraph
is,482,745,494,758,paragraph
˚|,565,758,579,784,paragraph
|,597,758,602,784,paragraph
˚|,672,758,686,784,paragraph
|,709,758,714,784,paragraph
`p,246,767,265,793,paragraph
q,346,767,353,793,paragraph
“,358,767,372,793,paragraph
`,398,767,409,787,paragraph
`,467,767,478,787,paragraph
“,506,767,520,793,paragraph
´,540,767,554,793,paragraph
i,559,769,565,783,paragraph
x,579,769,589,783,paragraph
2,602,767,609,777,paragraph
´i,651,767,672,793,paragraph
x,686,769,696,783,paragraph
2,714,767,721,777,paragraph
1,589,774,596,784,paragraph
N,696,774,707,785,paragraph
µ,236,779,246,792,paragraph
x,265,779,275,792,paragraph
",",283,779,288,792,paragraph
.,291,779,296,792,paragraph
.,299,779,304,792,paragraph
.,307,779,312,792,paragraph
",",315,779,319,792,paragraph
x,322,779,333,792,paragraph
µ,387,779,398,792,paragraph
",",416,779,421,792,paragraph
.,424,779,429,792,paragraph
.,432,779,437,792,paragraph
.,440,779,445,792,paragraph
",",448,779,453,792,paragraph
µ,456,779,467,792,paragraph
",",611,779,616,792,paragraph
.,619,779,624,792,paragraph
.,627,779,632,792,paragraph
.,635,779,640,792,paragraph
",",643,779,648,792,paragraph
.,735,779,740,792,paragraph
0,246,786,253,796,paragraph
1,275,784,282,794,paragraph
N,333,784,344,794,paragraph
"0,1",398,786,416,796,paragraph
"0,N",467,786,488,796,paragraph
2,580,788,589,802,paragraph
2,690,788,699,802,paragraph
˚,283,800,291,819,paragraph
R,685,803,698,821,paragraph
»,705,799,719,825,paragraph
Here,163,810,200,824,paragraph
we,207,810,227,824,paragraph
view,235,810,270,824,paragraph
i,277,810,283,824,paragraph
as,299,810,315,824,paragraph
the,322,810,347,824,paragraph
generator,354,810,428,824,paragraph
of,435,810,449,824,paragraph
the,457,810,482,824,paragraph
dual,489,810,523,824,paragraph
of,530,810,544,824,paragraph
the,552,810,576,824,paragraph
Lie,584,810,608,824,paragraph
algebra,615,810,672,824,paragraph
i,679,810,685,824,paragraph
LieS1,726,808,769,824,paragraph
with,777,810,812,824,paragraph
x,163,815,171,841,paragraph
˚,177,816,184,835,paragraph
y,199,815,206,841,paragraph
“,211,815,225,841,paragraph
Ñ,406,815,424,841,paragraph
`,436,816,447,835,paragraph
`,468,815,479,834,paragraph
ÿ,496,819,516,870,paragraph
i,171,826,177,840,paragraph
",",185,826,190,840,paragraph
i,193,826,199,840,paragraph
1.,230,826,244,840,paragraph
Then,251,826,292,840,paragraph
via,297,826,320,840,paragraph
the,325,826,349,840,paragraph
map,354,826,388,840,paragraph
k,392,826,399,840,paragraph
ã,404,823,409,841,paragraph
k,429,826,436,840,paragraph
",",447,826,452,840,paragraph
µ,457,826,468,840,paragraph
restricts,484,826,547,840,paragraph
to,551,826,567,840,paragraph
a,572,826,581,840,paragraph
moment,585,826,648,840,paragraph
map,653,826,687,840,paragraph
of,691,826,705,840,paragraph
the,710,826,735,840,paragraph
"G-action,",739,826,812,840,paragraph
0,468,833,475,843,paragraph
which,163,843,209,857,paragraph
is,214,843,226,857,paragraph
p,377,861,383,887,paragraph
q,464,861,471,887,paragraph
“,476,861,490,887,paragraph
N,500,859,511,869,paragraph
|,520,861,525,887,paragraph
|,541,861,546,887,paragraph
P,580,861,589,887,paragraph
_,601,861,612,880,paragraph
µ,358,872,369,886,paragraph
x,383,872,394,886,paragraph
",",401,872,406,886,paragraph
.,409,872,414,886,paragraph
.,417,872,422,886,paragraph
.,425,872,430,886,paragraph
",",433,872,438,886,paragraph
x,441,872,451,886,paragraph
x,525,872,536,886,paragraph
2w,546,870,569,886,paragraph
k,594,872,601,886,paragraph
.,612,872,617,886,paragraph
0,369,877,376,888,paragraph
1,394,877,401,888,paragraph
N,451,878,462,888,paragraph
i,536,877,540,888,paragraph
i,569,877,574,888,paragraph
“,500,883,510,902,paragraph
i,495,891,500,901,paragraph
1,510,891,517,901,paragraph
##LTLine##,356,589,395,589,paragraph
##LTLine##,430,589,469,589,paragraph
##LTLine##,505,589,544,589,paragraph
##LTLine##,576,589,615,589,paragraph
##LTLine##,559,786,609,786,paragraph
##LTLine##,667,786,722,786,paragraph
