token,x0,y0,x1,y1,label
12,927,33,944,45,paragraph
In,107,64,122,76,paragraph
the,128,64,151,76,paragraph
ﬁgure,157,64,198,76,paragraph
"20,",204,64,225,76,paragraph
we,231,64,250,76,paragraph
have,255,64,288,76,paragraph
separately,294,64,368,76,paragraph
displayed,374,64,441,76,paragraph
the,447,64,470,76,paragraph
dis-,476,64,502,76,paragraph
tribution,90,78,155,90,paragraph
of,162,78,176,90,paragraph
the,183,78,206,90,paragraph
aromatic,213,78,277,90,paragraph
(a),284,78,305,90,paragraph
and,312,78,339,90,paragraph
the,346,78,369,90,paragraph
non-aromatic,376,78,473,90,paragraph
(b),480,78,502,90,paragraph
amino,90,92,135,104,paragraph
acids;,140,92,181,104,paragraph
we,186,92,205,104,paragraph
ﬁnd,210,92,238,104,paragraph
that,242,92,273,104,paragraph
starting,278,92,335,104,paragraph
at,340,92,354,104,paragraph
level-δ,359,92,405,104,paragraph
this,410,92,437,104,paragraph
is,442,92,453,104,paragraph
a,458,92,467,104,paragraph
con-,471,92,502,104,paragraph
venient,90,106,143,118,paragraph
bisection.,149,106,218,118,paragraph
A,227,106,239,118,paragraph
clear,245,106,280,118,paragraph
trimodal,286,106,349,118,paragraph
rotamer,355,106,413,118,paragraph
structure,419,106,485,118,paragraph
is,491,106,502,118,paragraph
present,90,121,143,132,paragraph
in,150,121,164,132,paragraph
ﬁgure,171,121,212,132,paragraph
20,219,121,236,132,paragraph
b).,243,121,264,132,paragraph
Some,276,121,315,132,paragraph
outliers,322,121,376,132,paragraph
have,384,121,417,132,paragraph
been,424,121,458,132,paragraph
high-,465,121,502,132,paragraph
lighted,90,135,140,147,paragraph
with,146,135,178,147,paragraph
"circles,",184,135,234,147,paragraph
as,240,135,255,147,paragraph
generic,260,135,312,147,paragraph
examples.,317,135,389,147,paragraph
In,397,135,412,147,paragraph
ﬁgure,418,135,459,147,paragraph
21,465,135,481,147,paragraph
a),487,135,502,147,paragraph
we,90,149,109,161,paragraph
have,116,149,149,161,paragraph
the,156,149,179,161,paragraph
proline,186,149,236,161,paragraph
contribution,243,149,333,161,paragraph
to,339,149,354,161,paragraph
ﬁgure,361,149,402,161,paragraph
20,409,149,425,161,paragraph
b),432,149,448,161,paragraph
and,455,149,481,161,paragraph
in,488,149,502,161,paragraph
FIG.,532,285,564,296,paragraph
22:,571,285,591,296,paragraph
(Color,609,285,652,296,caption
online),659,285,705,296,caption
Four,711,285,743,296,caption
ﬁgures,749,285,793,296,caption
that,799,285,828,296,caption
show,834,285,867,296,caption
the,874,285,895,296,caption
level-δ,901,285,944,296,caption
Frenet,532,297,576,308,caption
frame,580,297,618,308,caption
distributions,623,297,708,308,caption
corresponding,712,297,807,308,caption
to,811,297,825,308,caption
the,829,297,851,308,caption
level-γ,855,297,898,308,caption
distri-,904,297,944,308,caption
butions,532,310,582,320,caption
in,587,310,600,320,caption
ﬁgures,606,310,650,320,caption
14.,655,310,675,320,caption
The,682,310,708,320,caption
labeling,714,310,766,320,caption
is,772,310,782,320,caption
as,787,310,801,320,caption
follows:,806,310,856,320,caption
α,863,310,873,320,caption
-,878,310,884,320,caption
g-,889,310,902,320,caption
stand,907,310,944,320,caption
for,532,322,551,333,caption
α-helical,557,322,615,333,caption
backbone,622,322,685,333,caption
secondary,692,322,758,333,caption
structure,765,322,826,333,caption
in,833,322,845,333,caption
g-,852,322,865,333,caption
rotamer,871,322,925,333,caption
in,931,322,944,333,caption
ﬁgures,532,335,576,345,caption
"14,",581,335,601,345,caption
α,605,335,615,345,caption
-,620,335,625,345,caption
t,629,335,635,345,caption
stand,639,335,676,345,caption
for,681,335,699,345,caption
α-helical,704,335,762,345,caption
backbone,766,335,830,345,caption
secondary,834,335,901,345,caption
struc-,905,335,944,345,caption
ture,532,347,560,358,caption
in,566,347,579,358,caption
t,586,347,591,358,caption
rotamer,598,347,651,358,caption
in,658,347,671,358,caption
ﬁgures,677,347,721,358,caption
"14,",728,347,748,358,caption
β,755,347,763,358,caption
-,771,347,776,358,caption
g-,783,347,796,358,caption
stand,802,347,839,358,caption
for,846,347,864,358,caption
β-stranded,871,347,944,358,caption
FIG.,90,352,122,363,paragraph
21:,128,352,148,363,paragraph
(Color,165,352,208,363,paragraph
online),214,352,261,363,paragraph
a),267,352,281,363,paragraph
The,287,352,313,363,paragraph
proline,319,352,366,363,paragraph
contribution,372,352,455,363,paragraph
to,461,352,475,363,paragraph
the,481,352,502,363,paragraph
backbone,532,360,596,370,caption
secondary,600,360,667,370,caption
structure,672,360,733,370,caption
in,738,360,751,370,caption
g-,756,360,769,370,caption
rotamer,774,360,827,370,caption
in,832,360,845,370,caption
ﬁgures,850,360,894,370,caption
14,899,360,914,370,caption
and,919,360,944,370,caption
non-aromatic,90,365,180,375,paragraph
level-δ,186,365,228,375,paragraph
atoms,234,365,274,375,paragraph
in,280,365,293,375,paragraph
Figure,299,365,343,375,paragraph
20,348,365,364,375,paragraph
b).,369,365,388,375,paragraph
Three,397,365,437,375,paragraph
apparent,442,365,502,375,paragraph
β,532,372,541,383,caption
-,547,372,552,383,caption
t,558,372,563,383,caption
stand,568,372,606,383,caption
for,611,372,629,383,caption
β-stranded,635,372,708,383,caption
backbone,713,372,776,383,caption
secondary,782,372,849,383,caption
structure,854,372,915,383,caption
in,920,372,933,383,caption
t,939,372,944,383,caption
outliers,90,377,140,388,paragraph
have,147,377,178,388,paragraph
been,185,377,216,388,paragraph
encircled.,223,377,287,388,paragraph
b),299,377,313,388,paragraph
The,320,377,347,388,paragraph
level-δ,354,377,396,388,paragraph
distribution,403,377,483,388,paragraph
of,490,377,502,388,paragraph
rotamer,532,384,586,395,caption
in,591,384,604,395,caption
ﬁgures,609,384,653,395,caption
14.,658,384,678,395,caption
O,90,390,102,400,paragraph
atoms.,108,390,153,400,paragraph
The,162,390,188,400,paragraph
(black),194,390,242,400,paragraph
circle,247,390,283,400,paragraph
denotes,289,390,339,400,paragraph
the,345,390,367,400,paragraph
average,373,390,423,400,paragraph
distance,429,390,484,400,paragraph
of,490,390,502,400,paragraph
the,90,402,112,413,paragraph
distribution,119,402,198,413,paragraph
from,206,402,237,413,paragraph
the,245,402,266,413,paragraph
center.,273,402,319,413,paragraph
Some,332,402,368,413,paragraph
outliers,375,402,426,413,paragraph
have,433,402,463,413,paragraph
been,471,402,502,413,paragraph
highlighters,90,414,169,425,paragraph
with,174,414,204,425,paragraph
red,210,414,231,425,paragraph
circles.,236,414,282,425,paragraph
frame,532,424,574,436,paragraph
as,579,424,594,436,paragraph
follows:,600,424,654,436,paragraph
−,756,436,769,456,paragraph
ﬁgure,90,446,131,457,paragraph
21,137,446,154,457,paragraph
b),160,446,176,457,paragraph
we,182,446,201,457,paragraph
show,207,446,243,457,paragraph
the,249,446,272,457,paragraph
distribution,278,446,364,457,paragraph
of,370,446,383,457,paragraph
the,389,446,412,457,paragraph
O,418,446,431,457,paragraph
atoms,437,446,481,457,paragraph
at,487,446,502,457,paragraph
t,677,452,685,464,paragraph
=,703,452,716,464,paragraph
|,729,452,733,472,paragraph
rγ,736,444,751,457,paragraph
−,756,452,769,472,paragraph
rβ,773,444,789,457,paragraph
|,793,452,797,472,paragraph
level-δ.,90,460,141,472,paragraph
The,154,460,183,472,paragraph
latitude,190,460,247,472,paragraph
angles,254,460,299,472,paragraph
in,306,460,320,472,paragraph
O,327,460,340,472,paragraph
are,347,460,370,472,paragraph
highly,377,460,422,472,paragraph
restrained,429,460,502,472,paragraph
γ,685,457,692,465,paragraph
r,736,461,744,472,paragraph
r,773,461,781,472,paragraph
γ,744,465,751,473,paragraph
β,781,465,789,473,paragraph
while,90,474,128,486,paragraph
the,133,474,156,486,paragraph
longitudinal,161,474,249,486,paragraph
angles,253,474,298,486,paragraph
are,303,474,325,486,paragraph
quite,330,474,367,486,paragraph
ﬂexible.,372,474,428,486,paragraph
Some,435,474,474,486,paragraph
ap-,479,474,502,486,paragraph
parent,90,488,137,500,paragraph
outliers,143,488,197,500,paragraph
have,202,488,235,500,paragraph
been,240,488,274,500,paragraph
encircled,280,488,344,500,paragraph
in,349,488,363,500,paragraph
both,368,488,402,500,paragraph
ﬁgures,408,488,455,500,paragraph
"21,",460,488,482,500,paragraph
as,487,488,502,500,paragraph
×,758,489,771,509,paragraph
t,738,497,745,509,paragraph
t,774,497,782,509,paragraph
generic,90,503,141,514,paragraph
examples.,147,503,218,514,paragraph
n,676,505,686,517,paragraph
=,705,505,718,517,paragraph
|,730,505,735,525,paragraph
γ,745,502,752,510,paragraph
×,758,505,771,525,paragraph
α,782,502,791,510,paragraph
|,794,505,799,525,paragraph
γ,686,510,693,518,paragraph
t,738,513,745,525,paragraph
t,774,513,782,525,paragraph
"Finally,",107,519,162,531,paragraph
as,170,519,185,531,paragraph
in,192,519,206,531,paragraph
ﬁgure,214,519,255,531,paragraph
13,262,519,279,531,paragraph
in,286,519,300,531,paragraph
ﬁgures,308,519,356,531,paragraph
20,363,519,380,531,paragraph
and,387,519,414,531,paragraph
21,422,519,439,531,paragraph
there,446,519,483,531,paragraph
is,491,519,502,531,paragraph
γ,745,518,752,526,paragraph
α,782,518,791,526,paragraph
X,483,525,495,545,paragraph
no,90,533,108,545,paragraph
visible,114,533,160,545,paragraph
sign,166,533,195,545,paragraph
of,201,533,214,545,paragraph
secondary,220,533,293,545,paragraph
structure:,299,533,369,545,paragraph
The,378,533,406,545,paragraph
standard,412,533,477,545,paragraph
2,495,538,501,546,paragraph
"Finally,",532,539,587,550,paragraph
dihedral,90,547,150,559,paragraph
is,155,547,167,559,paragraph
backbone,172,547,241,559,paragraph
independent.,246,547,340,559,paragraph
×,751,556,764,577,paragraph
"However,",107,564,174,576,paragraph
as,184,564,199,576,paragraph
in,209,564,223,576,paragraph
ﬁgures,232,564,280,576,paragraph
"14,",289,564,311,576,paragraph
in,321,564,335,576,paragraph
the,345,564,368,576,paragraph
backbone,377,564,446,576,paragraph
Frenet,455,564,502,576,paragraph
b,690,565,700,577,paragraph
=,713,565,726,577,paragraph
t,731,565,739,577,paragraph
n,768,565,778,577,paragraph
γ,700,570,707,578,paragraph
γ,739,570,746,578,paragraph
γ,778,570,785,578,paragraph
frames,90,578,138,590,paragraph
where,142,578,185,590,paragraph
the,189,578,212,590,paragraph
C,216,578,228,590,paragraph
is,241,578,253,590,paragraph
located,256,578,309,590,paragraph
at,313,578,328,590,paragraph
the,331,578,355,590,paragraph
center,358,578,403,590,paragraph
of,407,578,420,590,paragraph
the,424,578,447,590,paragraph
"sphere,",451,578,502,590,paragraph
α,228,583,237,591,paragraph
the,90,592,114,604,paragraph
secondary,121,592,193,604,paragraph
structure,201,592,267,604,paragraph
dependence,275,592,359,604,paragraph
becomes,366,592,427,604,paragraph
visible,435,592,479,604,paragraph
in,488,592,502,604,paragraph
We,549,592,572,604,paragraph
start,577,592,612,604,paragraph
with,617,592,650,604,paragraph
the,655,592,678,604,paragraph
non-aromatic,683,592,780,604,paragraph
amino,785,592,829,604,paragraph
acids.,835,592,876,604,paragraph
In,883,592,898,604,paragraph
ﬁgure,903,592,944,604,paragraph
the,90,607,114,618,paragraph
level-δ,120,607,166,618,paragraph
rotamers.,173,607,242,618,paragraph
As,252,607,271,618,paragraph
an,277,607,295,618,paragraph
"example,",302,607,366,618,paragraph
we,373,607,392,618,paragraph
show,398,607,434,618,paragraph
in,441,607,455,618,paragraph
ﬁgure,461,607,502,618,paragraph
23,532,606,549,618,paragraph
we,556,606,575,618,paragraph
show,582,606,617,618,paragraph
the,624,606,647,618,paragraph
distribution,654,606,740,618,paragraph
of,747,606,760,618,paragraph
all,767,606,785,618,paragraph
the,791,606,815,618,paragraph
C,821,606,833,618,paragraph
non-aromatic,847,606,944,618,paragraph
δ,833,611,839,619,paragraph
22,90,621,107,633,paragraph
how,113,621,143,633,paragraph
some,149,621,185,633,paragraph
of,192,621,205,633,paragraph
the,211,621,235,633,paragraph
regions,241,621,292,633,paragraph
in,299,621,313,633,paragraph
ﬁgure,319,621,360,633,paragraph
14,366,621,383,633,paragraph
are,389,621,412,633,paragraph
seen,418,621,449,633,paragraph
on,455,621,473,633,paragraph
the,479,621,502,633,paragraph
atoms,532,620,576,632,paragraph
in,582,620,595,632,paragraph
our,601,620,625,632,paragraph
data,631,620,663,632,paragraph
set.,669,620,694,632,paragraph
In,701,620,717,632,paragraph
this,722,620,749,632,paragraph
ﬁgure,754,620,795,632,paragraph
we,801,620,820,632,paragraph
have,825,620,858,632,paragraph
also,864,620,892,632,paragraph
identi-,897,620,944,632,paragraph
surface,90,635,141,647,paragraph
of,147,635,161,647,paragraph
the,167,635,190,647,paragraph
ensuing,197,635,252,647,paragraph
C,258,635,270,647,paragraph
centered,286,635,347,647,paragraph
"sphere,",353,635,404,647,paragraph
by,411,635,428,647,paragraph
the,434,635,458,647,paragraph
roller,464,635,502,647,paragraph
ﬁed,532,634,558,646,paragraph
those,564,634,602,646,paragraph
apparent,608,634,672,646,paragraph
rotamers,678,634,742,646,paragraph
that,748,634,778,646,paragraph
are,784,634,806,646,paragraph
classiﬁed,812,634,876,646,paragraph
either,882,634,924,646,paragraph
as,929,634,944,646,paragraph
α,270,640,279,648,paragraph
coasting,90,649,150,661,paragraph
observer.,156,649,222,661,paragraph
The,232,649,261,661,paragraph
examples,267,649,334,661,paragraph
we,341,649,360,661,paragraph
have,366,649,399,661,paragraph
displayed,406,649,473,661,paragraph
are,480,649,502,661,paragraph
α-helical,532,649,595,661,paragraph
or,602,649,617,661,paragraph
β-stranded,624,649,704,661,paragraph
in,711,649,725,661,paragraph
PDB.,732,649,773,661,paragraph
The,780,649,809,661,paragraph
ﬁgure,816,649,857,661,paragraph
shows,864,649,906,661,paragraph
that,914,649,944,661,paragraph
−,461,655,474,675,paragraph
the,90,663,114,675,paragraph
overlap,121,663,173,675,paragraph
of,181,663,194,675,paragraph
the,201,663,225,675,paragraph
α-helical,232,663,295,675,paragraph
structures,302,663,375,675,paragraph
with,382,663,415,675,paragraph
the,422,663,445,675,paragraph
g,453,663,461,675,paragraph
ro-,482,663,502,675,paragraph
there,532,663,570,675,paragraph
is,575,663,587,675,paragraph
a,592,663,601,675,paragraph
clear,607,663,641,675,paragraph
secondary,647,663,719,675,paragraph
structure,725,663,791,675,paragraph
dependence,797,663,881,675,paragraph
in,887,663,901,675,paragraph
these,907,663,944,675,paragraph
−,230,669,243,690,paragraph
tamer,90,678,133,690,paragraph
(marked,139,678,199,690,paragraph
α-g,205,678,229,690,paragraph
in,248,678,262,690,paragraph
the,268,678,291,690,paragraph
ﬁgure,296,678,337,690,paragraph
),343,678,349,690,paragraph
and,355,678,382,690,paragraph
t,387,678,393,690,paragraph
rotamer,399,678,457,690,paragraph
"(α-t),",462,678,502,690,paragraph
rotamers.,532,677,601,689,paragraph
In,608,677,624,689,paragraph
ﬁgure,628,677,669,689,paragraph
24,673,677,689,689,paragraph
we,693,677,712,689,paragraph
display,716,677,768,689,paragraph
the,772,677,795,689,paragraph
three,799,677,836,689,paragraph
level-γ,840,677,887,689,paragraph
subsets,892,677,944,689,paragraph
and,90,692,117,704,paragraph
the,125,692,149,704,paragraph
overlap,157,692,209,704,paragraph
of,217,692,231,704,paragraph
the,239,692,262,704,paragraph
β-stranded,270,692,349,704,paragraph
structures,357,692,430,704,paragraph
with,438,692,471,704,paragraph
the,479,692,502,704,paragraph
of,532,691,546,703,paragraph
23,552,691,568,703,paragraph
a).,574,691,594,703,paragraph
"Again,",602,691,650,703,paragraph
there,656,691,694,703,paragraph
is,700,691,711,703,paragraph
a,717,691,725,703,paragraph
clear,731,691,766,703,paragraph
secondary,772,691,844,703,paragraph
structure,850,691,916,703,paragraph
de-,922,691,944,703,paragraph
−,99,697,112,718,paragraph
−,216,697,229,718,paragraph
g,90,706,98,718,paragraph
rotamer,119,706,177,718,paragraph
(β-g,185,706,215,718,paragraph
),229,706,235,718,paragraph
and,243,706,270,718,paragraph
t,278,706,284,718,paragraph
rotamer,291,706,349,718,paragraph
(β-t).,357,706,396,718,paragraph
A,410,706,422,718,paragraph
secondary,430,706,502,718,paragraph
pendence,532,706,600,717,paragraph
in,606,706,620,717,paragraph
the,626,706,649,717,paragraph
rotamers.,656,706,725,717,paragraph
We,734,706,758,717,paragraph
have,764,706,797,717,paragraph
also,803,706,831,717,paragraph
encircled,837,706,902,717,paragraph
some,908,706,944,717,paragraph
structure,90,720,156,732,paragraph
dependent,161,720,236,732,paragraph
trimodal,240,720,303,732,paragraph
rotamer,307,720,365,732,paragraph
structure,369,720,435,732,paragraph
is,439,720,450,732,paragraph
clearly,454,720,502,732,paragraph
apparent,532,720,597,732,paragraph
outliers,605,720,659,732,paragraph
in,666,720,680,732,paragraph
both,688,720,722,732,paragraph
ﬁgures,729,720,777,732,paragraph
23,784,720,801,732,paragraph
and,809,720,836,732,paragraph
24.,843,720,865,732,paragraph
Far-away,878,720,944,732,paragraph
"present,",90,735,148,746,paragraph
in,153,735,167,746,paragraph
each,173,735,205,746,paragraph
of,210,735,224,746,paragraph
the,229,735,253,746,paragraph
distributions.,258,735,355,746,paragraph
outliers,532,734,586,746,paragraph
also,592,734,620,746,paragraph
exist,625,734,659,746,paragraph
(not,665,734,696,746,paragraph
"shown),",701,734,758,746,paragraph
these,763,734,800,746,paragraph
can,806,734,831,746,paragraph
be,836,734,854,746,paragraph
located,859,734,912,746,paragraph
and,917,734,944,746,paragraph
visualized,532,748,604,760,paragraph
by,609,748,627,760,paragraph
rotating,632,748,691,760,paragraph
the,696,748,719,760,paragraph
original,725,748,779,760,paragraph
sphere,785,748,831,760,paragraph
as,837,748,852,760,paragraph
in,857,748,871,760,paragraph
ﬁgure,876,748,917,760,paragraph
18.,923,748,944,760,paragraph
We,549,763,572,774,paragraph
proceed,578,763,634,774,paragraph
to,640,763,655,774,paragraph
the,661,763,684,774,paragraph
aromatic,690,763,754,774,paragraph
amino,760,763,805,774,paragraph
acids.,810,763,851,774,paragraph
In,860,763,875,774,paragraph
ﬁgure,881,763,922,774,paragraph
25,927,763,944,774,paragraph
a),532,777,547,789,paragraph
we,553,777,572,789,paragraph
show,578,777,614,789,paragraph
all,620,777,638,789,paragraph
level-δ,644,777,690,789,paragraph
carbons,697,777,753,789,paragraph
(CD1,759,777,799,789,paragraph
in,805,777,819,789,paragraph
"PDB),",825,777,872,789,paragraph
these,878,777,916,789,paragraph
are,922,777,944,789,paragraph
Secondary,115,787,182,798,section
structure,188,787,248,798,section
dependent,253,787,320,798,section
level-δ,326,787,367,798,section
rotamer,373,787,426,798,section
angles:,432,787,478,798,section
"PHE,",532,791,572,803,paragraph
"TYR,",579,791,621,803,paragraph
TRP.,628,791,667,803,paragraph
In,674,791,689,803,paragraph
ﬁgures,696,791,744,803,paragraph
25,751,791,767,803,paragraph
b),774,791,790,803,paragraph
and,797,791,824,803,paragraph
c),831,791,845,803,paragraph
we,852,791,871,803,paragraph
show,878,791,914,803,paragraph
the,921,791,944,803,paragraph
subsets,532,805,585,817,paragraph
of,589,805,602,817,paragraph
25,606,805,623,817,paragraph
a),627,805,642,817,paragraph
that,646,805,677,817,paragraph
have,681,805,714,817,paragraph
been,718,805,752,817,paragraph
classiﬁed,756,805,820,817,paragraph
as,824,805,839,817,paragraph
α-helical,843,805,906,817,paragraph
resp.,910,805,944,817,paragraph
Following,107,820,177,831,paragraph
(15)-(17),185,820,250,831,paragraph
and,258,820,285,831,paragraph
ﬁgures,293,820,340,831,paragraph
15-17,349,820,388,831,paragraph
we,396,820,415,831,paragraph
proceed,423,820,479,831,paragraph
to,487,820,502,831,paragraph
β-stranded,532,820,612,831,paragraph
in,617,820,631,831,paragraph
PDB.,637,820,677,831,paragraph
In,683,820,698,831,paragraph
26,704,820,721,831,paragraph
a),726,820,741,831,paragraph
we,747,820,766,831,paragraph
show,771,820,807,831,paragraph
all,813,820,830,831,paragraph
level-δ,836,820,882,831,paragraph
carbons,888,820,944,831,paragraph
visually,90,834,146,846,paragraph
inspect,154,834,205,846,paragraph
secondary,213,834,285,846,paragraph
structure,292,834,359,846,paragraph
dependence,366,834,450,846,paragraph
in,458,834,471,846,paragraph
the,479,834,502,846,paragraph
(CD2,532,834,572,846,paragraph
in,577,834,591,846,paragraph
PDB),596,834,639,846,paragraph
i.e.,644,834,667,846,paragraph
"PHE,",674,834,714,846,paragraph
"TYR,",719,834,761,846,paragraph
TRP,766,834,802,846,paragraph
and,807,834,834,846,paragraph
HIS.,839,834,871,846,paragraph
In,876,834,892,846,paragraph
ﬁgures,897,834,944,846,paragraph
level-δ,90,848,136,860,paragraph
rotamers.,145,848,214,860,paragraph
For,231,848,256,860,paragraph
"this,",265,848,296,860,paragraph
we,306,848,325,860,paragraph
deﬁne,334,848,377,860,paragraph
an,385,848,403,860,paragraph
orthonormal,412,848,502,860,paragraph
26,532,848,549,860,paragraph
b),554,848,570,860,paragraph
and,575,848,602,860,paragraph
c),607,848,621,860,paragraph
we,626,848,645,860,paragraph
show,650,848,686,860,paragraph
the,691,848,714,860,paragraph
subsets,719,848,771,860,paragraph
of,776,848,790,860,paragraph
26,795,848,812,860,paragraph
a),817,848,832,860,paragraph
that,837,848,867,860,paragraph
have,872,848,905,860,paragraph
been,910,848,944,860,paragraph
##LTFigure##,104,180,488,336,figure
##LTFigure##,104,180,488,337,figure
##LTFigure##,104,180,488,336,figure
##LTFigure##,546,61,930,269,figure
##LTFigure##,546,61,930,269,figure
##LTFigure##,546,61,930,269,figure
##LTLine##,729,459,797,459,paragraph
##LTLine##,730,512,799,512,paragraph
