token,x0,y0,x1,y1,label
10,150,92,166,107,paragraph
Mitchell,462,92,516,107,author
"Paukner,",520,92,578,107,author
Lucy,582,92,613,107,author
"Pepin,",617,92,658,107,author
Manda,662,92,708,107,author
"Riehl,",712,92,751,107,author
Jarred,755,92,797,107,author
Wieser,801,92,845,107,author
v=5,487,118,512,133,table
d,306,134,315,149,table
1,376,134,384,149,table
2,488,134,496,149,table
3,600,134,608,149,table
αd,306,150,324,164,table
1,376,152,384,164,table
10,488,152,504,164,table
265,600,152,624,164,table
"5,1",317,158,334,167,table
αd,306,166,324,180,table
1,376,168,384,180,table
15,488,168,504,180,table
435,600,168,624,180,table
"5,2",317,174,334,183,table
αd,306,182,324,196,table
2,376,184,384,196,table
35,488,184,504,196,table
1065,600,184,632,196,table
"5,3",317,190,334,199,table
αd,306,198,324,212,table
5,376,200,384,212,table
95,488,200,504,212,table
2980,600,200,632,212,table
"5,4",317,206,334,215,table
αd,306,217,324,231,table
5,376,218,384,231,table
120,488,218,512,231,table
4055,600,218,632,231,table
"5,5",317,224,334,233,table
D,497,246,509,265,caption
Tab.,228,251,255,265,paragraph
3:,259,251,271,265,paragraph
The,276,252,298,265,caption
total,302,252,328,265,caption
number,332,252,377,265,caption
of,380,252,392,265,caption
permutations,396,252,473,265,caption
for,476,252,493,265,caption
that,529,252,551,265,caption
avoid,555,252,587,265,caption
the,590,252,608,265,caption
pattern,612,252,653,265,caption
231,656,254,679,265,caption
for,682,252,700,265,caption
d,703,254,711,265,caption
=,715,254,727,265,caption
"1,",731,254,743,265,caption
"2,",745,254,757,265,caption
3.,760,252,771,265,caption
"5,d",509,258,525,266,caption
v=4,487,280,512,295,table
|D,323,291,340,313,table
|,396,291,400,313,table
d,186,300,194,313,table
(321),358,300,396,313,table
f321(x),460,299,512,313,table
"v,d",340,305,358,314,table
"v,d",468,307,486,316,table
1,186,315,194,330,table
2,323,315,331,330,table
1,460,317,468,329,table
+,472,317,485,329,table
x,488,317,498,329,table
2,186,330,194,345,table
106,323,330,347,345,table
1,460,332,468,345,table
+,472,332,485,345,table
71x,488,332,514,345,table
+,517,332,530,345,table
29x2,534,331,566,345,table
+,570,332,583,345,table
5x3,587,331,610,345,table
3,186,346,194,361,table
5976,323,346,356,361,table
1,460,348,468,361,table
+,472,348,485,361,table
991x,488,348,522,361,table
+,526,348,538,361,table
2747x2,542,346,590,361,table
+,595,348,607,361,table
1765x3,611,346,659,361,table
+,664,348,676,361,table
430x4,680,346,720,361,table
+,725,348,737,361,table
42x5,741,346,773,361,table
|D,403,377,419,396,caption
|,471,377,475,396,caption
Tab.,356,382,383,397,paragraph
4:,387,382,399,397,paragraph
(321),436,385,471,396,caption
and,478,383,500,397,caption
f321(x),503,383,551,396,caption
for,555,383,572,397,caption
d,576,385,583,396,caption
=,588,385,599,396,caption
"1,",603,385,615,396,caption
"2,",618,385,629,396,caption
3.,632,383,643,397,caption
"v,d",419,389,436,397,caption
"v,d",511,390,527,398,caption
conﬁdent,150,415,210,430,paragraph
that,216,415,240,430,paragraph
a,246,415,253,430,paragraph
technique,258,415,322,430,paragraph
recently,327,415,380,430,paragraph
used,385,415,415,430,paragraph
by,421,415,437,430,paragraph
"Bevan,",443,415,488,430,paragraph
et.al.,493,415,525,430,paragraph
[2],535,415,554,430,paragraph
would,559,415,600,430,paragraph
be,605,415,621,430,paragraph
successful,626,415,693,430,paragraph
in,699,415,711,430,paragraph
this,717,415,741,430,paragraph
case,746,415,774,430,paragraph
too.,780,415,805,430,paragraph
Their,814,415,850,430,paragraph
technique,150,430,213,445,paragraph
involved,219,430,274,445,paragraph
reﬁning,280,430,331,445,paragraph
a,336,430,344,445,paragraph
bivariate,349,430,405,445,paragraph
generating,411,430,480,445,paragraph
function,486,430,540,445,paragraph
via,545,430,565,445,paragraph
a,571,430,578,445,paragraph
statistic,584,430,634,445,paragraph
called,639,430,678,445,paragraph
last,684,430,707,445,paragraph
inversion,712,430,772,445,paragraph
"foot,",778,430,808,445,paragraph
using,814,430,850,445,paragraph
a,150,445,157,460,paragraph
result,163,445,199,460,paragraph
of,206,445,219,460,paragraph
"Bousquet-Me´lou,",226,445,339,460,paragraph
and,346,445,370,460,paragraph
ﬁnding,376,445,422,460,paragraph
a,428,445,436,460,paragraph
functional,442,445,508,460,paragraph
"equation,",514,445,575,460,paragraph
to,581,445,594,460,paragraph
eventually,601,445,668,460,paragraph
give,674,445,701,460,paragraph
a,708,445,715,460,paragraph
growth,721,445,767,460,paragraph
rate,773,445,798,460,paragraph
for,804,445,823,460,paragraph
the,830,445,849,460,paragraph
sequence.,150,460,213,475,paragraph
This,220,460,249,475,paragraph
suspicion,253,460,315,475,paragraph
was,319,460,344,475,paragraph
conﬁrmed,349,460,415,475,paragraph
by,419,460,436,475,paragraph
"Bevan,",440,460,485,475,paragraph
and,490,460,513,475,paragraph
in,518,460,531,475,paragraph
fact,535,460,559,475,paragraph
the,564,460,584,475,paragraph
sequence,588,460,648,475,paragraph
begins:,652,460,699,475,paragraph
"2,",705,460,717,475,paragraph
"106,",722,460,751,475,paragraph
"5976,",755,460,792,475,paragraph
"387564,",797,460,850,475,paragraph
"27247446,",150,475,219,491,paragraph
"2020632046,",225,475,311,491,paragraph
"155622020610,",317,475,419,491,paragraph
"12327937844924,",425,475,543,491,paragraph
"998103225615208,",550,475,676,491,paragraph
82224228576059340,682,475,820,491,paragraph
[3].,826,475,850,491,paragraph
However,150,490,208,506,paragraph
the,213,490,233,506,paragraph
authors,238,490,286,506,paragraph
were,292,490,323,506,paragraph
"unable,",328,490,376,506,paragraph
in,381,490,394,506,paragraph
the,399,490,419,506,paragraph
time,424,490,453,506,paragraph
available,458,490,516,506,paragraph
for,522,490,541,506,paragraph
this,546,490,569,506,paragraph
"project,",575,490,624,506,paragraph
to,629,490,642,506,paragraph
learn,647,490,680,506,paragraph
all,685,490,701,506,paragraph
the,706,490,726,506,paragraph
tools,732,490,763,506,paragraph
necessary,768,490,832,506,paragraph
to,837,490,850,506,paragraph
enact,150,506,184,521,paragraph
the,188,506,208,521,paragraph
technique,212,506,275,521,paragraph
and,279,506,303,521,paragraph
so,307,506,321,521,paragraph
the,325,506,345,521,paragraph
problem,349,506,404,521,paragraph
remains,408,506,459,521,paragraph
ofﬁcially,463,506,522,521,paragraph
open.,526,506,561,521,paragraph
3,150,522,163,545,section
Diamonds,186,522,291,545,section
avoiding,298,522,384,545,section
a,391,522,404,545,section
pair,410,522,449,545,section
of,456,522,475,545,section
patterns,482,522,567,545,section
of,574,522,593,545,section
length,600,522,664,545,section
3,670,522,683,545,section
"Next,",166,552,201,567,paragraph
we,206,552,225,567,paragraph
study,229,552,264,567,paragraph
pairs,269,552,300,567,paragraph
of,305,552,318,567,paragraph
patterns,323,552,374,567,paragraph
of,378,552,392,567,paragraph
length,396,552,437,567,paragraph
3.,441,552,454,567,paragraph
While,460,552,499,567,paragraph
there,504,552,536,567,paragraph
are,541,552,560,567,paragraph
15,565,554,581,566,paragraph
such,585,552,615,567,paragraph
pairs,620,552,651,567,paragraph
of,656,552,669,567,paragraph
"patterns,",674,552,729,567,paragraph
we,734,552,753,567,paragraph
focus,757,552,792,567,paragraph
on,796,552,813,567,paragraph
the,817,552,837,567,paragraph
8,841,554,849,566,paragraph
|D,331,560,348,582,paragraph
|,404,560,408,582,paragraph
pairs,150,567,181,582,paragraph
of,185,567,199,582,paragraph
patterns,203,567,254,582,paragraph
"σ,",258,569,272,582,paragraph
ρ,275,569,283,582,paragraph
where,287,567,327,582,paragraph
"(σ,",366,569,386,582,paragraph
ρ),389,569,404,582,paragraph
is,412,567,423,582,paragraph
non-trivial.,427,567,500,582,paragraph
"v,d",348,574,366,583,paragraph
3.1,150,581,177,600,section
Diamonds,196,581,284,600,section
avoiding,290,581,361,600,section
the,367,581,394,600,section
set,399,581,425,600,section
of,431,581,447,600,section
patterns,453,581,524,600,section
"132,",529,585,563,600,section
213,566,585,595,600,section
Lemma,150,605,203,621,paragraph
2.,207,605,219,621,paragraph
In,227,606,241,621,paragraph
order,245,606,280,621,paragraph
to,285,606,297,621,paragraph
avoid,301,606,337,621,paragraph
132,342,609,366,621,paragraph
and,370,606,394,621,paragraph
"213,",398,606,427,621,paragraph
the,431,606,451,621,paragraph
labels,455,606,494,621,paragraph
on,498,606,514,621,paragraph
each,518,606,549,621,paragraph
diamond,553,606,610,621,paragraph
must,614,606,645,621,paragraph
be,649,606,664,621,paragraph
increasing,668,606,736,621,paragraph
and,740,606,765,621,paragraph
consecutive.,769,606,849,621,paragraph
Proof:,150,634,194,650,paragraph
By,202,635,221,650,paragraph
Lemma,227,635,276,650,paragraph
"1,",282,635,294,650,paragraph
the,300,635,320,650,paragraph
labels,326,635,364,650,paragraph
appear,370,635,413,650,paragraph
in,419,635,432,650,paragraph
increasing,437,635,504,650,paragraph
order,510,635,544,650,paragraph
on,550,635,566,650,paragraph
each,572,635,602,650,paragraph
diamond.,608,635,669,650,paragraph
Then,679,635,712,650,paragraph
any,718,635,741,650,paragraph
label,747,635,779,650,paragraph
“missing”,784,635,849,650,paragraph
from,150,650,181,665,paragraph
consecutive,185,650,262,665,paragraph
labelling,266,650,323,665,paragraph
would,327,650,368,665,paragraph
either,372,650,409,665,paragraph
create,413,650,452,665,paragraph
213,456,653,481,665,paragraph
if,485,650,495,665,paragraph
it,499,650,508,665,paragraph
occurred,512,650,569,665,paragraph
before,574,650,615,665,paragraph
its,619,650,635,665,paragraph
surrounding,639,650,718,665,paragraph
"labels,",722,650,764,665,paragraph
or,768,650,782,665,paragraph
a,786,650,793,665,paragraph
132,798,653,822,665,paragraph
if,826,650,836,665,paragraph
it,840,650,850,665,paragraph
occurred,150,665,206,681,paragraph
after.,211,665,244,681,paragraph
Therefore,249,665,313,681,paragraph
the,317,665,337,681,paragraph
la(cid:88)bels,341,665,379,712,paragraph
on,383,665,399,681,paragraph
e(cid:88)ach,403,665,433,712,paragraph
diamond,437,665,494,681,paragraph
must,498,665,530,681,paragraph
be,534,665,549,681,paragraph
consecutive,553,665,629,681,paragraph
and,634,665,657,681,paragraph
increasing.,661,665,732,681,paragraph
∞,355,687,368,702,paragraph
−,578,688,591,710,paragraph
1,566,698,574,710,paragraph
yx,594,698,612,710,paragraph
Theorem,150,703,213,719,paragraph
5.,217,703,229,719,paragraph
"f132,213(x,",237,703,310,719,paragraph
y),313,706,328,719,paragraph
=,333,706,345,719,paragraph
ydxdes(σ),459,704,522,719,paragraph
=,527,706,540,719,paragraph
−,558,706,570,727,paragraph
.,635,706,639,719,paragraph
"v,d",245,713,262,722,paragraph
∈D,384,718,403,734,paragraph
1,546,715,554,727,paragraph
y(1,574,715,597,727,paragraph
+,601,715,613,727,paragraph
x),617,715,633,727,paragraph
d=1,350,724,373,733,paragraph
σ,376,725,383,734,paragraph
"(132,213)",403,725,456,734,paragraph
Proof:,150,745,194,762,paragraph
By,199,747,218,762,paragraph
Lemma,222,747,271,762,paragraph
"2,",276,747,288,762,paragraph
we,292,747,311,762,paragraph
know,315,747,351,762,paragraph
that,355,747,379,762,paragraph
the,383,747,403,762,paragraph
labels,407,747,445,762,paragraph
on,450,747,466,762,paragraph
each,470,747,500,762,paragraph
diamond,504,747,561,762,paragraph
are,565,747,585,762,paragraph
consecutive,589,747,665,762,paragraph
and,669,747,693,762,paragraph
"increasing,",697,747,768,762,paragraph
so,772,747,787,762,paragraph
there,791,747,823,762,paragraph
is,827,747,838,762,paragraph
a,842,747,850,762,paragraph
diamond,150,762,206,777,paragraph
labelled,211,762,263,777,paragraph
"1,",267,762,279,777,paragraph
"2,",284,762,296,777,paragraph
.,301,764,306,777,paragraph
.,308,764,313,777,paragraph
".,",316,762,324,777,paragraph
"v,",329,762,341,777,paragraph
another,346,762,395,777,paragraph
labelled,400,762,451,777,paragraph
v,456,764,464,777,paragraph
+,468,764,481,777,paragraph
"1,",485,762,497,777,paragraph
.,502,764,506,777,paragraph
.,509,764,514,777,paragraph
".,",516,762,525,777,paragraph
"2v,",530,762,550,777,paragraph
etc.,555,762,578,777,paragraph
So,585,762,602,777,paragraph
the,607,762,626,777,paragraph
only,631,762,660,777,paragraph
thing,665,762,698,777,paragraph
we,703,762,722,777,paragraph
must,726,762,758,777,paragraph
ensure,763,762,805,777,paragraph
is,810,762,820,777,paragraph
that,825,762,849,777,paragraph
the,150,777,169,792,paragraph
entire,173,777,210,792,paragraph
collection,214,777,278,792,paragraph
of,281,777,295,792,paragraph
diamonds,299,777,362,792,paragraph
avoids,366,777,407,792,paragraph
132,411,779,435,792,paragraph
and,439,777,462,792,paragraph
213,466,779,490,792,paragraph
between,494,777,548,792,paragraph
the,552,777,572,792,paragraph
respective,575,777,641,792,paragraph
diamonds.,644,777,712,792,paragraph
In,717,777,730,792,paragraph
their,734,777,764,792,paragraph
foundational,767,777,850,792,paragraph
"paper,",150,792,189,807,paragraph
Simion,193,792,240,807,paragraph
and,244,792,267,807,paragraph
Schmidt,271,792,326,807,paragraph
enumerated,329,792,405,807,paragraph
permutations,409,792,494,807,paragraph
avoiding,498,792,554,807,paragraph
132,558,794,583,807,paragraph
and,587,792,610,807,paragraph
213,614,794,638,807,paragraph
"[16],",642,792,673,807,paragraph
and,677,792,701,807,paragraph
the,705,792,725,807,paragraph
recursive,729,792,788,807,paragraph
nature,791,792,832,807,paragraph
of,836,792,849,807,paragraph
their,150,807,179,822,paragraph
proof,183,807,219,822,paragraph
can,223,807,245,822,paragraph
also,249,807,276,822,paragraph
be,280,807,295,822,paragraph
adapted,299,807,350,822,paragraph
to,354,807,366,822,paragraph
ﬁnd,371,807,396,822,paragraph
our,400,807,422,822,paragraph
generating,426,807,494,822,paragraph
function,499,807,553,822,paragraph
for,557,807,576,822,paragraph
descents.,580,807,639,822,paragraph
##LTLine##,297,120,702,120,table
##LTLine##,297,120,297,135,table
##LTLine##,702,120,702,135,table
##LTLine##,297,135,702,135,table
##LTLine##,297,136,297,151,table
##LTLine##,363,136,363,151,table
##LTLine##,366,136,366,151,table
##LTLine##,478,136,478,151,table
##LTLine##,590,136,590,151,table
##LTLine##,702,136,702,151,table
##LTLine##,297,151,702,151,table
##LTLine##,297,151,297,167,table
##LTLine##,363,151,363,167,table
##LTLine##,366,151,366,167,table
##LTLine##,478,151,478,167,table
##LTLine##,590,151,590,167,table
##LTLine##,702,151,702,167,table
##LTLine##,297,167,702,167,table
##LTLine##,297,167,297,183,table
##LTLine##,363,167,363,183,table
##LTLine##,366,167,366,183,table
##LTLine##,478,167,478,183,table
##LTLine##,590,167,590,183,table
##LTLine##,702,167,702,183,table
##LTLine##,297,183,702,183,table
##LTLine##,297,183,297,199,table
##LTLine##,363,183,363,199,table
##LTLine##,366,183,366,199,table
##LTLine##,478,183,478,199,table
##LTLine##,590,183,590,199,table
##LTLine##,702,183,702,199,table
##LTLine##,297,199,702,199,table
##LTLine##,297,199,297,215,table
##LTLine##,363,199,363,215,table
##LTLine##,366,199,366,215,table
##LTLine##,478,199,478,215,table
##LTLine##,590,199,590,215,table
##LTLine##,702,199,702,215,table
##LTLine##,297,215,702,215,table
##LTLine##,297,218,702,218,table
##LTLine##,297,218,297,233,table
##LTLine##,363,218,363,233,table
##LTLine##,366,218,366,233,table
##LTLine##,478,218,478,233,table
##LTLine##,590,218,590,233,table
##LTLine##,702,218,702,233,table
##LTLine##,297,234,702,234,table
##LTLine##,176,282,823,282,table
##LTLine##,176,282,176,297,table
##LTLine##,823,282,823,297,table
##LTLine##,176,297,823,297,table
##LTLine##,176,300,823,300,table
##LTLine##,176,300,176,316,table
##LTLine##,313,300,313,316,table
##LTLine##,450,300,450,316,table
##LTLine##,823,300,823,316,table
##LTLine##,176,316,823,316,table
##LTLine##,176,316,176,331,table
##LTLine##,313,316,313,331,table
##LTLine##,450,316,450,331,table
##LTLine##,823,316,823,331,table
##LTLine##,176,332,823,332,table
##LTLine##,176,332,176,347,table
##LTLine##,313,332,313,347,table
##LTLine##,450,332,450,347,table
##LTLine##,823,332,823,347,table
##LTLine##,176,347,823,347,table
##LTLine##,176,348,176,363,table
##LTLine##,313,348,313,363,table
##LTLine##,450,348,450,363,table
##LTLine##,823,348,823,363,table
##LTLine##,176,363,823,363,table
##LTLine##,838,669,838,678,paragraph
##LTLine##,838,670,848,670,paragraph
##LTLine##,838,678,848,678,paragraph
##LTLine##,848,669,848,678,paragraph
##LTLine##,546,713,633,713,paragraph
