token,x0,y0,x1,y1,label
DRAFT,97,56,136,68,section
VERSION,140,58,189,68,section
MAY,193,56,220,68,section
"27,",224,56,241,68,section
2020,245,56,273,68,section
Preprint,97,68,134,79,section
typeset,137,68,169,79,section
using,172,68,197,79,section
LATEX,199,68,225,81,section
style,228,68,250,79,section
emulateapj,252,68,302,79,section
v.,305,68,313,79,section
12/16/11,316,68,356,79,section
GAMMA,144,124,208,139,paragraph
"RAYS,",212,124,258,139,paragraph
"ELECTRONS,",262,124,359,139,paragraph
HARD,364,124,410,139,paragraph
"X-RAYS,",414,124,477,139,paragraph
AND,481,124,516,139,paragraph
THE,520,124,552,139,paragraph
CENTRAL,556,124,631,139,paragraph
PARSEC,635,124,695,139,paragraph
OF,699,124,720,139,paragraph
THE,724,124,756,139,paragraph
MILKY,760,124,813,139,paragraph
WAY,817,124,852,139,paragraph
MATTHEW,428,145,494,159,author
D.,498,145,513,159,author
KISTLER,517,145,572,159,author
0,122,160,129,172,section
Kavli,138,160,167,172,author
Institute,170,160,213,172,author
for,216,160,231,172,author
Particle,235,160,274,172,author
Astrophysics,277,160,345,172,author
and,349,160,367,172,author
"Cosmology,",371,160,433,172,author
Stanford,436,160,481,172,author
"University,",485,160,541,172,author
SLAC,545,160,577,172,author
National,581,160,626,172,author
Accelerator,629,160,690,172,author
"Laboratory,",693,160,753,172,author
Menlo,756,160,790,172,author
"Park,",794,160,820,172,author
CA,824,160,842,172,author
94025,845,160,878,172,author
Draft,428,173,456,185,section
version,459,173,497,185,section
May,500,173,524,185,section
"27,",527,173,543,185,section
2020,546,173,572,185,section
ABSTRACT,458,195,542,211,section
The,156,212,181,228,abstract
complex,187,212,243,228,abstract
interplay,249,212,307,228,abstract
of,313,212,326,228,abstract
processes,332,212,394,228,abstract
at,400,212,412,228,abstract
the,418,212,438,228,abstract
Galactic,444,212,498,228,abstract
Center,504,212,547,228,abstract
is,553,212,564,228,abstract
at,570,212,582,228,abstract
the,588,212,607,228,abstract
heart,613,212,646,228,abstract
of,652,212,665,228,abstract
numerous,671,212,735,228,abstract
"past,",741,212,772,228,abstract
"present,",778,212,829,228,abstract
and,835,212,859,228,abstract
(likely),141,226,189,241,abstract
future,194,226,233,241,abstract
mysteries.,239,226,305,241,abstract
We,314,226,336,241,abstract
aim,341,226,366,241,abstract
at,371,226,383,241,abstract
a,388,226,396,241,abstract
more,401,226,434,241,abstract
complete,440,226,500,241,abstract
understanding,505,226,597,241,abstract
of,603,226,616,241,abstract
how,622,226,649,241,abstract
spectra,655,226,701,241,abstract
extending,706,226,770,241,abstract
to,776,226,789,241,abstract
>,794,228,807,241,abstract
10,809,226,826,241,abstract
TeV,831,226,859,241,abstract
result.,141,239,181,254,abstract
We,192,239,213,254,abstract
ﬁrst,219,239,244,254,abstract
construct,250,239,309,254,abstract
a,315,239,322,254,abstract
simpliﬁed,328,239,393,254,abstract
model,399,239,440,254,abstract
to,446,239,458,254,abstract
account,464,239,515,254,abstract
for,520,239,539,254,abstract
the,545,239,565,254,abstract
peculiar,571,239,623,254,abstract
energy,629,239,673,254,abstract
and,679,239,702,254,abstract
angular,708,239,757,254,abstract
dependence,763,239,840,254,abstract
of,845,239,859,254,abstract
the,141,252,161,267,abstract
intense,165,252,211,267,abstract
central,216,252,260,267,abstract
parsec,264,252,306,267,abstract
photon,310,252,355,267,abstract
ﬁeld.,359,252,392,267,abstract
This,398,252,427,267,abstract
allows,431,252,473,267,abstract
for,477,252,496,267,abstract
calculating,501,252,572,267,abstract
anisotropic,576,252,649,267,abstract
inverse,653,252,699,267,abstract
Compton,703,252,764,267,abstract
scattering,768,252,831,267,abstract
and,835,252,859,267,abstract
→,423,259,440,280,abstract
−,470,260,480,275,abstract
mapping,141,265,198,281,abstract
gamma-ray,204,265,278,281,abstract
extinction,283,265,348,281,abstract
due,353,265,377,281,abstract
to,382,265,395,281,abstract
γγ,400,268,418,280,abstract
e+e,444,266,470,280,abstract
attenuation.,486,265,563,281,abstract
Coupling,572,265,633,281,abstract
these,638,265,671,281,abstract
with,677,265,706,281,abstract
a,711,265,719,281,abstract
method,724,265,773,281,abstract
for,778,265,797,281,abstract
evolving,803,265,859,281,abstract
electron,141,279,194,294,abstract
"spectra,",200,279,250,294,abstract
we,256,279,275,294,abstract
examine,281,279,336,294,abstract
several,342,279,387,294,abstract
clear,393,279,425,294,abstract
and,431,279,454,294,abstract
present,460,279,507,294,abstract
"excesses,",513,279,573,294,abstract
including,579,279,641,294,abstract
the,646,279,666,294,abstract
diffuse,672,279,717,294,abstract
hard,723,279,752,294,abstract
X-rays,758,279,802,294,abstract
seen,808,279,837,294,abstract
by,843,279,859,294,abstract
NuSTAR,141,292,196,307,abstract
and,200,292,223,307,abstract
GeV,226,292,257,307,abstract
gamma,260,292,308,307,abstract
rays,311,292,338,307,abstract
by,342,292,358,307,abstract
Fermi.,361,292,404,307,abstract
We,408,292,430,307,abstract
address,433,292,482,307,abstract
further,485,292,529,307,abstract
applications,532,292,611,307,abstract
to,614,292,627,307,abstract
cosmic,630,292,676,307,abstract
"rays,",679,292,710,307,abstract
dark,714,292,743,307,abstract
"matter,",746,292,791,307,abstract
"neutrinos,",794,292,859,307,abstract
and,141,305,165,320,abstract
gamma,169,305,217,320,abstract
rays,221,305,248,320,abstract
from,252,305,284,320,abstract
the,288,305,308,320,abstract
Center,312,305,355,320,abstract
and,359,305,383,320,abstract
beyond.,387,305,438,320,abstract
Subject,141,321,189,336,section
headings:,193,321,257,336,section
1.,224,359,235,373,section
INTRODUCTION,242,360,340,372,section
lution,518,358,556,373,paragraph
infrared,561,358,613,373,paragraph
data,617,358,644,373,paragraph
has,649,358,671,373,paragraph
revealed,675,358,730,373,paragraph
structures,735,358,798,373,paragraph
within,803,358,844,373,paragraph
the,849,358,869,373,paragraph
central,873,358,918,373,paragraph
parsec.,518,371,564,386,paragraph
These,571,371,610,386,paragraph
imply,615,371,653,386,paragraph
a,658,371,665,386,paragraph
photon,670,371,715,386,paragraph
background,720,371,797,386,paragraph
much,801,371,838,386,paragraph
denser,842,371,885,386,paragraph
than,890,371,918,386,paragraph
The,97,376,122,391,paragraph
Galactic,126,376,180,391,paragraph
Center,184,376,227,391,paragraph
(GC),231,376,265,391,paragraph
is,268,376,279,391,paragraph
an,283,376,298,391,paragraph
arena,302,376,337,391,paragraph
for,341,376,360,391,paragraph
astrophysical,363,376,449,391,paragraph
phe-,453,376,482,391,paragraph
typically,518,384,575,399,paragraph
encountered,579,384,659,399,paragraph
in,662,384,675,399,paragraph
the,678,384,698,399,paragraph
Galaxy,702,384,749,399,paragraph
with,753,384,782,399,paragraph
variations,785,384,849,399,paragraph
in,853,384,865,399,paragraph
the,869,384,889,399,paragraph
am-,892,384,918,399,paragraph
nomena,82,389,134,404,paragraph
unlike,137,389,178,404,paragraph
any,181,389,204,404,paragraph
other,208,389,241,404,paragraph
in,244,389,257,404,paragraph
our,260,389,282,404,paragraph
galaxy.,285,389,331,404,paragraph
The,336,389,362,404,paragraph
inner,365,389,398,404,paragraph
parsec,402,389,443,404,paragraph
alone,446,389,482,404,paragraph
plitude,518,397,564,413,paragraph
of,568,397,581,413,paragraph
each,585,397,615,413,paragraph
component,619,397,692,413,paragraph
throughout,696,397,767,413,paragraph
this,771,397,795,413,paragraph
region.,799,397,844,413,paragraph
is,82,403,93,418,paragraph
packed,100,403,146,418,paragraph
with,152,403,181,418,paragraph
gas,188,403,209,418,paragraph
"streams,",216,403,270,418,paragraph
dark,277,403,306,418,paragraph
"matter,",312,403,357,418,paragraph
a,365,403,372,418,paragraph
puzzling,378,403,434,418,paragraph
young,441,403,482,418,paragraph
A,533,411,545,426,paragraph
population,551,411,621,426,paragraph
of,627,411,640,426,paragraph
"electrons,",647,411,709,426,paragraph
even,716,411,746,426,paragraph
if,752,411,762,426,paragraph
their,768,411,798,426,paragraph
velocity,804,411,857,426,paragraph
distribu-,863,411,918,426,paragraph
massive,82,416,134,431,paragraph
stellar,139,416,179,431,paragraph
"population,",183,416,257,431,paragraph
and,262,416,285,431,paragraph
remnants,290,416,350,431,paragraph
of,354,416,368,431,paragraph
a,373,416,380,431,paragraph
long,385,416,414,431,paragraph
history,418,416,463,431,paragraph
of,468,416,482,431,paragraph
tion,518,424,544,439,paragraph
is,548,424,559,439,paragraph
"isotropic,",563,424,624,439,paragraph
will,628,424,653,439,paragraph
thus,657,424,684,439,paragraph
encounter,688,424,752,439,paragraph
anisotropic,756,424,828,439,paragraph
photon,832,424,878,439,paragraph
back-,882,424,918,439,paragraph
star,82,429,106,444,paragraph
"formation,",112,429,181,444,paragraph
all,188,429,204,444,paragraph
encircled,211,429,270,444,paragraph
by,277,429,293,444,paragraph
a,299,429,307,444,paragraph
dusty,313,429,348,444,paragraph
circumnuclear,355,429,448,444,paragraph
disk,455,429,482,444,paragraph
grounds.,518,437,575,452,paragraph
Since,580,437,616,452,paragraph
head-to-head,619,437,704,452,paragraph
scatterings,708,437,778,452,paragraph
result,781,437,817,452,paragraph
in,821,437,833,452,paragraph
more,837,437,870,452,paragraph
energy,874,437,918,452,paragraph
(Genzel,82,442,134,458,paragraph
et,139,442,151,458,paragraph
al.,156,442,171,458,paragraph
2010).,176,442,218,458,paragraph
In,226,442,240,458,paragraph
the,245,442,265,458,paragraph
middle,269,442,315,458,paragraph
of,320,442,333,458,paragraph
this,338,442,362,458,paragraph
is,367,442,377,458,paragraph
a,382,442,390,458,paragraph
supermassive,395,442,482,458,paragraph
∗,262,450,268,465,paragraph
"transfer,",518,451,572,466,paragraph
the,575,451,595,466,paragraph
resulting,598,451,655,466,paragraph
inverse,658,451,704,466,paragraph
Compton,707,451,768,466,paragraph
spectrum,771,451,831,466,paragraph
thus,834,451,861,466,paragraph
depends,864,451,918,466,paragraph
black,82,456,118,471,paragraph
hole,122,456,150,471,paragraph
(hereafter,155,456,218,471,paragraph
Sgr,223,456,245,471,paragraph
A,250,456,262,471,paragraph
),269,456,275,471,paragraph
that,279,456,304,471,paragraph
typically,308,456,365,471,paragraph
emits,370,456,405,471,paragraph
well,410,456,438,471,paragraph
below,442,456,482,471,paragraph
on,518,464,535,479,paragraph
the,539,464,559,479,paragraph
direction,564,464,622,479,paragraph
to,627,464,639,479,paragraph
the,644,464,664,479,paragraph
observer.,668,464,727,479,paragraph
"Moreover,",734,464,801,479,paragraph
gamma,806,464,854,479,paragraph
rays,859,464,886,479,paragraph
pro-,891,464,918,479,paragraph
"Eddington,",82,469,154,484,paragraph
though,159,469,204,484,paragraph
with,208,469,237,484,paragraph
ﬂares,242,469,277,484,paragraph
that,281,469,306,484,paragraph
occasionally,310,469,392,484,paragraph
reach,396,469,431,484,paragraph
at,436,469,447,484,paragraph
least,452,469,482,484,paragraph
duced,518,477,557,492,paragraph
via,562,477,582,492,paragraph
this,586,477,609,492,paragraph
or,614,477,627,492,paragraph
other,632,477,665,492,paragraph
processes,669,477,732,492,paragraph
can,736,477,759,492,paragraph
in,763,477,776,492,paragraph
turn,780,477,806,492,paragraph
be,811,477,826,492,paragraph
attenuated,830,477,897,492,paragraph
by,901,477,918,492,paragraph
into,82,482,108,497,paragraph
hard,112,482,141,497,paragraph
X-rays,145,482,189,497,paragraph
(Barriere,193,482,252,497,paragraph
et,256,482,268,497,paragraph
al.,272,482,288,497,paragraph
2014).,292,482,334,497,paragraph
interacting,518,490,588,506,paragraph
with,592,490,621,506,paragraph
a,625,490,633,506,paragraph
background,637,490,713,506,paragraph
photon,718,490,763,506,paragraph
to,767,490,780,506,paragraph
produce,784,490,836,506,paragraph
an,840,490,856,506,paragraph
electron-,860,490,918,506,paragraph
It,97,496,107,511,paragraph
is,113,496,124,511,paragraph
easy,130,496,158,511,paragraph
to,164,496,177,511,paragraph
imagine,183,496,235,511,paragraph
substantial,241,496,311,511,paragraph
concentrations,316,496,411,511,paragraph
of,417,496,431,511,paragraph
photon,436,496,482,511,paragraph
positron,518,504,572,519,paragraph
"pair,",578,504,607,519,paragraph
the,614,504,634,519,paragraph
probability,640,504,712,519,paragraph
of,718,504,732,519,paragraph
which,738,504,778,519,paragraph
is,784,504,795,519,paragraph
dependent,802,504,869,519,paragraph
on,875,504,891,519,paragraph
the,898,504,918,519,paragraph
emission,82,509,140,524,paragraph
and,145,509,169,524,paragraph
energetic,173,509,233,524,paragraph
particles,238,509,293,524,paragraph
within,298,509,339,524,paragraph
this,344,509,368,524,paragraph
region.,373,509,418,524,paragraph
Much,425,509,463,524,paragraph
of,468,509,482,524,paragraph
path,518,517,546,532,paragraph
taken,551,517,586,532,paragraph
to,590,517,602,532,paragraph
the,606,517,626,532,paragraph
telescope.,630,517,695,532,paragraph
the,82,522,102,537,paragraph
bolometric,106,522,176,537,paragraph
luminosity,180,522,249,537,paragraph
has,253,522,275,537,paragraph
now,278,522,306,537,paragraph
been,309,522,340,537,paragraph
identiﬁed,344,522,405,537,paragraph
as,409,522,422,537,paragraph
originat-,426,522,482,537,paragraph
We,533,530,554,545,paragraph
construct,559,530,618,545,paragraph
a,622,530,630,545,paragraph
phenomenological,634,530,754,545,paragraph
energy,758,530,802,545,paragraph
and,806,530,830,545,paragraph
angle,834,530,869,545,paragraph
depen-,873,530,918,545,paragraph
ing,82,535,103,551,paragraph
from,108,535,139,551,paragraph
the,144,535,164,551,paragraph
aforementioned,168,535,270,551,paragraph
massive,274,535,326,551,paragraph
stars,331,535,361,551,paragraph
that,365,535,389,551,paragraph
in,394,535,406,551,paragraph
turn,411,535,437,551,paragraph
power,441,535,482,551,paragraph
dent,518,544,546,559,paragraph
photon,550,544,595,559,paragraph
ﬁeld,598,544,627,559,paragraph
in,631,544,644,559,paragraph
the,647,544,667,559,paragraph
central,670,544,714,559,paragraph
parsec,718,544,759,559,paragraph
based,763,544,800,559,paragraph
on,803,544,820,559,paragraph
recent,823,544,863,559,paragraph
infrared,866,544,918,559,paragraph
the,82,549,102,564,paragraph
infrared,107,549,158,564,paragraph
output,163,549,205,564,paragraph
from,209,549,241,564,paragraph
dust,246,549,273,564,paragraph
in,277,549,290,564,paragraph
the,295,549,315,564,paragraph
circumnuclear,319,549,412,564,paragraph
disk,417,549,444,564,paragraph
"(e.g.,",449,549,482,564,paragraph
data,518,557,546,572,paragraph
to,551,557,564,572,paragraph
achieve,569,557,618,572,paragraph
a,623,557,631,572,paragraph
basic,636,557,669,572,paragraph
agreement,675,557,743,572,paragraph
with,748,557,777,572,paragraph
the,782,557,802,572,paragraph
measured,807,557,870,572,paragraph
broad-,875,557,918,572,paragraph
Davidson,82,562,144,577,paragraph
et,149,562,160,577,paragraph
al.,164,562,180,577,paragraph
1992;,184,562,221,577,paragraph
Krabbe,225,562,273,577,paragraph
et,277,562,289,577,paragraph
al.,293,562,309,577,paragraph
1995;,313,562,350,577,paragraph
Genzel,354,562,400,577,paragraph
et,404,562,416,577,paragraph
al.,420,562,436,577,paragraph
2010).,440,562,482,577,paragraph
band,518,570,550,585,paragraph
spectrum,553,570,613,585,paragraph
and,616,570,640,585,paragraph
morphology,643,570,722,585,paragraph
of,725,570,739,585,paragraph
the,742,570,762,585,paragraph
various,765,570,813,585,paragraph
emissions.,816,570,884,585,paragraph
This,889,570,918,585,paragraph
The,82,575,108,590,paragraph
many,113,575,149,590,paragraph
matters,155,575,202,590,paragraph
of,208,575,221,590,paragraph
central,227,575,271,590,paragraph
import,277,575,320,590,paragraph
left,325,575,347,590,paragraph
to,353,575,365,590,paragraph
be,371,575,386,590,paragraph
resolved,391,575,446,590,paragraph
span,452,575,482,590,paragraph
is,518,583,529,599,paragraph
used,534,583,564,599,paragraph
to,568,583,581,599,paragraph
better,586,583,623,599,paragraph
describe,627,583,681,599,paragraph
the,686,583,706,599,paragraph
inverse,710,583,757,599,paragraph
Compton,761,583,822,599,paragraph
scattering,826,583,890,599,paragraph
and,894,583,918,599,paragraph
the,82,588,102,604,paragraph
spectrum,106,588,166,604,paragraph
of,170,588,184,604,paragraph
"photons,",188,588,243,604,paragraph
cosmic,247,588,294,604,paragraph
"rays,",298,588,329,604,paragraph
and,333,588,356,604,paragraph
neutrinos.,360,588,425,604,paragraph
→,541,590,557,612,paragraph
−,587,591,597,606,paragraph
Our,97,602,122,617,paragraph
purpose,126,602,178,617,paragraph
is,182,602,193,617,paragraph
to,196,602,209,617,paragraph
address,213,602,262,617,paragraph
aspects,266,602,313,617,paragraph
related,316,602,361,617,paragraph
to,365,602,377,617,paragraph
those,381,602,415,617,paragraph
mysteries,419,602,482,617,paragraph
γγ,518,599,536,612,paragraph
e+e,561,598,587,612,paragraph
"extinction,",603,597,672,612,paragraph
which,677,597,717,612,paragraph
have,722,597,752,612,paragraph
a,757,597,764,612,paragraph
similar,769,597,814,612,paragraph
dependence,820,597,896,612,paragraph
on,901,597,918,612,paragraph
the,518,610,538,625,paragraph
geometry,542,610,604,625,paragraph
of,608,610,622,625,paragraph
the,626,610,645,625,paragraph
photon,650,610,695,625,paragraph
background.,699,610,780,625,paragraph
that,82,615,107,630,paragraph
plausibly,111,615,171,630,paragraph
involve,176,615,223,630,paragraph
very,228,615,256,630,paragraph
energetic,261,615,320,630,paragraph
particles.,325,615,384,630,paragraph
These,390,615,429,630,paragraph
include,434,615,482,630,paragraph
We,533,623,554,638,paragraph
couple,559,623,603,638,paragraph
these,608,623,641,638,paragraph
with,646,623,675,638,paragraph
a,680,623,688,638,paragraph
convenient,693,623,763,638,paragraph
method,768,623,817,638,paragraph
for,822,623,841,638,paragraph
calculating,846,623,918,638,paragraph
the,82,628,102,643,paragraph
origin,107,628,146,643,paragraph
of,150,628,164,643,paragraph
the,168,628,188,643,paragraph
gamut,193,628,233,643,paragraph
of,238,628,251,643,paragraph
gamma,256,628,304,643,paragraph
rays,308,628,335,643,paragraph
reaching,340,628,396,643,paragraph
to,401,628,413,643,paragraph
>,418,631,430,643,paragraph
10,433,628,449,643,paragraph
TeV,454,628,482,643,paragraph
time-evolved,518,637,603,652,paragraph
electron,609,637,661,652,paragraph
spectra,666,637,712,652,paragraph
in,718,637,730,652,paragraph
examining,736,637,804,652,paragraph
several,809,637,855,652,paragraph
topics,860,637,899,652,paragraph
of,904,637,918,652,paragraph
(Nolan,82,642,128,657,paragraph
et,132,642,144,657,paragraph
al.,149,642,164,657,paragraph
2012;,169,642,206,657,paragraph
Aharonian,211,642,279,657,paragraph
et,284,642,296,657,paragraph
al.,300,642,316,657,paragraph
"2004,",321,642,357,657,paragraph
2009;,362,642,399,657,paragraph
Albert,403,642,445,657,paragraph
et,450,642,461,657,paragraph
al.,466,642,482,657,paragraph
recent,518,650,558,665,paragraph
interest.,562,650,614,665,paragraph
These,619,650,658,665,paragraph
include,662,650,709,665,paragraph
the,713,650,733,665,paragraph
diffuse,737,650,782,665,paragraph
hard,785,650,814,665,paragraph
X-ray,818,650,856,665,paragraph
emission,860,650,918,665,paragraph
2006;,82,655,119,670,paragraph
Archer,124,655,169,670,paragraph
et,173,655,184,670,paragraph
al.,189,655,204,670,paragraph
"2014,",208,655,245,670,paragraph
2016;,249,655,286,670,paragraph
Ahnen,290,655,334,670,paragraph
et,338,655,349,670,paragraph
al.,353,655,369,670,paragraph
2016),373,655,411,670,paragraph
and,415,655,439,670,paragraph
bright,443,655,482,670,paragraph
X-ray,82,668,120,683,paragraph
emission,126,668,184,683,paragraph
with,189,668,218,683,paragraph
non-thermal,223,668,303,683,paragraph
characteristics.,308,668,405,683,paragraph
Such,414,668,447,683,paragraph
pho-,452,668,482,683,paragraph
extending,518,663,582,678,paragraph
to,586,663,598,678,paragraph
>,602,665,615,678,paragraph
40,617,663,634,678,paragraph
keV,637,663,664,678,paragraph
discovered,667,663,737,678,paragraph
by,741,663,757,678,paragraph
NuSTAR,761,663,816,678,paragraph
throughout,819,663,891,678,paragraph
this,894,663,918,678,paragraph
region,518,676,560,692,paragraph
that,563,676,588,692,paragraph
cannot,591,676,635,692,paragraph
be,638,676,654,692,paragraph
simply,657,676,702,692,paragraph
extrapolated,705,676,786,692,paragraph
from,789,676,821,692,paragraph
sources,824,676,873,692,paragraph
preva-,877,676,918,692,paragraph
"tons,",82,681,114,697,paragraph
if,117,681,127,697,paragraph
only,131,681,160,697,paragraph
for,163,681,182,697,paragraph
their,185,681,215,697,paragraph
prime,219,681,257,697,paragraph
location,260,681,313,697,paragraph
at,316,681,328,697,paragraph
the,331,681,351,697,paragraph
center,355,681,394,697,paragraph
of,398,681,411,697,paragraph
the,415,681,435,697,paragraph
Galac-,438,681,482,697,paragraph
lent,518,690,543,705,paragraph
at,546,690,558,705,paragraph
lower,562,690,598,705,paragraph
energies,602,690,656,705,paragraph
(Perez,659,690,701,705,paragraph
et,704,690,716,705,paragraph
al.,719,690,735,705,paragraph
2015;,739,690,776,705,paragraph
Mori,779,690,812,705,paragraph
et,815,690,827,705,paragraph
al.,830,690,846,705,paragraph
2015).,850,690,892,705,paragraph
We,896,690,918,705,paragraph
tic,82,695,99,710,paragraph
"halo,",105,695,137,710,paragraph
are,143,695,163,710,paragraph
of,169,695,182,710,paragraph
great,188,695,221,710,paragraph
"interest,",227,695,279,710,paragraph
such,285,695,315,710,paragraph
as,321,695,334,710,paragraph
the,340,695,360,710,paragraph
signiﬁcant,366,695,434,710,paragraph
excess,439,695,482,710,paragraph
∼,203,701,216,723,paragraph
discuss,518,703,565,718,paragraph
possible,570,703,624,718,paragraph
"attributions,",628,703,706,718,paragraph
including,711,703,773,718,paragraph
synchrotron,777,703,855,718,paragraph
radiation,860,703,918,718,paragraph
of,82,708,96,723,paragraph
gamma,101,708,149,723,paragraph
rays,154,708,181,723,paragraph
at,186,708,198,723,paragraph
10,220,710,236,723,paragraph
GeV,241,708,272,723,paragraph
that,277,708,302,723,paragraph
has,307,708,328,723,paragraph
produced,334,708,394,723,paragraph
considerable,399,708,482,723,paragraph
(cid:38),554,710,567,729,paragraph
from,518,716,550,731,paragraph
100,570,716,594,731,paragraph
TeV,598,716,626,731,paragraph
"electrons,",630,716,693,731,paragraph
and,697,716,720,731,paragraph
connections,724,716,802,731,paragraph
to,806,716,819,731,paragraph
gamma,823,716,871,731,paragraph
rays.,875,716,906,731,paragraph
excitement,82,721,154,736,paragraph
"(e.g.,",159,721,192,736,paragraph
Abazajian,199,721,265,736,paragraph
et,270,721,282,736,paragraph
al.,288,721,304,736,paragraph
2014;,310,721,347,736,paragraph
Daylan,353,721,400,736,paragraph
et,405,721,417,736,paragraph
al.,423,721,439,736,paragraph
2014;,445,721,482,736,paragraph
We,533,730,554,745,paragraph
also,559,730,585,745,paragraph
consider,589,730,644,745,paragraph
contributions,648,730,734,745,paragraph
from,738,730,770,745,paragraph
pulsar,774,730,814,745,paragraph
electrons,818,730,877,745,paragraph
to,881,730,894,745,paragraph
the,898,730,918,745,paragraph
Calore,82,735,126,750,paragraph
et,130,735,142,750,paragraph
al.,146,735,162,750,paragraph
2015;,166,735,203,750,paragraph
Ajello,207,735,247,750,paragraph
et,252,735,263,750,paragraph
al.,267,735,283,750,paragraph
2016).,287,735,329,750,paragraph
GeV,518,743,549,758,paragraph
signal,553,743,592,758,paragraph
seen,596,743,625,758,paragraph
from,629,743,661,758,paragraph
the,665,743,684,758,paragraph
Galactic,688,743,743,758,paragraph
Center,747,743,790,758,paragraph
by,794,743,810,758,paragraph
Fermi,814,743,853,758,paragraph
(Acero,857,743,902,758,paragraph
et,906,743,918,758,paragraph
Our,97,748,122,763,paragraph
focus,127,748,162,763,paragraph
here,167,748,195,763,paragraph
is,199,748,210,763,paragraph
not,215,748,235,763,paragraph
on,240,748,256,763,paragraph
providing,261,748,324,763,paragraph
yet,328,748,348,763,paragraph
another,353,748,401,763,paragraph
explanation,406,748,482,763,paragraph
al.,518,756,534,771,paragraph
2015).,538,756,580,771,paragraph
Kistler,585,756,629,771,paragraph
(2015),633,756,677,771,paragraph
extends,680,756,730,771,paragraph
these,734,756,767,771,paragraph
techniques,771,756,840,771,paragraph
in,844,756,857,771,paragraph
detailing,861,756,918,771,paragraph
for,82,761,101,776,paragraph
such,107,761,137,776,paragraph
anomalies,143,761,209,776,paragraph
(not,215,761,241,776,paragraph
entirely,247,761,296,776,paragraph
"anyway),",302,761,362,776,paragraph
but,368,761,388,776,paragraph
rather,394,761,432,776,paragraph
to,438,761,451,776,paragraph
bet-,456,761,482,776,paragraph
potential,518,769,575,785,paragraph
TeV,580,769,608,785,paragraph
gamma-ray,613,769,687,785,paragraph
signatures,692,769,758,785,paragraph
of,763,769,777,785,paragraph
the,782,769,802,785,paragraph
pulsar,807,769,846,785,paragraph
wind,851,769,884,785,paragraph
neb-,889,769,918,785,paragraph
ter,82,774,100,790,paragraph
understand,105,774,176,790,paragraph
the,182,774,202,790,paragraph
behavior,207,774,264,790,paragraph
of,269,774,283,790,paragraph
high-energy,288,774,367,790,paragraph
particles,372,774,427,790,paragraph
starting,433,774,482,790,paragraph
ula,518,783,538,798,paragraph
(PWN),544,783,591,798,paragraph
G359.95–0.04,596,783,689,798,paragraph
situated,694,783,745,798,paragraph
at,750,783,762,798,paragraph
a,767,783,774,798,paragraph
projected,780,783,840,798,paragraph
distance,846,783,899,798,paragraph
of,904,783,918,798,paragraph
at,82,788,94,803,paragraph
DthReAFCTeVnEtReSrIO—N,97,788,192,805,section
"MelAeYc2tr7o,n2s02a0nd",193,788,286,805,section
gamma,292,788,339,803,paragraph
rays,345,788,373,803,paragraph
in,378,788,391,803,paragraph
particular,397,788,459,803,paragraph
—,465,788,482,803,paragraph
0.3,518,796,539,811,paragraph
pc,543,796,558,811,paragraph
from,562,796,594,811,paragraph
Sgr,598,796,621,811,paragraph
A∗,625,790,643,811,paragraph
(Wang,648,796,691,811,paragraph
et,695,796,707,811,paragraph
al.,711,796,727,811,paragraph
2006;,731,796,768,811,paragraph
Muno,772,796,811,811,paragraph
et,815,796,827,811,paragraph
al.,831,796,847,811,paragraph
2008).,851,796,893,811,paragraph
viaPraepnrinitmtyppersoevt,82,801,173,816,section
uesdingdLeATsEcXrisptytleioenmuolaftetahpjev.r1e2l/e16v/a11nt,172,801,364,817,section
conditions,369,801,436,816,paragraph
in,441,801,454,816,paragraph
this,458,801,482,816,paragraph
unique,82,814,127,829,paragraph
environment.,132,814,218,829,paragraph
For,228,814,250,829,paragraph
"example,",256,814,315,829,paragraph
recent,321,814,361,829,paragraph
high,366,814,395,829,paragraph
spatial,401,814,443,829,paragraph
reso-,449,814,482,829,paragraph
GAMMA,144,860,208,876,paragraph
"RAYS,",212,860,258,876,paragraph
"ELECTRONS,",262,860,359,876,paragraph
HARD,364,860,410,876,paragraph
"X-RAYS,",414,860,477,876,paragraph
AND,481,860,516,876,paragraph
THE,520,860,552,876,paragraph
CENTRAL,556,860,631,876,paragraph
PARSEC,635,860,695,876,paragraph
OF,699,860,720,876,paragraph
THE,724,860,756,876,paragraph
MILKY,760,860,813,876,paragraph
WAY,817,860,852,876,paragraph
MATTHEW,428,881,494,895,author
D.,498,881,513,895,author
KISTLER,517,881,572,895,author
0,122,897,129,909,section
Kavli,138,897,167,909,author
Institute,170,897,213,909,author
for,216,897,231,909,author
Particle,235,897,274,909,author
Astrophysics,277,897,345,909,author
and,349,897,367,909,author
"Cosmology,",371,897,433,909,author
Stanford,436,897,481,909,author
"University,",485,897,541,909,author
SLAC,545,897,577,909,author
National,581,897,626,909,author
Accelerator,629,897,690,909,author
"Laboratory,",693,897,753,909,author
Menlo,756,897,790,909,author
"Park,",794,897,820,909,author
CA,824,897,842,909,author
94025,845,897,878,909,author
