token,x0,y0,x1,y1,label
Microscopic,157,85,298,102,title
study,307,85,373,102,title
of,382,85,404,102,title
induced,413,85,505,102,title
ﬁssion,514,85,586,102,title
dynamics,596,85,706,102,title
of,715,85,737,102,title
226Th,746,83,806,102,title
with,815,85,868,102,title
covariant,299,117,406,134,title
energy,415,117,494,134,title
density,503,117,588,134,title
functionals,597,117,726,134,title
∗,510,151,517,167,paragraph
H.,245,159,265,173,author
"Tao1,",273,158,319,173,author
J.,327,159,343,173,author
"Zhao2,3,",351,158,418,173,author
Z.,427,159,445,173,author
P.,453,159,470,173,author
"Li1,",478,158,510,173,author
T.,526,159,546,173,author
"Nikˇsi´c3,",554,158,620,173,author
and,629,159,661,173,paragraph
D.,669,159,689,173,author
Vretenar3,698,158,779,173,author
1School,317,184,379,199,author
of,389,185,405,199,author
Physical,415,185,485,199,author
Science,494,185,558,199,author
and,567,185,598,199,author
"Technology,",608,185,707,199,author
Southwest,300,211,385,225,author
"University,",394,211,488,225,author
Chongqing,498,211,588,225,author
"400715,",597,211,663,225,author
China,673,211,725,225,author
2Microsystem,318,236,433,252,author
&,443,237,458,252,author
Terahertz,468,237,548,252,author
Research,558,237,633,252,author
"Center,",642,237,706,252,author
China,335,263,386,278,author
Academy,396,263,472,278,author
of,482,263,498,278,author
Engineering,508,263,610,278,author
"Physics,",620,263,690,278,author
Chengdu,344,289,417,304,author
"610200,",427,289,494,304,author
"Sichuan,",504,289,578,304,author
China,589,289,640,304,author
and,650,289,681,304,paragraph
3Physics,330,314,402,330,author
"Department,",411,316,518,330,author
Faculty,528,316,590,330,author
of,600,316,616,330,author
"Science,",626,316,695,330,author
University,317,342,405,356,author
of,414,342,430,356,author
"Zagreb,",440,342,502,356,author
10000,513,342,563,356,author
"Zagreb,",572,342,635,356,author
Croatia,645,342,708,356,author
(Dated:,421,368,481,381,paragraph
May,490,368,525,381,date
"29,",531,368,554,381,date
2020),560,368,604,381,date
Abstract,467,396,557,414,paragraph
Static,139,426,186,438,abstract
and,191,426,220,438,abstract
dynamic,225,426,293,438,abstract
aspects,298,426,356,438,abstract
of,361,426,375,438,abstract
the,380,426,406,438,abstract
ﬁssion,411,426,460,438,abstract
process,465,426,523,438,abstract
of,528,426,542,438,abstract
226Th,547,424,593,438,abstract
are,598,426,622,438,abstract
analyzed,627,426,697,438,abstract
in,702,426,717,438,abstract
a,722,426,731,438,abstract
self-consistent,736,426,848,438,abstract
frame-,853,426,904,438,abstract
work,121,451,159,464,abstract
based,166,451,211,464,abstract
on,218,451,238,464,abstract
relativistic,245,451,329,464,abstract
energy,336,451,388,464,abstract
density,395,451,453,464,abstract
functionals.,460,451,552,464,abstract
Constrained,563,451,660,464,abstract
relativistic,667,451,751,464,abstract
mean-ﬁeld,758,451,841,464,abstract
(RMF),848,451,904,464,abstract
calculations,121,477,214,490,abstract
in,222,477,237,490,abstract
the,245,477,271,490,abstract
collective,278,477,352,490,abstract
space,360,477,403,490,abstract
of,410,477,425,490,abstract
axially,433,477,486,490,abstract
symmetric,494,477,577,490,abstract
quadrupole,585,477,674,490,abstract
and,682,477,712,490,abstract
octupole,719,477,788,490,abstract
"deformations,",796,477,904,490,abstract
based,121,503,165,516,abstract
on,174,503,193,516,abstract
the,201,503,226,516,abstract
energy,235,503,287,516,abstract
density,295,503,352,516,abstract
functional,360,503,440,516,abstract
PC-PK1,449,503,516,516,abstract
and,524,503,554,516,abstract
a,562,503,571,516,abstract
δ-force,579,503,633,516,abstract
"pairing,",641,503,702,516,abstract
are,710,503,735,516,abstract
performed,743,503,825,516,abstract
to,833,503,849,516,abstract
deter-,857,503,904,516,abstract
mine,121,529,159,542,abstract
the,167,529,193,542,abstract
potential,201,529,272,542,abstract
energy,280,529,333,542,abstract
surface,341,529,397,542,abstract
of,405,529,420,542,abstract
the,428,529,453,542,abstract
ﬁssioning,461,529,535,542,abstract
"nucleus,",543,529,607,542,abstract
the,615,529,641,542,abstract
scission,649,529,708,542,abstract
"line,",717,529,750,542,abstract
the,759,529,784,542,abstract
single-nucleon,792,529,904,542,abstract
wave,121,554,159,567,abstract
"functions,",165,554,243,567,abstract
energies,249,554,312,567,abstract
and,318,554,347,567,abstract
occupation,353,554,440,567,abstract
"probabilities,",446,554,550,567,abstract
as,556,554,572,567,abstract
functions,578,554,651,567,abstract
of,657,554,671,567,abstract
deformation,677,554,774,567,abstract
parameters.,779,554,873,567,abstract
In-,881,554,904,567,abstract
duced,121,580,167,593,abstract
ﬁssion,173,580,223,593,abstract
dynamics,229,580,304,593,abstract
is,310,580,322,593,abstract
described,328,580,403,593,abstract
using,409,580,451,593,abstract
the,457,580,483,593,abstract
time-dependent,489,580,613,593,abstract
generator,619,580,694,593,abstract
coordinate,700,580,785,593,abstract
method,791,580,851,593,abstract
in,857,580,873,593,abstract
the,879,580,904,593,abstract
Gaussian,121,606,193,619,abstract
overlap,201,606,258,619,abstract
approximation.,266,606,387,619,abstract
A,400,606,414,619,abstract
collective,422,606,495,619,abstract
Schr¨odinger,503,606,597,619,abstract
"equation,",605,606,678,619,abstract
determined,686,606,776,619,abstract
entirely,784,606,844,619,abstract
by,852,606,871,619,abstract
the,879,606,904,619,abstract
microscopic,121,632,213,645,abstract
single-nucleon,221,632,333,645,abstract
degrees,341,632,399,645,abstract
of,407,632,421,645,abstract
"freedom,",429,632,498,645,abstract
propagates,506,632,593,645,abstract
adiabatically,601,632,703,645,abstract
in,711,632,726,645,abstract
time,734,632,770,645,abstract
the,777,632,803,645,abstract
initial,811,632,858,645,abstract
wave,865,632,904,645,abstract
packet,121,657,172,670,abstract
built,179,657,217,670,abstract
by,224,657,244,670,abstract
boosting,251,657,319,670,abstract
the,327,657,352,670,abstract
ground-state,360,657,461,670,abstract
solution,468,657,531,670,abstract
of,538,657,553,670,abstract
the,561,657,586,670,abstract
collective,593,657,667,670,abstract
Hamiltonian,674,657,773,670,abstract
for,781,657,803,670,abstract
226Th.,810,656,861,670,abstract
The,873,657,904,670,abstract
position,121,683,184,696,abstract
of,190,683,205,696,abstract
the,211,683,237,696,abstract
scission,243,683,302,696,abstract
line,309,683,337,696,abstract
and,343,683,373,696,abstract
the,379,683,405,696,abstract
microscopic,411,683,504,696,abstract
input,510,683,553,696,abstract
for,559,683,581,696,abstract
the,587,683,612,696,abstract
collective,619,683,692,696,abstract
Hamiltonian,698,683,797,696,abstract
are,804,683,828,696,abstract
analyzed,834,683,904,696,abstract
as,121,709,137,722,abstract
functions,143,709,216,722,abstract
of,223,709,238,722,abstract
the,244,709,269,722,abstract
strength,276,709,342,722,abstract
of,349,709,363,722,abstract
the,370,709,395,722,abstract
pairing,402,709,458,722,abstract
interaction.,464,709,556,722,abstract
The,565,709,596,722,abstract
eﬀect,603,709,645,722,abstract
of,651,709,666,722,abstract
static,673,709,716,722,abstract
pairing,723,709,779,722,abstract
correlations,785,709,878,722,abstract
on,885,709,904,722,abstract
the,121,735,146,748,abstract
pre-neutron,152,735,246,748,abstract
emission,251,735,319,748,abstract
charge,325,735,376,748,abstract
yields,382,735,427,748,abstract
and,433,735,463,748,abstract
total,468,735,506,748,abstract
kinetic,512,735,565,748,abstract
energy,571,735,624,748,abstract
of,629,735,644,748,abstract
ﬁssion,650,735,699,748,abstract
fragments,705,735,783,748,abstract
is,789,735,801,748,abstract
examined,807,735,883,748,abstract
in,889,735,904,748,abstract
comparison,121,760,211,773,abstract
with,218,760,254,773,abstract
available,260,760,329,773,abstract
"data,",336,760,377,773,abstract
and,383,760,413,773,abstract
the,419,760,445,773,abstract
distribution,452,760,545,773,abstract
of,552,760,567,773,abstract
ﬁssion,573,760,622,773,abstract
fragments,629,760,708,773,abstract
is,714,760,726,773,abstract
analyzed,733,760,803,773,abstract
for,809,760,831,773,abstract
diﬀerent,838,760,904,773,abstract
values,121,786,169,799,abstract
of,175,786,190,799,abstract
the,196,786,221,799,abstract
initial,228,786,274,799,abstract
excitation,281,786,359,799,abstract
energy.,366,786,422,799,abstract
∗,121,856,127,871,paragraph
Electronic,128,864,202,876,paragraph
address:,208,864,266,876,paragraph
\markcomm{footercolor}{zpliphy@swu.edu.cn},274,865,643,876,paragraph
1,498,898,507,912,paragraph
##LTLine##,121,859,181,859,paragraph
