token,x0,y0,x1,y1,label
6,910,35,918,48,paragraph
S,88,68,98,80,paragraph
[ψ],114,68,134,80,paragraph
by,142,68,159,80,paragraph
a,166,68,174,80,paragraph
quadratic,181,68,249,80,paragraph
form,256,68,289,80,paragraph
of,296,68,309,80,paragraph
a,316,68,324,80,paragraph
real,331,68,358,80,paragraph
bosonic,365,68,418,80,paragraph
ﬁeld,425,68,455,80,paragraph
and,462,68,488,80,paragraph
int,98,73,113,81,paragraph
±,870,73,883,95,paragraph
a,88,82,96,95,paragraph
Fermi-Bose,101,82,181,95,paragraph
interacti(cid:90)on,186,79,263,126,equation
In,534,82,549,95,paragraph
a,556,82,564,95,paragraph
next,571,82,602,95,paragraph
"step,",609,82,643,95,paragraph
one,650,82,674,95,paragraph
performs,681,82,744,95,paragraph
a,751,82,759,95,paragraph
rotation,766,82,823,95,paragraph
from,830,82,863,95,paragraph
-ﬁeld,883,82,918,95,paragraph
space,517,97,556,109,paragraph
to,564,97,578,109,paragraph
Keldysh,586,97,644,109,paragraph
"space,",652,97,694,109,paragraph
using,703,97,740,109,paragraph
the,748,97,771,109,paragraph
involutional,779,97,862,109,paragraph
matrix,870,97,918,109,paragraph
τ,517,111,525,124,paragraph
"L,",532,111,548,124,paragraph
see,555,111,576,124,paragraph
Eq.,583,111,607,124,paragraph
"(12),",614,111,648,124,paragraph
which,655,111,696,124,paragraph
was,703,111,729,124,paragraph
already,736,111,788,124,paragraph
employed,795,111,862,124,paragraph
for,869,111,888,124,paragraph
the,895,111,918,124,paragraph
D,264,116,276,138,equation
1,525,116,531,125,paragraph
eiSint[ψ],171,123,222,138,equation
=,228,125,240,138,equation
φ,277,125,286,138,equation
"eiSb[φ]+iSint[ψ,φ]",289,123,397,138,equation
.,400,125,405,138,equation
(33),459,125,488,138,equation
rotation,517,126,575,138,paragraph
of,582,126,595,138,paragraph
the,602,126,625,138,paragraph
Green,632,126,675,138,paragraph
functions,682,126,747,138,paragraph
in,754,126,768,138,paragraph
Sec.,775,126,803,138,paragraph
.,810,126,815,138,paragraph
"Further,",828,126,886,138,paragraph
one,894,126,918,138,paragraph
deﬁnes,517,140,566,153,paragraph
the,572,140,595,153,paragraph
symmetric,602,140,676,153,paragraph
and,682,140,709,153,paragraph
antisymmetric,716,140,817,153,paragraph
linear,824,140,864,153,paragraph
combi-,870,140,918,153,paragraph
±,622,145,634,167,paragraph
nations,517,154,569,167,paragraph
of,575,154,588,167,paragraph
the,594,154,616,167,paragraph
-ﬁelds,634,154,676,167,paragraph
as,682,154,696,167,paragraph
“classical”,702,154,775,167,paragraph
(c),781,154,801,167,paragraph
and,806,154,833,167,paragraph
“quantum”,838,154,918,167,paragraph
The,104,164,132,177,paragraph
free,137,164,163,177,paragraph
bosonic,169,164,222,177,paragraph
p(cid:90)art,227,161,257,208,equation
is,262,164,273,177,paragraph
given,279,164,316,177,paragraph
by,321,164,339,177,paragraph
(q),517,169,538,182,paragraph
"components,",546,169,635,182,paragraph
"respectively,",644,169,730,182,paragraph
and,739,169,765,182,paragraph
combines,773,169,838,182,paragraph
these,846,169,882,182,paragraph
into,890,169,918,182,paragraph
†,609,175,616,191,paragraph
(cid:18),594,179,606,226,equation
(cid:19),626,179,638,226,equation
(cid:18),687,179,699,226,equation
(cid:19),723,179,735,226,equation
vectors,517,183,567,196,paragraph
"Ψ,",573,183,592,196,paragraph
Ψ,595,183,609,196,paragraph
and,622,183,648,196,paragraph
φ,654,183,665,196,paragraph
as,671,183,685,196,paragraph
1,217,199,225,211,equation
−,313,198,323,214,equation
−,350,198,363,220,equation
S,157,207,167,220,equation
[φ],175,207,193,220,equation
=,198,207,211,220,equation
φ(x)V,268,207,310,220,equation
1(x,323,205,346,220,equation
y)φ(y),366,207,412,220,equation
",",415,207,419,220,equation
(34),459,207,488,220,equation
b,167,212,174,221,equation
2,217,216,225,228,equation
"C,xy",239,215,264,230,equation
Ψ,557,226,572,239,equation
≡,577,217,589,239,equation
(cid:18)Ψc(cid:19),594,215,635,261,equation
≡,642,217,655,239,equation
τ,659,226,666,239,equation
L,674,226,685,239,equation
Ψ(cid:18)+,700,215,722,261,equation
",(cid:19)",741,215,755,261,equation
Ψ†,764,217,785,239,equation
=,791,226,803,239,equation
(Ψ)†,808,218,841,239,equation
",",844,226,849,239,equation
(39),889,226,918,239,equation
Ψ,606,233,618,246,equation
1,666,231,673,240,equation
Ψ−,699,232,722,247,equation
−,167,238,178,253,paragraph
q,618,238,624,247,equation
where,104,246,146,259,paragraph
V,154,246,164,259,paragraph
1,178,245,184,253,paragraph
is,194,246,205,259,paragraph
the,213,246,236,259,paragraph
inverse,245,246,293,259,paragraph
Coulomb,302,246,366,259,paragraph
"interaction,",374,246,455,259,paragraph
un-,465,246,488,259,paragraph
≡,577,252,589,274,equation
φ,606,254,616,267,equation
≡,639,252,652,274,equation
√1,658,252,673,274,equation
φ,722,254,732,267,equation
derstood,88,261,149,273,paragraph
in,158,261,172,273,paragraph
the,181,261,203,273,paragraph
distributional,212,261,308,273,paragraph
sense.,317,261,358,273,paragraph
The,375,261,403,273,paragraph
interaction,412,261,488,273,paragraph
φ,560,262,572,274,equation
c,616,259,622,268,equation
τ,682,262,689,274,equation
L,696,262,707,274,equation
+,732,259,742,268,equation
.,760,262,765,274,equation
(40),889,262,918,274,equation
term,88,275,121,288,paragraph
contains,129,275,188,288,paragraph
a,196,275,204,288,paragraph
trilinear,212,275,270,288,paragraph
Yukawa-type,278,275,369,288,paragraph
interaction,377,275,454,288,paragraph
and,462,275,488,288,paragraph
φq,606,269,621,282,equation
2,672,272,680,284,equation
1,689,266,696,275,equation
φ−,722,267,742,282,equation
a,88,289,96,302,paragraph
linear,103,289,143,302,paragraph
"term,",150,289,188,302,paragraph
describing,195,289,267,302,paragraph
the,274,289,296,302,paragraph
coupling,303,289,363,302,paragraph
of,370,289,383,302,paragraph
the,390,289,413,302,paragraph
Hubbard-,420,289,488,302,paragraph
Stratonovich,88,304,178,316,paragraph
boson(cid:90),181,300,224,347,equation
to,226,304,241,316,paragraph
the,244,304,267,316,paragraph
ba(cid:0)ckground,271,304,353,354,equation
charge,357,304,402,316,paragraph
de(cid:1)nsity,406,304,457,354,equation
n˜(x),460,304,492,316,paragraph
T†he,534,299,562,321,paragraph
source,566,299,610,312,paragraph
ﬁelds,614,299,650,312,paragraph
are,654,299,676,312,paragraph
rotated,680,299,731,312,paragraph
and,735,299,761,312,paragraph
combined,765,299,833,312,paragraph
into,837,299,864,312,paragraph
vectors,868,299,918,312,paragraph
"η,",517,314,532,326,paragraph
η,535,314,545,326,paragraph
and,559,314,586,326,paragraph
J,592,314,602,326,paragraph
likewise.,610,314,669,326,paragraph
Two,679,314,710,326,paragraph
remarks,716,314,773,326,paragraph
are,780,314,801,326,paragraph
in,808,314,821,326,paragraph
order.,828,314,869,326,paragraph
"First,",879,314,918,326,paragraph
the,517,328,540,341,paragraph
mapping,546,328,608,341,paragraph
of,614,328,627,341,paragraph
the,633,328,656,341,paragraph
bosonic,662,328,715,341,paragraph
source,721,328,766,341,paragraph
term,772,328,806,341,paragraph
yields,812,328,852,341,paragraph
an,858,328,876,341,paragraph
addi-,882,328,918,341,paragraph
−,199,338,212,359,equation
†,301,338,307,354,equation
−,368,338,380,359,equation
tional,517,343,558,355,paragraph
factor,565,343,606,355,paragraph
of,612,343,625,355,paragraph
"two,",632,343,662,355,paragraph
due,668,343,694,355,paragraph
to,700,343,715,355,paragraph
our,721,343,745,355,paragraph
choice,751,343,794,355,paragraph
of,801,343,814,355,paragraph
normalization,820,343,918,355,paragraph
S,114,347,124,359,equation
"[ψ,",140,347,161,359,equation
φ],163,347,178,359,equation
=,182,347,195,359,equation
φ(x),246,347,278,359,equation
Ψ,288,347,301,359,equation
(x)Ψ(x),307,347,364,359,equation
n˜(x),384,347,416,359,equation
.,428,347,433,359,equation
(35),459,347,488,359,equation
int,124,352,140,361,equation
C,224,355,231,370,equation
in,517,357,531,370,paragraph
Eq.,538,357,562,370,paragraph
"(40),",569,357,602,370,paragraph
which,609,357,651,370,paragraph
we,657,357,676,370,paragraph
choose,683,357,729,370,paragraph
to,736,357,750,370,paragraph
absorb,757,357,804,370,paragraph
into,811,357,838,370,paragraph
a,845,357,853,370,paragraph
redeﬁni-,860,357,918,370,paragraph
",x",231,361,243,370,equation
tion,517,372,546,384,paragraph
of,553,372,566,384,paragraph
J.,573,372,590,384,paragraph
The,603,372,631,384,paragraph
second,638,372,685,384,paragraph
remark,692,372,743,384,paragraph
is,750,372,761,384,paragraph
concerned,768,372,839,384,paragraph
about,846,372,887,384,paragraph
our,894,372,918,384,paragraph
Note,104,386,138,398,paragraph
that,147,386,177,398,paragraph
the,187,386,209,398,paragraph
ﬂuctuating,219,386,296,398,paragraph
Bose,305,386,339,398,paragraph
ﬁeld,348,386,378,398,paragraph
φ,387,386,397,398,paragraph
appears,407,386,462,398,paragraph
on,471,386,488,398,paragraph
deﬁnition,517,386,584,399,paragraph
of,590,386,603,399,paragraph
the,609,386,632,399,paragraph
Keldysh,637,386,695,399,paragraph
rotation,701,386,758,399,paragraph
for,763,386,783,399,paragraph
the,788,386,811,399,paragraph
fermionic,817,386,882,399,paragraph
ﬁeld,888,386,918,399,paragraph
†,532,392,539,408,paragraph
the,88,400,110,413,paragraph
same,117,400,152,413,paragraph
footing,159,400,208,413,paragraph
as,215,400,229,413,paragraph
the,236,400,258,413,paragraph
external,265,400,322,413,paragraph
scalar,329,400,369,413,paragraph
potential,376,400,439,413,paragraph
"ϕ,",445,400,461,413,paragraph
see,467,400,488,413,paragraph
Ψ,517,401,532,413,paragraph
.,540,401,544,413,paragraph
Some,555,401,593,413,paragraph
authors,600,401,654,413,paragraph
prefer,661,401,702,413,paragraph
a,709,401,717,413,paragraph
diﬀerent,724,401,782,413,paragraph
"convention,",789,401,870,413,paragraph
which,877,401,918,413,paragraph
Eq.,88,415,112,427,paragraph
(2).,117,415,143,427,paragraph
was,517,415,543,428,paragraph
originally,548,415,615,428,paragraph
proposed,619,415,683,428,paragraph
by,688,415,705,428,paragraph
Larkin,710,415,756,428,paragraph
and,761,415,787,428,paragraph
Ovchinnikov.58,792,414,898,428,paragraph
In,903,415,918,428,paragraph
We,104,429,127,442,paragraph
generalize,133,429,203,442,paragraph
the,209,429,232,442,paragraph
Hubbard-Stratonovich,238,429,396,442,paragraph
transformed,403,429,488,442,paragraph
a,517,430,526,442,paragraph
purely,530,430,575,442,paragraph
fermionic,579,430,645,442,paragraph
theory,649,430,695,442,paragraph
this,699,430,726,442,paragraph
is,730,430,741,442,paragraph
"reasonable,",745,430,824,442,paragraph
since,829,430,863,442,paragraph
it,867,430,878,442,paragraph
leads,883,430,918,442,paragraph
partition,88,444,150,456,paragraph
function,158,444,217,456,paragraph
by,225,444,242,456,paragraph
introducing,250,444,331,456,paragraph
an,339,444,356,456,paragraph
additional,364,444,436,456,paragraph
source,444,444,488,456,paragraph
to,517,444,532,457,paragraph
a,537,444,545,457,paragraph
certain,551,444,600,457,paragraph
technical,605,444,668,457,paragraph
simpliﬁcation.,673,444,773,457,paragraph
"However,",780,444,844,457,paragraph
this,850,444,876,457,paragraph
mod-,881,444,918,457,paragraph
(cid:124),138,449,145,464,paragraph
term,88,458,121,471,paragraph
φ,128,458,138,471,paragraph
"J,",146,458,161,471,paragraph
so,169,458,183,471,paragraph
that,190,458,220,471,paragraph
it,227,458,238,471,paragraph
gives,245,458,279,471,paragraph
access,286,458,329,471,paragraph
to,336,458,350,471,paragraph
bosonic,357,458,410,471,paragraph
as,417,458,432,471,paragraph
well,439,458,467,471,paragraph
as,474,458,488,471,paragraph
iﬁed,517,459,547,471,paragraph
rotation,554,459,611,471,paragraph
is,617,459,628,471,paragraph
not,635,459,658,471,paragraph
possible,665,459,720,471,paragraph
for,727,459,746,471,paragraph
bosons.,753,459,805,471,paragraph
In,815,459,830,471,paragraph
the,836,459,859,471,paragraph
context,865,459,918,471,paragraph
mixed,88,473,131,485,paragraph
Fermi-Bose,138,473,218,485,paragraph
correlators.,226,473,306,485,paragraph
The,320,473,348,485,paragraph
generalized,355,473,434,485,paragraph
Fermi-,442,473,488,485,paragraph
of,517,473,531,486,paragraph
the,538,473,560,486,paragraph
coupled,568,473,622,486,paragraph
Fermi-Bose,629,473,709,486,paragraph
theory,716,473,762,486,paragraph
we,769,473,788,486,paragraph
are,795,473,817,486,paragraph
dealing,824,473,875,486,paragraph
"with,",882,473,918,486,paragraph
Bose,88,487,121,500,paragraph
partitio(cid:90)n,126,484,189,531,equation
function,194,487,253,500,paragraph
reads,258,487,295,500,paragraph
the,517,487,540,500,paragraph
implementation,547,487,658,500,paragraph
of,664,487,678,500,paragraph
the,684,487,707,500,paragraph
Larkin-Ovchinnikov,714,487,854,500,paragraph
rotation,861,487,918,500,paragraph
would,517,502,560,514,paragraph
lead,564,502,593,514,paragraph
to,597,502,611,514,paragraph
an,615,502,633,514,paragraph
asymmetry,637,502,716,514,paragraph
in,720,502,733,514,paragraph
the,737,502,760,514,paragraph
arising,764,502,811,514,paragraph
Keldysh,815,502,873,514,paragraph
struc-,877,502,918,514,paragraph
D,192,521,205,543,equation
D,216,521,229,543,equation
†D,240,521,260,543,equation
†,343,522,349,532,equation
†,384,522,389,532,equation
(cid:124),420,520,426,531,equation
"tures,",517,516,557,529,paragraph
which,563,516,604,529,paragraph
we,610,516,629,529,paragraph
want,634,516,669,529,paragraph
to,675,516,689,529,paragraph
avoid.,695,516,737,529,paragraph
"Therefore,",745,516,818,529,paragraph
we,824,516,842,529,paragraph
deﬁne,848,516,890,529,paragraph
the,895,516,918,529,paragraph
"Z[η,",103,530,133,543,equation
J],136,530,151,543,equation
=,156,530,168,543,equation
ψ,205,530,216,543,equation
ψ,229,530,240,543,equation
φ,260,530,270,543,equation
"eiS[ψ,φ]+iη",273,528,343,543,equation
Ψ+iΨ,349,528,384,537,equation
η+iφ,390,528,420,537,equation
J,427,528,434,537,equation
",",439,530,444,543,equation
(36),459,530,488,543,equation
Keldysh,517,531,575,543,paragraph
rotation,581,531,638,543,paragraph
as,645,531,659,543,paragraph
proposed,665,531,729,543,paragraph
in,735,531,749,543,paragraph
Eq.,755,531,779,543,paragraph
(39).,786,531,819,543,paragraph
"Further,",829,531,887,543,paragraph
one,894,531,918,543,paragraph
has,517,545,541,558,paragraph
to,547,545,562,558,paragraph
keep,568,545,599,558,paragraph
in,605,545,619,558,paragraph
mind,625,545,661,558,paragraph
that,667,545,697,558,paragraph
the,703,545,726,558,paragraph
naming,732,545,784,558,paragraph
“classical”,790,545,864,558,paragraph
for,870,545,889,558,paragraph
the,895,545,918,558,paragraph
fermions,517,560,578,572,paragraph
is,582,560,593,572,paragraph
just,598,560,625,572,paragraph
terminology.,629,560,717,572,paragraph
For,724,560,748,572,paragraph
the,752,560,775,572,paragraph
bosons,780,560,827,572,paragraph
on,832,560,849,572,paragraph
the,854,560,876,572,paragraph
other,881,560,918,572,paragraph
with,104,569,136,582,paragraph
"S[ψ,",141,569,172,582,paragraph
φ],175,569,189,582,paragraph
=,194,569,207,582,paragraph
S,211,569,221,582,paragraph
[ψ],226,569,247,582,paragraph
+,250,569,263,582,paragraph
S,267,569,277,582,paragraph
[φ],285,569,303,582,paragraph
+,307,569,320,582,paragraph
S,323,569,333,582,paragraph
"[ψ,",350,569,370,582,paragraph
φ].,373,569,392,582,paragraph
It,399,569,411,582,paragraph
fulﬁlls,417,569,460,582,paragraph
the,466,569,488,582,paragraph
f,221,574,226,583,paragraph
b,277,574,284,583,paragraph
int,333,574,349,583,paragraph
hand,517,574,553,587,paragraph
this,558,574,585,587,paragraph
naming,590,574,642,587,paragraph
has,648,574,671,587,paragraph
a,677,574,685,587,paragraph
physical,690,574,747,587,paragraph
meaning.,753,574,817,587,paragraph
same,88,584,123,596,paragraph
normalization,129,584,227,596,paragraph
"condition,",233,584,304,596,paragraph
when,311,584,348,596,paragraph
the,354,584,377,596,paragraph
sources,383,584,434,596,paragraph
are,440,584,462,596,paragraph
set,468,584,488,596,paragraph
We,534,589,556,601,paragraph
here,563,589,593,601,paragraph
summarize,599,589,675,601,paragraph
the,682,589,705,601,paragraph
main,711,589,746,601,paragraph
results,753,589,799,601,paragraph
of,806,589,819,601,paragraph
the,825,589,848,601,paragraph
real-time,855,589,918,601,paragraph
to,88,598,102,611,paragraph
"zero,",108,598,141,611,paragraph
as,147,598,161,611,paragraph
the,167,598,189,611,paragraph
purely,195,598,239,611,paragraph
fermionic,245,598,310,611,paragraph
partition,316,598,378,611,paragraph
function,384,598,442,611,paragraph
mapping,517,603,579,616,paragraph
and,583,603,609,616,paragraph
explain,613,603,664,616,paragraph
the,668,603,691,616,paragraph
structure,695,603,759,616,paragraph
of,763,603,776,616,paragraph
the,780,603,803,616,paragraph
theory,807,603,852,616,paragraph
obtained,856,603,918,616,paragraph
after,517,618,551,630,paragraph
the,555,618,578,630,paragraph
above,583,618,623,630,paragraph
Keldysh,628,618,686,630,paragraph
rotation.,690,618,752,630,paragraph
For,759,618,783,630,paragraph
the,788,618,810,630,paragraph
partition,815,618,877,630,paragraph
func-,882,618,918,630,paragraph
(cid:90),592,628,601,674,equation
tion,517,632,546,645,paragraph
"Z[η,",551,632,583,645,paragraph
J],585,632,602,645,paragraph
we,607,632,626,645,paragraph
ﬁnd,631,632,658,645,paragraph
"Z[0,",247,637,276,650,equation
0],279,637,292,650,equation
=,296,637,309,650,equation
1,314,637,322,650,equation
.,324,637,329,650,equation
(37),459,637,488,650,equation
D,611,665,623,686,equation
D,637,665,649,686,equation
†D,663,665,683,686,equation
†,772,665,778,676,equation
†,828,665,834,676,equation
(cid:124),879,664,886,675,equation
C.,176,676,194,687,section
Real-time,211,676,285,687,section
representation,291,676,400,687,section
"Z[η,",519,674,551,686,equation
J],554,674,570,686,equation
=,575,674,587,686,equation
ψ,624,674,636,686,equation
ψ,650,674,662,686,equation
φ,683,674,695,686,equation
"eiS[ψ,φ]+iη",698,672,771,686,equation
τ1Ψ+iΨ,778,672,828,681,equation
τ1η+iφ,835,672,879,681,equation
τ1J,887,672,907,681,equation
.,912,674,916,686,equation
(41),889,696,918,709,equation
Although,104,707,170,720,paragraph
the,179,707,201,720,paragraph
contour-time,209,707,300,720,paragraph
representation,308,707,409,720,paragraph
allows,418,707,461,720,paragraph
for,469,707,488,720,paragraph
a,88,722,96,734,paragraph
compact,104,722,164,734,paragraph
and,172,722,198,734,paragraph
concise,207,722,257,734,paragraph
notation,265,722,325,734,paragraph
during,333,722,379,734,paragraph
any,388,722,413,734,paragraph
step,421,722,450,734,paragraph
of,459,722,472,734,paragraph
a,480,722,488,734,paragraph
We,534,725,556,738,paragraph
have,562,725,594,738,paragraph
used,599,725,631,738,paragraph
h(cid:90)ere(cid:0)the,637,722,694,775,equation
short-ha(cid:1)nd,700,725,777,775,equation
n(cid:18)otation(cid:19),782,721,850,768,equation
"calculation,",88,736,169,749,paragraph
it,176,736,187,749,paragraph
is,194,736,205,749,paragraph
desirable,212,736,274,749,paragraph
to,281,736,296,749,paragraph
formulate,303,736,371,749,paragraph
the,377,736,400,749,paragraph
theory,407,736,453,749,paragraph
in,460,736,473,749,paragraph
a,480,736,488,749,paragraph
single-valued,88,751,179,763,paragraph
“physical”,185,751,259,763,paragraph
time,265,751,297,763,paragraph
which,303,751,344,763,paragraph
appeals,351,751,404,763,paragraph
to,410,751,425,763,paragraph
physical,431,751,488,763,paragraph
†,586,759,593,775,equation
≡,627,759,640,781,equation
†,681,760,687,775,equation
†,728,760,734,775,equation
Ψ,796,760,809,773,equation
(x),815,760,837,773,equation
iCntiuntitoiofnorawnadrdtr(aCn+sp)aarnendcby.acHkewraertdo,88,765,333,793,paragraph
o(Cn−e,337,765,363,793,paragraph
")spblritasntchhe,",364,765,430,792,paragraph
cthonerteobuyr,434,765,488,792,paragraph
η,576,768,586,781,equation
τ1Ψ,594,768,623,782,equation
x,654,782,661,791,equation
ηc(x),672,768,709,783,equation
ηq(x),719,768,756,783,equation
τ1,767,768,780,782,equation
Ψqc(x),796,765,838,789,equation
",",855,768,860,781,equation
(42),889,768,918,781,equation
deﬁning,88,794,144,807,paragraph
a,149,794,157,807,paragraph
doubled,163,794,219,807,paragraph
set,224,794,244,807,paragraph
of,249,794,262,807,paragraph
"ﬁelds,",268,794,308,807,paragraph
Ψ±,314,792,337,808,paragraph
and,343,794,369,807,paragraph
"φ±,",374,792,399,808,paragraph
allocated,405,794,468,807,paragraph
to,474,794,488,807,paragraph
the,88,808,110,821,paragraph
respective(cid:90)branch,116,805,240,852,equation
in,534,806,547,818,paragraph
which,555,806,596,818,paragraph
the,603,806,626,818,paragraph
Pauli,633,806,670,818,paragraph
matrix,677,806,725,818,paragraph
τ1,732,806,746,820,paragraph
acts,754,806,782,818,paragraph
in,790,806,803,818,paragraph
Keldysh,810,806,868,818,paragraph
"space,",875,806,918,818,paragraph
coupling,517,820,577,833,paragraph
a,584,820,592,833,paragraph
“classical”,599,820,673,833,paragraph
source,680,820,724,833,paragraph
to,731,820,746,833,paragraph
a,753,820,761,833,paragraph
“quantum”,768,820,848,833,paragraph
ﬁeld,855,820,885,833,paragraph
and,892,820,918,833,paragraph
vice,517,835,545,847,paragraph
versa.,551,835,591,847,paragraph
"Further,",599,835,657,847,paragraph
all,663,835,680,847,paragraph
the,685,835,708,847,paragraph
time,714,835,745,847,paragraph
integrations,751,835,835,847,paragraph
are,840,835,862,847,paragraph
deﬁned,867,835,918,847,paragraph
(cid:90),188,840,197,887,equation
(cid:90),314,840,323,887,equation
C,835,840,843,862,paragraph
(cid:90),619,845,628,892,equation
(cid:90),658,845,667,892,equation
(cid:90),717,845,726,892,equation
(cid:90),767,845,776,892,equation
"S[ψ,",118,851,149,864,equation
φ],152,851,166,864,equation
=,170,851,183,864,equation
"L[ψ,",217,851,248,864,equation
φ],251,851,265,864,equation
from,517,849,551,862,paragraph
now,556,849,584,862,paragraph
on,590,849,607,862,paragraph
along,613,849,650,862,paragraph
the,656,849,679,862,paragraph
forward,684,849,738,862,paragraph
time,744,849,775,862,paragraph
branch,781,849,829,862,paragraph
+,843,854,853,863,paragraph
only,859,849,890,862,paragraph
C,197,859,204,875,equation
",t",204,866,213,875,equation
∞,733,874,746,890,equation
=,170,887,183,899,equation
C,197,895,204,910,equation
"L[ψ+,",225,887,267,900,equation
φ+],269,887,294,900,equation
+,298,887,311,899,equation
C,323,895,330,910,equation
"L[ψ−,",352,885,394,900,equation
φ−],397,885,422,900,equation
.,425,887,429,899,equation
(38),459,887,488,899,equation
≡,641,882,653,904,equation
=,700,892,712,904,equation
dt,750,892,764,904,equation
d2r,786,890,809,904,equation
.,812,892,817,904,equation
(43),889,892,918,904,equation
"+,t",204,901,222,911,equation
"−,t",330,900,349,911,equation
x,628,906,635,915,equation
"C+,x",667,900,694,916,equation
t0,726,906,736,916,equation
##LTLine##,217,214,225,214,equation
##LTLine##,658,269,680,269,equation
##LTLine##,672,271,680,271,equation
