token,x0,y0,x1,y1,label
i-secondary,117,94,206,108,paragraph
endpoints,214,94,289,108,paragraph
touching,296,94,363,108,paragraph
ui,371,91,387,107,paragraph
to,395,94,411,108,paragraph
i-primary,418,94,492,108,paragraph
"endpoints,",500,94,580,108,paragraph
and,588,94,617,108,paragraph
all,624,94,643,108,paragraph
i-primary,651,94,725,108,paragraph
endpoints,732,94,808,108,paragraph
touching,815,94,882,108,paragraph
ui,117,108,133,124,paragraph
associated,140,111,219,125,paragraph
with,226,111,260,125,paragraph
non-replacement,267,111,395,125,paragraph
edges,402,111,443,125,paragraph
are,450,111,474,125,paragraph
promoted,480,111,554,125,paragraph
to,561,111,577,125,paragraph
(i,583,111,596,125,paragraph
+,601,111,614,125,paragraph
1)-secondary,619,111,717,125,paragraph
endpoints.,724,111,804,125,paragraph
The,814,111,845,125,paragraph
ﬁrst,851,111,882,125,paragraph
batch,117,128,160,142,paragraph
sampling,166,128,236,142,paragraph
test,242,128,270,142,paragraph
costs,276,128,314,142,paragraph
T,291,157,302,171,paragraph
=,314,157,328,171,paragraph
O(min((s,333,157,406,171,paragraph
+,410,157,424,171,paragraph
s,428,157,436,171,paragraph
),444,157,451,171,paragraph
log,454,157,477,171,paragraph
log,480,157,503,171,paragraph
"n,",506,157,521,171,paragraph
log,527,157,550,171,paragraph
log,553,157,576,171,paragraph
s,579,157,588,171,paragraph
log,591,157,613,171,paragraph
n,617,157,627,171,paragraph
log,630,157,653,171,paragraph
log,656,157,679,171,paragraph
n)).,682,157,712,171,paragraph
1,302,161,308,171,paragraph
2,436,161,443,171,paragraph
The,117,189,148,203,paragraph
second,154,189,205,203,paragraph
batch,211,189,254,203,paragraph
sampling,260,189,330,203,paragraph
"test,",336,189,369,203,paragraph
if,375,189,386,203,paragraph
"invoked,",392,189,456,203,paragraph
costs,462,189,499,203,paragraph
T,291,222,302,236,paragraph
=,314,222,328,236,paragraph
O(min((s,333,222,406,236,paragraph
+,410,222,424,236,paragraph
s,428,222,436,236,paragraph
),444,222,451,236,paragraph
log,454,222,477,236,paragraph
log,480,222,503,236,paragraph
"n,",506,222,521,236,paragraph
log,524,222,547,236,paragraph
s,550,222,559,236,paragraph
log,562,222,584,236,paragraph
n,588,222,598,236,paragraph
log,601,222,624,236,paragraph
log,627,222,650,236,paragraph
n)).,653,222,683,236,paragraph
2,302,226,308,236,paragraph
2,436,226,443,236,paragraph
The,117,254,148,268,paragraph
enumeration,154,254,250,268,paragraph
"procedure,",256,254,338,268,paragraph
if,344,254,354,268,paragraph
"invoked,",360,254,424,268,paragraph
costs,430,254,468,268,paragraph
T,287,287,298,300,paragraph
=,314,287,328,300,paragraph
O((s,333,287,369,300,paragraph
+,373,287,387,300,paragraph
s,391,287,399,300,paragraph
)(log,407,287,444,300,paragraph
log,447,287,470,300,paragraph
n)2),473,283,505,300,paragraph
E,298,291,308,301,paragraph
2,399,291,406,301,paragraph
"time,",117,317,157,330,paragraph
where,164,317,210,330,paragraph
s,217,317,225,330,paragraph
is,240,317,252,330,paragraph
the,259,317,283,330,paragraph
number,290,317,349,330,paragraph
of,356,317,371,330,paragraph
i-secondary,378,317,467,330,paragraph
endpoints,474,317,549,330,paragraph
touching,556,317,623,330,paragraph
ui.,630,314,651,330,paragraph
Let,663,317,689,330,paragraph
ρ,696,317,705,330,paragraph
be,712,317,730,330,paragraph
the,737,317,762,330,paragraph
fraction,769,317,829,330,paragraph
of,836,317,850,330,paragraph
the,857,317,882,330,paragraph
2,225,321,232,331,paragraph
i-primary,117,334,191,348,paragraph
endpoints,199,334,275,348,paragraph
touching,283,334,350,348,paragraph
ui,358,331,374,347,paragraph
associated,383,334,462,348,paragraph
with,470,334,504,348,paragraph
replacement,512,334,606,348,paragraph
edges,614,334,656,348,paragraph
before,664,334,712,348,paragraph
the,720,334,745,348,paragraph
execution,753,334,826,348,paragraph
of,835,334,849,348,paragraph
the,857,334,882,348,paragraph
sampling,117,351,187,365,paragraph
procedure.,193,351,274,365,paragraph
The,282,351,313,365,paragraph
rest,319,351,348,365,paragraph
of,354,351,368,365,paragraph
the,374,351,399,365,paragraph
analysis,405,351,466,365,paragraph
is,472,351,484,365,paragraph
separated,490,351,564,365,paragraph
into,570,351,600,365,paragraph
two,606,351,634,365,paragraph
cases:,640,351,684,365,paragraph
Case,117,367,159,381,paragraph
1.,166,367,182,381,paragraph
If,191,368,203,382,paragraph
ρ,209,368,218,382,paragraph
≥,224,368,238,391,paragraph
"3/4,",243,368,275,382,paragraph
the,281,368,306,382,paragraph
probability,312,368,397,382,paragraph
that,403,368,436,382,paragraph
the,442,368,467,382,paragraph
ﬁrst,473,368,504,382,paragraph
batch,510,368,553,382,paragraph
sampling,560,368,629,382,paragraph
test,635,368,664,382,paragraph
returns,670,368,726,382,paragraph
with,732,368,767,382,paragraph
a,773,368,782,382,paragraph
replacement,788,368,882,382,paragraph
edge,162,385,196,399,paragraph
is,204,385,215,399,paragraph
at,223,385,238,399,paragraph
least,246,385,281,399,paragraph
1,288,385,297,399,paragraph
−,302,385,316,409,paragraph
(1/4,321,385,354,399,paragraph
+,359,385,373,399,paragraph
o(1))O(log,378,382,450,399,paragraph
log,453,382,470,392,paragraph
s),473,382,485,392,paragraph
>,492,385,506,399,paragraph
1,513,385,522,399,paragraph
−,527,385,541,409,paragraph
1/,545,385,563,399,paragraph
log,566,385,589,399,paragraph
s.4,592,382,612,399,paragraph
The,625,385,655,399,paragraph
second,663,385,714,399,paragraph
batch,721,385,764,399,paragraph
sampling,772,385,841,399,paragraph
"test,",848,385,882,399,paragraph
if,162,402,172,416,paragraph
"invoked,",178,402,242,416,paragraph
returns,248,402,304,416,paragraph
a,310,402,319,416,paragraph
replacement,325,402,418,416,paragraph
edge,425,402,459,416,paragraph
if,465,402,476,416,paragraph
at,482,402,498,416,paragraph
least,504,402,539,416,paragraph
half,545,402,575,416,paragraph
the,581,402,605,416,paragraph
O(log,612,402,655,416,paragraph
s),659,402,674,416,paragraph
endpoints,680,402,755,416,paragraph
sampled,761,402,825,416,paragraph
belong,831,402,882,416,paragraph
to,162,419,178,433,paragraph
replacement,184,419,277,433,paragraph
edges.,283,419,330,433,paragraph
By,338,419,360,433,paragraph
a,367,419,375,433,paragraph
standard,382,419,450,433,paragraph
Chernoﬀ,456,419,523,433,paragraph
"bound,",529,419,583,433,paragraph
the,589,419,614,433,paragraph
probability,620,419,705,433,paragraph
that,711,419,744,433,paragraph
the,750,419,775,433,paragraph
second,781,419,833,433,paragraph
batch,839,419,882,433,paragraph
fails,162,436,194,449,paragraph
to,201,436,217,450,paragraph
return,223,436,271,450,paragraph
a,277,436,286,450,paragraph
replacement,292,436,386,450,paragraph
edge,392,436,426,450,paragraph
and,432,436,461,450,paragraph
halt,467,436,498,450,paragraph
is,504,436,516,450,paragraph
exp(−Ω(log,522,436,612,460,paragraph
s)),615,436,638,450,paragraph
<,643,436,656,450,paragraph
1/s.,661,436,693,450,paragraph
The,162,459,192,473,paragraph
expected,198,459,267,473,paragraph
time,273,459,307,473,paragraph
cost,313,459,344,473,paragraph
is,350,459,362,473,paragraph
therefore,368,459,437,473,paragraph
T,162,487,172,501,paragraph
+,184,487,198,501,paragraph
(1/,201,487,226,501,paragraph
log,229,487,252,501,paragraph
s)T,255,487,281,501,paragraph
+,292,487,306,501,paragraph
(1/s)T,310,487,361,501,paragraph
=,377,487,391,501,paragraph
O((log,396,487,447,501,paragraph
n,450,487,461,501,paragraph
+,465,487,478,501,paragraph
(s,482,487,498,501,paragraph
+,501,487,515,501,paragraph
s,519,487,528,501,paragraph
)/s)(log,535,487,596,501,paragraph
log,599,487,622,501,paragraph
n)2),625,484,658,501,paragraph
=,663,487,676,501,paragraph
O((log,681,487,732,501,paragraph
n,735,487,746,501,paragraph
+,750,487,764,501,paragraph
s,768,487,776,501,paragraph
)(log,784,487,820,501,paragraph
log,824,487,846,501,paragraph
n)2),850,484,882,501,paragraph
1,172,492,179,502,paragraph
2,281,492,288,502,paragraph
E,361,492,371,502,paragraph
2,528,492,534,502,paragraph
2,776,492,783,502,paragraph
and,162,516,190,530,paragraph
is,195,516,207,530,paragraph
charged,212,516,272,530,paragraph
to,276,516,292,530,paragraph
the,297,516,321,530,paragraph
Delete,326,517,382,530,paragraph
operation,387,516,461,530,paragraph
and,465,516,494,530,paragraph
the,498,516,523,530,paragraph
upgrade,528,516,590,530,paragraph
of,595,516,609,530,paragraph
i-secondary,614,516,703,530,paragraph
endpoints,707,516,783,530,paragraph
to,787,516,803,530,paragraph
i-primary,808,516,882,530,paragraph
status.,162,533,213,547,paragraph
Case,117,555,159,569,paragraph
2.,166,555,182,569,paragraph
"Otherwise,",191,556,274,569,paragraph
ρ,281,556,290,569,paragraph
<,296,556,309,569,paragraph
3/4.,315,556,347,569,paragraph
If,356,556,368,569,paragraph
the,374,556,399,569,paragraph
enumeration,405,556,502,569,paragraph
procedure,508,556,585,569,paragraph
is,591,556,603,569,paragraph
ultimately,609,556,689,569,paragraph
"invoked,",695,556,759,569,paragraph
a,766,556,775,569,paragraph
1,781,556,790,569,paragraph
−,794,555,808,579,paragraph
ρ,812,556,821,569,paragraph
=,827,556,841,569,paragraph
Ω(1),846,556,882,569,paragraph
fraction,162,573,222,587,paragraph
of,228,573,242,587,paragraph
the,249,573,274,587,paragraph
i-primary,280,573,354,587,paragraph
endpoints,361,573,436,587,paragraph
touching,442,573,509,587,paragraph
ui,516,570,532,586,paragraph
belong,539,573,590,587,paragraph
to,596,573,612,587,paragraph
non-replacement,619,573,747,587,paragraph
"edges,",753,573,800,587,paragraph
which,807,573,852,587,paragraph
are,858,573,882,587,paragraph
promoted,162,590,236,604,paragraph
to,243,590,258,604,paragraph
depth,265,590,309,604,paragraph
i,316,590,322,604,paragraph
+,326,590,340,604,paragraph
"1,",344,590,358,604,paragraph
and,365,590,394,604,paragraph
all,400,590,419,604,paragraph
s,425,590,434,604,paragraph
i-secondary,448,590,537,604,paragraph
endpoints,543,590,619,604,paragraph
are,625,590,649,604,paragraph
upgraded,656,590,728,604,paragraph
to,734,590,750,604,paragraph
either,757,590,801,604,paragraph
i-primary,808,590,882,604,paragraph
2,434,594,441,604,paragraph
or,162,607,178,621,paragraph
(i,184,607,197,621,paragraph
+,201,607,214,621,paragraph
1)-secondary,218,607,317,621,paragraph
status.,323,607,375,621,paragraph
In,383,607,399,621,paragraph
this,405,607,434,621,paragraph
case,440,607,471,621,paragraph
the,477,607,502,621,paragraph
time,508,607,543,621,paragraph
cost,549,607,580,621,paragraph
is,585,607,597,621,paragraph
T,370,636,381,649,paragraph
+,392,636,406,649,paragraph
T,410,636,421,649,paragraph
+,432,636,446,649,paragraph
T,450,636,461,649,paragraph
=,477,636,491,649,paragraph
O((s,496,636,532,649,paragraph
+,536,636,550,649,paragraph
s,554,636,562,649,paragraph
)(log,570,636,607,649,paragraph
log,610,636,633,649,paragraph
"n)2),",636,632,673,649,paragraph
1,381,640,388,650,paragraph
2,421,640,428,650,paragraph
E,461,640,471,650,paragraph
2,562,640,569,650,paragraph
which,162,664,207,678,paragraph
is,212,664,224,678,paragraph
charged,229,664,289,678,paragraph
to,294,664,310,678,paragraph
the,315,664,340,678,paragraph
promoted/upgrated,345,664,497,678,paragraph
endpoints.,502,664,583,678,paragraph
We,590,664,615,678,paragraph
need,620,664,656,678,paragraph
to,661,664,677,678,paragraph
prove,682,664,724,678,paragraph
that,729,664,762,678,paragraph
the,767,664,792,678,paragraph
probability,797,664,882,678,paragraph
of,162,681,176,695,paragraph
terminating,184,681,275,695,paragraph
after,283,681,319,695,paragraph
the,327,681,352,695,paragraph
second,359,681,411,695,paragraph
batch,419,681,462,695,paragraph
sampling,470,681,539,695,paragraph
test,547,681,576,695,paragraph
is,584,681,596,695,paragraph
suﬃciently,603,681,687,695,paragraph
small.,695,681,740,695,paragraph
If,754,681,766,695,paragraph
ρ,773,681,783,695,paragraph
≥,791,681,805,705,paragraph
1/4,813,681,839,695,paragraph
then,847,681,882,695,paragraph
the,162,699,186,712,paragraph
probability,193,699,278,712,paragraph
of,285,699,299,712,paragraph
the,305,699,330,712,paragraph
ﬁrst,337,699,368,712,paragraph
batch,374,699,417,712,paragraph
sampling,424,699,493,712,paragraph
test,499,699,528,712,paragraph
not,535,698,560,712,paragraph
returning,568,699,640,712,paragraph
a,647,699,656,712,paragraph
replacement,662,699,756,712,paragraph
edge,762,699,797,712,paragraph
is,803,699,815,712,paragraph
at,822,699,838,712,paragraph
most,844,699,882,712,paragraph
(3/4,162,716,195,729,paragraph
+,199,716,213,729,paragraph
o(1))O(log,217,713,289,729,paragraph
log,292,713,310,723,paragraph
s),312,713,324,723,paragraph
<,330,716,344,729,paragraph
1/,349,716,366,729,paragraph
log,369,716,392,729,paragraph
s.,395,716,409,729,paragraph
In,417,716,433,729,paragraph
this,439,716,468,729,paragraph
case,474,716,505,729,paragraph
the,511,716,536,729,paragraph
expected,542,716,610,729,paragraph
cost,616,716,647,729,paragraph
is,653,716,665,729,paragraph
T,373,744,384,758,paragraph
+,395,744,409,758,paragraph
(1/,413,744,438,758,paragraph
log,441,744,464,758,paragraph
s)T,467,744,493,758,paragraph
=,505,744,519,758,paragraph
O(log,524,744,568,758,paragraph
n(log,571,744,612,758,paragraph
log,615,744,638,758,paragraph
n)).,641,744,670,758,paragraph
1,384,749,391,759,paragraph
2,493,749,500,759,paragraph
If,162,773,174,787,paragraph
ρ,178,773,188,787,paragraph
<,193,773,206,787,paragraph
1/4,211,773,238,787,paragraph
"then,",243,773,283,787,paragraph
by,288,773,307,787,paragraph
a,311,773,320,787,paragraph
Chernoﬀ,325,773,392,787,paragraph
"bound,",397,773,451,787,paragraph
the,456,773,481,787,paragraph
probability,486,773,571,787,paragraph
that,576,773,608,787,paragraph
at,613,773,629,787,paragraph
least,634,773,670,787,paragraph
half,674,773,704,787,paragraph
the,709,773,733,787,paragraph
sampled,738,773,802,787,paragraph
endpoints,806,773,882,787,paragraph
belong,162,790,213,804,paragraph
to,219,790,235,804,paragraph
replacement,241,790,335,804,paragraph
edges,341,790,382,804,paragraph
is,389,790,401,804,paragraph
exp(−Ω(log,407,790,497,814,paragraph
s)),501,790,523,804,paragraph
<,528,790,542,804,paragraph
1/s.,547,790,578,804,paragraph
Therefore,587,790,662,804,paragraph
the,668,790,693,804,paragraph
expected,699,790,767,804,paragraph
cost,773,790,804,804,paragraph
when,810,790,851,804,paragraph
the,857,790,882,804,paragraph
enumeration,162,807,258,821,paragraph
procedure,264,807,341,821,paragraph
is,347,807,359,821,paragraph
not,365,807,391,821,paragraph
invoked,397,807,456,821,paragraph
with,462,807,496,821,paragraph
ρ,502,807,511,821,paragraph
<,516,807,530,821,paragraph
1/4,535,807,562,821,paragraph
is,568,807,580,821,paragraph
at,586,807,602,821,paragraph
most,607,807,645,821,paragraph
(1/s)(T,381,836,438,850,paragraph
+,450,836,464,850,paragraph
T,468,836,478,850,paragraph
),486,836,493,850,paragraph
=,498,836,512,850,paragraph
O(log,517,836,560,850,paragraph
n(log,564,836,604,850,paragraph
log,607,836,630,850,paragraph
"n)),",633,836,663,850,paragraph
1,438,840,445,850,paragraph
2,478,840,485,850,paragraph
which,162,865,207,878,paragraph
is,213,865,225,878,paragraph
charged,231,865,291,878,paragraph
to,297,865,312,878,paragraph
the,318,865,343,878,paragraph
Delete,349,865,405,878,paragraph
operation.,411,865,490,878,paragraph
4It,137,898,156,911,footer
is,161,900,171,911,footer
1/4,176,900,198,911,footer
+,202,900,213,911,footer
o(1),217,900,243,911,footer
because,248,900,299,911,footer
the,304,900,325,911,footer
sampling,330,900,389,911,footer
procedure,394,900,458,911,footer
is,464,900,474,911,footer
only,479,900,507,911,footer
(1,512,900,525,911,footer
+,528,900,540,911,footer
o(1))-approximate.,543,900,667,911,footer
29,491,936,508,950,paragraph
##LTLine##,117,895,423,895,paragraph
