token,x0,y0,x1,y1,label
1,914,30,919,41,paragraph
Cooperation,107,56,300,93,title
in,313,56,344,93,title
5G,358,56,405,93,title
HetNets:,419,56,558,93,title
Advanced,572,56,729,93,title
Spectrum,743,56,892,93,title
Access,151,92,262,128,title
and,275,92,332,128,title
D2D,345,92,421,128,title
Assisted,435,92,567,128,title
Communications,581,92,848,128,title
Georgios,80,137,145,154,author
I.,151,137,161,154,author
"Tsiropoulos,",167,137,257,154,author
"Member,",263,137,326,154,author
"IEEE,",332,137,375,154,author
Animesh,381,137,446,154,author
"Yadav,",452,137,500,154,author
"Member,",506,137,568,154,author
"IEEE,",574,137,618,154,author
Ming,624,137,663,154,author
"Zeng,",669,137,710,154,author
Student,716,137,770,154,author
"Member,",776,137,838,154,author
"IEEE,",844,137,888,154,author
and,894,137,919,154,author
Octavia,349,154,404,171,author
A.,410,154,428,171,author
"Dobre,",434,154,483,171,author
Senior,490,154,536,170,author
"Member,",543,154,605,170,author
IEEE,611,154,650,170,author
Abstract,472,210,527,225,paragraph
The,136,230,159,244,abstract
evolution,163,230,218,244,abstract
of,222,230,235,244,abstract
conventional,239,230,314,244,abstract
wireless,318,230,366,244,abstract
communication,370,230,461,244,abstract
networks,465,230,519,244,abstract
to,523,230,535,244,abstract
the,539,230,557,244,abstract
ﬁfth,561,230,585,244,abstract
generation,590,230,651,244,abstract
(5G),656,230,683,244,abstract
is,687,230,697,244,abstract
driven,701,230,738,244,abstract
by,742,230,757,244,abstract
an,761,230,775,244,abstract
explosive,779,230,835,244,abstract
increase,839,230,887,244,abstract
in,112,243,123,256,abstract
the,131,243,149,256,abstract
number,156,243,201,256,abstract
of,209,243,221,256,abstract
wireless,228,243,276,256,abstract
mobile,284,243,325,256,abstract
devices,332,243,376,256,abstract
and,383,243,404,256,abstract
"services,",412,243,463,256,abstract
as,470,243,482,256,abstract
well,490,243,515,256,abstract
as,523,243,535,256,abstract
their,542,243,569,256,abstract
demand,577,243,623,256,abstract
for,631,243,648,256,abstract
all-time,655,243,701,256,abstract
and,708,243,729,256,abstract
everywhere,737,243,805,256,abstract
"connectivity,",812,243,887,256,abstract
high,112,255,138,269,abstract
data,145,255,170,269,abstract
"rates,",177,255,208,269,abstract
low,215,255,237,269,abstract
"latency,",244,255,288,269,abstract
high,295,255,322,269,abstract
energy-efﬁciency,329,255,430,269,abstract
and,437,255,458,269,abstract
improved,465,255,521,269,abstract
quality,528,255,569,269,abstract
of,576,255,588,269,abstract
service.,595,255,640,269,abstract
To,647,255,663,269,abstract
address,670,255,714,269,abstract
these,721,255,751,269,abstract
"challenges,",758,255,823,269,abstract
5G,830,255,848,269,abstract
relies,855,255,887,269,abstract
on,112,268,127,281,abstract
key,134,268,155,281,abstract
"technologies,",163,268,240,281,abstract
such,248,268,275,281,abstract
as,282,268,295,281,abstract
full,302,268,323,281,abstract
duplex,330,268,370,281,abstract
"(FD),",377,268,410,281,abstract
device-to-device,417,268,514,281,abstract
(D2D),522,268,560,281,abstract
"communications,",568,268,668,281,abstract
and,676,268,697,281,abstract
network,704,268,752,281,abstract
densiﬁcation.,760,268,838,281,abstract
In,846,268,858,281,abstract
this,866,268,887,281,abstract
"article,",112,280,152,294,abstract
a,157,280,163,294,abstract
heterogeneous,168,280,252,294,abstract
networking,257,280,323,294,abstract
architecture,328,280,397,294,abstract
is,401,280,411,294,abstract
"envisioned,",415,280,482,294,abstract
where,486,280,522,294,abstract
cells,526,280,553,294,abstract
of,558,280,570,294,abstract
different,574,280,624,294,abstract
sizes,629,280,657,294,abstract
and,662,280,683,294,abstract
radio,687,280,717,294,abstract
access,722,280,759,294,abstract
technologies,764,280,838,294,abstract
coexist.,842,280,887,294,abstract
"Speciﬁcally,",112,293,184,306,abstract
collaboration,189,293,266,306,abstract
for,272,293,289,306,abstract
spectrum,294,293,347,306,abstract
access,353,293,390,306,abstract
is,395,293,405,306,abstract
explored,410,293,461,306,abstract
for,466,293,483,306,abstract
both,488,293,514,306,abstract
FD-,520,293,543,306,abstract
and,548,293,569,306,abstract
cognitive-based,575,293,667,306,abstract
"approaches,",672,293,741,306,abstract
and,746,293,768,306,abstract
cooperation,773,293,842,306,abstract
among,847,293,887,306,abstract
devices,112,305,156,319,abstract
is,163,305,172,319,abstract
discussed,179,305,236,319,abstract
in,243,305,254,319,abstract
the,261,305,279,319,abstract
context,286,305,329,319,abstract
of,336,305,348,319,abstract
the,355,305,373,319,abstract
state-of-the-art,380,305,467,319,abstract
D2D,474,305,502,319,abstract
assisted,509,305,555,319,abstract
communication,562,305,653,319,abstract
paradigm.,660,305,719,319,abstract
The,726,305,749,319,abstract
presented,756,305,812,319,abstract
cooperative,819,305,887,319,abstract
framework,112,318,176,332,abstract
is,181,318,191,332,abstract
expected,196,318,248,332,abstract
to,253,318,264,332,abstract
advance,270,318,317,332,abstract
the,322,318,340,332,abstract
understandings,346,318,434,332,abstract
of,439,318,452,332,abstract
the,457,318,475,332,abstract
critical,480,318,521,332,abstract
technical,526,318,579,332,abstract
issues,584,318,619,332,abstract
towards,624,318,670,332,abstract
dynamic,675,318,726,332,abstract
spectrum,731,318,785,332,abstract
management,790,318,865,332,abstract
for,870,318,887,332,abstract
5G,112,331,130,344,abstract
heterogeneous,135,331,220,344,abstract
networks.,225,331,282,344,abstract
I.,436,369,446,384,section
INTRODUCTION,455,369,563,384,section
"Recently,",96,388,157,403,paragraph
Groupe,163,388,212,403,paragraph
Speciale,219,388,274,403,paragraph
Mobile,280,388,327,403,paragraph
Association,334,388,411,403,paragraph
has,417,388,439,403,paragraph
predicted,446,388,506,403,paragraph
that,513,388,537,403,paragraph
8.9,544,388,564,403,paragraph
billion,571,388,613,403,paragraph
connections,620,388,698,403,paragraph
(excluding,704,388,774,403,paragraph
machine-to-machine),780,388,919,403,paragraph
will,80,403,105,419,paragraph
serve,112,403,146,419,paragraph
5.6,154,403,174,419,paragraph
billion,182,403,224,419,paragraph
unique,232,403,276,419,paragraph
subscribers,284,403,357,419,paragraph
by,364,403,381,419,paragraph
2020,388,403,421,419,paragraph
[1].,428,403,451,419,paragraph
To,459,403,475,419,paragraph
cater,483,403,514,419,paragraph
ever,522,403,549,419,paragraph
increasing,557,403,624,419,paragraph
demands,631,403,689,419,paragraph
for,697,403,715,419,paragraph
higher,723,403,765,419,paragraph
data,772,403,799,419,paragraph
rates,807,403,837,419,paragraph
in,845,403,858,419,paragraph
the,865,403,885,419,paragraph
ﬁfth,892,403,919,419,paragraph
generation,80,418,148,434,paragraph
(5G),155,418,185,434,paragraph
era,192,418,212,434,paragraph
and,218,418,242,434,paragraph
given,248,418,284,434,paragraph
that,290,418,314,434,paragraph
the,321,418,341,434,paragraph
wireless,347,418,401,434,paragraph
link,407,418,432,434,paragraph
efﬁciency,439,418,502,434,paragraph
is,509,418,520,434,paragraph
approaching,526,418,606,434,paragraph
its,613,418,628,434,paragraph
fundamental,635,418,716,434,paragraph
"limit,",723,418,757,434,paragraph
researchers,764,418,837,434,paragraph
are,843,418,863,434,paragraph
seeking,870,418,919,434,paragraph
new,80,434,106,449,paragraph
paradigms,112,434,180,449,paragraph
to,186,434,199,449,paragraph
revolutionize,204,434,290,449,paragraph
the,296,434,315,449,paragraph
traditional,321,434,388,449,paragraph
communication,394,434,496,449,paragraph
technologies,502,434,584,449,paragraph
and,590,434,613,449,paragraph
employ,619,434,668,449,paragraph
unconventional,674,434,773,449,paragraph
thinking,779,434,833,449,paragraph
for,839,434,858,449,paragraph
5G.,864,434,888,449,paragraph
The,894,434,919,449,paragraph
emerging,80,449,141,464,paragraph
networks,147,449,206,464,paragraph
are,213,449,233,464,paragraph
expected,239,449,296,464,paragraph
to,303,449,315,464,paragraph
be,321,449,337,464,paragraph
a,343,449,350,464,paragraph
mixture,357,449,407,464,paragraph
of,413,449,427,464,paragraph
nodes,433,449,471,464,paragraph
with,477,449,506,464,paragraph
different,513,449,568,464,paragraph
transmission,574,449,657,464,paragraph
powers,663,449,710,464,paragraph
and,716,449,739,464,paragraph
coverage,745,449,804,464,paragraph
"sizes,",810,449,846,464,paragraph
as,852,449,865,464,paragraph
well,872,449,900,464,paragraph
as,906,449,919,464,paragraph
multiple,80,464,134,479,paragraph
tiers,141,464,169,479,paragraph
and,175,464,199,479,paragraph
different,206,464,261,479,paragraph
radio,268,464,301,479,paragraph
access,308,464,350,479,paragraph
technologies.,357,464,443,479,paragraph
Using,450,464,489,479,paragraph
technologies,495,464,578,479,paragraph
such,584,464,614,479,paragraph
as,621,464,634,479,paragraph
full-duplex,641,464,713,479,paragraph
"(FD),",720,464,756,479,paragraph
device-to-device,763,464,870,479,paragraph
(D2D),877,464,919,479,paragraph
and,80,479,103,494,paragraph
carrier,109,479,151,494,paragraph
aggregation,157,479,234,494,paragraph
"(CA),",240,479,277,494,paragraph
as,283,479,297,494,paragraph
well,303,479,331,494,paragraph
as,336,479,350,494,paragraph
exploiting,356,479,422,494,paragraph
shared,428,479,470,494,paragraph
frequency,476,479,541,494,paragraph
bands,547,479,585,494,paragraph
belonging,591,479,656,494,paragraph
to,662,479,674,494,paragraph
the,680,479,700,494,paragraph
TV,706,479,728,494,paragraph
white,733,479,770,494,paragraph
spaces,775,479,818,494,paragraph
and,824,479,847,494,paragraph
"radar,",853,479,890,494,paragraph
and,896,479,919,494,paragraph
unlicensed,80,494,149,509,paragraph
bands,155,494,193,509,paragraph
both,198,494,227,509,paragraph
below,233,494,272,509,paragraph
and,278,494,301,509,paragraph
above,307,494,345,509,paragraph
6,351,494,359,509,paragraph
GHz,365,494,395,509,paragraph
is,401,494,412,509,paragraph
envisioned.,417,494,491,509,paragraph
The,497,494,522,509,paragraph
3rd,528,494,550,509,paragraph
Generation,555,494,628,509,paragraph
Partnership,633,494,707,509,paragraph
Project,713,494,759,509,paragraph
(3GPP),764,494,813,509,paragraph
has,819,494,840,509,paragraph
deﬁned,846,494,894,509,paragraph
the,900,494,919,509,paragraph
speciﬁcation,80,509,162,524,paragraph
of,167,509,180,524,paragraph
the,185,509,205,524,paragraph
licensed-assisted,210,509,319,524,paragraph
access,324,509,365,524,paragraph
[2],370,509,389,524,paragraph
in,394,509,406,524,paragraph
Release,411,509,462,524,paragraph
13,467,509,483,524,paragraph
(LTE-Advanced,488,509,592,524,paragraph
"Pro),",597,509,629,524,paragraph
to,634,509,647,524,paragraph
address,652,509,700,524,paragraph
the,705,509,725,524,paragraph
issue,730,509,762,524,paragraph
of,767,509,781,524,paragraph
unlicensed,785,509,855,524,paragraph
spectrum,860,509,919,524,paragraph
utilization,80,524,146,539,paragraph
by,151,524,167,539,paragraph
wireless,173,524,226,539,paragraph
networks,232,524,291,539,paragraph
while,297,524,333,539,paragraph
fairly,338,524,373,539,paragraph
coexisting,379,524,445,539,paragraph
with,451,524,480,539,paragraph
Wi-Fi,485,524,524,539,paragraph
and,529,524,552,539,paragraph
other,558,524,591,539,paragraph
technologies,597,524,679,539,paragraph
in,685,524,697,539,paragraph
the,703,524,723,539,paragraph
5,728,524,736,539,paragraph
GHz,742,524,772,539,paragraph
unlicensed,778,524,848,539,paragraph
band.,853,524,889,539,paragraph
The,894,524,919,539,paragraph
use,80,539,101,554,paragraph
of,107,539,121,554,paragraph
unlicensed,127,539,196,554,paragraph
bands,202,539,240,554,paragraph
above,246,539,285,554,paragraph
6,291,539,299,554,paragraph
GHz,305,539,335,554,paragraph
is,341,539,352,554,paragraph
considered,358,539,429,554,paragraph
in,435,539,447,554,paragraph
terms,453,539,490,554,paragraph
of,496,539,509,554,paragraph
speciﬁcation,515,539,597,554,paragraph
initiatives,603,539,667,554,paragraph
for,673,539,692,554,paragraph
5G,698,539,718,554,paragraph
New,724,539,754,554,paragraph
Radio,760,539,799,554,paragraph
"(NR),",805,539,842,554,paragraph
which,848,539,888,554,paragraph
will,894,539,919,554,paragraph
become,80,554,130,569,paragraph
the,135,554,155,569,paragraph
foundation,160,554,231,569,paragraph
for,236,554,255,569,paragraph
the,260,554,280,569,paragraph
next,285,554,313,569,paragraph
generation,318,554,387,569,paragraph
of,392,554,405,569,paragraph
mobile,411,554,456,569,paragraph
networks.,461,554,524,569,paragraph
The,530,554,555,569,paragraph
NR,560,554,583,569,paragraph
standardization,588,554,687,569,paragraph
procedure,692,554,757,569,paragraph
is,763,554,773,569,paragraph
split,779,554,807,569,paragraph
into,812,554,837,569,paragraph
two,842,554,866,569,paragraph
phases:,872,554,919,569,paragraph
phase,80,569,117,585,paragraph
1,121,569,130,585,paragraph
for,134,569,153,585,paragraph
sub-40,158,569,203,585,paragraph
GHz,207,569,238,585,paragraph
and,243,569,267,585,paragraph
phase,271,569,309,585,paragraph
2,313,569,322,585,paragraph
for,326,569,345,585,paragraph
sub-100,350,569,403,585,paragraph
"GHz,",408,569,442,585,paragraph
which,447,569,487,585,paragraph
will,492,569,517,585,paragraph
be,522,569,537,585,paragraph
deﬁned,542,569,590,585,paragraph
in,595,569,608,585,paragraph
Releases,613,569,670,585,paragraph
15,674,569,691,585,paragraph
and,696,569,719,585,paragraph
"16,",724,569,744,585,paragraph
respectively.,749,569,830,585,paragraph
"Accordingly,",835,569,919,585,paragraph
cooperation,80,584,156,600,paragraph
and,162,584,186,600,paragraph
coordination,191,584,274,600,paragraph
in,279,584,292,600,paragraph
terms,298,584,334,600,paragraph
of,339,584,353,600,paragraph
spectrum,359,584,418,600,paragraph
access,424,584,466,600,paragraph
play,471,584,499,600,paragraph
a,505,584,512,600,paragraph
vital,518,584,547,600,paragraph
access,553,584,594,600,paragraph
road,600,584,629,600,paragraph
for,635,584,654,600,paragraph
5G,659,584,679,600,paragraph
network,685,584,738,600,paragraph
evolution.,744,584,809,600,paragraph
Cooperative,96,600,175,615,paragraph
communications,182,600,290,615,paragraph
facilitates,297,600,360,615,paragraph
the,368,600,388,615,paragraph
collaboration,395,600,481,615,paragraph
among,488,600,533,615,paragraph
terminals,540,600,601,615,paragraph
in,608,600,621,615,paragraph
a,628,600,635,615,paragraph
wireless,643,600,696,615,paragraph
network,704,600,757,615,paragraph
where,764,600,804,615,paragraph
nodes,811,600,849,615,paragraph
assist,857,600,892,615,paragraph
the,900,600,919,615,paragraph
information,80,615,156,630,paragraph
transmission,163,615,245,630,paragraph
of,251,615,265,630,paragraph
each,271,615,301,630,paragraph
other.,307,615,344,630,paragraph
"Originally,",350,615,420,630,paragraph
relays,426,615,465,630,paragraph
were,471,615,503,630,paragraph
employed,509,615,573,630,paragraph
to,579,615,592,630,paragraph
realize,598,615,641,630,paragraph
the,648,615,667,630,paragraph
cooperative,674,615,749,630,paragraph
communications,755,615,863,630,paragraph
with,869,615,898,630,paragraph
an,904,615,919,630,paragraph
idea,80,630,107,645,paragraph
not,112,630,132,645,paragraph
only,137,630,166,645,paragraph
to,171,630,184,645,paragraph
overcome,189,630,253,645,paragraph
the,258,630,278,645,paragraph
path,283,630,311,645,paragraph
"loss,",316,630,345,645,paragraph
but,350,630,371,645,paragraph
also,376,630,402,645,paragraph
to,407,630,420,645,paragraph
achieve,425,630,474,645,paragraph
diversity,479,630,535,645,paragraph
gain.,540,630,572,645,paragraph
"However,",577,630,639,645,paragraph
the,644,630,664,645,paragraph
5G,669,630,689,645,paragraph
vision,694,630,734,645,paragraph
recognizes,739,630,808,645,paragraph
that,813,630,838,645,paragraph
cooperation,843,630,919,645,paragraph
in,80,645,92,660,paragraph
future,97,645,136,660,paragraph
mobile,140,645,186,660,paragraph
wireless,190,645,244,660,paragraph
networks,248,645,308,660,paragraph
will,313,645,338,660,paragraph
not,343,645,363,660,paragraph
be,368,645,384,660,paragraph
strictly,388,645,433,660,paragraph
limited,438,645,484,660,paragraph
in,489,645,502,660,paragraph
assisting,506,645,562,660,paragraph
the,567,645,587,660,paragraph
information,592,645,669,660,paragraph
transmitted.,673,645,751,660,paragraph
Users,755,645,792,660,paragraph
may,797,645,825,660,paragraph
collaborate,830,645,902,660,paragraph
in,907,645,919,660,paragraph
terms,80,660,116,675,paragraph
of,121,660,135,675,paragraph
accessing,140,660,202,675,paragraph
the,207,660,227,675,paragraph
common,233,660,290,675,paragraph
wireless,295,660,348,675,paragraph
"medium,",354,660,411,675,paragraph
exchanging,416,660,491,675,paragraph
information,496,660,573,675,paragraph
regarding,579,660,641,675,paragraph
the,646,660,666,675,paragraph
network,671,660,724,675,paragraph
and,730,660,753,675,paragraph
channels,758,660,815,675,paragraph
"status,",821,660,862,675,paragraph
forming,867,660,919,675,paragraph
small,80,675,115,690,paragraph
groups,121,675,165,690,paragraph
where,172,675,211,690,paragraph
increased,218,675,279,690,paragraph
cooperative,286,675,361,690,paragraph
operations,367,675,435,690,paragraph
are,441,675,461,690,paragraph
applied,467,675,515,690,paragraph
to,522,675,534,690,paragraph
each,541,675,570,690,paragraph
"other,",577,675,614,690,paragraph
and,620,675,643,690,paragraph
employing,650,675,719,690,paragraph
new,726,675,752,690,paragraph
technologies,759,675,841,690,paragraph
in,847,675,860,690,paragraph
favor,866,675,900,690,paragraph
of,906,675,919,690,paragraph
coordinated,80,690,156,705,paragraph
communication.,162,690,267,705,paragraph
From,96,705,131,720,paragraph
this,135,705,159,720,paragraph
"perspective,",163,705,241,720,paragraph
in,245,705,257,720,paragraph
this,262,705,285,720,paragraph
article,289,705,330,720,paragraph
we,334,705,353,720,paragraph
investigate,358,705,427,720,paragraph
the,431,705,451,720,paragraph
cooperation,455,705,532,720,paragraph
in,537,705,549,720,paragraph
5G,553,705,573,720,paragraph
heterogeneous,578,705,672,720,paragraph
network,676,705,729,720,paragraph
"(HetNet),",733,705,795,720,paragraph
aiming,799,705,845,720,paragraph
to,849,705,862,720,paragraph
improve,866,705,919,720,paragraph
the,80,720,99,735,paragraph
system,106,720,151,735,paragraph
spectral,158,720,209,735,paragraph
efﬁciency,216,720,279,735,paragraph
(SE),286,720,316,735,paragraph
while,323,720,359,735,paragraph
addressing,366,720,435,735,paragraph
the,442,720,462,735,paragraph
challenges,469,720,538,735,paragraph
of,544,720,558,735,paragraph
future,565,720,604,735,paragraph
mobile,610,720,656,735,paragraph
systems,663,720,714,735,paragraph
in,721,720,734,735,paragraph
terms,740,720,777,735,paragraph
of,783,720,797,735,paragraph
quality-of-service,804,720,919,735,paragraph
(QoS),80,735,119,750,paragraph
provision.,125,735,190,750,paragraph
Our,196,735,221,750,paragraph
contributions,227,735,313,750,paragraph
can,318,735,341,750,paragraph
be,347,735,362,750,paragraph
summarized,368,735,447,750,paragraph
as,453,735,467,750,paragraph
follows:,472,735,525,750,paragraph
•,97,749,104,764,list
We,112,750,133,765,list
present,139,750,186,765,list
dynamic,192,750,248,765,list
spectrum,254,750,314,765,list
access,320,750,361,765,list
(DSA),367,750,411,765,list
techniques,417,750,486,765,list
that,492,750,517,765,list
involve,522,750,570,765,list
collaboration,576,750,662,765,list
and,668,750,691,765,list
interaction,697,750,767,765,list
among,773,750,817,765,list
users.,823,750,861,765,list
Further-,866,750,919,765,list
"more,",112,765,150,781,list
we,155,765,174,781,list
discuss,179,765,226,781,list
the,231,765,251,781,list
cooperative,256,765,331,781,list
aspect,336,765,377,781,list
of,382,765,395,781,list
FD-based,400,765,464,781,list
"DSA,",469,765,505,781,list
as,510,765,524,781,list
well,529,765,557,781,list
as,562,765,576,781,list
explore,581,765,629,781,list
cognitive-inspired,634,765,752,781,list
spectrum,757,765,817,781,list
access,822,765,863,781,list
and,868,765,892,781,list
CA,897,765,919,781,list
techniques,112,780,182,796,list
which,187,780,227,796,list
enable,232,780,275,796,list
more,280,780,313,796,list
ﬂexibility,319,780,382,796,list
and,387,780,411,796,list
improve,416,780,470,796,list
spectrum,475,780,535,796,list
utilization.,540,780,610,796,list
"Additionally,",616,780,701,796,list
we,706,780,725,796,list
examine,731,780,785,796,list
recent,791,780,831,796,list
advances,836,780,895,796,list
for,901,780,919,796,list
cooperative,112,796,187,811,list
access,193,796,235,811,list
of,240,796,254,811,list
licensed,260,796,313,811,list
bands,319,796,357,811,list
focusing,362,796,418,811,list
on,424,796,440,811,list
spectrum,446,796,506,811,list
trading,511,796,558,811,list
techniques.,563,796,637,811,list
•,97,810,104,825,list
We,112,811,133,826,list
investigate,138,811,208,826,list
the,213,811,232,826,list
cooperation,237,811,314,826,list
among,319,811,363,826,list
devices,368,811,416,826,list
in,421,811,434,826,list
terms,439,811,475,826,list
of,480,811,493,826,list
D2D,498,811,530,826,list
communications.,534,811,646,826,list
We,651,811,672,826,list
provide,677,811,726,826,list
the,731,811,751,826,list
taxonomy,756,811,821,826,list
of,826,811,839,826,list
cooperative,844,811,919,826,list
D2D,112,826,144,841,list
communications,150,826,258,841,list
for,264,826,283,841,list
5G,290,826,310,841,list
HetNet,316,826,363,841,list
based,369,826,407,841,list
on,413,826,429,841,list
the,436,826,456,841,list
level,462,826,493,841,list
of,499,826,513,841,list
"centralization,",519,826,612,841,list
use,619,826,640,841,list
case,647,826,675,841,list
scenarios,681,826,742,841,list
and,748,826,772,841,list
spectrum,778,826,838,841,list
band,844,826,876,841,list
under,882,826,919,841,list
consideration.,112,841,204,856,list
•,97,855,104,870,list
Different,112,856,171,871,list
scenarios,177,856,238,871,list
are,243,856,263,871,list
considered,269,856,339,871,list
for,345,856,364,871,list
link,370,856,395,871,list
establishment,401,856,490,871,list
for,496,856,515,871,list
the,521,856,541,871,list
end-to-end,546,856,617,871,list
connection,623,856,694,871,list
in,700,856,713,871,list
cooperative,718,856,794,871,list
5G,799,856,819,871,list
networks.,825,856,888,871,list
The,894,856,919,871,list
impact,112,871,156,886,list
of,163,871,177,886,list
the,184,871,204,886,list
signal-to-interference,211,871,351,886,list
plus,358,871,385,886,list
noise,392,871,426,886,list
ratio,433,871,463,886,list
(SINR),470,871,518,886,list
threshold,525,871,585,886,list
and,592,871,616,886,list
the,623,871,643,886,list
distance,650,871,703,886,list
between,710,871,764,886,list
the,771,871,791,886,list
nodes,798,871,836,886,list
on,843,871,859,886,list
network,866,871,919,886,list
Georgios,93,897,140,909,footer
I.,147,897,154,909,footer
Tsiropoulos,161,897,224,909,footer
is,230,897,239,909,footer
with,246,897,269,909,footer
the,276,897,292,909,footer
School,299,897,335,909,footer
of,342,897,352,909,footer
Electrical,359,897,409,909,footer
&,416,897,426,909,footer
Computer,433,897,485,909,footer
"Engineering,",492,897,559,909,footer
National,566,897,611,909,footer
Technical,617,897,668,909,footer
University,675,897,729,909,footer
of,736,897,747,909,footer
"Athens,",754,897,794,909,footer
"Greece,",801,897,841,909,footer
GR15780,848,897,898,909,footer
(e-,905,897,919,909,footer
mail:gitsirop@mail.ntua.gr).,80,909,229,921,footer
Animesh,93,920,140,932,footer
"Yadav,",145,920,179,932,footer
Ming,184,920,213,932,footer
Zeng,217,920,244,932,footer
and,249,920,268,932,footer
Octavia,273,920,313,932,footer
A.,318,920,331,932,footer
Dobre,336,920,368,932,footer
are,373,920,389,932,footer
with,394,920,417,932,footer
the,422,920,438,932,footer
Faculty,443,920,482,932,footer
of,487,920,498,932,footer
Engineering,503,920,566,932,footer
and,571,920,590,932,footer
Applied,595,920,637,932,footer
"Science,",642,920,686,932,footer
Memorial,691,920,742,932,footer
"University,",747,920,804,932,footer
St.,809,920,823,932,footer
"John’s,",828,920,864,932,footer
"NL,",869,920,890,932,footer
A1B,895,920,919,932,footer
{,202,926,209,943,footer
},345,926,352,943,footer
"3X5,",80,931,105,943,footer
Canada.,110,931,152,943,footer
(e-mail:,157,931,198,943,footer
"animeshy,",209,931,262,943,footer
"mzeng,",266,931,304,943,footer
odobre,309,931,345,943,footer
@mun.ca).,352,931,409,943,footer
