token,x0,y0,x1,y1,label
(cid:29),211,98,229,122,paragraph
for,137,108,158,122,paragraph
Re(s),163,108,206,122,paragraph
0.,234,108,248,122,paragraph
The,256,108,286,122,paragraph
function,291,108,355,122,paragraph
Γ,360,108,372,122,paragraph
(s),384,108,406,122,paragraph
has,411,108,437,122,paragraph
a,442,108,451,122,paragraph
simple,456,108,506,122,paragraph
pole,511,108,543,122,paragraph
with,548,108,583,122,paragraph
residue,588,108,643,122,paragraph
1,648,108,657,122,paragraph
at,662,108,678,122,paragraph
s,683,108,691,122,paragraph
=,696,108,710,122,paragraph
0.,715,108,729,122,paragraph
Since,736,108,777,122,paragraph
the,782,108,807,122,paragraph
left-hand,812,108,882,122,paragraph
C,372,113,383,123,paragraph
×,651,114,665,138,paragraph
side,117,125,147,138,paragraph
is,153,125,165,138,paragraph
holomorphic,171,125,267,138,paragraph
at,273,125,289,138,paragraph
0,294,125,303,138,paragraph
by,309,125,328,138,paragraph
our,334,125,360,138,paragraph
hypotheses,366,125,451,138,paragraph
on,456,125,475,138,paragraph
"π,",481,125,497,138,paragraph
it,503,125,515,138,paragraph
follows,521,125,573,138,paragraph
that,579,125,612,138,paragraph
L(π,618,125,647,138,paragraph
ν,669,125,678,138,paragraph
",",686,125,691,138,paragraph
"Std,",694,125,725,138,paragraph
s),728,125,744,138,paragraph
vanishes,749,125,814,138,paragraph
to,819,125,835,138,paragraph
order,841,125,882,138,paragraph
1,678,130,685,140,paragraph
at,117,141,133,155,paragraph
least,139,141,175,155,paragraph
"1,",181,141,194,155,paragraph
and,200,141,229,155,paragraph
all,235,141,254,155,paragraph
other,260,141,301,155,paragraph
terms,306,141,350,155,paragraph
are,356,141,380,155,paragraph
holomorphic.,386,141,487,155,paragraph
This,495,141,530,155,paragraph
yields,536,141,580,155,paragraph
(62).,586,141,622,155,paragraph
The,137,157,167,171,paragraph
statement,173,157,250,171,paragraph
concerning,256,157,339,171,paragraph
the,345,157,370,171,paragraph
regulator,376,157,447,171,paragraph
pairing,453,157,507,171,paragraph
is,513,157,525,171,paragraph
Theorem,531,157,600,171,paragraph
8.9,606,157,629,171,paragraph
once,635,157,670,171,paragraph
we,676,157,696,171,paragraph
point,702,157,743,171,paragraph
out,749,157,774,171,paragraph
that,780,157,813,171,paragraph
Φ,819,157,832,171,paragraph
(0),841,157,864,171,paragraph
is,870,157,882,171,paragraph
n,832,162,840,172,paragraph
0,117,174,126,187,paragraph
at,132,174,148,187,paragraph
split,154,174,188,187,paragraph
places,193,174,240,187,paragraph
with,246,174,281,187,paragraph
nonzero,287,174,347,187,paragraph
conductor.,353,174,435,187,paragraph
Assume,137,190,197,204,paragraph
that,202,190,235,204,paragraph
for,241,190,262,204,paragraph
every,268,190,309,204,paragraph
p,315,190,324,204,paragraph
inert,329,190,366,204,paragraph
in,372,190,386,204,paragraph
"E,",392,190,411,204,paragraph
π,417,190,427,204,paragraph
is,433,190,445,204,paragraph
unramiﬁed,451,190,534,204,paragraph
at,540,190,556,204,paragraph
p.,561,190,575,204,paragraph
By,583,190,605,204,paragraph
Theorem,611,190,680,204,paragraph
"7.11,",686,190,722,204,paragraph
Deﬁnition,728,190,805,204,paragraph
"8.17,",811,190,847,204,paragraph
and,853,190,882,204,paragraph
×,375,196,388,220,paragraph
Theorem,117,206,187,220,paragraph
"6.1,",192,206,220,220,paragraph
the,225,206,250,220,paragraph
L-function,255,206,337,220,paragraph
L(π,342,206,371,220,paragraph
ν,391,206,400,220,paragraph
",",408,206,413,220,paragraph
"Std,",416,206,447,220,paragraph
s),450,206,465,220,paragraph
is,471,206,483,220,paragraph
the,488,206,513,220,paragraph
same,518,206,557,220,paragraph
as,562,206,578,220,paragraph
"L(τ,",583,206,616,220,paragraph
"Std,",619,206,651,220,paragraph
s),654,206,669,220,paragraph
for,674,206,696,220,paragraph
a,701,206,710,220,paragraph
cuspidal,715,206,779,220,paragraph
automorphic,784,206,882,220,paragraph
×,360,213,374,237,paragraph
1,400,211,407,221,paragraph
representation,117,223,228,237,paragraph
τ,235,223,242,237,paragraph
on,251,223,270,237,paragraph
ResE,277,221,315,237,paragraph
(GL,318,223,350,237,paragraph
G,374,223,390,237,paragraph
),404,223,410,237,paragraph
whose,417,223,464,237,paragraph
central,471,223,524,237,paragraph
character,531,223,602,237,paragraph
is,609,223,621,237,paragraph
unitary.,628,223,689,237,paragraph
In,699,223,715,237,paragraph
"particular,",722,223,804,237,paragraph
it,811,223,822,237,paragraph
follows,829,223,882,237,paragraph
Q,305,230,317,240,paragraph
3,350,228,357,238,paragraph
m,390,228,403,238,paragraph
easily,117,241,160,254,paragraph
from,168,241,204,254,paragraph
Theorem,212,241,282,254,paragraph
6.6,289,241,312,254,paragraph
and,320,241,349,254,paragraph
the,357,241,381,254,paragraph
functional,389,241,467,254,paragraph
equation,475,241,542,254,paragraph
of,549,241,564,254,paragraph
"L(τ,",572,241,604,254,paragraph
"Std,",607,241,639,254,paragraph
s),642,241,657,254,paragraph
that,665,241,698,254,paragraph
the,706,241,730,254,paragraph
order,738,241,779,254,paragraph
of,787,241,801,254,paragraph
vanishing,809,241,882,254,paragraph
(cid:54),611,247,611,271,paragraph
at,117,257,133,271,paragraph
s,140,257,149,271,paragraph
=,156,257,170,271,paragraph
0,177,257,186,271,paragraph
of,193,257,207,271,paragraph
"L(τ,",214,257,247,271,paragraph
"Std,",250,257,282,271,paragraph
s),285,257,300,271,paragraph
is,307,257,319,271,paragraph
exactly,327,257,382,271,paragraph
1.,389,257,403,271,paragraph
"If,",415,257,432,271,paragraph
"additionally,",439,257,536,271,paragraph
each,543,257,577,271,paragraph
α,585,257,596,271,paragraph
=,611,257,625,271,paragraph
"1,",632,257,646,271,paragraph
then,653,257,688,271,paragraph
the,695,257,720,271,paragraph
nonvanishing,727,257,828,271,paragraph
of,836,257,850,271,paragraph
the,857,257,882,271,paragraph
p,596,262,603,272,paragraph
(cid:3),868,264,882,284,paragraph
right-hand,117,273,199,287,paragraph
side,205,273,235,287,paragraph
of,241,273,255,287,paragraph
(62),261,273,293,287,paragraph
follows.,299,273,356,287,paragraph
References,448,341,551,354,reference
[1],125,385,141,397,reference
S.,148,385,161,397,reference
Baba,165,385,199,397,reference
and,204,385,228,397,reference
R.,232,385,247,397,reference
Sreekantan.,252,385,328,397,reference
An,332,385,352,397,reference
analogue,357,385,414,397,reference
of,419,385,431,397,reference
circular,435,385,485,397,reference
units,489,385,522,397,reference
for,526,385,544,397,reference
products,549,385,606,397,reference
of,610,385,622,397,reference
elliptic,627,385,671,397,reference
curves.,676,385,721,397,reference
Proc.,725,385,760,397,reference
Edinb.,764,385,807,397,reference
Math.,812,385,850,397,reference
Soc.,855,385,882,397,reference
"(2),",148,399,172,410,reference
"47(1):35–51,",177,399,258,410,reference
2004.,263,399,297,410,reference
[2],125,413,141,424,reference
T.,148,413,163,424,reference
"Barnet-Lamb,",169,413,261,424,reference
T.,267,413,282,424,reference
"Gee,",288,413,318,424,reference
D.,324,413,339,424,reference
"Geraghty,",346,413,409,424,reference
and,415,413,440,424,reference
R.,446,413,461,424,reference
Taylor.,467,413,514,424,reference
Local-global,520,413,600,424,reference
compatibility,606,413,693,424,reference
for,699,413,717,424,reference
l,723,413,727,424,reference
=,733,413,745,424,reference
"p,",751,413,763,424,reference
I.,769,413,778,424,reference
Ann.,784,413,817,424,reference
Fac.,823,413,851,424,reference
Sci.,857,413,882,424,reference
Toulouse,148,427,206,438,reference
Math.,212,427,250,438,reference
"(6),",255,427,280,438,reference
"21(1):57–92,",285,427,365,438,reference
2012.,370,427,404,438,reference
[3],125,442,141,453,reference
T.,148,442,163,453,reference
"Barnet-Lamb,",169,442,261,453,reference
T.,267,442,282,453,reference
"Gee,",288,442,318,453,reference
D.,324,442,340,453,reference
"Geraghty,",346,442,409,453,reference
and,416,442,440,453,reference
R.,446,442,461,453,reference
Taylor.,467,442,514,453,reference
Local-global,520,442,600,453,reference
compatibility,606,442,693,453,reference
for,699,442,717,453,reference
l,723,442,727,453,reference
=,733,442,745,453,reference
"p,",751,442,763,453,reference
II.,769,442,785,453,reference
Ann.,791,442,823,453,reference
Sci.,829,442,854,453,reference
E´c.,860,439,882,453,reference
Norm.,148,455,190,467,reference
Sup´er.,196,455,238,467,reference
"(4),",243,455,267,467,reference
"47(1):165–179,",272,455,368,467,reference
2014.,373,455,407,467,reference
[4],125,469,141,481,reference
E.,148,469,163,481,reference
M.,168,469,186,481,reference
Baruch.,191,469,242,481,reference
On,247,469,267,481,reference
the,273,469,294,481,reference
gamma,299,469,346,481,reference
factors,352,469,396,481,reference
attached,401,469,457,481,reference
to,463,469,476,481,reference
representations,481,469,580,481,reference
of,586,469,598,481,reference
"U(2,",603,469,632,481,reference
1),634,469,648,481,reference
over,653,469,680,481,reference
a,685,469,693,481,reference
p-adic,698,469,737,481,reference
ﬁeld.,743,469,774,481,reference
Israel,780,469,816,481,reference
J.,821,469,834,481,reference
"Math.,",839,469,882,481,reference
"102:317–345,",148,483,232,494,reference
1997.,237,483,271,494,reference
[5],125,497,141,508,reference
A.,148,497,164,508,reference
A.,168,497,184,508,reference
Be˘ılinson.,188,497,252,508,reference
Higher,257,497,301,508,reference
regulators,305,497,371,508,reference
and,375,497,399,508,reference
values,404,497,444,508,reference
of,448,497,460,508,reference
L-functions.,465,497,544,508,reference
In,549,497,563,508,reference
Current,567,497,618,508,reference
problems,623,497,680,508,reference
in,685,497,698,508,reference
"mathematics,",703,497,790,508,reference
Vol.,795,497,822,508,reference
"24,",827,497,847,508,reference
Itogi,851,497,882,508,reference
Nauki,148,511,187,522,reference
i,192,511,197,522,reference
"Tekhniki,",202,511,263,522,reference
pages,268,511,304,522,reference
181–238.,309,511,366,522,reference
Akad.,371,511,410,522,reference
Nauk,415,511,450,522,reference
"SSSR,",455,511,495,522,reference
Vsesoyuz.,500,511,564,522,reference
Inst.,569,511,599,522,reference
Nauchn.,604,511,659,522,reference
i,664,511,668,522,reference
Tekhn.,673,511,718,522,reference
"Inform.,",723,511,776,522,reference
"Moscow,",781,511,837,522,reference
1984.,842,511,876,522,reference
[6],125,525,141,536,reference
A.,148,525,164,536,reference
A.,168,525,183,536,reference
Be˘ılinson.,187,525,252,536,reference
Higher,256,525,300,536,reference
regulators,304,525,369,536,reference
of,374,525,386,536,reference
modular,390,525,445,536,reference
curves.,449,525,494,536,reference
In,498,525,512,536,reference
Applications,516,525,597,536,reference
of,602,525,614,536,reference
algebraic,619,525,676,536,reference
K-theory,680,525,740,536,reference
to,744,525,757,536,reference
algebraic,762,525,819,536,reference
geometry,823,525,882,536,reference
and,148,538,172,550,reference
number,178,538,226,550,reference
"theory,",231,538,276,550,reference
Part,282,538,311,550,reference
"I,",317,538,327,550,reference
II,333,538,344,550,reference
"(Boulder,",350,538,412,550,reference
"Colo.,",417,538,457,550,reference
"1983),",462,538,503,550,reference
volume,509,538,555,550,reference
55,561,538,576,550,reference
of,581,538,593,550,reference
Contemp.,598,538,662,550,reference
"Math.,",667,538,710,550,reference
pages,715,538,751,550,reference
1–34.,757,538,791,550,reference
Amer.,796,538,837,550,reference
Math.,842,538,882,550,reference
"Soc.,",148,552,179,564,reference
"Providence,",184,552,261,564,reference
"RI,",266,552,287,564,reference
1986.,292,552,326,564,reference
[7],125,566,141,577,reference
D.,148,566,164,577,reference
"Blasius,",169,566,220,577,reference
M.,225,566,243,577,reference
"Harris,",249,566,294,577,reference
and,299,566,323,577,reference
D.,329,566,344,577,reference
Ramakrishnan.,350,566,449,577,reference
Coherent,454,566,514,577,reference
"cohomology,",519,566,600,577,reference
limits,605,566,642,577,reference
of,647,566,659,577,reference
discrete,665,566,715,577,reference
"series,",720,566,760,577,reference
and,765,566,790,577,reference
Galois,795,566,836,577,reference
conju-,841,566,882,577,reference
gation.,148,580,193,591,reference
Duke,198,580,232,591,reference
Math.,237,580,275,591,reference
"J.,",281,580,297,591,reference
"73(3):647–685,",303,580,398,591,reference
1994.,403,580,437,591,reference
[8],125,594,141,605,reference
D.,148,594,164,605,reference
Blasius,168,594,215,605,reference
and,219,594,243,605,reference
J.,247,594,259,605,reference
Rogawski.,263,594,330,605,reference
Cohomology,334,594,416,605,reference
of,420,594,432,605,reference
congruence,436,594,509,605,reference
subgroups,513,594,579,605,reference
of,583,594,596,605,reference
"SU(2,",600,594,637,605,reference
1)p,640,592,659,605,reference
and,664,594,688,605,reference
Hodge,693,594,734,605,reference
cycles,739,594,777,605,reference
on,781,594,797,605,reference
some,801,594,834,605,reference
special,838,594,882,605,reference
complex,148,608,202,619,reference
hyperbolic,206,608,275,619,reference
surfaces.,279,608,335,619,reference
In,339,608,352,619,reference
Regulators,357,608,425,619,reference
in,429,608,442,619,reference
"analysis,",447,608,503,619,reference
geometry,508,608,566,619,reference
and,571,608,595,619,reference
number,599,608,647,619,reference
"theory,",652,608,696,619,reference
volume,700,608,747,619,reference
171,751,608,774,619,reference
of,778,608,790,619,reference
Progr.,794,608,835,619,reference
"Math.,",839,608,882,619,reference
pages,148,621,184,633,reference
1–15.,189,621,223,633,reference
Birkha¨user,228,621,300,633,reference
"Boston,",305,621,355,633,reference
"Boston,",360,621,410,633,reference
"MA,",415,621,444,633,reference
2000.,449,621,484,633,reference
[9],125,635,141,647,reference
S.,148,635,161,647,reference
Bloch.,166,635,207,647,reference
Algebraic,212,635,275,647,reference
cycles,280,635,318,647,reference
and,323,635,347,647,reference
higher,352,635,393,647,reference
K-theory.,398,635,462,647,reference
Adv.,467,635,497,647,reference
in,502,635,515,647,reference
"Math.,",521,635,563,647,reference
"61(3):267–304,",568,635,664,647,reference
1986.,669,635,703,647,reference
[10],117,649,141,660,reference
V.,148,649,164,660,reference
Blomer,168,649,215,660,reference
and,219,649,243,660,reference
F.,247,649,261,660,reference
Brumley.,265,649,324,660,reference
On,328,649,348,660,reference
the,352,649,373,660,reference
Ramanujan,377,649,453,660,reference
conjecture,457,649,524,660,reference
over,528,649,555,660,reference
number,559,649,609,660,reference
ﬁelds.,613,649,650,660,reference
Ann.,654,649,687,660,reference
of,691,649,703,660,reference
Math.,708,649,746,660,reference
"(2),",751,649,775,660,reference
"174(1):581–605,",779,649,882,660,reference
2011.,148,663,182,674,reference
[11],117,677,141,688,reference
F.,148,677,162,688,reference
Brunault.,167,677,230,688,reference
Valeur,235,677,278,688,reference
en,283,677,298,688,reference
2,303,677,310,688,reference
de,315,677,330,688,reference
fonctions,335,677,394,688,reference
L,399,677,409,688,reference
de,414,677,429,688,reference
formes,434,677,477,688,reference
modulaires,482,677,554,688,reference
de,558,677,573,688,reference
poids,578,677,613,688,reference
2:,618,677,630,688,reference
th´eor`eme,636,677,697,688,reference
de,701,677,716,688,reference
Beilinson,721,677,781,688,reference
explicite.,786,677,845,688,reference
Bull.,850,677,882,688,reference
Soc.,148,691,175,702,reference
Math.,180,691,219,702,reference
"France,",224,691,272,702,reference
"135(2):215–246,",277,691,380,702,reference
2007.,385,691,419,702,reference
[12],117,704,141,716,reference
F.,148,704,162,716,reference
Brunault,170,704,229,716,reference
and,238,704,262,716,reference
M.,270,704,288,716,reference
Chida.,296,704,340,716,reference
Regulators,348,704,418,716,reference
for,427,704,445,716,reference
Rankin-Selberg,453,704,553,716,reference
products,562,704,619,716,reference
of,627,704,639,716,reference
modular,647,704,702,716,reference
forms.,710,704,751,716,reference
Ann.,759,704,792,716,reference
Math.,800,704,838,716,reference
"Qu´e.,",847,704,882,716,reference
"40(2):221–249,",148,718,243,730,reference
2016.,248,718,283,730,reference
[13],117,732,141,743,reference
D.,148,732,164,743,reference
Bump,169,732,209,743,reference
and,215,732,239,743,reference
S.,245,732,257,743,reference
Friedberg.,263,732,330,743,reference
The,335,732,361,743,reference
exterior,367,732,417,743,reference
square,423,732,465,743,reference
automorphic,471,732,554,743,reference
L-functions,559,732,635,743,reference
on,640,732,656,743,reference
GL(n).,662,732,708,743,reference
In,713,732,727,743,reference
Festschrift,733,732,801,743,reference
in,807,732,820,743,reference
honor,826,732,864,743,reference
of,870,732,882,743,reference
I.,148,746,159,757,reference
I.,165,746,175,757,reference
Piatetski-Shapiro,181,746,293,757,reference
on,299,746,315,757,reference
the,321,746,341,757,reference
occasion,347,746,400,757,reference
of,406,746,419,757,reference
his,425,746,443,757,reference
sixtieth,449,746,496,757,reference
"birthday,",502,746,560,757,reference
Part,566,746,595,757,reference
II,601,746,613,757,reference
(Ramat,619,746,669,757,reference
"Aviv,",675,746,709,757,reference
"1989),",715,746,756,757,reference
volume,762,746,809,757,reference
3,815,746,822,757,reference
of,828,746,840,757,reference
Israel,846,746,882,757,reference
Math.,148,760,187,771,reference
Conf.,192,760,228,771,reference
"Proc.,",233,760,272,771,reference
pages,277,760,313,771,reference
47–65.,318,760,360,771,reference
"Weizmann,",365,760,438,771,reference
"Jerusalem,",443,760,512,771,reference
1990.,517,760,552,771,reference
[14],117,774,141,785,reference
A.,148,774,164,785,reference
Caraiani.,172,774,233,785,reference
Local-global,242,774,322,785,reference
compatibility,331,774,418,785,reference
and,426,774,451,785,reference
the,460,774,480,785,reference
action,489,774,529,785,reference
of,538,774,550,785,reference
monodromy,559,774,638,785,reference
on,646,774,662,785,reference
nearby,671,774,716,785,reference
cycles.,724,774,767,785,reference
Duke,776,774,809,785,reference
Math.,818,774,856,785,reference
"J.,",865,774,882,785,reference
"161(12):2311–2413,",148,788,274,799,reference
2012.,279,788,313,799,reference
[15],117,801,141,813,reference
A.,148,801,164,813,reference
Caraiani.,168,801,228,813,reference
Monodromy,232,801,312,813,reference
and,316,801,340,813,reference
local-global,344,801,419,813,reference
compatibility,423,801,510,813,reference
for,514,801,532,813,reference
l,536,801,541,813,reference
=,545,801,557,813,reference
p.,561,801,573,813,reference
Algebra,577,801,626,813,reference
Number,630,801,681,813,reference
"Theory,",686,801,736,813,reference
"8(7):1597–1646,",740,801,843,813,reference
2014.,848,801,882,813,reference
[16],117,815,141,827,reference
P.,148,815,161,827,reference
Cartier.,167,815,218,827,reference
Representations,223,815,328,827,reference
of,333,815,345,827,reference
p-adic,351,815,390,827,reference
groups:,396,815,443,827,reference
a,451,815,459,827,reference
survey.,464,815,509,827,reference
In,515,815,529,827,reference
Automorphic,534,815,619,827,reference
"forms,",625,815,666,827,reference
representations,672,815,771,827,reference
and,777,815,800,827,reference
L-functions,806,815,882,827,reference
(Proc.,148,829,188,840,reference
Sympos.,195,829,249,840,reference
Pure,255,829,286,840,reference
"Math.,",293,829,336,840,reference
Oregon,343,829,389,840,reference
State,396,829,429,840,reference
"Univ.,",436,829,476,840,reference
"Corvallis,",483,829,546,840,reference
"Ore.,",554,829,587,840,reference
"1977),",594,829,635,840,reference
Part,642,829,672,840,reference
"1,",678,829,690,840,reference
Proc.,697,829,732,840,reference
Sympos.,738,829,794,840,reference
Pure,800,829,831,840,reference
"Math.,",838,829,882,840,reference
"XXXIII,",148,843,203,854,reference
pages,208,843,244,854,reference
111–155.,249,843,306,854,reference
Amer.,311,843,352,854,reference
Math.,357,843,397,854,reference
"Soc.,",402,843,433,854,reference
"Providence,",438,843,514,854,reference
"R.I.,",519,843,549,854,reference
1979.,554,843,588,854,reference
[17],117,857,141,868,reference
J.,148,857,160,868,reference
W.,164,857,184,868,reference
Cogdell.,188,857,241,868,reference
Arithmetic,246,857,317,868,reference
cycles,321,857,359,868,reference
on,364,857,379,868,reference
Picard,384,857,427,868,reference
modular,431,857,485,868,reference
surfaces,490,857,541,868,reference
and,545,857,570,868,reference
modular,574,857,629,868,reference
forms,633,857,669,868,reference
of,673,857,686,868,reference
Nebentypus.,690,857,771,868,reference
J.,775,857,788,868,reference
Reine,792,857,830,868,reference
Angew.,834,857,882,868,reference
"Math.,",148,871,191,882,reference
"357:115–137,",196,871,279,882,reference
1985.,284,871,319,882,reference
[18],117,884,141,896,reference
P.,148,884,161,896,reference
Deligne.,166,884,220,896,reference
Travaux,225,884,278,896,reference
de,283,884,298,896,reference
Shimura.,303,884,362,896,reference
pages,367,884,403,896,reference
123–165.,408,884,465,896,reference
Lecture,470,884,520,896,reference
Notes,525,884,562,896,reference
in,567,884,580,896,reference
"Math.,",585,884,629,896,reference
Vol.,634,884,660,896,reference
"244,",665,884,692,896,reference
1971.,697,884,731,896,reference
68,493,900,506,911,paragraph
