token,x0,y0,x1,y1,label
Modelling,178,138,316,162,title
Preference,326,138,471,162,title
Data,481,138,550,162,title
with,560,138,622,162,title
the,633,138,677,162,title
Wallenius,687,138,822,162,title
Distribution,415,167,584,192,title
Clara,209,216,266,233,author
Grazian1,274,214,364,233,author
Fabrizio,405,216,488,233,author
Leisen2,496,214,569,233,author
Brunero,611,216,694,233,author
Liseo3,702,214,764,233,author
1,255,266,262,275,paragraph
University,269,267,351,280,paragraph
of,358,267,372,280,paragraph
"Oxford,",378,267,440,280,paragraph
U.K.,446,267,484,280,paragraph
2,526,266,533,275,paragraph
University,540,267,622,280,paragraph
of,629,267,643,280,paragraph
"Kent,",649,267,694,280,paragraph
U.K.,700,267,738,280,paragraph
3,327,287,334,296,paragraph
Sapienza,341,289,411,302,paragraph
Universit`a,417,289,499,302,paragraph
di,505,289,521,302,paragraph
"Roma,",527,289,579,302,paragraph
Italy,585,289,623,302,paragraph
Abstract,459,360,540,373,paragraph
The,185,383,217,396,abstract
Wallenius,223,383,301,396,abstract
distribution,308,383,402,396,abstract
is,408,383,421,396,abstract
a,428,383,437,396,abstract
generalisation,444,383,554,396,abstract
of,560,383,575,396,abstract
the,582,383,608,396,abstract
Hypergeometric,614,383,741,396,abstract
distribution,748,383,842,396,abstract
where,158,400,204,413,abstract
weights,210,400,269,413,abstract
are,274,400,299,413,abstract
assigned,304,400,371,413,abstract
to,376,400,392,413,abstract
balls,397,400,434,413,abstract
of,440,400,454,413,abstract
diﬀerent,460,400,526,413,abstract
colours.,531,400,592,413,abstract
This,600,400,636,413,abstract
naturally,641,400,714,413,abstract
deﬁnes,720,400,774,413,abstract
a,779,400,788,413,abstract
model,793,400,842,413,abstract
for,158,416,180,429,abstract
ranking,185,416,246,429,abstract
categories,252,416,330,429,abstract
which,336,416,383,429,abstract
can,388,416,416,429,abstract
be,422,416,441,429,abstract
used,446,416,482,429,abstract
for,488,416,510,429,abstract
classiﬁcation,516,416,617,429,abstract
purposes.,623,416,698,429,abstract
"Since,",706,416,753,429,abstract
in,759,416,774,429,abstract
"general,",780,416,842,429,abstract
the,158,432,183,445,abstract
resulting,188,432,257,445,abstract
likelihood,261,432,339,445,abstract
is,343,432,356,445,abstract
not,360,432,387,445,abstract
analytically,391,432,484,445,abstract
"available,",488,432,563,445,abstract
we,567,432,588,445,abstract
adopt,593,432,639,445,abstract
an,643,432,662,445,abstract
approximate,667,432,767,445,abstract
Bayesian,771,432,842,445,abstract
computational,158,448,273,461,abstract
(ABC),279,448,334,461,abstract
approach,341,448,413,461,abstract
for,420,448,442,461,abstract
estimating,449,448,533,461,abstract
the,539,448,565,461,abstract
importance,572,448,662,461,abstract
of,669,448,683,461,abstract
the,690,448,716,461,abstract
categories.,723,448,806,461,abstract
We,816,448,842,461,abstract
illustrate,158,464,229,477,abstract
the,235,464,260,477,abstract
performance,266,464,365,477,abstract
of,370,464,385,477,abstract
the,391,464,416,477,abstract
estimation,422,464,506,477,abstract
procedure,511,464,590,477,abstract
on,596,464,615,477,abstract
simulated,621,464,698,477,abstract
datasets.,704,464,774,477,abstract
"Finally,",782,464,842,477,abstract
we,158,480,178,493,abstract
use,186,480,212,493,abstract
the,220,480,246,493,abstract
new,253,480,285,493,abstract
model,293,480,341,493,abstract
for,349,480,371,493,abstract
analysing,379,480,454,493,abstract
two,462,480,491,493,abstract
datasets,499,480,564,493,abstract
about,572,480,619,493,abstract
movies,627,480,681,493,abstract
ratings,689,480,744,493,abstract
and,752,480,781,493,abstract
Italian,789,480,842,493,abstract
academic,158,496,231,509,abstract
statisticians’,238,496,338,509,abstract
journal,344,496,401,509,abstract
preferences.,407,496,501,509,abstract
The,511,496,542,509,abstract
latter,549,496,593,509,abstract
is,599,496,612,509,abstract
a,618,496,627,509,abstract
novel,634,496,675,509,abstract
dataset,682,496,740,509,abstract
collected,747,496,816,509,abstract
by,823,496,842,509,abstract
the,158,512,183,525,abstract
authors.,189,512,255,525,abstract
Keywords:,185,528,281,541,abstract
Approximate,295,528,400,541,abstract
Bayesian,409,528,479,541,abstract
"Computation,",488,528,599,541,abstract
Biased,609,528,662,541,abstract
"Urn,",671,528,707,541,abstract
Movies,717,528,773,541,abstract
"ratings,",782,528,842,541,abstract
Scientiﬁc,158,545,229,558,abstract
Journals,236,545,303,558,abstract
Preferences.,309,545,405,558,abstract
1,158,584,174,604,section
Introduction,206,584,386,604,section
and,396,584,448,604,section
motivations,459,584,624,604,section
Human,185,619,244,632,paragraph
beings,250,619,300,632,paragraph
naturally,306,619,379,632,paragraph
tend,385,619,421,632,paragraph
to,427,619,443,632,paragraph
rank,449,619,486,632,paragraph
objects,492,619,548,632,paragraph
in,554,619,570,632,paragraph
everyday,576,619,647,632,paragraph
life,653,619,677,632,paragraph
such,683,619,718,632,paragraph
as,724,619,740,632,paragraph
"food,",746,619,787,632,paragraph
"shops,",793,619,842,632,paragraph
singers,158,635,212,648,paragraph
and,220,635,249,648,paragraph
football,257,635,318,648,paragraph
"teams,",326,635,378,648,paragraph
according,387,635,463,648,paragraph
to,471,635,488,648,paragraph
their,496,635,533,648,paragraph
preferences.,541,635,635,648,paragraph
More,648,635,690,648,paragraph
"generally,",698,635,773,648,paragraph
to,781,635,798,648,paragraph
rank,806,635,842,648,paragraph
a,158,651,167,664,paragraph
set,174,651,196,664,paragraph
of,203,651,218,664,paragraph
objects,225,651,281,664,paragraph
means,288,651,338,664,paragraph
to,345,651,361,664,paragraph
arrange,368,651,429,664,paragraph
them,435,651,476,664,paragraph
in,483,651,498,664,paragraph
order,505,651,547,664,paragraph
with,554,651,590,664,paragraph
respect,597,651,653,664,paragraph
to,660,651,677,664,paragraph
some,683,651,723,664,paragraph
characteristic.,730,651,842,664,paragraph
Ranked,158,667,218,680,paragraph
data,223,667,258,680,paragraph
are,263,667,288,680,paragraph
often,292,667,332,680,paragraph
employed,337,667,412,680,paragraph
in,417,667,432,680,paragraph
contexts,437,667,503,680,paragraph
where,508,667,555,680,paragraph
objective,559,667,631,680,paragraph
and,636,667,665,680,paragraph
precise,670,667,724,680,paragraph
measurements,729,667,842,680,paragraph
can,158,683,185,696,paragraph
be,193,683,212,696,paragraph
impossible,219,683,303,696,paragraph
or,310,683,327,696,paragraph
unreliable,334,683,413,696,paragraph
and,420,683,450,696,paragraph
the,458,683,483,696,paragraph
observer,491,683,557,696,paragraph
collects,565,683,623,696,paragraph
ordinal,631,683,687,696,paragraph
information,695,683,788,696,paragraph
about,796,683,842,696,paragraph
"preferences,",158,700,251,713,paragraph
"judgements,",264,700,359,713,paragraph
relative,372,700,431,713,paragraph
or,442,700,459,713,paragraph
absolute,470,700,536,713,paragraph
ranking,548,700,608,713,paragraph
among,620,700,673,713,paragraph
"competitors,",684,700,783,713,paragraph
called,796,700,842,713,paragraph
items.,158,716,206,729,paragraph
Modern,215,716,277,729,paragraph
"technologies,",284,716,386,729,paragraph
such,392,716,428,729,paragraph
as,434,716,451,729,paragraph
the,457,716,483,729,paragraph
"web,",489,716,525,729,paragraph
have,532,716,568,729,paragraph
made,575,716,618,729,paragraph
available,624,716,694,729,paragraph
a,700,716,709,729,paragraph
huge,716,716,753,729,paragraph
amount,760,716,820,729,paragraph
of,827,716,842,729,paragraph
ranked,158,732,212,745,paragraph
"data,",217,732,258,745,paragraph
which,263,732,310,745,paragraph
can,315,732,342,745,paragraph
provide,348,732,407,745,paragraph
information,412,732,506,745,paragraph
about,511,732,557,745,paragraph
social,563,732,607,745,paragraph
and,612,732,642,745,paragraph
psychological,647,732,752,745,paragraph
"behaviour,",758,732,842,745,paragraph
marketing,158,748,238,761,paragraph
strategies,246,748,322,761,paragraph
and,330,748,360,761,paragraph
political,368,748,432,761,paragraph
preferences.,440,748,534,761,paragraph
The,548,748,580,761,paragraph
codiﬁcation,588,748,680,761,paragraph
of,688,748,703,761,paragraph
this,711,748,740,761,paragraph
information,749,748,842,761,paragraph
has,158,764,184,777,paragraph
been,191,764,228,777,paragraph
of,235,764,249,777,paragraph
interest,256,764,316,777,paragraph
to,322,764,339,777,paragraph
the,345,764,371,777,paragraph
statisticians,377,764,472,777,paragraph
since,479,764,518,777,paragraph
the,524,764,550,777,paragraph
beginning,557,764,635,777,paragraph
of,641,764,656,777,paragraph
the,663,764,688,777,paragraph
20th,695,764,730,777,paragraph
century.,737,764,801,777,paragraph
The,810,764,842,777,paragraph
Thurstone,158,780,239,793,paragraph
model,248,780,294,793,paragraph
(TM),304,780,348,793,paragraph
assumes,356,780,421,793,paragraph
that,429,780,463,793,paragraph
each,471,780,506,793,paragraph
item,514,780,550,793,paragraph
i,558,780,564,793,paragraph
is,572,780,585,793,paragraph
associated,593,780,674,793,paragraph
with,682,780,718,793,paragraph
a,726,780,735,793,paragraph
score,743,780,783,793,paragraph
W,791,780,809,793,paragraph
on,823,780,842,793,paragraph
i,809,785,814,794,paragraph
which,158,796,204,809,paragraph
the,210,796,235,809,paragraph
comparative,241,796,339,809,paragraph
judgement,345,796,428,809,paragraph
is,434,796,446,809,paragraph
based;,452,796,502,809,paragraph
examples,508,796,581,809,paragraph
of,587,796,601,809,paragraph
unidimensional,607,796,727,809,paragraph
scores,733,796,780,809,paragraph
are,786,796,811,809,paragraph
the,816,796,842,809,paragraph
unrecorded,158,812,246,825,paragraph
ﬁnishing,255,812,322,825,paragraph
times,331,812,374,825,paragraph
of,383,812,397,825,paragraph
players,406,812,462,825,paragraph
in,470,812,486,825,paragraph
a,494,812,504,825,paragraph
race,512,812,545,825,paragraph
or,554,812,570,825,paragraph
any,579,812,607,825,paragraph
possible,616,812,679,825,paragraph
preference/attitude,687,812,842,825,paragraph
measure,158,828,223,841,paragraph
towards,231,828,293,841,paragraph
items.,301,828,349,841,paragraph
Item,361,828,399,841,paragraph
i,406,828,413,841,paragraph
is,420,828,433,841,paragraph
preferred,440,828,512,841,paragraph
to,520,828,536,841,paragraph
item,544,828,579,841,paragraph
j,587,828,595,841,paragraph
if,603,828,614,841,paragraph
W,622,828,639,841,paragraph
is,652,828,665,841,paragraph
greater,672,828,729,841,paragraph
than,736,828,773,841,paragraph
W,781,828,798,841,paragraph
",",805,828,810,841,paragraph
see,818,828,842,841,paragraph
i,639,833,644,843,paragraph
j,798,833,804,843,paragraph
Thurstone,158,845,240,858,paragraph
(1927).,246,845,302,858,paragraph
From,312,845,354,858,paragraph
the,360,845,386,858,paragraph
modelling,392,845,470,858,paragraph
point,476,845,518,858,paragraph
of,525,845,539,858,paragraph
"view,",546,845,587,858,paragraph
this,594,845,623,858,paragraph
corresponds,630,845,724,858,paragraph
to,731,845,747,858,paragraph
assigning,754,845,826,858,paragraph
a,833,845,842,858,paragraph
1,495,879,505,893,paragraph
