token,x0,y0,x1,y1,label
[DZ],150,122,181,135,reference
S.,245,122,258,135,reference
Dyatlov,265,122,321,135,reference
and,327,122,354,135,reference
M.,360,122,380,135,reference
Zworski.,386,122,446,135,reference
Mathematical,457,122,552,135,reference
theory,559,122,603,135,reference
of,610,122,623,135,reference
scattering,630,122,699,135,reference
resonances.,706,122,786,135,reference
Version,797,122,849,135,reference
"0.03,",245,137,278,150,reference
To,283,137,302,150,reference
appear.,307,137,360,150,reference
[GRH15],150,162,212,175,reference
J.,245,162,257,175,reference
Gell-Redman,265,162,359,175,reference
and,366,162,393,175,reference
A.,400,162,417,175,reference
Hassell.,425,162,479,175,reference
The,493,162,521,175,reference
distribution,529,162,612,175,reference
of,620,162,633,175,reference
phase,640,162,680,175,reference
shifts,688,162,726,175,reference
for,733,162,753,175,reference
semiclassical,761,162,850,175,reference
potentials,245,177,314,190,reference
with,320,177,351,190,reference
polynomial,357,177,435,190,reference
decay.,441,177,484,190,reference
arXiv,491,177,531,190,reference
preprint,537,177,593,190,reference
"1509.03468,",599,177,683,190,reference
2015.,689,177,726,190,reference
[GRHZ15],150,202,222,215,reference
J.,245,202,257,215,reference
"Gell-Redman,",263,202,361,215,reference
A.,366,202,383,215,reference
"Hassell,",388,202,442,215,reference
and,447,202,473,215,reference
S.,478,202,492,215,reference
Zelditch.,497,202,559,215,reference
Equidistribution,566,202,682,215,reference
of,687,202,701,215,reference
phase,706,202,746,215,reference
shifts,751,202,788,215,reference
in,794,202,807,215,reference
semi-,812,202,850,215,reference
classical,245,218,302,230,reference
potential,306,218,370,230,reference
scattering.,374,218,448,230,reference
Journal,454,218,508,230,reference
of,513,218,527,230,reference
the,532,218,553,230,reference
London,558,218,611,230,reference
Mathematical,616,218,711,230,reference
"Society,",716,218,771,230,reference
91(1):159–,775,218,850,230,reference
"179,",245,233,274,245,reference
2015.,279,233,316,245,reference
[GS87],150,258,197,270,reference
C.,245,258,261,270,reference
G´erard,266,258,316,270,reference
and,320,258,346,270,reference
J.,351,258,364,270,reference
Sj¨ostrand.,369,258,441,270,reference
Semiclassical,447,258,538,270,reference
resonances,543,258,619,270,reference
generated,623,258,692,270,reference
by,697,258,714,270,reference
a,719,258,727,270,reference
closed,732,258,774,270,reference
trajectory,779,258,849,270,reference
of,245,273,258,285,reference
hyperbolic,263,273,337,285,reference
type.,343,273,378,285,reference
Communications,386,273,505,285,reference
in,510,273,525,285,reference
Mathematical,530,273,626,285,reference
"Physics,",632,273,689,285,reference
"108(3):391–421,",695,273,806,285,reference
1987.,811,273,848,285,reference
[Gui77],150,298,201,311,reference
V.,245,298,261,311,reference
Guillemin.,269,298,344,311,reference
Sojourn,358,298,414,311,reference
times,422,298,460,311,reference
and,468,298,494,311,reference
asymptotic,502,298,581,311,reference
properties,589,298,660,311,reference
of,668,298,681,311,reference
the,689,298,712,311,reference
scattering,720,298,789,311,reference
matrix.,797,298,850,311,reference
Publications,245,313,331,326,reference
of,336,313,349,326,reference
the,354,313,376,326,reference
Research,381,313,443,326,reference
Institute,448,313,508,326,reference
for,513,313,533,326,reference
Mathematical,539,313,634,326,reference
"Sciences,",639,313,703,326,reference
12(Supplement):69–,708,313,849,326,reference
"88,",245,328,265,341,reference
1977.,271,328,308,341,reference
[HW08],150,353,204,366,reference
A.,245,353,261,366,reference
Hassell,268,353,317,366,reference
and,324,353,350,366,reference
J.,356,353,369,366,reference
Wunsch.,376,353,436,366,reference
The,446,353,474,366,reference
semiclassical,481,353,570,366,reference
resolvent,576,353,639,366,reference
and,646,353,672,366,reference
the,678,353,701,366,reference
propagator,708,353,785,366,reference
for,792,353,811,366,reference
non-,818,353,849,366,reference
trapping,245,368,305,381,reference
scattering,311,368,380,381,reference
metrics.,386,368,442,381,reference
Adv.,449,368,481,381,reference
"Math.,",487,368,533,381,reference
"217(2):586–682,",539,368,650,381,reference
2008.,655,368,692,381,reference
[Mel95],150,394,202,406,reference
R.B.,245,394,277,406,reference
Melrose.,283,394,342,406,reference
Geometric,349,394,422,406,reference
Scattering,428,394,499,406,reference
Theory.,505,394,559,406,reference
Cambridge,566,394,644,406,reference
University,649,394,722,406,reference
"Press,",727,394,770,406,reference
0995.,775,394,812,406,reference
[MO05],150,419,202,431,reference
J.,245,419,257,431,reference
Marklof,262,419,318,431,reference
and,323,419,349,431,reference
S.,354,419,368,431,reference
O’Keefe.,372,419,434,431,reference
Weyl’s,440,419,486,431,reference
law,491,419,515,431,reference
and,520,419,546,431,reference
quantum,551,419,615,431,reference
ergodicity,620,419,690,431,reference
for,695,419,714,431,reference
maps,719,419,756,431,reference
with,761,419,793,431,reference
divided,798,419,850,431,reference
phase,245,434,284,446,reference
"space,",290,434,332,446,reference
with,338,434,370,446,reference
an,375,434,392,446,reference
appendix,398,434,463,446,reference
by,468,434,485,446,reference
S.,491,434,504,446,reference
Zelditch.,510,434,572,446,reference
"Nonlinearity,",579,434,671,446,reference
"18:277–304,",677,434,759,446,reference
2005.,765,434,802,446,reference
[Nak14],150,459,204,472,reference
S.,245,459,258,472,reference
Nakamura.,263,459,341,472,reference
Microlocal,347,459,421,472,reference
properties,426,459,497,472,reference
of,502,459,516,472,reference
scattering,521,459,590,472,reference
matrices.,595,459,660,472,reference
arXiv,666,459,706,472,reference
preprint,711,459,768,472,reference
"1407.8299,",773,459,850,472,reference
2014.,245,474,282,487,reference
[PZ01],150,499,196,512,reference
V.,245,499,261,512,reference
Petkov,268,499,317,512,reference
and,323,499,349,512,reference
M.,356,499,375,512,reference
Zworski.,382,499,442,512,reference
Semi-classical,453,499,550,512,reference
estimates,556,499,622,512,reference
on,629,499,646,512,reference
the,653,499,676,512,reference
scattering,682,499,752,512,reference
determinant.,759,499,849,512,reference
Annales,245,514,301,527,reference
Henri,307,514,348,527,reference
"Poincar´e,",353,514,421,527,reference
"2(4):675–711,",426,514,521,527,reference
2001.,527,514,564,527,reference
[Sha16],150,540,201,552,reference
J.,245,540,257,552,reference
Shapiro.,268,540,327,552,reference
Semiclassical,349,540,440,552,reference
resolvent,450,540,513,552,reference
bounds,524,540,575,552,reference
in,585,540,599,552,reference
dimension,609,540,681,552,reference
two.,691,540,721,552,reference
arXiv,743,540,783,552,reference
preprint,793,540,850,552,reference
"arXiv:1604.03852,",245,555,374,567,reference
2016.,379,555,416,567,reference
[SY85],150,580,196,592,reference
A.,245,580,261,592,reference
V.,268,580,285,592,reference
Sobolev,291,580,347,592,reference
and,353,580,379,592,reference
D.,386,580,403,592,reference
R.,410,580,426,592,reference
Yafaev.,433,580,485,592,reference
Phase,496,580,538,592,reference
analysis,545,580,601,592,reference
in,607,580,621,592,reference
the,627,580,650,592,reference
problem,657,580,715,592,reference
of,721,580,734,592,reference
scattering,741,580,811,592,reference
by,818,580,835,592,reference
a,841,580,850,592,reference
radial,245,595,285,607,reference
potential.,291,595,359,607,reference
Zapiski,366,595,417,607,reference
Nauchnykh,422,595,500,607,reference
Seminarov,506,595,580,607,reference
"POMI,",586,595,635,607,reference
"147:155–178,",640,595,731,607,reference
1985.,736,595,773,607,reference
[Zwo89],150,620,204,633,reference
M.,245,620,264,633,reference
Zworski.,269,620,329,633,reference
Sharp,335,620,376,633,reference
polynomial,381,620,460,633,reference
bounds,464,620,516,633,reference
on,520,620,537,633,reference
the,542,620,565,633,reference
number,569,620,623,633,reference
of,628,620,641,633,reference
scattering,646,620,716,633,reference
poles.,720,620,761,633,reference
Duke,767,620,803,633,reference
Math.,808,620,849,633,reference
"J,",245,635,258,648,reference
"59(2):311–323,",263,635,366,648,reference
1989.,372,635,409,648,reference
[Zwo12],150,660,204,673,reference
M.,245,660,264,673,reference
Zworski.,269,660,329,673,reference
Semiclassical,336,660,429,673,reference
Analysis.,435,660,499,673,reference
"AMS,",506,660,547,673,reference
2012.,552,660,589,673,reference
[ZZ99],150,685,195,698,reference
S.,245,685,258,698,reference
Zelditch,266,685,323,698,reference
and,331,685,358,698,reference
M.,365,685,385,698,reference
Zworski.,393,685,453,698,reference
Spacing,467,685,522,698,reference
between,530,685,588,698,reference
phase,596,685,636,698,reference
shifts,643,685,681,698,reference
in,689,685,703,698,reference
a,710,685,719,698,reference
simple,727,685,772,698,reference
scattering,780,685,849,698,reference
problem.,245,701,307,713,reference
Communications,314,701,433,713,reference
in,439,701,453,713,reference
mathematical,459,701,553,713,reference
"physics,",559,701,614,713,reference
"204(3):709–729,",619,701,730,713,reference
1999.,736,701,773,713,reference
18,491,847,508,860,paragraph
