token,x0,y0,x1,y1,label
1.,234,153,245,166,reference
"Ahmed,",253,153,302,166,reference
"F.,",308,153,323,166,reference
"Paul,",329,153,360,166,reference
"P.P.,",365,153,391,166,reference
"Gavrilova,",396,153,461,166,reference
M.L.:,466,153,501,166,reference
DTW-Based,507,153,584,166,reference
Kernel,589,153,631,166,reference
and,637,153,659,166,reference
Rank-Level,664,153,736,166,reference
Fusion,742,153,784,166,reference
for,790,153,807,166,reference
3D,253,166,272,179,reference
Gait,276,166,303,179,reference
Recognition,307,166,382,179,reference
Using,387,166,423,179,reference
Kinect.,428,166,473,179,reference
The,477,166,501,179,reference
Visual,505,166,545,179,reference
Computer,549,166,610,179,reference
"31(6),",615,166,652,179,reference
915–924,656,166,710,179,reference
"(2015),",715,166,759,179,reference
https:,764,167,811,178,paragraph
//doi.org/10.1007/s00371-015-1092-0,252,180,532,191,paragraph
2.,234,191,245,204,reference
"Ahmed,",253,191,302,204,reference
"M.,",305,191,327,204,reference
"Al-Jawad,",330,191,392,204,reference
"N.,",396,191,414,204,reference
"Sabir,",418,191,453,204,reference
A.:,457,191,476,204,reference
Gait,480,191,506,204,reference
Recognition,510,191,584,204,reference
Based,588,191,625,204,reference
on,629,191,644,204,reference
Kinect,647,191,688,204,reference
Sensor.,692,191,737,204,reference
Proc.,741,191,772,204,reference
SPIE,776,191,807,204,reference
"9139,",253,204,287,217,reference
91390B–91390B–10,291,204,416,217,reference
"(2014),",420,204,464,217,reference
http://dx.doi.org/10.1117/12.2052588B,468,206,761,216,paragraph
3.,234,216,245,229,reference
"Ali,",253,216,276,229,reference
"S.,",279,216,295,229,reference
"Wu,",298,216,322,229,reference
"Z.,",325,216,342,229,reference
"Li,",345,216,362,229,reference
"X.,",365,216,383,229,reference
"Saeed,",386,216,425,229,reference
"N.,",428,216,446,229,reference
"Wang,",450,216,487,229,reference
"D.,",491,216,509,229,reference
"Zhou,",512,216,547,229,reference
M.:,550,216,571,229,reference
Transactions,574,216,649,229,reference
on,652,216,667,229,reference
Computational,670,216,758,229,reference
Science,761,216,807,229,reference
XXVI:,253,229,294,242,reference
Special,298,229,341,242,reference
Issue,345,229,375,242,reference
on,379,229,394,242,reference
Cyberworlds,398,229,474,242,reference
and,478,229,499,242,reference
"Cybersecurity,",503,229,590,242,reference
chap.,593,229,625,242,reference
Applying,629,229,685,242,reference
Geometric,688,229,751,242,reference
Function,755,229,807,242,reference
on,253,242,268,255,reference
Sensors,272,242,318,255,reference
3D,321,242,339,255,reference
Gait,343,242,369,255,reference
Data,372,242,400,255,reference
for,404,242,421,255,reference
Human,425,242,468,255,reference
"Identiﬁcation,",472,242,555,255,reference
pp.,558,242,577,255,reference
125–141.,581,242,636,255,reference
"Springer,",640,242,694,255,reference
"Berlin,",698,242,738,255,reference
Heidelberg,742,242,807,255,reference
"(2016),",253,255,297,268,reference
https://doi.org/10.1007/978-3-662-49247-5_8,300,257,644,267,paragraph
4.,234,267,245,280,reference
"Andersson,",253,267,322,280,reference
"V.O.,",326,267,358,280,reference
"Araujo,",361,267,408,280,reference
R.M.:,411,267,447,280,reference
Person,451,267,492,280,reference
Identiﬁcation,496,267,577,280,reference
Using,581,267,618,280,reference
Anthropometric,621,267,719,280,reference
and,723,267,745,280,reference
Gait,748,267,775,280,reference
Data,778,267,807,280,reference
from,253,280,282,293,reference
Kinect,285,280,325,293,reference
Sensor.,328,280,372,293,reference
In:,375,280,391,293,reference
Proc.,395,280,425,293,reference
of,429,280,441,293,reference
the,444,280,462,293,reference
Twenty-Ninth,466,280,548,293,reference
AAAI,551,280,588,293,reference
Conference,592,280,660,293,reference
on,663,280,678,293,reference
Artiﬁcial,681,280,734,293,reference
Intelligence,737,280,807,293,reference
(AAAI-15).,253,293,325,306,reference
pp.,329,293,348,306,reference
425–431.,352,293,410,306,reference
AAAI,413,293,452,306,reference
Press,455,293,488,306,reference
"(2015),",491,293,536,306,reference
http://www.aaai.org/ocs/index.php/,540,295,809,306,paragraph
AAAI/AAAI15/paper/view/9680,253,308,466,319,paragraph
5.,234,318,245,331,reference
"Balazia,",253,318,302,331,reference
"M.,",306,318,327,331,reference
"Sojka,",331,318,369,331,reference
P.:,372,318,387,331,reference
Learning,391,318,445,331,reference
Robust,449,318,491,331,reference
Features,495,318,546,331,reference
for,550,318,567,331,reference
Gait,571,318,597,331,reference
Recognition,601,318,674,331,reference
by,678,318,693,331,reference
Maximum,697,318,759,331,reference
Margin,763,318,807,331,reference
Criterion.,253,332,311,344,reference
In:,315,332,332,344,reference
Proc.,335,332,367,344,reference
of,370,332,383,344,reference
23rd,386,332,414,344,reference
International,418,332,494,344,reference
Conference,498,332,567,344,reference
on,571,332,586,344,reference
Pattern,590,332,632,344,reference
"Recognition,",636,332,713,344,reference
ICPR,717,332,750,344,reference
2016.,754,332,787,344,reference
pp.,791,332,810,344,reference
901–906.,253,345,310,357,reference
IEEE,313,345,346,357,reference
(Dec,350,345,379,357,reference
2016),383,345,418,357,reference
6.,234,357,245,370,reference
"Ball,",253,357,282,370,reference
"A.,",285,357,303,370,reference
"Rye,",307,357,335,370,reference
"D.,",339,357,357,370,reference
"Ramos,",360,357,405,370,reference
"F.,",409,357,423,370,reference
"Velonaki,",427,357,484,370,reference
M.:,487,357,508,370,reference
Unsupervised,512,357,594,370,reference
clustering,597,357,656,370,reference
of,660,357,672,370,reference
people,676,357,715,370,reference
from,719,357,748,370,reference
’skeleton’,751,357,810,370,reference
data.,253,370,282,383,reference
In:,285,370,302,383,reference
Proceedings,306,370,378,383,reference
of,382,370,394,383,reference
the,398,370,416,383,reference
Seventh,420,370,467,383,reference
Annual,471,370,514,383,reference
ACM/IEEE,518,370,587,383,reference
International,591,370,667,383,reference
Conference,671,370,739,383,reference
on,743,370,757,383,reference
Human-,761,370,810,383,reference
Robot,253,383,290,396,reference
Interaction.,294,383,363,396,reference
pp.,367,383,385,396,reference
225–226.,389,383,446,396,reference
HRI,450,383,475,396,reference
"’12,",479,383,503,396,reference
"ACM,",507,383,544,396,reference
New,548,383,576,396,reference
"York,",580,383,613,396,reference
"NY,",617,383,640,396,reference
USA,644,383,674,396,reference
"(2012),",678,383,722,396,reference
http://doi.,726,384,813,395,paragraph
acm.org/10.1145/2157689.2157767,253,397,498,408,paragraph
7.,234,408,245,421,reference
"Castro,",253,408,296,421,reference
"F.M.,",300,408,332,421,reference
"Marín-Jiménez,",336,408,430,421,reference
"M.J.,",434,408,465,421,reference
"Guil,",468,408,499,421,reference
"N.,",503,408,521,421,reference
de,525,408,539,421,reference
la,543,408,554,421,reference
"Blanca,",557,408,603,421,reference
N.P.:,607,408,636,421,reference
Automatic,640,408,703,421,reference
Learning,707,408,761,421,reference
of,765,408,778,421,reference
Gait,781,408,807,421,reference
Signatures,253,421,317,434,reference
for,321,421,339,434,reference
People,343,421,384,434,reference
Identiﬁcation.,388,421,473,434,reference
CoRR,476,421,514,434,reference
abs/1603.01006,518,421,615,434,reference
"(2016),",618,421,663,434,reference
https://arxiv.org/,666,422,809,433,paragraph
abs/1603.01006,253,436,364,446,paragraph
8.,234,446,245,459,reference
"Choudhury,",253,446,322,459,reference
"S.D.,",326,446,356,459,reference
"Tjahjadi,",359,446,412,459,reference
T.:,415,446,431,459,reference
Robust,434,446,476,459,reference
View-Invariant,479,446,567,459,reference
Multiscale,570,446,632,459,reference
Gait,636,446,661,459,reference
Recognition.,664,446,740,459,reference
Pattern,744,446,785,459,reference
Re-,788,446,810,459,reference
cognition,253,459,309,472,reference
"48(3),",312,459,348,472,reference
798–811,351,459,403,472,reference
"(2015),",406,459,449,472,reference
http://www.sciencedirect.com/science/article/,453,461,809,471,paragraph
pii/S0031320314003835,253,474,419,484,paragraph
9.,234,484,245,497,reference
CMU,253,484,288,497,reference
Graphics,293,484,349,497,reference
Lab:,353,484,382,497,reference
Carnegie-Mellon,386,484,491,497,reference
Motion,496,484,541,497,reference
Capture,546,484,595,497,reference
(MoCap),600,484,656,497,reference
Database,661,484,717,497,reference
"(2003),",722,484,767,497,reference
http:,772,486,811,497,paragraph
//mocap.cs.cmu.edu,252,499,395,510,paragraph
10.,226,509,245,522,reference
"Dikovski,",253,509,313,522,reference
"B.,",317,509,335,522,reference
"Madjarov,",340,509,402,522,reference
"G.,",406,509,425,522,reference
"Gjorgjevikj,",429,509,503,522,reference
D.:,508,509,527,522,reference
Evaluation,531,509,597,522,reference
of,602,509,614,522,reference
Diﬀerent,619,509,674,522,reference
Feature,678,509,724,522,reference
Sets,729,509,754,522,reference
for,759,509,776,522,reference
Gait,781,509,807,522,reference
Recognition,253,522,327,535,reference
Using,331,522,367,535,reference
Skeletal,371,522,420,535,reference
Data,423,522,452,535,reference
from,456,522,485,535,reference
Kinect.,489,522,533,535,reference
In:,537,522,554,535,reference
37th,557,522,584,535,reference
Intl.,588,522,613,535,reference
Convention,617,522,687,535,reference
on,690,522,705,535,reference
Information,709,522,782,535,reference
and,785,522,807,535,reference
Communication,253,535,351,548,reference
"Technology,",354,535,428,548,reference
Electronics,432,535,500,548,reference
and,504,535,526,548,reference
Microelectronics.,529,535,635,548,reference
pp.,639,535,658,548,reference
1304–1308,662,535,730,548,reference
(May,734,535,766,548,reference
"2014),",770,535,809,548,reference
http://ieeexplore.ieee.org/stamp/stamp.jsp?arnumber=6859769,253,550,720,561,paragraph
11.,226,561,245,573,reference
"Kocsor,",253,561,299,573,reference
"A.,",303,561,321,573,reference
"Kovács,",325,561,372,573,reference
"K.,",376,561,394,573,reference
"Szepesvári,",398,561,466,573,reference
C.:,470,561,488,573,reference
Margin,492,561,535,573,reference
Maximizing,539,561,612,573,reference
Discriminant,616,561,694,573,reference
"Analysis,",698,561,753,573,reference
pp.,757,561,776,573,reference
227–,780,561,809,573,reference
238.,253,574,280,586,reference
Springer,283,574,335,586,reference
Berlin,339,574,377,586,reference
"Heidelberg,",381,574,451,586,reference
"Berlin,",455,574,497,586,reference
Heidelberg,500,574,567,586,reference
"(2004),",571,574,615,586,reference
https://doi.org/10.1007/,619,575,809,586,paragraph
978-3-540-30115-8_23,253,588,415,599,paragraph
12.,226,599,245,612,reference
"Kwolek,",253,599,304,612,reference
"B.,",307,599,324,612,reference
"Krzeszowski,",327,599,407,612,reference
"T.,",410,599,425,612,reference
"Michalczuk,",429,599,502,612,reference
"A.,",505,599,523,612,reference
"Josinski,",527,599,578,612,reference
H.:,581,599,600,612,reference
3D,603,599,621,612,reference
Gait,624,599,650,612,reference
Recognition,653,599,725,612,reference
Using,729,599,764,612,reference
Spatio-,767,599,810,612,reference
Temporal,253,612,309,625,reference
Motion,313,612,357,625,reference
Descriptors.,361,612,433,625,reference
In:,437,612,453,625,reference
Proc.,457,612,488,625,reference
of,492,612,504,625,reference
Intelligent,508,612,569,625,reference
Information,573,612,644,625,reference
and,647,612,669,625,reference
Database,673,612,727,625,reference
Systems:,731,612,784,625,reference
6th,788,612,807,625,reference
Asian,253,625,287,638,reference
"Conference,",291,625,363,638,reference
ACIIDS,367,625,416,638,reference
"2014,",420,625,453,638,reference
"Bangkok,",457,625,514,638,reference
"Thailand,",518,625,574,638,reference
Part,578,625,602,638,reference
II.,606,625,619,638,reference
"LNCS,",623,625,665,638,reference
vol.,668,625,691,638,reference
"8398,",695,625,728,638,reference
pp.,732,625,750,638,reference
595–604.,754,625,810,638,reference
Springer,253,638,305,651,reference
(Apr,309,638,337,651,reference
"2014),",341,638,380,651,reference
https://doi.org/10.1007/978-3-319-05458-2_61,384,639,735,650,paragraph
13.,226,650,245,663,reference
"Li,",253,650,271,663,reference
"H.,",275,650,293,663,reference
"Jiang,",297,650,334,663,reference
"T.,",338,650,354,663,reference
"Zhang,",357,650,401,663,reference
K.:,405,650,424,663,reference
Eﬃcient,428,650,480,663,reference
and,484,650,506,663,reference
Robust,510,650,553,663,reference
Feature,557,650,603,663,reference
Extraction,607,650,671,663,reference
by,675,650,690,663,reference
Maximum,694,650,758,663,reference
Margin,762,650,807,663,reference
Criterion.,253,663,310,676,reference
IEEE,314,663,346,676,reference
Transactions,350,663,425,676,reference
on,429,663,443,676,reference
Neural,447,663,487,676,reference
Networks,491,663,549,676,reference
"17(1),",552,663,588,676,reference
157–165,592,663,644,676,reference
(Jan,647,663,672,676,reference
"2006),",676,663,714,676,reference
https://doi.,718,665,813,675,paragraph
org/10.1109/TNN.2005.860852,253,678,467,688,paragraph
14.,226,688,245,701,reference
"Preis,",253,688,288,701,reference
"J.,",293,688,306,701,reference
"Kessel,",311,688,356,701,reference
"M.,",360,688,382,701,reference
"Werner,",387,688,435,701,reference
"M.,",440,688,461,701,reference
"Linnhoﬀ-Popien,",466,688,571,701,reference
C.:,576,688,594,701,reference
Gait,599,688,626,701,reference
Recognition,630,688,706,701,reference
with,710,688,738,701,reference
Kinect.,743,688,787,701,reference
In:,792,688,809,701,reference
1st,252,701,270,714,reference
International,276,701,355,714,reference
Workshop,361,701,424,714,reference
on,431,701,446,714,reference
Kinect,452,701,493,714,reference
in,500,701,512,714,reference
Pervasive,518,701,577,714,reference
"Computing,",583,701,656,714,reference
New,663,701,691,714,reference
"Castle,",698,701,740,714,reference
"UK,",747,701,773,714,reference
June,779,701,807,714,reference
18–22.,252,714,294,727,reference
pp.,300,714,319,727,reference
1–4,325,714,348,727,reference
"(2012),",354,714,399,727,reference
https://www.researchgate.net/publication/239862819_,405,716,808,726,paragraph
Gait_Recognition_with_Kinect,253,729,475,740,paragraph
15.,226,739,245,752,reference
Ramu,253,739,290,752,reference
"Reddy,",295,739,338,752,reference
"V.,",343,739,360,752,reference
"Chakravarty,",365,739,444,752,reference
"K.,",449,739,468,752,reference
"Aniruddha,",473,739,542,752,reference
S.:,548,739,564,752,reference
Person,569,739,611,752,reference
Identiﬁcation,617,739,699,752,reference
in,704,739,716,752,reference
Natural,721,739,767,752,reference
Static,772,739,807,752,reference
Postures,253,752,304,765,reference
Using,308,752,344,765,reference
Kinect.,348,752,392,765,reference
In:,396,752,412,765,reference
"Agapito,",416,752,468,765,reference
"L.,",472,752,489,765,reference
"Bronstein,",493,752,555,765,reference
"M.M.,",559,752,597,765,reference
"Rother,",601,752,645,765,reference
C.,649,752,662,765,reference
(eds.),666,752,700,765,reference
Computer,704,752,764,765,reference
Vision,768,752,807,765,reference
–,251,765,259,778,reference
ECCV,262,765,303,778,reference
2014,307,765,338,778,reference
Workshops:,341,765,414,778,reference
"Zurich,",418,765,463,778,reference
"Switzerland,",466,765,544,778,reference
September,547,765,613,778,reference
6–7,617,765,640,778,reference
and,643,765,665,778,reference
"12,",669,765,688,778,reference
"2014,",692,765,727,778,reference
"Proceedings,",730,765,809,778,reference
Part,253,778,278,791,reference
II.,283,778,298,791,reference
"LNCS,",303,778,346,791,reference
vol.,352,778,375,791,reference
"8926,",381,778,416,791,reference
pp.,421,778,441,791,reference
793–808.,446,778,504,791,reference
Springer,510,778,563,791,reference
"(2015),",568,778,613,791,reference
https://doi.org/10.1007/,619,780,809,791,paragraph
978-3-319-16181-5_60,253,793,415,804,paragraph
11,508,826,525,840,paragraph
