token,x0,y0,x1,y1,label
38,119,94,132,102,paragraph
RE´MY,444,92,485,102,paragraph
TUYE´RAS,490,92,555,102,paragraph
p1,484,136,498,147,equation
(cid:47)(cid:47),512,141,512,150,paragraph
(4.6),119,148,156,161,equation
Q,451,148,466,161,equation
F,517,148,529,161,equation
X,531,148,547,161,equation
(cid:47)(cid:47),512,153,512,161,paragraph
p2,484,161,498,171,equation
∈,749,207,762,229,paragraph
Example,119,216,199,229,paragraph
4.64,206,216,243,229,paragraph
(Trivial,250,216,311,229,paragraph
example).,317,216,396,229,paragraph
For,404,216,431,229,paragraph
every,437,216,479,229,paragraph
pointed,486,216,546,229,paragraph
set,552,216,574,229,paragraph
"(E,",581,216,608,229,paragraph
ε),611,216,626,229,paragraph
and,633,216,662,229,paragraph
element,668,216,730,229,paragraph
b,736,216,744,229,paragraph
"Ω,",767,216,785,229,paragraph
the,792,216,817,229,paragraph
functor,823,216,881,229,paragraph
F,119,232,130,245,paragraph
Eε,133,230,154,245,paragraph
is,161,232,173,245,paragraph
obviously,179,232,254,245,paragraph
presentable,261,232,351,245,paragraph
for,357,232,379,245,paragraph
the,385,232,411,245,paragraph
trivial,417,232,465,245,paragraph
coequalizer,471,232,560,245,paragraph
diagram,566,232,631,245,paragraph
given,637,232,679,245,paragraph
below.,685,232,736,245,paragraph
b,146,238,153,248,paragraph
id,494,255,506,265,paragraph
(cid:47)(cid:47),520,259,520,267,paragraph
F,438,265,450,278,paragraph
Eε,452,263,473,278,paragraph
F,525,265,537,278,paragraph
Eε,540,263,561,278,paragraph
b,466,272,472,282,paragraph
(cid:47)(cid:47),520,270,520,278,paragraph
b,553,272,559,282,paragraph
id,494,281,506,290,paragraph
∈,719,304,731,326,paragraph
Example,119,313,199,326,paragraph
4.65,206,313,244,326,paragraph
(Recombination).,252,313,392,326,paragraph
For,400,313,427,326,paragraph
every,434,313,476,326,paragraph
pointed,483,313,543,326,paragraph
set,550,313,572,326,paragraph
"(E,",579,313,606,326,paragraph
"ε),",609,313,629,326,paragraph
element,636,313,698,326,paragraph
b,705,313,713,326,paragraph
Ω,737,313,750,326,paragraph
and,757,313,786,326,paragraph
ﬁnite,793,313,834,326,paragraph
chro-,841,313,881,326,paragraph
→,617,319,636,342,paragraph
mology,119,329,176,342,paragraph
"(Ω,",183,329,208,342,paragraph
"D),",211,329,239,342,paragraph
the,245,329,271,342,paragraph
recombination,277,329,391,342,paragraph
semimodule,397,329,492,342,paragraph
DEε,498,327,535,342,paragraph
:,541,329,546,342,paragraph
Seg(Ω),552,329,612,342,paragraph
B,641,329,655,342,paragraph
-Mod,663,329,712,342,paragraph
(see,718,329,749,342,paragraph
Deﬁnition,756,329,835,342,paragraph
4.50),841,329,881,342,paragraph
b,527,336,533,345,paragraph
2,655,334,662,343,paragraph
is,119,344,131,357,paragraph
the,137,344,162,357,paragraph
coequalizer,169,344,257,357,paragraph
for,263,344,285,357,paragraph
the,291,344,317,357,paragraph
pair,323,344,354,357,paragraph
given,360,344,402,357,paragraph
in,408,344,424,357,paragraph
(4.4).,430,344,472,357,paragraph
It,480,344,494,357,paragraph
is,500,344,513,357,paragraph
therefore,519,344,590,357,paragraph
presentable,596,344,686,357,paragraph
for,692,344,714,357,paragraph
the,720,344,745,357,paragraph
coequalizer,752,344,840,357,paragraph
map,846,344,881,357,paragraph
→,184,350,202,373,paragraph
q,119,360,127,373,paragraph
:,133,360,138,373,paragraph
F,143,360,155,373,paragraph
Eε,157,358,178,373,paragraph
DEε,208,358,244,373,paragraph
b,171,366,177,376,paragraph
b,237,366,243,376,paragraph
Deﬁnition,119,406,210,418,paragraph
4.66,216,406,253,418,paragraph
(Presentable,259,406,359,418,paragraph
morphisms).,364,406,463,418,paragraph
Let,471,406,498,418,paragraph
(P,503,406,521,418,paragraph
",",529,406,534,418,paragraph
q,538,406,546,418,paragraph
),554,406,561,418,paragraph
and,566,406,595,418,paragraph
(P,600,406,619,418,paragraph
",",627,406,632,418,paragraph
q,635,406,643,418,paragraph
),651,406,659,418,paragraph
be,663,406,682,418,paragraph
two,687,406,716,418,paragraph
presentable,721,406,811,418,paragraph
functors,816,406,881,418,paragraph
1,521,410,529,420,paragraph
1,546,410,553,420,paragraph
2,619,410,626,420,paragraph
2,643,410,651,420,paragraph
over,119,421,152,434,paragraph
two,158,421,187,434,paragraph
functors,193,421,258,434,paragraph
X,264,421,280,434,paragraph
and,294,421,323,434,paragraph
X,330,421,345,434,paragraph
",",353,421,358,434,paragraph
respectively.,365,421,462,434,paragraph
A,471,421,485,434,paragraph
presentable,491,421,579,434,paragraph
morphism,586,421,665,434,paragraph
from,673,421,710,434,paragraph
(P,716,421,735,434,paragraph
",",743,421,748,434,paragraph
q,751,421,760,434,paragraph
),768,421,775,434,paragraph
to,781,421,797,434,paragraph
(P,804,421,823,434,paragraph
",",831,421,836,434,paragraph
q,839,421,847,434,paragraph
),855,421,862,434,paragraph
is,869,421,881,434,paragraph
1,280,426,287,435,paragraph
2,345,426,352,435,paragraph
1,735,426,742,435,paragraph
1,760,426,767,435,paragraph
2,823,426,830,435,paragraph
2,847,426,854,435,paragraph
a,119,436,128,449,paragraph
commutative,134,436,237,449,paragraph
square,243,436,295,449,paragraph
on,301,436,320,449,paragraph
the,327,436,352,449,paragraph
following,358,436,429,449,paragraph
form,436,436,473,449,paragraph
in,479,436,494,449,paragraph
"[Seg(Ω),",500,436,570,449,paragraph
B,573,436,587,449,paragraph
-Mod].,595,436,654,449,paragraph
2,587,441,594,451,paragraph
F,444,463,455,476,paragraph
X,458,463,473,476,paragraph
q1,500,457,512,467,paragraph
(cid:47)(cid:47),527,462,527,470,paragraph
P,532,463,544,476,paragraph
1,473,468,480,477,paragraph
1,544,468,551,477,paragraph
g,450,487,456,497,paragraph
f,548,488,554,498,paragraph
(cid:15)(cid:15),462,500,462,508,paragraph
(cid:15)(cid:15),542,500,542,508,paragraph
F,444,510,455,523,paragraph
X,458,510,473,523,paragraph
q2,500,504,512,514,paragraph
(cid:47)(cid:47),527,509,527,517,paragraph
P,532,510,544,523,paragraph
2,473,515,480,524,paragraph
2,544,515,551,524,paragraph
Remark,119,547,180,560,paragraph
4.67.,189,547,227,560,paragraph
Any,235,547,268,560,paragraph
component-wise,274,547,402,560,paragraph
composition,408,547,504,560,paragraph
of,510,547,525,560,paragraph
presentable,531,547,622,560,paragraph
morphisms,628,547,714,560,paragraph
is,721,547,733,560,paragraph
presentable.,739,547,834,560,paragraph
Example,119,593,199,606,paragraph
4.68,204,593,242,606,paragraph
(Mutations,247,593,337,606,paragraph
as,341,593,358,606,paragraph
presentable,363,593,453,606,paragraph
morphisms).,458,593,558,606,paragraph
Let,565,593,592,606,paragraph
"(E,",597,593,623,606,paragraph
ε),626,593,642,606,paragraph
be,647,593,666,606,paragraph
a,671,593,680,606,paragraph
pointed,685,593,745,606,paragraph
"set,",750,593,777,606,paragraph
b,782,593,790,606,paragraph
an,795,593,814,606,paragraph
element,819,593,881,606,paragraph
in,119,609,134,622,paragraph
Ω,139,609,152,622,paragraph
and,158,609,187,622,paragraph
"(Ω,",193,609,218,622,paragraph
D),221,609,244,622,paragraph
be,249,609,268,622,paragraph
a,273,609,283,622,paragraph
ﬁnite,288,609,329,622,paragraph
chromology.,334,609,429,622,paragraph
One,437,609,470,622,paragraph
of,475,609,490,622,paragraph
the,495,609,520,622,paragraph
most,526,609,565,622,paragraph
trivial5,570,606,625,622,paragraph
types,631,609,673,622,paragraph
of,678,609,693,622,paragraph
presentable,698,609,789,622,paragraph
morphisms,794,609,881,622,paragraph
→,261,615,279,637,paragraph
of,119,624,133,637,paragraph
the,140,624,166,637,paragraph
form,173,624,210,637,paragraph
DEε,217,622,254,637,paragraph
DEε,285,622,322,637,paragraph
(for,330,624,359,637,paragraph
the,366,624,391,637,paragraph
structure,398,624,471,637,paragraph
given,478,624,519,637,paragraph
in,526,624,542,637,paragraph
Example,548,624,618,637,paragraph
4.65),625,624,665,637,paragraph
can,672,624,699,637,paragraph
arise,706,624,743,637,paragraph
from,750,624,787,637,paragraph
morphisms,794,624,881,637,paragraph
→,160,630,178,652,paragraph
b,246,631,252,640,paragraph
b,315,631,321,640,paragraph
→,617,630,635,652,paragraph
F,119,639,130,652,paragraph
Eε,133,638,154,652,paragraph
F,183,639,195,652,paragraph
Eε,198,638,219,652,paragraph
whose,225,639,273,652,paragraph
mappings,277,639,354,652,paragraph
are,358,639,383,652,paragraph
generated,388,639,465,652,paragraph
by,470,639,489,652,paragraph
functions,494,639,567,652,paragraph
ν,572,639,581,652,paragraph
:,587,639,592,652,paragraph
E,597,639,611,652,paragraph
F,640,639,652,652,paragraph
(E),655,639,683,652,paragraph
that,688,639,722,652,paragraph
assign,727,639,775,652,paragraph
each,779,639,815,652,paragraph
element,819,639,881,652,paragraph
∈b,134,645,153,668,paragraph
b,211,646,217,656,paragraph
→,650,645,668,668,paragraph
x,119,655,129,668,paragraph
E,152,655,165,668,paragraph
to,173,655,189,668,paragraph
a,195,655,204,668,paragraph
(ﬁnite),210,655,265,668,paragraph
sum,272,655,304,668,paragraph
of,310,655,325,668,paragraph
elements,331,655,400,668,paragraph
in,406,655,422,668,paragraph
F,428,655,440,668,paragraph
(E).,442,655,476,668,paragraph
The,485,655,516,668,paragraph
morphism,522,655,602,668,paragraph
F,608,655,620,668,paragraph
Eε,623,653,644,668,paragraph
F,673,655,685,668,paragraph
Eε,688,653,709,668,paragraph
then,716,655,752,668,paragraph
sends,758,655,801,668,paragraph
any,807,655,835,668,paragraph
word,842,655,881,668,paragraph
×,318,662,329,678,paragraph
×,521,662,532,678,paragraph
b,636,662,642,671,paragraph
b,701,662,707,671,paragraph
of,119,670,133,683,paragraph
th×e,139,670,165,693,paragraph
form,170,670,207,683,paragraph
X1,213,672,230,685,paragraph
.,234,670,239,683,paragraph
.,242,670,247,683,paragraph
.,250,670,255,683,paragraph
Xn,258,672,276,685,paragraph
in,283,670,298,683,paragraph
E,304,670,317,683,paragraph
n,329,669,338,678,paragraph
to,344,670,361,683,paragraph
the,366,670,392,683,paragraph
element,397,670,459,683,paragraph
of,465,670,479,683,paragraph
F,485,670,497,683,paragraph
(E,499,670,520,683,paragraph
n),532,669,549,683,paragraph
represented,554,670,646,683,paragraph
by,651,670,671,683,paragraph
the,676,670,702,683,paragraph
following,707,670,779,683,paragraph
ﬁnite,784,670,825,683,paragraph
subset,831,670,881,683,paragraph
of,119,686,133,699,paragraph
E,139,686,153,699,paragraph
n,165,684,174,693,paragraph
(as,181,686,204,699,paragraph
in,210,686,226,699,paragraph
Example,232,686,302,699,paragraph
4.40).,308,686,353,699,paragraph
×,470,697,484,720,paragraph
·,488,697,493,720,paragraph
·,496,697,502,720,paragraph
·,505,697,510,720,paragraph
×,514,697,528,720,paragraph
Supp(ν(X1)),371,707,466,721,paragraph
Supp(ν(Xn)),532,707,629,721,paragraph
{,715,718,724,740,paragraph
},804,718,813,740,paragraph
The,119,727,150,740,paragraph
following,156,727,228,740,paragraph
table,234,727,273,740,paragraph
gives,280,727,318,740,paragraph
an,324,727,344,740,paragraph
example,350,727,416,740,paragraph
when,422,727,463,740,paragraph
"(E,",470,727,496,740,paragraph
ε),499,727,515,740,paragraph
is,521,727,534,740,paragraph
our,540,727,566,740,paragraph
usual,572,727,614,740,paragraph
pointed,620,727,680,740,paragraph
set,687,727,709,740,paragraph
"A,",724,727,739,741,paragraph
"C,",742,727,757,741,paragraph
"G,",760,727,775,741,paragraph
"T,",778,727,792,741,paragraph
ε,795,727,804,740,paragraph
.,813,727,818,740,paragraph
(cid:55)→,453,751,471,773,paragraph
×,587,751,601,773,paragraph
·,605,751,610,773,paragraph
·,614,751,619,773,paragraph
·,622,751,627,773,paragraph
×,631,751,645,773,paragraph
X,248,762,257,774,paragraph
ν(X),295,760,329,774,paragraph
X1,366,762,383,775,paragraph
.,387,760,392,773,paragraph
.,395,760,400,773,paragraph
.,403,760,408,773,paragraph
Xn,411,762,429,775,paragraph
Supp(ν(X1)),488,760,583,775,paragraph
Supp(ν(Xn)),649,760,746,775,paragraph
A,248,778,257,790,paragraph
ε,307,776,316,789,paragraph
(cid:55)→,450,775,468,797,paragraph
AC,388,785,408,797,paragraph
εA,567,784,585,797,paragraph
+,589,784,604,797,paragraph
εC,608,784,626,797,paragraph
+,630,784,644,797,paragraph
εT,648,784,666,797,paragraph
C,248,793,257,805,paragraph
A,275,793,284,805,paragraph
+,288,792,303,805,paragraph
C,307,793,316,805,paragraph
+,321,792,335,805,paragraph
T,339,793,348,805,paragraph
G,248,808,257,820,paragraph
T,291,808,300,820,paragraph
+,305,807,319,820,paragraph
C,323,808,332,820,paragraph
(cid:55)→,450,813,468,836,paragraph
T,248,824,257,836,paragraph
ε,291,823,300,836,paragraph
+,304,823,318,836,paragraph
T,322,824,332,836,paragraph
εGT,384,823,412,836,paragraph
εTε,529,823,555,836,paragraph
+,559,823,574,836,paragraph
εGε,578,823,605,836,paragraph
+,609,823,623,836,paragraph
εTT,627,823,655,836,paragraph
+,659,823,673,836,paragraph
εGT,677,823,705,836,paragraph
ε,248,838,257,851,paragraph
ε,307,838,316,851,paragraph
5,139,871,146,881,paragraph
More,146,875,178,884,footer
exotic,183,875,219,884,footer
examples,224,875,281,884,footer
are,285,875,304,884,footer
possible.,309,875,362,884,footer
##LTLine##,471,161,512,161,equation
##LTLine##,471,150,512,150,equation
##LTLine##,480,278,520,278,paragraph
##LTLine##,480,267,520,267,paragraph
##LTLine##,462,479,462,508,paragraph
##LTLine##,487,470,527,470,paragraph
##LTLine##,542,479,542,508,paragraph
##LTLine##,487,517,527,517,paragraph
##LTLine##,239,760,755,760,paragraph
##LTLine##,239,776,755,776,paragraph
##LTLine##,358,807,755,807,paragraph
##LTLine##,239,853,755,853,paragraph
##LTLine##,239,760,239,853,paragraph
##LTLine##,266,760,266,853,paragraph
##LTLine##,357,760,357,853,paragraph
##LTLine##,754,760,754,853,paragraph
##LTLine##,119,867,219,867,paragraph
