token,x0,y0,x1,y1,label
Tractors,126,125,222,150,title
and,229,125,271,150,title
Twistors,278,125,377,150,title
from,384,125,440,150,title
conformal,447,125,566,150,title
Cartan,574,125,651,150,title
geometry:,658,125,775,150,title
a,784,125,797,150,title
gauge,804,125,873,150,title
theoretic,392,151,494,176,title
approach,501,151,607,176,title
I.,440,191,457,216,title
Tractors,464,191,559,216,title
J.,402,233,414,250,author
"Attard,",419,233,476,250,author
a,479,233,486,244,author
J.,495,233,508,250,author
Franc¸ois,513,233,582,250,author
b,585,233,592,244,author
a,224,278,231,290,paragraph
Aix,236,280,263,295,paragraph
Marseille,268,280,337,295,paragraph
"Univ,",342,280,381,295,paragraph
Universite´,386,279,462,295,paragraph
de,466,280,484,295,paragraph
"Toulon,",488,280,544,295,paragraph
"CNRS,",549,280,601,295,paragraph
"CPT,",606,280,643,295,paragraph
"Marseille,",647,280,721,295,paragraph
France,726,280,776,295,paragraph
b,299,294,305,306,paragraph
Corresponding,311,296,420,311,paragraph
author:,424,296,476,311,paragraph
jordanfrancois54@gmail.com,482,296,701,311,paragraph
Abstract,469,323,531,339,paragraph
Tractors,149,346,204,361,abstract
and,209,346,233,361,abstract
Twistors,238,346,296,361,abstract
bundles,301,346,352,361,abstract
both,357,346,387,361,abstract
provide,392,346,443,361,abstract
natural,448,346,494,361,abstract
conformally,499,346,581,361,abstract
covariant,586,346,648,361,abstract
calculi,653,346,697,361,abstract
on,702,346,719,361,abstract
4D-Riemannian,724,346,831,361,abstract
mani-,836,346,876,361,abstract
folds.,124,361,162,375,abstract
They,169,361,203,375,abstract
have,208,361,239,375,abstract
diﬀerent,243,361,300,375,abstract
origins,305,361,351,375,abstract
but,356,361,377,375,abstract
are,382,361,402,375,abstract
closely,407,361,455,375,abstract
"related,",459,361,509,375,abstract
and,514,361,538,375,abstract
usually,543,361,591,375,abstract
constructed,596,361,673,375,abstract
bottom-up,678,361,748,375,abstract
from,753,361,785,375,abstract
prolongation,790,361,876,375,abstract
of,124,375,138,389,abstract
deﬁning,143,375,198,389,abstract
diﬀerential,203,375,276,389,abstract
equations.,281,375,349,389,abstract
We,357,375,379,389,abstract
propose,384,375,437,389,abstract
alternative,442,375,512,389,abstract
top-down,516,375,580,389,abstract
gauge,585,375,625,389,abstract
theoretic,630,375,689,389,abstract
constructions,694,375,783,389,abstract
starting,788,375,838,389,abstract
from,843,375,876,389,abstract
P,326,381,338,402,abstract
the,124,389,144,403,abstract
conformal,150,389,219,403,abstract
Cartan,225,389,270,403,abstract
bundle,275,389,321,403,abstract
and,344,389,368,403,abstract
its,374,389,390,403,abstract
vectorial,396,389,454,403,abstract
E,461,389,471,403,abstract
and,477,389,502,403,abstract
spinorial,507,389,566,403,abstract
E,572,389,582,403,abstract
associated,588,389,657,403,abstract
bundles.,663,389,719,403,abstract
Our,729,389,755,403,abstract
key,761,389,785,403,abstract
ingredient,791,389,859,403,abstract
is,864,389,876,403,abstract
the,124,403,144,417,abstract
dressing,149,403,205,417,abstract
ﬁeld,210,403,240,417,abstract
method,245,403,295,417,abstract
of,300,403,314,417,abstract
gauge,319,403,359,417,abstract
symmetry,364,403,431,417,abstract
"reduction,",436,403,504,417,abstract
which,509,403,550,417,abstract
allows,555,403,598,417,abstract
to,604,403,617,417,abstract
exhibit,622,403,668,417,abstract
tractors,673,403,723,417,abstract
and,728,403,752,417,abstract
twistors,757,403,811,417,abstract
and,816,403,840,417,abstract
their,845,403,876,417,abstract
associated,124,417,193,432,abstract
connections,198,417,278,432,abstract
as,283,417,297,432,abstract
gauge,302,417,342,432,abstract
ﬁelds,347,417,383,432,abstract
of,388,417,402,432,abstract
a,407,417,415,432,abstract
non-standard,420,417,507,432,abstract
kind,512,417,542,432,abstract
as,547,417,561,432,abstract
far,566,417,585,432,abstract
as,590,417,604,432,abstract
Weyl,609,417,644,432,abstract
rescaling,649,417,709,432,abstract
symmetry,714,417,781,432,abstract
is,786,417,797,432,abstract
concerned.,803,417,876,432,abstract
By,124,432,143,446,abstract
which,148,432,189,446,abstract
we,193,432,213,446,abstract
mean,217,432,253,446,abstract
that,258,432,283,446,abstract
they,287,432,316,446,abstract
implement,320,432,392,446,abstract
the,396,432,417,446,abstract
gauge,421,432,461,446,abstract
principle,466,432,525,446,abstract
but,529,432,551,446,abstract
are,555,432,575,446,abstract
of,580,432,594,446,abstract
a,598,432,606,446,abstract
diﬀerent,610,432,667,446,abstract
geometric,671,432,738,446,abstract
nature,742,432,784,446,abstract
than,789,432,817,446,abstract
the,822,432,842,446,abstract
well,847,432,876,446,abstract
known,124,446,169,460,abstract
diﬀerential,175,446,248,460,abstract
geometric,253,446,320,460,abstract
objects,326,446,373,460,abstract
usually,379,446,427,460,abstract
underlying,433,446,505,460,abstract
gauge,511,446,551,460,abstract
theories.,556,446,613,460,abstract
We,623,446,644,460,abstract
provide,650,446,701,460,abstract
the,706,446,727,460,abstract
corresponding,732,446,828,460,abstract
BRST,834,446,876,460,abstract
treatment.,124,460,191,474,abstract
The,197,460,223,474,abstract
present,227,460,275,474,abstract
paper,279,460,317,474,abstract
deals,321,460,355,474,abstract
with,359,460,389,474,abstract
the,393,460,414,474,abstract
case,418,460,447,474,abstract
of,451,460,465,474,abstract
tractors,469,460,519,474,abstract
while,523,460,561,474,abstract
a,565,460,572,474,abstract
companion,576,460,651,474,abstract
paper,655,460,692,474,abstract
deals,696,460,731,474,abstract
with,735,460,765,474,abstract
twistors.,769,460,826,474,abstract
Keywords,107,485,178,501,paragraph
:,183,485,188,501,paragraph
"tractors,",193,485,253,501,paragraph
"twistors,",258,485,320,501,paragraph
Cartan,325,485,374,501,paragraph
"connections,",378,485,470,501,paragraph
conformal,475,485,550,501,paragraph
"symmetry,",555,485,632,501,paragraph
gauge,636,485,680,501,paragraph
ﬁeld,685,485,717,501,paragraph
"theories,",722,485,784,501,paragraph
BRST,789,485,835,501,paragraph
algebra.,839,485,898,501,paragraph
Contents,454,530,546,552,paragraph
1,78,564,87,580,paragraph
Introduction,106,564,205,580,paragraph
1,912,564,921,580,paragraph
2,78,593,87,610,paragraph
The,106,593,136,610,paragraph
geometry,141,593,214,610,paragraph
of,219,593,234,610,paragraph
gauge,238,593,284,610,paragraph
ﬁelds,289,593,330,610,paragraph
3,912,593,921,610,paragraph
2.1,106,610,129,626,paragraph
Basic,148,610,189,626,paragraph
diﬀerential,193,610,273,626,paragraph
geometry,278,610,347,626,paragraph
.,358,610,362,626,paragraph
.,371,610,376,626,paragraph
.,385,610,390,626,paragraph
.,399,610,404,626,paragraph
.,413,610,417,626,paragraph
.,426,610,431,626,paragraph
.,440,610,445,626,paragraph
.,454,610,459,626,paragraph
.,468,610,472,626,paragraph
.,481,610,486,626,paragraph
.,495,610,500,626,paragraph
.,509,610,514,626,paragraph
.,523,610,527,626,paragraph
.,536,610,541,626,paragraph
.,550,610,555,626,paragraph
.,564,610,569,626,paragraph
.,578,610,582,626,paragraph
.,591,610,596,626,paragraph
.,605,610,610,626,paragraph
.,619,610,624,626,paragraph
.,633,610,637,626,paragraph
.,646,610,651,626,paragraph
.,660,610,665,626,paragraph
.,674,610,679,626,paragraph
.,688,610,692,626,paragraph
.,701,610,706,626,paragraph
.,715,610,720,626,paragraph
.,729,610,734,626,paragraph
.,743,610,747,626,paragraph
.,756,610,761,626,paragraph
.,770,610,775,626,paragraph
.,784,610,789,626,paragraph
.,798,610,802,626,paragraph
.,811,610,816,626,paragraph
.,825,610,830,626,paragraph
.,839,610,844,626,paragraph
.,853,610,857,626,paragraph
.,866,610,871,626,paragraph
.,880,610,885,626,paragraph
3,912,610,921,626,paragraph
2.2,106,626,129,642,paragraph
Cartan,148,626,197,642,paragraph
geometry,201,626,270,642,paragraph
.,275,626,280,642,paragraph
.,289,626,294,642,paragraph
.,303,626,307,642,paragraph
.,316,626,321,642,paragraph
.,330,626,335,642,paragraph
.,344,626,349,642,paragraph
.,358,626,362,642,paragraph
.,371,626,376,642,paragraph
.,385,626,390,642,paragraph
.,399,626,404,642,paragraph
.,413,626,417,642,paragraph
.,426,626,431,642,paragraph
.,440,626,445,642,paragraph
.,454,626,459,642,paragraph
.,468,626,472,642,paragraph
.,481,626,486,642,paragraph
.,495,626,500,642,paragraph
.,509,626,514,642,paragraph
.,523,626,527,642,paragraph
.,536,626,541,642,paragraph
.,550,626,555,642,paragraph
.,564,626,569,642,paragraph
.,578,626,582,642,paragraph
.,591,626,596,642,paragraph
.,605,626,610,642,paragraph
.,619,626,624,642,paragraph
.,633,626,637,642,paragraph
.,646,626,651,642,paragraph
.,660,626,665,642,paragraph
.,674,626,679,642,paragraph
.,688,626,692,642,paragraph
.,701,626,706,642,paragraph
.,715,626,720,642,paragraph
.,729,626,734,642,paragraph
.,743,626,747,642,paragraph
.,756,626,761,642,paragraph
.,770,626,775,642,paragraph
.,784,626,789,642,paragraph
.,798,626,802,642,paragraph
.,811,626,816,642,paragraph
.,825,626,830,642,paragraph
.,839,626,844,642,paragraph
.,853,626,857,642,paragraph
.,866,626,871,642,paragraph
.,880,626,885,642,paragraph
4,912,626,921,642,paragraph
2.3,106,642,129,658,paragraph
The,148,642,176,658,paragraph
BRST,181,642,227,658,paragraph
framework,231,642,311,658,paragraph
.,316,642,321,658,paragraph
.,330,642,335,658,paragraph
.,344,642,349,658,paragraph
.,358,642,362,658,paragraph
.,371,642,376,658,paragraph
.,385,642,390,658,paragraph
.,399,642,404,658,paragraph
.,413,642,417,658,paragraph
.,426,642,431,658,paragraph
.,440,642,445,658,paragraph
.,454,642,459,658,paragraph
.,468,642,472,658,paragraph
.,481,642,486,658,paragraph
.,495,642,500,658,paragraph
.,509,642,514,658,paragraph
.,523,642,527,658,paragraph
.,536,642,541,658,paragraph
.,550,642,555,658,paragraph
.,564,642,569,658,paragraph
.,578,642,582,658,paragraph
.,591,642,596,658,paragraph
.,605,642,610,658,paragraph
.,619,642,624,658,paragraph
.,633,642,637,658,paragraph
.,646,642,651,658,paragraph
.,660,642,665,658,paragraph
.,674,642,679,658,paragraph
.,688,642,692,658,paragraph
.,701,642,706,658,paragraph
.,715,642,720,658,paragraph
.,729,642,734,658,paragraph
.,743,642,747,658,paragraph
.,756,642,761,658,paragraph
.,770,642,775,658,paragraph
.,784,642,789,658,paragraph
.,798,642,802,658,paragraph
.,811,642,816,658,paragraph
.,825,642,830,658,paragraph
.,839,642,844,658,paragraph
.,853,642,857,658,paragraph
.,866,642,871,658,paragraph
.,880,642,885,658,paragraph
4,912,642,921,658,paragraph
3,78,670,87,687,paragraph
Reduction,106,670,186,687,paragraph
of,191,670,206,687,paragraph
gauge,211,670,256,687,paragraph
symmetries:,261,670,357,687,paragraph
the,362,670,387,687,paragraph
dressing,391,670,456,687,paragraph
ﬁeld,461,670,494,687,paragraph
method,499,670,558,687,paragraph
5,912,670,921,687,paragraph
3.1,106,688,129,703,paragraph
Composite,148,688,227,703,paragraph
ﬁelds,232,688,272,703,paragraph
.,289,688,294,703,paragraph
.,303,688,307,703,paragraph
.,316,688,321,703,paragraph
.,330,688,335,703,paragraph
.,344,688,349,703,paragraph
.,358,688,362,703,paragraph
.,371,688,376,703,paragraph
.,385,688,390,703,paragraph
.,399,688,404,703,paragraph
.,413,688,417,703,paragraph
.,426,688,431,703,paragraph
.,440,688,445,703,paragraph
.,454,688,459,703,paragraph
.,468,688,472,703,paragraph
.,481,688,486,703,paragraph
.,495,688,500,703,paragraph
.,509,688,514,703,paragraph
.,523,688,527,703,paragraph
.,536,688,541,703,paragraph
.,550,688,555,703,paragraph
.,564,688,569,703,paragraph
.,578,688,582,703,paragraph
.,591,688,596,703,paragraph
.,605,688,610,703,paragraph
.,619,688,624,703,paragraph
.,633,688,637,703,paragraph
.,646,688,651,703,paragraph
.,660,688,665,703,paragraph
.,674,688,679,703,paragraph
.,688,688,692,703,paragraph
.,701,688,706,703,paragraph
.,715,688,720,703,paragraph
.,729,688,734,703,paragraph
.,743,688,747,703,paragraph
.,756,688,761,703,paragraph
.,770,688,775,703,paragraph
.,784,688,789,703,paragraph
.,798,688,802,703,paragraph
.,811,688,816,703,paragraph
.,825,688,830,703,paragraph
.,839,688,844,703,paragraph
.,853,688,857,703,paragraph
.,866,688,871,703,paragraph
.,880,688,885,703,paragraph
6,912,688,921,703,paragraph
3.2,106,704,129,719,paragraph
Residual,148,704,212,719,paragraph
gauge,217,704,260,719,paragraph
symmetry,265,704,338,719,paragraph
.,344,704,349,719,paragraph
.,358,704,362,719,paragraph
.,371,704,376,719,paragraph
.,385,704,390,719,paragraph
.,399,704,404,719,paragraph
.,413,704,417,719,paragraph
.,426,704,431,719,paragraph
.,440,704,445,719,paragraph
.,454,704,459,719,paragraph
.,468,704,472,719,paragraph
.,481,704,486,719,paragraph
.,495,704,500,719,paragraph
.,509,704,514,719,paragraph
.,523,704,527,719,paragraph
.,536,704,541,719,paragraph
.,550,704,555,719,paragraph
.,564,704,569,719,paragraph
.,578,704,582,719,paragraph
.,591,704,596,719,paragraph
.,605,704,610,719,paragraph
.,619,704,624,719,paragraph
.,633,704,637,719,paragraph
.,646,704,651,719,paragraph
.,660,704,665,719,paragraph
.,674,704,679,719,paragraph
.,688,704,692,719,paragraph
.,701,704,706,719,paragraph
.,715,704,720,719,paragraph
.,729,704,734,719,paragraph
.,743,704,747,719,paragraph
.,756,704,761,719,paragraph
.,770,704,775,719,paragraph
.,784,704,789,719,paragraph
.,798,704,802,719,paragraph
.,811,704,816,719,paragraph
.,825,704,830,719,paragraph
.,839,704,844,719,paragraph
.,853,704,857,719,paragraph
.,866,704,871,719,paragraph
.,880,704,885,719,paragraph
7,912,704,921,719,paragraph
3.2.1,148,720,184,735,paragraph
The,206,720,235,735,paragraph
composite,240,720,315,735,paragraph
ﬁelds,320,720,359,735,paragraph
as,364,720,379,735,paragraph
genuine,384,720,442,735,paragraph
gauge,446,720,490,735,paragraph
ﬁelds,495,720,534,735,paragraph
.,550,720,555,735,paragraph
.,564,720,569,735,paragraph
.,578,720,582,735,paragraph
.,591,720,596,735,paragraph
.,605,720,610,735,paragraph
.,619,720,624,735,paragraph
.,633,720,637,735,paragraph
.,646,720,651,735,paragraph
.,660,720,665,735,paragraph
.,674,720,679,735,paragraph
.,688,720,692,735,paragraph
.,701,720,706,735,paragraph
.,715,720,720,735,paragraph
.,729,720,734,735,paragraph
.,743,720,747,735,paragraph
.,756,720,761,735,paragraph
.,770,720,775,735,paragraph
.,784,720,789,735,paragraph
.,798,720,802,735,paragraph
.,811,720,816,735,paragraph
.,825,720,830,735,paragraph
.,839,720,844,735,paragraph
.,853,720,857,735,paragraph
.,866,720,871,735,paragraph
.,880,720,885,735,paragraph
7,912,720,921,735,paragraph
3.2.2,148,736,184,752,paragraph
The,206,736,235,752,paragraph
composite,240,736,315,752,paragraph
ﬁelds,320,736,359,752,paragraph
as,364,736,379,752,paragraph
a,384,736,392,752,paragraph
new,396,736,426,752,paragraph
kind,431,736,464,752,paragraph
of,468,736,484,752,paragraph
gauge,488,736,532,752,paragraph
ﬁelds,536,736,576,752,paragraph
.,591,736,596,752,paragraph
.,605,736,610,752,paragraph
.,619,736,624,752,paragraph
.,633,736,637,752,paragraph
.,646,736,651,752,paragraph
.,660,736,665,752,paragraph
.,674,736,679,752,paragraph
.,688,736,692,752,paragraph
.,701,736,706,752,paragraph
.,715,736,720,752,paragraph
.,729,736,734,752,paragraph
.,743,736,747,752,paragraph
.,756,736,761,752,paragraph
.,770,736,775,752,paragraph
.,784,736,789,752,paragraph
.,798,736,802,752,paragraph
.,811,736,816,752,paragraph
.,825,736,830,752,paragraph
.,839,736,844,752,paragraph
.,853,736,857,752,paragraph
.,866,736,871,752,paragraph
.,880,736,885,752,paragraph
8,912,736,921,752,paragraph
3.3,106,752,129,768,paragraph
Application,148,752,234,768,paragraph
to,239,752,253,768,paragraph
the,258,752,280,768,paragraph
BRST,285,752,331,768,paragraph
framework,335,752,415,768,paragraph
.,426,752,431,768,paragraph
.,440,752,445,768,paragraph
.,454,752,459,768,paragraph
.,468,752,472,768,paragraph
.,481,752,486,768,paragraph
.,495,752,500,768,paragraph
.,509,752,514,768,paragraph
.,523,752,527,768,paragraph
.,536,752,541,768,paragraph
.,550,752,555,768,paragraph
.,564,752,569,768,paragraph
.,578,752,582,768,paragraph
.,591,752,596,768,paragraph
.,605,752,610,768,paragraph
.,619,752,624,768,paragraph
.,633,752,637,768,paragraph
.,646,752,651,768,paragraph
.,660,752,665,768,paragraph
.,674,752,679,768,paragraph
.,688,752,692,768,paragraph
.,701,752,706,768,paragraph
.,715,752,720,768,paragraph
.,729,752,734,768,paragraph
.,743,752,747,768,paragraph
.,756,752,761,768,paragraph
.,770,752,775,768,paragraph
.,784,752,789,768,paragraph
.,798,752,802,768,paragraph
.,811,752,816,768,paragraph
.,825,752,830,768,paragraph
.,839,752,844,768,paragraph
.,853,752,857,768,paragraph
.,866,752,871,768,paragraph
.,880,752,885,768,paragraph
12,903,752,921,768,paragraph
3.4,106,768,129,784,paragraph
Local,148,768,190,784,paragraph
aspects,194,768,247,784,paragraph
and,252,768,278,784,paragraph
Physics,283,768,339,784,paragraph
.,344,768,349,784,paragraph
.,358,768,362,784,paragraph
.,371,768,376,784,paragraph
.,385,768,390,784,paragraph
.,399,768,404,784,paragraph
.,413,768,417,784,paragraph
.,426,768,431,784,paragraph
.,440,768,445,784,paragraph
.,454,768,459,784,paragraph
.,468,768,472,784,paragraph
.,481,768,486,784,paragraph
.,495,768,500,784,paragraph
.,509,768,514,784,paragraph
.,523,768,527,784,paragraph
.,536,768,541,784,paragraph
.,550,768,555,784,paragraph
.,564,768,569,784,paragraph
.,578,768,582,784,paragraph
.,591,768,596,784,paragraph
.,605,768,610,784,paragraph
.,619,768,624,784,paragraph
.,633,768,637,784,paragraph
.,646,768,651,784,paragraph
.,660,768,665,784,paragraph
.,674,768,679,784,paragraph
.,688,768,692,784,paragraph
.,701,768,706,784,paragraph
.,715,768,720,784,paragraph
.,729,768,734,784,paragraph
.,743,768,747,784,paragraph
.,756,768,761,784,paragraph
.,770,768,775,784,paragraph
.,784,768,789,784,paragraph
.,798,768,802,784,paragraph
.,811,768,816,784,paragraph
.,825,768,830,784,paragraph
.,839,768,844,784,paragraph
.,853,768,857,784,paragraph
.,866,768,871,784,paragraph
.,880,768,885,784,paragraph
13,903,768,921,784,paragraph
4,78,796,87,813,paragraph
Tractors,106,796,172,813,paragraph
from,177,796,215,813,paragraph
conformal,220,796,300,813,paragraph
Cartan,305,796,361,813,paragraph
geometry,365,796,438,813,paragraph
via,443,796,466,813,paragraph
dressing,471,796,536,813,paragraph
15,903,796,921,813,paragraph
4.1,106,813,129,829,paragraph
Bottom-up,148,813,227,829,paragraph
construction,232,813,322,829,paragraph
via,327,813,349,829,paragraph
prolongation,354,813,448,829,paragraph
of,452,813,468,829,paragraph
the,472,813,495,829,paragraph
Almost,499,813,553,829,paragraph
Einstein,558,813,618,829,paragraph
equation,622,813,685,829,paragraph
.,701,813,706,829,paragraph
.,715,813,720,829,paragraph
.,729,813,734,829,paragraph
.,743,813,747,829,paragraph
.,756,813,761,829,paragraph
.,770,813,775,829,paragraph
.,784,813,789,829,paragraph
.,798,813,802,829,paragraph
.,811,813,816,829,paragraph
.,825,813,830,829,paragraph
.,839,813,844,829,paragraph
.,853,813,857,829,paragraph
.,866,813,871,829,paragraph
.,880,813,885,829,paragraph
15,903,813,921,829,paragraph
4.2,106,829,129,845,paragraph
Top-down,148,829,222,845,paragraph
gauge,227,829,271,845,paragraph
theoretic,275,829,339,845,paragraph
approach,344,829,411,845,paragraph
via,416,829,438,845,paragraph
the,443,829,465,845,paragraph
Cartan,470,829,518,845,paragraph
bundle,523,829,573,845,paragraph
.,578,829,582,845,paragraph
.,591,829,596,845,paragraph
.,605,829,610,845,paragraph
.,619,829,624,845,paragraph
.,633,829,637,845,paragraph
.,646,829,651,845,paragraph
.,660,829,665,845,paragraph
.,674,829,679,845,paragraph
.,688,829,692,845,paragraph
.,701,829,706,845,paragraph
.,715,829,720,845,paragraph
.,729,829,734,845,paragraph
.,743,829,747,845,paragraph
.,756,829,761,845,paragraph
.,770,829,775,845,paragraph
.,784,829,789,845,paragraph
.,798,829,802,845,paragraph
.,811,829,816,845,paragraph
.,825,829,830,845,paragraph
.,839,829,844,845,paragraph
.,853,829,857,845,paragraph
.,866,829,871,845,paragraph
.,880,829,885,845,paragraph
17,903,829,921,845,paragraph
4.2.1,148,846,184,861,paragraph
The,206,846,235,861,paragraph
Cartan,240,846,288,861,paragraph
bundle,293,846,343,861,paragraph
and,347,846,374,861,paragraph
its,378,846,396,861,paragraph
naturally,400,846,465,861,paragraph
associated,470,846,545,861,paragraph
vector,550,846,595,861,paragraph
bundle,600,846,649,861,paragraph
.,660,846,665,861,paragraph
.,674,846,679,861,paragraph
.,688,846,692,861,paragraph
.,701,846,706,861,paragraph
.,715,846,720,861,paragraph
.,729,846,734,861,paragraph
.,743,846,747,861,paragraph
.,756,846,761,861,paragraph
.,770,846,775,861,paragraph
.,784,846,789,861,paragraph
.,798,846,802,861,paragraph
.,811,846,816,861,paragraph
.,825,846,830,861,paragraph
.,839,846,844,861,paragraph
.,853,846,857,861,paragraph
.,866,846,871,861,paragraph
.,880,846,885,861,paragraph
17,903,846,921,861,paragraph
4.2.2,148,862,184,877,paragraph
Tractors,206,862,267,877,paragraph
from,271,862,307,877,paragraph
gauge,312,862,355,877,paragraph
symmetry,360,862,433,877,paragraph
reduction,438,862,507,877,paragraph
via,512,862,534,877,paragraph
dressing,539,862,600,877,paragraph
.,605,862,610,877,paragraph
.,619,862,624,877,paragraph
.,633,862,637,877,paragraph
.,646,862,651,877,paragraph
.,660,862,665,877,paragraph
.,674,862,679,877,paragraph
.,688,862,692,877,paragraph
.,701,862,706,877,paragraph
.,715,862,720,877,paragraph
.,729,862,734,877,paragraph
.,743,862,747,877,paragraph
.,756,862,761,877,paragraph
.,770,862,775,877,paragraph
.,784,862,789,877,paragraph
.,798,862,802,877,paragraph
.,811,862,816,877,paragraph
.,825,862,830,877,paragraph
.,839,862,844,877,paragraph
.,853,862,857,877,paragraph
.,866,862,871,877,paragraph
.,880,862,885,877,paragraph
19,903,862,921,877,paragraph
4.3,106,878,129,893,paragraph
BRST,148,878,194,893,paragraph
treatment,198,878,267,893,paragraph
.,275,878,280,893,paragraph
.,289,878,294,893,paragraph
.,303,878,307,893,paragraph
.,316,878,321,893,paragraph
.,330,878,335,893,paragraph
.,344,878,349,893,paragraph
.,358,878,362,893,paragraph
.,371,878,376,893,paragraph
.,385,878,390,893,paragraph
.,399,878,404,893,paragraph
.,413,878,417,893,paragraph
.,426,878,431,893,paragraph
.,440,878,445,893,paragraph
.,454,878,459,893,paragraph
.,468,878,472,893,paragraph
.,481,878,486,893,paragraph
.,495,878,500,893,paragraph
.,509,878,514,893,paragraph
.,523,878,527,893,paragraph
.,536,878,541,893,paragraph
.,550,878,555,893,paragraph
.,564,878,569,893,paragraph
.,578,878,582,893,paragraph
.,591,878,596,893,paragraph
.,605,878,610,893,paragraph
.,619,878,624,893,paragraph
.,633,878,637,893,paragraph
.,646,878,651,893,paragraph
.,660,878,665,893,paragraph
.,674,878,679,893,paragraph
.,688,878,692,893,paragraph
.,701,878,706,893,paragraph
.,715,878,720,893,paragraph
.,729,878,734,893,paragraph
.,743,878,747,893,paragraph
.,756,878,761,893,paragraph
.,770,878,775,893,paragraph
.,784,878,789,893,paragraph
.,798,878,802,893,paragraph
.,811,878,816,893,paragraph
.,825,878,830,893,paragraph
.,839,878,844,893,paragraph
.,853,878,857,893,paragraph
.,866,878,871,893,paragraph
.,880,878,885,893,paragraph
24,903,878,921,893,paragraph
5,78,905,87,922,paragraph
Conclusion,106,905,193,922,paragraph
26,903,905,921,922,paragraph
1,495,942,504,958,paragraph
