token,x0,y0,x1,y1,label
Note,146,93,186,108,paragraph
that,192,93,227,108,paragraph
given,234,93,278,108,paragraph
an,284,93,305,108,paragraph
unparametrised,311,93,441,108,paragraph
geodesic,448,93,516,108,paragraph
"γ,",523,93,539,108,paragraph
with,546,93,583,108,paragraph
corresponding,590,93,707,108,paragraph
weighted,713,93,787,108,paragraph
velocity,793,93,858,108,paragraph
"u,",864,93,882,108,paragraph
∈,290,100,303,127,paragraph
E,330,100,340,127,paragraph
a,117,112,127,127,paragraph
projective,134,112,217,127,paragraph
scale,224,112,263,127,paragraph
σ,271,112,282,127,paragraph
Γ(,310,112,330,127,paragraph
(1)),352,112,383,127,paragraph
determines,391,112,481,127,paragraph
a,489,112,498,127,paragraph
unique,506,112,562,127,paragraph
section,569,112,627,127,paragraph
ua,634,110,652,127,paragraph
=,661,112,675,127,paragraph
σ2ua,683,110,722,127,paragraph
of,730,112,745,127,paragraph
T,753,112,764,127,paragraph
"γ,",767,112,783,127,paragraph
and,791,112,822,127,paragraph
thus,829,112,865,127,paragraph
a,872,112,882,127,paragraph
+,340,118,351,128,paragraph
∈,609,119,622,145,paragraph
E,649,119,660,145,paragraph
parametrisation,117,130,249,145,paragraph
of,257,130,272,145,paragraph
γ,280,130,290,145,paragraph
up,299,130,320,145,paragraph
to,328,130,345,145,paragraph
an,353,130,373,145,paragraph
additive,381,130,448,145,paragraph
constant.,456,130,532,145,paragraph
Also,545,130,582,145,paragraph
σ,589,130,600,145,paragraph
Γ(,630,130,649,145,paragraph
(1)),671,130,703,145,paragraph
determines,711,130,801,145,paragraph
an,809,130,829,145,paragraph
aﬃne,837,130,882,145,paragraph
∇,213,137,229,163,paragraph
+,660,136,670,146,paragraph
connection,117,148,206,163,paragraph
in,244,148,259,163,paragraph
"p,",266,148,283,163,paragraph
then,289,148,326,163,paragraph
with,333,148,370,163,paragraph
respect,376,148,435,163,paragraph
to,442,148,459,163,paragraph
this,465,148,496,163,paragraph
ua,502,147,520,163,paragraph
is,528,148,540,163,paragraph
tangent,547,148,610,163,paragraph
to,616,148,633,163,paragraph
γ,640,148,650,163,paragraph
as,657,148,674,163,paragraph
an,680,148,701,163,paragraph
aﬃnely,707,148,767,163,paragraph
parametrised,773,148,882,163,paragraph
a,229,154,236,164,paragraph
"geodesic,",117,166,191,181,paragraph
i.e.,197,166,222,181,paragraph
it,230,166,243,181,paragraph
solves,250,166,298,181,paragraph
(3.11).,304,166,358,181,paragraph
Next,146,185,186,200,paragraph
we,192,185,214,200,paragraph
observe,220,185,281,200,paragraph
that,287,185,322,200,paragraph
the,328,185,354,200,paragraph
equation,360,185,432,200,paragraph
(3.12),438,185,487,200,paragraph
has,492,185,520,200,paragraph
a,526,185,535,200,paragraph
nice,541,185,574,200,paragraph
interpretation,580,185,695,200,paragraph
in,701,185,717,200,paragraph
the,723,185,749,200,paragraph
tractor,755,185,812,200,paragraph
picture.,818,185,882,200,paragraph
∈,500,192,513,218,paragraph
−,574,192,589,218,paragraph
Let,117,203,145,218,paragraph
γ,154,203,163,218,paragraph
be,173,203,193,218,paragraph
a,201,203,211,218,paragraph
curve,219,203,264,218,paragraph
with,272,203,309,218,paragraph
weighted,318,203,391,218,paragraph
velocity,400,203,464,218,paragraph
ub,472,201,491,218,paragraph
Γ(T,522,203,553,218,paragraph
γ(,556,203,574,218,paragraph
2)).,589,203,619,218,paragraph
Observe,634,203,701,218,paragraph
that,709,203,744,218,paragraph
u,753,203,765,218,paragraph
determines,773,203,864,218,paragraph
a,872,203,882,218,paragraph
∈,503,210,516,236,paragraph
T,562,210,572,236,paragraph
|,577,210,583,236,paragraph
weight,117,221,171,236,paragraph
zero,178,221,212,236,paragraph
"2-tractor,",218,221,297,236,paragraph
which,303,221,351,236,paragraph
we,358,221,380,236,paragraph
will,386,221,416,236,paragraph
denote,422,221,477,236,paragraph
Σ,484,221,498,236,paragraph
Γ(Λ2,521,220,561,236,paragraph
"),",592,221,604,236,paragraph
along,611,221,655,236,paragraph
γ,662,221,672,236,paragraph
via,679,221,704,236,paragraph
the,710,221,737,236,paragraph
map,743,221,780,236,paragraph
(3.6):,786,221,831,236,paragraph
γ,583,227,590,237,paragraph
X,503,249,517,270,equation
Σαβ,440,255,470,273,equation
:=,477,257,497,273,equation
αβub.,517,254,559,273,equation
(3.13),833,257,882,273,equation
b,517,266,523,276,equation
Then,146,301,189,316,paragraph
we,196,301,218,316,paragraph
have:,224,301,267,316,paragraph
Proposition,117,332,229,348,paragraph
3.3,236,332,264,348,paragraph
An,274,332,298,348,paragraph
oriented,305,332,372,348,paragraph
curve,379,332,424,348,paragraph
γ,430,332,440,348,paragraph
on,448,332,469,348,paragraph
"(M,",476,332,508,348,paragraph
p),511,332,530,348,paragraph
is,537,332,551,348,paragraph
an,558,332,578,348,paragraph
unparametrised,585,332,711,348,paragraph
geodesic,718,332,785,348,paragraph
if,791,332,803,348,paragraph
and,810,332,840,348,paragraph
only,847,332,882,348,paragraph
∈,440,340,453,366,paragraph
−,510,340,526,366,paragraph
X,695,343,709,363,paragraph
if,117,351,129,366,paragraph
it,135,351,147,366,paragraph
admits,153,351,208,366,paragraph
a,215,351,224,366,paragraph
non-vanishing,230,351,347,366,paragraph
section,353,351,410,366,paragraph
ub,416,349,434,366,paragraph
Γ(T,459,351,489,366,paragraph
γ(,492,351,510,366,paragraph
2)),526,351,550,366,paragraph
such,556,351,593,366,paragraph
that,599,351,631,366,paragraph
Σαβ,637,349,668,366,paragraph
=,675,351,690,366,paragraph
αβub,709,348,745,366,paragraph
is,752,351,766,366,paragraph
parallel,772,351,832,366,paragraph
along,838,351,882,366,paragraph
b,709,359,715,369,paragraph
γ.,117,369,134,384,paragraph
Proof.,117,396,167,412,paragraph
Using,176,396,223,412,paragraph
the,230,396,256,412,paragraph
identities,263,396,339,412,paragraph
(3.9),345,396,384,412,paragraph
we,391,396,413,412,paragraph
ﬁnd,419,396,451,412,paragraph
∇,416,422,433,448,equation
X,498,425,513,445,equation
∇,551,422,567,448,equation
ua,396,431,416,448,equation
Σαβ,441,431,471,448,equation
=,478,433,493,448,equation
αβua,513,430,550,448,equation
ub,576,431,594,448,equation
",",598,433,603,448,equation
(3.14),833,433,882,448,equation
a,433,439,440,449,equation
b,513,441,518,451,equation
a,567,439,575,449,equation
(cid:3),867,466,882,488,paragraph
from,146,476,185,491,paragraph
which,191,476,239,491,paragraph
the,246,476,272,491,paragraph
result,279,476,326,491,paragraph
follows.,332,476,394,491,paragraph
We,117,494,144,509,paragraph
are,150,494,176,509,paragraph
now,182,494,215,509,paragraph
ready,222,494,268,509,paragraph
to,274,494,291,509,paragraph
prove,298,494,343,509,paragraph
the,349,494,376,509,paragraph
main,382,494,424,509,paragraph
Theorem,430,494,504,509,paragraph
1.1,511,494,535,509,paragraph
from,542,494,580,509,paragraph
the,587,494,613,509,paragraph
introduction:,620,494,728,509,paragraph
Proof,117,516,162,531,paragraph
of,170,516,186,531,paragraph
Theorem,194,516,267,531,paragraph
1.1.,276,516,307,531,paragraph
The,321,516,354,531,paragraph
forward,362,516,426,531,paragraph
implication,434,516,528,531,paragraph
of,536,516,551,531,paragraph
the,560,516,586,531,paragraph
ﬁrst,594,516,628,531,paragraph
statement,636,516,718,531,paragraph
is,727,516,739,531,paragraph
immediate,748,516,835,531,paragraph
from,843,516,882,531,paragraph
Proposition,117,534,214,549,paragraph
3.3.,220,534,250,549,paragraph
For,146,552,174,567,paragraph
the,180,552,206,567,paragraph
converse,212,552,282,567,paragraph
let,288,552,309,567,paragraph
suppose,315,552,380,567,paragraph
that,386,552,421,567,paragraph
γ,427,552,437,567,paragraph
is,444,552,457,567,paragraph
a,463,552,473,567,paragraph
curve,478,552,523,567,paragraph
and,529,552,560,567,paragraph
Σ,566,552,580,567,paragraph
is,585,552,598,567,paragraph
a,604,552,614,567,paragraph
non-vanishing,620,552,735,567,paragraph
2-tractor,741,552,814,567,paragraph
parallel,820,552,882,567,paragraph
∧,764,559,777,586,paragraph
along,117,571,162,586,paragraph
γ,171,571,181,586,paragraph
and,192,571,222,586,paragraph
satisfying,232,571,311,586,paragraph
(1.3).,320,571,365,586,paragraph
Since,382,571,426,586,paragraph
X,435,571,451,586,paragraph
is,462,571,475,586,paragraph
nowhere,484,571,553,586,paragraph
"zero,",562,571,602,586,paragraph
we,612,571,634,586,paragraph
have,643,571,681,586,paragraph
Σ,690,571,704,586,paragraph
=,715,571,729,586,paragraph
X,740,571,756,586,paragraph
V,783,571,794,586,paragraph
for,808,571,831,586,paragraph
some,840,571,882,586,paragraph
∈,138,578,151,604,paragraph
T,176,578,186,604,paragraph
−,199,578,214,604,paragraph
|,231,578,236,604,paragraph
V,117,589,128,604,paragraph
Γ(,156,589,176,604,paragraph
(,191,589,199,604,paragraph
1),214,589,231,604,paragraph
).,245,589,258,604,paragraph
γ,236,595,244,605,paragraph
Now,146,607,183,622,paragraph
choose,190,607,245,622,paragraph
(locally),252,607,321,622,paragraph
a,328,607,338,622,paragraph
parametrisation,345,607,477,622,paragraph
of,484,607,500,622,paragraph
γ,507,607,517,622,paragraph
with,525,607,563,622,paragraph
associated,570,607,655,622,paragraph
velocity,662,607,726,622,paragraph
u.,733,607,750,622,paragraph
Diﬀerentiating,761,607,882,622,paragraph
(1.3),117,625,156,640,paragraph
along,163,625,207,640,paragraph
"γ,",214,625,230,640,paragraph
then,237,625,274,640,paragraph
using,280,625,324,640,paragraph
(3.9),330,625,370,640,paragraph
and,376,625,407,640,paragraph
the,413,625,440,640,paragraph
fact,446,625,478,640,paragraph
that,484,625,519,640,paragraph
Σ,525,625,539,640,paragraph
is,546,625,558,640,paragraph
"parallel,",565,625,632,640,paragraph
we,638,625,660,640,paragraph
have,666,625,704,640,paragraph
∧,476,644,489,670,paragraph
U,457,655,470,670,paragraph
Σ,493,655,507,670,paragraph
=,513,655,527,670,paragraph
0,533,655,542,670,paragraph
where,117,685,166,700,paragraph
Uβ,172,683,195,700,paragraph
:=,202,685,222,700,paragraph
ubW,228,683,263,700,paragraph
β.,266,682,281,700,paragraph
Taking,289,685,346,700,paragraph
into,353,685,385,700,paragraph
account,392,685,456,700,paragraph
the,462,685,489,700,paragraph
weight,495,685,549,700,paragraph
of,556,685,571,700,paragraph
V,578,685,589,700,paragraph
",",593,685,598,700,paragraph
it,605,685,617,700,paragraph
follows,624,685,680,700,paragraph
that,687,685,722,700,paragraph
locally,728,685,782,700,paragraph
along,789,685,833,700,paragraph
γ,840,685,850,700,paragraph
b,263,693,269,703,paragraph
V,415,715,427,730,paragraph
α,431,712,440,723,paragraph
=,446,715,461,730,paragraph
ubW,466,712,503,730,paragraph
α,506,712,515,723,paragraph
+,527,715,542,730,paragraph
τXα,546,712,583,730,paragraph
b,516,721,522,731,paragraph
∈,190,733,203,759,paragraph
−,260,733,275,759,paragraph
∈,584,733,597,759,paragraph
E,622,733,632,759,paragraph
−,641,733,656,759,paragraph
where,117,744,166,759,paragraph
u,172,744,185,759,paragraph
Γ(T,208,744,239,759,paragraph
γ(,242,744,260,759,paragraph
2)),275,744,300,759,paragraph
is,306,744,319,759,paragraph
a,325,744,335,759,paragraph
weighted,341,744,415,759,paragraph
velocity,421,744,485,759,paragraph
of,492,744,507,759,paragraph
γ,513,744,523,759,paragraph
and,531,744,562,759,paragraph
τ,568,744,576,759,paragraph
Γ(,602,744,622,759,paragraph
(,634,744,641,759,paragraph
2)).,656,744,686,759,paragraph
Thus,695,744,737,759,paragraph
X,500,766,514,786,paragraph
Σαβ,442,772,473,789,paragraph
=,480,774,495,789,paragraph
αβub.,514,771,557,789,paragraph
b,514,782,520,793,paragraph
∇,672,793,688,819,paragraph
Then,117,804,161,819,paragraph
since,165,804,206,819,paragraph
Σ,210,804,224,819,paragraph
is,228,804,241,819,paragraph
parallel,245,804,307,819,paragraph
along,311,804,356,819,paragraph
γ,360,804,370,819,paragraph
it,376,804,389,819,paragraph
follows,393,804,449,819,paragraph
at,454,804,471,819,paragraph
once,475,804,512,819,paragraph
from,517,804,556,819,paragraph
(3.14),560,804,609,819,paragraph
that,613,804,648,819,paragraph
ua,653,803,671,819,paragraph
ub,696,803,714,819,paragraph
=,721,804,735,819,paragraph
"0,",741,804,756,819,paragraph
or,761,804,778,819,paragraph
equivalently,782,804,882,819,paragraph
∇,138,811,154,837,paragraph
a,688,810,695,820,paragraph
ua,117,821,137,837,paragraph
ub,162,821,180,837,paragraph
=,186,822,201,837,paragraph
0.,207,822,222,837,paragraph
So,230,822,250,837,paragraph
according,257,822,336,837,paragraph
to,343,822,360,837,paragraph
Lemma,366,822,428,837,paragraph
"3.2,",434,822,464,837,paragraph
γ,470,822,480,837,paragraph
is,488,822,501,837,paragraph
an,507,822,527,837,paragraph
unparametrised,534,822,663,837,paragraph
geodesic.,670,822,744,837,paragraph
a,154,829,161,839,paragraph
X,614,832,628,853,paragraph
Since,146,840,189,856,paragraph
Σ,195,840,209,856,paragraph
satisfying,215,840,294,856,paragraph
(1.3),300,840,339,856,paragraph
is,345,840,358,856,paragraph
necessarily,364,840,453,856,paragraph
of,458,840,474,856,paragraph
the,480,840,506,856,paragraph
form,512,840,551,856,paragraph
Σαβ,557,839,587,856,paragraph
=,594,840,609,856,paragraph
αβub,628,837,665,856,paragraph
the,671,840,698,856,paragraph
uniqueness,704,840,794,856,paragraph
statement,799,840,882,856,paragraph
b,628,849,634,859,paragraph
(cid:3),867,849,882,871,paragraph
also,117,859,149,874,paragraph
follows.,156,859,217,874,paragraph
12,490,896,509,912,paragraph
