token,tag,label,ref
Abbink,B,author,B
",",I,author,I
 J.,I,author,I
 ,O,O,I
2006,B,year,I
: ,O,O,I
Discomfiture of democracy? The 2005 election crisis in Ethiopia and its aftermath,B,title,I
",",O,O,I
 African Affairs,B,source,I
 ,O,O,I
105,B,volume,I
 (,O,O,I
419,B,issue,I
): ,O,O,I
173,B,fpage,I
-,O,O,I
199,B,lpage,I
".
",O,O,I
Abdi Ismail,B,author,B
 ,I,author,I
Samatar ,I,author,I
2006,B,year,I
: ,O,O,I
The Ethiopian election of 2005: A bombshell & turning point? Review of African Political Economy,B,title,I
" (im Erscheinen).
",O,O,I
Brüne,B,author,B
",",I,author,I
 S.,I,author,I
 ,O,O,I
2006,B,year,I
: ,O,O,I
Testfall Äthiopien: Die neue Afrikastrategie der Europäischen Union,B,title,I
", in:",O,O,I
" Jünemann, A.",B,editor,I
 / ,O,O,I
"Knodt, M.",B,editor,I
", ",O,O,I
"The EU as an external democracy promoter: East and Central Europe, the Mediterranean, Asia, Latin America, the Caribbean, Africa and Pacific in comparison",B,source,I
", ",O,O,I
Baden-Baden,B,other,I
: ,O,O,I
Nomos,B,publisher,I
" (im Erscheinen).
",O,O,I
Clapham,B,author,B
", ",I,author,I
Ch.,I,author,I
 ,O,O,I
2005,B,year,I
: ,O,O,I
"Comments on the Ethiopian crisis, 7 November 2005",B,title,I
 (,O,O,I
http://www. addisvoice.com/resources/Clapham_on_Ethiopian%20crisis.pdf,B,source,I
").
",O,O,I
Pausewang,B,author,B
", ",I,author,I
S.,I,author,I
 ,O,O,I
2006,B,year,I
: ,O,O,I
Ethiopia: Sensational election results,B,title,I
", ",O,O,I
International Journal of Ethiopian Studies,B,source,I
" (im Erscheinen).
",O,O,I
Pausewang,B,author,B
", ",I,author,I
S.,I,author,I
 ,O,O,I
2004,B,year,I
: ,O,O,I
Local democracy and human security in Ethiopia: Structural reasons for the failure of democratisation,B,title,I
", ",O,O,I
Johannesburg,B,other,I
: ,O,O,I
South African Institute of International Affairs (SAIIA),B,publisher,I
".
",O,O,I
"Pausewang, S.",B,editor,B
 / ,O,O,I
"Tronvoll, K.",B,editor,I
 (Hrsg.) ,O,O,I
2000,B,year,I
: ,O,O,I
The Ethiopian 2000 elections – democracy advanced or restricted?,B,title,I
 ,O,O,I
Oslo,B,other,I
: ,O,O,I
Norwegian Institute of Human Rights,B,publisher,I
 (,O,O,I
Human Rights Report,B,source,I
 No. ,O,O,I
3,B,volume,I
/,O,O,I
2000,B,year,I
").
",O,O,I
Piguet,B,author,B
", ",I,author,I
F.,I,author,I
 ,O,O,I
2006,B,year,I
: ,O,O,I
"Echec de la politique et dérives post-électorales: Rapport relatif à la situation intérieure en Ethiopie, en lien avec les dossiers des requérants d'asile éthiopiens en instance d'expulsion dans le canton de Vaud",B,title,I
", Gutachten, ",O,O,I
Institute universitaire des études de développement (IUÉD),B,publisher,I
", ",O,O,I
Genève,B,other,I
".
",O,O,I
Schröder,B,author,B
", ",I,author,I
G.,I,author,I
 ,O,O,I
2006,B,year,I
:,O,O,I
Was ist los in Äthiopien und im Horn von Afrika?,B,title,I
 ,O,O,I
"Vortrag in Heidelberg im Rahmen der Heidelberger Afrikatage (Deutsch-Äthiopischer Verein), 22. Juni.",B,other,I
"
",O,O,I
"Schubert, G.",B,editor,B
 / ,O,O,I
"Tetzlaff, R.",B,editor,I
 (Hrsg.) ,O,O,I
1998,B,year,I
: ,O,O,I
Blockierte Demokratien in der Dritten Welt,B,title,I
", ",O,O,I
Opladen,B,other,I
".
",O,O,I
Smidt,B,author,B
", ",I,author,I
W.,I,author,I
 ,O,O,I
2006,B,year,I
: ,O,O,I
Friedensräume in Tigray im Konflikt,B,title,I
. In:,O,O,I
" Hornbacher, A.",B,editor,I
" (Hrsg.), ",O,O,I
"Ethos, Ethik, Ethnos",B,source,I
", ",O,O,I
transcript Verlag,B,publisher,I
 ,O,O,I
2006,B,year,I
".
",O,O,I
Smidt,B,author,B
", ",I,author,I
W.,I,author,I
 ,O,O,I
2006,B,year,I
:,O,O,I
A society of unity: The refusal of conflict in Tigray,B,title,I
. In: ,O,O,I
"Smidt, W.",B,editor,I
 / ,O,O,I
Kinfe Abraham,B,editor,I
 (Hrsg.): ,O,O,I
"Discussing conflict, proceedings of the conference ‘Ethiopian and German contributions to Conflict Management and Resolution’",B,source,I
",",O,O,I
 Addis Ababa 11 – 12 November 2005,B,other,I
", ",O,O,I
Münster,B,other,I
: ,O,O,I
Lit-Verlag,B,publisher,I
".
",O,O,I
Smidt,B,author,B
", ",I,author,I
W.,I,author,I
 ,O,O,I
2006,B,year,I
: ,O,O,I
"Inmitten blutiger Konflikte, Lokale Netzwerke schaffen Stabilität",B,title,I
", ",O,O,I
yousee. Das Magazin der Universität Hamburg,B,source,I
 ,O,O,I
1,B,volume,I
: ,O,O,I
24,B,fpage,I
-,O,O,I
25,B,lpage,I
".
",O,O,I
Smidt,B,author,B
", ",I,author,I
W.,I,author,I
 ,O,O,I
2005,B,year,I
: ,O,O,I
Parlamentswahlen in Äthiopien,B,title,I
", ",O,O,I
Afrika Spectrum,B,source,I
 ,O,O,I
40 ,B,volume,I
(,O,O,I
2,B,issue,I
): ,O,O,I
319,B,fpage,I
-,O,O,I
330,B,lpage,I
".
",O,O,I
Tetzlaff,B,author,B
", ",I,author,I
R.,I,author,I
 ,O,O,I
2005,B,year,I
: ,O,O,I
Demokratie und Entwicklung in Afrika – enttäuschende Bilanz?,B,title,I
 ,O,O,I
Vortrag auf der Fachtagung des INEF in Duisburg am 20. Juli 2005.,B,other,I
"
",O,O,I
"Uhlig, S.",B,editor,B
 (Hrsg.) ,O,O,I
2003,B,year,I
", ",O,O,I
2005,B,year,I
: ,O,O,I
Encyclopaedia Aethiopica,B,title,I
", ",O,O,I
vol. 1 (A-C),B,volume,I
", ",O,O,I
Wiesbaden,B,other,I
; ,O,O,I
vol. 2 (DHa),B,volume,I
", ",O,O,I
Wiesbaden,B,other,I
".
",O,O,I
Rock,B,author,B
",",I,author,I
 J.,I,author,I
 (FAST International) ,O,O,I
2006,B,year,I
:,O,O,I
"Ethiopia, semi-annual risk assessment July to December 2005",B,title,I
", ",O,O,I
Bern ,B,other,I
(FAST Update).,O,O,I
