token,tag,label,ref
Arbeitsmarktverwaltung,B,title,B
", ",O,O,I
2003,B,year,I
: unter: ,O,O,I
http://www.ams.dk/orlov/,B,url,I
 (,O,O,I
Stand Oktober 2003,B,other,I
").
",O,O,I
Beschäftigungsministerium,B,editor,B
", ",O,O,I
2001,B,year,I
: ,O,O,I
Hvordan går det med ligelønnen?,B,title,I
 unter: ,O,O,I
http://www.hkstat.dk/hkwww/SEKTOR/STA/html.nsf/vFILES/Hvordan+gaar+det+med+ligelon nen/$FILE/Notat%20om%20ligelon.doc?OpenElement,B,url,I
 (,O,O,I
Stand Januar 2003,B,other,I
").
",O,O,I
Christensen,B,author,B
", ",O,O,I
Erik,B,author,I
", ",O,O,I
2003,B,year,I
: ,O,O,I
"Feminisme og borgerløn, veröffentlicht",B,title,I
 unter: ,O,O,I
http://www.sociologi.dk/db/03papers/156.doc,B,url,I
 (Stand ,O,O,I
Oktober 2003,B,other,I
").
",O,O,I
Danmarks Statistik,B,source,B
", ",O,O,I
1999,B,year,I
a: ,O,O,I
Nyt fra Danmarks Statistik,B,title,I
. Nr. ,O,O,I
337,B,volume,I
".
",O,O,I
Danmarks Statistik,B,source,B
", ",O,O,I
1999,B,year,I
b: ,O,O,I
Nyt fra Danmarks Statistik,B,title,I
. Nr. ,O,O,I
486,B,volume,I
".
",O,O,I
Danmarks Statistik,B,source,B
", ",O,O,I
2000,B,year,I
: ,O,O,I
Nyt fra Danmarks Statistik,B,title,I
. Nr. ,O,O,I
4,B,volume,I
".
",O,O,I
Danmarks Statistik,B,source,B
", ",O,O,I
2001,B,year,I
a: ,O,O,I
Nyt fra Danmarks Statistik,B,title,I
. Nr. ,O,O,I
429,B,volume,I
".
",O,O,I
Danmarks Statistik,B,source,B
",",O,O,I
 2001,B,year,I
b: ,O,O,I
Nyt fra Danmarks Statistik,B,title,I
. Nr. ,O,O,I
540,B,volume,I
".
",O,O,I
Danmarks Statistik,B,source,B
", ",O,O,I
2002,B,year,I
a: ,O,O,I
Danmark i tal,B,title,I
. ,O,O,I
Kopenhagen,B,other,I
".
",O,O,I
Danmarks Statistik,B,source,B
", ",O,O,I
2002,B,year,I
b: ,O,O,I
Nyt fra Danmarks Statistik,B,title,I
. Nr. ,O,O,I
218,B,volume,I
".
",O,O,I
Danmarks Statistik,B,source,B
", ",O,O,I
2003,B,year,I
a: ,O,O,I
Danmark i tal,B,title,I
. ,O,O,I
Kopenhagen,B,other,I
".
",O,O,I
Danmarks Statistik,B,source,B
", ",O,O,I
2003,B,year,I
b: ,O,O,I
Nyt fra Danmarks Statistik,B,title,I
. Nr. ,O,O,I
141,B,volume,I
".
",O,O,I
Danmarks Statistik,B,source,B
", ",O,O,I
2003,B,year,I
c: ,O,O,I
Nyt fra Danmarks Statistik,B,title,I
. Nr. ,O,O,I
36,B,volume,I
".
",O,O,I
Danmarks Statistik,B,source,B
", ",O,O,I
2003,B,year,I
d: ,O,O,I
Nyt fra Danmarks Statistik,B,title,I
. Nr. ,O,O,I
287,B,volume,I
".
",O,O,I
Danmarks Statistik,B,source,B
", ",O,O,I
2003,B,year,I
e: ,O,O,I
Nyt fra Danmarks Statistik,B,title,I
. Nr. ,O,O,I
409,B,volume,I
".
",O,O,I
Danmarks Statistik,B,source,B
", ",O,O,I
2003,B,year,I
f: ,O,O,I
Nyt fra Danmarks Statistik,B,title,I
. Nr. ,O,O,I
450,B,volume,I
".
",O,O,I
Danmarks Statistik,B,source,B
", ",O,O,I
2004,B,year,I
: ,O,O,I
Nyt fra Danmarks Statistik,B,title,I
. Nr. ,O,O,I
80,B,volume,I
".
",O,O,I
Danmarks Statistik/Gleichstellungsrat,B,source,B
", ",O,O,I
1999,B,year,I
: ,O,O,I
Kvinder og mænd,B,title,I
. ,O,O,I
Kopenhagen,B,other,I
".
",O,O,I
Dialog mit den Bürgern,B,title,B
", ",O,O,I
2003,B,year,I
: ,O,O,I
http://europa.eu.int/scadplus/citizens/de/dk/1140.htm,B,url,I
 ,O,O,I
(Stand November 2003),B,other,I
".
",O,O,I
Die dänische Frauengesellschaft,B,title,B
", ",O,O,I
2003,B,year,I
: ,O,O,I
http://www.kvindesamfund.dk/pol_maal.htm,B,url,I
 ,O,O,I
(Stand Dezember 2003).,B,other,I
"
",O,O,I
Dingeldey,B,author,B
", ",I,author,I
Irene,I,author,I
", ",O,O,I
2000,B,year,I
: ,O,O,I
Begünstigungen und Belastungen familialer Erwerbs- und Arbeitszeitmuster in Steuer- und Sozialversicherungssystemen – Ein Vergleich zehn europäischer Länder,B,title,I
. ,O,O,I
Opladen,B,other,I
: ,O,O,I
Leske + Budrich,B,publisher,I
".
",O,O,I
Erwerbs- und Wohnungsverwaltung,B,title,B
", ",O,O,I
2003,B,year,I
: ,O,O,I
http://www.workindk.dk/Pasningstilbud,B,url,I
 ,O,O,I
(Stand November 2003),B,other,I
".
",O,O,I
Esping-Andersen,B,author,B
", ",I,author,I
Gøsta,I,author,I
", ",O,O,I
1990,B,year,I
: ,O,O,I
Three Worlds of Capitalism,B,title,I
. ,O,O,I
"Princeton, NJ",B,other,I
: ,O,O,I
Princeton University Press,B,publisher,I
".
",O,O,I
Esping-Andersen,B,author,B
", ",I,author,I
Gøsta,I,author,I
", ",O,O,I
1999,B,year,I
: ,O,O,I
Social Foundations of Postindustrial Economies,B,title,I
. ,O,O,I
Oxford,B,other,I
: ,O,O,I
Oxford University Press,B,publisher,I
".
",O,O,I
Esping-Andersen,B,author,B
", ",I,author,I
Gøsta,I,author,I
", ",O,O,I
2002,B,year,I
: ,O,O,I
"Towards the Good Society, Once Again?",B,title,I
 in: ,O,O,I
"Esping-Andersen, Gøsta",B,editor,I
 (ed.) ,O,O,I
Why We need a New Welfare State,B,source,I
. ,O,O,I
Oxford,B,other,I
: ,O,O,I
Oxford University Press,B,publisher,I
", ",O,O,I
1,B,fpage,I
-,O,O,I
25,B,lpage,I
".
",O,O,I
Eurobarometer,B,source,B
", ",O,O,I
1996,B,year,I
: ,O,O,I
Equal opportunities for women and men in Europe?,B,title,I
 No. ,O,O,I
44.3,B,volume,I
", ",O,O,I
Bruxelles,B,other,I
".
",O,O,I
Fuhrmann,B,author,B
", ",I,author,I
Nora,I,author,I
", ",O,O,I
1999,B,year,I
: ,O,O,I
Emanzipation am Arbeitsmarkt: dänische Reformkonzepte,B,title,I
 in: ,O,O,I
WIP Occasional Paper,B,source,I
 ,O,O,I
4,B,volume,I
: ,O,O,I
5,B,fpage,I
-,O,O,I
16,B,lpage,I
".
",O,O,I
Gesetz über aktive Arbeitsmarktpolitik (lov om en aktiv arbejdsmarkedspolitik),B,title,B
 ,O,O,I
vom,B,other,I
 ,O,O,I
17.03.2003,B,other,I
".
",O,O,I
Gesetz über aktive Sozialpolitik (lov om aktiv socialpolitik),B,title,B
 ,O,O,I
vom,B,other,I
 ,O,O,I
13.08.2003,B,other,I
".
",O,O,I
Gesetz über individuelles Wohngeld (lov om individuel boligstøtte),B,title,B
 ,O,O,I
vom,B,other,I
 ,O,O,I
05.11.2003,B,other,I
".
",O,O,I
Gesetz über öffentliche Krankenversicherung (lov om offentlig sygesikring),B,title,B
 ,O,O,I
vom 01.07.1998.,B,other,I
"
",O,O,I
Gesetz über soziale Dienstleistungen (lov om social service),B,title,B
 ,O,O,I
vom 26.08.2003.,B,other,I
"
",O,O,I
Gleichstellungsministerium,B,source,B
", ",O,O,I
2003,B,year,I
: ,O,O,I
http://www.kige.dk,B,url,I
 (Stand ,O,O,I
Dezember 2003,B,other,I
").
",O,O,I
Greve,B,author,B
", ",I,author,I
Bent,I,author,I
", ",O,O,I
1999,B,year,I
: ,O,O,I
The Changing Universal Welfare Model. The Case of Denmark towards to 21st Century,B,title,I
. ,O,O,I
Roskilde,B,other,I
: ,O,O,I
Roskilde University,B,publisher,I
".
",O,O,I
Hansen,B,author,B
", ",I,author,I
Brigitte,I,author,I
", ",O,O,I
1995,B,year,I
: ,O,O,I
Die Entwicklung des dänischen Sozialstaats aus der Sicht der Frauen,B,title,I
. ,O,O,I
Zeitschrift für Frauenforschung,B,source,I
", ",O,O,I
1-2,B,volume,I
: ,O,O,I
115,B,fpage,I
-,O,O,I
132,B,lpage,I
".
",O,O,I
Kaufmann,B,author,B
", ",I,author,I
Franz-Xaver,I,author,I
", ",O,O,I
1993,B,year,I
: ,O,O,I
Familienpolitik in Europa“,B,title,I
 in: ,O,O,I
Bundesministerium für Familie und Senioren,B,editor,I
 (Hg.) ,O,O,I
40 Jahre Familienpolitik in der Bundesrepublik Deutschland,B,source,I
. ,O,O,I
Rückblick/ Ausblick,B,other,I
. ,O,O,I
Neuwied,B,other,I
: ,O,O,I
Luchterhand,B,publisher,I
", ",O,O,I
141,B,fpage,I
-,O,O,I
168,B,lpage,I
"
",O,O,I
Knudsen,B,author,B
", ",I,author,I
Lisbeth B.,I,author,I
", ",O,O,I
1997,B,year,I
: ,O,O,I
Denmark: The Land of the Vanishing Housewife,B,title,I
 in: ,O,O,I
"Kaufmann, FranzXaver",B,editor,I
; ,O,O,I
"Kuijsten, Anton",B,editor,I
; ,O,O,I
"Schulze, Hans-Joachim",B,editor,I
; ,B,author,I
"Strohmeier, Klaus Peter",B,editor,I
 (eds.) ,O,O,I
Family Life and Family Policies in Europe,B,source,I
. Volume ,O,O,I
1,B,volume,I
. ,O,O,I
Structures and Trends in the 1980s,B,source,I
. ,O,O,I
Oxford,B,other,I
: ,O,O,I
Clarendon Press,B,publisher,I
", ",O,O,I
12,B,fpage,I
-,O,O,I
47,B,lpage,I
".
",O,O,I
Knudsen,B,author,B
", ",I,author,I
Lisbeth B.,I,author,I
", ",O,O,I
1999,B,year,I
: ,O,O,I
Recent Fertility Trends in Denmark – A Discussion of the Impact of Family Policy in a Period with Increasing Fertility,B,title,I
. ,O,O,I
Odense,B,other,I
: ,O,O,I
Odense University,B,publisher,I
"
",O,O,I
Kommunefakta,B,title,B
", ",O,O,I
2003,B,year,I
: ,O,O,I
http://kommunefakta.netborger.dk/produkt/kfv3/dinkommune.asp?p=netborger,B,url,I
 (Stand ,O,O,I
November 2003,B,other,I
").
",O,O,I
Landesvereinigung der Kommunen,B,title,B
 ,O,O,I
2003,B,year,I
: ,O,O,I
http://www.kl.dk,B,url,I
".
",O,O,I
Lewis,B,author,B
", ",I,author,I
Jane,I,author,I
/ ,O,O,I
Ostner,B,author,I
", ",I,author,I
Ilona,I,author,I
 ,O,O,I
1994,B,year,I
: ,O,O,I
Gender and the Evolution of European Social Policy,B,title,I
. ,O,O,I
Arbeitspapier,B,other,I
 ,O,O,I
4,B,volume,I
", ",O,O,I
Zentrum für Sozialpolitik,B,source,I
", ",O,O,I
Bremen,B,other,I
"
",O,O,I
Lewis,B,author,B
", ",I,author,I
Jane,I,author,I
", ",O,O,I
2003,B,year,I
: ,O,O,I
Erwerbstätigkeit versus Betreuungsarbeit,B,title,I
. in: ,O,O,I
"Gerhard, Ute",B,editor,I
; ,O,O,I
"Knijn, Trudie",B,editor,I
; ,O,O,I
"Weckwert, Anja",B,editor,I
 (Hg.) ,O,O,I
Erwerbstätige Mütter. Ein europäischer Vergleich,B,source,I
. ,O,O,I
München,B,other,I
: ,O,O,I
CH Beck,B,publisher,I
", ",O,O,I
29,B,fpage,I
-,O,O,I
52,B,lpage,I
".
",O,O,I
Mette Frederiksen,B,title,B
", ",O,O,I
2003,B,year,I
: ,O,O,I
http://www.mettefrederiksen.dk/kkestatsministre.htm,B,url,I
 (Stand ,O,O,I
Dezember 2003,B,other,I
").
",O,O,I
Missoc-Info,B,source,B
", ",O,O,I
2002,B,year,I
: ,O,O,I
Familienleistungen und Familienpolitik in Europa. Dänemark,B,title,I
. unter: ,O,O,I
http://europa.eu.int./employment_social/missoc/missoc_info_de.htm,B,url,I
 (Stand ,O,O,I
Oktober 2003,B,other,I
").
",O,O,I
Nordic Social-Statistical Committee,B,source,B
", ",O,O,I
2004,B,year,I
: ,O,O,I
http://www.nom-nos.dk/nososco.htm,B,url,I
 (Stand ,O,O,I
Januar 2004,B,other,I
").
",O,O,I
OECD,B,editor,B
", ",O,O,I
1995,B,year,I
: ,O,O,I
Historical Statistics 1960-1993,B,title,I
. ,O,O,I
Paris,B,other,I
: ,O,O,I
OECD,B,publisher,I
".
",O,O,I
OECD,B,editor,B
", ",O,O,I
2002,B,year,I
: ,O,O,I
Babies and Bosses,B,title,I
. ,O,O,I
Reconciling Work and Family Life,B,source,I
. Volume ,O,O,I
1,B,volume,I
.,O,O,I
" Australia, Denmark and the Netherlands",B,source,I
. ,O,O,I
Paris,B,other,I
: ,O,O,I
OECD,B,publisher,I
".
",O,O,I
Pfau-Effinger,B,author,B
", ",I,author,I
Birgit,I,author,I
 ,O,O,I
1998,B,year,I
: ,O,O,I
Arbeitsmarkt- und Familiendynamik in Europa – Theoretische Grundlagen der vergleichenden Analyse,B,title,I
. in: ,O,O,I
"Geissler, Birgit",B,editor,I
; ,O,O,I
"Maier, Frederike",B,editor,I
; ,O,O,I
"Pfau-Effinger, Birgit",B,editor,I
 (Hg.) ,O,O,I
FrauenArbeitsMarkt. Der Beitrag der Frauenforschung zur sozio-ökonomischen Theorieentwicklung,B,source,I
", ",O,O,I
Berlin,B,other,I
: Ed. ,O,O,I
Sigma,B,other,I
", ",O,O,I
177,B,fpage,I
-,O,O,I
194,B,lpage,I
".
",O,O,I
Rostgaard,B,author,B
", ",I,author,I
Tine,I,author,I
; ,O,O,I
Christoffersen,B,author,I
", ",I,author,I
Mogens N.;,I,author,I
 ,I,author,I
Weise,I,author,I
", ",I,author,I
Hanne,I,author,I
", ",O,O,I
2000,B,year,I
: ,O,O,I
Parental leave in Denmark,B,title,I
. in: ,O,O,I
"Moss, P.",B,editor,I
; ,O,O,I
"Deven, F.",B,editor,I
 (eds.) ,O,O,I
Parental leave: Progress or Pitfall? Research and Policy Issues in Europe,B,source,I
. ,O,O,I
Bruxelles,B,other,I
: ,O,O,I
CBGS Publications,B,publisher,I
", ",O,O,I
25,B,fpage,I
-,O,O,I
44,B,lpage,I
".
",O,O,I
Sainsbury,B,author,B
", ",I,author,I
Diane,I,author,I
", ",O,O,I
1996,B,year,I
: ,O,O,I
"Gender, Equality and Welfare States",B,title,I
. ,O,O,I
Cambridge,B,other,I
: ,O,O,I
Cambridge University Press.,B,publisher,I
"
",O,O,I
Siim,B,author,B
", ",I,author,I
Birte,I,author,I
", ",O,O,I
1999,B,year,I
: ,O,O,I
"Towards a gender-sensitive framework for citizenship. Comparing Denmark, Britain and France",B,title,I
. in: ,O,O,I
"Bussemaker, Jet",B,editor,I
 (ed.) ,O,O,I
Citizenship and Welfare State Reform in Europe,B,source,I
. ,O,O,I
London,B,other,I
: ,O,O,I
Rutledge,B,publisher,I
", ",O,O,I
85,B,fpage,I
-,O,O,I
100,B,lpage,I
".
",O,O,I
Sozialministerium,B,editor,B
", ",O,O,I
2002,B,year,I
: ,O,O,I
Boligsikring 2002 til lejeboliger,B,title,I
. unter: ,O,O,I
http://www.sm.dk/netpublikationer/2002/p1boligs080102/bolig070102a.pdf,B,url,I
 (Stand,O,O,I
 November 2003,B,other,I
").
",O,O,I
Sozialministerium,B,source,B
", ",O,O,I
2003,B,year,I
: unter ,O,O,I
http://www.sm.dk,B,url,I
 (Stand ,O,O,I
Oktober2003,B,other,I
").
",O,O,I
Statistikbanken,B,editor,B
", ",O,O,I
2003,B,year,I
: ,O,O,I
"AB121D: Ledige i pct af arbejdsstyrken efter område, alder og køn.",B,title,I
 unter: ,O,O,I
http://www.statistikbanken.dk/ab121d,B,url,I
 (Stand ,O,O,I
Dezember 2003,B,other,I
").
",O,O,I
Währungsrechner ,B,title,B
unter: ,O,O,I
http://www.economist.com/markets/Currency/Index.cfm,B,url,I
 (Stand ,O,O,I
Januar 2004,B,other,I
")
",O,O,I
Wehner,B,author,B
", ",O,O,I
Cecilie,B,author,I
; ,O,O,I
Abrahamson,B,author,I
", ",O,O,I
Peter,B,author,I
", ",O,O,I
2003,B,year,I
a: ,O,O,I
Labour Supply. The Case of Denmark,B,title,I
. unter: ,O,O,I
http://www.york.ac.uk/inst/spru/research/summs/welempfc.htm,B,url,I
 (Stand ,O,O,I
Januar 2004,B,other,I
")
",O,O,I
Wehner,B,author,B
", ",O,O,I
Cecilie,B,author,I
; ,O,O,I
Abrahamson,B,author,I
", ",O,O,I
Peter,B,author,I
", ",O,O,I
2003b,B,year,I
: ,O,O,I
Welfare policies in the context of family change. Policy. The Case of Denmark.,B,title,I
 unter: ,O,O,I
http://www.york.ac.uk/inst/spru/research/nordic/denmpoli.pdf,B,url,I
 (Stand ,O,O,I
Juni 2004,B,other,I
")
",O,O,I
Wendt,B,author,B
", ",I,author,I
Claus,I,author,I
", ",O,O,I
1998,B,year,I
: ,O,O,I
Familienpolitik in Dänemark,B,title,I
. in: ,O,O,I
Zeitschrift für Familienforschung,B,source,I
", ",O,O,I
10,B,volume,I
 (,O,O,I
2,B,issue,I
): ,O,O,I
103,B,fpage,I
-,O,O,I
115,B,lpage,I
".
",O,O,I
Wendt,B,author,B
", ",I,author,I
Claus,I,author,I
", ",O,O,I
2003,B,year,I
: ,O,O,I
Krankenversicherung oder Gesundheitsversorgung? Gesundheitssysteme im Vergleich,B,title,I
. ,O,O,I
Wiesbaden,B,other,I
: ,O,O,I
Westdeutscher Verlag.,B,publisher,I
"
",O,O,I
Wirtschafts- und Erwerbsministerium; Beschäftigungsministerium; Finanzministerium; Sozial- und Gleichstellungsministerium,B,editor,B
", ",O,O,I
2003,B,year,I
: ,O,O,I
Redegørelse om kvinders pensionsmæssige stilling,B,title,I
. ,O,O,I
Kopenhagen.,B,source,I
"
",O,O,I
Wroblewski,B,author,B
", ",I,author,I
Angela,I,author,I
/ ,O,O,I
Leitner,B,author,I
", ",I,author,I
Andrea,I,author,I
", ",O,O,I
2003,B,year,I
: ,O,O,I
"Umbau von Arbeitsgesellschaften. Eine Chance zur geschlechtergerechten Verteilung von Arbeit, Zeit und Einkommen",B,title,I
. ,O,O,I
Wien,B,other,I
: ,O,O,I
Institut für Höhere Studien.,B,publisher,I
"
",O,O,I
Zentrum für Gleichstellung,B,source,B
", ",O,O,I
2003,B,year,I
: ,O,O,I
http://www.celi.dk,B,url,I
 (Stand ,O,O,I
November 2003,B,other,I
").
",O,O,I
