token,tag,label,ref
[,O,O,I
Bosch,B,editor,B
 ,O,O,I
2005,B,year,I
] ,O,O,I
In letzter Sekunde vor dem Unfall,B,title,I
", ",O,O,I
www.bosch.de/start/content/ language1/html/715_3979.htm,B,url,I
 ,O,O,I
(23.12.05),B,other,I
"
",O,O,I
Aschenbrenner,B,author,B
", ",I,author,I
Norbert,I,author,I
", ",O,O,I
2005,B,year,I
: ,O,O,I
Clevere Beifahrer,B,title,I
", in: ",O,O,I
Pictures of the Future,B,source,I
", ",O,O,I
Herbst 2005,B,other,I
: ,O,O,I
40,B,fpage,I
-,O,O,I
42,B,lpage,I
"
",O,O,I
Blutner,B,author,B
", ",I,author,I
Doris,I,author,I
/,O,O,I
Stephan,B,author,I
 ,I,author,I
Cramer,I,author,I
/,O,O,I
Tobias,B,author,I
 ,I,author,I
Haertel,I,author,I
", ",O,O,I
2006,B,year,I
: ,O,O,I
"Der Mensch als Problemlöser in logistischen Ketten (Universität Dortmund, Soziologische Arbeitspapiere Nr",B,title,I
. ,O,O,I
13,B,volume,I
")
",O,O,I
Grell,B,author,B
", ",O,O,I
Detlef,B,author,I
", ",O,O,I
2003,B,year,I
: ,O,O,I
Rad am Draht,B,title,I
", in: ",O,O,I
c't,B,other,I
 ,O,O,I
14/2003,B,volume,I
: ,O,O,I
170,B,fpage,I
-,O,O,I
183,B,lpage,I
", ",O,O,I
www.heise.de/ct/03/14/170/default.shtml,B,url,I
 (,O,O,I
15.09.04,B,other,I
")
",O,O,I
Goroncy,B,author,B
", ",I,author,I
Jürgen,I,author,I
", ",O,O,I
2005,B,year,I
: ,O,O,I
"Das Auto bekommt Augen, in: Pictures of the Future",B,title,I
", ",O,O,I
Herbst 2005,B,other,I
: ,O,O,I
46,B,fpage,I
-,O,O,I
50,B,lpage,I
"
",O,O,I
Gras,B,author,B
", ",O,O,I
A,B,author,I
./,O,O,I
Moricot,B,author,I
", ",I,author,I
C.,I,author,I
/,O,O,I
Poirot-Delpech,B,author,I
", ",I,author,I
S.L.,I,author,I
/,O,O,I
Scardigli,B,author,I
", ",I,author,I
V.,I,author,I
", ",O,O,I
1994,B,year,I
: ,O,O,I
Faced with Automation,B,title,I
. ,O,O,I
"The Pilot, the Controller and the Engineer",B,source,I
", ",O,O,I
Paris,B,other,I
: ,O,O,I
Publications de la Sorbonne,B,publisher,I
"
",O,O,I
Hack,B,author,B
", ",I,author,I
Gert,I,author,I
", ",O,O,I
2004,B,year,I
: ,O,O,I
Auf Distanz. Technik im Detail: Unterwegs im BMW 530d mit aktiver Geschwindigkeitsregelung,B,title,I
", in: ",O,O,I
FAZ 09.11.2004: T3,B,source,I
"
",O,O,I
Herrtwich,B,author,B
", ",I,author,I
R.G.,I,author,I
", ",O,O,I
2003,B,year,I
: ,O,O,I
Fahrzeuge am Netz,B,title,I
", in: ",O,O,I
Mattern 2003,B,source,I
", ",O,O,I
63,B,fpage,I
-,O,O,I
83,B,lpage,I
"
",O,O,I
Krohn,B,author,B
", ",I,author,I
Wolfgang,I,author,I
/,O,O,I
Johannes,B,author,I
 ,I,author,I
Weyer,I,author,I
", ",O,O,I
1989,B,year,I
: ,O,O,I
Gesellschaft als Labor. Die Erzeugung sozialer Risiken durch experimentelle Forschung,B,title,I
", in: ",O,O,I
Soziale Welt ,B,source,I
40,B,volume,I
: ,O,O,I
349,B,fpage,I
-,O,O,I
373,B,lpage,I
"
",O,O,I
"Mattern, F.",B,editor,B
", (Hg.), ",O,O,I
2003,B,year,I
: ,O,O,I
Total vernetzt. Szenarien einer informatisierten Welt (7. Berliner Kolloquium der Gottlieb Daimler- und Karl Benz-Stiftung),B,title,I
", ",O,O,I
Heidelberg,B,other,I
: ,O,O,I
Springer,B,publisher,I
"
",O,O,I
"Rammert, W.",B,editor,B
/,O,O,I
"Schulz-Schaeffer, I.",B,editor,I
", (Hg.), ",O,O,I
2002,B,year,I
: ,O,O,I
Können Maschinen handeln? Soziologische Beiträge zum Verhältnis von Mensch und Technik,B,title,I
", ",O,O,I
Frankfurt/M.,B,other,I
: ,O,O,I
Campus,B,publisher,I
"
",O,O,I
Rossberg,B,author,B
", ",I,author,I
Ralf Roman,I,author,I
", ",O,O,I
1999,B,year,I
: ,O,O,I
Ausfall der Zugsteuerung ließ CitySprinter ins Unglück rollen. Stadtbahn-Unfall in Köln: Verkettung unglücklicher Umstände führte zum Zusammenstoß,B,title,I
", in: ",O,O,I
VDI-Nachrichten 03.09.1999,B,source,I
: ,O,O,I
11,B,volume,I
", ",O,O,I
http://ods.schule.de/bics/son/verkehr/presse/1999_2/v3292_06.htm,B,url,I
 ,O,O,I
(22.12.05),B,other,I
"
",O,O,I
Schulz,B,author,B
", ",I,author,I
Andreas,I,author,I
/,O,O,I
Monica De,B,author,I
 ,I,author,I
Filippis,I,author,I
/,O,O,I
Manfred,B,author,I
 ,I,author,I
Thüring,I,author,I
", ",O,O,I
2005,B,year,I
: ,O,O,I
"""Driving Without Awareness""? Eine experimentelle Untersuchung zum Vigilanzabfall während des Autofahrens",B,title,I
", in: ",O,O,I
Urbas/Steffens 2005,B,other,I
: ,O,O,I
71,B,fpage,I
-,O,O,I
76,B,lpage,I
"
",O,O,I
Spehr,B,author,B
", ",I,author,I
M.,I,author,I
", ",O,O,I
2004,B,year,I
: ,O,O,I
Die Physik des Staus. Neue Wege gegen den Kollaps auf der Straße,B,title,I
", in: ",O,O,I
FAZ 14.09.2004: T1,B,other,I
"
",O,O,I
Sterbak,B,author,B
", ",I,author,I
Rolf,I,author,I
", ",O,O,I
2005,B,year,I
: ,O,O,I
Mein Auto versteht mich,B,title,I
", in: ",O,O,I
Pictures of the Future,B,source,I
", ",O,O,I
Herbst 2005,B,other,I
: ,O,O,I
56,B,fpage,I
-,O,O,I
58,B,lpage,I
"
",O,O,I
TA-Swiss,B,editor,B
" (Hg.), ",O,O,I
2003,B,year,I
a: ,O,O,I
"Auf dem Weg zur intelligenten Mobilität. Kurzfassung des TA-Arbeitsdokumentes ""Das vernetzte Fahrzeug""",B,title,I
 (,O,O,I
TA,B,source,I
 43A,B,volume,I
/,O,O,I
2003,B,year,I
"), ",O,O,I
Bern,B,other,I
", ",O,O,I
www.ta-swiss.ch/wwwremain/reports_archive/publications/2003/KF_Verkehrstelematik_d.pdf,B,url,I
 (,O,O,I
06.10.03,B,other,I
")
",O,O,I
"Urbas, Leon",B,editor,B
/,O,O,I
Christiane Steffens,B,editor,I
" (Hg.), ",O,O,I
2005,B,year,I
: ,O,O,I
Zustandserkennung und Systemgestaltung,B,title,I
. ,O,O,I
6,B,volume,I
. ,O,O,I
Berliner Werkstatt Mensch-Maschnie-Systeme,B,source,I
", ",O,O,I
Düsseldorf,B,other,I
: ,O,O,I
VDI Verlag,B,publisher,I
"
",O,O,I
Vanberg,B,author,B
", ",I,author,I
V.,I,author,I
", ",O,O,I
1975,B,year,I
: ,O,O,I
Die zwei Soziologien. Individualismus und Kollektivismus in der Sozialtheorie,B,title,I
", ",O,O,I
Tübingen,B,other,I
: ,O,O,I
J.C.B. Mohr,B,publisher,I
"
",O,O,I
Vasek,B,author,B
", ",I,author,I
T.,I,author,I
", ",O,O,I
2004,B,year,I
: ,O,O,I
Rechner auf Rädern,B,title,I
", in: ",O,O,I
Technology Review 7/2004,B,source,I
: ,O,O,I
20,B,fpage,I
-,O,O,I
41,B,lpage,I
"
",O,O,I
Vernaleken,B,author,B
", ",I,author,I
C.,I,author,I
", ",O,O,I
2004,B,year,I
: ,O,O,I
Forschen fürs Cockpit der nächsten Generation,B,title,I
", in: ",O,O,I
Luft- und Raumfahrt 4/2004,B,source,I
: ,O,O,I
22,B,fpage,I
-,O,O,I
24,B,lpage,I
"
",O,O,I
Wagner,B,author,B
", ",I,author,I
T.,I,author,I
/,O,O,I
Göhner,B,author,I
", ",I,author,I
P.,I,author,I
/,O,O,I
Urbano,B,author,I
", ",I,author,I
P.G. de A.,I,author,I
", ",O,O,I
2003/04,B,year,I
:,O,O,I
 Softwareagenten - Einführung und Überblick über eine alternative Art der Softwareentwicklung,B,title,I
", in: ",O,O,I
Automatisierungstechnische Praxis,B,source,I
 ,O,O,I
45,B,volume,I
 (,O,O,I
2003,B,year,I
"), H. ",O,O,I
10,B,volume,I
: ,O,O,I
48,B,fpage,I
-,O,O,I
57,B,lpage,I
 Teil (,O,O,I
1,B,issue,I
"), H. ",O,O,I
11,B,issue,I
: ,O,O,I
57,B,fpage,I
- ,O,O,I
65,B,lpage,I
 Teil (,O,O,I
2,B,issue,I
) und ,O,O,I
46,B,volume,I
 (,O,O,I
2004,B,year,I
"), H. ",O,O,I
2,B,issue,I
: ,O,O,I
42,B,fpage,I
-,O,O,I
51,B,lpage,I
 (Teil ,O,O,I
3,B,issue,I
")
",O,O,I
Weyer,B,author,B
", ",I,author,I
J.,I,author,I
", ",O,O,I
1997,B,year,I
: ,O,O,I
Die Risiken der Automationsarbeit. Mensch-Maschine-Interaktion und Störfallmanagement in hochautomatisierten Verkehrsflugzeugen,B,title,I
", in: ",O,O,I
Zeitschrift für Soziologie,B,source,I
 ,O,O,I
26,B,volume,I
: ,O,O,I
239,B,fpage,I
-,O,O,I
257,B,lpage,I
"
",O,O,I
Weyer,B,author,B
", ",O,O,I
J.,B,author,I
", ",O,O,I
2004,B,year,I
: ,O,O,I
Creating Order in Hybrid Systems. Reflexions on the Interaction of Man and Smart Machines,B,title,I
 (,O,O,I
Universität Dortmund,B,other,I
", ",O,O,I
Soziologische Arbeitspapiere,B,source,I
 Nr. ,O,O,I
7,B,volume,I
")
",O,O,I
Wille,B,author,B
", ",I,author,I
Walter,I,author,I
", ",O,O,I
2004,B,year,I
: ,O,O,I
Die neuen Fahrer heißen Bit und Byte. Deutschlands erste vollautomatische U-Bahn,B,title,I
", in: ",O,O,I
FAZ 19.10.2004:,B,source,I
 T ,O,O,I
1,B,fpage,I
-,O,O,I
2,B,lpage,I
"
",O,O,I
Ziegler,B,author,B
", ",O,O,I
Peter-Michael,B,author,I
/,O,O,I
Benz,B,author,I
", ",O,O,I
Benjamn,B,author,I
", ",O,O,I
2005,B,year,I
: ,O,O,I
Fliegendes Rechnernetz. IT-Technik an Bord des Airbus A380,B,title,I
", in: ",O,O,I
c't,B,source,I
 ,O,O,I
2005,B,year,I
", H. ",O,O,I
17,B,volume,I
: ,O,O,I
84,B,fpage,I
-,O,O,I
91,B,lpage,I
"
",O,O,I
