token,tag,label,ref
APPELBAUM,B,author,B
 ,I,author,I
Eileen,I,author,I
",",O,O,I
 ,B,author,I
BATT,I,author,I
", ",I,author,I
Rosemary,I,author,I
", ",O,O,I
1994,B,year,I
", ",O,O,I
The New American Workplace,B,title,I
", ",O,O,I
Ithaca,B,other,I
",",O,O,I
 Cornell University Press,B,publisher,I
".
",O,O,I
BAHNMÜLLER,B,author,B
 ,I,author,I
Reinhard,I,author,I
", ",O,O,I
SALM,B,author,I
 ,I,author,I
Rainer,I,author,I
", ",O,O,I
1996,B,year,I
",",O,O,I
" Intelligenter, nicht härter arbeiten? Gruppenarbeit und Gestaltungspolitik",B,title,I
", ",O,O,I
Hamburg,B,other,I
", ",O,O,I
VSA-Verlag,B,publisher,I
".
",O,O,I
DURAND,B,author,B
 ,I,author,I
Jean-Pierre,I,author,I
", ",O,O,I
STEWART,B,author,I
 ,I,author,I
Paul,I,author,I
", ",O,O,I
CASTILLO,B,author,I
 ,I,author,I
Juan,I,author,I
", ",O,O,I
1998,B,year,I
",",O,O,I
" L’avenir du travail à la chaîne, une comparaison internationale dans l’industrie automobile",B,title,I
", ",O,O,I
Paris,B,other,I
", ",O,O,I
La Découverte,B,publisher,I
".
",O,O,I
FRIEDMANN,B,author,B
 ,I,author,I
Georges,I,author,I
", ",O,O,I
1964,B,year,I
", ",O,O,I
"Le travail en miettes, spécialisation et loisirs",B,title,I
", ",O,O,I
Paris,B,other,I
", ",O,O,I
Galimard,B,publisher,I
"
",O,O,I
GERST,B,author,B
 ,I,author,I
Detlef,I,author,I
", ",O,O,I
HARDWIG,B,author,I
 ,I,author,I
Thomas,I,author,I
", ",O,O,I
KUHLMANN,B,author,I
 ,I,author,I
Martin,I,author,I
", ",O,O,I
SCHUMANN,B,author,I
 ,I,author,I
Michael,I,author,I
", ",O,O,I
1995,B,year,I
", """,O,O,I
Gruppenarbeit in den 90ern: Zwischen strukturkonservativer und strukturinnovativer Gestaltungsvariante,B,title,I
""", ",O,O,I
SOFI-Mitteilungen,B,source,I
", n° 22: ",O,O,I
39,B,fpage,I
-,O,O,I
66,B,lpage,I
".
",O,O,I
GRANEL,B,author,B
 ,I,author,I
Michael,I,author,I
", ",O,O,I
1980,B,year,I
", ",O,O,I
Gruppenarbeit in der Motorenmontage: Ein Vergleich von Arbeitsstrukturen / Volkswagenwerk AG,B,title,I
", ",O,O,I
"Schriftenreihe ""Humanisierung des Arbeitslebens""",B,source,I
 Band ,O,O,I
3,B,volume,I
", ",O,O,I
Frankfurt an Main,B,other,I
", ",O,O,I
CampusVerlag,B,publisher,I
".
",O,O,I
HOLLMANN,B,author,B
 ,I,author,I
Reiner,I,author,I
", ",O,O,I
NIEMEYER,B,author,I
 ,I,author,I
Edzard,I,author,I
", ",O,O,I
1998,B,year,I
",",O,O,I
" Gestaltungsansätze und soziale Prozesse, Gruppenarbeit in der niedersächsischen Autoindustrie",B,title,I
", ",O,O,I
"Abschlußbericht, Universität Hanover, Institut für Soziologie",B,other,I
".
",O,O,I
IG METALL,B,editor,B
", ",O,O,I
1980,B,year,I
", """,O,O,I
Technischer Wandel und Rationalisierung aus tarifpolitischer Hinsicht,B,title,I
""", ",O,O,I
Gewerkschaftliche Monatshefte,B,source,I
", n°",O,O,I
4,B,volume,I
: ,O,O,I
251,B,fpage,I
-,O,O,I
262,B,lpage,I
".
",O,O,I
KUHLMANN,B,author,B
 ,I,author,I
Martin,I,author,I
", ",O,O,I
SCHUMANN,B,author,I
 ,I,author,I
Michael,I,author,I
", ",O,O,I
2000,B,year,I
", """,O,O,I
Was bleibt von der Arbeitersolidarität? Zum Arbeits- und Betriebsverständnis bei innovativer Arbeitspolitik,B,title,I
""", ",O,O,I
WSI-Mitteilungen,B,source,I
", n°",O,O,I
1,B,volume,I
: ,O,O,I
18-27.,B,fpage,I
"
",O,O,I
LABIT,B,author,B
 ,I,author,I
Anne,I,author,I
", ",O,O,I
1998,B,year,I
", ",O,O,I
"La maîtrise, analyseur du changement de modèle productif de la firme industrielle, une étude comparative des constructeurs automobiles Renault et Volkswagen",B,title,I
", ",O,O,I
"Thèse de doctorat européen sous la direction de Jean-Pierre Durand, Université de Rouen, Janvier",B,other,I
 ,O,O,I
1998,B,year,I
".
",O,O,I
LAZARUS,B,author,B
 ,I,author,I
Sylvain,I,author,I
", ",O,O,I
"1996,",B,year,I
 ,O,O,I
Anthropologie du Nom,B,title,I
", ",O,O,I
Paris,B,other,I
", ",O,O,I
Seuil,B,publisher,I
".
",O,O,I
- ,O,O,I
forthcoming,B,other,B
", ",O,O,I
D’une problématique de l’anthropologie ouvrière,B,title,I
", ",O,O,I
"manuscript, march ",B,other,I
1998,B,year,I
".
",O,O,I
LEMINISKY,B,author,B
 ,I,author,I
Gerhard,I,author,I
", ",O,O,I
1980,B,year,I
", """,O,O,I
Humanisierung der Arbeit aus eigener Kraft,B,title,I
""", ",O,O,I
Gewerkschaftliche Monatshefte,B,source,I
", n°",O,O,I
4,B,volume,I
: ,O,O,I
212,B,fpage,I
-,O,O,I
221,B,lpage,I
".
",O,O,I
MOLDASCHL,B,author,B
 ,I,author,I
Manfred,I,author,I
", ",O,O,I
1994,B,year,I
", "" '",O,O,I
Die werden zur Hyäne' – Erfahrungen und Belastungen in neuen Arbeitsformen,B,title,I
""", in ",O,O,I
Moldaschl Manfred,B,editor,I
", ",O,O,I
Schultz-Wild Rainer,B,editor,I
", ",O,O,I
Arbeitsorientierte Rationalisierung,B,source,I
", ",O,O,I
Frankfurt/Main,B,other,I
", ",O,O,I
Campus,B,publisher,I
".
",O,O,I
MURAKAMI,B,author,B
 ,I,author,I
Thomas,I,author,I
", ",O,O,I
1995,B,year,I
", """,O,O,I
Introducing Teamwork – a Motor Industry Case Study From Germany,B,title,I
""", ",O,O,I
Industrial Relations Journal,B,source,I
", vol. ",O,O,I
26,B,volume,I
", n°",O,O,I
4,B,issue,I
: ,O,O,I
293,B,fpage,I
-,O,O,I
305,B,lpage,I
".
",O,O,I
SAINSAULIEU,B,author,B
 ,I,author,I
Renaud,I,author,I
", ",O,O,I
1998,B,year,I
", ",O,O,I
L’identité au travail,B,title,I
", ",O,O,I
Paris,B,other,I
", ",O,O,I
Presses de la Fondation Nationale des Sciences Politiques,B,publisher,I
".
",O,O,I
SANDBERG,B,author,B
 ,I,author,I
Åke,I,author,I
", ",O,O,I
1995,B,year,I
", ",O,O,I
"Enriching Production, Perspectives on Volvo’s Uddevalla Plant as an Alternative to Lean Production",B,title,I
", ",O,O,I
Aldershot,B,other,I
", ",O,O,I
Avebury,B,publisher,I
".
",O,O,I
THELEN,B,author,B
 ,I,author,I
Kathleen,I,author,I
", ",O,O,I
1991,B,year,I
",",O,O,I
 Unions of Parts Labor Politics in Germany,B,title,I
", ",O,O,I
Cornell University Press,B,publisher,I
",",O,O,I
 Ithaca and London,B,other,I
".
",O,O,I
VERRET,B,author,B
 ,I,author,I
Michel,I,author,I
", ",O,O,I
1999,B,year,I
", ",O,O,I
"Le travail ouvrier, avec la collaboration de Pierre Nugues",B,title,I
", ",O,O,I
Paris,B,other,I
", ",O,O,I
L'Harmattan,B,publisher,I
".
",O,O,I
WOMACK,B,author,B
 ,I,author,I
James,I,author,I
", ",O,O,I
JONES,B,author,I
 ,I,author,I
Daniel,I,author,I
", ",O,O,I
ROOS,B,author,I
 ,I,author,I
Daniel,I,author,I
", ",O,O,I
1990,B,year,I
",",O,O,I
 The Machine That Changed The World,B,title,I
", ",O,O,I
New York,B,other,I
", ",O,O,I
Maxwell,B,publisher,I
".
",O,O,I
