token,tag,label,ref
Arnold,B,author,B
", ",I,author,I
Michael,I,author,I
; ,O,O,I
Strehl,B,author,I
", ",I,author,I
Rüdiger,I,author,I
", ",O,O,I
2000,B,year,I
: ,O,O,I
Wie kommen Innovationen ins DRG-System? (Die Steuerungsfunktion der Bundesauschüsse),B,title,I
", in: ",O,O,I
Michael Arnold,B,editor,I
; ,O,O,I
Martin Litsch,B,editor,I
; ,O,O,I
Henner Schellenschmidt,B,editor,I
 (Hg.): ,O,O,I
Krankenhaus-Report 2000. Schwerpunkt: Vergütungsreform mit DRGs,B,source,I
. ,O,O,I
Stuttgart,B,other,I
: ,O,O,I
Schattauer,B,publisher,I
", ",O,O,I
159,B,fpage,I
-,O,O,I
171,B,lpage,I
".
",O,O,I
Beske,B,author,B
", ",I,author,I
Fritz,I,author,I
", ",O,O,I
2001,B,year,I
: ,O,O,I
Neubestimmung und Finanzierung des Leistungskatalogs der gesetzlichen Krankenversicherung: Kieler Konzept – Paradigmenwechsel im Gesundheitswesen,B,title,I
. ,O,O,I
Berlin u.a.,B,other,I
: ,O,O,I
Quintessenz,B,publisher,I
".
",O,O,I
Borchert,B,author,B
", ",I,author,I
Günter,I,author,I
", ",O,O,I
1999,B,year,I
: „,O,O,I
Sicherung der Verbindlichkeit untergesetzlicher Normen im Krankenversicherungsrecht“,B,title,I
", ",O,O,I
Die Krankenversicherung,B,source,I
 ,O,O,I
51,B,volume,I
: ,O,O,I
273,B,fpage,I
-,O,O,I
275,B,lpage,I
".
",O,O,I
Braun,B,author,B
", ",I,author,I
Bernard,I,author,I
", ",O,O,I
2001,B,year,I
: ,O,O,I
"„Budgetierung, Rationierung, Rationalisierung“",B,title,I
", ",O,O,I
Dr. med. Mabuse,B,source,I
 ,O,O,I
133,B,volume,I
: ,O,O,I
52,B,fpage,I
-,O,O,I
55,B,lpage,I
".
",O,O,I
Dierks,B,author,B
", ",I,author,I
Marie-Luise,I,author,I
; ,O,O,I
Bitzer,B,author,I
", ",I,author,I
Eva-Maria,I,author,I
; ,O,O,I
Lerch,B,author,I
", ",I,author,I
Magnus,I,author,I
; ,O,O,I
Martin,B,author,I
", ",I,author,I
Sabine,I,author,I
; ,O,O,I
Röseler,B,author,I
", ",I,author,I
Sabine,I,author,I
; ,O,O,I
Schienkiewitz,B,author,I
", ",I,author,I
Anja,I,author,I
; ,O,O,I
Siebeneick,B,author,I
", ",I,author,I
Stefanie,I,author,I
; ,O,O,I
Schwartz,B,author,I
", ",I,author,I
Friedrich-Wilhelm,I,author,I
", ",O,O,I
2001,B,year,I
: ,O,O,I
Patientensouveränität. Der autonome Patient im Mittelpunkt. Arbeitsbericht Nr. 195 der Akademie für Technikfolgenabschätzung in Baden-Württemberg“,B,title,I
. ,O,O,I
Stuttgart,B,other,I
: ,O,O,I
"Institut für Sozialmedizin, Epidemiologie und Gesundheitssystemforschung (ISEG) in Zusammenarbeit mit der medizinischen Hochschule Hannover, Abt. Epidemiologie, Soziamedizin und Gesundheitssystemforschung.",B,source,I
"
",O,O,I
Döhler,B,author,B
", ",I,author,I
Marian,I,author,I
; ,O,O,I
Manow-Borgwardt,B,author,I
", ",I,author,I
Philip,I,author,I
", ",O,O,I
1992,B,year,I
: „,O,O,I
Gesundheitspolitische Steuerung zwischen Hierarchie und Verhandlung“,B,title,I
", ",O,O,I
MPIFG Discussion Paper Nr. 7,B,source,I
. ,O,O,I
Köln,B,other,I
".
",O,O,I
Francke,B,author,B
", ",I,author,I
Robert,I,author,I
", ",O,O,I
2002,B,year,I
: ,O,O,I
„Innovationen im Gesundheitswesen – Rechtliche Regulierung des Zugangs von medizinischen Neuerungen zur gesetzlichen Krankenversicherung“,B,title,I
. ,O,O,I
3,B,volume,I
. ,O,O,I
Siegburger Abteigespräche des VdAK/AEV im Februar 2002,B,source,I
", ",O,O,I
Siegburg,B,other,I
".
",O,O,I
Gibis,B,author,B
", ",I,author,I
Bernhard,I,author,I
; ,O,O,I
Rheinberger,B,author,I
", ",I,author,I
Paul,I,author,I
", ",O,O,I
2002,B,year,I
: ,O,O,I
„Erfahrungen mit und Impact von Health Technology Assessment im Bundesausschuss der Ärzte und Krankenkassen“,B,title,I
", ",O,O,I
Zeitschrift für ärztliche Fortbildung und Qualitätssicherung (ZaeFQ),B,source,I
 ,O,O,I
96,B,volume,I
: ,O,O,I
82,B,fpage,I
-,O,O,I
90,B,lpage,I
".
",O,O,I
Glaeske,B,author,B
", ",I,author,I
Gerd,I,author,I
", ",O,O,I
2002,B,year,I
: ,O,O,I
„Produktzulassung: Sicherung eines hochstehenden Arzneimittelangebotes“,B,title,I
. ,O,O,I
Symposium des BKK-Bundesverbandes zur Arzneimittelpolitik am 4.11.2002,B,source,I
", ",O,O,I
Essen,B,other,I
".
",O,O,I
Großbölting,B,author,B
", ",I,author,I
Ralf,I,author,I
; ,O,O,I
Schneider,B,author,I
", ",I,author,I
Karl-Heinz,I,author,I
", ",O,O,I
1999,B,year,I
: ,O,O,I
„Kostenerstattung für neue Behandlungsmethoden im Rahmen der Gesetzlichen Krankenversicherung – Rechtsprechung des BSG im Wandel“,B,title,I
", ",O,O,I
Medizinrecht,B,source,I
 ,O,O,I
17,B,volume,I
: ,O,O,I
403,B,fpage,I
-,O,O,I
407,B,lpage,I
".
",O,O,I
Hart,B,author,B
", ",O,O,I
Dieter,B,author,I
", ",O,O,I
2001,B,year,I
a: „,O,O,I
Health Technology Assessment (HTA) und gesundheitsrechtliche Regulierung“,B,title,I
", ",O,O,I
Medizinrecht,B,source,I
 ,O,O,I
19,B,volume,I
: ,O,O,I
1,B,fpage,I
-,O,O,I
8,B,lpage,I
".
",O,O,I
Hart,B,author,B
", ",O,O,I
Dieter,B,author,I
", ",O,O,I
2001,B,year,I
b: ,O,O,I
"„Wirksamkeit, Nutzen, Nachmarktkontrolle. Eine tatsächliche und eine mögliche Relation zwischen Arzneimittel- und Sozialrecht“",B,title,I
. ,O,O,I
Tagung ArzneimittelAnwendungsforschung – Strategie für mehr Effizienz und Patientennutzen am 4./5.10.2001,B,source,I
", ",O,O,I
Bremen,B,other,I
".
",O,O,I
Jung,B,author,B
", ",I,author,I
Karl,I,author,I
", ",O,O,I
1998,B,year,I
: ,O,O,I
„Bundesausschuss der Ärzte und Krankenkassen – Entscheidungsgremium der gemeinsamen Selbstverwaltung in der vertragsärztlichen Versorgung der gesetzlichen Krankenversicherung (GKV)“,B,title,I
", ",O,O,I
Gesellschaftspolitische Kommentare,B,source,I
 ,O,O,I
39,B,volume,I
: ,O,O,I
3,B,fpage,I
-,O,O,I
42,B,lpage,I
".
",O,O,I
Jung,B,author,B
", ",I,author,I
Karl,I,author,I
", ",O,O,I
1999,B,year,I
: ,O,O,I
"„Bundesausschuss der Ärzte und Krankenkassen – Aufgaben, Zusammensetzung, Verfahren“. Probleme der Rechtsquellen im Sozialversicherungsrecht",B,title,I
. ,O,O,I
Tagungsband zum 7. Fachkolloquium des Instituts für Sozialrecht der Universität Bochum,B,source,I
", ",O,O,I
Bochum,B,other,I
".
",O,O,I
Jung,B,author,B
", ",I,author,I
Karl,I,author,I
", ",O,O,I
2000,B,year,I
: ,O,O,I
„Rechtliche Grundlagen des Bundesausschusses auch nach der GKVReform 2000 unzureichend“,B,title,I
", ",O,O,I
Die Krankenversicherung,B,source,I
 ,O,O,I
52,B,volume,I
: ,O,O,I
52,B,fpage,I
-,O,O,I
58,B,lpage,I
".
",O,O,I
Jung,B,author,B
", ",I,author,I
Karl,I,author,I
; ,O,O,I
Gawlik,B,author,I
", ",I,author,I
Christian,I,author,I
; ,O,O,I
Gibis,B,author,I
", ",I,author,I
Bernhard,I,author,I
; ,O,O,I
Pötsch,B,author,I
", ",I,author,I
Rüdiger,I,author,I
; ,O,O,I
Rheinberger,B,author,I
", ",I,author,I
Paul,I,author,I
; ,O,O,I
Schmacke,B,author,I
", ",I,author,I
Norbert,I,author,I
; ,O,O,I
Schneider,B,author,I
", ",I,author,I
Günther,I,author,I
", ",O,O,I
2000,B,year,I
: ,O,O,I
„Bundesausschuss der Ärzte und Krankenkassen – Ansprüche der Versicherten präzisieren“,B,title,I
", ",O,O,I
Deutsches Ärzteblatt,B,source,I
 ,O,O,I
97,B,volume,I
: ,O,O,I
A365,B,fpage,I
-,O,O,I
A370,B,lpage,I
".
",O,O,I
Kern,B,author,B
", ",O,O,I
Axel Olaf,B,author,I
; ,O,O,I
Kistler,B,author,I
", ",O,O,I
Ernst,B,author,I
"; u.a., ",O,O,I
2002,B,year,I
: ,O,O,I
„Definitionsprobleme und Implikationen von Leistungsausgrenzungen in der gesetzlichen Krankenversicherung“,B,title,I
. ,O,O,I
Stadtbergen,B,other,I
: ,O,O,I
Internationales Institut für Empirische Sozialökonomie (inifes),B,publisher,I
".
",O,O,I
Kilburg,B,author,B
", ",I,author,I
Anne,I,author,I
", ",O,O,I
1999,B,year,I
: ,O,O,I
„Arzneimittelrichtlinien des Bundesausschusses der Ärzte und Krankenkassen in der Diskussion. Interview mit Karl Jung“,B,title,I
", ",O,O,I
Gesundheitsökonomie und Qualitätsmanagement,B,source,I
 ,O,O,I
4,B,volume,I
: ,O,O,I
A94,B,fpage,I
-,O,O,I
A96,B,lpage,I
".
",O,O,I
Knappe,B,author,B
", ",I,author,I
Eckard,I,author,I
; ,O,O,I
Becker,B,author,I
", ",I,author,I
Marc,I,author,I
", ",O,O,I
2003,B,year,I
: ,O,O,I
„Zuwahlleistungen in der Gesetzlichen Krankenversicherung – ökonomische Begutachtung.“ Gutachten im Auftrag des „Forums für Solidarität und Wettbewerb in der GKV,B,title,I
. ,O,O,I
Trier,B,other,I
: ,O,O,I
Zentrum für Gesundheitsökonomie – Universität Trier,B,publisher,I
".
",O,O,I
Koch,B,author,B
", ",I,author,I
Thorsten,I,author,I
", ",O,O,I
2001,B,year,I
: ,O,O,I
„Normsetzung durch Richtlinien des Bundesausschusses der Ärzte und Krankenkassen? (Teil 1)“,B,title,I
", ",O,O,I
Die Sozialgerichtsbarkeit (SGb),B,source,I
: ,O,O,I
109,B,fpage,I
-,O,O,I
116,B,lpage,I
".
",O,O,I
Korzilius,B,author,B
", ",I,author,I
Heike,I,author,I
", ",O,O,I
1999,B,year,I
: ,O,O,I
„Die Zukunft ist (vorerst) ungewiss“,B,title,I
", ",O,O,I
Deutsches Ärzteblatt,B,source,I
 ,O,O,I
96,B,volume,I
: ,O,O,I
A1103,B,fpage,I
".
",O,O,I
Korzilius,B,author,B
", ",I,author,I
Heike,I,author,I
", ",O,O,I
2000,B,year,I
: ,O,O,I
„Bundesausschuss: Streit um Akupunktur“,B,title,I
", ",O,O,I
Deutsches Ärzteblatt,B,source,I
 ,O,O,I
97,B,volume,I
: ,O,O,I
A2013,B,fpage,I
".
",O,O,I
Lipset,B,author,B
", ",I,author,I
Seymour Martin,I,author,I
", ",O,O,I
1962,B,year,I
: ,O,O,I
Soziologie der Demokratie,B,title,I
. ,O,O,I
Neuwied,B,other,I
: ,O,O,I
Luchterhand,B,publisher,I
".
",O,O,I
Marx,B,author,B
", ",I,author,I
Peter,I,author,I
", ",O,O,I
2000,B,year,I
: ,O,O,I
„Pricing and reimbursement systems in Europe: Erstattung von Arzneimitteln in Deutschland“,B,title,I
", ",O,O,I
The European Journal of Health Economics (HEPAC),B,source,I
: ,O,O,I
16,B,fpage,I
- ,O,O,I
19,B,lpage,I
".
",O,O,I
"Perleth, Matthias",B,editor,B
" (Hg.), ",O,O,I
1997,B,year,I
: ,O,O,I
„Mehr ‚Qualität und Wirtschaftlichkeit‘ im Gesundheitswesen durch systematische Evaluation medizinischer Verfahren?“,B,title,I
", ",O,O,I
Jahrbuch für kritische Medizin,B,source,I
 ,O,O,I
28,B,volume,I
: ,O,O,I
141,B,fpage,I
-,O,O,I
159,B,lpage,I
".
",O,O,I
Rheinberger,B,author,B
", ",I,author,I
Paul,I,author,I
", ",O,O,I
2002,B,year,I
: ,O,O,I
„Diffusions of Innovations: Positron-Emission-Tomography (PET). Results from the Review of the Federal Standing Committee of Physicians and Sickness Funds“,B,title,I
. ,O,O,I
Four Country Conference July 2002 „Diffusion of medical technologies: Innovation and policy response“,B,source,I
", ",O,O,I
Potsdam,B,other,I
".
",O,O,I
Scharpf,B,author,B
", ",I,author,I
Fritz W.,I,author,I
 ,O,O,I
1992,B,year,I
: ,O,O,I
„Versuch über Demokratie in Verhandlungssystemen.”,B,title,I
 ,O,O,I
"MaxPlanck-Institut für Gesellschaftsforschung, MPIFG Discussion Paper",B,source,I
 ,O,O,I
92/9,B,volume,I
", ",O,O,I
Köln,B,other,I
".
",O,O,I
Scharpf,B,author,B
", ",I,author,I
Fritz W.,I,author,I
", ",O,O,I
2000,B,year,I
: ,O,O,I
Interaktionsformen. Akteurszentrierter Institutionalismus in der Politikforschung,B,title,I
. ,O,O,I
Opladen,B,other,I
: ,O,O,I
UTB,B,publisher,I
".
",O,O,I
Schimmelpfeng-Schütte,B,author,B
", ",I,author,I
Ruth,I,author,I
", ",O,O,I
1999,B,year,I
: ,O,O,I
„Richtliniengebung durch den Bundesausschuss der Ärzte und Krankenkassen und demokratische Legitimation“,B,title,I
", ",O,O,I
Neue Zeitschrift für Sozialrecht (NZS),B,source,I
 ,O,O,I
8,B,volume,I
: ,O,O,I
530,B,fpage,I
-,O,O,I
537,B,lpage,I
".
",O,O,I
Schneider-Danwitz,B,author,B
", ",I,author,I
Anette,I,author,I
; ,O,O,I
Glaeske,B,author,I
", ",I,author,I
Gerd,I,author,I
", ",O,O,I
1999,B,year,I
: ,O,O,I
„Viagra. Der Bundesausschuss der Ärzte und Krankenkassen – ein ‚kleiner Gesetzgeber‘ –?“,B,title,I
", ",O,O,I
Medizinrecht ,B,source,I
17,B,volume,I
: ,O,O,I
164,B,fpage,I
-,O,O,I
172,B,lpage,I
".
",O,O,I
"Schöffski, Oliver",B,editor,B
; ,O,O,I
"Uber, Andrea",B,editor,I
" (Hg.), ",O,O,I
2000,B,year,I
: ,O,O,I
Grundformen gesundheitsökonomischer Evaluationen,B,title,I
. ,O,O,I
Berlin u.a.,B,other,I
: ,O,O,I
Springer,B,publisher,I
".
",O,O,I
Urban,B,author,B
", ",I,author,I
Hans-Jürgen,I,author,I
", ",O,O,I
2001,B,year,I
: ,O,O,I
Wettbewerbskorporatistische Regulierung im Politikfeld Gesundheit,B,title,I
. ,O,O,I
Der Bundesausschuss der Ärzte und Krankenkassen und die gesundheitspolitische Wende. Veröffentlichungsreihe der Arbeitsgruppe Public Health Wissenschaftszentrum Berlin für Sozialforschung (WZB,B,title,I
),O,O,I
P01,B,fpage,I
-,O,O,I
206,B,lpage,I
. ,O,O,I
Berlin,B,other,I
: ,O,O,I
Wissenschaftszentrum Berlin für Sozialforschung (WZB).,B,publisher,I
"
",O,O,I
van de Ven,B,author,B
", ",I,author,I
Wynand,I,author,I
", ",O,O,I
1995,B,year,I
: ,O,O,I
„Choices in health care – A contribution from the Netherlands“,B,title,I
", ",O,O,I
British Medical Bulletin,B,source,I
 ,O,O,I
51,B,volume,I
: ,O,O,I
781,B,fpage,I
-,O,O,I
790,B,lpage,I
".
",O,O,I
