token,tag,label,ref
Borcherding,B,author,B
", ",I,author,I
K.,I,author,I
/,O,O,I
Rohrmann,B,author,I
", ",I,author,I
B.,I,author,I
/,O,O,I
Eppel,B,author,I
", ",I,author,I
T.,I,author,I
 (,O,O,I
1986,B,year,I
):,O,O,I
A Psychological Study on the Cognitive Structure of Risk Evaluation,B,title,I
. In: ,O,O,I
"Brehmer, Berndt",B,editor,I
/,O,O,I
"Jungermann, Helmut",B,editor,I
/,O,O,I
"Lourens, Peter",B,editor,I
/,O,O,I
"Sevón, Guje",B,editor,I
" (Hg.), ",O,O,I
New Directions in Research on Decision Making,B,source,I
. ,O,O,I
Amsterdam u.a,B,other,I
 (,O,O,I
Elsevier Science Publishers B.V.,B,publisher,I
"), S. ",O,O,I
245,B,fpage,I
-,O,O,I
262,B,lpage,I
".
",O,O,I
Chaiken,B,author,B
", ",O,O,I
S.,B,author,I
/,O,O,I
Lieberman,B,author,I
", ",I,author,I
A.,I,author,I
/,O,O,I
Eagly,B,author,I
", ",I,author,I
A.H.,I,author,I
 (,O,O,I
1989,B,year,I
): ,O,O,I
Heuristic and Systematic Information Processing Within and Beyond the Persuation Context,B,title,I
. In: ,O,O,I
"Uleman, James S.",B,editor,I
/,O,O,I
"Bargh, John A.",B,editor,I
" (Hg.), ",O,O,I
Unintended Thought,B,source,I
.,O,O,I
 New York/London,B,other,I
 (,O,O,I
Guilford Press,B,publisher,I
"), S. ",O,O,I
212,B,fpage,I
-,O,O,I
252,B,lpage,I
".
",O,O,I
Chaiken,B,author,B
", ",I,author,I
S.,I,author,I
/,O,O,I
Maheswaran,B,author,I
", ",I,author,I
D.,I,author,I
 (,O,O,I
1994,B,year,I
): ,O,O,I
"Heuristic Processing Can Bias Systematic Processing. Effects of Source Credibility, Argument Ambiguity, and Task Importance on Attitude Judgement",B,title,I
. ,O,O,I
Journal of Personality and Social Psychology,B,source,I
", ",O,O,I
66,B,volume,I
: ,O,O,I
460,B,fpage,I
-,O,O,I
473,B,lpage,I
".
",O,O,I
Coleman,B,author,B
", ",I,author,I
J.S.,I,author,I
 (,O,O,I
1990,B,year,I
): ,O,O,I
Foundations of Social Theory,B,title,I
. ,O,O,I
Cambridge/London,B,other,I
 (,O,O,I
Harvard University Press,B,publisher,I
").
",O,O,I
Eagly,B,author,B
",",I,author,I
 A.H.,I,author,I
/,O,O,I
Chaiken,B,author,I
", ",I,author,I
S.,I,author,I
 (,O,O,I
1993,B,year,I
): ,O,O,I
The Psychology of Attitudes,B,title,I
.,O,O,I
 Fort Worth u. a.,B,other,I
 (,O,O,I
Harcourt Brace,B,publisher,I
").
",O,O,I
Flynn,B,author,B
", ",I,author,I
J.,I,author,I
/,O,O,I
Burns,B,author,I
", ",I,author,I
W.,I,author,I
/,O,O,I
Mertz,B,author,I
", ",I,author,I
C.K.,I,author,I
/,O,O,I
Slovic,B,author,I
", ",I,author,I
P.,I,author,I
(,O,O,I
1992,B,year,I
): ,O,O,I
Trust as a Determinant of Opposition to a High-Level Radioactive Waste Repository: Analysis of a Structural Model,B,title,I
. ,O,O,I
Risk Analysis,B,source,I
", ",O,O,I
12,B,volume,I
: ,O,O,I
417,B,fpage,I
-,O,O,I
429,B,lpage,I
".
",O,O,I
Frewer,B,author,B
", ",I,author,I
L.J.,I,author,I
/,O,O,I
Howard,B,author,I
", ",I,author,I
C.,I,author,I
/,O,O,I
Hedderly,B,author,I
", ",I,author,I
D.,I,author,I
/,O,O,I
Sheppard,B,author,I
", ",I,author,I
R.,I,author,I
 (,O,O,I
1996,B,year,I
): ,O,O,I
What Determines Trust in Information about Food-Related Risks? Underlying Psychological Constructs,B,title,I
. ,O,O,I
Risk Analysis,B,source,I
", ",O,O,I
16,B,volume,I
: ,O,O,I
473,B,fpage,I
- ,O,O,I
486,B,lpage,I
".
",O,O,I
Hazlewood,B,author,B
", ",I,author,I
J.D.,I,author,I
/,O,O,I
Chaiken,B,author,I
", ",I,author,I
S.,I,author,I
 (,O,O,I
1990,B,year,I
): ,O,O,I
"Personal Relevance, Majority Influence, and the Law of Large Numbers. Paper presented at the meeting of the American Psychological Association",B,title,I
. ,O,O,I
"Boston, MA",B,other,I
".
",O,O,I
Jungermann,B,author,B
", ",I,author,I
H.,I,author,I
/,O,O,I
Pfister,B,author,I
", ",I,author,I
H.,I,author,I
/,O,O,I
Fischer,B,author,I
", ",I,author,I
K.,I,author,I
 (,O,O,I
1996,B,year,I
): ,O,O,I
"Credibility, Information Preferences, and Information Interests",B,title,I
. ,O,O,I
Risk Analysis,B,source,I
", ",O,O,I
16,B,volume,I
: ,O,O,I
251,B,fpage,I
-,O,O,I
261,B,lpage,I
".
",O,O,I
Kunreuther,B,author,B
", ",I,author,I
H.,I,author,I
/,O,O,I
Easterling,B,author,I
", ",I,author,I
D.,I,author,I
 (,O,O,I
1989,B,year,I
): ,O,O,I
Are Risk-Benefit Tradeoffs Possible in Siting Hazardous Facilities?,B,title,I
 ,O,O,I
American Economic Review,B,source,I
", ",O,O,I
80,B,volume,I
: ,O,O,I
252,B,fpage,I
-,O,O,I
256,B,lpage,I
".
",O,O,I
Kunreuther,B,author,B
",",I,author,I
 H.,I,author,I
/,O,O,I
Easterling,B,author,I
", ",I,author,I
D.,I,author,I
/,O,O,I
Desvousges,B,author,I
", ",I,author,I
W.,I,author,I
/,O,O,I
Slovic,B,author,I
", ",I,author,I
P.,I,author,I
 (,O,O,I
1990,B,year,I
): ,O,O,I
Public Attitudes Toward Siting a High-Level Nuclear Waste Repository in Nevada,B,title,I
. ,O,O,I
Risk Analysis,B,source,I
", ",O,O,I
10,B,volume,I
: ,O,O,I
469,B,fpage,I
-,O,O,I
484,B,lpage,I
".
",O,O,I
Peters,B,author,B
", ",I,author,I
R.G.,I,author,I
/,O,O,I
Covello,B,author,I
",",I,author,I
 V.T.,I,author,I
/,O,O,I
McCallum,B,author,I
", ",I,author,I
D.B.,I,author,I
 (,O,O,I
1997,B,year,I
): ,O,O,I
The Determinants of Trust and Credibility in Environmental Risk Communication: An Empirical Study,B,title,I
. ,O,O,I
Risk Analysis,B,source,I
", ",O,O,I
17,B,volume,I
: ,O,O,I
43,B,fpage,I
-,O,O,I
54,B,lpage,I
".
",O,O,I
Petty,B,author,B
", ",I,author,I
R.E.,I,author,I
/,O,O,I
Cacioppo,B,author,I
", ",I,author,I
J.T.,I,author,I
 (,O,O,I
1986,B,year,I
): ,O,O,I
Communication and Persuation. Central and Peripheral Routes to Attitude Change,B,title,I
. ,O,O,I
New York u. a.,B,other,I
 (,O,O,I
Springer,B,publisher,I
").
",O,O,I
Renn,B,author,B
",",I,author,I
 O.,I,author,I
 (,O,O,I
1984,B,year,I
): ,O,O,I
Risikowahrnehmung der Kernenergie,B,title,I
. ,O,O,I
Frankfurt ,B,other,I
(,O,O,I
Campus,B,publisher,I
").
",O,O,I
Slaby,B,author,B
", ",I,author,I
M.,I,author,I
/,O,O,I
Urban,B,author,I
", ",I,author,I
D.,I,author,I
 (,O,O,I
2002,B,year,I
): ,O,O,I
Risikoakzeptanz als individuelle Entscheidung. Zur Integration der Risikoanalyse in die nutzentheoretische Entscheidungs- und Einstellungsforschung,B,title,I
. ,O,O,I
Schriftenreihe des Instituts für Sozialwissenschaften der Universität Stuttgart,B,source,I
", No.",O,O,I
1,B,volume,I
/,O,O,I
2002,B,year,I
".
",O,O,I
Strack,B,author,B
", ",I,author,I
F.,I,author,I
 (,O,O,I
1994,B,year,I
): ,O,O,I
Zur Psychologie der standardisierten Befragung. Kognitive und kommunikative Prozesse,B,title,I
. ,O,O,I
Berlin u.a.,B,other,I
 (,O,O,I
Springer,B,publisher,I
).,O,O,I
