token,tag,label,ref
Eilfort,B,author,B
", ",I,author,I
Michael,I,author,I
 ,O,O,I
1994,B,year,I
. ,O,O,I
Die Nichtwähler – Wahlenthaltung als Form des Wahlverhaltens,B,title,I
", ",O,O,I
Paderborn,B,other,I
".
",O,O,I
Falter,B,author,B
", ",I,author,I
Jürgen W.,I,author,I
; ,O,O,I
Siegfried,B,author,I
 ,I,author,I
Schumann,I,author,I
 (,O,O,I
1993,B,year,I
): ,O,O,I
Nichtwahl und Protestwahl: Zwei Seiten einer Medaille,B,title,I
. (,O,O,I
mit J. Falter,B,other,I
) S. ,O,O,I
36,B,fpage,I
-,O,O,I
49,B,lpage,I
", in: ",O,O,I
Aus Politik und Zeitgeschichte: Beilage zur Wochenzeitung Das Parlament,B,source,I
. B,O,O,I
11/93,B,volume,I
 ,O,O,I
12.März 1993,B,other,I
".
",O,O,I
Falter,B,author,B
", ",I,author,I
Jürgen W.,I,author,I
 & ,O,O,I
Siegfried,B,author,I
 ,I,author,I
Schumann,I,author,I
 ,O,O,I
1994,B,year,I
. ,O,O,I
"Der Nichtwähler, das unbekannte Wesen",B,title,I
", in: ",O,O,I
Max Kaase,B,editor,I
/,O,O,I
Hans Dieter Klingemann,B,editor,I
" (Hrsg.), ",O,O,I
Wahlen und Wähler: Analysen aus Anlaß der Bundestagswahl,B,source,I
 ,O,O,I
1990,B,year,I
", ",O,O,I
Opladen,B,other,I
", S. ",O,O,I
161,B,fpage,I
-,O,O,I
213,B,lpage,I
".
",O,O,I
Niedermayer,B,author,B
", ",I,author,I
Oscar,I,author,I
 (,O,O,I
1990,B,year,I
): ,O,O,I
Turnout in the European Elections,B,title,I
", in: ",O,O,I
Electoral Studies,B,source,I
 ,O,O,I
9,B,volume,I
", S. ",O,O,I
45,B,fpage,I
-,O,O,I
50,B,lpage,I
".
",O,O,I
Rattinger,B,author,B
 (,O,O,I
1996,B,year,I
): ,O,O,I
Einstellungen zur Europäischen Integration in der Bundesrepublik: Ein Kausalmodell,B,title,I
", in: ",O,O,I
Zeitschrift für Internationale Beziehungen,B,source,I
 Nr. ,O,O,I
1,B,volume,I
; S. ,O,O,I
45,B,fpage,I
-,O,O,I
77,B,lpage,I
".
",O,O,I
Reif,B,author,B
", ",I,author,I
Karlheinz,I,author,I
 & ,O,O,I
Hermann,B,author,I
 ,I,author,I
Schmitt,I,author,I
 ,O,O,I
1980,B,year,I
. ,O,O,I
Nine Second-Order National Elections – a Conceptual Framework for the Analyses of European Election Results,B,title,I
", in: ",O,O,I
European Journal of Political Research,B,source,I
", Vol. ",O,O,I
8,B,volume,I
", S. ",O,O,I
3,B,fpage,I
-,O,O,I
44,B,lpage,I
".
",O,O,I
Roth,B,author,B
", ",I,author,I
Dieter,I,author,I
; ,O,O,I
Bernhard,B,author,I
 ,I,author,I
Kornelius,I,author,I
: ,O,O,I
Europa und die Deutschen: Die untypische Wahl am 13,B,title,I
. ,O,O,I
Juni,B,source,I
 ,O,O,I
2004,B,year,I
", in: ",O,O,I
Aus Politik und Zeitgeschichte,B,source,I
", B",O,O,I
17/2004,B,volume,I
", S. ",O,O,I
46,B,fpage,I
-,O,O,I
54,B,lpage,I
".
",O,O,I
Schmitt,B,author,B
", ",I,author,I
Herrmann,I,author,I
; ,O,O,I
Cees,B,author,I
 ,I,author,I
van den Eijk,I,author,I
 (,O,O,I
2003,B,year,I
): ,O,O,I
Die politische Bedeutung niedriger Beteiligungsraten bei Europawahlen. Eine empirische Studie über Motive der Nichtwahl,B,title,I
", in: ",O,O,I
"Brettschneider, Frank",B,editor,I
; ,O,O,I
Jan van Deth,B,editor,I
; ,O,O,I
Edeltraut Roller,B,editor,I
: ,O,O,I
Europäische Integration in der öffentlichen Meinung,B,source,I
", ",O,O,I
Opladen,B,other,I
", S. ",O,O,I
279,B,fpage,I
-,O,O,I
302,B,lpage,I
".
",O,O,I
Schönbach,B,author,B
", ",I,author,I
Klaus,I,author,I
 (,O,O,I
1995,B,year,I
): ,O,O,I
Der Beitrag der Medien zu Europa. Rezeption und Wirkung,B,title,I
", in: ",O,O,I
"Erbring, Lutz",B,editor,I
 (Hg.): ,O,O,I
Kommunikationsraum Europa,B,source,I
. ,O,O,I
Konstanz,B,other,I
. S. ,O,O,I
27,B,volume,I
-,O,O,I
38,B,fpage,I
".
",O,O,I
