token,tag,label,ref
Besanko,B,author,B
", ",I,author,I
 D.,I,author,I
 and ,O,O,I
D.,B,author,I
 ,I,author,I
Spulber,I,author,I
", ",O,O,I
1993,B,year,I
", ",O,O,I
Contested mergers and equilibrium antitrust policy,B,title,I
", ",O,O,I
"The Journal of Law, Economics and Organisation",B,source,I
",",O,O,I
9,B,volume,I
 (,O,O,I
1,B,issue,I
"),",O,O,I
1,B,fpage,I
-,O,O,I
29,B,lpage,I
".
",O,O,I
Bernheim,B,author,B
", ",I,author,I
D.,I,author,I
 and ,O,O,I
M.,B,author,I
 ,I,author,I
Whinston,I,author,I
", ",O,O,I
1986,B,year,I
", ",O,O,I
Common agency,B,title,I
", ",O,O,I
Econometrica,B,source,I
", ",O,O,I
54,B,volume,I
 (,O,O,I
4,B,issue,I
"), ",O,O,I
923,B,fpage,I
- ,O,O,I
942,B,lpage,I
".
",O,O,I
"Bond, E., (",O,O,I
1996,B,year,B
"),",O,O,I
 Competition Policy in Customs Unions: a Natural Experiment using State Level Antitrust Enforcement,B,title,I
", ",O,O,I
mimeo,B,other,I
", ",O,O,I
Penn State,B,other,I
".
",O,O,I
European Economy,B,editor,B
", ",O,O,I
1999,B,year,I
", ",O,O,I
"Merger and Acquisitions, Supplement A, Economic Trends",B,title,I
", ",O,O,I
2,B,issue,I
".
",O,O,I
Gellhorn,B,author,B
 ,I,author,I
E.,I,author,I
 and ,O,O,I
W.,B,author,I
 ,I,author,I
Kovacic,I,author,I
", ",O,O,I
1994,B,year,I
", ",O,O,I
Antitrust Law and Economics in a Nutshell,B,title,I
", ",O,O,I
West Publishing,B,publisher,I
", ",O,O,I
St. Paul,B,other,I
".
",O,O,I
Grossman,B,author,B
 ,I,author,I
G.,I,author,I
 and ,O,O,I
E.,B,author,I
 ,I,author,I
Helpman,I,author,I
", ",O,O,I
1994,B,year,I
", ",O,O,I
Protection for sale,B,title,I
", ",O,O,I
American Economic Review,B,source,I
", ",O,O,I
84,B,volume,I
(,O,O,I
4,B,issue,I
"), ",O,O,I
833,B,fpage,I
-,O,O,I
850,B,lpage,I
".
",O,O,I
