token,tag,label,ref
Alfredsson,B,author,B
 ,I,author,I
R,I,author,I
", ",O,O,I
Svensson,B,author,I
 ,I,author,I
E,I,author,I
", ",O,O,I
Trollfors,B,author,I
 ,I,author,I
B,I,author,I
", ",O,O,I
Borres,B,author,I
 ,I,author,I
MP,I,author,I
 (,O,O,I
2004,B,year,I
) ,O,O,I
"Why do parents hesitate to vaccinate their children against measles, mumps and rubella?",B,title,I
 ,O,O,I
Acta Paediatr,B,source,I
 ,O,O,I
93,B,volume,I
:,O,O,I
1232,B,fpage,I
–,O,O,I
1237,B,lpage,I
"
",O,O,I
Centers for Disease Control and Prevention (CDC),B,editor,B
 (,O,O,I
2003,B,year,I
) ,O,O,I
"Decline in annual incidence of varicella-selected states, 1990–2001",B,title,I
. ,O,O,I
MMWR Morb Mortal Wkly Rep,B,source,I
 ,O,O,I
52,B,volume,I
:,O,O,I
884,B,fpage,I
–,O,O,I
885,B,lpage,I
"
",O,O,I
Flanagan-Klygis,B,author,B
 ,I,author,I
EA,I,author,I
", ",O,O,I
Sharp,B,author,I
 ,I,author,I
L,I,author,I
", ",O,O,I
Frader,B,author,I
 ,I,author,I
JE,I,author,I
 (,O,O,I
2005,B,year,I
) ,O,O,I
Dismissing the family who refuses vaccines: a study of pediatrician attitudes,B,title,I
. ,O,O,I
Arch Padiatr Adolesc Med,B,source,I
 ,O,O,I
159,B,volume,I
:,O,O,I
929,B,fpage,I
–,O,O,I
934,B,lpage,I
"
",O,O,I
Fredrickson,B,author,B
 ,I,author,I
DD,I,author,I
",",O,O,I
 ,B,author,I
Davis,I,author,I
 ,I,author,I
TC,I,author,I
", ",O,O,I
Arnould,B,author,I
 ,I,author,I
CL,I,author,I
", ",O,O,I
Kennen,B,author,I
 ,I,author,I
EM,I,author,I
", ",O,O,I
Hurniston,B,author,I
 ,I,author,I
SG,I,author,I
", ",O,O,I
Cross,B,author,I
 ,I,author,I
JT,I,author,I
", ",O,O,I
Bocchini,B,author,I
 ,I,author,I
JA Jr,I,author,I
 (,O,O,I
2004,B,year,I
) ,O,O,I
Childhood immunization refusal: provider and parent perceptions,B,title,I
. ,O,O,I
Fam Med,B,source,I
 ,O,O,I
36,B,volume,I
:,O,O,I
431,B,fpage,I
–,O,O,I
439,B,lpage,I
"
",O,O,I
Freed,B,author,B
 ,I,author,I
GL,I,author,I
", ",O,O,I
Katz,B,author,I
 ,I,author,I
SL,I,author,I
", ",O,O,I
Clark,B,author,I
 ,I,author,I
SJ,I,author,I
 (,O,O,I
1996,B,year,I
) ,O,O,I
"Safety of vaccinations: Miss America, the media and the public health",B,title,I
. ,O,O,I
JAMA,B,source,I
 ,O,O,I
276,B,volume,I
:,O,O,I
1869,B,fpage,I
–,O,O,I
1872,B,lpage,I
 ,O,O,I
J Public Health,B,source,I
 (,O,O,I
2009,B,year,I
) ,O,O,I
17,B,volume,I
:,O,O,I
71,B,fpage,I
–,O,O,I
76,B,lpage,I
"
",O,O,I
Freed,B,author,B
 ,I,author,I
GL,I,author,I
", ",O,O,I
Clark,B,author,I
 ,I,author,I
SJ,I,author,I
", ",O,O,I
Hibbs,B,author,I
 ,I,author,I
BF,I,author,I
", ",O,O,I
Santoli,B,author,I
 ,I,author,I
JM,I,author,I
 (,O,O,I
2004,B,year,I
) ,O,O,I
Parental vaccine safety concerns. The experiences of pediatricians and family physicians,B,title,I
. ,O,O,I
Am J Prev Med,B,source,I
 ,O,O,I
26,B,volume,I
:,O,O,I
11,B,fpage,I
–,O,O,I
14,B,lpage,I
"
",O,O,I
Freeman,B,author,B
 ,I,author,I
VA,I,author,I
", ",O,O,I
Freed,B,author,I
 ,I,author,I
GL,I,author,I
 (,O,O,I
1999,B,year,I
) ,O,O,I
"Parental knowledge, attitudes and demand regarding a vaccine to prevent varicella",B,title,I
. ,O,O,I
Am J Prev Med,B,source,I
 ,O,O,I
17,B,volume,I
:,O,O,I
153,B,fpage,I
–,O,O,I
155,B,lpage,I
"
",O,O,I
Poland,B,author,B
 ,I,author,I
GA,I,author,I
", ",O,O,I
Jacobson,B,author,I
 ,I,author,I
RM,I,author,I
 (,O,O,I
2001,B,year,I
) ,O,O,I
Understanding those who do not understand: a brief review of the anti-vaccine movement,B,title,I
. ,O,O,I
Vaccine,B,source,I
 ,O,O,I
19,B,volume,I
:,O,O,I
2440,B,fpage,I
–,O,O,I
2445,B,lpage,I
"
",O,O,I
Rasch,B,author,B
 ,I,author,I
G,I,author,I
", ",O,O,I
Hellenbrand,B,author,I
 ,I,author,I
W,I,author,I
 (,O,O,I
2004,B,year,I
) ,O,O,I
Germany adds varicella vaccine to the National vaccination programme,B,title,I
. ,O,O,I
Eurosurveillance,B,source,I
 Vol. ,O,O,I
8,B,volume,I
", issue ",O,O,I
31,B,issue,I
. Available at: ,O,O,I
http://www.eurosurveillance.org/ew/2004/ 040729.asp,B,url,I
"
",O,O,I
Robert Koch-Institut,B,editor,B
 (,O,O,I
2004,B,year,I
a) ,O,O,I
Neue Empfehlungen der Ständigen Impfkommission veröffentlicht. Press release,B,title,I
. ,O,O,I
26 July,B,other,I
. ,O,O,I
http:// www.rki.de,B,url,I
"
",O,O,I
Robert Koch-Institut,B,editor,B
 (,O,O,I
2004,B,year,I
b) ,O,O,I
Empfehlungen der Ständigen Impfkommission (STIKO) am Robert Koch-Institut/Stand: Juli 2004,B,title,I
. ,O,O,I
Epidemiol Bull,B,source,I
 (,O,O,I
30,B,volume,I
):,O,O,I
235,B,fpage,I
–,O,O,I
250,B,lpage,I
"
",O,O,I
Salmon,B,author,B
 ,I,author,I
DA,I,author,I
", ",O,O,I
Moulton,B,author,I
 ,I,author,I
LH,I,author,I
", ",O,O,I
Omer,B,author,I
 ,I,author,I
SB,I,author,I
", ",O,O,I
deHart,B,author,I
 ,I,author,I
MP,I,author,I
", ",O,O,I
Stokley,B,author,I
 ,I,author,I
S,I,author,I
",",O,O,I
Halsey,B,author,I
 ,I,author,I
NA,I,author,I
 (,O,O,I
2005,B,year,I
) ,O,O,I
Factors associated with refusal of childhood vaccines among parents of school-aged children,B,title,I
. ,O,O,I
Arch Pediatr Adolesc Med,B,source,I
 ,O,O,I
159,B,volume,I
:,O,O,I
470,B,fpage,I
–,O,O,I
476,B,lpage,I
"
",O,O,I
Sengupta,B,author,B
 ,I,author,I
N,I,author,I
", ",O,O,I
Booy,B,author,I
 ,I,author,I
R,I,author,I
", ",O,O,I
Schmitt,B,author,I
 ,I,author,I
HJ,I,author,I
", ",O,O,I
Peltola,B,author,I
 ,I,author,I
H,I,author,I
", ",O,O,I
Van-Damme,B,author,I
 ,I,author,I
P,I,author,I
", ",O,O,I
Schumacher,B,author,I
 ,I,author,I
RF,I,author,I
", ",O,O,I
Campins,B,author,I
 ,I,author,I
M,I,author,I
", ",O,O,I
Rodrigo,B,author,I
 ,I,author,I
C,I,author,I
", ",O,O,I
Heikkinen,B,author,I
 ,I,author,I
T,I,author,I
", ",O,O,I
Seward,B,author,I
 ,I,author,I
J,I,author,I
", ",O,O,I
Jumaan,B,author,I
 ,I,author,I
A,I,author,I
", ",O,O,I
Finn,B,author,I
 A,I,author,I
",",O,O,I
Olcen,B,author,I
 ,I,author,I
P,I,author,I
", ",O,O,I
Thiry,B,author,I
 ,I,author,I
N,I,author,I
", ",O,O,I
Weil-Olivier,B,author,I
 ,I,author,I
C,I,author,I
", ",O,O,I
Breuer,B,author,I
 ,I,author,I
J,I,author,I
 (,O,O,I
2007,B,year,I
) ,O,O,I
Varicella vaccination in Europe: are we ready for a universal childhood programme?,B,title,I
 ,O,O,I
Eur J Pediatr,B,source,I
 ,O,O,I
167,B,volume,I
(,O,O,I
1,B,issue,I
):,O,O,I
47,B,fpage,I
–,O,O,I
55,B,lpage,I
", ",O,O,I
2008 Jan,B,other,I
"
",O,O,I
Taylor,B,author,B
 ,I,author,I
JA,I,author,I
", ",O,O,I
Newman,B,author,I
 ,I,author,I
RD,I,author,I
 (,O,O,I
2000,B,year,I
) ,O,O,I
Parental attitudes toward varicella vaccination,B,title,I
. ,O,O,I
Arch Pediatr Adolesc Med,B,source,I
 ,O,O,I
154,B,volume,I
:,O,O,I
302,B,fpage,I
–,O,O,I
306,B,lpage,I
"
",O,O,I
Taylor,B,author,B
 ,I,author,I
JA,I,author,I
", ",O,O,I
Darden,B,author,I
 ,I,author,I
PM,I,author,I
", ",O,O,I
Brooks,B,author,I
 ,I,author,I
DA,I,author,I
", ",O,O,I
Hendricks,B,author,I
 ,I,author,I
JW,I,author,I
", ",O,O,I
Wasserman,B,author,I
 ,I,author,I
RC,I,author,I
", ",O,O,I
Bocian,B,author,I
 ,I,author,I
AB,I,author,I
 (,O,O,I
2002,B,year,I
) ,O,O,I
Association between parents’ preferences and perceptions of barriers to vaccination and the immunization status of their children: a study from Pediatric Research in Office Settings and the National Medical Association,B,title,I
. ,O,O,I
Pediatrics,B,source,I
 ,O,O,I
110,B,volume,I
:,O,O,I
1110,B,fpage,I
–,O,O,I
1116,B,lpage,I
"
",O,O,I
Wolfe,B,author,B
 ,I,author,I
RM,I,author,I
", ",O,O,I
Sharp,B,author,I
 ,I,author,I
LK,I,author,I
", ",O,O,I
Lipsky,B,author,I
 ,I,author,I
MS,I,author,I
 (,O,O,I
2002,B,year,I
),O,O,I
 Content and design attributes of antivaccination websites,B,title,I
. ,O,O,I
JAMA,B,source,I
 ,O,O,I
287,B,volume,I
:,O,O,I
569,B,fpage,I
–,O,O,I
575,B,lpage,I
