token,tag,label,ref
1. ,O,O,I
American Psychiatric Association,B,editor,B
 (,O,O,I
1994,B,year,I
) ,O,O,I
Diagnostic and statistical manual of mental disorders,B,title,I
", ",O,O,I
4,B,issue,I
th edn. ,O,O,I
American Psychiatric Association,B,publisher,I
", ",O,O,I
"Washington, DC",B,other,I
"
",O,O,I
2. ,O,O,I
Anderson,B,author,B
 ,I,author,I
JC,I,author,I
", ",O,O,I
Williams,B,author,I
 ,I,author,I
S,I,author,I
", ",O,O,I
Mcgee,B,author,I
 ,I,author,I
R,I,author,I
", ",O,O,I
Silva,B,author,I
 ,I,author,I
PA,I,author,I
 (,O,O,I
1987,B,year,I
),O,O,I
 DSM-III disorders in preadolescent children: prevalence in a large sample from the general population,B,title,I
. ,O,O,I
Arch General Psychiatry,B,source,I
 ,O,O,I
44,B,volume,I
:,O,O,I
69,B,fpage,I
–,O,O,I
76,B,lpage,I
"
",O,O,I
3. ,O,O,I
Arcelus,B,author,B
 ,I,author,I
J,I,author,I
", ",O,O,I
Vostanis,B,author,I
 ,I,author,I
P,I,author,I
 (,O,O,I
2003,B,year,I
) ,O,O,I
Child psychiatric disorders among primary mental health service attenders,B,title,I
.,O,O,I
 Br J Gen Pract,B,source,I
 ,O,O,I
52,B,volume,I
:,O,O,I
214,B,fpage,I
–,O,O,I
216,B,lpage,I
"
",O,O,I
4. ,O,O,I
Brown,B,author,B
 ,I,author,I
TA,I,author,I
", ",O,O,I
Barlow,B,author,I
 ,I,author,I
DH,I,author,I
 (,O,O,I
2005,B,year,I
) D,O,O,I
imensional versus categorical classiﬁcation of mental disorders in the ﬁfth edition of the Diagnostic and statistical manual of mental Disorders and beyond: comment on the special section,B,title,I
. ,O,O,I
J Abnorm Psychol,B,source,I
 ,O,O,I
114,B,volume,I
:,O,O,I
551,B,fpage,I
–,O,O,I
556,B,lpage,I
"
",O,O,I
5. ,O,O,I
Cohen,B,author,B
 ,I,author,I
J,I,author,I
 (,O,O,I
1986,B,year,I
) ,O,O,I
Weighted kappa: nominal scale agreement with provision for scaled disagreement or partial credit,B,title,I
. ,O,O,I
Psychol Bull,B,source,I
 ,O,O,I
70,B,volume,I
:,O,O,I
213,B,fpage,I
–,O,O,I
220,B,lpage,I
"
",O,O,I
6. ,O,O,I
Cuthbert,B,author,B
 ,I,author,I
BN,I,author,I
 (,O,O,I
2005,B,year,I
) ,O,O,I
Dimensional models of psychopathology: research agenda and clinical utility,B,title,I
. ,O,O,I
J Abnorm Psychol,B,source,I
 ,O,O,I
114,B,volume,I
:,O,O,I
565,B,fpage,I
–,O,O,I
569,B,lpage,I
"
",O,O,I
7. ,O,O,I
Gerritzen,B,author,B
 ,I,author,I
HMJA,I,author,I
", ",O,O,I
Goor-Lambo,B,author,I
 ,I,author,I
G,I,author,I
", ",O,O,I
van Mussert,B,author,I
 ,I,author,I
PC,I,author,I
 (,O,O,I
1986,B,year,I
) ,O,O,I
Kinder- en jeugdpsychiatrische diagnostiek,B,title,I
. ,O,O,I
Boom,B,other,I
", ",O,O,I
Meppel,B,other,I
"
",O,O,I
8. ,O,O,I
Gillberg,B,author,B
 ,I,author,I
C,I,author,I
 (,O,O,I
2003,B,year,I
) ,O,O,I
"Deﬁcits in attention, motor control, and perception: a brief review",B,title,I
.,O,O,I
 Arch Dis Childhood,B,source,I
 ,O,O,I
88,B,volume,I
:,O,O,I
904,B,fpage,I
–,O,O,I
910,B,lpage,I
"
",O,O,I
9. ,O,O,I
Goldstein,B,author,B
 ,I,author,I
S,I,author,I
", ",O,O,I
Schwebach,B,author,I
 ,I,author,I
AJ,I,author,I
 (,O,O,I
2004,B,year,I
) ,O,O,I
The comorbidity of pervasive developmental disorder and attention deﬁcit hyperactivity disorder: results of a retrospective chart review,B,title,I
. ,O,O,I
J Autism Dev Disord,B,source,I
 ,O,O,I
34,B,volume,I
:,O,O,I
329,B,fpage,I
–,O,O,I
339,B,lpage,I
"
",O,O,I
10. ,O,O,I
Hartman,B,author,B
 ,I,author,I
CA,I,author,I
", ",O,O,I
Hox,B,author,I
 ,I,author,I
J,I,author,I
", ",O,O,I
Sergeant,B,author,I
 ,I,author,I
JA,I,author,I
 ,O,O,I
et al,B,other,I
 (,O,O,I
1999,B,year,I
) ,O,O,I
Syndrome dimensions of the child behavior checklist and the teacher report form: a critical empirical evaluation,B,title,I
. ,O,O,I
J Child Psychol Psychiatry,B,source,I
 ,O,O,I
7,B,volume,I
:,O,O,I
1095,B,fpage,I
–,O,O,I
1116,B,lpage,I
"
",O,O,I
11. ,O,O,I
Hudziak,B,author,B
 ,I,author,I
JJ,I,author,I
", ",O,O,I
Achenbach,B,author,I
 ,I,author,I
TM,I,author,I
", ",O,O,I
Althoff,B,author,I
 ,I,author,I
RR,I,author,I
", ",O,O,I
Pine,B,author,I
 ,I,author,I
DS,I,author,I
 (,O,O,I
2007,B,year,I
) ,O,O,I
A dimensional approach to developmental psychopathology,B,title,I
. ,O,O,I
Int J Methods Psychiatr Res,B,source,I
 ,O,O,I
16,B,volume,I
(,O,O,I
Suppl 1,B,issue,I
):,O,O,I
S16,B,volume,I
–,O,O,I
S23,B,lpage,I
"
",O,O,I
12. ,O,O,I
Kraemer,B,author,B
 ,I,author,I
HC,I,author,I
 (,O,O,I
2007,B,year,I
),O,O,I
 DSM categories and dimensions in clinical and research contexts,B,title,I
. ,O,O,I
Int J Methods Psychiatr Res,B,source,I
 ,O,O,I
16,B,volume,I
(,O,O,I
Suppl 1,B,issue,I
):,O,O,I
S8,B,fpage,I
–,O,O,I
S15,B,lpage,I
"
",O,O,I
13. ,O,O,I
Krueger,B,author,B
 ,I,author,I
RF,I,author,I
", ",O,O,I
Piasecki,B,author,I
 ,I,author,I
TM,I,author,I
 (,O,O,I
2002,B,year,I
) ,O,O,I
Toward a dimensional and psychometrically-informed approach to conceptualizing psychopathology,B,title,I
. ,O,O,I
Behav Res Ther,B,source,I
 ,O,O,I
40,B,volume,I
:,O,O,I
485,B,fpage,I
–,O,O,I
499,B,lpage,I
"
",O,O,I
14. ,O,O,I
Kupfer,B,author,B
 ,I,author,I
DJ,I,author,I
 (,O,O,I
2005,B,year,I
) ,O,O,I
Dimensional models for research and diagnosis: a current dilemma,B,title,I
. ,O,O,I
J Abnorm Psychol,B,source,I
 ,O,O,I
114,B,volume,I
:,O,O,I
557,B,fpage,I
– ,O,O,I
559,B,lpage,I
"
",O,O,I
15. ,O,O,I
Landis,B,author,B
 ,I,author,I
JR,I,author,I
", ",O,O,I
Koch,B,author,I
 ,I,author,I
GG,I,author,I
 (,O,O,I
1977,B,year,I
) ,O,O,I
The measurement of observer agreement for categorical data,B,title,I
. ,O,O,I
Biometrics,B,source,I
 ,O,O,I
33,B,volume,I
:,O,O,I
159,B,fpage,I
–,O,O,I
174,B,lpage,I
"
",O,O,I
16. ,O,O,I
Nathan,B,author,B
 ,I,author,I
PE,I,author,I
", ",O,O,I
Langenbucher,B,author,I
 ,I,author,I
JW,I,author,I
 (,O,O,I
1999,B,year,I
) ,O,O,I
Psychopathology: description and classiﬁcation,B,title,I
. ,O,O,I
Annu Rev Psychol,B,source,I
 ,O,O,I
50,B,volume,I
:,O,O,I
79,B,fpage,I
–,O,O,I
107,B,lpage,I
"
",O,O,I
17. ,O,O,I
Puerta,B,author,B
 ,I,author,I
IC,I,author,I
 (,O,O,I
2004,B,year,I
) ,O,O,I
Instruments for evaluating behavioural disorders,B,title,I
. ,O,O,I
Rev Neurol,B,source,I
 ,O,O,I
38,B,volume,I
:,O,O,I
271,B,fpage,I
–,O,O,I
277,B,lpage,I
"
",O,O,I
18. ,O,O,I
Renou,B,author,B
 ,I,author,I
S,I,author,I
", ",O,O,I
Hergueta,B,author,I
 ,I,author,I
T,I,author,I
", ",O,O,I
Flament,B,author,I
 ,I,author,I
M,I,author,I
", ",O,O,I
Mouren-Simeoni,B,author,I
 ,I,author,I
MC,I,author,I
", ",O,O,I
Lecrubier,B,author,I
 ,I,author,I
Y,I,author,I
 (,O,O,I
2004,B,year,I
) ,O,O,I
Diagnostic structured interviews in child and adolescent’s psychiatry,B,title,I
. ,O,O,I
Encephale,B,source,I
 ,O,O,I
30,B,volume,I
:,O,O,I
122,B,fpage,I
–,O,O,I
134,B,lpage,I
"
",O,O,I
19. ,O,O,I
Ruscio,B,author,B
 ,I,author,I
AM,I,author,I
 (,O,O,I
2008,B,year,I
) ,O,O,I
Important questions remain to be addressed before adopting a dimensional classiﬁcation of mental disorders,B,title,I
. ,O,O,I
Am Psychl,B,source,I
 ,O,O,I
63,B,volume,I
:,O,O,I
61,B,fpage,I
–,O,O,I
63,B,lpage,I
"
",O,O,I
20. ,O,O,I
Rutter,B,author,B
 ,I,author,I
M,I,author,I
", ",O,O,I
Shaffer,B,author,I
 ,I,author,I
D,I,author,I
", ",O,O,I
Shepherd,B,author,I
 ,I,author,I
M,I,author,I
 (,O,O,I
1975,B,year,I
) ,O,O,I
Multi-axial classiﬁcation of child psychiatric disorders. An evaluation of a proposal,B,title,I
. ,O,O,I
World Health Organisation,B,editor,I
", ",O,O,I
Geneva,B,other,I
"
",O,O,I
21. ,O,O,I
Rutter,B,author,B
 ,I,author,I
M,I,author,I
", ",O,O,I
Shaffer,B,author,I
 ,I,author,I
"D,",I,author,I
 ,O,O,I
Sturge,B,author,I
 ,I,author,I
C,I,author,I
 (,O,O,I
1979,B,year,I
) ,O,O,I
A guide to a multi-axial classiﬁcation scheme for psychiatric disorders in childhood and adolescents,B,title,I
", ",O,O,I
3,B,issue,I
rd edn. ,O,O,I
"Department of Child and Adolescent Psychiatry, Institute of Psychiatry",B,editor,I
", ",O,O,I
London,B,other,I
"
",O,O,I
22. ,O,O,I
Siegel,B,author,B
 ,I,author,I
S,I,author,I
", ",O,O,I
Castellan,B,author,I
 ,I,author,I
NJ,I,author,I
 (,O,O,I
1988,B,year,I
) ,O,O,I
Nonparametric statistics for the behavioural sciences,B,title,I
", ",O,O,I
2,B,issue,I
nd edn. ,O,O,I
McGraw-Hill,B,other,I
", ",O,O,I
Singapore,B,other,I
"
",O,O,I
23. ,O,O,I
Skovgaard,B,author,B
 ,I,author,I
AM,I,author,I
", ",O,O,I
Isager,B,author,I
 ,I,author,I
T,I,author,I
", ",O,O,I
Jø´rgensen,B,author,I
 ,I,author,I
OS,I,author,I
 (,O,O,I
1988,B,year,I
) ,O,O,I
The reliability of child psychiatric diagnosis,B,title,I
. ,O,O,I
Acta Psychiatrica Scand,B,source,I
 ,O,O,I
77,B,volume,I
:,O,O,I
469,B,fpage,I
–,O,O,I
476,B,lpage,I
"
",O,O,I
24. ,O,O,I
Steinhausen,B,author,B
 ,I,author,I
HC,I,author,I
", ",O,O,I
Erdin,B,author,I
 ,I,author,I
A,I,author,I
 (,O,O,I
1991,B,year,I
) ,O,O,I
The inter-rater reliability of child and adolescent psychiatric disorders in the ICD-10,B,title,I
. ,O,O,I
J Child Psychol Psychiatry,B,source,I
 ,O,O,I
32,B,volume,I
:,O,O,I
921,B,fpage,I
–,O,O,I
928,B,lpage,I
"
",O,O,I
