token,tag,label,ref
Büchel,B,author,B
", ",I,author,I
F.,I,author,I
", ",O,O,I
2000,B,year,I
: ,O,O,I
Institutseefkte bei Befragungen – Auswirkungen auf Datenqualität und Analyseergebnisse,B,title,I
. ,O,O,I
Allgemeines Statistisches Archiv ,B,source,I
84,B,volume,I
: ,O,O,I
417,B,fpage,I
-,O,O,I
446,B,lpage,I
".
",O,O,I
Blohm,B,author,B
", ",I,author,I
M.,I,author,I
", ",O,O,I
2006,B,year,I
: ,O,O,I
Datenqualität durch Stichprobenverfahren bei der Allgemeinen Bevölkerungsumfrage der Sozialwissenschaften – ALLBUS,B,title,I
. S. ,O,O,I
37,B,fpage,I
-,O,O,I
54 ,B,lpage,I
in: ,O,O,I
F. Faulbaum ,B,editor,I
und ,O,O,I
C. Wolf,B,editor,I
 (Hg.): ,O,O,I
Stichprobenqualität in Bevölkerungsumfragen,B,source,I
. ,O,O,I
Bonn,B,other,I
: ,O,O,I
GESIS,B,publisher,I
".
",O,O,I
Böltken,B,author,B
", ",O,O,I
F.,B,author,I
 und ,O,O,I
A.,B,author,I
 ,I,author,I
Gehring,I,author,I
", ",O,O,I
1984,B,year,I
: ,O,O,I
"Zur Empirie des Postmaterialismus – Quota und Random, Äpfel und Birnen, Kraut und Rüben",B,title,I
. ,O,O,I
ZA-Information,B,source,I
 ,O,O,I
15,B,volume,I
: ,O,O,I
38,B,fpage,I
-,O,O,I
52,B,lpage,I
. ,O,O,I
http://www.gesis.org/forschung-lehre/gesis-publikationen/zeitschriften/archiv/za-information/,B,url,I
 (,O,O,I
15.06.2009,B,other,I
").
",O,O,I
Böltken,B,author,B
", ",I,author,I
F.,I,author,I
 und ,O,O,I
W.,B,author,I
 ,I,author,I
Jagodzinski,I,author,I
", ",O,O,I
1984,B,year,I
: ,O,O,I
"Viel Lärm um nichts – Zur „Stillen Revolution"" in der Bundesrepublik Deutschland 1970-1980",B,title,I
. S. ,O,O,I
60,B,fpage,I
-,O,O,I
72,B,lpage,I
 in: ,O,O,I
A. Stiksrud,B,editor,I
 (Hg.): ,O,O,I
Jugend und Werte – Aspekte einer Politischen Psychologie des Jugendalters,B,source,I
. ,O,O,I
Weinheim,B,other,I
: ,O,O,I
Beltz,B,publisher,I
".
",O,O,I
Clarke,B,author,B
", ",I,author,I
H. D.,I,author,I
 und ,O,O,I
N,B,author,I
. ,I,author,I
Dutt,I,author,I
", ",O,O,I
1991,B,year,I
: ,O,O,I
Measuring value change in Western industrialized societies – The impact of unemployment,B,title,I
. ,O,O,I
The American Political Science Review,B,source,I
 ,O,O,I
85,B,volume,I
: ,O,O,I
905,B,fpage,I
-,O,O,I
920,B,lpage,I
".
",O,O,I
Cuzick,B,author,B
", ",I,author,I
J.,I,author,I
", ",O,O,I
1985,B,year,I
: ,O,O,I
A Wilcoxon-Type test for trend,B,title,I
. ,O,O,I
Statistics in Medicine,B,source,I
 ,O,O,I
4,B,volume,I
: ,O,O,I
87,B,fpage,I
-,O,O,I
89,B,lpage,I
".
",O,O,I
Davis,B,author,B
", ",I,author,I
D. W.,I,author,I
 und ,O,O,I
C.,B,author,I
 ,I,author,I
Davenport,I,author,I
", ",O,O,I
1999,B,year,I
: ,O,O,I
Assessing the validity of the postmaterialism index,B,title,I
. ,O,O,I
The American Political Science Review,B,source,I
 ,O,O,I
93,B,volume,I
: ,O,O,I
649,B,fpage,I
-,O,O,I
664,B,lpage,I
".
",O,O,I
Hanushek,B,author,B
", ",I,author,I
E.,I,author,I
", ",O,O,I
1974,B,year,I
: ,O,O,I
Ecfiient estimator for regressing regression coecfiients,B,title,I
. ,O,O,I
American Statistician,B,source,I
 ,O,O,I
28,B,volume,I
: ,O,O,I
66,B,fpage,I
-,O,O,I
67,B,lpage,I
".
",O,O,I
Heck,B,author,B
", ",I,author,I
R. H.,I,author,I
 und ,O,O,I
S. L.,B,author,I
 ,I,author,I
Thomas,I,author,I
", ",O,O,I
2000,B,year,I
: ,O,O,I
An introduction to multilevel modeling techniques,B,title,I
. ,O,O,I
Mahwah,B,other,I
: ,O,O,I
Erlbaum,B,publisher,I
".
",O,O,I
Homfeyer-Zlotnik,B,author,B
", ",I,author,I
J. H. P.,I,author,I
", ",O,O,I
1997,B,year,I
: ,O,O,I
Random-Route-Stichproben nach ADM,B,title,I
. S. ,O,O,I
33,B,fpage,I
-,O,O,I
42 ,B,lpage,I
in: ,O,O,I
S. Gabler,B,editor,I
 und ,O,O,I
J. H.P. Homfeyer-Zlotnik,B,editor,I
 (Hg.): ,O,O,I
Stichproben in der Umfragepraxis,B,source,I
. ,O,O,I
Opladen,B,other,I
: ,O,O,I
Westdeutscher Verlag,B,publisher,I
".
",O,O,I
Homfeyer-Zlotnik,B,author,B
", ",I,author,I
J. H.P.,I,author,I
", ",O,O,I
2006,B,year,I
: ,O,O,I
Stichprobenziehung in der Umfragepraxis – Die unterschied - lichen Ergebnisse von Zufallsstichproben in face-to-face-Umfragen,B,title,I
. S. ,O,O,I
19,B,fpage,I
-,O,O,I
36 ,B,lpage,I
in: ,O,O,I
F. Faulbaum,B,editor,I
 und ,O,O,I
C. Wolf,B,editor,I
 (Hg.): ,O,O,I
Stichprobenqualität in Bevölkerungsumfragen,B,source,I
. ,O,O,I
Bonn,B,other,I
: ,O,O,I
GESIS,B,publisher,I
".
",O,O,I
Huber,B,author,B
", ",I,author,I
J.,I,author,I
", ",O,O,I
Kernell,B,author,I
", ",I,author,I
G.,I,author,I
", und ",O,O,I
E.,B,author,I
 ,I,author,I
Leoni,I,author,I
", ",O,O,I
2005,B,year,I
: ,O,O,I
"Institutional context, cognitive resources and party attachments across democracies",B,title,I
. ,O,O,I
Political Analysis,B,source,I
 ,O,O,I
13,B,volume,I
: ,O,O,I
365,B,fpage,I
-,O,O,I
386,B,lpage,I
".
",O,O,I
Inglehart,B,author,B
", ",I,author,I
R.,I,author,I
", ",O,O,I
1971,B,year,I
: ,O,O,I
The silent revolution in Europe: Intergenerational change in post-industrial societies,B,title,I
. ,O,O,I
The American Political Science Review,B,source,I
 ,O,O,I
65,B,volume,I
: ,O,O,I
991,B,fpage,I
-,O,O,I
1017,B,lpage,I
".
",O,O,I
Inglehart,B,author,B
", ",I,author,I
R.,I,author,I
", ",O,O,I
1977,B,year,I
: ,O,O,I
The silent revolution – Changing values and political styles among Western publics,B,title,I
. ,O,O,I
Princeton,B,other,I
: ,O,O,I
Princeton University Press,B,publisher,I
".
",O,O,I
Inglehart,B,author,B
", ",I,author,I
R.,I,author,I
", ",O,O,I
1981,B,year,I
: ,O,O,I
Post-materialism in an environment of insecurity,B,title,I
. ,O,O,I
The American Political Science Review,B,source,I
 ,O,O,I
75,B,volume,I
: ,O,O,I
880,B,fpage,I
-,O,O,I
900,B,lpage,I
".
",O,O,I
Inglehart,B,author,B
", ",I,author,I
R.,I,author,I
 und ,O,O,I
P. R.,B,author,I
 ,I,author,I
Abramson,I,author,I
", ",O,O,I
1994,B,year,I
: ,O,O,I
Economic security and value change,B,title,I
. ,O,O,I
The American Political Science Review,B,source,I
 ,O,O,I
88,B,volume,I
: ,O,O,I
336,B,fpage,I
-,O,O,I
354,B,lpage,I
".
",O,O,I
Inglehart,B,author,B
", ",O,O,I
R.,B,author,I
 und ,O,O,I
P. R.,B,author,I
 ,I,author,I
Abramson,I,author,I
", ",O,O,I
1999,B,year,I
: ,O,O,I
Measuring postmaterialism,B,title,I
. ,O,O,I
The American Political Science Review,B,source,I
 ,O,O,I
93,B,volume,I
: ,O,O,I
665,B,fpage,I
-,O,O,I
677,B,lpage,I
".
",O,O,I
Küchler,B,author,B
", ",I,author,I
M.,I,author,I
", ",O,O,I
1984,B,year,I
: ,O,O,I
Eine sozio-demographische Beschreibung der Träger postmaterialistischer Einstellungen,B,title,I
. S. ,O,O,I
215,B,fpage,I
-,O,O,I
232 ,B,lpage,I
in: ,O,O,I
K. U. Mayer,B,editor,I
 und ,O,O,I
P. Schmidt,B,editor,I
 (Hg.): ,O,O,I
Allgemeine Bevölkerungsumfrage der Sozialwissenschaften – Beiträge zu methodischen Problemen des ALLBUS 1980,B,source,I
. ,O,O,I
Frankfurt,B,other,I
: ,O,O,I
Campus Verlag,B,publisher,I
".
",O,O,I
Kirschner,B,author,B
", ",I,author,I
H.-P.,I,author,I
", ",O,O,I
1984,B,year,I
: ,O,O,I
ALLBUS 1980 – Stichprobenplan und Gewichtung,B,title,I
. S. ,O,O,I
114,B,fpage,I
-,O,O,I
182 ,B,lpage,I
in: ,O,O,I
K. U. Mayer,B,editor,I
 und ,O,O,I
P. Schmidt,B,editor,I
 (Hg.): ,O,O,I
Allgemeine Bevölkerungsumfrage der Sozialwissenschaften – Beiträge zu methodischen Problemen des ALLBUS 1980,B,source,I
. ,O,O,I
Frankfurt,B,other,I
: ,O,O,I
Campus Verlag,B,publisher,I
".
",O,O,I
Kish,B,author,B
", ",I,author,I
L.,I,author,I
", ",O,O,I
1965,B,year,I
: ,O,O,I
Survey Sampling,B,title,I
. ,O,O,I
New York,B,other,I
: ,O,O,I
J. Wiley,B,publisher,I
".
",O,O,I
Klein,B,author,B
", ",I,author,I
M.,I,author,I
", ",O,O,I
2005,B,year,I
: ,O,O,I
Der Stellenwert von Persönlichkeitseigenschaften im Rahmen einer Theorie des Postmaterialismus,B,title,I
. S. ,O,O,I
265,B,fpage,I
-,O,O,I
278 ,B,lpage,I
in: ,O,O,I
S. Schumann,B,editor,I
 (Hg.): ,O,O,I
Persönlichkeit – eine vergessene Größe der empirischen Sozialforschung,B,source,I
. ,O,O,I
Wiesbaden,B,other,I
: ,O,O,I
VS Verlag für Sozialwissenschaften,B,publisher,I
".
",O,O,I
Klein,B,author,B
", ",I,author,I
M.,I,author,I
 und ,O,O,I
M.,B,author,I
 ,I,author,I
Pötschke,I,author,I
", ",O,O,I
2000,B,year,I
: ,O,O,I
Gibt es einen Wertewandel hin zum „reinen“ Postmaterialismus? Eine Zeitreihenanalyse der Wertorientierungen der westdeutschen Bevölkerung zwischen 1970 und 1997,B,title,I
. ,O,O,I
Zeitschrift für Soziologie,B,source,I
 ,O,O,I
29,B,volume,I
: ,O,O,I
202,B,fpage,I
-,O,O,I
216,B,lpage,I
".
",O,O,I
Koch,B,author,B
", ",O,O,I
A.,B,author,I
", ",O,O,I
1997,B,year,I
: ,O,O,I
ADM-Design und Einwohnermelderegister-Stichprobe-Stichprobenverfahren bei mündlichen Bevölkerungsumfragen,B,title,I
. S. ,O,O,I
99,B,fpage,I
-,O,O,I
116,B,lpage,I
 in: ,O,O,I
S. Gabler,B,editor,I
 und ,O,O,I
J. H. P. Homfey - er- Zlotnik,B,editor,I
 (Hg.): ,O,O,I
Stichproben in der Umfragepraxis,B,source,I
. ,O,O,I
Opladen,B,other,I
: ,O,O,I
Westdeutscher Verlag,B,publisher,I
".
",O,O,I
Koch,B,author,B
", ",O,O,I
A.,B,author,I
", ",O,O,I
2002,B,year,I
: ,O,O,I
20 Jahre Feldarbeit im ALLBUS – Ein Blick in die Blackbox,B,title,I
. ,O,O,I
ZUMA-Nachrichten,B,source,I
 ,O,O,I
51,B,volume,I
: ,O,O,I
9,B,fpage,I
-,O,O,I
37,B,lpage,I
. ,O,O,I
http://www.gesis.org/lfieadmin/upload/forschung/publikationen/zeit - schriften/zuma_nachrichten/zn_51.pdf,B,url,I
 (,O,O,I
15.07.2009,B,other,I
").
",O,O,I
Kohler,B,author,B
", ",I,author,I
U.,I,author,I
", ",O,O,I
1998,B,year,I
: ,O,O,I
Zur Attraktivität der Grünen bei Älteren Wählern,B,title,I
. ,O,O,I
Kölner Zeitschrift für Soziologie und Sozialpsychologie,B,source,I
 ,O,O,I
50,B,volume,I
: ,O,O,I
536,B,fpage,I
-,O,O,I
559,B,lpage,I
".
",O,O,I
Krebs,B,author,B
", ",O,O,I
D.,B,author,I
 und ,O,O,I
J.,B,author,I
 ,I,author,I
Hofrichter,I,author,I
", ",O,O,I
1989,B,year,I
: ,O,O,I
Materialismus-Postmaterialismus – Eefkte unterschiedli - cher Frageformulierungen bei der Messung des Konzeptes von Inglehart,B,title,I
. ,O,O,I
ZUMA-Nachrichten,B,source,I
 ,O,O,I
24,B,volume,I
: ,O,O,I
60,B,fpage,I
-,O,O,I
72,B,lpage,I
. ,O,O,I
http://www.gesis.org/lfieadmin/upload/forschung/publikationen/ zeitschriften/zuma_nachrichten/zn_24.pdf,B,url,I
 (,O,O,I
15.07.2009,B,other,I
").
",O,O,I
Kroh,B,author,B
", ",I,author,I
M.,I,author,I
", ",O,O,I
2008,B,year,I
: ,O,O,I
Wertewandel: Immer mehr Ost- und Westdeutsche ticken postmaterialistisch,B,title,I
. ,O,O,I
DIW Wochenbericht,B,source,I
 ,O,O,I
75,B,volume,I
: ,O,O,I
480,B,fpage,I
-,O,O,I
486,B,lpage,I
".
",O,O,I
Kruskal,B,author,B
", ",I,author,I
W. H.,I,author,I
 und ,O,O,I
W. A.,B,author,I
 ,I,author,I
Wallis,I,author,I
", ",O,O,I
1952,B,year,I
: ,O,O,I
Use of ranks in one-criterion variance analysis,B,title,I
. ,O,O,I
Journal of the American Statistical Association,B,source,I
 ,O,O,I
47,B,volume,I
: ,O,O,I
583,B,fpage,I
-,O,O,I
621,B,lpage,I
".
",O,O,I
Lewis,B,author,B
", ",I,author,I
J. B.,I,author,I
 und ,O,O,I
D. A.,B,author,I
 ,I,author,I
Linzer,I,author,I
", ",O,O,I
2005,B,year,I
: ,O,O,I
Estimating regression models in which the dependent variable is based on estimates,B,title,I
. ,O,O,I
Political Analysis,B,source,I
 ,O,O,I
13,B,volume,I
(,O,O,I
4,B,issue,I
): ,O,O,I
345,B,fpage,I
-,O,O,I
364,B,lpage,I
".
",O,O,I
Moschner,B,author,B
", ",O,O,I
M.,B,author,I
", ",O,O,I
2008,B,year,I
: ,O,O,I
Sampling and fieldwork in the standard Eurobarometer,B,title,I
. ,O,O,I
http://www. gesis.org/en/services/data/survey-data/eurobarometer-data-service/standard-specialeb/sampling-fieldwork/,B,url,I
 (,O,O,I
25.06.2009,B,other,I
").
",O,O,I
Pannenberg,B,author,B
", ",O,O,I
M.,B,author,I
", ",O,O,I
Pischner,B,author,I
", ",O,O,I
R.,B,author,I
", ",O,O,I
Rendtel,B,author,I
", ",O,O,I
U.,B,author,I
", ",O,O,I
Spiess,B,author,I
", ",O,O,I
M.,B,author,I
 und ,O,O,I
G.G.,B,author,I
 ,I,author,I
Wagner,I,author,I
", ",O,O,I
2005,B,year,I
: ,O,O,I
Sampling and weighting,B,title,I
. S. ,O,O,I
153,B,fpage,I
-,O,O,I
186 ,B,lpage,I
in: ,O,O,I
J. P. Haisken-DeNew,B,editor,I
 und ,O,O,I
J. R. Frick,B,editor,I
 (Hg.): ,O,O,I
Desktop companion to the German Socio-Economic Panel (SOEP),B,source,I
 – Version ,O,O,I
8.0,B,volume,I
", ",O,O,I
Berlin,B,other,I
: ,O,O,I
http://www.diw.de/ deutsch/sop/service/dtc/dtc.pdf,B,url,I
 (,O,O,I
28.06.09,B,other,I
").
",O,O,I
Rabe-Hesketh,B,author,B
", ",I,author,I
S.,I,author,I
 und ,O,O,I
A.,B,author,I
 ,I,author,I
Skrondal,I,author,I
", ",O,O,I
2008,B,year,I
: ,O,O,I
Multilevel and longitudinal modeling using stata,B,title,I
. ,O,O,I
College Station,B,other,I
: ,O,O,I
Stata Press,B,publisher,I
 (,O,O,I
2,B,volume,I
". Auflage).
",O,O,I
Raftery,B,author,B
", ",I,author,I
A.,I,author,I
", ",O,O,I
1995,B,year,I
: ,O,O,I
Bayesian model selection in social research,B,title,I
. ,O,O,I
Sociological Methodology,B,source,I
 ,O,O,I
25,B,volume,I
(,O,O,I
1,B,issue,I
): ,O,O,I
111,B,fpage,I
-,O,O,I
163,B,lpage,I
".
",O,O,I
Saris,B,author,B
", ",O,O,I
W. E.,B,author,I
 und ,O,O,I
M.,B,author,I
 ,I,author,I
Kaase,I,author,I
", ",O,O,I
1997,B,year,I
: ,O,O,I
The Eurobarometer – A tool for comparative survey research,B,title,I
. S. ,O,O,I
5,B,fpage,I
-,O,O,I
23 ,B,lpage,I
in ,O,O,I
W. E. Saris,B,editor,I
 und ,O,O,I
M. Kaase,B,editor,I
 (Hg.): ,O,O,I
Eurobarometer – Measurement instruments for opinions in Europe. ZUMA-Nachrichten Spezial,B,source,I
 ,O,O,I
2,B,volume,I
. ,O,O,I
Mannheim,B,other,I
: ,O,O,I
"Zentrum für Umfragen, Methoden und Analysen",B,publisher,I
. ,O,O,I
http://www.gesis.org/lfieadmin/upload/forschung/ publikationen/zeitschriften/zuma_nachrichten_spezial/znspezial2.pdf,B,url,I
 (,O,O,I
15.07.2009,B,other,I
").
",O,O,I
Schnell,B,author,B
", ",I,author,I
R.,I,author,I
", ",O,O,I
1993,B,year,I
: ,O,O,I
Die Homogenität sozialer Kategorien als Voraussetzung für „Repräsentativität“ und Gewichtungsverfahren,B,title,I
. ,O,O,I
Zeitschrift für Soziologie,B,source,I
 ,O,O,I
22,B,volume,I
(,O,O,I
1,B,issue,I
): ,O,O,I
16,B,fpage,I
-,O,O,I
32,B,lpage,I
".
",O,O,I
Schnell,B,author,B
",",I,author,I
 R.,I,author,I
", ",O,O,I
1997,B,year,I
: ,O,O,I
"Nonresponse in Bevölkerungsumfragen – Ausmaß, Entwicklung und Ursachen",B,title,I
. ,O,O,I
Opladen,B,other,I
: ,O,O,I
Leske u. Budrich,B,publisher,I
".
",O,O,I
Schnell,B,author,B
", ",O,O,I
R.,B,author,I
", ",O,O,I
2002,B,year,I
: ,O,O,I
Antworten auf Nonresponse. Vortrag auf dem XXXVII. Kongress der deutschen Martktforschung,B,title,I
. h,O,O,I
ttp://www.bvm.org/user/dokumente/kongress/schnell.pdf,B,url,I
 (,O,O,I
25.06.2009,B,other,I
").
",O,O,I
Schnell,B,author,B
", ",I,author,I
R.,I,author,I
", ",O,O,I
Hill,B,author,I
", ",I,author,I
P. B.,I,author,I
", und ",O,O,I
E.,B,author,I
 ,I,author,I
Esser,I,author,I
", ",O,O,I
2005,B,year,I
: ,O,O,I
Methoden der empirischen Sozialforschung,B,title,I
. ,O,O,I
München,B,other,I
/,O,O,I
Wien,B,other,I
: ,O,O,I
Oldenbourg ,B,publisher,I
(,O,O,I
7,B,volume,I
". Auflage).
",O,O,I
Schubert,B,author,B
", ",O,O,I
P.,B,author,I
 und ,O,O,I
A.,B,author,I
 ,I,author,I
Greil,I,author,I
", ",O,O,I
1997,B,year,I
: ,O,O,I
Sample design and consequences,B,title,I
. S. ,O,O,I
24,B,fpage,I
-,O,O,I
31 ,B,lpage,I
in: ,O,O,I
W. E. Saris,B,editor,I
 und ,O,O,I
M. Kaase,B,editor,I
 (Hg.): ,O,O,I
Eurobarometer – Measurement instruments for opinions in Europe. ZUMA-Nachrichten Spezial,B,source,I
 ,O,O,I
2,B,volume,I
. ,O,O,I
Mannheim,B,other,I
: ,O,O,I
"Zentrum für Umfragen, Methoden und Analysen",B,publisher,I
. ,O,O,I
http://www.gesis.org/lfieadmin/upload/forschung/publikationen/zeitschriften/ zuma_nachrichten_spezial/znspezial2.pdf,B,url,I
 (,O,O,I
15.07.2009,B,other,I
").
",O,O,I
Snijders,B,author,B
", ",I,author,I
T. A.,I,author,I
 und ,O,O,I
R. J.,B,author,I
 ,I,author,I
Bosker,I,author,I
", ",O,O,I
1999,B,year,I
: ,O,O,I
Multilevel Analysis – An introduction to basic and advanced multilevel modeling,B,title,I
. ,O,O,I
London,B,other,I
: ,O,O,I
Sage,B,publisher,I
.,O,O,I
