token,tag,label,ref
Ademczyk,B,author,B
", ",I,author,I
Grzegorz,I,author,I
; ,O,O,I
"Gostmann,",B,author,I
 ,I,author,I
Peter,I,author,I
 (,O,O,I
2007,B,year,I
): ,O,O,I
Polen zwischen Nation und Europa. Zur Konstruktion kollektiver Identität im polnischen Parlament,B,title,I
. ,O,O,I
Wiesbaden,B,other,I
: ,O,O,I
DUV,B,publisher,I
".
",O,O,I
"Bartolini,",B,author,B
 ,I,author,I
S.,I,author,I
 (,O,O,I
2004,B,year,I
): ,O,O,I
Old and New Peripheries in the Processes of European Territorial Integration,B,title,I
. In: ,O,O,I
"Ansell, C. K.",B,editor,I
; ,O,O,I
"Di Palma, G ",B,editor,I
(eds.): ,O,O,I
Restructuring Territoriality: Europe and the United States,B,source,I
"
",O,O,I
"Batory,",B,author,B
 ,I,author,I
Agnes,I,author,I
 (,O,O,I
2001,B,year,I
): ,O,O,I
Hungarian party identities and the question of European Integration,B,title,I
. ,O,O,I
Sussex European Institute Working Paper,B,url,I
 Nr. ,O,O,I
49,B,volume,I
. ,O,O,I
Cambridge,B,other,I
: ,O,O,I
Cambridge University Press,B,publisher,I
", pp. ",O,O,I
19,B,fpage,I
 - ,O,O,I
44,B,lpage,I
".
",O,O,I
"Goetz,",B,author,B
 ,I,author,I
Klaus H.,I,author,I
 (,O,O,I
2006,B,year,I
): ,O,O,I
"Territory, Temporality and Clustered Europeanization",B,title,I
. ,O,O,I
Political Science Series,B,source,I
 ,O,O,I
109,B,volume,I
. ,O,O,I
"Department of Political Science, Institute for Advanced Studies (IHS)",B,publisher,I
. ,O,O,I
Vienna,B,other,I
".
",O,O,I
Henderson,B,author,B
", ",I,author,I
Karen,I,author,I
. (,O,O,I
2001,B,year,I
): ,O,O,I
Euroscepticism or Europhobia: Opposition attitudes to the EU in the Slovak Republic,B,title,I
. ,O,O,I
Sussex,B,other,I
 ,O,O,I
European Institute Working Paper,B,source,I
 Nr. ,O,O,I
50,B,volume,I
".
",O,O,I
Kutter,B,author,B
", ",I,author,I
Amelie,I,author,I
; ,O,O,I
"Trappmann,",B,author,I
 ,I,author,I
Vera,I,author,I
 (,O,O,I
2006,B,year,I
): ,O,O,I
Das Erbe des Beitritts: Zur Analyse von Europäisierungseffekten in mittel- und osteuropäischen Gesellschaften,B,title,I
. In: ,O,O,I
"Kutter, Amelie",B,editor,I
;,O,O,I
" Trappmann, Vera",B,editor,I
 (eds.): ,O,O,I
Das Erbe des Beitritts. Europäisierung in Mittel- und Osteuropa. Europäische Schriften,B,source,I
", ",O,O,I
85,B,volume,I
. ,O,O,I
Baden-Baden,B,other,I
: ,O,O,I
Nomos,B,publisher,I
", pp. ",O,O,I
13,B,fpage,I
 - ,O,O,I
55,B,lpage,I
".
",O,O,I
"Lang,",B,author,B
 ,I,author,I
Kai-Olaf,I,author,I
 (,O,O,I
2006,B,year,I
): ,O,O,I
Europapolitik ohne Kompass. Polen sucht seinen Kurs in der EU,B,title,I
. In: ,O,O,I
Osteuropa,B,source,I
", ",O,O,I
56.,B,volume,I
 Jg. ,O,O,I
11-12/2006,B,issue,I
", pp. ",O,O,I
81,B,fpage,I
 - ,O,O,I
92,B,lpage,I
".
",O,O,I
Langenohl,B,author,B
", ",I,author,I
Andreas,I,author,I
; ,O,O,I
"Westphal,",B,author,I
 ,I,author,I
Kirsten,I,author,I
 (,O,O,I
2007,B,year,I
): ,O,O,I
"For Better or for Worse: Limits to Political, Economic and Cultural Sovereignty in East Central European conditioned Nation-States",B,title,I
. ,O,O,I
Paper for the ICCEES Regional Conference,B,source,I
", ",O,O,I
"Berlin, August 2 - 4, 2007",B,other,I
".
",O,O,I
"Leiber,",B,author,B
 ,I,author,I
Simone,I,author,I
 (,O,O,I
2007,B,year,I
): ,O,O,I
Transposition of EU Social Policy in Poland: Are there Different „Worlds of Compliance“ in East and West?,B,title,I
 In: ,O,O,I
Journal of European Social Policy,B,source,I
", ",O,O,I
17,B,volume,I
", ",O,O,I
4.,B,fpage,I
"
",O,O,I
Marks,B,author,B
", ",I,author,I
Gary,I,author,I
; ,O,O,I
Hooghe,B,author,I
", ",I,author,I
Liesbet,I,author,I
; ,O,O,I
Nelson,B,author,I
", ",I,author,I
Moira,I,author,I
; ,O,O,I
"Edwards,",B,author,I
 ,I,author,I
Erica,I,author,I
 (,O,O,I
2006,B,year,I
): ,O,O,I
"Party Competition and European Integration in the East and West. Different Structure, Same Causality",B,title,I
", in: ",O,O,I
Comparative Political Studies,B,source,I
. ,O,O,I
39,B,volume,I
/,O,O,I
2,B,issue,I
", pp. ",O,O,I
155,B,fpage,I
 - ,O,O,I
175,B,lpage,I
".
",O,O,I
"Marshall,",B,author,B
 ,I,author,I
Adam J.,I,author,I
 (,O,O,I
2005,B,year,I
): ,O,O,I
"Europeanization at the urban level: local actors, institutions and the dynamics of multi-level interaction",B,title,I
. In: ,O,O,I
Journal of European Public Policy,B,source,I
", ",O,O,I
12,B,volume,I
 (,O,O,I
4,B,issue,I
"), pp. ",O,O,I
668,B,fpage,I
 - ,O,O,I
686,B,lpage,I
".
",O,O,I
"Polanyi,",B,author,B
 ,I,author,I
Michael,I,author,I
 (,O,O,I
1985,B,year,I
): ,O,O,I
Implizites Wissen,B,title,I
. ,O,O,I
Suhrkamp-Taschenbuch Wissenschaft,B,source,I
", ",O,O,I
543,B,volume,I
", ",O,O,I
Frankfurt am Main,B,other,I
: ,O,O,I
Suhrkamp,B,publisher,I
".
",O,O,I
Taggert,B,author,B
", ",I,author,I
Paul,I,author,I
; ,O,O,I
"Szczerbiak,",B,author,I
 ,I,author,I
Aleks,I,author,I
 (,O,O,I
2004,B,year,I
): ,O,O,I
Contemporary Euroscepticism in the Party Systems of the European Union Candidate States of Central and Eastern Europe,B,title,I
. ,O,O,I
European Journal of Political Research,B,source,I
", ",O,O,I
43,B,volume,I
", ",O,O,I
1,B,issue,I
", S. ",O,O,I
1,B,fpage,I
 - ,O,O,I
27,B,lpage,I
".
",O,O,I
"Tömmel,",B,author,B
 ,I,author,I
Ingeborg,I,author,I
 (,O,O,I
2006,B,year,I
): ,O,O,I
Die Reform der Strukturpolitik der EU – Eine Reform europäischer Governance?,B,title,I
 In: ,O,O,I
"Kleinfeld, Ralf",B,editor,I
;,O,O,I
" Plamper, Harald",B,editor,I
; ,O,O,I
"Huber, Andreas",B,editor,I
 (Hrsg.): ,O,O,I
"Regional Governance. Steuerung, Koordination und Kommunikation in regionalen Netzwerken als neue Formen des Regierens.",B,source,I
 ,O,O,I
Göttingen,B,other,I
: ,O,O,I
V&R unipress,B,publisher,I
. S. ,O,O,I
183,B,fpage,I
 - ,O,O,I
200,B,lpage,I
".
",O,O,I
