token,tag,label,ref
Bahrdt,B,author,B
", ",I,author,I
Hans Paul,I,author,I
 (,O,O,I
1961,B,year,I
) ,O,O,I
Die moderne Großstadt. Soziologische Überlegungen zum Städtebau,B,title,I
. ,O,O,I
Hamburg,B,other,I
".
",O,O,I
Benevolo,B,author,B
", ",I,author,I
Leonardo,I,author,I
 (,O,O,I
1983,B,year,I
) ,O,O,I
Die Geschichte der Stadt,B,title,I
. ,O,O,I
Frankfurt,B,other,I
".
",O,O,I
Hecher,B,author,B
", ",I,author,I
Franz,I,author,I
 (,O,O,I
2001,B,year,I
) ,O,O,I
Max Webers Städtetypologie am Beispiel Nürnberg,B,title,I
. ,O,O,I
Magisterarbeit,B,other,I
. ,O,O,I
Wien,B,other,I
".
",O,O,I
Horkheimer,B,author,B
", ",I,author,I
Max,I,author,I
 (,O,O,I
1936,B,year,I
) ,O,O,I
Egoismus und Freiheitsbewegung. (Zur Anthropologie des bürgerlichen Zeitalters),B,title,I
. In: ,O,O,I
Zeitschrift für Sozialforschung,B,source,I
",",O,O,I
5,B,volume,I
". Jg., Heft ",O,O,I
2,B,issue,I
", ",O,O,I
161,B,fpage,I
-,O,O,I
234,B,lpage,I
".
",O,O,I
Poliakow,B,author,B
", ",I,author,I
Léon,I,author,I
 (,O,O,I
1979,B,year,I
),O,O,I
 Geschichte des Antisemitismus,B,source,I
. Bd. ,O,O,I
1,B,volume,I
: ,O,O,I
Von der Antike bis zu den Kreuzzügen,B,title,I
. ,O,O,I
Worms,B,other,I
".
",O,O,I
Riesman,B,author,B
", ",I,author,I
David,I,author,I
 ,O,O,I
et. al.,B,other,I
 (,O,O,I
1950,B,year,I
) ,O,O,I
The Lonely Crowd. A Study of the Changing American Character,B,title,I
. ,O,O,I
New Haven,B,other,I
".
",O,O,I
Schluchter,B,author,B
", ",I,author,I
Wolfgang,I,author,I
 (,O,O,I
1988,B,year,I
) ,O,O,I
Religion und Lebensführung,B,source,I
. Bd. ,O,O,I
2,B,volume,I
. ,O,O,I
Studien zu Max Webers Religions- und Herrschaftssoziologie,B,title,I
. ,O,O,I
Frankfurt,B,other,I
".
",O,O,I
Simmel,B,author,B
", ",I,author,I
Georg,I,author,I
 (,O,O,I
1994,B,year,I
) ,O,O,I
Philosophie des Geldes,B,title,I
. ,O,O,I
Frankfurt,B,other,I
".
",O,O,I
Weber,B,author,B
", ",I,author,I
Max,I,author,I
(,O,O,I
1921,B,year,I
) ,O,O,I
Die rationalen und soziologischen Grundlagen der Musik,B,title,I
. ,O,O,I
München,B,other,I
".
",O,O,I
Weber,B,author,B
", ",I,author,I
Max,I,author,I
(,O,O,I
1958,B,year,I
/ Orig. ,O,O,I
1923,B,year,I
) ,O,O,I
Wirtschaftsgeschichte. Abriss der universalen Sozial- und Wirtschaftsgeschichte,B,title,I
. ,O,O,I
Berlin,B,other,I
".
",O,O,I
Weber,B,author,B
", ",I,author,I
Max,I,author,I
(,O,O,I
1980,B,year,I
/ Orig. ,O,O,I
1922,B,year,I
) ,O,O,I
Wirtschaft und Gesellschaft. Grundriss der Verstehenden Soziologie,B,title,I
. ,O,O,I
Tübingen,B,other,I
".
",O,O,I
Weber,B,author,B
", ",I,author,I
Max,I,author,I
(,O,O,I
1988,B,year,I
a/ Orig. ,O,O,I
1894,B,year,I
) ,O,O,I
Die Börse,B,title,I
. In: Ders.: ,O,O,I
Gesammelte Aufsätze zur Soziologie und Sozialpolitik,B,source,I
. ,O,O,I
Tübingen,B,other,I
", ",O,O,I
256,B,fpage,I
-,O,O,I
322,B,lpage,I
".
",O,O,I
Weber,B,author,B
", ",I,author,I
Max,I,author,I
(,O,O,I
1988,B,year,I
b) ,O,O,I
Die protestantische Ethik und der Geist des Kapitalismus,B,title,I
. In: Ders.: ,O,O,I
Gesammelte Aufsätze zur Religionssoziologie I,B,source,I
. ,O,O,I
Tübingen,B,other,I
", ",O,O,I
17,B,fpage,I
-,O,O,I
205,B,lpage,I
".
",O,O,I
Weber,B,author,B
 ,I,author,I
Max,I,author,I
(,O,O,I
1988,B,year,I
c/ Orig. ,O,O,I
1920,B,year,I
) ,O,O,I
Gesammelte Aufsätze zur Religionssoziologie I,B,title,I
. ,O,O,I
Tübingen,B,other,I
".
",O,O,I
Weber,B,author,B
", ",I,author,I
Max,I,author,I
(,O,O,I
1988,B,year,I
d/ Orig. ,O,O,I
1921,B,year,I
) ,O,O,I
Gesammelte Aufsätze zur Religionssoziologie II,B,title,I
. ,O,O,I
Tübingen,B,other,I
.,O,O,I
