token,tag,label,ref
Bateson,B,author,B
", ",I,author,I
Gregory,I,author,I
(,O,O,I
1972,B,year,I
"), »",O,O,I
A Theory of Play and Fantasy,B,title,I
"«, in: ders. (Hg.), ",O,O,I
Steps to an Ecology of Mind,B,source,I
", ",O,O,I
New York,B,other,I
", S. ",O,O,I
177,B,fpage,I
–,O,O,I
193,B,lpage,I
".
",O,O,I
Beck,B,author,B
", ",I,author,I
Ulrich,I,author,I
(,O,O,I
1986,B,year,I
"), ",O,O,I
Risikogesellschaft. Auf dem Weg in eine andere Moderne,B,title,I
", ",O,O,I
Frankfurt a.M.,B,other,I
"
",O,O,I
Becker,B,author,B
", ",I,author,I
Barbara,I,author,I
(,O,O,I
1997,B,year,I
"), »",O,O,I
"Virtuelle Identitäten: Die Technik, das Subjekt und das Imaginäre",B,title,I
"«, in: ",O,O,I
"Becker, Barbara",B,editor,I
/,O,O,I
"Paetau, Michael",B,editor,I
 (Hg.): ,O,O,I
Virtualisierung des Sozialen. Die Informationsgesellschaft zwischen Fragmentierung und Globalisierung,B,source,I
", ",O,O,I
Frankfurt a.M.,B,other,I
", S. ",O,O,I
163,B,fpage,I
–,O,O,I
184,B,lpage,I
".
",O,O,I
Gleick,B,author,B
", ",I,author,I
John,I,author,I
(,O,O,I
1999,B,year,I
"), ",O,O,I
Faster. The Acceleration of Just About Everything,B,title,I
", ",O,O,I
New York,B,other,I
".
",O,O,I
Goffman,B,author,B
", ",I,author,I
Erving,I,author,I
(,O,O,I
2001,B,year,I
"), ",O,O,I
Wir alle spielen Theater,B,title,I
", ",O,O,I
München,B,other,I
".
",O,O,I
Goffman,B,author,B
", ",I,author,I
Erving,I,author,I
(,O,O,I
2000,B,year,I
"), ",O,O,I
Rahmen-Analyse. Ein Versuch über die Organisation von Alltagserfahrungen,B,title,I
", ",O,O,I
Frankfurt a.M.,B,other,I
"
",O,O,I
Gross,B,author,B
", ",I,author,I
Peter,I,author,I
(,O,O,I
1994,B,year,I
"), ",O,O,I
Die Multioptionsgesellschaft,B,title,I
", ",O,O,I
Frankfurt a.M.,B,other,I
"
",O,O,I
Hahn,B,author,B
", ",I,author,I
Alois,I,author,I
/,O,O,I
Willems,B,author,I
", ",I,author,I
Herbert,I,author,I
(,O,O,I
1998,B,year,I
"), »",O,O,I
"Zivilisation, Modernität, Theatralität: Identitäten und Identitätsdarstellungen",B,title,I
«; in: ,O,O,I
"Willems, Herbert",B,editor,I
 /,O,O,I
"Jurga, Martin",B,editor,I
" (Hg.), ",O,O,I
Inszenierungsgesellschaft,B,source,I
", ",O,O,I
Opladen,B,other,I
", S. ",O,O,I
193,B,fpage,I
–,O,O,I
213,B,lpage,I
".
",O,O,I
Hettlage,B,author,B
", ",I,author,I
Robert,I,author,I
(,O,O,I
2000,B,year,I
"), »",O,O,I
Identitäten im Umbruch. Selbstvergewisserungen auf alten und neuen Bühnen,B,title,I
"«, in: ",O,O,I
"Hettlage, Robert",B,editor,I
/,O,O,I
"Vogt, Ludgera",B,editor,I
" (Hg.), ",O,O,I
Identitäten in der modernen Welt,B,source,I
", ",O,O,I
Opladen,B,other,I
", S. ",O,O,I
9,B,fpage,I
–,O,O,I
51,B,lpage,I
".
",O,O,I
Misoch,B,author,B
", ",I,author,I
Sabina,I,author,I
(,O,O,I
2004,B,year,I
"a), ",O,O,I
Identitäten im Internet. Zur Selbstdarstellung auf privaten Homepages,B,title,I
", ",O,O,I
Konstanz,B,other,I
".
",O,O,I
Misoch,B,author,B
", ",I,author,I
Sabina,I,author,I
(,O,O,I
2004,B,year,I
"b), »",O,O,I
Selbstdarstellungen Jugendlicher auf privaten Homepages,B,title,I
"«, ",O,O,I
merz ,B,source,I
2004,B,volume,I
/,O,O,I
5,B,issue,I
", S. ",O,O,I
43,B,fpage,I
–,O,O,I
47,B,lpage,I
".
",O,O,I
Mummendey,B,author,B
", ",I,author,I
Hans-Dieter,I,author,I
 (,O,O,I
1995,B,year,I
"), ",O,O,I
Psychologie der Selbstdarstellung,B,title,I
", ",O,O,I
Göttingen,B,other,I
".
",O,O,I
Opaschowski,B,author,B
", ",I,author,I
Horst W.,I,author,I
 (,O,O,I
1999,B,year,I
"), ",O,O,I
Generation@. Die Medienrevolution entlässt ihre Kinder: Leben im Informationszeitalter,B,title,I
", ",O,O,I
Hamburg,B,other,I
/,O,O,I
Ostfildern,B,other,I
".
",O,O,I
Patzwaldt,B,author,B
", ",O,O,I
Klaus,B,author,I
(,O,O,I
2002,B,year,I
"), ",O,O,I
http://www.at-web.de/suchmaschinen/index.htm,B,url,I
 (,O,O,I
20.09.2005,B,other,I
").
",O,O,I
Rheingold,B,author,B
", ",I,author,I
Howard,I,author,I
 (,O,O,I
1996,B,year,I
"), ",O,O,I
Virtuelle Welten,B,title,I
", ",O,O,I
Reinbek,B,other,I
".
",O,O,I
Rogers,B,author,B
", ",I,author,I
Carl R.,I,author,I
 (,O,O,I
1991,B,year,I
"), ",O,O,I
Entwicklung der Persönlichkeit,B,title,I
", ",O,O,I
Stuttgart,B,other,I
".
",O,O,I
Sennett,B,author,B
", ",I,author,I
Richard,I,author,I
(,O,O,I
2000,B,year,I
"), ",O,O,I
Der flexible Mensch. Die Kultur des neuen Kapitalismus,B,title,I
", ",O,O,I
Berlin,B,other,I
".
",O,O,I
Turkle,B,author,B
", ",I,author,I
Sherry,I,author,I
(,O,O,I
1998,B,year,I
/,O,O,I
1995,B,year,I
"), ",O,O,I
Leben im Netz. Identität im Zeitalter des Internet,B,title,I
", ",O,O,I
Reinbek ,B,other,I
(orig. »,O,O,I
Life on the Screen,B,title,I
"«).
",O,O,I
Wallace,B,author,B
", ",I,author,I
Patricia M.,I,author,I
 (,O,O,I
1999,B,year,I
"), ",O,O,I
The Psychology of Internet,B,title,I
", ",O,O,I
New York,B,other,I
.,O,O,I
