token,tag,label,ref
Apitzsch,B,author,B
", ",I,author,I
Ursula,I,author,I
(,O,O,I
2003,B,year,I
"), »",O,O,I
Biographieforschung,B,title,I
"«, in: ",O,O,I
"Orth, Barbara",B,editor,I
/,O,O,I
"Schwietring, Thomas",B,editor,I
/,O,O,I
"Weiss, Johannes",B,editor,I
" (Hg.), ",O,O,I
Soziologische Forschung: Stand und Perspektiven,B,source,I
", ",O,O,I
Opladen,B,other,I
", S. ",O,O,I
95,B,fpage,I
–,O,O,I
110,B,lpage,I
".
",O,O,I
Juhasz,B,author,B
", ",I,author,I
Anne,I,author,I
/,O,O,I
Eva,B,author,I
Mey ,I,author,I
(,O,O,I
2003,B,year,I
"), ",O,O,I
Die zweite Generation: Etablierte oder Aussenseiter? Biographien von Jugendlichen ausländischer Herkunft,B,title,I
", ",O,O,I
Wiesbaden,B,other,I
".
",O,O,I
Kohli,B,author,B
", ",I,author,I
Martin,I,author,I
(,O,O,I
1981,B,year,I
"), »",O,O,I
Biographische Organisation als Handlungs- und Strukturproblem. Zu Fritz Schütze: ›Prozessstrukturen des Lebensablaufs‹,B,title,I
"«, in: ",O,O,I
"Matthes, Joachim",B,editor,I
/,O,O,I
"Pfeifenberger, Arno",B,editor,I
/ ,O,O,I
"Stosberg, Manfred",B,editor,I
" (Hg.), ",O,O,I
Biographie in handlungswissenschaftlicher Perspektive,B,source,I
", ",O,O,I
Erlangen,B,other,I
", S. ",O,O,I
157,B,fpage,I
–,O,O,I
168,B,lpage,I
".
",O,O,I
Kontos,B,author,B
", ",O,O,I
Maria,B,author,I
(,O,O,I
1997,B,year,I
"), »",O,O,I
Von der Gastarbeiterin zur Unternehmerin. Biographieanalytische Überlegungen zu einem sozialen Transformationsprozess,B,title,I
"«, ",O,O,I
Deutsch lernen,B,source,I
", Jg. ",O,O,I
4,B,volume,I
", S. ",O,O,I
275,B,fpage,I
–,O,O,I
290,B,lpage,I
".
",O,O,I
Kupferberg,B,author,B
", ",I,author,I
Feivel,I,author,I
(,O,O,I
2003,B,year,I
"), »",O,O,I
The Established and the Newcomers: What Makes Immigrant and Women Entrepreneurs so Special?,B,title,I
" «, ",O,O,I
International Review of Sociology,B,source,I
", Jg. ",O,O,I
13,B,volume,I
", H. ",O,O,I
1,B,issue,I
", S. ",O,O,I
89,B,fpage,I
–,O,O,I
104,B,lpage,I
".
",O,O,I
Mecheril,B,author,B
", ",I,author,I
Paul,I,author,I
(,O,O,I
2000,B,year,I
"), »",O,O,I
"Ist doch egal, was man macht, man ist aber trotzdem ’n Ausländer – Formen von Rassismuserfahrungen",B,title,I
"«, in: ",O,O,I
"Buschkremer, Hansjosef",B,editor,I
/,O,O,I
"Bukow, WolfDietrich",B,editor,I
/,O,O,I
"Emmerich, Michaela",B,editor,I
" (Hg.), ",O,O,I
Die Familie im Spannungsfeld globaler Mobilität. Zur Konstruktion ethnischer Minderheiten im Kontext der Familie,B,source,I
", ",O,O,I
Opladen,B,other,I
", S. ",O,O,I
119,B,fpage,I
–,O,O,I
142,B,lpage,I
".
",O,O,I
Schütze,B,author,B
", ",I,author,I
Fritz,I,author,I
(,O,O,I
1981,B,year,I
"), »",O,O,I
Prozessstrukturen des Lebensablaufs,B,title,I
"«, in: ",O,O,I
"Matthes, Joachim",B,editor,I
/,O,O,I
"Pfeifenberger, Arno",B,editor,I
/,O,O,I
"Stosberg, Manfred",B,editor,I
" (Hg.), ",O,O,I
Biographie in handlungswissenschaftlicher Perspektive,B,source,I
. ,O,O,I
Erlangen,B,other,I
", S. ",O,O,I
67,B,fpage,I
–,O,O,I
156,B,lpage,I
".
",O,O,I
Schütze,B,author,B
", ",I,author,I
Fritz,I,author,I
(,O,O,I
1996,B,year,I
"), »",O,O,I
Verlaufskurven des Erleidens als Forschungsgegenstand der interpretativen Soziologie,B,title,I
"«, in: ",O,O,I
"Krüger, Heinz-Hermann",B,editor,I
/,O,O,I
"Marotzki, Winfried",B,editor,I
" (Hg.), ",O,O,I
Erziehungswissenschaftliche Biographieforschung,B,source,I
", ",O,O,I
Opladen,B,other,I
", S. ",O,O,I
116,B,fpage,I
–,O,O,I
157,B,lpage,I
".
",O,O,I
Schütze,B,author,B
", ",I,author,I
Fritz,I,author,I
(,O,O,I
2001,B,year,I
"), »",O,O,I
Ein biographieanalytischer Beitrag zum Verständnis von kreativen Veränderungsprozessen. Die Kategorie der Wandlung,B,title,I
"«, in: ",O,O,I
Roland Burkholz,B,editor,I
/,O,O,I
Christel Gärtner,B,editor,I
/ ,O,O,I
Ferdinand Zehentreiter,B,editor,I
" (Hg.), ",O,O,I
Materialität des Geistes. Zur Sache Kultur – im Diskurs mit Ulrich Oevermann,B,source,I
", ",O,O,I
Weilerswit,B,other,I
", S. ",O,O,I
137,B,fpage,I
–,O,O,I
162,B,lpage,I
".
",O,O,I
Wohlrab-Sahr,B,author,B
", ",I,author,I
Monika,I,author,I
(,O,O,I
1992,B,year,I
"), »",O,O,I
Über den Umgang mit biographischer Unsicherheit – Implikationen der ›Modernisierung der Moderne‹,B,title,I
"«, ",O,O,I
Soziale Welt,B,source,I
", Jg. ",O,O,I
43,B,volume,I
", H. ",O,O,I
2,B,issue,I
", S. ",O,O,I
217,B,fpage,I
–,O,O,I
236,B,lpage,I
".
",O,O,I
Zinn,B,author,B
", ",I,author,I
Jens,I,author,I
/,O,O,I
Esser,B,author,I
", ",I,author,I
Felicitas,I,author,I
(,O,O,I
2001,B,year,I
"), ",O,O,I
Biographische Sicherheitskonstruktionen in der reflexiven Moderne,B,title,I
", Arbeitspapier ",O,O,I
6 ,B,volume,I
des,O,O,I
 SFB 536,B,editor,I
 ›,O,O,I
Reflexive Modernisierung,B,source,I
"‹, ",O,O,I
München,B,other,I
.,O,O,I
