token,tag,label,ref
Antonovsky,B,author,B
", ",O,O,I
Aaron ,B,author,I
(,O,O,I
1997,B,year,I
"), ",O,O,I
Salutogenese. Zur Entmystifizierung der Gesundheit,B,title,I
", hg. v. ",O,O,I
Alexa Franke,B,editor,I
", ",O,O,I
Tübingen,B,other,I
".
",O,O,I
Aretz,B,author,B
", ",I,author,I
Hans-Jürgen,I,author,I
/,O,O,I
Hansen,B,author,I
", ",I,author,I
Katrin,I,author,I
 (,O,O,I
2002,B,year,I
"), ",O,O,I
"Diversity und Diversity Management im Unternehmen. Eine Analyse aus systemtheoretischer Sicht, ",B,title,I
Münster/Hamburg/London,B,other,I
".
",O,O,I
Bambach,B,author,B
", ",I,author,I
Marco,I,author,I
/,O,O,I
Kuhn,B,author,I
", ",I,author,I
Christine,I,author,I
 (,O,O,I
2006,B,year,I
"), ",O,O,I
»Menschliche Vielfalt birgt Chancen«,B,title,I
", ",O,O,I
Neue Caritas,B,source,I
", ",O,O,I
Jg.,B,other,I
 ,O,O,I
107,B,volume,I
", H. ",O,O,I
11,B,issue,I
", S. ",O,O,I
23,B,fpage,I
- ,O,O,I
25,B,lpage,I
".
",O,O,I
Barker,B,author,B
", ",I,author,I
Roger G.,I,author,I
 (,O,O,I
1968,B,year,I
"), ",O,O,I
Ecological Psychology: Concepts and Methods for Studying the Environment of Human Behavior,B,title,I
", ",O,O,I
"Stanford, Ca",B,other,I
".
",O,O,I
Barker,B,author,B
", ",O,O,I
Roger G.,B,author,I
 ,O,O,I
u.a.,B,other,I
 (,O,O,I
1978,B,year,I
"), ",O,O,I
"Habitats, Environments, and Human Behavior: Studies in Ecological Psychology and Eco-Behavioral Science from the Midwest Psychological Field Station,",B,title,I
 ,O,O,I
1947- 1972,B,other,I
", ",O,O,I
San Francisco,B,other,I
".
",O,O,I
Bartz,B,author,B
", ",O,O,I
Elke,B,author,I
 (,O,O,I
2006,B,year,I
"), ",O,O,I
»Das Persönliche Budget. Ein Handbuch für Leistungsberechtigte. Von A wie Antragstellung bis Z wie Zielvereinbarung«,B,title,I
", in: ",O,O,I
www.forsea.de,B,url,I
 (,O,O,I
1. Juli 2007,B,other,I
").
",O,O,I
Bericht der Bundesregierung ,B,editor,B
(,O,O,I
2004,B,year,I
"), ",O,O,I
Über die Lage behinderter Menschen und die Entwicklung ihrer Teilhabe,B,title,I
", ",O,O,I
Deutscher Bundestag Drucksache 15/4575 vom 18. Dezember,B,source,I
 ,O,O,I
2004,B,year,I
".
",O,O,I
Bronfenbrenner,B,author,B
", ",I,author,I
Urie,I,author,I
 (,O,O,I
1981,B,year,I
"), ",O,O,I
Die Ökologie der menschlichen Entwicklung,B,title,I
. ,O,O,I
Natürliche und geplante Experimente,B,source,I
", ",O,O,I
Stuttgart,B,other,I
".
",O,O,I
Clark,B,author,B
", ",I,author,I
John,I,author,I
/,O,O,I
Newman,B,author,I
", ",I,author,I
Janet,I,author,I
 (,O,O,I
1997,B,year,I
"), ",O,O,I
"The Managerial State. Power, Politics and Ideology in the Remaking of Social Welfare",B,title,I
", ",O,O,I
London,B,other,I
".
",O,O,I
Cox,B,author,B
", ",I,author,I
Taylor H.,I,author,I
 (,O,O,I
1993,B,year,I
"), ",O,O,I
Cultural »diversity« in Organizations,B,title,I
. ,O,O,I
"Theory, Research and Practice",B,source,I
", ",O,O,I
San Francisco,B,other,I
".
",O,O,I
Department of Health,B,editor,B
 (,O,O,I
2005,B,year,I
"), ",O,O,I
"»Community Care Statistics 2003- 04. Referrals, Assessments and Packages of Care for Adults: Report of Findings from the 2003- 04 RAP Collection –Information for England for the Period 1 April 2003 to 31 March 2004«",B,title,I
", in: ",O,O,I
http://www.dh.gov.uk/PublicationsAndStatistics/Publications/PublicationsStatistics/Article,B,url,I
 (,O,O,I
1. Juli 2007,B,other,I
").
",O,O,I
Gerber,B,author,B
", ",I,author,I
Uwe,I,author,I
/,O,O,I
von Stünzner,B,author,I
", ",I,author,I
Wilfried,I,author,I
 (,O,O,I
1999,B,year,I
"),",O,O,I
" »Entstehung, Entwicklung und Aufgaben der Gesundheitswissenschaften«",B,title,I
", in: ",O,O,I
"Hurrelmann, Klaus",B,editor,I
" (Hg.), ",O,O,I
Gesundheitswissenschaften,B,source,I
", ",O,O,I
Berlin/ Heidelberg/New York,B,other,I
", S. ",O,O,I
9,B,fpage,I
- ,O,O,I
64,B,lpage,I
".
",O,O,I
Gilbert,B,author,B
", ",I,author,I
Jacqueline A,I,author,I
./,O,O,I
Stead,B,author,I
", ",I,author,I
Bette A.,I,author,I
/,O,O,I
Ivancevich,B,author,I
", ",I,author,I
John M.,I,author,I
 (,O,O,I
1999,B,year,I
"), ",O,O,I
»›Diversity Management‹: A New Organizational Paradigm«,B,title,I
", ",O,O,I
"Journal of Business Ethics, ",B,source,I
Jg.,B,other,I
 ,O,O,I
21,B,volume,I
", S. ",O,O,I
61,B,fpage,I
- ,O,O,I
76,B,lpage,I
".
",O,O,I
Goffman,B,author,B
", ",I,author,I
Erving ,I,author,I
(,O,O,I
1963,B,year,I
"), ",O,O,I
"Stigma. Über Techniken der Bewältigung beschädigter Identität, ",B,title,I
Frankfurt a.M,B,other,I
".
",O,O,I
Greve,B,author,B
", ",I,author,I
Werner,I,author,I
 (,O,O,I
2005,B,year,I
"), ",O,O,I
»Die Entwicklung von Selbst und Persönlichkeit im Erwachsenenalter«,B,title,I
", in: ",O,O,I
"Filipp, Sigrun-Heide",B,editor,I
/,O,O,I
"Staudinger, Ursula M.",B,editor,I
" (Hg.), ",O,O,I
"Entwicklungspsychologie des mittleren und höheren Erwachsenenalters. Enzyklopädie der Psychologie, ",B,source,I
Bd. ,O,O,I
6,B,volume,I
", ",O,O,I
Göttingen,B,other,I
", S. ",O,O,I
343,B,fpage,I
- ,O,O,I
380,B,lpage,I
".
",O,O,I
Health Research Board Ireland,B,editor,B
 (Hg.)(,O,O,I
2003,B,year,I
"), ",O,O,I
National Intellectual Disability Database,B,title,I
. ,O,O,I
Annual Report of the National Intellectual Disability Database Committee,B,source,I
 ,O,O,I
2001,B,year,I
", ",O,O,I
Dublin,B,other,I
".
",O,O,I
Jackson,B,author,B
", ",I,author,I
Susan E.,I,author,I
 (,O,O,I
1996,B,year,I
"), ",O,O,I
»The Consequences of Diversity in Multidisciplinary Work Teams«,B,title,I
", in: ",O,O,I
"West, Michael A.",B,editor,I
" (Hg.), ",O,O,I
Handbook of Work Group Psychology,B,source,I
", ",O,O,I
Chichester,B,other,I
", S. ",O,O,I
53,B,fpage,I
- ,O,O,I
75,B,lpage,I
".
",O,O,I
Kaminski,B,author,B
", ",I,author,I
Gerhard,I,author,I
 (,O,O,I
1989,B,year,I
"), »",O,O,I
Behinderung in ökologisch-psychologischer Perspektive«,B,title,I
", in: ",O,O,I
"Neumann, Johannes",B,editor,I
" (Hg.), ",O,O,I
»Behinderung«. Von der Vielfalt eines Begriffs und dem Umgang damit,B,source,I
", ",O,O,I
Tübingen,B,other,I
", S. ",O,O,I
44,B,fpage,I
- ,O,O,I
74,B,lpage,I
".
",O,O,I
Kruse,B,author,B
", ",I,author,I
Andreas,I,author,I
 (,O,O,I
2006,B,year,I
"), ",O,O,I
»Kompetenzformen bei älteren Menschen mit geistiger Behinderung«,B,title,I
", in: ",O,O,I
"Krüger, Fritz",B,editor,I
/,O,O,I
"Degen, Johannes",B,editor,I
" (Hg.), ",O,O,I
"Das Alter behinderter Menschen, ",B,source,I
Freiburg i.Br,B,other,I
"., S. ",O,O,I
118,B,fpage,I
- ,O,O,I
146,B,lpage,I
".
",O,O,I
Lawton,B,author,B
", ",I,author,I
M.Powell,I,author,I
 (,O,O,I
1989,B,year,I
"), ",O,O,I
»Three Functions of the Residential Environment«,B,title,I
", in: ",O,O,I
"Pastalan, Leon A.",B,editor,I
/,O,O,I
"Cowart, Marie E.",B,editor,I
" (Hg.), ",O,O,I
Lifestyles and Housing of Older Adults: The Florida Experience,B,title,I
", ",O,O,I
New York,B,other,I
", S. ",O,O,I
35,B,fpage,I
- ,O,O,I
50,B,lpage,I
".
",O,O,I
Lawton,B,author,B
", ",I,author,I
M. Powell,I,author,I
/,O,O,I
Nahemow,B,author,I
", ",I,author,I
L.,I,author,I
 (,O,O,I
1973,B,year,I
"), ",O,O,I
»Ecology and the Aging Process«,B,title,I
", in: ",O,O,I
"Eisdorfer, C.",B,editor,I
/ ,O,O,I
"Lawton, M. P.",B,editor,I
" (Hg.), ",O,O,I
The Psychology of Adult Development and Aging,B,source,I
", ",O,O,I
"Washington, DC",B,other,I
", S. ",O,O,I
619,B,fpage,I
- ,O,O,I
674,B,lpage,I
".
",O,O,I
Luhmann,B,author,B
", ",I,author,I
Niklas,I,author,I
 (,O,O,I
1994,B,year,I
"), ",O,O,I
"Soziologische Aufklärung, 4. Beiträge zur funktionalen Differenzierung der Gesellschaft",B,title,I
", ",O,O,I
Opladen,B,other,I
".
",O,O,I
Mead,B,author,B
", ",I,author,I
Georg Herbert,I,author,I
 ,I,author,I
(,O,O,I
1934,B,year,I
"), ",O,O,I
"Mind, Self, and Society",B,title,I
", ",O,O,I
Chicago,B,other,I
".
",O,O,I
Metzler,B,author,B
", ",I,author,I
Heidrun,I,author,I
/,O,O,I
Wacker,B,author,I
", ",I,author,I
Elisabeth,I,author,I
 (,O,O,I
2001,B,year,I
"), ",O,O,I
»Behinderung«,B,title,I
", in: ",O,O,I
"Otto, Hans-Uwe",B,editor,I
/,O,O,I
"Thiersch, Hans",B,editor,I
" (Hg.), ",O,O,I
Handbuch Sozialarbeit/Sozialpädagogik,B,source,I
", ",O,O,I
Neuwied/Kriftel,B,other,I
", S. ",O,O,I
118,B,fpage,I
- ,O,O,I
139,B,lpage,I
".
",O,O,I
Parsons,B,author,B
", ",I,author,I
Talcott,I,author,I
 (,O,O,I
1969,B,year,I
"), ",O,O,I
>Full Citizenship for the Negro American?«,B,title,I
", in: Ders., ",O,O,I
Politics and Social Structure,B,source,I
", ",O,O,I
New York,B,other,I
", S. ",O,O,I
252,B,fpage,I
- ,O,O,I
291,B,lpage,I
".
",O,O,I
Ratzka,B,author,B
", ",O,O,I
Adolf,B,author,I
 (,O,O,I
1996,B,year,I
"), ",O,O,I
»Betreuung oder Selbstbestimmung: Zur Lage von Menschen mit Behinderungen in Schweden«,B,title,I
", in: ",O,O,I
http://www.independentliving.org/docs4/ratzka96a.html,B,url,I
 (,O,O,I
15. August 2002,B,other,I
").
",O,O,I
Rhodes,B,author,B
", ",I,author,I
Jennifer M.,I,author,I
 (,O,O,I
1999,B,year,I
"), ",O,O,I
»Making the Business Case for Diversity in American Companies«,B,title,I
", ",O,O,I
Personalführung,B,source,I
", ",O,O,I
Jg.,B,other,I
 ,O,O,I
35,B,volume,I
", H. ",O,O,I
5,B,issue,I
", S. ",O,O,I
22,B,fpage,I
- ,O,O,I
26,B,lpage,I
".
",O,O,I
Rizzi,B,author,B
", ",I,author,I
Elisabeth,I,author,I
 (,O,O,I
2006,B,year,I
"), ",O,O,I
»Am besten leben Behinderte in Dänemark. Assistenzmodelle in anderen Ländern«,B,title,I
", ",O,O,I
Curviva,B,source,I
", H. ",O,O,I
10,B,issue,I
", S. ",O,O,I
6,B,fpage,I
- ,O,O,I
11,B,lpage,I
".
",O,O,I
Socialstyrelsen (National Board of Health and Welfare),B,editor,B
(,O,O,I
2002,B,year,I
"), ",O,O,I
»Social Services in Sweden 1999. Needs – Interventions – Development«,B,title,I
", in: ",O,O,I
www.sos.se/fulltext/0077-018/kap6.htm,B,url,I
 (,O,O,I
20.August 2002,B,other,I
").
",O,O,I
SGB IX - Sozialgesetzbuch,B,editor,B
 – ,O,O,I
Neuntes Buch – Rehabilitation und Teilhabe behinderter Menschen,B,title,I
", ",O,O,I
19. Juni ,B,other,I
2001,B,year,I
", ",O,O,I
Bundesgesetzesblatt,B,source,I
 ,O,O,I
I,B,volume,I
", ",O,O,I
1046,B,fpage,I
".
",O,O,I
"Steinhauer, Regine",B,editor,B
 (Hg.)(,O,O,I
2000,B,year,I
"), ",O,O,I
Managing Diversity,B,other,I
", ",O,O,I
Berlin,B,other,I
".
",O,O,I
Thomas,B,author,B
", ",I,author,I
R. Roosevelt,I,author,I
 (,O,O,I
1996,B,year,I
"), ",O,O,I
Redefinig Diversity,B,title,I
", ",O,O,I
New York,B,other,I
".
",O,O,I
Thomas,B,author,B
", ",O,O,I
R. Roosevelt,B,author,I
/,O,O,I
Woodruff,B,author,I
", ",I,author,I
Marjorie I.,I,author,I
 (,O,O,I
1999,B,year,I
"), ",O,O,I
Building a House for Diversity,B,title,I
", ",O,O,I
New York,B,other,I
".
",O,O,I
Uexküll,B,author,B
", ",I,author,I
Jacob von,I,author,I
 (,O,O,I
1909,B,year,I
"), ",O,O,I
Umwelt und Innenwelt der Tiere,B,title,I
", ",O,O,I
Berlin,B,other,I
".
",O,O,I
Wacker,B,author,B
", ",I,author,I
Elisabeth,I,author,I
 (,O,O,I
1995,B,year,I
"), ",O,O,I
»Wege zur selbständigen Lebensführung als Konsequenz aus einem gewandelten Behinderungsbegriff«,B,title,I
", in: ",O,O,I
"Neumann, Johannes",B,editor,I
" (Hg.), ",O,O,I
»Behinderung«. Von der Vielfalt eines Begriffs und dem Umgang damit,B,source,I
", ",O,O,I
Tübingen,B,other,I
", S. ",O,O,I
75,B,fpage,I
- ,O,O,I
88,B,lpage,I
".
",O,O,I
Wacker,B,author,B
", ",O,O,I
Elisabeth,B,author,I
 (,O,O,I
2001,B,year,I
"), ",O,O,I
"»Paradigmenwechsel in der Behindertenhilfe?«, ",B,title,I
in: ,O,O,I
Bundesverband der Evangelischen Behindertenhilfe,B,editor,I
 ,O,O,I
u.a. ,B,other,I
"(Hg.), ",O,O,I
Paradigmenwechsel in der Behindertenhilfe?,B,source,I
", ",O,O,I
Freiburg/Br.,B,other,I
", S. ",O,O,I
34,B,fpage,I
- ,O,O,I
57,B,lpage,I
".
",O,O,I
Wacker,B,author,B
", ",O,O,I
Elisabeth,B,author,I
 (,O,O,I
2002,B,year,I
"a), ",O,O,I
»Von der Versorgung zur Lebensführung. Wandel der Hilfeplanung in (fremd-)gestalteten Wohnumgebungen«,B,title,I
", in:",O,O,I
" Greving, Heinrich",B,editor,I
" (Hg.), ",O,O,I
Hilfeplanung und Controlling in der Heilpädagogik,B,source,I
", ",O,O,I
Freiburg/Br.,B,other,I
", S. ",O,O,I
77,B,fpage,I
- ,O,O,I
105,B,lpage,I
".
",O,O,I
Wacker,B,author,B
", ",O,O,I
Elisabeth,B,author,I
" (2002b), ",O,O,I
»Wege zur individuellen Hilfeplanung«,B,title,I
", in: ",O,O,I
"Greving, Heinrich",B,editor,I
" (Hg.), ",O,O,I
Hilfeplanung und Controlling in der Heilpädagogik,B,source,I
", ",O,O,I
Freiburg/Br.,B,other,I
", S. ",O,O,I
275,B,fpage,I
- ,O,O,I
297,B,lpage,I
".
",O,O,I
Wacker,B,author,B
", ",O,O,I
Elisabeth,B,author,I
 (,O,O,I
2003,B,year,I
"a), ",O,O,I
»Behinderungen und fortgeschrittenes Alter als geragogische Herausforderungen«,B,title,I
", in: ",O,O,I
"Leonhardt, Annette",B,editor,I
/,O,O,I
"Wember, Franz B. ",B,editor,I
"(Hg.), ",O,O,I
Grundfragen der Sonderpädagogik. Bildung – Erziehung – Behinderung,B,source,I
", ",O,O,I
Weinheim/Basel/Berlin,B,other,I
", S. ",O,O,I
875,B,fpage,I
- ,O,O,I
888,B,lpage,I
".
",O,O,I
Wacker,B,author,B
", ",O,O,I
Elisabeth,B,author,I
 (,O,O,I
2003,B,year,I
"b), ",O,O,I
»Die Rehabilitation im Winde des Wandels. Die Situation behinderungserfahrener Menschen im Europäischen Jahr der Menschen mit Behinderung«,B,title,I
", ",O,O,I
Blätter der Wohlfahrtspflege. Deutsche Zeitschrift für Sozialarbeit,B,source,I
", ",O,O,I
Jg.,B,other,I
 ,O,O,I
150,B,volume,I
", H. ",O,O,I
2,B,issue,I
", S. ",O,O,I
45,B,fpage,I
- ,O,O,I
51,B,lpage,I
".
",O,O,I
Wacker,B,author,B
", ",I,author,I
Elisabeth,I,author,I
 (,O,O,I
2007,B,year,I
"), ",O,O,I
»Leben im Ort 2017,B,title,I
. ,O,O,I
Unterwegs zur Kommune der Vielfalt«,B,title,I
", ",O,O,I
Orientierung. Fachzeitschrift der Behindertenhilfe,B,source,I
", H. ",O,O,I
1,B,issue,I
", S. ",O,O,I
37,B,fpage,I
- ,O,O,I
40,B,fpage,I
".
",O,O,I
Wacker,B,author,B
", ",O,O,I
Elisabeth,B,author,I
/,O,O,I
Wansing,B,author,I
", ",O,O,I
Gudrun,B,author,I
/,O,O,I
Schäfers,B,author,I
", ",O,O,I
Markus,B,author,I
 (,O,O,I
2005,B,year,I
"), ",O,O,I
Personenbezogene Unterstützung und Lebensqualität. Teilhabe mit einem Persönlichen Budget,B,title,I
", ",O,O,I
Wiesbaden,B,other,I
".
",O,O,I
Wacker,B,author,B
", ",O,O,I
Elisabeth,B,author,I
/,O,O,I
Bosse,B,author,I
", ",O,O,I
Ingo,B,author,I
/,O,O,I
Dittrich,B,author,I
", ",O,O,I
Torsten,B,author,I
 ,O,O,I
u.a.,B,other,I
 (,O,O,I
2005,B,year,I
"), ",O,O,I
Teilhabe. Wir wollen mehr als nur dabei sein,B,title,I
", ",O,O,I
Marburg,B,other,I
".
",O,O,I
Wacker,B,author,B
", ",I,author,I
Elisabeth,I,author,I
/,O,O,I
Wetzler,B,author,I
", ",I,author,I
Rainer,I,author,I
/,O,O,I
Metzler,B,author,I
", ",I,author,I
Heidrun,I,author,I
 u.a. (,O,O,I
1998,B,year,I
"), ",O,O,I
Leben im Heim. Angebotsstrukturen und Chancen selbständiger Lebensführung in Wohneinrichtungen der Behindertenhilfe. Bericht zu einer bundesweiten Untersuchung im Forschungsfeld »Möglichkeiten und Grenzen selbständiger Lebensführung in Einrichtungen«,B,title,I
", ",O,O,I
Schriftenreihe des Bundesministeriums für Gesundheit,B,source,I
", Bd. ",O,O,I
102,B,volume,I
", ",O,O,I
Baden-Baden,B,other,I
".
",O,O,I
Wacker,B,author,B
", ",I,author,I
Elisabeth,I,author,I
/,O,O,I
Wahl,B,author,I
", ",I,author,I
Hans-Werner,I,author,I
 (,O,O,I
2007,B,year,I
"), ",O,O,I
»Ressourcenförderliche Umwelten – Zur Notwendigkeit einer Person-Umwelt-Kultur für alternde (und alle) Menschen«,B,title,I
", in: ",O,O,I
Expertenkommission der Bertelsmann Stiftung,B,editor,I
" (Hg.), ",O,O,I
Ziele in der Altenpolitik,B,source,I
", ",O,O,I
Gütersloh (im Erscheinen),B,other,I
".
",O,O,I
Wahl,B,author,B
", ",I,author,I
Hans-Werner,I,author,I
/,O,O,I
"Iwarsson,",B,author,I
 ,I,author,I
Susanne ,I,author,I
(,O,O,I
2007,B,year,I
"), »",O,O,I
Person-Environment Relations in Old Age«,B,title,I
", in: ",O,O,I
"Fernandez-Ballesteros, Rocco",B,editor,I
" (Hg.), ",O,O,I
"Geropsychology. European Perspectives for an Ageing World, ",B,source,I
Göttingen (im Erscheinen).,B,other,I
"
",O,O,I
Wahl,B,author,B
", ",I,author,I
Hans-Werner,I,author,I
/,O,O,I
Oswald,B,author,I
", ",I,author,I
Frank,I,author,I
 (,O,O,I
2005,B,year,I
"), ",O,O,I
»Sozialökologische Aspekte des Alterns«,B,title,I
", in: ",O,O,I
"Filipp, Sigrun-Heide",B,editor,I
/,O,O,I
"Staudinger, Ursula M.",B,editor,I
" (Hg.), ",O,O,I
"Entwicklungspsychologie des mittleren und höheren Erwachsenenalters. Enzyklopädie der Psychologie, ",B,source,I
Bd.,O,O,I
 6,B,volume,I
", ",O,O,I
Göttingen,B,other,I
", S. ",O,O,I
209,B,fpage,I
- ,O,O,I
250,B,lpage,I
".
",O,O,I
Waldschmidt,B,author,B
", ",I,author,I
Anne,I,author,I
 (,O,O,I
1999,B,year,I
"), ",O,O,I
Selbstbestimmung als Konstruktion,B,title,I
. ,O,O,I
Alltagstheorien behinderter Frauen und Männer,B,source,I
", ",O,O,I
Opladen,B,other,I
".
",O,O,I
Walthes,B,author,B
", ",I,author,I
Renate,I,author,I
 (,O,O,I
2003,B,year,I
"), ",O,O,I
Einführung in die Blinden- und Sehbehindertenpädagogik,B,title,I
", ",O,O,I
München/Basel,B,other,I
".
",O,O,I
Wansing,B,author,B
", ",I,author,I
Gudrun,I,author,I
 (,O,O,I
2005,B,year,I
"), ",O,O,I
Teilhabe an der Gesellschaft,B,title,I
. ,O,O,I
Menschen mit Behinderung zwischen Inklusion und Exklusion,B,source,I
", ",O,O,I
Wiesbaden,B,other,I
".
",O,O,I
WHO – World Health Organization (WHO),B,editor,B
(,O,O,I
1986,B,year,I
"), ",O,O,I
»Ottawa Charter for Health Promotion«,B,title,I
", in: ",O,O,I
http://www.who.int/hpr/NPH/docs/ottawa_charter_hp.pdf,B,url,I
 (,O,O,I
1. Juli 2007,B,other,I
").
",O,O,I
WHO – World Health Organization,B,editor,B
 (,O,O,I
2001,B,year,I
"), ",O,O,I
"International Classification of Functioning, Disability and Health",B,title,I
", ",O,O,I
Geneva,B,other,I
".
",O,O,I
DIMDI – Deutsches Institut für Medizinische Dokumentation und Information ,B,editor,B
(Hg.) (,O,O,I
2005,B,year,I
"), ",O,O,I
"ICF. Internationale Klassifikation der Funktionsfähigkeit, Behinderung und Gesundheit",B,source,I
", ",O,O,I
Genf,B,other,I
".
",O,O,I
