token,tag,label,ref
Bresnahan,B,author,B
", ",I,author,I
T. F.,I,author,I
", ",O,O,I
1989,B,year,I
", ",O,O,I
Empirical Studies of Industries with Market Power,B,title,I
", in ",O,O,I
R. Schmalensee,B,editor,I
 and ,O,O,I
R. Willig,B,editor,I
", eds., ",O,O,I
Handbook of Industrial Organization,B,source,I
", ",O,O,I
Amsterdam: North Holland,B,other,I
", ",O,O,I
1011,B,fpage,I
- ,O,O,I
1057,B,lpage,I
".
",O,O,I
Buigues,B,author,B
", ",I,author,I
P.,I,author,I
", ",O,O,I
Ilzkovitz,B,author,I
", ",I,author,I
F.,I,author,I
 and ,O,O,I
J. F.,B,author,I
 ,I,author,I
Lebrun,I,author,I
", ",O,O,I
1990,B,year,I
", ",O,O,I
The impact of the internal market by industrial sector: the challenge for the Member States',B,title,I
", ",O,O,I
European Economy,B,source,I
", ",O,O,I
Brussels,B,other,I
", ",O,O,I
Special Edition,B,source,I
".
",O,O,I
Emerson,B,author,B
", ",I,author,I
M.,I,author,I
", ",O,O,I
et al.,B,other,I
", ",O,O,I
1988,B,year,I
", ",O,O,I
The Economics of 1992,B,title,I
", ",O,O,I
Oxford,B,other,I
: ,O,O,I
Oxford University Press,B,publisher,I
".
",O,O,I
Euromonitor,B,editor,B
", ",O,O,I
1993,B,year,I
", ",O,O,I
Soft Drinks in Europe,B,title,I
", ",O,O,I
London,B,other,I
".
",O,O,I
European Commission,B,editor,B
",",O,O,I
" Case Number IV/M 190: Nestlé and Perrier, 92/553/EEC; Case Number IV/M 794: Coca-Cola/Amalgamated, 97/540/EC",B,title,I
".
",O,O,I
Geroski,B,author,B
", ",I,author,I
P.,I,author,I
", ",O,O,I
1988,B,year,I
", '",O,O,I
Im pursuit of Monopoly Power: Recent Quantitative Work in Industrial Economics,B,title,I
"', ",O,O,I
Journal of Applied Econometrics,B,source,I
", ",O,O,I
3,B,volume,I
", ",O,O,I
107,B,fpage,I
-,O,O,I
123,B,lpage,I
".
",O,O,I
Katz,B,author,B
", ",I,author,I
B.,I,author,I
", ",O,O,I
1978,B,year,I
", ‘",O,O,I
Territorial Exclusivity in the Soft Drink Industry,B,title,I
"’,",O,O,I
 Journal of Industrial Economics,B,source,I
", ",O,O,I
27,B,volume,I
", ",O,O,I
85,B,fpage,I
-,O,O,I
96,B,lpage,I
".
",O,O,I
Kay,B,author,B
",",I,author,I
 J. A.,I,author,I
", ",O,O,I
1990,B,year,I
", ‘",O,O,I
Identifying the Strategic Market,B,title,I
"’, ",O,O,I
Business Strategy Review,B,source,I
", ",O,O,I
2,B,fpage,I
-,O,O,I
24,B,lpage,I
".
",O,O,I
Key Note Market Review,B,editor,B
", ",O,O,I
1994,B,year,I
", ",O,O,I
The UK Soft Drinks Market,B,title,I
", ",O,O,I
Middlesex,B,other,I
".
",O,O,I
Lyons,B,author,B
", ",I,author,I
B. R.,I,author,I
", and ",O,O,I
C.,B,author,I
 ,I,author,I
Matraves,I,author,I
", ",O,O,I
1996,B,year,I
", ‘",O,O,I
Industrial Concentration,B,title,I
"’, in ",O,O,I
"Davies, S. W.",B,editor,I
 and ,O,O,I
"Lyons, B. R.",B,editor,I
" (eds.), ",O,O,I
"Industrial Organization in the European Union: Structure, Strategy and the Competitive Mechanism",B,source,I
", ",O,O,I
Oxford,B,other,I
: ,O,O,I
Oxford University Press,B,publisher,I
".
",O,O,I
Lyons,B,author,B
", ",I,author,I
B. R.,I,author,I
", ",O,O,I
Matraves,B,author,I
", ",I,author,I
C,I,author,I
", and ",O,O,I
P.,B,author,I
 ,I,author,I
Moffatt,I,author,I
", ",O,O,I
1999,B,year,I
", ‘",O,O,I
Industrial Concentration and Market Integration in the European Union,B,title,I
"’, ",O,O,I
Working Paper,B,other,I
".
",O,O,I
Matraves,B,author,B
", ",I,author,I
C.,I,author,I
", ",O,O,I
1999,B,year,I
", ‘",O,O,I
"Market Structure, R&D and Advertising in the Pharmaceutical Industry",B,title,I
"’, ",O,O,I
Journal of Industrial Economics,B,source,I
", ",O,O,I
169,B,fpage,I
-,O,O,I
194,B,lpage,I
".
",O,O,I
Marfels,B,author,B
", ",I,author,I
C.,I,author,I
", ",O,O,I
1984,B,year,I
", ",O,O,I
"Concentration, Competition and Competitiveness in the Beverages Industries of the European Community, Report for the Commission of the European Communities",B,title,I
", ",O,O,I
Belgium,B,other,I
".
",O,O,I
Monopolies and Mergers Commission,B,editor,B
", ",O,O,I
1991,B,year,I
", ",O,O,I
A report on the supply by manufacturers of carbonated drinks in the UK,B,title,I
", ",O,O,I
London,B,other,I
".
",O,O,I
Muris,B,author,B
", ",I,author,I
T. J.,I,author,I
", ",O,O,I
Scheffman,B,author,I
", ",I,author,I
D. T.,I,author,I
 and,O,O,I
 P. T.,B,author,I
 ,I,author,I
Spiller,I,author,I
", ",O,O,I
1992,B,year,I
", '",O,O,I
Strategy and Transactions Costs: the Organization of Distribution in the Carbonated Soft Drink Industry,B,title,I
"', ",O,O,I
Journal of Economics and Management Strategy,B,source,I
", ",O,O,I
1,B,volume,I
", ",O,O,I
84,B,fpage,I
-,O,O,I
128,B,lpage,I
".
",O,O,I
Panorama of EC industry,B,editor,B
", ",O,O,I
Commission of the European Communities,B,title,I
", ",O,O,I
Brussels,B,other,I
 - ,O,O,I
1994,B,issue,I
", ",O,O,I
1995,B,issue,I
 and ,O,O,I
1997,B,issue,I
" issues.
",O,O,I
Quelch,B,author,B
", ",I,author,I
J.A.,I,author,I
 and ,O,O,I
D.,B,author,I
 ,I,author,I
Harding,I,author,I
", ",O,O,I
1996,B,year,I
", '",O,O,I
Brands versus private labels: fighting to win,B,title,I
"',",O,O,I
 Harvard Business Review,B,source,I
", ",O,O,I
99,B,fpage,I
-,O,O,I
111,B,lpage,I
".
",O,O,I
Robinson,B,author,B
", ",I,author,I
W. T.,I,author,I
", and ",O,O,I
Chiang,B,author,I
", ",I,author,I
J.,I,author,I
", ",O,O,I
1996,B,year,I
", ‘",O,O,I
"Are Sutton’s Predictions Robust? Empirical Insights into Advertising, R&D and Concentration",B,title,I
"’, ",O,O,I
Journal of Industrial Economics,B,source,I
", ",O,O,I
389,B,fpage,I
-,O,O,I
408,B,lpage,I
".
",O,O,I
Schmalenesee,B,author,B
", ",I,author,I
R.,I,author,I
", ",O,O,I
1992,B,year,I
", ‘",O,O,I
Sunk Costs and Market Structure: A Review Article,B,title,I
"’, ",O,O,I
Journal of Industrial Economics,B,source,I
", ",O,O,I
125,B,fpage,I
-,O,O,I
134,B,lpage,I
".
",O,O,I
Standard & Poors Industry Surveys,B,editor,B
", ‘",O,O,I
Foods and Nonalcoholic Beverages,B,title,I
"’, ",O,O,I
1997,B,year,I
".
",O,O,I
Sutton,B,author,B
", ",I,author,I
J.,I,author,I
", ",O,O,I
1991,B,year,I
", ",O,O,I
"Sunk Costs and Market Structure: Price Competition, Advertising, and the Evolution of Concentration",B,title,I
", ",O,O,I
MIT Press,B,publisher,I
".
",O,O,I
Sutton,B,author,B
", ",I,author,I
J.,I,author,I
", ",O,O,I
1998,B,year,I
", ",O,O,I
Technology and Market Structure: Theory and History,B,title,I
", ",O,O,I
MIT Press,B,publisher,I
".
",O,O,I
Symenoidis,B,author,B
", ",I,author,I
G.,I,author,I
", ",O,O,I
1997,B,year,I
"a, ‘",O,O,I
Price Competition and Market Structure: the impact of Restrictive Practices Legislation on Concentration in the UK,B,title,I
"’, ",O,O,I
LSE Sticerd,B,other,I
", ",O,O,I
EI/18,B,other,I
".
",O,O,I
Symenoidis,B,author,B
", ",I,author,I
G.,I,author,I
", ",O,O,I
1997,B,year,I
"b, ‘",O,O,I
"Cartel Policy, Non-Price Competition and Market Structure: Theory and Evidence from the UK",B,title,I
"’, ",O,O,I
LSE Sticerd,B,other,I
", ",O,O,I
EI/19,B,other,I
".
",O,O,I
Thomas,B,author,B
", ",I,author,I
Louis A.,I,author,I
", ",O,O,I
1996,B,year,I
", ‘",O,O,I
Advertising Sunk Costs and Credible Spatial Preemption,B,title,I
"’, ",O,O,I
Strategic Management Journal,B,source,I
", ",O,O,I
17,B,volume,I
", ",O,O,I
481,B,fpage,I
-,O,O,I
498,B,lpage,I
".
",O,O,I
Tollison,B,author,B
", ",I,author,I
R.,I,author,I
", ",O,O,I
Kaplan,B,author,I
", ",I,author,I
D.,I,author,I
 and ,O,O,I
R.,B,author,I
 ,I,author,I
Higgins,I,author,I
", ",O,O,I
1991,B,year,I
", ",O,O,I
Competition and Concentration: the Economics of the Carbonated Soft Drinks Industry,B,title,I
", ",O,O,I
Lexington Books,B,publisher,I
", ",O,O,I
USA,B,other,I
".
",O,O,I
