token,tag,label,ref
Anderson,B,author,B
 ,I,author,I
J.E,I,author,I
", ",O,O,I
D.,B,author,I
 ,I,author,I
Marcouiller,I,author,I
(,O,O,I
2002,B,year,I
"), ",O,O,I
Insecurity and the Pattern of Trade: An empirical Investigation,B,title,I
", ",O,O,I
Review of Economics and Statistics,B,source,I
", ",O,O,I
84,B,volume,I
(,O,O,I
2,B,issue,I
"), ",O,O,I
342,B,fpage,I
-,O,O,I
252,B,lpage,I
".
",O,O,I
Anderson,B,author,B
 ,I,author,I
J.E.,I,author,I
",",O,O,I
 E.,B,author,I
 ,I,author,I
van Wincoop,I,author,I
 (,O,O,I
2003,B,year,I
"), ",O,O,I
Gravity with Gravitas: A Solution to the Border Puzzle,B,title,I
", ",O,O,I
American Economic Review,B,source,I
", ",O,O,I
93,B,volume,I
(,O,O,I
1,B,issue,I
"), ",O,O,I
170,B,fpage,I
-,O,O,I
192,B,lpage,I
".
",O,O,I
Anderson,B,author,B
 ,I,author,I
S.W.,I,author,I
", ",O,O,I
Daly,B,author,I
 ,I,author,I
J.D.,I,author,I
", ",O,O,I
Johnson,B,author,I
 M.F.,I,author,I
 (,O,O,I
1995,B,year,I
"), “",O,O,I
The Value of Management Control Systems: Evidence on the Market Reaction to ISO 9000 Quality Assurance Certificates,B,title,I
"”, ",O,O,I
University of Michigan Business School,B,editor,I
", ",O,O,I
Working Paper #9501-16,B,other,I
".
",O,O,I
Anderson,B,author,B
 ,I,author,I
S.W.,I,author,I
", ",O,O,I
Daly,B,author,I
 ,I,author,I
J.D.,I,author,I
", ",O,O,I
Johnson,B,author,I
 ,I,author,I
M.F.,I,author,I
 (,O,O,I
1999,B,year,I
"), “",O,O,I
Why Firms seek ISO 9000 Certification: Regulatory Compliance or Competitive Advantage?,B,title,I
"”, ",O,O,I
Production and Operations Management,B,source,I
", ",O,O,I
8,B,volume,I
(,O,O,I
1,B,issue,I
"), ",O,O,I
28,B,fpage,I
-,O,O,I
43,B,lpage,I
".
",O,O,I
Arellano,B,author,B
 ,I,author,I
M.,I,author,I
", ",O,O,I
S.,B,author,I
 ,I,author,I
Bond,I,author,I
 (,O,O,I
1991,B,year,I
"), “",O,O,I
Some Test of Specification for Panel Data: Monte Carlo Evidence and an Application to Employment Equations,B,title,I
"”, ",O,O,I
Review of Economic Studies,B,source,I
", ",O,O,I
58,B,volume,I
(,O,O,I
2,B,issue,I
"), ",O,O,I
277,B,fpage,I
-,O,O,I
297,B,lpage,I
".
",O,O,I
Bénézech,B,author,B
 ,I,author,I
D.,I,author,I
", ",O,O,I
Lambert,B,author,I
 ,I,author,I
G.,I,author,I
", ",O,O,I
Lanoux,B,author,I
 ,I,author,I
B.,I,author,I
", ",O,O,I
Lerch,B,author,I
 ,I,author,I
Ch.,I,author,I
", ",O,O,I
Loos-Baroin,B,author,I
 ,I,author,I
J.,I,author,I
 (,O,O,I
2001,B,year,I
"), “",O,O,I
Completion of knowledge codification: an illustration through the ISO 9000 standards implementation process,B,title,I
"”, ",O,O,I
Research Policy,B,source,I
", ",O,O,I
30,B,volume,I
(,O,O,I
9,B,issue,I
"), ",O,O,I
1395,B,fpage,I
-,O,O,I
1407,B,lpage,I
".
",O,O,I
Blind,B,author,B
 ,I,author,I
K.,I,author,I
 (,O,O,I
2001,B,year,I
"), “",O,O,I
"The Impact of Innovations and Standards on Trade of Measurment and Testing Products: Empirical Results of Switzerland’s Bilateral Trade Flows with Germany, France and the UK",B,title,I
"”, ",O,O,I
Information Economics and Policy,B,source,I
", ",O,O,I
13,B,volume,I
(,O,O,I
4,B,issue,I
"), ",O,O,I
439,B,fpage,I
-,O,O,I
460,B,lpage,I
".
",O,O,I
Blind,B,author,B
 ,I,author,I
K.,I,author,I
 (,O,O,I
2002,B,year,I
"), “",O,O,I
Driving Forces for Standardization at Development Organizations,B,title,I
"”, ",O,O,I
Applied Economics,B,source,I
", ",O,O,I
34,B,volume,I
(,O,O,I
16,B,issue,I
"), ",O,O,I
1985,B,fpage,I
-,O,O,I
1998,B,lpage,I
".
",O,O,I
Casella,B,author,B
 ,I,author,I
A.,I,author,I
 (,O,O,I
1996,B,year,I
"), “",O,O,I
Free Trade and Evolving Standards,B,title,I
"”, in ",O,O,I
Bhagwati J.,B,editor,I
", ",O,O,I
Hudec R.,B,editor,I
", edts., ",O,O,I
Fair Trade and Harmonization: Prerequisites for Free Trade?,B,source,I
", vol.",O,O,I
1,B,volume,I
", ",O,O,I
MIT Press,B,publisher,I
", ",O,O,I
Cambridge,B,other,I
", ",O,O,I
119,B,fpage,I
-,O,O,I
156,B,lpage,I
".
",O,O,I
Deardorff,B,author,B
 A.V.,I,author,I
 (,O,O,I
1998,B,year,I
"), “",O,O,I
Determinants of Bilateral Trade: Does Gravity Work in a Neoclassical World?,B,title,I
” in ,O,O,I
J.A. Frankel,B,editor,I
", ed., ",O,O,I
The regionalization of the world economy,B,source,I
", ",O,O,I
University of Chicago Press,B,publisher,I
", ",O,O,I
Chicago,B,other,I
", ",O,O,I
7,B,fpage,I
-,O,O,I
22,B,lpage,I
".
",O,O,I
Docking,B,author,B
 ,I,author,I
D.S.,I,author,I
", ",O,O,I
R.J.,B,author,I
 ,I,author,I
Dowen,I,author,I
 (,O,O,I
1999,B,year,I
"), “",O,O,I
Market Interpretation of ISO 9000 Registration,B,title,I
"”, ",O,O,I
Journal of Financial Research,B,source,I
", ",O,O,I
XXII,B,volume,I
(,O,O,I
2,B,issue,I
"), ",O,O,I
147,B,fpage,I
-,O,O,I
160,B,lpage,I
".
",O,O,I
Frankel,B,author,B
 ,I,author,I
J.A,I,author,I
", ",O,O,I
Stein,B,author,I
 ,I,author,I
E.,I,author,I
", ",O,O,I
Wei,B,author,I
 ,O,O,I
S.-J.,B,author,I
 (,O,O,I
1997,B,year,I
"), ",O,O,I
Regional Trading Blocks in the World Economic System,B,title,I
", ",O,O,I
Institute for International Economics,B,editor,I
", ",O,O,I
"Washington, DC",B,other,I
".
",O,O,I
Freund,B,author,B
 ,I,author,I
C.L.,I,author,I
", ",O,O,I
D.,B,author,I
 ,I,author,I
Weinhold,I,author,I
 (,O,O,I
2004,B,year,I
"), “",O,O,I
The effect of the Internet on international trade,B,title,I
"”, ",O,O,I
Journal of International Economics,B,source,I
", ",O,O,I
62,B,volume,I
", ",O,O,I
171,B,fpage,I
-,O,O,I
189,B,lpage,I
".
",O,O,I
Glick,B,author,B
 ,I,author,I
R.,I,author,I
", ",O,O,I
A.K.,B,author,I
 ,I,author,I
Rose,I,author,I
 (,O,O,I
2002,B,year,I
"), “",O,O,I
Does currency union affect trade? The time-series evidence,B,title,I
"”, ",O,O,I
European Economic Review,B,source,I
", ",O,O,I
46,B,volume,I
", ",O,O,I
1125,B,fpage,I
-,O,O,I
1151,B,lpage,I
".
",O,O,I
Grajek,B,author,B
 ,I,author,I
M.,I,author,I
 (,O,O,I
2002,B,year,I
"), “",O,O,I
Identification of Network Externalities in Markets for Non-Durables,B,title,I
"”, ",O,O,I
Wissenschaftszentrum Berlin,B,editor,I
", ",O,O,I
Discussion Paper FS IV 02-32,B,source,I
".
",O,O,I
Hummels,B,author,B
 ,I,author,I
D.,I,author,I
", ",O,O,I
J.,B,author,I
 ,I,author,I
Levinsohn,I,author,I
 (,O,O,I
1995,B,year,I
"), “",O,O,I
Monopolistic Competition and International Trade: Reconsidering the Evidence,B,title,I
"”, ",O,O,I
Quarterly Journal of Economics,B,source,I
 ,O,O,I
110,B,volume,I
(,O,O,I
3,B,issue,I
"), ",O,O,I
799,B,fpage,I
-,O,O,I
836,B,lpage,I
".
",O,O,I
ISO,B,editor,B
 (,O,O,I
2001,B,year,I
"), ",O,O,I
Quality Management Principles,B,title,I
", ",O,O,I
ISO Central Secretariat,B,publisher,I
", ",O,O,I
Geneve,B,other,I
".
",O,O,I
ISO,B,editor,B
 (,O,O,I
2002,B,year,I
"), ",O,O,I
"The ISO Survey of ISO 9000 and ISO 14000 Certificates, Eleventh cycle – 2001",B,title,I
",",O,O,I
 ISO Central Secretariat,B,publisher,I
", ",O,O,I
Geneve,B,other,I
".
",O,O,I
Moenius,B,author,B
 ,I,author,I
J.,I,author,I
 (,O,O,I
2000,B,year,I
"), “",O,O,I
Information versus Product Adaptation: The Role of Standards in Trade,B,title,I
"”, N",O,O,I
orthwestern University,B,editor,I
", ",O,O,I
mimeo,B,publisher,I
".
",O,O,I
Rauch,B,author,B
 ,I,author,I
J.E.,I,author,I
 (,O,O,I
1999,B,year,I
"), “",O,O,I
Networks versus markets in international trade,B,title,I
"”, ",O,O,I
Journal of International Economics,B,source,I
", ",O,O,I
48,B,volume,I
(,O,O,I
1,B,issue,I
"), ",O,O,I
7,B,fpage,I
-,O,O,I
35,B,lpage,I
".
",O,O,I
Rauch,B,author,B
 ,I,author,I
J.E.,I,author,I
", ",O,O,I
V.,B,author,I
 ,I,author,I
Trindade,I,author,I
 (,O,O,I
2002,B,year,I
"), “",O,O,I
Ethnic Chinese Networks in International Trade,B,title,I
"”, ",O,O,I
Review of Economics and Statistics,B,source,I
", ",O,O,I
84,B,volume,I
(,O,O,I
1,B,issue,I
"), ",O,O,I
116,B,fpage,I
-,O,O,I
130,B,lpage,I
".
",O,O,I
Swann,B,author,B
 ,I,author,I
P.,I,author,I
", ",O,O,I
Temple,B,author,I
 ,I,author,I
P.,I,author,I
", ",O,O,I
Shurmer,B,author,I
 ,I,author,I
M.,I,author,I
 (,O,O,I
1996,B,year,I
"), “",O,O,I
Standards and Trade Performance: The UK Experience,B,title,I
"”, ",O,O,I
Economic Journal,B,source,I
", ",O,O,I
106,B,volume,I
(,O,O,I
438,B,issue,I
"), ",O,O,I
1297,B,fpage,I
-,O,O,I
1313,B,lpage,I
".
",O,O,I
Wooldridge,B,author,B
 ,I,author,I
J.M.,I,author,I
 (,O,O,I
2002,B,year,I
"), ",O,O,I
Econometric Analysis of Cross Section and Panel Data,B,title,I
", ",O,O,I
MIT Press,B,publisher,I
", ",O,O,I
Cambridge and London,B,other,I
".
",O,O,I
