token,tag,label,ref
Dittmann-Kohli,B,author,B
", ",I,author,I
Freya,I,author,I
", ",O,O,I
Martin,B,author,I
Kohli,I,author,I
", ",O,O,I
Harald,B,author,I
Künemund,I,author,I
", ",O,O,I
Andreas,B,author,I
Motel,I,author,I
", ",O,O,I
Christina,B,author,I
Steinleitner ,I,author,I
und ,O,O,I
Gerben,B,author,I
Westerhof ,I,author,I
 in ,O,O,I
 Zusammenarbeit mit infas Sozialforschung,B,source,I
 (,O,O,I
1997,B,year,I
): ,O,O,I
"Lebenszusammenhänge, Selbstund Lebenskonzeptionen – Erhebungsdesign und Instrumente des Alters-Survey",B,title,I
. ,O,O,I
"Forschungsgruppe Altern und Lebenslauf (FALL), Forschungsbericht",B,source,I
 ,O,O,I
61,B,volume,I
. ,O,O,I
Berlin,B,other,I
: ,O,O,I
Freie Universität,B,publisher,I
".
",O,O,I
"Dittmann-Kohli, Freya",B,editor,B
", ",O,O,I
Christina Bode,B,editor,I
 und ,O,O,I
Gerben J. Westerhof,B,editor,I
 (Hrsg.) (,O,O,I
2001,B,year,I
): ,O,O,I
Die zweite Lebenshälfte - Psychologische Perspektiven. Ergebnisse des Alters-Survey,B,title,I
. ,O,O,I
Schriftenreihe des BMFSFJ ,B,source,I
195,B,volume,I
. ,O,O,I
Stuttgart,B,other,I
: ,O,O,I
Kohlhammer,B,publisher,I
".
",O,O,I
"Kohli, Martin",B,editor,B
 und ,O,O,I
Harald Künemund,B,editor,I
 (Hrsg.) (,O,O,I
2000,B,year,I
): ,O,O,I
Die zweite Lebenshälfte. Gesellschaftliche Lage und Partizipation im Spiegel des Alters-Survey,B,title,I
. ,O,O,I
Opladen,B,other,I
: ,O,O,I
Leske + Budrich,B,publisher,I
".
",O,O,I
Kohli,B,author,B
", ",I,author,I
Martin,I,author,I
", ",O,O,I
Harald,B,author,I
Künemund,I,author,I
", ",O,O,I
Andreas,B,author,I
Motel ,I,author,I
und ,O,O,I
Marc,B,author,I
Szydlik ,I,author,I
(,O,O,I
2000,B,year,I
): ,O,O,I
Grunddaten zur Lebenssituation der 40-85jährigen deutschen Bevölkerung. Ergebnisse des Alters-Survey,B,title,I
. ,O,O,I
Berlin,B,other,I
: ,O,O,I
Weißensee,B,publisher,I
".
",O,O,I
Tesch-Römer,B,author,B
", ",I,author,I
Clemens,I,author,I
", ",O,O,I
Susanne,B,author,I
Wurm,I,author,I
", ",O,O,I
Andreas,B,author,I
Hoff ,I,author,I
und ,O,O,I
Heribert,B,author,I
Engstler ,I,author,I
(,O,O,I
2002,B,year,I
): ,O,O,I
Die zweite Welle des Alterssurveys: Erhebungsdesign und Instrumente,B,title,I
. ,O,O,I
Berlin,B,other,I
: ,O,O,I
Deutsches Zentrum für Altersfragen,B,publisher,I
 (,O,O,I
Diskussionspapier Nr. ,B,source,I
35,B,volume,I
").
",O,O,I
Hoff,B,author,B
", ",I,author,I
Andreas,I,author,I
", ",O,O,I
Clemens,B,author,I
Tesch-Römer,I,author,I
", ",O,O,I
Susanne,B,author,I
Wurm ,I,author,I
und ,O,O,I
Heribert,B,author,I
Engstler ,I,author,I
(,O,O,I
2002,B,year,I
): ,O,O,I
„Die zweite Lebenshälfte“: Längsschnittliche Konzeption des Alterssurveys,B,title,I
. In: ,O,O,I
"Karl, Fred",B,editor,I
 (Hrsg.).,O,O,I
 Sozial- und verhaltenswissenschaftliche Gerontologie,B,source,I
. ,O,O,I
Weinheim,B,other,I
: ,O,O,I
Juventa ,B,publisher,I
(im Druck).,O,O,I
