token,tag,label,ref
Adamzik,B,author,B
", ",I,author,I
Kirsten,I,author,I
: ,O,O,I
Sprachliches Handeln und sozialer Kontakt: Zur Integration der Kategorie ‘Beziehungsaspekt’ in eine sprachakttheoretische Beschreibung des Deutschen,B,title,I
", ",O,O,I
Tübingen,B,other,I
 ,O,O,I
1984,B,year,I
".
",O,O,I
"Atkinson, John M.",B,editor,B
& ,O,O,I
"Heritage, John",B,editor,I
 (eds.): ,O,O,I
Structures of social action,B,title,I
. ,O,O,I
Studies in conversation analsis,B,source,I
", ",O,O,I
Cambridge 1984.,B,other,I
"
",O,O,I
Beck-Gernsheim,B,author,B
", ",I,author,I
Elisabeth,I,author,I
: ,O,O,I
Der geschlechtsspezifische Arbeitsmarkt,B,title,I
", ",O,O,I
Frankfurt a.M. ,B,other,I
1981,B,year,I
".
",O,O,I
Berg-Peer,B,author,B
", ",I,author,I
Janine,I,author,I
: ,O,O,I
Ausschluß von Frauen aus den Ingenieurwissenschaften,B,title,I
", ",O,O,I
Berlin ,B,other,I
1981,B,year,I
".
",O,O,I
"Braun, Frederike",B,editor,B
 & ,O,O,I
Ursual Pasero,B,editor,I
 (Hrsg.): ,O,O,I
Kommunikation von Geschlecht,B,title,I
", ",O,O,I
Pfaffenweiler,B,other,I
 ,O,O,I
1997,B,year,I
".
",O,O,I
Brown,B,author,B
", ",I,author,I
Penelope ,I,author,I
& ,O,O,I
Levinson,B,author,I
", ",I,author,I
Stephen,I,author,I
: ,O,O,I
Politeness,B,title,I
", ",O,O,I
Cambridge ,B,other,I
1987,B,year,I
".
",O,O,I
Cockburn,B,author,B
", ",I,author,I
Cynthia,I,author,I
: ,O,O,I
Die Herrschaftsmaschine,B,title,I
. ,O,O,I
Geschlechterverhältnisse und techniches Know-how,B,source,I
", ",O,O,I
Berlin ,B,other,I
1988,B,year,I
".
",O,O,I
Dijk,B,author,B
", ",I,author,I
Teun van,I,author,I
: ,O,O,I
"Studies in the pragmatics of discourse, ",B,title,I
The Hague,B,source,I
 ,O,O,I
1981,B,year,I
"
",O,O,I
Ders.,B,editor,B
 (ed.): ,O,O,I
Handbook of discourse analysis. ,B,source,I
4,B,volume,I
" Vol., ",O,O,I
London ,B,other,I
1985,B,year,I
".
",O,O,I
Ders.,B,editor,B
: ,O,O,I
Principles of critical discourse anaylsis,B,title,I
. ,O,O,I
Discourse and Society ,B,source,I
4/2,B,volume,I
", ",O,O,I
1993,B,year,I
", S.",O,O,I
249,B,fpage,I
-,O,O,I
285,B,lpage,I
".
",O,O,I
Ders.,B,editor,B
: ,O,O,I
Ideology: a multidisciplinary approach,B,title,I
", ",O,O,I
London ,B,other,I
1998,B,year,I
".
",O,O,I
Erb,B,author,B
", ",I,author,I
Ulrike,I,author,I
: ,O,O,I
Frauenperspektiven auf die Informatik. Informatikerinnen im Spannungsfeld zwischen Distanz und Nähe zur Technik,B,title,I
", ",O,O,I
Münster ,B,other,I
1996,B,year,I
".
",O,O,I
Fairclough,B,author,B
", ",I,author,I
Norman,I,author,I
: ,O,O,I
Discourse and social change,B,title,I
", ",O,O,I
Cambridge ,B,other,I
1992,B,year,I
".
",O,O,I
Fetzer,B,author,B
", ",I,author,I
Anita,I,author,I
: ,O,O,I
Negative Interaktionen,B,title,I
", ",O,O,I
Frankfurt/Main,B,other,I
 ,O,O,I
1994,B,year,I
".
",O,O,I
Dies.,B,editor,B
: ,O,O,I
Recontextualizing context,B,title,I
", in:",O,O,I
 ECCS '97. Conference Proceedings. European Conference on Cognitive Science. April 9-11,B,source,I
", ",O,O,I
1997,B,year,I
", ",O,O,I
Manchester UK,B,other,I
 ,O,O,I
1997a,B,year,I
", S. ",O,O,I
176,B,fpage,I
-,O,O,I
180,B,lpage,I
".
",O,O,I
Dies.,B,editor,B
: ,O,O,I
Negative contextualization: a socio-semiotic approach to language teaching,B,title,I
", in: ",O,O,I
"Pütz, M.",B,editor,I
 (ed.): ,O,O,I
The cultural context in foreign language teaching,B,source,I
", ",O,O,I
Frankfurt a.M.,B,other,I
1997b,B,year,I
", S. ",O,O,I
85,B,fpage,I
-,O,O,I
109,B,lpage,I
".
",O,O,I
Dies.,B,editor,B
: ,O,O,I
Validity claims: assigning contextual information,B,title,I
", in: ",O,O,I
T.D. Wilson,B,editor,I
 & ,O,O,I
D. Allen,B,editor,I
 (eds.): ,O,O,I
Information seeking in context: proceedings of the 2nd ISIC conference,B,source,I
", ",O,O,I
Sheffield,B,other,I
", ",O,O,I
1998,B,year,I
".
",O,O,I
Dies.,B,editor,B
: ,O,O,I
Challenging the unspoken: exploiting the ideology in and of political interviews,B,title,I
. In ,O,O,I
"Verschueren, Jeff.",B,editor,I
 ed. ,O,O,I
Language and ideology: selected papers from the the 6th international pragmatics conference,B,source,I
. Vol. ,O,O,I
1,B,volume,I
. ,O,O,I
International Pragamtics Association,B,publisher,I
: ,O,O,I
Antwerp,B,other,I
 1999,B,title,I
"
",O,O,I
"Flader, Dieter",B,editor,B
 (Hrsg.): ,O,O,I
Verbale Interaktion: Studien zur Empirie und Methodologie der Pragmatik,B,title,I
", ",O,O,I
Stuttgart ,B,other,I
1991,B,year,I
".
",O,O,I
Fox Keller,B,author,B
", ",I,author,I
Evelyn,I,author,I
: ,O,O,I
"Liebe, Macht und Erkenntnis",B,title,I
. ,O,O,I
Männliche oder weibliche Wissenschaft?,B,source,I
", ",O,O,I
München ,B,other,I
1986,B,year,I
".
",O,O,I
Franck,B,author,B
", ",I,author,I
Dorothea,I,author,I
: ,O,O,I
Grammatik und Konversation,B,title,I
", ",O,O,I
Königstein ,B,other,I
1980,B,year,I
".
",O,O,I
Fraser,B,author,B
", ",I,author,I
Bruce,I,author,I
: ,O,O,I
Perspectives on politeness,B,title,I
", in:",O,O,I
 JoP ,B,source,I
14,B,volume,I
", ",O,O,I
1990,B,year,I
", S. ",O,O,I
219,B,fpage,I
-,O,O,I
236,B,lpage,I
".
",O,O,I
Garfinkel,B,author,B
", ",I,author,I
Harold,I,author,I
:,O,O,I
 Studies in ethnomethodology,B,title,I
", ",O,O,I
Cambridge ,B,other,I
1994,B,year,I
".
",O,O,I
Givon,B,author,B
",",I,author,I
 Talmy,I,author,I
: ,O,O,I
English Grammar: a function-based introduction,B,title,I
", ",O,O,I
Amsterdam ,B,other,I
1993,B,year,I
".
",O,O,I
Glöckner-Rist,B,author,B
", ",O,O,I
Angelika,B,author,I
/,O,O,I
Mischau,B,author,I
", ",I,author,I
Anina,I,author,I
: ,O,O,I
Die Wahrnehmung und Akzeptanz von Frauenuniversitäten und Frauenstudiengängen,B,title,I
", ",O,O,I
Düsseldorf ,B,other,I
1999,B,year,I
", ",O,O,I
im Druck,B,other,I
".
",O,O,I
Goffman,B,author,B
", ",I,author,I
Erving,I,author,I
: ,O,O,I
Behavior in public places,B,title,I
", ",O,O,I
New York,B,other,I
 ,O,O,I
1963,B,year,I
".
",O,O,I
Ders.,B,editor,B
: ,O,O,I
Strategic interaction,B,title,I
", ",O,O,I
Philadelphia ,B,other,I
1970,B,year,I
".
",O,O,I
Ders.:,B,editor,B
 ,O,O,I
The presentation of self in everyday life,B,title,I
", ",O,O,I
Harmondsworth ,B,other,I
1971,B,year,I
".
",O,O,I
Ders.,B,editor,B
: ,O,O,I
Frame analysis,B,title,I
", ",O,O,I
New York,B,other,I
 ,O,O,I
1974,B,year,I
".
",O,O,I
Ders.,B,editor,B
: ,O,O,I
"Stigma. Über Techniken der Bewältigung beschädigter Identitäten, ",B,title,I
Frankfurt a.M.,B,other,I
 ,O,O,I
1975,B,year,I
".
",O,O,I
Ders.,B,editor,B
: ,O,O,I
Forms of Talk,B,source,I
", ",O,O,I
Oxford ,B,other,I
1981,B,year,I
".
",O,O,I
Ders,B,editor,B
. ,O,O,I
Interaction ritual,B,title,I
", ",O,O,I
New York,B,other,I
 ,O,O,I
1982,B,year,I
".
",O,O,I
Grice,B,author,B
", ",I,author,I
Paul H.,I,author,I
: ,O,O,I
Logic and conversation,B,title,I
. In ,O,O,I
P. Cole,B,editor,I
 & ,O,O,I
J.L. Morgan,B,editor,I
" (eds.), ",O,O,I
"Synatax and Semantics, N.Y",B,source,I
 ,O,O,I
1975,B,year,I
", S. ",O,O,I
41,B,fpage,I
-,O,O,I
58,B,lpage,I
".
",O,O,I
Grimshaw,B,author,B
", ",I,author,I
Allan D.,I,author,I
: ,O,O,I
"Mishearings, misunderstandings, and other nonsuccesses in talk: a plea for redress of speaker-oriented bias",B,title,I
", in:",O,O,I
 Sociological Inquiry ,B,source,I
50,B,volume,I
", ",O,O,I
1980,B,year,I
", S. ",O,O,I
31,B,fpage,I
-,O,O,I
74,B,lpage,I
".
",O,O,I
Guenther,B,author,B
", ",I,author,I
Susanne,I,author,I
: ,O,O,I
Zur kommunikativen Konstruktion von Geschlechterdifferenzen im Gespräch,B,title,I
. In ,O,O,I
"Braun, F.",B,editor,I
 & ,O,O,I
U. Pasero,B,editor,I
", ",O,O,I
1997,B,year,I
", S. ",O,O,I
122,B,fpage,I
-,O,O,I
146,B,lpage,I
".
",O,O,I
"Gumperz, John",B,editor,B
 (ed.): ,O,O,I
Language and social identity,B,title,I
", ",O,O,I
New York,B,other,I
 ,O,O,I
1982,B,year,I
".
",O,O,I
Habermas,B,author,B
", ",I,author,I
Jürgen,I,author,I
: ,O,O,I
"Theorie des kommunikativen Handelns, ",B,title,I
Frankfurt a.M.,B,other,I
 ,O,O,I
1987,B,year,I
".
",O,O,I
Halliday,B,author,B
", ",I,author,I
Michael A.K.,I,author,I
: ,O,O,I
Introduction to functional grammar,B,title,I
", ",O,O,I
London ,B,other,I
1996,B,year,I
".
",O,O,I
Hennig,B,author,B
", ",I,author,I
Jörg,I,author,I
 & ,O,O,I
Huth,B,author,I
", ",I,author,I
Lutz,I,author,I
: ,O,O,I
Kommunikation als Problem der Linguistik,B,title,I
", ",O,O,I
Göttingen ,B,other,I
1975,B,year,I
".
",O,O,I
Hellinger,B,author,B
", ",I,author,I
Marlies,I,author,I
: ,O,O,I
Kontrastive feministische Linguisti,B,title,I
", ",O,O,I
Ismaning ,B,other,I
1990,B,year,I
".
",O,O,I
Heritage,B,author,B
", ",I,author,I
John,I,author,I
: ,O,O,I
Analysing news interviews: aspects of the production of talk for an overhearing audience,B,title,I
", in: ",O,O,I
"Dijk, T.A. van",B,editor,I
 (ed.): ,O,O,I
Handbook of discourse analysis,B,source,I
. Vol. ,O,O,I
III,B,volume,I
"., ",O,O,I
London ,B,other,I
1985,B,year,I
", S. ",O,O,I
95,B,fpage,I
- ,O,O,I
117,B,lpage,I
".
",O,O,I
Heritage,B,author,B
", ",I,author,I
John,I,author,I
: ,O,O,I
Garfinkel and ethnomethodology,B,title,I
", ",O,O,I
Cambridge,B,other,I
 ,O,O,I
1992,B,year,I
".
",O,O,I
Holmes,B,author,B
", ",I,author,I
Janet,I,author,I
: ,O,O,I
Introduction to sociolinguistics,B,title,I
", ",O,O,I
London ,B,other,I
1992,B,year,I
".
",O,O,I
Janshen,B,author,B
", ",I,author,I
Doris,I,author,I
: ,O,O,I
Frauen und Technik - Facetten einer schwierigen Beziehung,B,title,I
", in: ",O,O,I
"Hausen, Karin",B,editor,I
/,O,O,I
"Nowotny, Helga",B,editor,I
 (Hrsg.): ,O,O,I
Wie männlich ist die Wissenschaft,B,source,I
", ",O,O,I
Frankfurt a.M,B,other,I
. ,O,O,I
1986,B,year,I
", S. ",O,O,I
279,B,fpage,I
- ,O,O,I
292,B,lpage,I
".
",O,O,I
Janshen,B,author,B
", ",I,author,I
Doris,I,author,I
: ,O,O,I
Eros im Abwind. Zur geschlechtsspezifischen Konstitution technischer Kreativität,B,title,I
", in: ",O,O,I
"Schelhowe, Heidi",B,editor,I
 (Hrsg.): ,O,O,I
Frauenwelt-Computerräume. GI-Fachtagung,B,source,I
", ",O,O,I
Berlin ,B,other,I
1989,B,year,I
", S. ",O,O,I
80,B,fpage,I
-,O,O,I
92,B,lpage,I
".
",O,O,I
Janshen,B,author,B
", ",I,author,I
Doris,I,author,I
/,O,O,I
Rudolph,B,author,I
", ",I,author,I
Hedwig,I,author,I
 ,O,O,I
et al.,B,other,I
: ,O,O,I
Ingenieurinnen. Frauen für die Zukunft,B,title,I
", ",O,O,I
Berlin ,B,other,I
1987,B,year,I
".
",O,O,I
Kosuch,B,author,B
", ",I,author,I
Renate,I,author,I
: ,O,O,I
Beruflicher Alltag in Naturwissenschaft und Ingenieurwesen,B,title,I
. ,O,O,I
Eine geschlechtsvergleichende Untersuchung des Konfliktlebens in einer Männerdomäne,B,source,I
", ",O,O,I
Weinheim ,B,other,I
1994,B,year,I
".
",O,O,I
Lakoff,B,author,B
", ",O,O,I
George,B,author,I
: ,O,O,I
Hedges: a study in meaning criteria and the logic of fuzzy concepts,B,title,I
", in: ",O,O,I
"Hockney, D.",B,editor,I
 ,O,O,I
et al.,B,other,I
(eds.): ,O,O,I
Contemporary research in philosophical logic and linguistic semantics,B,source,I
", ",O,O,I
Dodrecht,B,other,I
 ,O,O,I
1975,B,year,I
", S. ",O,O,I
221,B,fpage,I
-,O,O,I
271,B,lpage,I
".
",O,O,I
Lauerbach,B,author,B
", ",I,author,I
Gerda,I,author,I
: ,O,O,I
Conversation analysis and its discontent,B,title,I
", in: ",O,O,I
"Goebel, W.",B,editor,I
 & ,O,O,I
"Seeber, H.U.",B,editor,I
(eds.): ,O,O,I
Anglistentag 1992,B,source,I
. ,O,O,I
Tübingen,B,other,I
 ,O,O,I
1993,B,year,I
", S. ",O,O,I
427,B,fpage,I
-,O,O,I
436,B,lpage,I
".
",O,O,I
Leech,B,author,B
", ",I,author,I
Geoffrey,I,author,I
: ,O,O,I
Principles of pragmatics,B,title,I
", ",O,O,I
London ,B,other,I
1983,B,year,I
".
",O,O,I
Leiss,B,author,B
", ",I,author,I
E.,I,author,I
: ,O,O,I
Genus und Sexus. Kritische Anmerkungen zur Sexualisierung von Grammatik,B,title,I
", in:",O,O,I
 Linguistische Berichte ,B,source,I
152,B,volume,I
", ",O,O,I
1994,B,year,I
", S. ",O,O,I
281,B,fpage,I
-,O,O,I
300,B,lpage,I
".
",O,O,I
Levinson,B,author,B
", ",I,author,I
Stephen,I,author,I
: ,O,O,I
Pragmatics,B,title,I
", ",O,O,I
Cambridge ,B,other,I
1983,B,year,I
".
",O,O,I
Ders.,B,editor,B
: ,O,O,I
Putting linguistics on a proper footing: explorations in Goffman's concepts of participation,B,title,I
", in: ",O,O,I
"Drew, P.",B,editor,I
 & ,O,O,I
"Wootton, A.",B,editor,I
(eds.): ,O,O,I
Erving Goffman. Exploring the interaction order,B,source,I
", ",O,O,I
Cambridge ,B,other,I
1988,B,year,I
", S. ",O,O,I
161,B,fpage,I
-,O,O,I
227,B,lpage,I
".
",O,O,I
Metz-Göckel,B,author,B
", ",I,author,I
Sigrid,I,author,I
: Von der Technikdistanz zur Technikkompetenz,B,title,I
", in: ",O,O,I
"Metz-Göckel, Sigrid",B,editor,I
/,O,O,I
"Nyssen, Elke",B,editor,I
 (Hrsg.): ,O,O,I
Frauen leben Widersprüche,B,source,I
", ",O,O,I
Weinheim ,B,other,I
1990,B,year,I
", S. ",O,O,I
139,B,fpage,I
-,O,O,I
152,B,lpage,I
".
",O,O,I
Metz-Göckel,B,author,B
", ",I,author,I
S.,I,author,I
: ,O,O,I
"Bildung, Lebenslauf und Sebstkonzepte von ‘Arbeitertöchtern’. Ein Beitrag zur sozialen Mobilität und Individualisierung von Frauen aus bildungsfernen Schichten",B,title,I
", in: ",O,O,I
"Schlüter, Anne",B,editor,I
 (Hrsg.): ,O,O,I
Arbeitertöchter und ihr sozialer Aufstieg,B,source,I
", ",O,O,I
Weinheim ,B,other,I
1992,B,year,I
", S. ",O,O,I
36,B,fpage,I
-,O,O,I
65,B,lpage,I
".
",O,O,I
Ostner,B,author,B
", ",I,author,I
Ilona,I,author,I
: Weibliches Arbeitsvermögen und soziale Differenzierung,B,title,I
", in:",O,O,I
 Leviathan ,B,source,I
19,B,volume,I
", ",O,O,I
1991,B,year,I
", S. ",O,O,I
192,B,fpage,I
-,O,O,I
207,B,lpage,I
".
",O,O,I
Potter,B,author,B
", ",O,O,I
Jonathan ,B,author,I
& ,O,O,I
Margret,B,author,I
 ,I,author,I
Wetherell,I,author,I
: ,O,O,I
Discourse and social psychology: beyond attitudes and behaviour,B,title,I
", ",O,O,I
London ,B,other,I
1987,B,year,I
".
",O,O,I
"Reucher, Theo",B,editor,B
 (Hrsg.): ,O,O,I
Grammatik des Sozialen: eine Theorie des gesellschaftlichen Codes und des gesellschaftlichen Diskurses,B,title,I
", ",O,O,I
Tübingen,B,other,I
 1987,B,year,I
".
",O,O,I
Ritter,B,author,B
", ",I,author,I
Martina,I,author,I
: ,O,O,I
Computer oder Stöckelschuh?,B,title,I
", ",O,O,I
Frankfurt a.M.,B,other,I
 ,O,O,I
1994,B,year,I
".
",O,O,I
Roloff,B,author,B
", ",I,author,I
Christine,I,author,I
: ,O,O,I
Konzeptualisierung des Versteckten. Überlegungen zum Frauenforschungsschwerpunkt ‚Technik- und Naturwissenschaftspotentiale von Frauen‘ am Hochschuldidaktischen Zentrum der Universität Dortmund,B,title,I
", in: ",O,O,I
"Schlüter, Anne",B,editor,I
/,O,O,I
"Roloff, Christine",B,editor,I
/,O,O,I
"Kreienbaum, Maria Anna",B,editor,I
 (Hrsg.): ,O,O,I
Was eine Frau umtreibt. Frauenbewegung – Frauenforschung – Frauenpolitik,B,source,I
", Pfaffenweiler ",O,O,I
1990,B,year,I
", S. ",O,O,I
97,B,fpage,I
-,O,O,I
109,B,lpage,I
".
",O,O,I
Rundnagel,B,author,B
", ",I,author,I
Regine,I,author,I
: ,O,O,I
Integrationsprobleme von Ingenieurinnen in den ersten Berufsjahren,B,title,I
", ",O,O,I
Darmstadt ,B,other,I
1986,B,year,I
".
",O,O,I
Samel,B,author,B
", ",I,author,I
I.,I,author,I
: ,O,O,I
Einführung in die feministische Sprachwissenschaft,B,title,I
", ",O,O,I
Berlin ,B,other,I
1995,B,year,I
".
",O,O,I
Sarangi,B,author,B
", ",I,author,I
Srikant,I,author,I
 & ,O,O,I
Slembrouk,B,author,I
", ",I,author,I
Stefaan,I,author,I
: ,O,O,I
"Language, bureaucracy & social control",B,title,I
", ",O,O,I
London ,B,other,I
1996,B,year,I
".
",O,O,I
Scheich,B,author,B
", ",O,O,I
E.,B,author,I
: ,O,O,I
Naturbeherrschung und Weiblichkeit: Denkformen und Phantasmen der modernen Wissenschaften,B,title,I
", ",O,O,I
Pfaffenweiler ,B,other,I
1993,B,year,I
".
",O,O,I
Schiffrin,B,author,B
", ",I,author,I
Deborah,I,author,I
: ,O,O,I
Discourse markers,B,title,I
", ",O,O,I
Trowbridge ,B,other,I
1987,B,year,I
".
",O,O,I
Schiersmann,B,author,B
", ",I,author,I
Christiane,I,author,I
: ,O,O,I
Zugangsweisen von Mädchen und Frauen zu den neuen Technologien – Eine Bilanz vorliegender Untersuchungsergebnisse,B,title,I
", in:",O,O,I
 Frauenforschung Heft,B,source,I
 ,O,O,I
1+2,B,volume,I
", ",O,O,I
1987,B,year,I
", S. ",O,O,I
5,B,fpage,I
-,O,O,I
24,B,lpage,I
".
",O,O,I
Searle,B,author,B
", ",I,author,I
John,I,author,I
: ,O,O,I
Speech Acts,B,other,I
", ",O,O,I
Cambridge ,B,other,I
1969,B,year,I
".
",O,O,I
Steinbacher,B,author,B
", ",I,author,I
Karl,I,author,I
: Die Struktur des Verstehens und die Logik interkultureller Interpretationen,B,title,I
", ",O,O,I
München ,B,other,I
1984,B,year,I
".
",O,O,I
Teubner,B,author,B
", ",I,author,I
Ulrike,I,author,I
: ,O,O,I
"Neue Berufe für Frauen. Modelle zur Überwindung der Geschlecherhierarchie im Erwerbsleben, ",B,title,I
Frankfurt a.M.,B,other,I
 ,O,O,I
1989,B,year,I
".
",O,O,I
Thomas,B,author,B
", ",I,author,I
Jenny:,I,author,I
 ,O,O,I
The language of power. Towards a dynamic pragmatics,B,title,I
", in:",O,O,I
 JoP ,B,source,I
9,B,volume,I
", ",O,O,I
1985,B,year,I
", S. ",O,O,I
765,B,fpage,I
-,O,O,I
783,B,lpage,I
".
",O,O,I
Dies.,B,editor,B
: ,O,O,I
Meaning in interaction,B,title,I
", ",O,O,I
London ,B,other,I
1996,B,year,I
".
",O,O,I
Thorne,B,author,B
", ",I,author,I
Barrie,I,author,I
: ,O,O,I
Geschlecht und Interaktion: Für eine Erweiterung des konzeptuellen Spekrektrums,B,title,I
", in: ",O,O,I
"Braun, F.",B,editor,I
 & ,O,O,I
U. Pasero,B,editor,I
", ",O,O,I
1997,B,year,I
", S. ",O,O,I
320,B,fpage,I
-,O,O,I
335,B,lpage,I
".
",O,O,I
Wajcmann,B,author,B
", ",I,author,I
Judy,I,author,I
: ,O,O,I
"Technik und Geschlecht. Die feministische Technikdebatte, ",B,title,I
Frankfurt a.M.,B,other,I
 ,O,O,I
1994,B,year,I
".
",O,O,I
Walter,B,author,B
", ",I,author,I
Christel,I,author,I
: ,O,O,I
"Technik, Studium und Geschlecht. Was verändert sich im Technik- und Selbstkonzept der Geschlechter?",B,title,I
", ",O,O,I
Opladen,B,other,I
 ,O,O,I
1998,B,year,I
".
",O,O,I
Wardhaugh,B,author,B
", ",I,author,I
Ronald:,I,author,I
 ,O,O,I
An introduction to sociolinguistics,B,title,I
", ",O,O,I
Oxford ,B,other,I
1998,B,year,I
".
",O,O,I
Wodak,B,author,B
", ",I,author,I
Ruth,I,author,I
: ,O,O,I
Disorders of discourse,B,title,I
", ",O,O,I
London ,B,other,I
1996,B,year,I
".
",O,O,I
