token,tag,label,ref
Asplund ,B,author,B
K,I,author,I
",",O,O,I
 ,B,author,I
Ashburner ,I,author,I
S,I,author,I
", ",O,O,I
Cargill ,B,author,I
K,I,author,I
",",O,O,I
 ,B,author,I
Hux ,I,author,I
M,I,author,I
", ",O,O,I
Lees ,B,author,I
K,I,author,I
", ",O,O,I
Drummond ,B,author,I
M,I,author,I
",",O,O,I
 et al,B,other,I
 (,O,O,I
2003,B,year,I
) ,O,O,I
Health care resource use and stroke outcome,B,title,I
. ,O,O,I
Multinational comparisons within the GAIN International trial. Int J Technol Assess Health Care,B,source,I
 ,O,O,I
19,B,volume,I
 (,O,O,I
2):267,B,fpage,I
 - ,O,O,I
277,B,lpage,I
"
",O,O,I
Bastian ,B,author,B
H,I,author,I
",",O,O,I
 ,B,author,I
Bender ,I,author,I
R,I,author,I
", ",O,O,I
Ernst ,B,author,I
AS,I,author,I
", ",O,O,I
Kaiser ,B,author,I
T,I,author,I
", ",O,O,I
Kirchner ,B,author,I
H,I,author,I
", ",O,O,I
KolominskyRabas ,B,author,I
P,I,author,I
",",O,O,I
 ,B,author,I
Lange ,I,author,I
S,I,author,I
", ",O,O,I
Sawicki ,B,author,I
PT,I,author,I
", ",O,O,I
Weber ,B,author,I
M ,I,author,I
(,O,O,I
2006,B,year,I
) ,O,O,I
Methoden,B,title,I
. ,O,O,I
Köln,B,other,I
:,O,O,I
 Institut für Qualität und Wirtschaftlichkeit im Gesundheitswesen (IQWiG),B,publisher,I
. ,O,O,I
Report No.,B,other,I
: version ,O,O,I
2.0,B,volume,I
"
",O,O,I
Bryan ,B,author,B
S,I,author,I
", ",O,O,I
Brown ,B,author,I
J ,I,author,I
(,O,O,I
1998,B,year,I
) ,O,O,I
Extrapolation of cost-effectiveness information to local settings,B,title,I
. ,O,O,I
J Health Serv Res Policy,B,source,I
 ,O,O,I
3,B,volume,I
 (,O,O,I
2,B,issue,I
):,O,O,I
108,B,fpage,I
 - ,O,O,I
112,B,lpage,I
"
",O,O,I
Bytzer ,B,author,B
P ,I,author,I
(,O,O,I
1999,B,year,I
) ,O,O,I
Cost-effectiveness of gastroscopy,B,title,I
. ,O,O,I
Ital J Gastroenterol Hepatol,B,source,I
 ,O,O,I
31,B,volume,I
 (,O,O,I
8,B,issue,I
):,O,O,I
749 ,B,fpage,I
- ,O,O,I
760,B,lpage,I
"
",O,O,I
Claxton ,B,author,B
K,I,author,I
", ",O,O,I
Sculpher ,B,author,I
M,I,author,I
", ",O,O,I
McCabe ,B,author,I
C,I,author,I
", ",O,O,I
Briggs ,B,author,I
A,I,author,I
", ",O,O,I
Akehurst ,B,author,I
R,I,author,I
", ",O,O,I
Buxton ,B,author,I
M,I,author,I
", ",O,O,I
Brazier ,B,author,I
J,I,author,I
", ",O,O,I
O’Hagan,B,author,I
 ,I,author,I
T ,I,author,I
(,O,O,I
2005,B,year,I
) ,O,O,I
Probabilistic sensitivity analysis for NICE technology assessment: not an optional extra,B,title,I
. ,O,O,I
Health Econ,B,source,I
 ,O,O,I
14,B,volume,I
 (,O,O,I
4,B,issue,I
):,O,O,I
339 ,B,fpage,I
- ,O,O,I
347,B,lpage,I
"
",O,O,I
Cook ,B,author,B
JR,I,author,I
", ",O,O,I
Drummond ,B,author,I
M,I,author,I
",",O,O,I
 ,B,author,I
Glick ,I,author,I
H,I,author,I
", ",O,O,I
Heyse ,B,author,I
JF,I,author,I
 (,O,O,I
2003,B,year,I
) ,O,O,I
Assessing the appropriateness of combining economic data from multinational clinical trials,B,title,I
. ,O,O,I
Stat Med,B,source,I
 ,O,O,I
22,B,volume,I
 (,O,O,I
12,B,issue,I
):,O,O,I
1955 ,B,fpage,I
- ,O,O,I
1976,B,lpage,I
"
",O,O,I
Demol ,B,author,B
P,I,author,I
", ",O,O,I
Weihrauch ,B,author,I
TR,I,author,I
 (,O,O,I
1997,B,year,I
) ,O,O,I
"Multi-national clinical therapy studies. Design, management and costs (in German",B,title,I
). ,O,O,I
Med Klin (Munich),B,other,I
 ,O,O,I
92,B,volume,I
 (,O,O,I
2,B,issue,I
):,O,O,I
117 ,B,fpage,I
- ,O,O,I
123,B,lpage,I
"
",O,O,I
Drummond ,B,author,B
 ,I,author,I
MF,I,author,I
",",O,O,I
 ,B,author,I
Pang,I,author,I
 ,I,author,I
F ,I,author,I
(,O,O,I
2001,B,year,I
) ,O,O,I
Transferability of economic evaluation results,B,title,I
. In: ,O,O,I
Drummond MF,B,editor,I
", ",O,O,I
McGuire A,B,editor,I
 (eds) ,O,O,I
Economic evaluation in health care: merging theory with practice,B,source,I
. ,O,O,I
Oxford University Press,B,publisher,I
", ",O,O,I
Oxford,B,other,I
"
",O,O,I
Drummond ,B,author,B
MF,I,author,I
", ",O,O,I
O’Brien,B,author,I
 ,I,author,I
BJ,I,author,I
", ",O,O,I
Stoddart ,B,author,I
GL,I,author,I
", ",O,O,I
Torrance ,B,author,I
GW ,I,author,I
(,O,O,I
1997,B,year,I
) ,B,author,I
"Methods for economic evaluation of health care programmes, 2nd edn",B,title,I
. ,B,author,I
Oxford University Press,B,publisher,I
", ",B,author,I
Oxford,B,other,I
"
",O,O,I
Grieve ,B,author,B
R,I,author,I
", ",O,O,I
Nixon ,B,author,I
R,I,author,I
", ",O,O,I
Thompson ,B,author,I
SG,I,author,I
", ",O,O,I
Normand ,B,author,I
C ,I,author,I
(,O,O,I
2005,B,year,I
) ,O,O,I
Using multilevel models for assessing the variability of multinational resource use and cost data,B,title,I
. ,O,O,I
Health Econ,B,source,I
 ,O,O,I
14,B,volume,I
 (,O,O,I
2,B,issue,I
):,O,O,I
185 ,B,fpage,I
- ,O,O,I
196,B,lpage,I
"
",O,O,I
Halliday ,B,author,B
RG,I,author,I
", ",O,O,I
Darba ,B,author,I
J ,I,author,I
(,O,O,I
2003,B,year,I
) ,O,O,I
Cost data assessment in multinational economic evaluations: some theory and review of published studies,B,title,I
. ,O,O,I
Appl Health Econ Health Policy,B,source,I
 ,O,O,I
2,B,volume,I
 (,O,O,I
3,B,issue,I
):,O,O,I
149 ,B,fpage,I
- ,O,O,I
155,B,lpage,I
"
",O,O,I
Hay ,B,author,B
J,I,author,I
", ",O,O,I
Jackson,B,author,I
 ,I,author,I
J ,I,author,I
(,O,O,I
1999,B,year,I
) ,O,O,I
Panel 2: methodological issues in conducting pharmacoeconomic evaluations-modeling studies,B,title,I
. ,O,O,I
Value Health,B,source,I
 ,O,O,I
2,B,volume,I
 (,O,O,I
2,B,issue,I
):,O,O,I
78 ,B,fpage,I
- ,O,O,I
81,B,lpage,I
"
",O,O,I
Heyland ,B,author,B
DK,I,author,I
", ",O,O,I
Kernerman ,B,author,I
P,I,author,I
", ",O,O,I
Gafni ,B,author,I
A,I,author,I
", ",O,O,I
Cook ,B,author,I
DJ ,I,author,I
(,O,O,I
1996,B,year,I
) ,O,O,I
Economic evaluations in the critical care literature: do they help us improve the efficiency of our unit,B,title,I
? ,O,O,I
Crit Care Med,B,source,I
 ,O,O,I
24,B,volume,I
 (,O,O,I
9,B,issue,I
):,O,O,I
1591,B,fpage,I
 - ,O,O,I
1598,B,lpage,I
"
",O,O,I
Hjelmgren ,B,author,B
J,I,author,I
", ",O,O,I
Berggren ,B,author,I
F,I,author,I
", ",O,O,I
Andersson ,B,author,I
F,I,author,I
 (,O,O,I
2001,B,year,I
) ,O,O,I
"Health economic guidelines—similarities, differences and some implications",B,title,I
. ,O,O,I
Value Health,B,source,I
 ,O,O,I
4,B,volume,I
 (,O,O,I
3,B,issue,I
):,O,O,I
225 ,B,fpage,I
- ,O,O,I
250,B,lpage,I
"
",O,O,I
Jönsson ,B,author,B
B,I,author,I
", ",O,O,I
Weinstein ,B,author,I
MC ,I,author,I
(,O,O,I
1997,B,year,I
) ,O,O,I
Economic evaluation alongside multinational clinical trials. Study considerations for GUSTO IIb,B,title,I
. ,O,O,I
Int J Technol Assess Health Care,B,source,I
 ,O,O,I
13,B,volume,I
 (,O,O,I
1,B,issue,I
):,O,O,I
49 ,B,fpage,I
- ,O,O,I
58,B,lpage,I
"
",O,O,I
Kaplan ,B,author,B
GA,I,author,I
", ",O,O,I
Keil ,B,author,I
JE ,I,author,I
(,O,O,I
1993,B,year,I
) ,O,O,I
Socioeconomic factors and cardiovascular disease: a review of the literature,B,title,I
. ,O,O,I
Circulation,B,source,I
 ,O,O,I
88,B,volume,I
 (,O,O,I
4 Pt 1,B,issue,I
):,O,O,I
1973,B,fpage,I
- ,O,O,I
1998,B,lpage,I
"
",O,O,I
Koopmanschap ,B,author,B
MA,I,author,I
", ",O,O,I
Touw ,B,author,I
KC,I,author,I
", ",O,O,I
Rutten ,B,author,I
FF ,I,author,I
(,O,O,I
2001,B,year,I
) ,O,O,I
Analysis of costs and cost-effectiveness in multinational trials,B,title,I
. ,O,O,I
Health Policy,B,source,I
 ,O,O,I
58,B,volume,I
 (,O,O,I
2,B,issue,I
):,O,O,I
175 ,B,fpage,I
- ,O,O,I
186,B,lpage,I
"
",O,O,I
Manca ,B,author,B
A,I,author,I
", ",O,O,I
Willan ,B,author,I
AR ,I,author,I
(,O,O,I
2006,B,year,I
) ‘,O,O,I
Lost in translation’: accounting for between-country differences in the analysis of multinational costeffectiveness data,B,title,I
. ,O,O,I
Pharmacoeconomics,B,source,I
 ,O,O,I
24,B,volume,I
 (,O,O,I
11,B,issue,I
):,O,O,I
1101 ,B,fpage,I
- ,O,O,I
1119,B,lpage,I
"
",O,O,I
Menzin ,B,author,B
J,I,author,I
", ",O,O,I
Oster ,B,author,I
G,I,author,I
", ",O,O,I
Davies ,B,author,I
L,I,author,I
", ",O,O,I
Drummond ,B,author,I
MF,I,author,I
", ",O,O,I
Greiner ,B,author,I
W,I,author,I
", ",O,O,I
Lucioni ,B,author,I
C,I,author,I
", ",O,O,I
Merot ,B,author,I
JL,I,author,I
", ",O,O,I
Rossi ,B,author,I
F,I,author,I
", ",O,O,I
vd Schulenburg,B,author,I
 ,I,author,I
JG,I,author,I
", ",O,O,I
Souêtre ,B,author,I
E ,I,author,I
(,O,O,I
1996,B,year,I
) ,O,O,I
A multinational economic evaluation of rhDNase in the treatment of cystic fibrosis,B,title,I
. ,O,O,I
Int J Technol Assess Health Care,B,source,I
 ,O,O,I
12,B,volume,I
 (,O,O,I
1,B,issue,I
):,O,O,I
52 ,B,fpage,I
- ,O,O,I
61,B,lpage,I
"
",O,O,I
Moayyedi ,B,author,B
P ,I,author,I
(,O,O,I
2007,B,year,I
) ,O,O,I
The health economics of Helicobacter pylori infection,B,title,I
. ,O,O,I
Best Pract Res Clin Gastroenterol,B,source,I
 ,O,O,I
21,B,volume,I
 (,O,O,I
2,B,issue,I
):,O,O,I
347 ,B,fpage,I
- ,O,O,I
361,B,lpage,I
"
",O,O,I
O’Brien,B,author,B
 ,I,author,I
BJ ,I,author,I
(,O,O,I
1997,B,year,I
) ,O,O,I
A tale of two (or more) cities: geographic transferability of pharmacoeconomic data,B,title,I
. ,O,O,I
Am J Manag Care,B,source,I
 ,O,O,I
3,B,volume,I
 (Suppl):,O,O,I
S33,B,fpage,I
-,O,O,I
S39,B,lpage,I
"
",O,O,I
Ontario Ministry of Health and Long-Term Care,B,editor,B
 (,O,O,I
1994,B,year,I
) ,O,O,I
Ontario guidelines for economic analysis of pharmaceutical products,B,title,I
. ,O,O,I
Queen’s Printer for Ontario,B,publisher,I
"
",O,O,I
Pang ,B,author,B
F ,I,author,I
(,O,O,I
2002,B,year,I
) ,O,O,I
"Design, analysis and presentation of multinational economic studies: the need for guidance",B,title,I
. ,O,O,I
Pharmacoeconomics,B,source,I
 ,O,O,I
20,B,volume,I
 (,O,O,I
2,B,issue,I
):,O,O,I
75 ,B,fpage,I
- ,O,O,I
90,B,lpage,I
"
",O,O,I
Pinto ,B,author,B
EM,I,author,I
", ",O,O,I
Willan ,B,author,I
AR,I,author,I
", ",O,O,I
O’Brien,B,author,I
 ,I,author,I
BJ ,I,author,I
(,O,O,I
2005,B,year,I
) ,O,O,I
Cost-effectiveness analysis for multinational clinical trials,B,title,I
. ,O,O,I
Stat Med,B,source,I
 ,O,O,I
24,B,volume,I
 (,O,O,I
13,B,issue,I
):,O,O,I
1965 ,B,fpage,I
- ,O,O,I
1982,B,lpage,I
"
",O,O,I
Reed ,B,author,B
SD,I,author,I
", ",O,O,I
Anstrom ,B,author,I
KJ,I,author,I
", ",O,O,I
Bakhai ,B,author,I
A,I,author,I
", ",O,O,I
Briggs ,B,author,I
AH,I,author,I
", ",O,O,I
Califf ,B,author,I
RM,I,author,I
", ",O,O,I
Cohen ,B,author,I
DJ,I,author,I
", ",O,O,I
Drummond,B,author,I
 ,I,author,I
MF,I,author,I
", ",O,O,I
Glick,B,author,I
 ,I,author,I
HA,I,author,I
", ",O,O,I
Gnanasakthy ,B,author,I
A,I,author,I
", ",O,O,I
Hlatky ,B,author,I
MA ,I,author,I
et al,B,other,I
 (,O,O,I
2005,B,year,I
) ,O,O,I
Conducting economic evaluations alongside multinational clinical trials: toward a research consensus,B,title,I
. ,O,O,I
Am Heart J,B,other,I
 ,O,O,I
149,B,volume,I
 (,O,O,I
3,B,issue,I
):,O,O,I
434 ,B,fpage,I
- ,O,O,I
443,B,lpage,I
"
",O,O,I
Schöffski ,B,author,B
O,I,author,I
", ",O,O,I
Graf von der Schulenburg ,B,author,I
JM ,I,author,I
(,O,O,I
2007,B,year,I
) ,O,O,I
Die Standardisierung der Methodik: Guidelines,B,title,I
. In: ,O,O,I
"Gesundheitsökonomische Evaluationen,",B,source,I
 ,O,O,I
3,B,volume,I
 ed. ,O,O,I
Spinger,B,publisher,I
", ",O,O,I
Berlin,B,other,I
", pp ",O,O,I
471,B,fpage,I
 - ,O,O,I
489,B,lpage,I
"
",O,O,I
Sculpher ,B,author,B
MJ,I,author,I
", ",O,O,I
Pang ,B,author,I
FS,I,author,I
", ",O,O,I
Manca ,B,author,I
A,I,author,I
", ",O,O,I
Drummond ,B,author,I
MF,I,author,I
", ",O,O,I
Golder ,B,author,I
S,I,author,I
",",O,O,I
 ,B,author,I
Urdahl ,I,author,I
H,I,author,I
", ",O,O,I
Davis ,B,author,I
LM,I,author,I
", ",O,O,I
Eastwood ,B,author,I
A ,I,author,I
(,O,O,I
2004,B,year,I
) ,O,O,I
Generalisability in economic evaluation studies in healthcare: a review and case studies,B,title,I
. ,O,O,I
Health Technol Assess,B,source,I
 ,O,O,I
8,B,volume,I
 (,O,O,I
49,B,issue,I
):,O,O,I
iii,B,fpage,I
-,O,O,I
iv,B,lpage,I
"
",O,O,I
Siebert ,B,author,B
U,I,author,I
 (,O,O,I
2003,B,year,I
) ,O,O,I
When should decision-analytic modeling be used in the economic evaluation of health care,B,title,I
? ,O,O,I
Eur J Health Econ,B,source,I
 ,O,O,I
4,B,issue,I
:,O,O,I
143 ,B,fpage,I
- ,O,O,I
150,B,lpage,I
"
",O,O,I
Thompson ,B,author,B
SG,I,author,I
", ",O,O,I
Nixon ,B,author,I
RM,I,author,I
", ",O,O,I
Grieve ,B,author,I
R ,I,author,I
(,O,O,I
2006,B,year,I
) ,O,O,I
"Addressing the issues that arise in analysing multicentre cost data, with application to a multinational study",B,title,I
. ,O,O,I
J Health Econ,B,source,I
 ,O,O,I
25,B,volume,I
 (,O,O,I
6,B,issue,I
):,O,O,I
1015 ,B,fpage,I
- ,O,O,I
1028,B,lpage,I
"
",O,O,I
Willan ,B,author,B
AR,I,author,I
", ",O,O,I
Pinto ,B,author,I
EM,I,author,I
", ",O,O,I
O’Brien ,B,author,I
BJ,I,author,I
", ",O,O,I
Kaul ,B,author,I
P,I,author,I
", ",O,O,I
Goeree ,B,author,I
R,I,author,I
", ",O,O,I
Lynd ,B,author,I
L,I,author,I
", ",O,O,I
Armstrong ,B,author,I
PW ,I,author,I
(,O,O,I
2005,B,year,I
) ,O,O,I
Country specific cost comparisons from multinational clinical trials using empirical Bayesian shrinkage estimation: the Canadian ASSENT-3 economic analysis,B,title,I
. ,O,O,I
Health Econ,B,source,I
 ,O,O,I
14,B,volume,I
 (,O,O,I
4,B,issue,I
):,O,O,I
327 ,B,fpage,I
- ,O,O,I
338,B,lpage,I
"
",O,O,I
Willke ,B,author,B
RJ,I,author,I
", ",O,O,I
Glick ,B,author,I
HA,I,author,I
", ",O,O,I
Polsky ,B,author,I
D,I,author,I
", ",O,O,I
Schulman ,B,author,I
K ,I,author,I
(,O,O,I
1998,B,year,I
) ,O,O,I
Estimating country-specific cost-effectiveness from multinational clinical trials,B,title,I
. ,O,O,I
Health Econ,B,source,I
 ,O,O,I
7,B,volume,I
 (,O,O,I
6,B,issue,I
):,O,O,I
481 ,B,fpage,I
- ,O,O,I
493,B,lpage,I
"
",O,O,I
