token,tag,label,ref
Albrecht,B,author,B
", ",I,author,I
G.,I,author,I
/,O,O,I
Howe,B,author,I
", ",I,author,I
C.-W.,I,author,I
/,O,O,I
Wolterhoff-Neetix,B,author,I
", ",I,author,I
J.,I,author,I
", ",O,O,I
1988,B,year,I
: ,O,O,I
Neue Ergebnisse zum Dunkelfeld der Jugenddelinquenz: Selbstberichtete Delinquenz von Jugendlichen in zwei westdeutschen Großstädten,B,title,I
. S. ,O,O,I
661,B,fpage,I
-,O,O,I
696 ,B,lpage,I
in: ,O,O,I
"Kaiser, G.",B,editor,I
" (Hg.), ",O,O,I
Kriminologische Forschung in den 80er Jahren,B,source,I
. ,O,O,I
Freiburg,B,other,I
: ,O,O,I
Max-Planck-Institut für ausländisches und internationales Strafrecht,B,publisher,I
".
",O,O,I
Beebe,B,author,B
", ",I,author,I
T.J.,I,author,I
/,O,O,I
Harrison,B,author,I
", ",I,author,I
P.A.,I,author,I
/,O,O,I
McRae,B,author,I
", ",I,author,I
J.R.,I,author,I
/,O,O,I
Anderson,B,author,I
", ",I,author,I
R.E.,I,author,I
/,O,O,I
Fulkerson,B,author,I
", ",I,author,I
J.A.,I,author,I
", ",O,O,I
1998,B,year,I
: ,O,O,I
An evaluation of computer-assisted self-interviews in a school setting,B,title,I
. ,O,O,I
Public Opinion Quarterly,B,source,I
 ,O,O,I
62,B,volume,I
", ",O,O,I
623,B,fpage,I
- ,O,O,I
632,B,lpage,I
".
",O,O,I
Currie,B,author,B
", ",O,O,I
C.,B,author,I
/,O,O,I
Hurrelmann,B,author,I
", ",O,O,I
K.,B,author,I
/,O,O,I
Settertollubte,B,author,I
", ",O,O,I
W.,B,author,I
/,O,O,I
Smith,B,author,I
", ",O,O,I
R.,B,author,I
/,O,O,I
Todd,B,author,I
", ",O,O,I
J.,B,author,I
", ",O,O,I
2000,B,year,I
: ,O,O,I
Health and Health Behaviour Among Young People: A WHO Cross-National Study (HBSC),B,title,I
. ,O,O,I
Kopenhagen,B,other,I
: ,O,O,I
WHO,B,publisher,I
".
",O,O,I
Deutsche Forschungsgemeinschaft,B,editor,B
/,O,O,I
"Kaase, M.",B,editor,I
" (Hg.), ",O,O,I
1999,B,year,I
: ,O,O,I
Qualitätskriterien der Umfrageforschung. Denkschrift,B,title,I
. ,O,O,I
Berlin,B,other,I
: ,O,O,I
Akademie-Verlag.,B,publisher,I
"
",O,O,I
Deutsche Shell,B,editor,B
 (Hg.) ,O,O,I
2000,B,year,I
. ,O,O,I
Jugend 2000: 13. Shell Jugendstudie,B,title,I
. ,O,O,I
Opladen,B,other,I
: ,O,O,I
Leske + Budrich.,B,publisher,I
"
",O,O,I
Deutsche Shell,B,editor,B
 (Hg.) ,O,O,I
2002,B,year,I
. ,O,O,I
Jugend 2002: Zwischen pragmatischem Idealismus und robustem Materialismus,B,title,I
. ,O,O,I
Frankfurt a.M.,B,other,I
: ,O,O,I
Fischer,B,publisher,I
".
",O,O,I
Diekmann,B,author,B
", ",I,author,I
A.,I,author,I
", ",O,O,I
1998,B,year,I
: ,O,O,I
"Empirische Sozialforschung: Grundlagen, Methoden, Anwendungen",B,title,I
. ,O,O,I
Reinbeck bei Hamburg,B,other,I
: ,O,O,I
Rowohlt,B,publisher,I
".
",O,O,I
Dillman,B,author,B
", ",O,O,I
D. A.,B,author,I
", ",O,O,I
1983,B,year,I
: ,O,O,I
Mail and other Self-Administered Questionnaires,B,title,I
. S. ,O,O,I
359,B,fpage,I
-,O,O,I
376,B,lpage,I
 in: ,O,O,I
"Rossi, P. H.",B,editor,I
/,O,O,I
"Wright, J. D.",B,editor,I
/,O,O,I
"Anderson, A. B.",B,editor,I
", ",O,O,I
Handbook of Survey Research,B,source,I
. ,O,O,I
New York,B,other,I
: ,O,O,I
Academic Press,B,publisher,I
".
",O,O,I
Friedrichs,B,author,B
", ",O,O,I
J.,B,author,I
", ",O,O,I
1990: Methoden empirischer Sozialforschung,B,source,I
", ",O,O,I
14,B,issue,I
. A.. ,O,O,I
Opladen,B,other,I
: ,O,O,I
Westdeutscher Verlag,B,publisher,I
".
",O,O,I
Fuchs,B,author,B
", ",I,author,I
M.,I,author,I
/,O,O,I
Lamnek,B,author,I
", ",I,author,I
S.,I,author,I
/,O,O,I
Luedtke,B,author,I
", ",I,author,I
J.,I,author,I
", ",O,O,I
2001,B,year,I
: ,O,O,I
Tatort Schule: Gewalt an Schulen 1994-1999,B,title,I
. ,O,O,I
Opladen,B,other,I
: ,O,O,I
Leske + Budrich,B,publisher,I
".
",O,O,I
Hallfors,B,author,B
", ",I,author,I
D.,I,author,I
/,O,O,I
Khatapoush,B,author,I
", ",I,author,I
S.,I,author,I
/,O,O,I
Kadushin,B,author,I
", ",I,author,I
C.,I,author,I
/,O,O,I
Watson,B,author,I
", ",I,author,I
K.,I,author,I
/,O,O,I
Saxe,B,author,I
", ",I,author,I
L.,I,author,I
", ",O,O,I
2000,B,year,I
: ,O,O,I
"A comparison of paper vs. computer-assisted self interview for school alcohol, tobacco, and other drug surveys",B,title,I
. ,O,O,I
Evaluation and Program Planning,B,source,I
 ,O,O,I
23,B,volume,I
: ,O,O,I
149,B,fpage,I
-,O,O,I
155,B,lpage,I
".
",O,O,I
Heitmeyer,B,author,B
", ",I,author,I
W.,I,author,I
/,O,O,I
Collmann,B,author,I
", ",I,author,I
B.,I,author,I
/,O,O,I
Conrads,B,author,I
", ",I,author,I
J.,I,author,I
/,O,O,I
Matuschek,B,author,I
", ",I,author,I
I.,I,author,I
/,O,O,I
Kraul,B,author,I
", ",I,author,I
D.,I,author,I
/,O,O,I
Kühnel,B,author,I
", ",I,author,I
W.,I,author,I
/,O,O,I
Möller,B,author,I
", ",I,author,I
R.,I,author,I
/,O,O,I
Ulbrich-Hermann,B,author,I
", ",I,author,I
M.,I,author,I
", ",O,O,I
1996,B,year,I
: ,O,O,I
Gewalt: Schattenseiten der Individualisierung bei Jugendlichen aus unterschiedlichen Milieus,B,title,I
. ,O,O,I
Weinheim/München,B,other,I
: ,O,O,I
Juventa,B,publisher,I
".
",O,O,I
Hindelang,B,author,B
", ",I,author,I
M.,I,author,I
/,O,O,I
Hirschi,B,author,I
", ",I,author,I
T.,I,author,I
/,O,O,I
Weis,B,author,I
", ",I,author,I
J.,I,author,I
", ",O,O,I
1981,B,year,I
: ,O,O,I
Measuring Delinquency,B,title,I
. ,O,O,I
Beverly Hills,B,other,I
: ,O,O,I
Sage,B,publisher,I
".
",O,O,I
Hirschi,B,author,B
", ",I,author,I
T.,I,author,I
", ",O,O,I
1969,B,year,I
: ,O,O,I
Causes of Delinquency,B,title,I
. ,O,O,I
Berkeley,B,other,I
: ,O,O,I
University of California Press.,B,publisher,I
"
",O,O,I
Holtappels,B,author,B
", ",I,author,I
H. G.,I,author,I
/,O,O,I
Heitmeyer,B,author,I
", ",I,author,I
W.,I,author,I
/,O,O,I
Melzer,B,author,I
", ",I,author,I
W.,I,author,I
/,O,O,I
Tillmann,B,author,I
",",I,author,I
K.-J.,I,author,I
" (Hg.), ",O,O,I
1997,B,year,I
: ,O,O,I
"Forschung über Gewalt an Schulen: Erscheinungsformen und Ursachen, Konzepte und Prävention",B,title,I
. ,O,O,I
Weinheim/München,B,other,I
: ,O,O,I
Juventa,B,publisher,I
".
",O,O,I
Huizinga,B,author,B
", ",I,author,I
D.,I,author,I
/,O,O,I
Elliott,B,author,I
", ",I,author,I
D,I,author,I
",. ",O,O,I
1986,B,year,I
: ,O,O,I
Reassessing the reliability and validity of self-report delinquency measures,B,title,I
. ,O,O,I
Journal of Quantitative Criminology,B,source,I
 ,O,O,I
2,B,volume,I
: ,O,O,I
293,B,fpage,I
-,O,O,I
327,B,lpage,I
".
",O,O,I
Junger,B,author,B
", ",I,author,I
M.,I,author,I
", ",O,O,I
1989,B,year,I
: ,O,O,I
Discrepancies Between Police and Self-Report Data for Dutch Racial Minorities,B,title,I
. ,O,O,I
British Journal of Criminology,B,source,I
", ",O,O,I
29,B,volume,I
(,O,O,I
3,B,issue,I
): ,O,O,I
273,B,fpage,I
-,O,O,I
284,B,lpage,I
".
",O,O,I
Kerkvliet,B,author,B
", ",I,author,I
J.,I,author,I
", ",O,O,I
1994,B,year,I
: ,O,O,I
Cheating by Economics Students: A Comparison of Survey Results,B,title,I
. ,O,O,I
Journal of Economic Education,B,source,I
", ",O,O,I
25,B,volume,I
(,O,O,I
2,B,issue,I
): ,O,O,I
121,B,fpage,I
-,O,O,I
133,B,lpage,I
".
",O,O,I
Klein,B,author,B
", ",I,author,I
S.,I,author,I
/ ,O,O,I
Porst,B,author,I
", ",I,author,I
R.,I,author,I
", ",O,O,I
2000,B,year,I
: ,O,O,I
Mail Surveys. Ein Literaturbericht (ZUMA Technischer Bericht 10/2000),B,title,I
. ,O,O,I
Mannheim,B,other,I
: ,O,O,I
"Zentrum für Umfragen, Methoden und Analysen.",B,source,I
"
",O,O,I
Kreuzer,B,author,B
", ",I,author,I
A.,I,author,I
/,O,O,I
Görgen,B,author,I
", ",I,author,I
T.,I,author,I
/,O,O,I
Römer-Klees,B,author,I
", ",I,author,I
B.,I,author,I
/,O,O,I
Schneider,B,author,I
", ",I,author,I
H.,I,author,I
", ",O,O,I
1992,B,year,I
: ,O,O,I
Auswirkungen unterschiedlicher methodischer Vorgehensweisen auf die Ergebnisse selbstberichteter Deliquenz,B,title,I
. ,O,O,I
Monatsschrift für Kriminologie und Strafrechtsreform,B,source,I
 ,O,O,I
75,B,volume,I
(,O,O,I
2/3,B,issue,I
): ,O,O,I
91,B,fpage,I
-,O,O,I
104,B,lpage,I
".
",O,O,I
De Leeuw,B,author,B
", ",I,author,I
E.,I,author,I
/,O,O,I
Hox,B,author,I
", ",I,author,I
J.,I,author,I
/,O,O,I
Kef,B,author,I
", ",I,author,I
S.,I,author,I
/,O,O,I
van Hattum,B,author,I
", ",I,author,I
M.,I,author,I
", ",O,O,I
1997,B,year,I
: ,O,O,I
Overcoming the Problems of Special Interviews on Sensitive Topics: Computer Assisted Self-Interviewing Tailored for Young Children and Adolescents,B,title,I
. S. ,O,O,I
1,B,fpage,I
-,O,O,I
14,B,lpage,I
 in: ,O,O,I
Sawtooth Software Inc.,B,editor,I
" (Hg.), ",O,O,I
Sawtooth Software Conference Proceedings. Sequim,B,source,I
", ",O,O,I
WA,B,other,I
: ,O,O,I
Sawtooth Software,B,other,I
".
",O,O,I
Mansel,B,author,B
", ",I,author,I
J.,I,author,I
", ",O,O,I
2001,B,year,I
: ,O,O,I
Angst vor Gewalt: Eine Untersuchung zu jugendlichen Opfern und Tätern,B,title,I
. ,O,O,I
Weinheim; München,B,other,I
: ,O,O,I
Juventa,B,publisher,I
".
",O,O,I
Mansel,B,author,B
", ",I,author,I
J.,I,author,I
/,O,O,I
Hurrelmann,B,author,I
", ",I,author,I
K.,I,author,I
", ",O,O,I
1998,B,year,I
: ,O,O,I
"Aggressives und delinquentes Verhalten Jugendlicher im Zeitvergleich. Befunde der 'Dunkelfeldforschung'aus den Jahren 1988, 1990 und 1996.",B,title,I
 ,O,O,I
Kölner Zeitschrift für Soziologie und Sozialpsychologie,B,source,I
", ",O,O,I
50,B,volume,I
(,O,O,I
1,B,issue,I
): ,O,O,I
78,B,fpage,I
-,O,O,I
109,B,lpage,I
".
",O,O,I
"Merkens, H.",B,editor,B
", (Hg.) ",O,O,I
1999,B,year,I
: ,O,O,I
Schuljugendliche in beiden Teilen Berlins seit der Wende: Reaktionen auf den sozialen Wandel,B,title,I
. ,O,O,I
Baltmannsweiler,B,other,I
: ,O,O,I
Schneider-Verl,B,publisher,I
. ,O,O,I
Hohengehren,B,other,I
".
",O,O,I
Naplava,B,author,B
", ",I,author,I
T.,I,author,I
/,O,O,I
Oberwittler,B,author,I
", ",I,author,I
D.,I,author,I
", ",O,O,I
2002,B,year,I
: ,O,O,I
Methodeneffekte bei der Messung selbstberichteter Delinquenz von männlichen Jugendlichen – Ein Vergleich zwischen schriftlicher Befragung in der Schule und mündlicher Befragung im Haushalt,B,title,I
. ,O,O,I
Monatsschrift für Kriminologie und Strafrechtsreform,B,source,I
", ",O,O,I
85,B,volume,I
(,O,O,I
6,B,issue,I
"), ",O,O,I
im Druck,B,other,I
".
",O,O,I
Oberwittler,B,author,B
", ",I,author,I
D.,I,author,I
/,O,O,I
Blank,B,author,I
", ",I,author,I
T.,I,author,I
/,O,O,I
Köllisch,B,author,I
", ",I,author,I
T.,I,author,I
/,O,O,I
Naplava,B,author,I
", ",I,author,I
T.,I,author,I
", ",O,O,I
2001,B,year,I
: ,O,O,I
Soziale Lebenslagen und Delinquenz von Jugendlichen. Ergebnisse der MPI-Schulbefragung 1999 in Freiburg und Köln,B,title,I
. ,O,O,I
Freiburg,B,other,I
: ,O,O,I
edition iuscrim,B,publisher,I
".
",O,O,I
Oberwittler,B,author,B
", ",I,author,I
D.,I,author,I
/,O,O,I
Köllisch,B,author,I
", ",I,author,I
T.,I,author,I
/,O,O,I
Würger,B,author,I
", ",I,author,I
M.,I,author,I
", ",O,O,I
2002,B,year,I
: ,O,O,I
Selbstberichtete Delinquenz bei Jugendlichen,B,title,I
. In: ,O,O,I
"Glöckner-Rist, A.",B,editor,I
" (Hg.), ",O,O,I
ZUMA-Informationssystem. Elektronisches Handbuch sozialwissenschaftlicher Erhebungsinstrumente Version 6.0.,B,source,I
 ,O,O,I
Mannheim,B,other,I
: ,O,O,I
"Zentrum für Umfragen, Methoden und Analysen.",B,publisher,I
"
",O,O,I
Reuband,B,author,B
", ",I,author,I
K.-H.,I,author,I
", ",O,O,I
1985,B,year,I
: ,O,O,I
Methodische Probleme bei der Erfassung altersspezifischer Verhaltensweisen: die Zusammensetzung von Interviewerstäben und ihr Einfluss auf das Antwortverhalten Jugendlicher,B,title,I
. ,O,O,I
ZA-Information,B,source,I
", ",O,O,I
17,B,volume,I
: ,O,O,I
34,B,fpage,I
-,O,O,I
50,B,lpage,I
".
",O,O,I
Reuband,B,author,B
", ",I,author,I
K-H.,I,author,I
/,O,O,I
Blasius,B,author,I
", ",I,author,I
J.,I,author,I
", ",O,O,I
1996,B,year,I
: ,O,O,I
"Face-to-face-, telefonische und postalische Befragungen: Ausschöpfungsquoten und Antwortmuster in einer Großstadt-Studie",B,title,I
. ,O,O,I
Kölner Zeitschrift für Soziologie und Sozialpsychologie,B,source,I
", ",O,O,I
46,B,volume,I
(,O,O,I
2,B,issue,I
): ,O,O,I
296,B,fpage,I
-,O,O,I
318,B,lpage,I
".
",O,O,I
Schnell,B,author,B
",",I,author,I
 R.,I,author,I
", ",O,O,I
1997,B,year,I
: ,O,O,I
"Nonresponse in Bevölkerungsumfragen. Ausmaß, Entwicklung und Ursachen",B,title,I
. ,O,O,I
Opladen,B,other,I
: ,O,O,I
Leske + Budrich.,B,publisher,I
"
",O,O,I
Schnell,B,author,B
", ",O,O,I
R.,B,author,I
/ ,O,O,I
Hill,B,author,I
", ",O,O,I
P.,B,author,I
/,O,O,I
Esser,B,author,I
", ",O,O,I
E.,B,author,I
", ",O,O,I
1999,B,year,I
: ,O,O,I
Methoden der empirischen Sozialforschung,B,title,I
", ",O,O,I
6,B,issue,I
.A. ,O,O,I
München,B,other,I
: ,O,O,I
Oldenbourg,B,publisher,I
".
",O,O,I
Schumann,B,author,B
", ",I,author,I
K. F.,I,author,I
/,O,O,I
Berlitz,B,author,I
", ",I,author,I
C.,I,author,I
/,O,O,I
Guth,B,author,I
", ",I,author,I
H.-W.,I,author,I
/,O,O,I
Kaulitzki,B,author,I
", ",I,author,I
R.,I,author,I
", ",O,O,I
1987,B,year,I
: ,O,O,I
Jugendkriminalität und die Grenzen der Generalprävention,B,title,I
. ,O,O,I
Neuwied,B,other,I
: ,O,O,I
Luchterhand,B,publisher,I
".
",O,O,I
"Sturzbecher, D.",B,editor,B
", (Hg.), ",O,O,I
2001,B,year,I
: ,O,O,I
Jugend in Ostdeutschland: Lebenssituation und Delinquenz,B,title,I
. ,O,O,I
Opladen,B,other,I
: ,O,O,I
Leske + Budrich.,B,publisher,I
"
",O,O,I
Tillmann,B,author,B
", ",I,author,I
H.-J.,I,author,I
/,O,O,I
Holler-Nowotzki,B,author,I
", ",I,author,I
B.,I,author,I
/,O,O,I
Holtappels,B,author,I
", ",I,author,I
H. G.,I,author,I
/,O,O,I
Meier,B,author,I
", ",I,author,I
U.,I,author,I
/,O,O,I
Popp,B,author,I
", ",I,author,I
U.,I,author,I
", ",O,O,I
1999,B,year,I
: ,O,O,I
"Schülergewalt als Schulproblem: verursachende Bedingungen, Erscheinungsformen und pädagogische Handlungsperspektiven",B,title,I
. ,O,O,I
Weinheim/München,B,other,I
: ,O,O,I
Juventa,B,publisher,I
".
",O,O,I
Turner,B,author,B
", ",I,author,I
C.F.,I,author,I
/,O,O,I
Ku,B,author,I
", ",I,author,I
L.,I,author,I
/,O,O,I
Rogers,B,author,I
", ",I,author,I
S.M.,I,author,I
/,O,O,I
Lindberg,B,author,I
", ",I,author,I
L.D.,I,author,I
/,O,O,I
Pleck,B,author,I
", ",I,author,I
J.H.,I,author,I
/,O,O,I
Sonenstein,B,author,I
", ",I,author,I
F.L.,I,author,I
", ",O,O,I
1998,B,year,I
: ,O,O,I
"Adolescent Sexual Behavior, Drug Use, and Violence: Increased Reporting with Computer Survey Technology",B,title,I
. ,O,O,I
Science,B,source,I
 ,O,O,I
280,B,volume,I
: ,O,O,I
867,B,fpage,I
-,O,O,I
873,B,lpage,I
".
",O,O,I
Villmow,B,author,B
", ",I,author,I
B.,I,author,I
/ ,O,O,I
Stephan,B,author,I
", ",I,author,I
E.,I,author,I
", ",O,O,I
1983,B,year,I
: ,O,O,I
Jugendkriminalität in einer Gemeinde: Eine Analyse erfragter Delinquenz und Viktimisierung sowie amtlicher Registrierung,B,title,I
. ,O,O,I
Freiburg,B,other,I
: ,O,O,I
MaxPlanck-Institut.,B,publisher,I
"
",O,O,I
Wegener,B,author,B
", ",I,author,I
B.,I,author,I
", ",O,O,I
1988,B,year,I
: ,O,O,I
Kritik des Prestiges,B,title,I
. ,O,O,I
Opladen,B,other,I
: ,O,O,I
Westdeutscher Verlag.,B,publisher,I
"
",O,O,I
Wetzels,B,author,B
", ",I,author,I
P.,I,author,I
/,O,O,I
Enzmann,B,author,I
", ",I,author,I
D.,I,author,I
/,O,O,I
Pfeiffer,B,author,I
", ",I,author,I
C.,I,author,I
", ",O,O,I
2001,B,year,I
: ,O,O,I
Jugend und Gewalt. Eine repräsentative Dunkelfeldanalyse in München und acht anderen deutschen Städten,B,title,I
. ,O,O,I
Baden-Baden,B,other,I
: ,O,O,I
Nomos,B,publisher,I
".
",O,O,I
Zinnecker,B,author,B
", ",I,author,I
J.,I,author,I
/,O,O,I
Behnken,B,author,I
", ",I,author,I
I.,I,author,I
/,O,O,I
Maschke,B,author,I
", ",I,author,I
S.,I,author,I
/,O,O,I
Stecher,B,author,I
", ",I,author,I
L.,I,author,I
 ,O,O,I
2002,B,year,I
: ,O,O,I
Null zoff & voll busy,B,title,I
. ,O,O,I
Die erste Jugendgeneration des neuen Jahrhunderts. Ein Selbstbild,B,source,I
.,O,O,I
Opladen,B,other,I
: ,O,O,I
Lese + Budrich.,B,publisher,I
"
",O,O,I
