token,tag,label,ref
Aderman,B,author,B
", ",O,O,I
D.,B,author,I
/,O,O,I
Brehm,B,author,I
", ",I,author,I
S.S.,I,author,I
", ",O,O,I
1976,B,year,I
: ,O,O,I
On the recall of initial attitudes following counterattitudinal advocacy: An experimental reexamination,B,title,I
. ,O,O,I
Personality and Social Psychology Bulletin,B,source,I
 ,O,O,I
19,B,volume,I
: ,O,O,I
59,B,fpage,I
-,O,O,I
62,B,lpage,I
".
",O,O,I
Bem,B,author,B
", ",I,author,I
D.J.,I,author,I
", ",O,O,I
1972,B,year,I
: ,O,O,I
Self-perception theory,B,title,I
. S. ,O,O,I
1,B,fpage,I
-,O,O,I
62,B,lpage,I
) in ,O,O,I
L. Berkowitz,B,editor,I
" (Hrsg.), ",O,O,I
Advances in experimental social psychology,B,title,I
. Band ,O,O,I
6,B,volume,I
. ,O,O,I
New York,B,other,I
: ,O,O,I
Academic Press,B,publisher,I
".
",O,O,I
Collins,B,author,B
", ",I,author,I
L.M.,I,author,I
/,O,O,I
Graham,B,author,I
", ",I,author,I
J.W.,I,author,I
/ ,O,O,I
Hansen,B,author,I
", ",I,author,I
W.B.,I,author,I
/,O,O,I
Johnson,B,author,I
", ",I,author,I
C.A.,I,author,I
", ",O,O,I
1985,B,year,I
: ,O,O,I
Agreement between retrospektive accounts of substance use and earlier reported substance use,B,title,I
. ,O,O,I
Applied Psychological Measurement,B,source,I
 ,O,O,I
9,B,volume,I
: ,O,O,I
301,B,fpage,I
-,O,O,I
309,B,lpage,I
".
",O,O,I
Conway,B,author,B
", ",I,author,I
M.,I,author,I
/,O,O,I
Ross,B,author,I
", ",I,author,I
M.,I,author,I
", ",O,O,I
1984,B,year,I
: ,O,O,I
Getting what you want by revising what you had,B,title,I
. ,O,O,I
Journal of Personality and Social Psychology,B,source,I
 ,O,O,I
47,B,volume,I
: ,O,O,I
738,B,fpage,I
-,O,O,I
748,B,lpage,I
".
",O,O,I
Eich,B,author,B
", ",I,author,I
E.,I,author,I
/,O,O,I
Reeves,B,author,I
", ",I,author,I
J.L.,I,author,I
/,O,O,I
Jaeger,B,author,I
", ",I,author,I
B.,I,author,I
/,O,O,I
Graff-Radford,B,author,I
", ",I,author,I
S.B.,I,author,I
", ",O,O,I
1985,B,year,I
: ,O,O,I
Memory for pain: Relation between past and present pain intensity,B,title,I
. ,O,O,I
Pain,B,other,I
 ,O,O,I
23,B,volume,I
: ,O,O,I
375,B,fpage,I
-,O,O,I
379,B,lpage,I
".
",O,O,I
Feine,B,author,B
", ",I,author,I
J.S.,I,author,I
/,O,O,I
Lavigne,B,author,I
", ",I,author,I
G.J.,I,author,I
/,O,O,I
Thuan Dao,B,author,I
", ",I,author,I
T.T.,I,author,I
/,O,O,I
Morin,B,author,I
", ",I,author,I
C.,I,author,I
/,O,O,I
Lund,B,author,I
", ",I,author,I
J.P.,I,author,I
", ",O,O,I
1998,B,year,I
: ,O,O,I
Memories of chronic pain and perceptions of relief,B,title,I
. ,O,O,I
Pain,B,other,I
 ,O,O,I
77,B,volume,I
: ,O,O,I
137,B,fpage,I
-,O,O,I
141,B,lpage,I
".
",O,O,I
Festinger,B,author,B
", ",I,author,I
L.,I,author,I
", ",O,O,I
1957,B,year,I
: ,O,O,I
A theory of cognitive dissonance,B,title,I
. ,O,O,I
Stanford,B,other,I
: ,O,O,I
Stanford University Press,B,publisher,I
".
",O,O,I
Goethals,B,author,B
", ",I,author,I
G.R.,I,author,I
/,O,O,I
Reckman,B,author,I
", ",I,author,I
R.F.,I,author,I
", ",O,O,I
1973,B,year,I
: ,O,O,I
The perception of consistency in attitudes,B,title,I
. ,O,O,I
Journal of Experimental Social Psychology,B,source,I
 ,O,O,I
9,B,volume,I
: ,O,O,I
491,B,fpage,I
-,O,O,I
501,B,lpage,I
".
",O,O,I
Grau,B,author,B
", ",I,author,I
I.,I,author,I
/,O,O,I
Bierhoff,B,author,I
", ",I,author,I
H.W.,I,author,I
", ",O,O,I
1996,B,year,I
: ,O,O,I
Erinnerungsverzerrung durch implizite Theorien. Der Zusammenhang zwischen aktuellen Urteilen und Erinnerungen an frühere Urteile über sich selbst und den Lebenspartner,B,title,I
. ,O,O,I
Zeitschrift für Psychologie,B,source,I
 ,O,O,I
204,B,volume,I
: ,O,O,I
167,B,fpage,I
-,O,O,I
185,B,lpage,I
".
",O,O,I
Linton,B,author,B
", ",O,O,I
S.J.,B,author,I
/,O,O,I
Melin,B,author,I
", ",I,author,I
L.,I,author,I
", ",O,O,I
1982,B,year,I
: ,O,O,I
The accuracy of remembering chronic pain,B,title,I
. ,O,O,I
Pain,B,other,I
 ,O,O,I
13,B,volume,I
: ,O,O,I
281,B,fpage,I
-,O,O,I
285,B,lpage,I
".
",O,O,I
McFarland,B,author,B
", ",O,O,I
C.,B,author,I
/,O,O,I
Ross,B,author,I
",",I,author,I
 M.,I,author,I
", ",O,O,I
1987,B,year,I
: ,O,O,I
The relation between current impressions and memories of self and dating partners,B,title,I
. ,O,O,I
Personality and Social Psychology Bulletin,B,source,I
 ,O,O,I
13,B,volume,I
: ,O,O,I
228,B,fpage,I
-,O,O,I
238,B,lpage,I
".
",O,O,I
Moller-Jensen,B,author,B
", ",I,author,I
O.,I,author,I
/,O,O,I
Wahrendorf,B,author,I
", ",I,author,I
J.,I,author,I
/,O,O,I
Rosenqvist,B,author,I
", ",I,author,I
A.,I,author,I
/,O,O,I
Geser,B,author,I
", ",I,author,I
A.,I,author,I
", ",O,O,I
1984,B,year,I
: ,O,O,I
The reliability of questionaire-derived historical dietary information and temporal stability of food habits in individuals,B,title,I
. ,O,O,I
American Journal of Epidemiology,B,source,I
 ,O,O,I
120,B,volume,I
: ,O,O,I
281,B,fpage,I
-,O,O,I
290,B,lpage,I
".
",O,O,I
Ross,B,author,B
", ",I,author,I
M.,I,author,I
", ",O,O,I
1989,B,year,I
: ,O,O,I
Relation of implicit theories to the construction of personal histories,B,title,I
. ,O,O,I
Psychological Review,B,source,I
 ,O,O,I
96,B,volume,I
: ,O,O,I
341,B,fpage,I
-,O,O,I
357,B,lpage,I
".
",O,O,I
Ross,B,author,B
", ",I,author,I
M.,I,author,I
/,O,O,I
McFarland,B,author,I
", ",I,author,I
C.,I,author,I
/,O,O,I
Conway,B,author,I
", ",I,author,I
M.,I,author,I
/,O,O,I
Zanna,B,author,I
",",I,author,I
 M.P.,I,author,I
", ",O,O,I
1983,B,year,I
: ,O,O,I
Reciprocal relation between attitudes and behavior recall: Committing people to newly formed attitudes,B,title,I
. ,O,O,I
Journal of Personality and Social Psychology,B,source,I
 ,O,O,I
45,B,volume,I
: ,O,O,I
257,B,fpage,I
-,O,O,I
267,B,lpage,I
".
",O,O,I
Ross,B,author,B
", ",O,O,I
M.,B,author,I
/,O,O,I
McFarland,B,author,I
", ",I,author,I
C.,I,author,I
/,O,O,I
Fletcher,B,author,I
", ",I,author,I
G.J.O.,I,author,I
", ",O,O,I
1981,B,year,I
: ,O,O,I
The effect of attitude on the recall of personal histories,B,title,I
. ,O,O,I
Journal of Personality and Social Psychology,B,source,I
 ,O,O,I
10,B,volume,I
: ,O,O,I
627,B,fpage,I
-,O,O,I
634,B,lpage,I
".
",O,O,I
Schwarz,B,author,B
", ",I,author,I
N.,I,author,I
", ",O,O,I
1993,B,year,I
: ,O,O,I
Theorien konzeptgesteuerter Informationsverarbeitung,B,title,I
. S. ,O,O,I
269,B,fpage,I
-,O,O,I
291,B,lpage,I
 in ,O,O,I
D. Frey,B,editor,I
/,O,O,I
M. Irle,B,editor,I
" (Hrsg.), ",O,O,I
Theorien der Sozialpsychologie,B,source,I
. Band ,O,O,I
3,B,volume,I
. ,O,O,I
Bern,B,other,I
: ,O,O,I
Huber,B,publisher,I
".
",O,O,I
Sudman,B,author,B
", ",I,author,I
S.,I,author,I
/,O,O,I
Schwarz,B,author,I
", ",I,author,I
N.,I,author,I
", ",O,O,I
1989,B,year,I
: ,O,O,I
Contributions of cognitive Psychology to advertising research,B,title,I
. ,O,O,I
Journal of Advertising Research,B,source,I
 ,O,O,I
29,B,volume,I
: ,O,O,I
43,B,fpage,I
-,O,O,I
53,B,lpage,I
".
",O,O,I
Tedeschi,B,author,B
", ",I,author,I
J.T.,I,author,I
", ",O,O,I
1981,B,year,I
: ,O,O,I
Impression management theory and social psychological research,B,title,I
. ,O,O,I
New York:,B,other,I
 ,O,O,I
Academic Press,B,publisher,I
".
",O,O,I
Tversky,B,author,B
", ",O,O,I
A.,B,author,I
/,O,O,I
Kahneman,B,author,I
", ",I,author,I
D.,I,author,I
", ",O,O,I
1974,B,year,I
: ,O,O,I
Judgment under uncertainty: Heuristics and biases,B,title,I
. ,O,O,I
Science,B,source,I
 ,O,O,I
185,B,volume,I
: ,O,O,I
1124,B,fpage,I
-,O,O,I
1131,B,lpage,I
".
",O,O,I
Wahrendorf,B,author,B
", ",I,author,I
J.,I,author,I
", ",O,O,I
1985,B,year,I
: ,O,O,I
Questionaire-derived historic dietary information,B,title,I
. ,O,O,I
Elsevier Science Publishers B.V. (Biomedical Division),B,publisher,I
. ,O,O,I
Diet and human carcinogenesis,B,source,I
. ,O,O,I
J.V. Joossens,B,editor,I
 ,O,O,I
et al. editors,B,other,I
".
",O,O,I
Wegener,B,author,B
", ",I,author,I
D.T.,I,author,I
/,O,O,I
Petty,B,author,I
", ",I,author,I
R.E.,I,author,I
", ",O,O,I
1995,B,year,I
: ,O,O,I
Flexible correction processes in social judgment: The role of naive theories in corrections for perceived bias,B,title,I
. ,O,O,I
Journal of Personality and Social Psychology,B,source,I
 ,O,O,I
68,B,volume,I
: ,O,O,I
36,B,fpage,I
-,O,O,I
51,B,lpage,I
".
",O,O,I
Wilson,B,author,B
", ",I,author,I
T.D.,I,author,I
/,O,O,I
Brekke,B,author,I
", ",I,author,I
N.,I,author,I
", ",O,O,I
1994,B,year,I
: ,O,O,I
Mental contamination and mental correction: Unwanted influences on judgments and evaluations,B,title,I
. ,O,O,I
Psychological Bulletin,B,source,I
 ,O,O,I
116,B,volume,I
: ,O,O,I
117,B,fpage,I
-,O,O,I
142,B,lpage,I
".
",O,O,I
Wippich,B,author,B
", ",I,author,I
W.,I,author,I
/,O,O,I
Olk,B,author,I
", ",I,author,I
"C.,",I,author,I
 ,O,O,I
1987,B,year,I
: ,O,O,I
Wann beeinflussen Einstellungen Erinnerungen an eigenes Verhalten? Zeitschrift für experimentelle und angewandte,B,title,I
 ,O,O,I
Psychologie,B,source,I
 ,O,O,I
34,B,volume,I
: ,O,O,I
136,B,fpage,I
-,O,O,I
154,B,lpage,I
".
",O,O,I
Wippich,B,author,B
",",I,author,I
 W.,I,author,I
/,O,O,I
Schulte,B,author,I
", ",I,author,I
A.,I,author,I
/,O,O,I
Mecklenbräuker,B,author,I
", ",I,author,I
S.,I,author,I
", ",O,O,I
1989,B,year,I
: ,O,O,I
Weitere Evidenzen zum Einfluß induzierter Einstellungen auf Erinnerungen an eigenes Verhalten,B,title,I
. ,O,O,I
Zeitschrift für experimentelle und angewandte Psychologie,B,source,I
 ,O,O,I
36,B,volume,I
: ,O,O,I
162,B,fpage,I
-,O,O,I
179,B,lpage,I
".
",O,O,I
Withey,B,author,B
", ",I,author,I
S.B.,I,author,I
", ",O,O,I
1954,B,year,I
: ,O,O,I
Reliability of recall of income,B,title,I
. ,O,O,I
Public Opinion Quarterly,B,source,I
 ,O,O,I
18,B,volume,I
: ,O,O,I
197,B,fpage,I
-,O,O,I
204,B,lpage,I
".
",O,O,I
