token,tag,label,ref
Boers,B,author,B
", ",I,author,I
Klaus,I,author,I
", ",O,O,I
1991,B,year,I
: ,O,O,I
Kriminalitätsfurcht: Über den Entstehungszusammenhang und die Folgen eines sozialen Problems,B,title,I
. ,O,O,I
Pfaffenweiler,B,other,I
: ,O,O,I
Centaurus,B,publisher,I
".
",O,O,I
Dittmann,B,author,B
", ",I,author,I
Jörg,I,author,I
", ",O,O,I
2005,B,year,I
: ,O,O,I
Entwicklung der Kriminalitätseinstellungen in Deutschland – eine Zeitreihenanalyse anhand allgemeiner Bevölkerungsumfragen,B,title,I
. ,O,O,I
Discussion Paper ,B,source,I
468,B,volume,I
", ",O,O,I
DIW Berlin,B,publisher,I
".
",O,O,I
Noll,B,author,B
", ",I,author,I
Heinz-Herbert,I,author,I
", ",O,O,I
Weick,B,author,I
", ",I,author,I
Stefan,I,author,I
", ",O,O,I
2000,B,year,I
: ,O,O,I
Bürger empfinden weniger Furcht vor Kriminalität,B,title,I
. ,O,O,I
Informationsdienst Soziale Indikatoren (ISI) ,B,source,I
23,B,volume,I
: ,O,O,I
1,B,fpage,I
-,O,O,I
5,B,lpage,I
".
",O,O,I
Reuband,B,author,B
", ",I,author,I
Karl-Heinz,I,author,I
", ",O,O,I
1998,B,year,I
: ,O,O,I
"Kriminalität in den Medien: Erscheinungsformen, Nutzungsstruktur und Auswirkungen auf die Kriminalitätsfurcht",B,title,I
. ,O,O,I
Soziale Probleme ,B,source,I
9,B,volume,I
: ,O,O,I
122,B,fpage,I
-,O,O,I
153,B,lpage,I
.,O,O,I
