token,tag,label,ref
Adatto,B,author,B
",",I,author,I
 K.,I,author,I
 (,O,O,I
1990,B,year,I
) ,O,O,I
"Sound Bite Democracy: Network Evening News Presidential Campaign Coverage, 1968 and 1988",B,title,I
. ,O,O,I
Research paper,B,source,I
 ,O,O,I
R-2,B,volume,I
. ,O,O,I
"Cambridge, MA",B,other,I
:,O,O,I
 Harvard University,B,publisher,I
".
",O,O,I
Allan,B,author,B
", ",I,author,I
S.,I,author,I
 (,O,O,I
2002,B,year,I
) ,O,O,I
"Media, Risk and Science",B,title,I
. ,O,O,I
Buckingham,B,other,I
: ,O,O,I
Open University Press,B,publisher,I
".
",O,O,I
Altheide,B,author,B
", ",I,author,I
D.L,I,author,I
. and ,O,O,I
Snow,B,author,I
", ",I,author,I
R.P,I,author,I
. (,O,O,I
1979,B,year,I
) ,O,O,I
Media Logic. Beverly Hills,B,title,I
", ",O,O,I
CA,B,other,I
: ,O,O,I
SAGE,B,publisher,I
".
",O,O,I
Altheide,B,author,B
", ",I,author,I
D.L.,I,author,I
 and ,O,O,I
Snow,B,author,I
", ",I,author,I
R.P.,I,author,I
 (,O,O,I
1991,B,year,I
) ,O,O,I
Media Worlds in the Postjournalism Era,B,title,I
. ,O,O,I
New York:,B,other,I
 ,O,O,I
Aldine de Gruyter,B,publisher,I
".
",O,O,I
Andsager,B,author,B
", ",I,author,I
J.,I,author,I
 and ,O,O,I
Smiley,B,author,I
", ",I,author,I
L.,I,author,I
 (,O,O,I
1998,B,year,I
) “,O,O,I
Evaluating the Public Information: Shaping News Coverage of the Silicone Implant Controversy,B,title,I
",” ",O,O,I
Public Relations Review,B,source,I
 ,O,O,I
24,B,volume,I
 (,O,O,I
2,B,issue,I
): ,O,O,I
183,B,fpage,I
 - ,O,O,I
201,B,lpage,I
".
",O,O,I
Bakker,B,author,B
", ",I,author,I
P.,I,author,I
 and ,O,O,I
Scholten,B,author,I
", ",I,author,I
O.,I,author,I
 (,O,O,I
2005,B,year,I
) ,O,O,I
De communicatiekaart van Nederland,B,title,I
. ,O,O,I
Amsterdam,B,other,I
: ,O,O,I
Kluwer,B,publisher,I
".
",O,O,I
Brants,B,author,B
", ",I,author,I
K.,I,author,I
 (,O,O,I
1998,B,year,I
) “,O,O,I
Who’s Afraid of Infotainment,B,title,I
"?,” ",O,O,I
European Journal of Communication,B,source,I
 ,O,O,I
13,B,volume,I
 (,O,O,I
3,B,issue,I
): ,O,O,I
315,B,fpage,I
 - ,O,O,I
35,B,lpage,I
".
",O,O,I
Cheveigné,B,author,B
", ",I,author,I
S. de,I,author,I
 (,O,O,I
2006,B,year,I
) “,O,O,I
Science and Technology on TV News,B,title,I
",” in ",O,O,I
J. Willems,B,editor,I
 and ,O,O,I
W. Göpfert,B,editor,I
 (eds) ,O,O,I
Science and the Power of TV,B,source,I
", pp. ",O,O,I
85,B,fpage,I
 - ,O,O,I
100,B,lpage,I
. ,O,O,I
Amsterdam,B,other,I
: ,O,O,I
VU University Press,B,publisher,I
".
",O,O,I
Dawkins,B,author,B
", ",I,author,I
R.,I,author,I
 (,O,O,I
1998,B,year,I
) ,O,O,I
Unweaving the Rainbow,B,title,I
. ,O,O,I
Harmondsworth,B,other,I
: ,O,O,I
Penguin,B,publisher,I
".
",O,O,I
Durant,B,author,B
", ",I,author,I
J.,I,author,I
", ",O,O,I
Evans,B,author,I
", ",I,author,I
G.,I,author,I
 and ,O,O,I
Thomas,B,author,I
", ",I,author,I
G.,I,author,I
 (,O,O,I
1992,B,year,I
) “,O,O,I
Public Understanding of Science in Britain: the Role of Medicine in the Popular Representation of Science,B,title,I
",” ",O,O,I
Public Understanding of Science,B,source,I
 ,O,O,I
1,B,volume,I
 (,O,O,I
2,B,issue,I
): ,O,O,I
161,B,fpage,I
 - ,O,O,I
82,B,lpage,I
".
",O,O,I
Einsiedel,B,author,B
", ",I,author,I
E.F,I,author,I
. (,O,O,I
1992,B,year,I
) “,O,O,I
Framing Science and Technology in the Canadian Press,B,title,I
",” ",O,O,I
Public Understanding of Science,B,source,I
 ,O,O,I
1,B,volume,I
 (,O,O,I
1,B,issue,I
): ,O,O,I
89,B,fpage,I
 - ,O,O,I
101,B,lpage,I
".
",O,O,I
Epstein,B,author,B
", ",I,author,I
S.,I,author,I
 (,O,O,I
1996,B,year,I
) ,O,O,I
"Impure Science: AIDS, Activism and the Politics of Knowledge",B,title,I
. ,O,O,I
Berkeley,B,other,I
", ",O,O,I
CA,B,other,I
: ,O,O,I
University of California Press,B,publisher,I
".
",O,O,I
European Commission,B,editor,B
 (,O,O,I
2001,B,year,I
) ,O,O,I
"Europeans, Science and Technology",B,title,I
. ,O,O,I
Eurobarometer,B,source,I
 ,O,O,I
55.2,B,issue,I
. ,O,O,I
Brussels,B,other,I
: ,O,O,I
"European Commission, Research Directorate-General",B,publisher,I
".
",O,O,I
Galtung,B,author,B
", ",I,author,I
J.,I,author,I
 and ,O,O,I
Ruge,B,author,I
", ",I,author,I
M.H,I,author,I
. (,O,O,I
1965,B,year,I
) “,O,O,I
"The Structure of Foreign News: The Presentation of the Congo, Cuba and Cyprus Crises in Four Norwegian Newspapers",B,title,I
",” ",O,O,I
Journal of Peace Research,B,source,I
 ,O,O,I
2,B,volume,I
 (,O,O,I
1,B,issue,I
): ,O,O,I
64,B,fpage,I
 - ,O,O,I
91,B,lpage,I
".
",O,O,I
Göpfert,B,author,B
",",I,author,I
 W.,I,author,I
 (,O,O,I
1996,B,year,I
) “,O,O,I
"Scheduled Science: TV Coverage of Science, Technology, Medicine and Social Science and Programming in Britain and Germany",B,title,I
",” ",O,O,I
Public Understanding of Science,B,source,I
 ,O,O,I
5,B,volume,I
 (,O,O,I
4,B,issue,I
): ,O,O,I
361,B,fpage,I
 - ,O,O,I
74,B,lpage,I
".
",O,O,I
Hagendijk,B,author,B
", ",I,author,I
R.P.,I,author,I
 (,O,O,I
1996,B,year,I
) ,O,O,I
"Wetenschap, constructivisme en cultuur",B,title,I
. ,O,O,I
Amsterdam,B,other,I
: ,O,O,I
Luna Negra,B,publisher,I
".
",O,O,I
Hagendijk,B,author,B
", ",I,author,I
R.P,I,author,I
. (,O,O,I
2004,B,year,I
) “,O,O,I
The Public Understanding of Science and Public Participation in Regulated Worlds,B,title,I
",” ",O,O,I
Minerva,B,source,I
 ,O,O,I
42,B,volume,I
 (,O,O,I
1,B,issue,I
): ,O,O,I
41,B,fpage,I
 - ,O,O,I
59,B,lpage,I
".
",O,O,I
Hargreaves,B,author,B
", ",I,author,I
I.,I,author,I
 and ,O,O,I
Ferguson,B,author,I
", ",I,author,I
G.,I,author,I
 (,O,O,I
2001,B,year,I
) ,O,O,I
Who’s Misunderstanding Whom? An Inquiry into the Relationship between Science and the Media,B,title,I
. ,O,O,I
Swindon,B,other,I
:,O,O,I
 ,O,O,I
Economic and Social Research Council,B,publisher,I
".
",O,O,I
Kent,B,author,B
", ",I,author,I
J.,I,author,I
 (,O,O,I
2003,B,year,I
) “,O,O,I
Lay Experts and the Politics of Breast Implants,B,title,I
",” ",O,O,I
Public Understanding of Science,B,source,I
 ,O,O,I
12,B,volume,I
 (,O,O,I
4,B,issue,I
): ,O,O,I
403,B,fpage,I
 - ,O,O,I
21,B,lpage,I
".
",O,O,I
Kepplinger,B,author,B
", ",I,author,I
H.M,I,author,I
. (,O,O,I
2002,B,year,I
) “,O,O,I
Mediatization of Politics: Theory and Data,B,title,I
",” ",O,O,I
Journal of Communication,B,source,I
 ,O,O,I
December,B,other,I
: ,O,O,I
972,B,fpage,I
 - ,O,O,I
95,B,lpage,I
".
",O,O,I
Kirby,B,author,B
", ",I,author,I
D.A,I,author,I
. (,O,O,I
2003,B,year,I
) “,O,O,I
Scientist on the Set: Science Consultants and the Communication of Science in Visual Fiction,B,title,I
",” ",O,O,I
Public Understanding of Science,B,source,I
 ,O,O,I
12,B,volume,I
 (,O,O,I
3,B,issue,I
): ,O,O,I
261,B,fpage,I
 - ,O,O,I
78,B,lpage,I
".
",O,O,I
Lafollette,B,author,B
", ",I,author,I
M.C,I,author,I
. (,O,O,I
2002,B,year,I
) “,O,O,I
"A Survey of Science Content in US Television Broadcasting, 1940s through 1950s: The Exploratory Years",B,title,I
",” ",O,O,I
Science Communication,B,source,I
 ,O,O,I
24,B,volume,I
 (,O,O,I
1,B,issue,I
): ,O,O,I
34,B,fpage,I
 - ,O,O,I
71,B,lpage,I
".
",O,O,I
León,B,author,B
", ",O,O,I
B.,B,author,I
 (,O,O,I
2004,B,year,I
) “,O,O,I
Information on Science in European Television: A Study of Prime Time News Programmes,B,title,I
",” ",O,O,I
"paper presented at PCST-8, 8th International Conference on Public Communication of Science and Technology, “Scientific Knowledge and Cultural Diversity",B,source,I
",” ",O,O,I
Barcelona,B,other,I
", ",O,O,I
3 - 6 June,B,other,I
".
",O,O,I
Lombard,B,author,B
", ",I,author,I
M,I,author,I
"., ",O,O,I
Snyder-Duch,B,author,I
", ",I,author,I
J.,I,author,I
 and ,O,O,I
"Campanella Bracken,",B,author,I
 ,I,author,I
C.,I,author,I
 (,O,O,I
2002,B,year,I
) “,O,O,I
Content Analysis in Mass Communication: Assessment and Reporting of Intercoder Reliability,B,title,I
",” ",O,O,I
Human Communication Research,B,source,I
 ,O,O,I
28,B,volume,I
 (,O,O,I
4,B,issue,I
): ,O,O,I
587,B,fpage,I
 - ,O,O,I
604,B,lpage,I
".
",O,O,I
Loughlin,B,author,B
", ",I,author,I
K.,I,author,I
 (,O,O,I
2000,B,year,I
) “‘,O,O,I
Your Life in Their Hands’: The Context of a Medical-Media Controversy,B,title,I
",” ",O,O,I
Media History,B,source,I
 ,O,O,I
6,B,volume,I
 (,O,O,I
2,B,issue,I
): ,O,O,I
177,B,fpage,I
 - ,O,O,I
88,B,lpage,I
".
",O,O,I
Merton,B,author,B
",",I,author,I
 R.K.,I,author,I
 (,O,O,I
1973,B,year,I
 [,O,O,I
1942,B,year,I
]) “,O,O,I
The Normative Structure of Science,B,title,I
",” in ",O,O,I
R.K. Merton,B,editor,I
 ,O,O,I
Sociology of Science: Theoretical and Empirical Investigations,B,source,I
", pp. ",O,O,I
267,B,fpage,I
 - ,O,O,I
78,B,lpage,I
. ,O,O,I
Chicago,B,other,I
:,O,O,I
 University of Chicago Press,B,publisher,I
".
",O,O,I
Neuendorf,B,author,B
",",I,author,I
 K.A.,I,author,I
 (,O,O,I
2002,B,year,I
) ,O,O,I
The Content Analysis Guidebook,B,title,I
.,O,O,I
" Thousand Oaks, CA",B,other,I
: ,O,O,I
SAGE,B,publisher,I
".
",O,O,I
Nowotny,B,author,B
", ",I,author,I
H.,I,author,I
", ",O,O,I
Scott,B,author,I
", ",I,author,I
P.,I,author,I
 and ,O,O,I
Gibbons,B,author,I
", ",I,author,I
M.,I,author,I
 (,O,O,I
2001,B,year,I
) ,O,O,I
Re-Thinking Science: Knowledge and the Public in an Age of Uncertainty,B,title,I
. ,O,O,I
Cambridge,B,other,I
: ,O,O,I
Polity Press,B,publisher,I
".
",O,O,I
Schönbach,B,author,B
",",I,author,I
 K.,I,author,I
 (,O,O,I
2000,B,year,I
) ,O,O,I
Myths of Media and Audiences,B,title,I
. ,O,O,I
Amsterdam,B,other,I
: ,O,O,I
Vossiuspers/Amsterdam University Press,B,publisher,I
".
",O,O,I
Schrott,B,author,B
", ",I,author,I
A.,I,author,I
 (,O,O,I
2005,B,year,I
) “,O,O,I
‘Mediatization’ as an Analytical Perspective for Modern Mass Communication Research,B,title,I
",” ",O,O,I
first draft,B,other,I
. ,O,O,I
Paper presented at the first European Communication Conference,B,source,I
", ",O,O,I
Amsterdam,B,other,I
", ",O,O,I
24 - 6 November,B,other,I
".
",O,O,I
Schulz,B,author,B
", ",I,author,I
W.,I,author,I
 (,O,O,I
1976,B,year,I
) ,O,O,I
Die Konstruktion von Realität in den Nachrichtenmedien: Analyse der aktuellen Berichterstattung,B,title,I
. ,O,O,I
Freiburg (Breisgau)/München,B,other,I
: ,O,O,I
Alber,B,publisher,I
".
",O,O,I
Schulz,B,author,B
", ",I,author,I
W.,I,author,I
 (,O,O,I
1982,B,year,I
) “,O,O,I
News Structure and People’s Awareness of Political Events,B,title,I
",” ",O,O,I
Gazette,B,source,I
 ,O,O,I
30,B,volume,I
: ,O,O,I
139,B,fpage,I
 - ,O,O,I
53,B,lpage,I
".
",O,O,I
Schulz,B,author,B
", ",I,author,I
W.,I,author,I
 (,O,O,I
2004,B,year,I
) “,O,O,I
Reconstructing Mediatization as an Analytical Concept,B,title,I
",” ",O,O,I
European Journal of Communication,B,source,I
 ,O,O,I
19,B,volume,I
 (,O,O,I
1,B,issue,I
): ,O,O,I
87,B,fpage,I
 - ,O,O,I
101,B,lpage,I
".
",O,O,I
Thompson,B,author,B
", ",I,author,I
J.B.,I,author,I
 (,O,O,I
1995,B,year,I
) ,O,O,I
The Media and Modernity: A Social Story of the Media,B,title,I
. ,O,O,I
Stanford,B,other,I
: ,O,O,I
Stanford University Press,B,publisher,I
".
",O,O,I
"Van Dijck,",B,author,B
 ,I,author,I
J.F.T.M,I,author,I
. (,O,O,I
2002,B,year,I
) “,O,O,I
Medical Documentary: Conjoined Twins as a Mediated Spectacle,B,title,I
",” ",O,O,I
"Media, Culture and Society",B,source,I
 ,O,O,I
24,B,volume,I
 (,O,O,I
4,B,issue,I
): ,O,O,I
537,B,fpage,I
 - ,O,O,I
56,B,lpage,I
".
",O,O,I
Van Vree,B,author,B
", ",I,author,I
F.,I,author,I
", ",O,O,I
Vos,B,author,I
", ",I,author,I
C.,I,author,I
", ",O,O,I
Wijfjes,B,author,I
", ",I,author,I
H.,I,author,I
 and ,O,O,I
Bardoel,B,author,I
", ",I,author,I
J.,I,author,I
 (,O,O,I
2003,B,year,I
) “,O,O,I
"Het ontstaan van een politiek-publicitair complex, 1960-2002",B,title,I
",” in ",O,O,I
Raad voor Maatschappelijke Ontwikkeling,B,editor,I
. ,O,O,I
"Medialogica. Over het krachtenveld tussen burgers, media en politiek",B,source,I
", pp. ",O,O,I
67,B,fpage,I
 - ,O,O,I
99,B,lpage,I
. ,O,O,I
Den Haag,B,other,I
: ,O,O,I
RMO/Sdu Uitgevers,B,publisher,I
".
",O,O,I
Wieten,B,author,B
", ",I,author,I
J.,I,author,I
 (,O,O,I
2002,B,year,I
) ,O,O,I
Srebrenica en de journalistiek: Achtergronden en invloed van de berichtgeving over het conflict in voormalig Joegoslavië in de periode 1991-1995; een onderzoek naar opvattingen en werkwijze van Nederlandse journalisten,B,title,I
. ,O,O,I
Amsterdam,B,other,I
: ,O,O,I
ASCoR/NIOD-Boom,B,publisher,I
".
",O,O,I
Wijfjes,B,author,B
", ",I,author,I
H.,I,author,I
 (,O,O,I
2002,B,year,I
) “,O,O,I
"Haagse kringen, Haagse vormen. Stijlverandering in politieke journalistiek",B,title,I
",” in ",O,O,I
J. Bardoel,B,editor,I
", ",O,O,I
C. Vos,B,editor,I
", ",O,O,I
F. van Vree,B,editor,I
 and ,O,O,I
H. Wijfjes,B,editor,I
 (eds) ,O,O,I
Journalistieke cultuur in Nederland,B,source,I
", pp. ",O,O,I
18,B,fpage,I
 - ,O,O,I
34,B,lpage,I
. ,O,O,I
Amsterdam,B,other,I
: ,O,O,I
Amsterdam University Press,B,publisher,I
".
",O,O,I
