token,tag,label,ref
Adams,B,author,B
", ",I,author,I
Michael,I,author,I
 (,O,O,I
2004,B,year,I
) ,O,O,I
Slayer Slang: A Buffy the Vampire Slayer Lexicon,B,title,I
. ,O,O,I
Oxford,B,other,I
: ,O,O,I
Oxford University Press,B,publisher,I
".
",O,O,I
Amy-Chinn,B,author,B
", ",O,O,I
Dee,B,author,I
 (,O,O,I
2003,B,year,I
) ‘,O,O,I
"Good Vampires Don’t Suck: Sex, Celibacy and the Body of Angel",B,title,I
"’, in ",O,O,I
Carla Kungl,B,editor,I
 (ed.) ,O,O,I
Vampires: Myths and Metaphors of Enduring Evil,B,source,I
. [,O,O,I
Available at:,B,other,I
 ,O,O,I
http://www.interdisciplinary.net/publishing/idp/eBooks/vmmeeindex.htm,B,source,I
"]
",O,O,I
Auerbach,B,author,B
", ",I,author,I
Nina,I,author,I
 (,O,O,I
1995,B,year,I
) ,O,O,I
"Our Vampires, Ourselves",B,title,I
. ,O,O,I
"Chicago, IL",B,other,I
: ,O,O,I
University of Chicago Press,B,publisher,I
".
",O,O,I
Bacon-Smith,B,author,B
", ",I,author,I
C.,I,author,I
 (,O,O,I
1992,B,year,I
) ,O,O,I
"Enterprising Women: Television , Fandom and the Creation of Popular Myth",B,title,I
. ,O,O,I
Philadelphia,B,other,I
: ,O,O,I
University of Pennsylvania Press,B,publisher,I
".
",O,O,I
Braidotti,B,author,B
", ",I,author,I
Rosa,I,author,I
 (,O,O,I
1994,B,year,I
) ,O,O,I
Nomadic Subjects,B,title,I
. ,O,O,I
New York,B,other,I
: ,O,O,I
Columbia University Press,B,publisher,I
".
",O,O,I
Burt,B,author,B
", ",I,author,I
Richard,I,author,I
 (,O,O,I
1998,B,year,I
) ,O,O,I
Unspeakable Shaxxxspeares,B,title,I
. ,O,O,I
London,B,other,I
: ,O,O,I
Macmillan,B,publisher,I
".
",O,O,I
Butler,B,author,B
", ",I,author,I
Judith,I,author,I
 (,O,O,I
2004,B,year,I
) ,O,O,I
Undoing Gender,B,title,I
. ,O,O,I
London,B,other,I
: ,O,O,I
Routledge,B,publisher,I
".
",O,O,I
Doty,B,author,B
", ",I,author,I
Alexander,I,author,I
 (,O,O,I
2000,B,year,I
) ,O,O,I
Flaming Classics: Queering the Film Canon,B,title,I
. ,O,O,I
London,B,other,I
: ,O,O,I
Routledge,B,publisher,I
".
",O,O,I
Espenson,B,author,B
", ",I,author,I
Jane,I,author,I
 (,O,O,I
2004,B,year,I
) ‘,O,O,I
Writing the Vampire Slayer,B,title,I
"’, in ",O,O,I
Roz Kaveney,B,editor,I
 (ed.) ,O,O,I
"Reading the Vampire Slayer,",B,source,I
 pp. ,O,O,I
100,B,fpage,I
 - ,O,O,I
31,B,lpage,I
. ,O,O,I
London,B,other,I
: ,O,O,I
I.B. Tauris.,B,publisher,I
"
",O,O,I
Frith,B,author,B
", ",I,author,I
Simon,I,author,I
 (,O,O,I
1990,B,year,I
) ‘,O,O,I
Review Article,B,title,I
"’, ",O,O,I
Screen,B,source,I
 ,O,O,I
31,B,volume,I
 (,O,O,I
2,B,issue,I
): ,O,O,I
231,B,fpage,I
 - ,O,O,I
5,B,lpage,I
".
",O,O,I
Gelder,B,author,B
", ",I,author,I
Ken,I,author,I
 (,O,O,I
1994,B,year,I
) ,O,O,I
Reading the Vampire,B,title,I
. ,O,O,I
London,B,other,I
: ,O,O,I
Routledge,B,publisher,I
".
",O,O,I
Hills,B,author,B
", ",I,author,I
Matt,I,author,I
 (,O,O,I
2002,B,year,I
) ,O,O,I
Fan Cultures,B,title,I
. ,O,O,I
London,B,other,I
: ,O,O,I
Routledge,B,publisher,I
".
",O,O,I
Jenkins,B,author,B
", ",I,author,I
Henry,I,author,I
 (,O,O,I
1992,B,year,I
) ,O,O,I
Textual Poachers: Television Fans and Participatory Cultures,B,title,I
. ,O,O,I
London,B,other,I
: ,O,O,I
Routledge,B,publisher,I
".
",O,O,I
Kaveney,B,author,B
", ",O,O,I
Roz,B,author,I
 (,O,O,I
2004,B,year,I
) ,O,O,I
Reading the Vampire Slayer,B,title,I
. ,O,O,I
London,B,other,I
: ,O,O,I
I.B. Tauris,B,publisher,I
".
",O,O,I
Lavery,B,author,B
", ",I,author,I
David,I,author,I
 (,O,O,I
2002,B,year,I
) ‘,O,O,I
Afterword: The Genius of Joss Whedon,B,title,I
"’, in ",O,O,I
Rhonda Wilcox,B,editor,I
 and ,O,O,I
David Lavery,B,editor,I
 (eds) ,O,O,I
"Fighting the Forces,",B,source,I
 pp. ,O,O,I
251,B,fpage,I
 - ,O,O,I
6,B,lpage,I
. ,O,O,I
"Lanham, MD",B,other,I
: ,O,O,I
Rowman & Littlefield,B,publisher,I
".
",O,O,I
Lavery,B,author,B
", ",I,author,I
David,I,author,I
 (,O,O,I
2004,B,year,I
) ‘“,O,O,I
I Wrote My Thesis on You!”: Buffy Studies as Academic Cult,B,title,I
"’, ",O,O,I
Slayage. The Online International Journal of Buffy Studies,B,source,I
 ,O,O,I
13-14,B,volume,I
 (,O,O,I
October,B,other,I
). [,O,O,I
Accessed 11 October 2004,B,other,I
: ,O,O,I
http://www.slayage.tv/ essays/slayage13-14/Lavery.htm,B,url,I
"]
",O,O,I
Le Fanu,B,author,B
", ",I,author,I
Joseph Sheridan,I,author,I
 (,O,O,I
1991,B,year,I
 [,O,O,I
1872,B,year,I
]) ‘,O,O,I
Carmilla,B,title,I
"’, in ",O,O,I
Alan Ryan,B,editor,I
 (ed.) ,O,O,I
"The Penguin Book of Vampire Stories,",B,source,I
 pp. ,O,O,I
71,B,fpage,I
 - ,O,O,I
187,B,lpage,I
. ,O,O,I
London,B,other,I
: ,O,O,I
Bloomsbury,B,publisher,I
".
",O,O,I
Levine,B,author,B
", ",I,author,I
"Michael, P.",I,author,I
 and ,O,O,I
Steven Jay,B,author,I
 ,I,author,I
Schneider,I,author,I
 (,O,O,I
2003,B,year,I
) ‘,O,O,I
Feeling for Buffy: The Girl Next Door,B,title,I
"’, in ",O,O,I
James South,B,editor,I
 (ed.) ,O,O,I
Buffy the Vampire Slayer and Philosophy,B,source,I
", pp. ",O,O,I
294,B,fpage,I
 - ,O,O,I
308,B,lpage,I
. ,O,O,I
"Chicago, IL",B,other,I
: ,O,O,I
Open Court,B,publisher,I
".
",O,O,I
Lyotard,B,author,B
", ",I,author,I
Jean-Francois,I,author,I
 (,O,O,I
1984,B,year,I
) ,O,O,I
The Postmodern Condition: A Report on Knowledge,B,title,I
. ,O,O,I
Manchester,B,other,I
: ,O,O,I
Manchester University Press,B,publisher,I
".
",O,O,I
Michael,B,author,B
", ",I,author,I
John,I,author,I
 (,O,O,I
2000,B,year,I
) ,O,O,I
"Anxious Intellectuals: Academic Professionals, Public Intellectuals, and Enlightenment Values",B,title,I
. ,O,O,I
"Durham, NC",B,other,I
: ,O,O,I
Duke University Press,B,publisher,I
".
",O,O,I
"South, James",B,editor,B
 (ed.) (,O,O,I
2003,B,year,I
) ,O,O,I
Buffy the Vampire Slayer and Philosophy,B,title,I
. ,O,O,I
"Chicago, IL",B,other,I
: ,O,O,I
Open Court,B,publisher,I
".
",O,O,I
Turnbull,B,author,B
", ",O,O,I
Sue,B,author,I
 (,O,O,I
2004,B,year,I
) ‘“,O,O,I
Not Just Another Buffy Paper”: Towards an Aesthetics of Television,B,title,I
"’, ",O,O,I
Slayage. The Online International Journal of Buffy Studies,B,source,I
 ,O,O,I
13-14,B,volume,I
 (,O,O,I
October,B,other,I
). [,O,O,I
Accessed 13 October 2004,B,other,I
: ,O,O,I
http://www.slayage.tv/ essays/slayage13_14/Turnbull.htm,B,url,I
"]
",O,O,I
Wilcox,B,author,B
", ",O,O,I
Rhonda,B,author,I
 (,O,O,I
2002,B,year,I
) ‘“,O,O,I
"Every Night I Save You”: Buffy, Spike, Sex and Redemption",B,title,I
"’, ",O,O,I
Slayage. The International Online Journal of Buffy Studies,B,source,I
 ,O,O,I
5,B,volume,I
 (,O,O,I
May,B,other,I
). [,O,O,I
Accessed 7 August 2002,B,other,I
: ,O,O,I
http://www.slayage.tv/essays/slayage5/ wilcox.htm,B,url,I
"]
",O,O,I
"Wilcox, Rhonda",B,editor,B
 and ,O,O,I
David Lavery,B,editor,I
 (eds) (,O,O,I
2002,B,year,I
) ,O,O,I
Fighting the Forces,B,title,I
. ,O,O,I
"Lanham, MD",B,other,I
: ,O,O,I
Rowman & Littlefield,B,publisher,I
".
",O,O,I
Williamson,B,author,B
", ",I,author,I
Milly,I,author,I
 (,O,O,I
2005,B,year,I
) ,O,O,I
"The Lure of the Vampire: Gender, Fiction and Fandom from Bram Stoker to Buffy the Vampire Slayer",B,title,I
. ,O,O,I
London,B,other,I
: ,O,O,I
Wallflower Press,B,publisher,I
".
",O,O,I
