token,tag,label,ref
Albright,B,author,B
", ",I,author,I
L.,I,author,I
", ",O,O,I
Cohen,B,author,I
", ",I,author,I
A. I.,I,author,I
", ",O,O,I
Malloy,B,author,I
", ",I,author,I
T. E.,I,author,I
", ",O,O,I
Christ,B,author,I
", ",I,author,I
T.,I,author,I
", & ",O,O,I
Bromgard,B,author,I
", ",I,author,I
G.,I,author,I
 (,O,O,I
2004,B,year,I
). ,O,O,I
Judgments of communicative intent in conversation,B,title,I
. ,O,O,I
Journal of Experimental Social Psychology,B,source,I
", ",O,O,I
40,B,volume,I
", ",O,O,I
290,B,fpage,I
 - ,O,O,I
302,B,lpage,I
".
",O,O,I
Baumeister,B,author,B
", ",I,author,I
R. F.,I,author,I
 (,O,O,I
1982,B,year,I
). ,O,O,I
A self-presentational view of social phenomena,B,title,I
. ,O,O,I
Psychological Bulletin,B,source,I
", ",O,O,I
91,B,volume,I
", ",O,O,I
3,B,fpage,I
 - ,O,O,I
26,B,lpage,I
".
",O,O,I
Bourhis,B,author,B
", ",I,author,I
R.,I,author,I
", ",O,O,I
Giles,B,author,I
", ",I,author,I
H.,I,author,I
", ",O,O,I
Leyens,B,author,I
", ",I,author,I
J. P.,I,author,I
", & ",O,O,I
Tajfel,B,author,I
", ",I,author,I
H.,I,author,I
 (,O,O,I
1979,B,year,I
). ,O,O,I
Psycholinguistic distinctiveness: Language divergence in Belgium,B,title,I
. In ,O,O,I
H. Giles,B,editor,I
 & ,O,O,I
R. St Clair,B,editor,I
" (Eds.), ",O,O,I
Language and social psychology,B,source,I
 (pp. ,O,O,I
158,B,fpage,I
 - ,O,O,I
185,B,lpage,I
). ,O,O,I
"Oxford, UK",B,other,I
: ,O,O,I
Blackwell,B,publisher,I
".
",O,O,I
Carver,B,author,B
", ",I,author,I
C. S,I,author,I
" &.,",O,O,I
 ,B,author,I
Scheier,I,author,I
", ",I,author,I
M. F.,I,author,I
 (,O,O,I
1999,B,year,I
). ,O,O,I
Themes and issues in the self-regulation of behavior,B,title,I
. In ,O,O,I
R. S. Wyer,B,editor,I
" (Ed.), ",O,O,I
Perspectives on behavioral self-regulation: Advances in social cognition,B,source,I
 (Vol. ,O,O,I
XII,B,volume,I
", pp. ",O,O,I
261,B,fpage,I
 - ,O,O,I
302,B,lpage,I
). ,O,O,I
"Hillsdale, NJ",B,other,I
: ,O,O,I
Erlbaum,B,publisher,I
".
",O,O,I
Cialdini,B,author,B
", ",O,O,I
"R. B.,",B,author,I
 & ,O,O,I
Richardson,B,author,I
", ",O,O,I
K. D.,B,author,I
 (,O,O,I
1981,B,year,I
). ,O,O,I
Two indirect tactics of image management: Basking and blasting,B,title,I
.,O,O,I
 Journal of Personality and Social Psychology,B,source,I
", ",O,O,I
39,B,volume,I
", ",O,O,I
406,B,fpage,I
 - ,O,O,I
415,B,lpage,I
".
",O,O,I
Crandall,B,author,B
", ",I,author,I
C. S.,I,author,I
", ",O,O,I
Eshelman,B,author,I
", ",I,author,I
A,I,author,I
" &.,",O,O,I
 ,B,author,I
O’Brien,I,author,I
", ",I,author,I
L.,I,author,I
 (,O,O,I
2002,B,year,I
). ,O,O,I
Social norms and the expression and suppression of prejudice: The struggle for internalization,B,title,I
. ,O,O,I
Journal of Personality and Social Psychology,B,source,I
", ",O,O,I
82,B,volume,I
", ",O,O,I
359,B,fpage,I
 - ,O,O,I
378,B,lpage,I
".
",O,O,I
Douglas,B,author,B
", ",I,author,I
K. M.,I,author,I
", & ",O,O,I
McGarty,B,author,I
",",I,author,I
 C.,I,author,I
 (,O,O,I
2001,B,year,I
). ,O,O,I
Identiﬁability and self-presentation: Computer-mediated 242 communication and intergroup interaction,B,title,I
. ,O,O,I
British Journal of Social Psychology,B,source,I
", ",O,O,I
40,B,volume,I
", ",O,O,I
399,B,fpage,I
 - ,O,O,I
416,B,lpage,I
".
",O,O,I
Douglas,B,author,B
", ",I,author,I
K. M,I,author,I
" &., ",O,O,I
Sutton,B,author,I
", ",I,author,I
R. M.,I,author,I
 (,O,O,I
2003,B,year,I
). ,O,O,I
Effects of communication goals and expectancies on language abstraction,B,title,I
. ,O,O,I
Journal of Personality and Social Psychology,B,source,I
", ",O,O,I
84,B,volume,I
", ",O,O,I
682,B,fpage,I
 - ,O,O,I
696,B,lpage,I
".
",O,O,I
Douglas,B,author,B
", ",I,author,I
K. M,I,author,I
" &., ",O,O,I
Sutton,B,author,I
", ",I,author,I
R. M.,I,author,I
 (,O,O,I
2004,B,year,I
). ,O,O,I
When what you say about others says something about you: Language abstraction and inferences about describers,B,title,I
. ,O,O,I
Manuscript under review,B,other,I
".
",O,O,I
Eagly,B,author,B
", ",I,author,I
A. H.,I,author,I
", ",O,O,I
Wood,B,author,I
", ",I,author,I
W,I,author,I
" &.,",O,O,I
 ,B,author,I
Chaiken,I,author,I
", ",I,author,I
S.,I,author,I
 (,O,O,I
1978,B,year,I
). ,O,O,I
Causal inference about communicators and their effect on opinion change,B,title,I
. ,O,O,I
Journal of Personality and Social Psychology,B,source,I
", ",O,O,I
36,B,volume,I
", ",O,O,I
424,B,fpage,I
 - ,O,O,I
435,B,lpage,I
".
",O,O,I
Eidelman,B,author,B
", ",I,author,I
S.,I,author,I
", & ",O,O,I
Biernat,B,author,I
", ",O,O,I
M.,B,author,I
 (,O,O,I
2003,B,year,I
). ,O,O,I
Derogating black sheep: Individual or group protection?,B,title,I
 ,O,O,I
Journal of Experimental Social Psychology,B,source,I
", ",O,O,I
39,B,volume,I
", ",O,O,I
602,B,fpage,I
 - ,O,O,I
609,B,lpage,I
".
",O,O,I
Elder,B,author,B
", ",I,author,I
T. J.,I,author,I
", ",O,O,I
Douglas,B,author,I
", ",I,author,I
K. M,I,author,I
" &., ",O,O,I
Sutton,B,author,I
",",I,author,I
 R. M.,I,author,I
 (,O,O,I
2004,B,year,I
). ,O,O,I
Perceptions of social inﬂuence when messages favour ‘us’ versus ‘them’: A closer look at the social distance effect,B,title,I
. ,O,O,I
Manuscript under review,B,other,I
".
",O,O,I
Franco,B,author,B
", ",I,author,I
F. M.,I,author,I
", & ",O,O,I
Maass,B,author,I
", ",I,author,I
A.,I,author,I
 (,O,O,I
1996,B,year,I
). ,O,O,I
Implicit versus explicit strategies of out-group discrimination: The role of intentional control in biased language use and reward allocation,B,title,I
. ,O,O,I
Journal of Language and Social Psychology,B,source,I
", ",O,O,I
15,B,volume,I
", ",O,O,I
335,B,fpage,I
 - ,O,O,I
359,B,lpage,I
".
",O,O,I
Goffman,B,author,B
", ",I,author,I
E.,I,author,I
 (,O,O,I
1959,B,year,I
). ,O,O,I
The presentation of self in everyday life,B,title,I
. ,O,O,I
"Oxford, UK",B,other,I
: ,O,O,I
Doubleday,B,publisher,I
".
",O,O,I
Grant,B,author,B
", ",I,author,I
P. R.,I,author,I
 (,O,O,I
1992,B,year,I
). ,O,O,I
Ethnocentrism between groups of unequal power in response to perceived threat to social identity and valued resources,B,title,I
. ,O,O,I
Canadian Journal of Behavioral Science,B,source,I
", ",O,O,I
24,B,volume,I
", ",O,O,I
348,B,fpage,I
 - ,O,O,I
370,B,lpage,I
".
",O,O,I
Higgins,B,author,B
",",I,author,I
 E. T.,I,author,I
 (,O,O,I
1981,B,year,I
). ,O,O,I
The ‘communication game’: Implications for social cognition and persuasion,B,title,I
. In ,O,O,I
E. T. Higgins,B,editor,I
",",O,O,I
 M. P. Zanna,B,editor,I
", & ",O,O,I
C. P. Herman,B,editor,I
" (Eds.), ",O,O,I
Social cognition: The Ontario Symposium,B,source,I
 (pp. ,O,O,I
343,B,fpage,I
 - ,O,O,I
392,B,lpage,I
). ,O,O,I
"Hillsdale, NJ",B,other,I
: ,O,O,I
Erlbaum,B,publisher,I
".
",O,O,I
Higgins,B,author,B
", ",I,author,I
E. T.,I,author,I
", & ",O,O,I
Rholes,B,author,I
", ",I,author,I
W. S.,I,author,I
 (,O,O,I
1978,B,year,I
). ‘,O,O,I
Saying is believing’: Effects of message modiﬁcation on memory and liking for the person described,B,title,I
. ,O,O,I
Journal of Experimental Social Psychology,B,source,I
", ",O,O,I
14,B,volume,I
", ",O,O,I
363,B,fpage,I
 - ,O,O,I
378,B,lpage,I
".
",O,O,I
Hogg,B,author,B
", ",I,author,I
M. A.,I,author,I
", & ",O,O,I
van Knippenberg,B,author,I
", ",I,author,I
D.,I,author,I
 (,O,O,I
2003,B,year,I
). ,O,O,I
Social identity and leadership processes in groups,B,title,I
. ,O,O,I
Advances in Experimental Social Psychology,B,source,I
", ",O,O,I
35,B,volume,I
", ",O,O,I
1,B,fpage,I
 - ,O,O,I
52,B,lpage,I
".
",O,O,I
Hornsey,B,author,B
", ",I,author,I
M. J.,I,author,I
", & ",O,O,I
Imani,B,author,I
", ",I,author,I
A.,I,author,I
 (,O,O,I
2004,B,year,I
). ,O,O,I
Criticizing groups from the inside and the outside: An identity perspective on the intergroup sensitivity effect,B,title,I
. ,O,O,I
Personality and Social Psychology Bulletin,B,source,I
", ",O,O,I
30,B,volume,I
", ",O,O,I
365,B,fpage,I
 - ,O,O,I
383,B,lpage,I
".
",O,O,I
Hornsey,B,author,B
", ",I,author,I
M. J.,I,author,I
", ",O,O,I
Oppes,B,author,I
", ",I,author,I
T,I,author,I
" &., ",O,O,I
Svensson,B,author,I
", ",I,author,I
A.,I,author,I
 (,O,O,I
2002,B,year,I
). ‘,O,O,I
"It’s OK if we say it, but you can’t’: Responses to intergroup and intragroup criticism",B,title,I
. ,O,O,I
European Journal of Social Psychology,B,source,I
", ",O,O,I
32,B,volume,I
", ",O,O,I
293,B,fpage,I
 - ,O,O,I
307,B,lpage,I
".
",O,O,I
Hornsey,B,author,B
",",I,author,I
 M. J.,I,author,I
", ",O,O,I
Trembath,B,author,I
", ",I,author,I
M,I,author,I
" &., ",O,O,I
Gunthorpe,B,author,I
", ",I,author,I
S.,I,author,I
 (,O,O,I
2004,B,year,I
). ‘,O,O,I
"You can criticise because you care’: Identity attachment, constructiveness, and the intergroup sensitivity effect",B,title,I
. ,O,O,I
European Journal of Social Psychology,B,source,I
", ",O,O,I
34,B,volume,I
", ",O,O,I
499,B,fpage,I
 - ,O,O,I
518,B,lpage,I
".
",O,O,I
Klein,B,author,B
", ",I,author,I
O.,I,author,I
", & ",O,O,I
Azzi,B,author,I
", ",I,author,I
A. E.,I,author,I
 (,O,O,I
2001,B,year,I
). ,O,O,I
The strategic conﬁrmation of meta-stereotypes: How group members attempt to tailor an out-group’s representation of themselves,B,title,I
. ,O,O,I
British Journal of Social Psychology,B,source,I
", ",O,O,I
40,B,volume,I
", ",O,O,I
279,B,fpage,I
 - ,O,O,I
293,B,lpage,I
".
",O,O,I
Klein,B,author,B
", ",I,author,I
O.,I,author,I
", ",O,O,I
Licata,B,author,I
", ",I,author,I
L.,I,author,I
", ",O,O,I
Azzi,B,author,I
",",I,author,I
 A. E.,I,author,I
", & ",O,O,I
Durala,B,author,I
", ",I,author,I
I.,I,author,I
 (,O,O,I
2003,B,year,I
). ,O,O,I
How European am I? Prejudice expression and the presentation of social identity,B,title,I
. ,O,O,I
Self and Identity,B,source,I
", ",O,O,I
2,B,volume,I
", ",O,O,I
251,B,fpage,I
 - ,O,O,I
264,B,lpage,I
".
",O,O,I
Kurman,B,author,B
", ",I,author,I
J.,I,author,I
 (,O,O,I
2003,B,year,I
). ,O,O,I
The role of perceived speciﬁcity level of failure events in self-enhancement and in constructive self-criticism,B,title,I
. ,O,O,I
Personality and Social Psychology Bulletin,B,source,I
", ",O,O,I
29,B,volume,I
", ",O,O,I
285,B,fpage,I
 - ,O,O,I
294,B,lpage,I
".
",O,O,I
Lambert,B,author,B
", ",I,author,I
A. J.,I,author,I
", ",O,O,I
Cronen,B,author,I
", ",I,author,I
S.,I,author,I
", ",O,O,I
Chasteen,B,author,I
", ",I,author,I
A. L.,I,author,I
", & ",O,O,I
Lickel,B,author,I
",",I,author,I
 B.,I,author,I
 (,O,O,I
1996,B,year,I
). ,O,O,I
Private vs public expressions of racial prejudice,B,title,I
. ,O,O,I
Journal of Experimental Social Psychology,B,source,I
", ",O,O,I
32,B,volume,I
", ",O,O,I
437,B,fpage,I
 - ,O,O,I
459,B,lpage,I
".
",O,O,I
Lyons,B,author,B
", ",I,author,I
A,I,author,I
" &., ",O,O,I
Kashima,B,author,I
", ",I,author,I
Y.,I,author,I
 (,O,O,I
2003,B,year,I
). ,O,O,I
How are stereotypes maintained through communication? The inﬂuence of stereotype sharedness,B,title,I
. ,O,O,I
Journal of Personality and Social Psychology,B,source,I
", ",O,O,I
85,B,volume,I
", ",O,O,I
989,B,fpage,I
 - ,O,O,I
1005,B,lpage,I
".
",O,O,I
Maass,B,author,B
",",I,author,I
 A.,I,author,I
 (,O,O,I
1999,B,year,I
). ,O,O,I
Linguistic intergroup bias: Stereotype perpetuation through language,B,title,I
. ,O,O,I
Advances in Experimental Social Psychology,B,source,I
", ",O,O,I
31,B,volume,I
", ",O,O,I
79,B,fpage,I
 - ,O,O,I
121,B,lpage,I
".
",O,O,I
Maass,B,author,B
", ",I,author,I
A.,I,author,I
", ",O,O,I
Salvi,B,author,I
", ",I,author,I
D.,I,author,I
", ",O,O,I
Acruri,B,author,I
", ",I,author,I
A.,I,author,I
", & ",O,O,I
Semin,B,author,I
", ",I,author,I
G.,I,author,I
 (,O,O,I
1989,B,year,I
). ,O,O,I
Language use in intergroup contexts: The linguistic intergroup bias,B,title,I
. ,O,O,I
Journal of Personality and Social Psychology,B,source,I
", ",O,O,I
57,B,volume,I
", ",O,O,I
981,B,fpage,I
 - ,O,O,I
993,B,lpage,I
".
",O,O,I
Miller,B,author,B
", ",I,author,I
R. S,I,author,I
" &.,",O,O,I
 ,B,author,I
Schlenker,I,author,I
",",I,author,I
 B. R.,I,author,I
 (,O,O,I
1985,B,year,I
). ,O,O,I
Egotism in group members: public and private attributions of reponsibility for group performance,B,title,I
. ,O,O,I
Social Psychology Quarterly,B,source,I
", ",O,O,I
48,B,volume,I
", ",O,O,I
85,B,fpage,I
 - ,O,O,I
89,B,lpage,I
".
",O,O,I
Nemeth,B,author,B
",",I,author,I
 C,I,author,I
" &., ",O,O,I
Owens,B,author,I
", ",I,author,I
P.,I,author,I
 (,O,O,I
1996,B,year,I
). ,O,O,I
Making work groups more effective: The value of minority dissent,B,title,I
. In ,O,O,I
M. A. West,B,editor,I
" (Ed.), ",O,O,I
The handbook of work psychology,B,source,I
 (pp. ,O,O,I
125,B,fpage,I
 - ,O,O,I
141,B,lpage,I
). ,O,O,I
"Chichester, UK",B,other,I
: ,O,O,I
Wiley,B,publisher,I
".
",O,O,I
O’Dwyer,B,author,B
", ",I,author,I
A.,I,author,I
", ",O,O,I
Berkowitz,B,author,I
", ",I,author,I
N. H.,I,author,I
", & ",O,O,I
Alfeld-Johnson,B,author,I
", ",I,author,I
D.,I,author,I
 (,O,O,I
2002,B,year,I
). ,O,O,I
Group and person attributions in response to criticism of the in-group,B,title,I
. ,O,O,I
British Journal of Social Psychology,B,source,I
", ",O,O,I
41,B,volume,I
", ",O,O,I
563,B,fpage,I
 - ,O,O,I
588,B,lpage,I
".
",O,O,I
Reicher,B,author,B
", ",I,author,I
S. D.,I,author,I
", & ",O,O,I
Levine,B,author,I
", ",I,author,I
M.,I,author,I
 (,O,O,I
1994,B,year,I
a). ,O,O,I
"Deindividuation, power relations between groups and the expression of social identity: The effects of visibility to outgroups",B,title,I
. ,O,O,I
British Journal of Social Psychology,B,source,I
", ",O,O,I
33,B,volume,I
", ",O,O,I
145,B,fpage,I
 - ,O,O,I
163,B,lpage,I
".
",O,O,I
Reicher,B,author,B
", ",I,author,I
S. D.,I,author,I
",",I,author,I
 & ,O,O,I
Levine,B,author,I
", ",O,O,I
M.,B,author,I
 (,O,O,I
1994b,B,year,I
). ,O,O,I
On the consequences of deindividuation manipulations for the strategic considerations of self: Identiﬁability and the presentation of social identity,B,title,I
. ,O,O,I
European Journal of Social Psychology,B,source,I
", ",O,O,I
24,B,volume,I
", ",O,O,I
511,B,fpage,I
 - ,O,O,I
524,B,lpage,I
".
",O,O,I
Reicher,B,author,B
", ",I,author,I
S. D.,I,author,I
", ",O,O,I
Spears,B,author,I
", ",I,author,I
R,I,author,I
" &.,",O,O,I
 ,B,author,I
Postmes,I,author,I
", ",I,author,I
T.,I,author,I
 (,O,O,I
1995,B,year,I
). ,O,O,I
A social identity model of deindividuation phenomena,B,title,I
. ,O,O,I
European Review of Social Psychology,B,source,I
", ",O,O,I
6,B,volume,I
", ",O,O,I
161,B,fpage,I
 - ,O,O,I
198,B,lpage,I
".
",O,O,I
Schlenker,B,author,B
",",I,author,I
 B.,I,author,I
 (,O,O,I
1980,B,year,I
). ,O,O,I
"Impression management: The self-concept, social identity and interpersonal relations",B,title,I
. ,O,O,I
"Monterey, CA",B,other,I
: ,O,O,I
Brooks/Cole,B,publisher,I
".
",O,O,I
Schlenker,B,author,B
", ",I,author,I
B.,I,author,I
", & ",O,O,I
Wowra,B,author,I
", ",I,author,I
S. A.,I,author,I
 (,O,O,I
2003,B,year,I
). ,O,O,I
Carryover effects of feeling socially transparent or impenetrable on strategic self-presentation,B,title,I
. ,O,O,I
Journal of Personality and Social Psychology,B,source,I
", ",O,O,I
85,B,volume,I
", ",O,O,I
871,B,fpage,I
 - ,O,O,I
880,B,lpage,I
".
",O,O,I
Sedikides,B,author,B
", ",I,author,I
C.,I,author,I
", ",O,O,I
Herbst,B,author,I
",",I,author,I
 K. C.,I,author,I
", ",O,O,I
Hardin,B,author,I
", ",I,author,I
D. P.,I,author,I
", & ",O,O,I
Dardis,B,author,I
", ",I,author,I
G. J.,I,author,I
 (,O,O,I
2002,B,year,I
). ,O,O,I
Accountability as a deterrent to self-enhancement: The search for mechanisms,B,title,I
. ,O,O,I
Journal of Personality and Social Psychology,B,source,I
", ",O,O,I
83,B,volume,I
", ",O,O,I
592,B,fpage,I
 - ,O,O,I
605,B,lpage,I
".
",O,O,I
Tajfel,B,author,B
", ",O,O,I
H.,B,author,I
 (,O,O,I
1978,B,year,I
). ,O,O,I
Differentiation between social groups: Studies in the social psychology of intergroup relations,B,title,I
. ,O,O,I
London,B,other,I
: ,O,O,I
Academic Press,B,publisher,I
".
",O,O,I
Tajfel,B,author,B
", ",I,author,I
H,I,author,I
" &., ",O,O,I
Turner,B,author,I
", ",I,author,I
J. C.,I,author,I
 (,O,O,I
1979,B,year,I
). ,O,O,I
An integrative theory of intergroup conﬂict,B,title,I
. In ,O,O,I
W. G. Austin,B,editor,I
 & ,O,O,I
S. Worchel,B,editor,I
" (Eds.), ",O,O,I
The social psychology of intergroup relations,B,source,I
 (pp. ,O,O,I
33,B,fpage,I
 - ,O,O,I
47,B,lpage,I
). ,O,O,I
"Monterey, CA",B,other,I
: ,O,O,I
Brooks/Cole,B,publisher,I
".
",O,O,I
Tajfel,B,author,B
",",I,author,I
 H,I,author,I
" &., ",O,O,I
Turner,B,author,I
", ",I,author,I
J. C.,I,author,I
 (,O,O,I
1986,B,year,I
). ,O,O,I
The social identity theory of intergroup behavior,B,title,I
. In ,O,O,I
S. Worchel,B,editor,I
 & ,O,O,I
W. G. Austin,B,editor,I
" (Eds.), ",O,O,I
Psychology of intergroup relations,B,source,I
 (pp. ,O,O,I
7,B,fpage,I
 - ,O,O,I
24,B,lpage,I
). ,O,O,I
Chicago,B,other,I
: ,O,O,I
Nelson-Hall,B,publisher,I
".
",O,O,I
Tarrant,B,author,B
",",I,author,I
 M.,I,author,I
 (,O,O,I
2005,B,year,I
). ,O,O,I
Effects of normative status on responses to intragroup communication,B,title,I
. ,O,O,I
Manuscript in preparation,B,other,I
".
",O,O,I
Tetlock,B,author,B
", ",I,author,I
P. E.,I,author,I
 (,O,O,I
1981,B,year,I
). ,O,O,I
The inﬂuence of self-presentational goals on attributional reports,B,title,I
. ,O,O,I
Social Psychology Quarterly,B,source,I
", ",O,O,I
44,B,volume,I
", ",O,O,I
300,B,fpage,I
 - ,O,O,I
311,B,lpage,I
".
",O,O,I
Tice,B,author,B
", ",I,author,I
D. M.,I,author,I
 (,O,O,I
1992,B,year,I
). ,O,O,I
Self-concept change and self-presentation—The looking glass self is also a magnifying glass,B,title,I
. ,O,O,I
Journal of Personality and Social Psychology,B,source,I
", ",O,O,I
63,B,volume,I
", ",O,O,I
435,B,fpage,I
 - ,O,O,I
451,B,lpage,I
".
",O,O,I
Turner,B,author,B
", ",I,author,I
J. C.,I,author,I
", ",O,O,I
Hogg,B,author,I
", ",I,author,I
M. A.,I,author,I
", ",O,O,I
Oakes,B,author,I
", ",I,author,I
P. J.,I,author,I
", ",O,O,I
Reicher,B,author,I
", ",I,author,I
S. D.,I,author,I
", & ",O,O,I
Wetherell,B,author,I
", ",I,author,I
M. S.,I,author,I
 (,O,O,I
1987,B,year,I
). ,O,O,I
Rediscovering the social group: A self-categorization theory,B,title,I
. ,O,O,I
"Oxford, UK",B,other,I
: ,O,O,I
Basil Blackwell,B,publisher,I
".
",O,O,I
Van Vugt,B,author,B
", ",I,author,I
M.,I,author,I
", & ",O,O,I
Hart,B,author,I
", ",I,author,I
C. M.,I,author,I
 (,O,O,I
2004,B,year,I
). ,O,O,I
Social identity as social glue: The origins of group loyalty,B,title,I
. ,O,O,I
Journal of Personality and Social Psychology,B,source,I
", ",O,O,I
86,B,volume,I
", ",O,O,I
585,B,fpage,I
 - ,O,O,I
598,B,lpage,I
".
",O,O,I
Vonk,B,author,B
", R.",I,author,I
 (,O,O,I
1998,B,year,I
). ,O,O,I
The slime effect: Suspicion and dislike of likeable behavior towards superiors,B,title,I
. ,O,O,I
Journal of Personality and Social Psychology,B,source,I
", ",O,O,I
74,B,volume,I
", ",O,O,I
849,B,fpage,I
 - ,O,O,I
864,B,lpage,I
".
",O,O,I
Vonk,B,author,B
", ",O,O,I
R.,B,author,I
 (,O,O,I
2002,B,year,I
). ,O,O,I
Self-serving interpretations of ﬂattery: Why ingratiation works,B,title,I
. ,O,O,I
Journal of Personality and Social Psychology,B,source,I
", ",O,O,I
82,B,volume,I
", ",O,O,I
515,B,fpage,I
 - ,O,O,I
526,B,lpage,I
".
",O,O,I
Vorauer,B,author,B
", ",I,author,I
J. D.,I,author,I
", ",O,O,I
Main,B,author,I
", ",I,author,I
K. J,I,author,I
" &.,",O,O,I
 ,B,author,I
O’Connell,I,author,I
", ",I,author,I
G. B.,I,author,I
 (,O,O,I
1998,B,year,I
). ,O,O,I
How do individuals expect to be viewed by members of lower status groups? Content and implications of meta-stereotypes,B,title,I
. ,O,O,I
Journal of Personality and Social Psychology,B,source,I
", ",O,O,I
75,B,volume,I
", ",O,O,I
917,B,fpage,I
 - ,O,O,I
937,B,lpage,I
".
",O,O,I
Wood,B,author,B
", ",I,author,I
W.,I,author,I
", & ",O,O,I
Eagly,B,author,I
", ",I,author,I
A. H.,I,author,I
 (,O,O,I
1981,B,year,I
). ,O,O,I
Stages in the analysis of persuasive messages: The role of causal attributions and message comprehension,B,title,I
. ,O,O,I
Journal of Personality and Social Psychology,B,source,I
", ",O,O,I
40,B,volume,I
", ",O,O,I
246,B,fpage,I
 - ,O,O,I
259,B,lpage,I
".
",O,O,I
