token,tag,label,ref
Ahmed,B,author,B
", ",O,O,I
S.,B,author,I
 (,O,O,I
2004,B,year,I
). ,O,O,I
"Religiosity, identity, and pro-social values and behavior: A study of muslim youth. Fairleigh Dickinson University",B,title,I
", ",O,O,I
US,B,other,I
: ,O,O,I
Univ Microﬁlms International,B,publisher,I
".
",O,O,I
Allport,B,author,B
", ",I,author,I
G. W.,I,author,I
", & ",O,O,I
Ross,B,author,I
", ",O,O,I
J. M.,B,author,I
 (,O,O,I
1967,B,year,I
). ,O,O,I
Personal religious orientation and prejudice,B,title,I
. ,O,O,I
Journal of Personality and Social Psychology,B,source,I
", ",O,O,I
5,B,volume,I
", ",O,O,I
432,B,fpage,I
 - ,O,O,I
443,B,lpage,I
".
",O,O,I
Baron,B,author,B
",",I,author,I
 R,I,author,I
" &.,",O,O,I
 ,B,author,I
Kenny,I,author,I
", ",I,author,I
D.,I,author,I
 (,O,O,I
1986,B,year,I
). ,O,O,I
"The moderatormediator variable distinction in social psychological research: Conceptual, strategic, and statistical considerations",B,title,I
. ,O,O,I
Journal of Personality and Social Psychology,B,source,I
", ",O,O,I
51,B,volume,I
", ",O,O,I
1173,B,fpage,I
 - ,O,O,I
1182,B,lpage,I
".
",O,O,I
Bergin,B,author,B
", A. E.",I,author,I
 (,O,O,I
1991,B,year,I
). ,O,O,I
Values and religious issues in psychotherapy and mental health,B,title,I
". American Psychologist, ",O,O,I
46,B,volume,I
", ",O,O,I
394,B,fpage,I
 - ,O,O,I
403,B,lpage,I
".
",O,O,I
Burris,B,author,B
", ",I,author,I
C. T.,I,author,I
", & ",O,O,I
Jackson,B,author,I
 ,I,author,I
L. M.,I,author,I
 (,O,O,I
2000,B,year,I
). ,O,O,I
Social identity and the true believer: Responses to threatened self-stereotypes among the intrinsically religious British,B,title,I
 ,O,O,I
Journal of Social Psychology,B,source,I
", ",O,O,I
39,B,volume,I
", ",O,O,I
257,B,fpage,I
 - ,O,O,I
278,B,lpage,I
".
",O,O,I
Buss,B,author,B
",",I,author,I
 A. H.,I,author,I
", & ",O,O,I
Perry,B,author,I
", ",I,author,I
M.,I,author,I
 (,O,O,I
1992,B,year,I
). ,O,O,I
The aggression questionnaire,B,title,I
. ,O,O,I
Journal of Personality and Social Psychology,B,source,I
", ",O,O,I
63,B,volume,I
", ",O,O,I
452,B,fpage,I
 - ,O,O,I
459,B,lpage,I
".
",O,O,I
Dweck,B,author,B
",",I,author,I
 C. S.,I,author,I
", ",O,O,I
Chiu,B,author,I
", ",I,author,I
C,I,author,I
" &., ",O,O,I
Hong,B,author,I
", ",I,author,I
Y.,I,author,I
 (,O,O,I
1995,B,year,I
). ,O,O,I
Implicit theories and their role in judgments and reactions: A world from two perspectives,B,title,I
. ,O,O,I
Psychological Inquiry,B,source,I
", ",O,O,I
6,B,volume,I
", ",O,O,I
267,B,fpage,I
 - ,O,O,I
285,B,lpage,I
".
",O,O,I
Feagin,B,author,B
", ",I,author,I
J. R.,I,author,I
 (,O,O,I
1964,B,year,I
). ,O,O,I
Prejudice and religious types: A focused study of Southern fundamentalists,B,title,I
. ,O,O,I
Journal for the Scientiﬁc Study of Religion,B,source,I
", ",O,O,I
4,B,volume,I
", ",O,O,I
3,B,fpage,I
 - ,O,O,I
13,B,lpage,I
".
",O,O,I
Hill,B,author,B
", ",I,author,I
P. C.,I,author,I
", & ",O,O,I
Pargament,B,author,I
", ",I,author,I
K. I.,I,author,I
 (,O,O,I
2003,B,year,I
). ,O,O,I
Advances in the conceptualization and measurement of religion and spirituality: Implications for physical and mental health research,B,title,I
. ,O,O,I
American Psychologist,B,source,I
", ",O,O,I
58,B,volume,I
", ",O,O,I
64,B,fpage,I
 - ,O,O,I
74,B,lpage,I
".
",O,O,I
Hong,B,author,B
", ",I,author,I
Y.,I,author,I
", ",O,O,I
Levy,B,author,I
", ",I,author,I
S. R.,I,author,I
", & ",O,O,I
Chiu,B,author,I
", ",I,author,I
C.,I,author,I
 (,O,O,I
2001,B,year,I
). ,O,O,I
The contribution of the lay theories approach to the study of groups,B,title,I
. ,O,O,I
Personality and Social Psychology Review,B,source,I
", ",O,O,I
5,B,volume,I
", ",O,O,I
98,B,fpage,I
 - ,O,O,I
106,B,lpage,I
".
",O,O,I
Hunsberger,B,author,B
",",I,author,I
 B.,I,author,I
 (,O,O,I
1996,B,year,I
). ,O,O,I
"Religious fundamentalism, right-wing authoritarianism, and hostility toward homosexuals in non-Christian religious groups",B,title,I
. ,O,O,I
International Journal for the Psychology of Religion,B,source,I
", ",O,O,I
6,B,volume,I
", ",O,O,I
39,B,fpage,I
 - ,O,O,I
49,B,lpage,I
".
",O,O,I
Hunsberger,B,author,B
", ",I,author,I
B.,I,author,I
", ",O,O,I
Owusu,B,author,I
", ",I,author,I
V.,I,author,I
", & ",O,O,I
Duck,B,author,I
", ",I,author,I
R.,I,author,I
 (,O,O,I
1999,B,year,I
). ,O,O,I
"Religion and prejudice in Ghana and Canada: Religious fundamentalism, right-wing auttoritarianism and attitudes toward homosexuals and women",B,title,I
. ,O,O,I
International Journal for the Psychology of Religion,B,source,I
", ",O,O,I
9,B,volume,I
", ",O,O,I
181,B,fpage,I
 - ,O,O,I
194,B,lpage,I
".
",O,O,I
Jackson,B,author,B
", ",I,author,I
L. M.,I,author,I
", & ",O,O,I
Hunsberger,B,author,I
", ",I,author,I
B.,I,author,I
 (,O,O,I
1999,B,year,I
). ,O,O,I
An intergroup perspective on religion and prejudice,B,title,I
. ,O,O,I
Journal for the Scientiﬁc Study of Religion,B,source,I
", ",O,O,I
38,B,volume,I
", ",O,O,I
509,B,fpage,I
 - ,O,O,I
523,B,lpage,I
".
",O,O,I
Levy,B,author,B
", ",I,author,I
S. R.,I,author,I
 (,O,O,I
1999,B,year,I
). ,O,O,I
Reducing prejudice: Lessons from social-cognitive factors underlying perceiver differences in prejudice,B,title,I
. ,O,O,I
Journal of Social Issues,B,source,I
", ",O,O,I
55,B,volume,I
", ",O,O,I
745,B,fpage,I
 - ,O,O,I
765,B,lpage,I
".
",O,O,I
Levy,B,author,B
", ",I,author,I
S. R.,I,author,I
", ",O,O,I
Plaks,B,author,I
", ",I,author,I
J. E.,I,author,I
", ",O,O,I
Hong,B,author,I
", ",I,author,I
Y. Y.,I,author,I
", ",O,O,I
Chiu,B,author,I
", ",I,author,I
C. Y,I,author,I
" &., ",O,O,I
Dweck,B,author,I
", ",I,author,I
C. S.,I,author,I
 (,O,O,I
2001,B,year,I
). ,O,O,I
Static vs. dynamic theories and the perception of groups: Different routes to different destinations,B,title,I
. ,O,O,I
Personality and Social Psychology Review,B,source,I
", ",O,O,I
5,B,volume,I
", ",O,O,I
156,B,fpage,I
 - ,O,O,I
168,B,lpage,I
".
",O,O,I
Madon,B,author,B
", ",I,author,I
S.,I,author,I
", ",O,O,I
Jussim,B,author,I
", ",I,author,I
L.,I,author,I
", & ",O,O,I
Eccles,B,author,I
", ",I,author,I
J.,I,author,I
 (,O,O,I
1997,B,year,I
). ,O,O,I
In search of the powerful self-fulﬁlling prophecy,B,title,I
. ,O,O,I
Journal of Personality and Social Psychology,B,source,I
", ",O,O,I
72,B,volume,I
", ",O,O,I
791,B,fpage,I
 - ,O,O,I
809,B,lpage,I
".
",O,O,I
Regnerus,B,author,B
", ",I,author,I
M. D.,I,author,I
 (,O,O,I
2003,B,year,I
). ,O,O,I
"Linked lives, faith, and behavior: An intergenerational model of religious inﬂuence on adolescent delinquency",B,title,I
. ,O,O,I
Journal for the Scientiﬁc Study of Religion,B,source,I
", ",O,O,I
42,B,volume,I
", ",O,O,I
189,B,fpage,I
 - ,O,O,I
203,B,lpage,I
".
",O,O,I
Rosenthal,B,author,B
",",I,author,I
 R,I,author,I
" &., ",O,O,I
Jacobson,B,author,I
", ",I,author,I
L.,I,author,I
 (,O,O,I
1968,B,year,I
). ,O,O,I
Pygmalion in the classroom: Teacher expectation and pupils’ intellectual development,B,title,I
. ,O,O,I
New York,B,other,I
: ,O,O,I
"Holt, Rinehart & Winston",B,publisher,I
".
",O,O,I
Tajfel,B,author,B
", ",I,author,I
H.,I,author,I
 (,O,O,I
1982,B,year,I
). ,O,O,I
Social psychology and intergroup relations,B,title,I
. ,O,O,I
Annual Review of Psychology,B,source,I
", ",O,O,I
33,B,volume,I
", ",O,O,I
1,B,fpage,I
 - ,O,O,I
39,B,lpage,I
".
",O,O,I
Zwingmann,B,author,B
", ",I,author,I
C.,I,author,I
", ",O,O,I
Hellmeister,B,author,I
", ",I,author,I
G.,I,author,I
", & ",O,O,I
Ochsmann,B,author,I
", ",I,author,I
R.,I,author,I
 (,O,O,I
1994,B,year,I
). ,O,O,I
Intrinsische und extrinsische Orientierung: Fragebogenskalen zum Einsatz in der empirisch-religionspsychologischen Forschung [Intrinsic and extrinsic religious orientation: Questionnaire scales in use for psychological studies of religion,B,title,I
]. ,O,O,I
Zeitschrift für Differentielle und Diagnostische Psychologie,B,source,I
", ",O,O,I
15,B,volume,I
", ",O,O,I
131,B,fpage,I
 - ,O,O,I
139,B,lpage,I
".
",O,O,I
