token,tag,label,ref
Adams,B,author,B
", ",I,author,I
J. S.,I,author,I
 (,O,O,I
1965,B,year,I
). ,O,O,I
Inequity in social exchange,B,title,I
. In ,O,O,I
L. Berkowitz,B,editor,I
" (Ed.), ",O,O,I
Advances in experimental social psychology,B,source,I
 (pp. ,O,O,I
267,B,fpage,I
 - ,O,O,I
99,B,lpage,I
). ,O,O,I
New York,B,other,I
: ,O,O,I
Academic Press,B,publisher,I
".
",O,O,I
Antoni,B,author,B
", ",I,author,I
C. H.,I,author,I
 (,O,O,I
1994,B,year,I
). [,O,O,I
"Teamwork in companies - concepts, experiences, perspectives].Gruppenarbeit in Unternehmen - Konzepte, Erfahrungen, Perspektiven",B,title,I
. ,O,O,I
Weinheim,B,other,I
: ,O,O,I
Psychologie Verlags Union,B,publisher,I
".
",O,O,I
Arnscheid,B,author,B
", ",I,author,I
R.,I,author,I
", ",O,O,I
Diehl,B,author,I
", ",I,author,I
M.,I,author,I
", & ",O,O,I
Stroebe,B,author,I
",",I,author,I
 W.,I,author,I
 (,O,O,I
1997,B,year,I
). ,O,O,I
[Lack of motivation in groups: An empirical test of a theoretical integration]. Motivationsverluste in Gruppen. Ein empirischer Test einer theoretischen Integration,B,title,I
.,O,O,I
 Zeitschrift fuer Sozialpsychologie,B,source,I
", ",O,O,I
28,B,volume,I
", ",O,O,I
241,B,fpage,I
 - ,O,O,I
250,B,lpage,I
".
",O,O,I
Blood,B,author,B
", ",I,author,I
M.,I,author,I
 (,O,O,I
1969,B,year,I
). ,O,O,I
Work values and job satisfaction,B,title,I
. ,O,O,I
Journal of Applied Psychology,B,source,I
", ",O,O,I
53,B,volume,I
", ",O,O,I
456,B,fpage,I
 - ,O,O,I
459,B,lpage,I
".
",O,O,I
Brickenkamp,B,author,B
",",I,author,I
 R.,I,author,I
 (,O,O,I
1994,B,year,I
). ,O,O,I
[Test d2 - attention speed test]. Test d2 Aufmerksamkeits-Belastungs-Test,B,title,I
. ,O,O,I
8,B,issue,I
. Auﬂage (,O,O,I
1,B,issue,I
. Auﬂage: ,O,O,I
1962,B,year,I
) ,O,O,I
Göttingen,B,other,I
: ,O,O,I
Hogrefe Verlag für Psychologie,B,publisher,I
".
",O,O,I
Buchholz,B,author,B
", ",I,author,I
R.,I,author,I
 (,O,O,I
1976,B,year,I
). ,O,O,I
Measurement of beliefs,B,title,I
. ,O,O,I
Human Relations,B,source,I
", ",O,O,I
29,B,volume,I
", ",O,O,I
1177,B,fpage,I
 - ,O,O,I
1188,B,lpage,I
".
",O,O,I
Cacioppo,B,author,B
", ",I,author,I
J. T.,I,author,I
", & ",O,O,I
Petty,B,author,I
", ",I,author,I
R. E.,I,author,I
 (,O,O,I
1982,B,year,I
). ,O,O,I
The need for cognition,B,title,I
. ,O,O,I
Journal of Personality and Social Psychology,B,source,I
", ",O,O,I
42,B,volume,I
", ",O,O,I
116,B,fpage,I
 - ,O,O,I
131,B,lpage,I
".
",O,O,I
Furnham,B,author,B
", ",I,author,I
A.,I,author,I
 (,O,O,I
1990,B,year,I
a). ,O,O,I
The Protestant work ethic,B,title,I
. ,O,O,I
New York,B,other,I
: ,O,O,I
Routledge,B,publisher,I
".
",O,O,I
Furnham,B,author,B
", ",I,author,I
A.,I,author,I
 (,O,O,I
1990,B,year,I
b). ,O,O,I
"A content, correlational, and factor analytic study of seven questionnaire measures of the Protestant Work Ethic",B,title,I
. ,O,O,I
Human Relations,B,source,I
", ",O,O,I
43,B,volume,I
", ",O,O,I
383,B,fpage,I
 - ,O,O,I
399,B,lpage,I
".
",O,O,I
Goldstein,B,author,B
",",I,author,I
 B,I,author,I
" &., ",O,O,I
Eichhorn,B,author,I
", ",I,author,I
R.,I,author,I
 (,O,O,I
1961,B,year,I
). ,O,O,I
"The changing Protestant ethic: Rural patterns in health, work and leisure",B,title,I
. ,O,O,I
American Sociological Review,B,source,I
", ",O,O,I
26,B,volume,I
", ",O,O,I
557,B,fpage,I
 - ,O,O,I
565,B,lpage,I
".
",O,O,I
Greenberg,B,author,B
", ",O,O,I
J.,B,author,I
 (,O,O,I
1978,B,year,I
). ,O,O,I
"Equity, equality, and the Protestant Ethic: Allocating rewards following fair and unfair competition",B,title,I
. ,O,O,I
Journal of Experimental Social Psychology,B,source,I
", ",O,O,I
14,B,volume,I
", ",O,O,I
217,B,fpage,I
 - ,O,O,I
226,B,lpage,I
".
",O,O,I
Hammond,B,author,B
", ",O,O,I
P,B,author,I
" &., ",O,O,I
Williams,B,author,I
", ",O,O,I
K.,B,author,I
 (,O,O,I
1976,B,year,I
). ,O,O,I
Protestant ethic thesis: Social psychological assessment,B,title,I
. ,O,O,I
Social Forces,B,source,I
", ",O,O,I
54,B,volume,I
", ",O,O,I
579,B,fpage,I
 - ,O,O,I
589,B,lpage,I
".
",O,O,I
Harkins,B,author,B
",",I,author,I
 S.,I,author,I
", & ",O,O,I
Jackson,B,author,I
", ",I,author,I
J.,I,author,I
 (,O,O,I
1985,B,year,I
). ,O,O,I
The role of evaluation in eliminating social loaﬁng,B,title,I
. ,O,O,I
Personality and Social Psychology Bulletin,B,source,I
", ",O,O,I
11,B,volume,I
", ",O,O,I
457,B,fpage,I
 - ,O,O,I
465,B,lpage,I
".
",O,O,I
Harkins,B,author,B
", ",I,author,I
S.,I,author,I
", & ",O,O,I
Szymanski,B,author,I
", ",I,author,I
K.,I,author,I
 (,O,O,I
1989,B,year,I
). ,O,O,I
Social loaﬁng and group evaluation,B,title,I
. ,O,O,I
Journal of Personality and Social Psychology,B,source,I
", ",O,O,I
56,B,volume,I
", ",O,O,I
934,B,fpage,I
 - ,O,O,I
941,B,lpage,I
".
",O,O,I
Hart,B,author,B
", ",I,author,I
J. W.,I,author,I
", ",O,O,I
Karau,B,author,I
", ",I,author,I
S. J.,I,author,I
", ",O,O,I
Stasson,B,author,I
", ",I,author,I
M. F,I,author,I
" &., ",O,O,I
Kerr,B,author,I
", ",I,author,I
N. A.,I,author,I
 (,O,O,I
2004,B,year,I
). ,O,O,I
"Achievement motivation, expected coworker performance, and collective task motivation: Working hard or hardly working",B,title,I
. ,O,O,I
Journal of Applied Social Psychology,B,source,I
", ",O,O,I
34,B,volume,I
", ",O,O,I
984,B,fpage,I
 - ,O,O,I
1000,B,lpage,I
".
",O,O,I
Heaven,B,author,B
", ",I,author,I
P.,I,author,I
 (,O,O,I
1989,B,year,I
). ,O,O,I
Structure and personality correlates of the Protestant Work Ethic among women,B,title,I
. ,O,O,I
Personality and Individual Differences,B,source,I
", ",O,O,I
10,B,volume,I
", ",O,O,I
101,B,fpage,I
 - ,O,O,I
104,B,lpage,I
".
",O,O,I
Ho,B,author,B
", ",I,author,I
R.,I,author,I
 (,O,O,I
1984,B,year,I
). ,O,O,I
Adherence to Protestant Work Ethic values and helping judgments towards the unemployed,B,title,I
. ,O,O,I
Unpublished paper,B,other,I
".
",O,O,I
Ho,B,author,B
", ",I,author,I
R.,I,author,I
", & ",O,O,I
Lloyd,B,author,I
", ",I,author,I
J.,I,author,I
 (,O,O,I
1984,B,year,I
). ,O,O,I
Development of an Australian work ethic scale,B,title,I
. ,O,O,I
Australian Psychology,B,source,I
", ",O,O,I
19,B,volume,I
", ",O,O,I
321,B,fpage,I
 - ,O,O,I
332,B,lpage,I
".
",O,O,I
Hogan,B,author,B
", ",I,author,I
R,I,author,I
" &., ",O,O,I
Blake,B,author,I
", ",I,author,I
R. J.,I,author,I
 (,O,O,I
1996,B,year,I
). ,O,O,I
Vocational interests: Matching self-concept with the work environment,B,title,I
. In ,O,O,I
K. R. Murphy,B,editor,I
" (Ed.), I",O,O,I
ndividual differences and behavior in organizations,B,source,I
. ,O,O,I
San Francisco,B,other,I
: ,O,O,I
Jossey-Bass,B,publisher,I
".
",O,O,I
Homans,B,author,B
", ",I,author,I
G. C.,I,author,I
 (,O,O,I
1958,B,year,I
). ,O,O,I
Human behavior as exchange,B,title,I
. ,O,O,I
American Journal of Sociology,B,source,I
", ",O,O,I
63,B,volume,I
", ",O,O,I
597,B,fpage,I
 - ,O,O,I
606,B,lpage,I
".
",O,O,I
Homans,B,author,B
", ",I,author,I
G. C.,I,author,I
 (,O,O,I
1961,B,year,I
). ,O,O,I
Social behavior: Its elementary forms,B,title,I
. ,O,O,I
New York,B,other,I
: ,O,O,I
"Harcourt, Brace & World",B,publisher,I
".
",O,O,I
Ingham,B,author,B
", ",I,author,I
A. G.,I,author,I
", ",O,O,I
Levinger,B,author,I
",",I,author,I
 G.,I,author,I
", ",O,O,I
Graves,B,author,I
", ",I,author,I
J.,I,author,I
", & ",O,O,I
Peckham,B,author,I
", ",I,author,I
V.,I,author,I
 (,O,O,I
1974,B,year,I
). ,O,O,I
The Ringelmann effect: Studies of group size and group performance,B,title,I
. ,O,O,I
Journal of Experimental Social Psychology,B,source,I
", ",O,O,I
10,B,volume,I
", ",O,O,I
371,B,fpage,I
 - ,O,O,I
384,B,lpage,I
".
",O,O,I
Karau,B,author,B
", ",I,author,I
S. J.,I,author,I
", & ",O,O,I
Williams,B,author,I
", ",I,author,I
K. D.,I,author,I
 (,O,O,I
1993,B,year,I
). ,O,O,I
Social loaﬁng: A meta-analytic review and theoretical integration,B,title,I
. ,O,O,I
Journal of Personality and Social Psychology,B,source,I
", ",O,O,I
65,B,volume,I
", ",O,O,I
681,B,fpage,I
 - ,O,O,I
706,B,lpage,I
".
",O,O,I
Kerr,B,author,B
", ",O,O,I
N.,B,author,I
 (,O,O,I
1983,B,year,I
). ,O,O,I
Motivation losses in small groups: A social dilemma analysis,B,title,I
. ,O,O,I
Journal of Personality and Social Psychology,B,source,I
", ",O,O,I
45,B,volume,I
", ",O,O,I
819,B,fpage,I
 - ,O,O,I
828,B,lpage,I
".
",O,O,I
Kerr,B,author,B
", ",I,author,I
N.,I,author,I
", & ",O,O,I
Brunn,B,author,I
", ",I,author,I
S.,I,author,I
 (,O,O,I
1983,B,year,I
). ,O,O,I
Dispensability of member effort and group motivation losses: Free rider-effects,B,title,I
. ,O,O,I
Journal of Personality and Social Psychology,B,source,I
", ",O,O,I
44,B,volume,I
", ",O,O,I
78,B,fpage,I
 - ,O,O,I
94,B,lpage,I
".
",O,O,I
Kravitz,B,author,B
", ",O,O,I
M,B,author,I
" &., ",O,O,I
Martin,B,author,I
", ",O,O,I
B.,B,author,I
 (,O,O,I
1986,B,year,I
). ,O,O,I
Ringelmann rediscovered. The original article,B,title,I
. ,O,O,I
Journal of Personality and Social Psychology,B,source,I
", ",O,O,I
50,B,volume,I
", ",O,O,I
936,B,fpage,I
 - ,O,O,I
941,B,lpage,I
".
",O,O,I
Latane,B,author,B
", ",I,author,I
B.,I,author,I
", ",O,O,I
Williams,B,author,I
", ",I,author,I
K.,I,author,I
", & ",O,O,I
Harkins,B,author,I
", ",I,author,I
S.,I,author,I
 (,O,O,I
1979,B,year,I
). ,O,O,I
Many hands make light the work: The causes and consequences of social loaﬁng,B,title,I
. ,O,O,I
Journal of Personality and Social Psychology,B,source,I
", ",O,O,I
37,B,volume,I
", ",O,O,I
823,B,fpage,I
 - ,O,O,I
832,B,lpage,I
".
",O,O,I
Lied,B,author,B
", ",I,author,I
T,I,author,I
" &., ",O,O,I
Pritchard,B,author,I
", ",I,author,I
R.,I,author,I
 (,O,O,I
1976,B,year,I
). ,O,O,I
Relationship between personality variables and components of the expecting valence model,B,title,I
. ,O,O,I
Journal of Applied Psychology,B,source,I
", ",O,O,I
61,B,volume,I
", ",O,O,I
463,B,fpage,I
 - ,O,O,I
467,B,lpage,I
".
",O,O,I
McClelland,B,author,B
", ",I,author,I
D. C.,I,author,I
 (,O,O,I
1961,B,year,I
). ,O,O,I
The achieving society,B,title,I
. ,O,O,I
New York,B,other,I
: ,O,O,I
Van Nostrand,B,publisher,I
".
",O,O,I
Mirels,B,author,B
", ",I,author,I
H,I,author,I
" &.,",O,O,I
 ,B,author,I
Garrett,I,author,I
", ",I,author,I
J.,I,author,I
 (,O,O,I
1971,B,year,I
). ,O,O,I
The Protestant ethic as a personality variable,B,title,I
. ,O,O,I
Journal of Consulting and Clinical Psychology,B,source,I
", ",O,O,I
36,B,volume,I
", ",O,O,I
40,B,fpage,I
 - ,O,O,I
44,B,lpage,I
".
",O,O,I
Moede,B,author,B
", ",I,author,I
W.,I,author,I
 (,O,O,I
1927,B,year,I
). ,O,O,I
[Introduction to performance psychology]. Die Richtlinien der Leistungspsychologie,B,title,I
. ,O,O,I
Industrielle Psychotechnik,B,source,I
", ",O,O,I
4,B,volume,I
", ",O,O,I
193,B,fpage,I
 - ,O,O,I
209,B,lpage,I
".
",O,O,I
Orbell,B,author,B
", ",I,author,I
J,I,author,I
" &., ",O,O,I
Dawes,B,author,I
", ",I,author,I
R.,I,author,I
 (,O,O,I
1981,B,year,I
). ,O,O,I
Social dilemmas,B,title,I
. In ,O,O,I
G. Stephenson,B,editor,I
 & ,O,O,I
J. H. Davis,B,editor,I
" (Eds.), ",O,O,I
Progress in applied social psychology,B,source,I
 (Vol. ,O,O,I
1,B,volume,I
). ,O,O,I
"Chichester, UK",B,other,I
: ,O,O,I
Wiley,B,publisher,I
".
",O,O,I
Ray,B,author,B
", ",O,O,I
J.,B,author,I
 (,O,O,I
1982,B,year,I
). ,O,O,I
The Protestant ethic in Australia,B,title,I
. ,O,O,I
Journal of Social Psychology,B,source,I
", ",O,O,I
116,B,volume,I
", ",O,O,I
127,B,fpage,I
 - ,O,O,I
138,B,lpage,I
".
",O,O,I
Shepperd,B,author,B
",",I,author,I
 J. A.,I,author,I
 (,O,O,I
1993,B,year,I
). ,O,O,I
Productivity loss in performance groups: A motivation analysis,B,title,I
. ,O,O,I
Psychological Bulletin,B,source,I
", ",O,O,I
113,B,volume,I
", ",O,O,I
67,B,fpage,I
 - ,O,O,I
81,B,lpage,I
".
",O,O,I
Shepperd,B,author,B
", ",I,author,I
J. A.,I,author,I
", & ",O,O,I
Taylor,B,author,I
", ",I,author,I
K. M.,I,author,I
 (,O,O,I
1999,B,year,I
). ,O,O,I
Social loaﬁng and expectancy-value theory,B,title,I
. ,O,O,I
Personality and Social Psychology Bulletin,B,source,I
", ",O,O,I
25,B,volume,I
", ",O,O,I
1147,B,fpage,I
 - ,O,O,I
1158,B,lpage,I
".
",O,O,I
Smith,B,author,B
", ",I,author,I
B. N.,I,author,I
", ",O,O,I
Kerr,B,author,I
", ",I,author,I
N. A.,I,author,I
", ",O,O,I
Markus,B,author,I
", ",I,author,I
M. J,I,author,I
" &., ",O,O,I
Stasson,B,author,I
", ",I,author,I
M. F.,I,author,I
 (,O,O,I
2001,B,year,I
). ,O,O,I
Individual differences in social loaﬁng: Need for cognition as a motivator in collective performance,B,title,I
. ,O,O,I
"Group Dynamics, Theory, Research, and Practice",B,source,I
", ",O,O,I
5,B,volume,I
", ",O,O,I
150,B,fpage,I
 - ,O,O,I
158,B,lpage,I
".
",O,O,I
Steiner,B,author,B
", ",O,O,I
I. D.,B,author,I
 (,O,O,I
1972,B,year,I
). ,O,O,I
Group process and group Productivity,B,title,I
. ,O,O,I
New York,B,other,I
: ,O,O,I
Academic Press,B,publisher,I
".
",O,O,I
Szymanski,B,author,B
", ",I,author,I
K.,I,author,I
", & ",O,O,I
Harkins,B,author,I
", ",I,author,I
S.,I,author,I
 (,O,O,I
1987,B,year,I
). ,O,O,I
Social loaﬁng and self-evaluation with a social standard,B,title,I
. ,O,O,I
Journal of Personality and Social Psychology,B,source,I
", ",O,O,I
53,B,volume,I
", ",O,O,I
891,B,fpage,I
 - ,O,O,I
897,B,lpage,I
".
",O,O,I
Walster,B,author,B
", ",I,author,I
E.,I,author,I
", ",O,O,I
Berscheid,B,author,I
", ",I,author,I
E.,I,author,I
", & ",O,O,I
Walster,B,author,I
", ",I,author,I
G. W.,I,author,I
 (,O,O,I
1973,B,year,I
). ,O,O,I
New directions in equity research,B,title,I
. ,O,O,I
Journal of Social and Personality Psychology,B,source,I
", ",O,O,I
25,B,volume,I
", ",O,O,I
151,B,fpage,I
 - ,O,O,I
176,B,lpage,I
".
",O,O,I
Weber,B,author,B
", ",I,author,I
M.,I,author,I
 (,O,O,I
1905,B,year,I
). ,O,O,I
Die protestantische Ethik und der ‘Geist’ des Kapitalismus. [The Protestant Ethic and the Sprit of Capitalism],B,title,I
. ,O,O,I
Archiv für Sozialwissenschaft und Sozialpolitik,B,source,I
", ",O,O,I
20,B,volume,I
", ",O,O,I
1,B,fpage,I
 - ,O,O,I
54,B,lpage,I
".
",O,O,I
