token,tag,label,ref
 ,O,O,I
Bartolini,B,author,B
", ",I,author,I
Stefano,I,author,I
 (,O,O,I
2002,B,year,I
) ' ,O,O,I
Lo stato nazionale e l'integrazione europea: un'agenda diricerca,B,title,I
" ' ,",O,O,I
Quaderni di Scienza Politica,B,source,I
 ,O,O,I
9,B,volume,I
 (,O,O,I
3,B,issue,I
):,O,O,I
397 ,B,fpage,I
-,O,O,I
414,B,lpage,I
". 
",O,O,I
 ,O,O,I
Bendix,B,author,B
",",I,author,I
 Reinhard,I,author,I
 (,O,O,I
1964,B,year,I
) ,O,O,I
Nation Building and Citizenship,B,title,I
. ,O,O,I
New York,B,other,I
: ,O,O,I
Wiley,B,publisher,I
". 
",O,O,I
 ,O,O,I
Bennet,B,author,B
",",I,author,I
 W. Lance,I,author,I
 (,O,O,I
2003,B,year,I
) ',O,O,I
Managing the Public Sphere: Journalistic Construc-tionof the Great Globalization Debate,B,title,I
" ',",O,O,I
manuscript,B,other,I
" . 
",O,O,I
 ,O,O,I
Börzel,B,author,B
", ",I,author,I
Tanja A.,I,author,I
 and ,O,O,I
Thomas,B,author,I
 Risse,I,author,I
 (,O,O,I
2000,B,year,I
) ',O,O,I
When Europe Hits Home: Europeanis-ationand Domestic Change,B,title,I
" ',",O,O,I
European Integration online Papers ( EIoP),B,source,I
4,B,volume,I
 (,O,O,I
15,B,issue,I
"),URL (consulted ",O,O,I
August2004,B,year,I
 ) :,O,O,I
http: //www.eiop.or.at,B,url,I
". 
",O,O,I
 ,O,O,I
Brinegar,B,author,B
", ",I,author,I
Adam P.,I,author,I
 ,I,author,I
 and ,O,O,I
 ,B,author,I
Seth,I,author,I
 K. Jolly,I,author,I
 (,O,O,I
2005,B,year,I
) ',O,O,I
"Location, Location, Location. National ContextualFactors and Public Support for European Integration",B,title,I
" ' ,",O,O,I
European Union Politics,B,source,I
6,B,volume,I
 ( ,O,O,I
2,B,issue,I
):,O,O,I
155,B,fpage,I
-,O,O,I
 80,B,lpage,I
". 
",O,O,I
 ,O,O,I
Bush ,B,author,B
",",I,author,I
 Evelyn,I,author,I
 and ,O,O,I
Pete,B,author,I
 ,I,author,I
 Simi,I,author,I
 (,O,O,I
2001,B,year,I
) ',O,O,I
European Farmers and Their Protests,B,title,I
"', in ",O,O,I
Doug Imigand Sidney Tarrow,B,editor,I
 ( eds),O,O,I
Contentious Europeans .Protest and Politics in an Emerging Polity,B,source,I
", pp. ",O,O,I
97,B,fpage,I
-,O,O,I
 121,B,lpage,I
.,O,O,I
"Lanham, MD",B,other,I
: ,O,O,I
Rowman & Littlefield,B,publisher,I
" . 
",O,O,I
 ,O,O,I
Chabanet,B,author,B
",",I,author,I
 Didier,I,author,I
 (,O,O,I
2002,B,year,I
) ',O,O,I
"Les marches européennes contre le chomage, la précarité etles exclusions",B,title,I
" ',in ",O,O,I
Richard Balme and Didier Chabanet,B,editor,I
 ( eds),O,O,I
L'actioncollec -tiveenEurope,B,other,I
" , pp. ",O,O,I
461,B,fpage,I
-,O,O,I
94,B,lpage,I
.,O,O,I
Paris,B,other,I
: ,O,O,I
Pressesde Sciences Po,B,publisher,I
" . 
",O,O,I
 ,O,O,I
Della ,B,author,B
",",I,author,I
 Porta,I,author,I
", ",O,O,I
Donatella (2003a) I new global,B,title,I
. ,O,O,I
Bologna: Il Mulino,B,other,I
". 
",O,O,I
 ,O,O,I
"Della Porta,",B,author,B
",",I,author,I
 Donatella,I,author,I
 (,O,O,I
2003b,B,year,I
) ',O,O,I
The Europeanisation of Protest: A Typology and SomeEmpirical Evidence,B,title,I
" ',",O,O,I
"European University Institute ,Working Papers",B,other,I
" . 
",O,O,I
 ,O,O,I
"Della Porta,Donatella",B,editor,B
 (ed.) (,O,O,I
2003c,B,year,I
) ',O,O,I
Dimensions of Political Opportunities and the Europeanisationof the Public Sphere,B,title,I
" ',",O,O,I
"Report on Work Package 1 ,Europub .ComResearchProject",B,other,I
" . 
",O,O,I
 ,O,O,I
"Della Porta,",B,author,B
",",I,author,I
 Donatella,I,author,I
 (,O,O,I
2004,B,year,I
) ',O,O,I
National Case Report of Delphi Analysis,B,title,I
"', ",O,O,I
"Report Delphi,Europub .ComResearch Project",B,other,I
" . 
",O,O,I
 ,O,O,I
Della Porta,B,author,B
",",I,author,I
 Donatella,I,author,I
 and ,O,O,I
Manuela,B,author,I
 ,I,author,I
Caiani,I,author,I
 (,O,O,I
2004,B,year,I
) ',O,O,I
National Case Report on PoliticalMobilisation and Communication Strategies of Collective Actors,B,title,I
" ',",O,O,I
"Report onWork Package 5 , Europub. ComResearchProject",B,other,I
" . 
",O,O,I
 ,O,O,I
Della Porta,B,author,B
",",I,author,I
 Donatella,I,author,I
 and ,O,O,I
Manuela,B,author,I
 ,I,author,I
Caiani,I,author,I
 (,O,O,I
2006,B,year,I
) ,O,O,I
"Quale Europa? Europeizzazione, identitàe conflitti",B,title,I
 .,O,O,I
Bologna :Il Mulino,B,other,I
" . 
",O,O,I
 ,O,O,I
"Della Porta, Donatella",B,editor,B
 and ,O,O,I
Sidney Tarrow,B,editor,I
 (eds) (,O,O,I
2004,B,year,I
) ,O,O,I
Transnational Movements and GlobalActivism,B,title,I
 .,O,O,I
"Lanham ,MD",B,other,I
 :,O,O,I
Rowman & Littlefield,B,publisher,I
" . 
",O,O,I
 ,O,O,I
Della Porta,B,author,B
",",I,author,I
 Donatella,I,author,I
 and ,O,O,I
Manuela,B,author,I
 ,I,author,I
Caiani,I,author,I
",",O,O,I
 ,B,author,I
 Lorenzo,I,author,I
 ,I,author,I
Mosca,I,author,I
 ,I,author,I
and ,O,O,I
 Sara,B,author,I
 ,I,author,I
Valenza,I,author,I
 (,O,O,I
2003,B,year,I
) ',O,O,I
"Formsof Europeanisation of the Public Sphere in Italy in Cross -time,Cross -issueandCross - mediaPerspective",B,title,I
"' ,",O,O,I
paperpresented at the Conference on the Europeanisation of thePublic Sphere,B,other,I
" , ",O,O,I
June,B,year,I
" ,",O,O,I
"Berlin ,Germany",B,other,I
" . 
",O,O,I
 ,O,O,I
Diez Medrano,B,author,B
",",I,author,I
 Juan,I,author,I
 (,O,O,I
2003,B,year,I
) ,O,O,I
"Framing Europe. Attitudes to European Integration in Germany,Spain and the United Kingdom",B,title,I
 .,O,O,I
Princeton .NJ,B,other,I
 :,O,O,I
Princeton University Press,B,publisher,I
" . 
",O,O,I
 ,O,O,I
Eder,B,author,B
",",I,author,I
 Klaus,I,author,I
 (,O,O,I
2000,B,year,I
) ',O,O,I
Zur Transformation nationalstaatlicher Öffentlichkeit in Europa,B,title,I
"',",O,O,I
Berliner Journal für Soziologie,B,source,I
 ,O,O,I
2,B,volume,I
 (,O,O,I
10,B,issue,I
):,O,O,I
167 ,B,fpage,I
-,O,O,I
84,B,lpage,I
". 
",O,O,I
 ,O,O,I
Fabbrini,B,author,B
",",I,author,I
 Sergio,I,author,I
 (,O,O,I
2003,B,year,I
) ',O,O,I
"L'europeizzazione: Teorie, comparazioni e implicazioni perl 'Italia",B,title,I
"',in ",O,O,I
Sergio Fabbrini ( ed.)L 'europeizzazionedell 'Italia,B,editor,I
",pp .",O,O,I
3 ,B,fpage,I
-,O,O,I
33,B,lpage,I
.,O,O,I
Rome,B,other,I
 :,O,O,I
Laterza,B,other,I
" . 
",O,O,I
 ,O,O,I
Ferrera,B,author,B
",",I,author,I
 Maurizio,I,author,I
 (,O,O,I
2003,B,year,I
) ',O,O,I
"Un'Italia salvata dall'Europa, ma ancora libera di danneggiarese stessa",B,title,I
" ',in ",O,O,I
Sergio Fabbrini ( ed.)L 'europeizzazionedell 'Italia,B,editor,I
",pp .",O,O,I
243,B,fpage,I
-,O,O,I
 54,B,lpage,I
.,O,O,I
Rome,B,other,I
: ,O,O,I
Laterza,B,other,I
". 
",O,O,I
 ,O,O,I
Franzosi,B,author,B
", ",I,author,I
 Roberto,I,author,I
 (,O,O,I
1994,B,year,I
) ',O,O,I
From Words to Numbers: A Generalized and Linguis-tics-BasedCoding Procedure for Collecting Event Data from Newspapers,B,title,I
" ',in ",O,O,I
Clifford Clogg,B,editor,I
( ed .),O,O,I
SociologicalMethodology,B,source,I
" , pp. ",O,O,I
263,B,fpage,I
-,O,O,I
 98,B,lpage,I
.,O,O,I
Oxford,B,other,I
: ,O,O,I
Blackwell,B,publisher,I
". 
",O,O,I
 ,O,O,I
Gabel,B,author,B
",",I,author,I
 Matthew J. ,I,author,I
 and ,O,O,I
 ,B,author,I
Simon,I,author,I
 ,I,author,I
Hix,I,author,I
 (,O,O,I
2004,B,year,I
) ',O,O,I
The Structure of Citizen Attitudes and theEuropean Political Space,B,title,I
" ',in ",O,O,I
Gary Marks and Marco R .Steenbergen,B,editor,I
 ( eds),O,O,I
European Integrationand Political Conflict,B,source,I
" , pp. ",O,O,I
13,B,fpage,I
-,O,O,I
 31,B,lpage,I
.,O,O,I
Cambridge,B,other,I
: ,O,O,I
CambridgeUniversity Press,B,publisher,I
" . 
",O,O,I
 ,O,O,I
Gamson,B,author,B
",",I,author,I
 William A.,I,author,I
 and ,O,O,I
 Andre,B,author,I
 ,I,author,I
Modigliani,I,author,I
 (,O,O,I
1989,B,year,I
) ',O,O,I
Media Discourse and Public Opinionon Nuclear Power :A Constructionist Approach,B,title,I
" ',",O,O,I
American Journal of Sociology,B,source,I
 ,O,O,I
95,B,volume,I
( ,O,O,I
1,B,issue,I
):,O,O,I
1,B,fpage,I
-,O,O,I
 38,B,lpage,I
". 
",O,O,I
 ,O,O,I
Gerhards,B,author,B
",",I,author,I
 Juergen,I,author,I
 (,O,O,I
1993,B,year,I
) ',O,O,I
Westeuropäische Integration und die Schwierigkeiten derEntstehung einer europäischen Öffentlichkeit,B,title,I
" ',",O,O,I
Zeitschrift für Soziologie,B,source,I
 ,O,O,I
22,B,volume,I
 (,O,O,I
2,B,issue,I
):,O,O,I
96,B,fpage,I
-,O,O,I
 110,B,lpage,I
". 
",O,O,I
 ,O,O,I
Giugni,B,author,B
",",I,author,I
 Marco,I,author,I
 ,I,author,I
 and ,O,O,I
 ,B,author,I
 Florence ,I,author,I
 ,I,author,I
 Passy,I,author,I
 (,O,O,I
2002,B,year,I
) ',O,O,I
"Le champ politique de l'immigration enEurope :Opportunités ,mobilisations et héritage de l 'Etatnational",B,title,I
" ',in ",O,O,I
"Richard Balme, DidierChabanet and Vincent Wright",B,editor,I
 ( eds )L' ,O,O,I
actioncollectiveen Europe,B,other,I
" , pp.",O,O,I
433 ,B,fpage,I
-,O,O,I
60,B,lpage,I
 .,O,O,I
Paris,B,other,I
:,O,O,I
Presses deSciences Po,B,other,I
" . 
",O,O,I
 ,O,O,I
Giuliani,B,author,B
",",I,author,I
 Marco,I,author,I
 (,O,O,I
2000,B,year,I
) ',O,O,I
Europeanisation and Italy: A Bottom-up Process?,B,title,I
"', ",O,O,I
SouthernEuropean Society and Politics,B,source,I
 ,O,O,I
5,B,volume,I
 :,O,O,I
47 ,B,fpage,I
-,O,O,I
72,B,lpage,I
". 
",O,O,I
 ,O,O,I
Habermas,B,author,B
",",I,author,I
 Jürgen,I,author,I
 (,O,O,I
1981,B,year,I
) ,O,O,I
Theorie des Kommunikativen Handelns. Frankfurt am Main: Suhrkamp,B,title,I
". 
",O,O,I
 ,O,O,I
Habermas,B,author,B
",",I,author,I
 Jürgen,I,author,I
 (,O,O,I
1991,B,year,I
) ,O,O,I
The Structural Transformation of the Public Sphere. An Inquiryinto the Category of Bourgeois Society,B,title,I
 .,O,O,I
"Cambridge ,MA",B,other,I
 :,O,O,I
MIT,B,publisher,I
" . 
",O,O,I
 ,O,O,I
Hooghe,B,author,B
",",I,author,I
 Liesbet,I,author,I
 and ,O,O,I
Gary,B,author,I
 ,I,author,I
 Marks,I,author,I
 (,O,O,I
1995,B,year,I
) ',O,O,I
Birth of a Polity: The Struggle over EuropeanIntegration,B,title,I
" ',in ",O,O,I
"Herbert Kitschelt ,Peter Lange ,Gary Marks and John Stephens",B,editor,I
 (eds ),O,O,I
ThePolitics and Political Economy of Advanced Industrial Societies,B,title,I
" , pp. ",O,O,I
70,B,fpage,I
-,O,O,I
97,B,lpage,I
 .,O,O,I
Cambridge,B,other,I
:,O,O,I
Cambridge UniversityPress,B,publisher,I
" . 
",O,O,I
 ,O,O,I
Hooghe,B,author,B
",",I,author,I
 Liesbet,I,author,I
", ",O,O,I
Gary,B,author,I
 ,I,author,I
Marks,I,author,I
 ,I,author,I
 and ,O,O,I
 ,B,author,I
 Carol J.,I,author,I
 ,I,author,I
Wilson,I,author,I
 (,O,O,I
2004,B,year,I
) ',O,O,I
Does Left/Right StructureParty Position on European Integration ?,B,title,I
"',in ",O,O,I
Gary Marks and Marco R .Steenbergen,B,editor,I
( eds ),O,O,I
EuropeanIntegration and Political Conflict,B,title,I
" , pp. ",O,O,I
120,B,fpage,I
-,O,O,I
 40,B,lpage,I
.,O,O,I
Cambridge,B,other,I
: ,O,O,I
CambridgeUniversityPress,B,publisher,I
" . 
",O,O,I
 ,O,O,I
Imig,B,author,B
",",I,author,I
 Doug,I,author,I
 (,O,O,I
2004,B,year,I
) ',O,O,I
Contestation in the Streets: European Protest and the Emerging Euro-politics,B,title,I
"',in ",O,O,I
Gary Marks and Marco R .Steenbergen,B,editor,I
 ( eds),O,O,I
European Inte -grationandPolitical Conflict,B,title,I
" , pp. ",O,O,I
216,B,fpage,I
-,O,O,I
 34,B,lpage,I
.,O,O,I
Cambridge,B,other,I
: ,O,O,I
CambridgeUniversity Press,B,publisher,I
" . 
",O,O,I
 ,O,O,I
Imig,B,author,B
",",I,author,I
 Doug,I,author,I
 and ,O,O,I
Sidney,B,author,I
",",I,author,I
Tarrow,I,author,I
 (,O,O,I
2001a,B,year,I
) ',O,O,I
Mapping the Europeanisation of Contention:Evidence from a Quantitative Data Analysis,B,title,I
" ',in ",O,O,I
Doug Imig and Sidney Tarrow,B,editor,I
( eds ),O,O,I
ContentiousEuropeans . Protestand Politics in an Emerging Polity,B,title,I
" , pp.",O,O,I
27 ,B,fpage,I
-,O,O,I
53,B,lpage,I
 .,O,O,I
"Lanham,MD",B,other,I
 :,O,O,I
Rowman & Littlefield,B,publisher,I
" . 
",O,O,I
 ,O,O,I
Imig,B,author,B
",",I,author,I
 Doug,I,author,I
 and ,O,O,I
Sidney,B,author,I
",",I,author,I
Tarrow,I,author,I
 (,O,O,I
2001b,B,year,I
) ',O,O,I
Studying Contention in an Emerging Polity,B,title,I
"',in ",O,O,I
Doug Imig and Sidney Tarrow,B,editor,I
 ( eds),O,O,I
Contentious Europeans .Protest and Politics inan Emerging Polity,B,title,I
" , pp. ",O,O,I
3,B,fpage,I
-,O,O,I
 26,B,lpage,I
.,O,O,I
"Lanham, MD",B,other,I
: ,O,O,I
Rowman& Littlefield,B,publisher,I
" . 
",O,O,I
 ,O,O,I
Klandermans,B,author,B
",",I,author,I
"  Bert, et al.",I,author,I
 (,O,O,I
2001,B,year,I
) ',O,O,I
Framing Contention: Dutch and Spanish Farmers Confrontthe EU,B,title,I
" ',in ",O,O,I
Doug Imig and Sidney Tarrow,B,editor,I
 ( eds),O,O,I
Contentious Europeans .Protest andPolitics in an Emerging Polity,B,title,I
" , pp. ",O,O,I
77,B,fpage,I
-,O,O,I
 95,B,lpage,I
.,O,O,I
"Lanham, MD",B,other,I
: ,O,O,I
Rowman& Littlefield,B,publisher,I
" . 
",O,O,I
 ,O,O,I
Knill,B,author,B
",",I,author,I
  Christoph ,I,author,I
 and ,O,O,I
 Dirk ,B,author,I
",",I,author,I
 Lehmkuhl,I,author,I
 (,O,O,I
1999,B,year,I
) ',O,O,I
How Europe Matters. Different Mech-anismsof Europeanization,B,title,I
" ',in ",O,O,I
European Integration online Papers ( EIoP),B,source,I
3,B,volume,I
 (,O,O,I
7,B,issue,I
"),URL (consulted ",O,O,I
August2004,B,year,I
 ) :,O,O,I
http: //www.eiop.or.at,B,url,I
". 
",O,O,I
 ,O,O,I
Koopmans,B,author,B
",",I,author,I
 Ruud,I,author,I
 (,O,O,I
2002,B,year,I
) ',O,O,I
Codebook for the Analysis of Political Mobilisation andCommunication in Public Spheres,B,title,I
" ',URL ( consulted 05 /08/04):",O,O,I
http ://europub.wz-berlin,B,url,I
". 
",O,O,I
 ,O,O,I
"Koopmans, Ruud",B,editor,B
 (ed.) (,O,O,I
2004,B,year,I
) ',O,O,I
The Transformation of Political Mobilisation and Communicationin European Public Spheres,B,title,I
 .,O,O,I
Integrated Report,B,other,I
 :,O,O,I
"Cross -National,Cross- Issue,Cross- Time",B,other,I
"',",O,O,I
"Reporton Work Package 2 , Europub. ComResearchProject",B,other,I
" . 
",O,O,I
 ,O,O,I
Koopmans,B,author,B
",",I,author,I
 Ruud,I,author,I
 and ,O,O,I
Jessica,B,author,I
",",I,author,I
Erbe,I,author,I
 (,O,O,I
2002,B,year,I
) ',O,O,I
Towards a European Public Sphere? Verticaland Horizontal Dimensions of Europeanised Political Communi -cation,B,title,I
"',",O,O,I
paperpresented at the Europub Conference on European Governance and Democracy,B,other,I
" ,",O,O,I
14 ,B,fpage,I
-,O,O,I
15,B,lpage,I
 ,O,O,I
November,B,year,I
",",O,O,I
"Brussels ,Belgium",B,other,I
" . 
",O,O,I
 ,O,O,I
Koopmans,B,author,B
",",I,author,I
 Ruud,I,author,I
 and  ,O,O,I
Paul ,B,author,I
",",I,author,I
 Statham,I,author,I
 (,O,O,I
1999,B,year,I
) ',O,O,I
Political Claims Analysis: Integrating ProtestEvent and Political Discourse Approaches,B,title,I
" ',",O,O,I
Mobilization :An Inter -nationalJournal,B,source,I
4,B,volume,I
 ( ,O,O,I
2,B,issue,I
):,O,O,I
203,B,fpage,I
-,O,O,I
 22,B,lpage,I
". 
",O,O,I
 ,O,O,I
Koopmans,B,author,B
",",I,author,I
 Ruud,I,author,I
 and  ,O,O,I
Paul ,B,author,I
",",I,author,I
 Statham,I,author,I
  (,O,O,I
2002,B,year,I
) ',O,O,I
The Transformation of Political Mobilizationand Communication in European Public Spheres :A Research Outline,B,title,I
" ',",O,O,I
Europub. ComResearchProject,B,source,I
" , URL( consulted ",O,O,I
August2004,B,year,I
 ) :,O,O,I
http: //europub.wz-berlin.de,B,url,I
". 
",O,O,I
 ,O,O,I
Le Torrec,B,author,B
",",I,author,I
 Virginie,I,author,I
", ",O,O,I
Philippe,B,author,I
 Blanchard,I,author,I
", ",O,O,I
Guillaume,B,author,I
 ,I,author,I
Garcia,I,author,I
 and ,O,O,I
Charles,B,author,I
 ,I,author,I
Patou,I,author,I
 (,O,O,I
2001,B,year,I
)' ,O,O,I
FramingEurope :News Coverage and Legitimacy of the European Union inFive Countries,B,title,I
" ' ,",O,O,I
paperpresented at the European Community Studies Association,B,other,I
" , ",O,O,I
31May- 2 June,B,year,I
",",O,O,I
"Madison ,WI ,USA",B,other,I
" . 
",O,O,I
 ,O,O,I
McCarthy,B,author,B
",",I,author,I
 John D.,I,author,I
 ,O,O,I
 Clark ,B,author,I
 McPhail,I,author,I
 and ,O,O,I
Jackie ,B,author,I
",",I,author,I
Smith,I,author,I
 (,O,O,I
1996,B,year,I
) ',O,O,I
Images of Protest: Esti-matingSelection Bias in Media Coverage of Washington Demonstrations,B,title,I
" ,",O,O,I
1982 -1991,B,year,I
"',",O,O,I
AmericanSociological Review,B,source,I
 ,O,O,I
61,B,volume,I
 ( ,O,O,I
3,B,issue,I
):,O,O,I
478,B,fpage,I
-,O,O,I
 99,B,lpage,I
". 
",O,O,I
 ,O,O,I
Manin,B,author,B
",",I,author,I
 Bernard,I,author,I
 (,O,O,I
1995,B,year,I
) ,O,O,I
Principes du gouvernement représentatif,B,title,I
. ,O,O,I
Paris,B,other,I
: ,O,O,I
Flammarion,B,publisher,I
". 
",O,O,I
 ,O,O,I
Marks,B,author,B
",",I,author,I
 Gary,I,author,I
 (,O,O,I
2004,B,year,I
) ',O,O,I
Conclusion: European Integration and Political Conflict,B,title,I
"', in ",O,O,I
GaryMarks and Marco R .Steenbergen,B,editor,I
 ( eds),O,O,I
European Integration and Political Conflict,B,source,I
" ,pp. ",O,O,I
235,B,fpage,I
-,O,O,I
 59,B,lpage,I
.,O,O,I
Cambridge,B,other,I
: ,O,O,I
CambridgeUniversity Press,B,publisher,I
" . 
",O,O,I
 ,O,O,I
"Mazey, Sonia and John, Richardson",B,editor,B
 (eds) (,O,O,I
1993,B,year,I
) ,O,O,I
Lobbying in the European Union,B,source,I
. ,O,O,I
Oxford,B,other,I
:,O,O,I
Oxford University Press,B,publisher,I
" . 
",O,O,I
 ,O,O,I
Méchet,B,author,B
",",I,author,I
 Philippe,I,author,I
 and ,O,O,I
 Romain ,B,author,I
",",I,author,I
 Pache,I,author,I
 (,O,O,I
2000,B,year,I
) ',O,O,I
L'autre Europe que veulent les Européens,B,title,I
"',in ",O,O,I
Dominique Reynié and Bruno Cautrès,B,editor,I
 ( eds),O,O,I
L 'opinionpublique europeénne,B,source,I
 ,O,O,I
2000,B,year,I
", pp. ",O,O,I
167,B,fpage,I
-,O,O,I
 80,B,lpage,I
.,O,O,I
Paris,B,other,I
: ,O,O,I
Pressesde Sciences - Po,B,other,I
". 
",O,O,I
 ,O,O,I
Moravcsik,B,author,B
",",I,author,I
 Andrew,I,author,I
 (,O,O,I
1994,B,year,I
) ',O,O,I
Why the European Community Strengthens the State: DomesticPolitics and International Cooperation,B,title,I
" ',",O,O,I
Working Paper 52,B,other,I
" ,",O,O,I
Harvard University,B,other,I
" . 
",O,O,I
 ,O,O,I
Pache,B,author,B
",",I,author,I
 Romain,I,author,I
 (,O,O,I
2001,B,year,I
) ',O,O,I
L'insatisfaction croissante des opinions publiques européennes,B,title,I
"',in ",O,O,I
Dominique Reynié and Bruno Cautrès,B,editor,I
 ( eds)L ',O,O,I
opinionpublique europeénne 2001,B,other,I
", pp. ",O,O,I
241,B,fpage,I
-,O,O,I
 8,B,lpage,I
.,O,O,I
Paris,B,other,I
: ,O,O,I
Pressesde Sciences - Po,B,other,I
". 
",O,O,I
 ,O,O,I
Quaglia,B,author,B
",",I,author,I
 Lucia,I,author,I
 (,O,O,I
2004,B,year,I
) ',O,O,I
Italy's Policy towards European Monetary Integration: BringingIdeas Back in ?,B,title,I
"',",O,O,I
Journal of European Public Policy,B,source,I
 ,O,O,I
11,B,volume,I
 (,O,O,I
6,B,issue,I
):,O,O,I
1096 ,B,fpage,I
-,O,O,I
111,B,lpage,I
". 
",O,O,I
 ,O,O,I
Radaelli,B,author,B
",",I,author,I
 Claudio,I,author,I
 (,O,O,I
2000,B,year,I
) ',O,O,I
Whither Europeanisation? Concept Stretching and SubstantiveChange,B,title,I
" ',",O,O,I
European Integration online Papers ( EIoP),B,source,I
4,B,volume,I
 (,O,O,I
8,B,issue,I
"),URL ( consulted August2004) :",O,O,I
http: //www.eiop.or.at,B,url,I
". 
",O,O,I
 ,O,O,I
Radaelli,B,author,B
",",I,author,I
 Claudio M.,I,author,I
 and ,O,O,I
 ,B,author,I
 Fabio,I,author,I
 ,I,author,I
Franchino,I,author,I
 (,O,O,I
2004,B,year,I
) ',O,O,I
Analysing Political Change in Italy,B,title,I
"',",O,O,I
Journal of European Public Policy,B,source,I
 ,O,O,I
11,B,volume,I
 (,O,O,I
6,B,issue,I
):,O,O,I
941 ,B,fpage,I
-,O,O,I
53,B,lpage,I
". 
",O,O,I
 ,O,O,I
Risse,B,author,B
",",I,author,I
 Thomas,I,author,I
", ",O,O,I
Maria ,B,author,I
",",I,author,I
Green Cowles,I,author,I
 and ,O,O,I
James,B,author,I
 ,I,author,I
Caporaso,I,author,I
 (,O,O,I
2001,B,year,I
) ',O,O,I
Europeanisation andDomestic Change :Introduction,B,title,I
" ',in ",O,O,I
"Maria Green Cowles ,James Caporaso and ThomasRisse",B,editor,I
 ( eds ),O,O,I
TransformingEurope . Europeanisationand Domestic Change,B,source,I
" , pp.",O,O,I
1,B,fpage,I
 -,O,O,I
20,B,lpage,I
 .,O,O,I
"Ithaca,NY",B,other,I
 :,O,O,I
Cornell UniversityPress,B,publisher,I
" . 
",O,O,I
 ,O,O,I
Rokkan,B,author,B
",",I,author,I
Stein,I,author,I
 (,O,O,I
1982,B,year,I
) ,O,O,I
Cittadini,B,author,I
",",I,author,I
" elezioni, partiti.",I,author,I
 ,O,O,I
Bologna: Il Mulino,B,other,I
". 
",O,O,I
 ,O,O,I
Rootes,B,author,B
",",I,author,I
Christopher A.,I,author,I
 (,O,O,I
2002,B,year,I
) ',O,O,I
The Europeanisation of Environmentalism,B,title,I
"', in ",O,O,I
"RichardBalme ,Didier Chabanet and Vincent Wright",B,editor,I
 ( eds)L ',O,O,I
actioncollective en Europe,B,other,I
" ,pp. ",O,O,I
377,B,fpage,I
-,O,O,I
 404,B,lpage,I
.,O,O,I
Paris,B,other,I
: ,O,O,I
Pressesde Sciences Po,B,other,I
" . 
",O,O,I
 ,O,O,I
Rucht,B,author,B
",",I,author,I
Dieter,I,author,I
 (,O,O,I
2002,B,year,I
) ',O,O,I
The EU as a Target of Political Mobilization: Is There a Euro-peanisationof Conflict ?,B,title,I
"',in ",O,O,I
"Richard Balme ,Didier Chabanet and Vincent Wright",B,editor,I
 ( eds)L' ,O,O,I
actioncollectiveen Europe,B,other,I
" , pp. ",O,O,I
163,B,fpage,I
-,O,O,I
 94,B,lpage,I
.,O,O,I
Paris,B,other,I
: ,O,O,I
Pressesde Sciences Po,B,other,I
" . 
",O,O,I
 ,O,O,I
Sánchez-Cuenca,B,author,B
",",I,author,I
 Ignacio,I,author,I
 (,O,O,I
2000,B,year,I
) ',O,O,I
The Political Basis of Support for European Inte-gration,B,title,I
"',",O,O,I
European Union Politics,B,source,I
 ,O,O,I
1,B,volume,I
 (,O,O,I
2,B,issue,I
):,O,O,I
147 ,B,fpage,I
-,O,O,I
71,B,lpage,I
". 
",O,O,I
 ,O,O,I
Scharpf,B,author,B
",",I,author,I
 Fritz,I,author,I
 (,O,O,I
1999,B,year,I
) ,O,O,I
Governing in Europe: Effective and Democratic,B,title,I
? ,O,O,I
Oxford,B,other,I
: ,O,O,I
Oxford UniversityPress,B,publisher,I
" . 
",O,O,I
 ,O,O,I
Schmidt,B,author,B
",",I,author,I
 Vivien A.,I,author,I
 and ,O,O,I
Claudio M.,B,author,I
",",I,author,I
 Radaelli,I,author,I
 (,O,O,I
2004,B,year,I
) ',O,O,I
Policy Change and Discourse inEurope :Conceptual and Methodological Issues,B,title,I
" ',",O,O,I
West European Politics,B,source,I
 ,O,O,I
27,B,volume,I
 (,O,O,I
2,B,issue,I
):,O,O,I
183,B,fpage,I
 -,O,O,I
210,B,lpage,I
". 
",O,O,I
 ,O,O,I
Seidendorf,B,author,B
",",I,author,I
 Stefan,I,author,I
 (,O,O,I
2003,B,year,I
) ',O,O,I
Europeanization of National Identity Discourses? ComparingFrench and German Print Media,B,title,I
" ',",O,O,I
ECPR Joint Sessions,B,publisher,I
" ,",O,O,I
28 March 28 -2April,B,year,I
", ",O,O,I
Edinburgh,B,other,I
". 
",O,O,I
 ,O,O,I
Snow,B,author,B
",",I,author,I
" David A., ",I,author,I
 E. Burke,B,author,I
 ,I,author,I
Rochford,I,author,I
",",O,O,I
 Steven K.,B,author,I
 ,I,author,I
 Worden,I,author,I
 and ,O,O,I
Robert D.,B,author,I
 ,I,author,I
 Benford,I,author,I
 (,O,O,I
1986,B,year,I
)' ,O,O,I
"FrameAlignment Processes ,Micro Mobilization and Movement Partici -pation",B,title,I
"',",O,O,I
AmericanSociological Review,B,source,I
 ,O,O,I
51,B,volume,I
 ( ,O,O,I
4,B,issue,I
):,O,O,I
464,B,fpage,I
-,O,O,I
 81,B,lpage,I
". 
",O,O,I
 ,O,O,I
Steenbergen,B,author,B
",",I,author,I
 Marco R.,I,author,I
David J.,B,author,I
 ,I,author,I
 Scott,I,author,I
 (,O,O,I
2004,B,year,I
) ',O,O,I
Contesting Europe? The Salience ofEuropean Integration as Party Issue,B,title,I
" ',in ",O,O,I
Gary Marks and Marco R .Steen -bergen,B,editor,I
(eds ),O,O,I
EuropeanIntegration and Political Conflict,B,title,I
" , pp. ",O,O,I
165,B,fpage,I
-,O,O,I
 92,B,lpage,I
.,O,O,I
Cambridge,B,other,I
: ,O,O,I
CambridgeUniversity Press,B,publisher,I
". 
",O,O,I
 ,O,O,I
Tarrow,B,author,B
",",I,author,I
 Sidney,I,author,I
 (,O,O,I
1989,B,year,I
) ,O,O,I
Democracy and Disorder. Protest and Politics in Italy 1965-1975,B,title,I
. ,O,O,I
Oxford,B,other,I
:,O,O,I
Clarendon Press,B,publisher,I
" . 
",O,O,I
 ,O,O,I
Tarrow,B,author,B
",",I,author,I
 Sidney,I,author,I
 (,O,O,I
1994,B,year,I
) ,O,O,I
"Power in Movement. Social Movements, Collective Action and Politics",B,title,I
.,O,O,I
Cambridge,B,other,I
 :,O,O,I
Cambridge University Press,B,publisher,I
" . 
",O,O,I
 ,O,O,I
Thomassen,B,author,B
",",I,author,I
 Jacques J.A.,I,author,I
", ",O,O,I
Abdul G. ,B,author,I
 ,I,author,I
Noury,I,author,I
 and ,O,O,I
Erik,B,author,I
 ,I,author,I
 Voeten,I,author,I
 (,O,O,I
2004,B,year,I
) ',O,O,I
Political Competitionin the European Parliament :Evidence from Roll Call and Survey Analysis,B,title,I
" ',in",O,O,I
Gary Marks and Marco R . Steenbergen,B,editor,I
( eds ),O,O,I
EuropeanIntegration and Political Conflict,B,source,I
", pp .",O,O,I
165 ,B,fpage,I
-,O,O,I
93,B,lpage,I
 .,O,O,I
Cambridge,B,other,I
:,O,O,I
Cambridge UniversityPress,B,publisher,I
" . 
",O,O,I
 ,O,O,I
Trenz,B,author,B
",",I,author,I
 Hans-Joerg,I,author,I
 (,O,O,I
1999,B,year,I
) ',O,O,I
Anti-Rassismus Kampagnen und Protestmobilisierung inEuropa,B,title,I
" ',",O,O,I
Forschungsjournal Neue Soziale Bewegungen,B,source,I
 ,O,O,I
12,B,volume,I
 (,O,O,I
5,B,issue,I
):,O,O,I
78 ,B,fpage,I
-,O,O,I
84,B,lpage,I
". 
",O,O,I
 ,O,O,I
Trenz,B,author,B
",",I,author,I
 Hans-Joerg,I,author,I
 and ,O,O,I
 Klaus,B,author,I
",",I,author,I
 Eder,I,author,I
 (,O,O,I
2004,B,year,I
) ',O,O,I
The Democratising Dynamics of a EuropeanPublic Sphere,B,title,I
" ',",O,O,I
European Journal of Social Theory,B,source,I
 ,O,O,I
7,B,volume,I
 (,O,O,I
1,B,issue,I
):,O,O,I
5 ,B,fpage,I
-,O,O,I
25,B,lpage,I
". 
",O,O,I
 ,O,O,I
Van de Steeg,B,author,B
",",I,author,I
 Marianne,I,author,I
 (,O,O,I
2002,B,year,I
) ',O,O,I
Rethinking the Conditions for a Public Sphere in theEuropean Union,B,title,I
" ',",O,O,I
European Journal of Social Theory,B,source,I
 ,O,O,I
5,B,volume,I
 (,O,O,I
4,B,issue,I
):,O,O,I
499 ,B,fpage,I
-,O,O,I
519,B,lpage,I
". 
",O,O,I
 ,O,O,I
Wessels,B,author,B
",",I,author,I
Bernhard,I,author,I
 (,O,O,I
2004,B,year,I
) ',O,O,I
"Contestation Potential of Interest Groups in the EU: Emergence,Structure and Political Alliances",B,title,I
" ',in ",O,O,I
Gary Marks and Marco R .Steenbergen,B,editor,I
 (eds ),O,O,I
EuropeanIntegration and Political Conflict,B,title,I
" , pp. ",O,O,I
195,B,fpage,I
- ,O,O,I
215,B,lpage,I
.,O,O,I
Cambridge,B,other,I
: ,O,O,I
CambridgeUniversityPress,B,publisher,I
 . ,O,O,I
