token,tag,label,ref
Binder,B,author,B
", ",I,author,I
Sarah,I,author,I
 (,O,O,I
1997,B,year,I
) ,O,O,I
"Minority Rights, Majority Rule: Partisanship and the Development of Congress",B,title,I
. ,O,O,I
Cambridge,B,other,I
: ,O,O,I
Cambridge University Press,B,publisher,I
".
",O,O,I
Bowler,B,author,B
", ",I,author,I
Shaun,I,author,I
", ",O,O,I
David,B,author,I
 ,I,author,I
Farrell,I,author,I
 and ,O,O,I
Richard,B,author,I
 ,I,author,I
Katz,I,author,I
 (,O,O,I
1999,B,year,I
) ‘,O,O,I
"Party Cohesion, Party Discipline and Parliaments",B,title,I
"’, in ",O,O,I
Shaun Bowler,B,editor,I
", ",O,O,I
David Farrell,B,editor,I
 and ,O,O,I
Richard Katz,B,editor,I
 (eds) ,O,O,I
Party Discipline and Parliamentary Government,B,source,I
", pp. ",O,O,I
3,B,fpage,I
 - ,O,O,I
22,B,lpage,I
. ,O,O,I
Columbus,B,other,I
: ,O,O,I
Ohio State University Press,B,publisher,I
".
",O,O,I
Carrubba,B,author,B
",",I,author,I
 Clifford J.,I,author,I
 and,O,O,I
 ,B,author,I
Craig,I,author,I
 ,I,author,I
Volden,I,author,I
 (,O,O,I
2001,B,year,I
) ‘,O,O,I
Explaining Institutional Change in the European Union: What Determines the Voting Rule in the Council of Ministers,B,title,I
"?’, ",O,O,I
European Union Politics,B,source,I
 ,O,O,I
2,B,volume,I
 (,O,O,I
1,B,issue,I
): ,O,O,I
5,B,fpage,I
 - ,O,O,I
30,B,lpage,I
".
",O,O,I
Carrubba,B,author,B
", ",I,author,I
Clifford,I,author,I
", ",O,O,I
Matthew,B,author,I
 ,I,author,I
Gabel,I,author,I
", ",O,O,I
Lacey,B,author,I
 ,I,author,I
Murrah,I,author,I
", ",O,O,I
Ryan,B,author,I
 ,I,author,I
Clough,I,author,I
", ",O,O,I
Elizabeth,B,author,I
 ,I,author,I
Montgomery,I,author,I
 and ,O,O,I
Rebecca,B,author,I
 ,I,author,I
Schambach,I,author,I
 (,O,O,I
2006,B,year,I
) ‘,O,O,I
"Off the Record: Unrecorded Legislative Votes, Selection Bias and Roll-Call Vote Analysis",B,title,I
"’, ",O,O,I
British Journal of Political Science,B,source,I
 ,O,O,I
36,B,volume,I
 (,O,O,I
4,B,issue,I
): ,O,O,I
691,B,fpage,I
 - ,O,O,I
704,B,lpage,I
".
",O,O,I
Desposato,B,author,B
", ",I,author,I
Scott,I,author,I
 (,O,O,I
2003,B,year,I
) ‘,O,O,I
Comparing Group and Subgroup Cohesion Scores: A Nonparametric Method with an Application to Brazil,B,title,I
"’, ",O,O,I
Political Analysis,B,source,I
 ,O,O,I
11,B,volume,I
 (,O,O,I
3,B,issue,I
): ,O,O,I
275,B,fpage,I
 - ,O,O,I
88,B,lpage,I
".
",O,O,I
European Parliament,B,editor,B
 (,O,O,I
2007,B,year,I
) ‘,O,O,I
Rules of Procedure,B,title,I
"’, URL (",O,O,I
consulted July 2007,B,other,I
): ,O,O,I
http://www.europarl.europa.eu/,B,source,I
"
",O,O,I
Hix,B,author,B
", ",I,author,I
Simon,I,author,I
", ",O,O,I
Abdul,B,author,I
 ,I,author,I
Noury,I,author,I
 and ,O,O,I
Gérard,B,author,I
 ,I,author,I
Roland,I,author,I
 (,O,O,I
2007,B,year,I
) ,O,O,I
Democratic Politics in the European Parliament,B,title,I
. ,O,O,I
Cambridge,B,other,I
: ,O,O,I
Cambridge University Press,B,publisher,I
".
",O,O,I
Jupille,B,author,B
", ",I,author,I
Joseph,I,author,I
 (,O,O,I
2004,B,year,I
) ,O,O,I
"Procedural Politics: Issues, Inﬂuence, and Institutional Choice in the European Union",B,title,I
. ,O,O,I
Cambridge,B,other,I
: ,O,O,I
Cambridge University Press,B,publisher,I
".
",O,O,I
Klingemann,B,author,B
", ",I,author,I
Hans-Dieter,I,author,I
", ",O,O,I
Richard L.,B,author,I
 ,I,author,I
Hofferbert,I,author,I
 and ,O,O,I
Ian,B,author,I
 ,I,author,I
Budge,I,author,I
 (,O,O,I
1994,B,year,I
) ,O,O,I
"Parties, Policies, and Democracy",B,title,I
. ,O,O,I
"Boulder, CO",B,other,I
: ,O,O,I
Westview Press,B,publisher,I
".
",O,O,I
Krehbiel,B,author,B
", ",I,author,I
Keith,I,author,I
 (,O,O,I
1993,B,year,I
) ‘,O,O,I
Where’s the Party,B,title,I
"?’, ",O,O,I
British Journal of Political Science,B,source,I
 ,O,O,I
23,B,volume,I
 (,O,O,I
2,B,issue,I
): ,O,O,I
235,B,fpage,I
 - ,O,O,I
66,B,lpage,I
".
",O,O,I
Kreppel,B,author,B
", ",I,author,I
Amie,I,author,I
 (,O,O,I
2002,B,year,I
) ,O,O,I
The European Parliament and Supranational Party System: A Study in Institutional Development,B,title,I
. ,O,O,I
Cambridge,B,other,I
: ,O,O,I
Cambridge University Press.,B,publisher,I
"
",O,O,I
Laver,B,author,B
", ",I,author,I
Michael,I,author,I
 and ,O,O,I
Kenneth,B,author,I
 ,I,author,I
Benoit,I,author,I
 (,O,O,I
2003,B,year,I
) ‘,O,O,I
The Evolution of Party Systems between Elections,B,title,I
"’, ",O,O,I
American Journal of Political Science,B,source,I
 ,O,O,I
47,B,volume,I
 (,O,O,I
2,B,issue,I
): ,O,O,I
215,B,fpage,I
 - ,O,O,I
33,B,lpage,I
".
",O,O,I
Lawrence,B,author,B
", ",I,author,I
Eric D.,I,author,I
", ",O,O,I
Forrest,B,author,I
 ,I,author,I
Maltzman,I,author,I
 and ,O,O,I
Steven S.,B,author,I
 ,I,author,I
Smith,I,author,I
 (,O,O,I
2006,B,year,I
) ‘,O,O,I
Who Wins? Party Effects in Legislative Voting,B,title,I
"’, ",O,O,I
Legislative Studies Quarterly,B,source,I
 ,O,O,I
31,B,volume,I
 (,O,O,I
1,B,issue,I
): ,O,O,I
33,B,fpage,I
 - ,O,O,I
70,B,lpage,I
".
",O,O,I
Lewis,B,author,B
", ",I,author,I
Jeffrey,I,author,I
 and ,O,O,I
Keith T.,B,author,I
 ,I,author,I
Poole,I,author,I
 (,O,O,I
2004,B,year,I
) ‘,O,O,I
Measuring Bias and Uncertainty in Ideal Point Estimates via the Parametric Bootstrap,B,title,I
"’, ",O,O,I
Political Analysis,B,source,I
 ,O,O,I
12,B,volume,I
 (,O,O,I
1,B,issue,I
): ,O,O,I
105,B,fpage,I
 - ,O,O,I
27,B,lpage,I
".
",O,O,I
Marks,B,author,B
", ",I,author,I
Gary,I,author,I
 and,O,O,I
 ,B,author,I
Carole,I,author,I
 ,I,author,I
Wilson,I,author,I
 (,O,O,I
2000,B,year,I
) ‘,O,O,I
The Past in the Present: A Theory of Party Response to European Integration,B,title,I
"’, ",O,O,I
British Journal of Political Science,B,source,I
 ,O,O,I
30,B,volume,I
 (,O,O,I
3,B,issue,I
): ,O,O,I
433,B,fpage,I
 - ,O,O,I
59,B,lpage,I
".
",O,O,I
Marks,B,author,B
", ",I,author,I
Gary,I,author,I
", ",O,O,I
Carole,B,author,I
 ,I,author,I
Wilson,I,author,I
 and ,O,O,I
Leonard,B,author,I
 ,I,author,I
Ray,I,author,I
 (,O,O,I
2002,B,year,I
) ‘,O,O,I
National Political Parties and European Integration,B,title,I
"’, ",O,O,I
American Journal of Political Science,B,source,I
 ,O,O,I
46,B,volume,I
 (,O,O,I
3,B,issue,I
): ,O,O,I
585,B,fpage,I
 - ,O,O,I
94,B,lpage,I
".
",O,O,I
Rosenthal,B,author,B
", ",I,author,I
Howard,I,author,I
 and ,O,O,I
Erik,B,author,I
 ,I,author,I
Voeten,I,author,I
 (,O,O,I
2004,B,year,I
) ‘,O,O,I
Analyzing Roll Calls with Perfect Spatial Voting: France 1946-1958,B,title,I
"’, ",O,O,I
American Journal of Political Science,B,source,I
 ,O,O,I
48,B,volume,I
 (,O,O,I
3,B,issue,I
): ,O,O,I
620,B,fpage,I
 - ,O,O,I
32,B,lpage,I
".
",O,O,I
Schneider,B,author,B
", ",I,author,I
Gerald,I,author,I
", ",O,O,I
Bernard,B,author,I
 ,I,author,I
Steunenberg,I,author,I
 and ,O,O,I
Mika,B,author,I
 ,I,author,I
Widgrén,I,author,I
 (,O,O,I
2006,B,year,I
) ‘,O,O,I
Evidence with Insight: What Models Contribute to EU Research,B,title,I
"’, in ",O,O,I
Robert Thomson,B,editor,I
", ",O,O,I
Frans Stokman,B,editor,I
", ",O,O,I
Christopher Achen,B,editor,I
 and ,O,O,I
Thomas König,B,editor,I
 (eds) ,O,O,I
The European Union Decides,B,source,I
", pp. ",O,O,I
299,B,fpage,I
 - ,O,O,I
316,B,lpage,I
. ,O,O,I
Cambridge,B,other,I
: ,O,O,I
Cambridge University Press,B,publisher,I
".
",O,O,I
Snyder,B,author,B
", ",I,author,I
James,I,author,I
 (,O,O,I
1992,B,year,I
) ‘,O,O,I
Artiﬁcial Extremism in Interest Group Ratings,B,title,I
"’, ",O,O,I
Legislative Studies Quarterly,B,source,I
 ,O,O,I
17,B,volume,I
 (,O,O,I
2,B,issue,I
): ,O,O,I
2,B,fpage,I
 - ,O,O,I
40,B,lpage,I
".
",O,O,I
Taggart,B,author,B
", ",I,author,I
Paul,I,author,I
 and,O,O,I
 ,B,author,I
Aleks,I,author,I
 ,I,author,I
Szczerbiak,I,author,I
 (,O,O,I
2004,B,year,I
) ‘,O,O,I
Contemporary Euroscepticism in the Party Systems of the European Union Candidate States of Central and Eastern Europe,B,title,I
"’, ",O,O,I
European Journal of Political Research,B,source,I
 ,O,O,I
43,B,volume,I
 (,O,O,I
1,B,issue,I
): ,O,O,I
1,B,fpage,I
 - ,O,O,I
27,B,lpage,I
".
",O,O,I
Williams,B,author,B
", ",I,author,I
Mark,I,author,I
 (,O,O,I
1995,B,year,I
) ‘,O,O,I
"The European Parliament: Political Groups, Minority Rights and the Rationalisations of Parliamentary Organisation. A Research Note",B,title,I
"’, in ",O,O,I
Herbert Döring,B,editor,I
 (ed.) ,O,O,I
Parliaments and Majority Rule in Western Europe,B,source,I
. ,O,O,I
New York,B,other,I
: ,O,O,I
St. Martin’s,B,publisher,I
".
",O,O,I
