token,tag,label,ref
Bachmair,B,author,B
", ",I,author,I
Ben,I,author,I
 ( ) ,O,O,I
Fernsehkultur. Subjektivität in einer Welt bewegter Bilder,B,title,I
. ,O,O,I
Opladen,B,other,I
".
",O,O,I
Bachmair,B,author,B
", ",I,author,I
Ben,I,author,I
 ( ) ,O,O,I
Mediensozialisation im Alltag,B,title,I
. In: ,O,O,I
"Mikos, Lothar",B,editor,I
/ ,O,O,I
"Wegener, Claudia",B,editor,I
 (HgInnen) ,O,O,I
Qualitative Medienforschung,B,source,I
. ,O,O,I
Konstanz,B,other,I
", – .
",O,O,I
Beauvoir,B,author,B
", ",I,author,I
Simone de,I,author,I
 ( ,O,O,I
/ Orig. ,B,other,I
) ,O,O,I
Das andere Geschlecht,B,title,I
. ,O,O,I
Hamburg,B,other,I
".
",O,O,I
Beck,B,author,B
", ",I,author,I
Ulrich,I,author,I
 ( / Orig. ) ,O,O,I
Risikogesellschaft. Auf dem Weg in eine andere Moderne,B,title,I
. ,O,O,I
Frankfurt a. M,B,other,I
".
",O,O,I
Bourdieu,B,author,B
", ",I,author,I
Pierre,I,author,I
 ( ) ,O,O,I
Die männliche Herrschaft,B,title,I
. In: ,O,O,I
"Dölling, Irene",B,editor,I
/ ,O,O,I
"Krais, Beate",B,editor,I
 (Hginnen) ,O,O,I
Ein alltägliches Spiel. Geschlechterkonstruktion in der sozialen Praxis,B,source,I
. ,O,O,I
Frankfurt a. M,B,other,I
".
",O,O,I
Connell,B,author,B
", ",I,author,I
Raewyn W.,I,author,I
 ( ) ,O,O,I
Der gemachte Mann. Konstruktion und Krise von Männlichkeiten,B,title,I
. ,O,O,I
Opladen,B,other,I
".
",O,O,I
Fend,B,author,B
", ",I,author,I
Helmut,I,author,I
 ( ) ,O,O,I
Gesellschaftliche Bedingungen schulischer Sozialisation,B,title,I
. ,O,O,I
Weinheim,B,other,I
".
",O,O,I
Fludernik,B,author,B
", ",I,author,I
Monika,I,author,I
 ( ) ,O,O,I
Einführung in die Erzähltheorie,B,title,I
. ,O,O,I
Darmstadt,B,other,I
".
",O,O,I
Hall,B,author,B
", ",O,O,I
Stuart,B,author,I
 ( ) ,O,O,I
Kodieren/ Dekodieren,B,title,I
. In: ,O,O,I
"Bromley, Roger",B,editor,I
 ,O,O,I
u. a.,B,other,I
 (Hg.) ,O,O,I
Cultural Studies,B,source,I
. ,O,O,I
Lüneburg,B,other,I
", – .
",O,O,I
Hall,B,author,B
", ",I,author,I
Stuart,I,author,I
 ( ) ,O,O,I
Die Zentralität von Kultur: Anmerkungen zu den kulturellen Revolutionen unserer Zeit,B,title,I
. In: ,O,O,I
"Hepp, Andreas",B,editor,I
/ ,O,O,I
"Löffelholz, Martin",B,editor,I
 (Hg.) ,O,O,I
Grundlagentexte zur transkulturellen Kommunikation,B,source,I
. ,O,O,I
Konstanz,B,other,I
", – .
",O,O,I
"Hall, Stuart",B,editor,B
/ ,O,O,I
"Jefferson, Tony",B,editor,I
 (eds.) ( ) ,O,O,I
Resistance through Rituals. Youth Subcultures in Post-war Britain,B,title,I
. ,O,O,I
London,B,other,I
".
",O,O,I
Kress,B,author,B
", ",I,author,I
Gunther,I,author,I
/ ,O,O,I
Van Leeuwen,B,author,I
", ",I,author,I
Theo,I,author,I
 ( ) ,O,O,I
Reading Images. The Grammar of Visual Design,B,title,I
. ,O,O,I
London,B,other,I
".
",O,O,I
Mannheim,B,author,B
", ",I,author,I
Karl,I,author,I
 ( / Orig. ) ,O,O,I
Das Problem der Generation,B,title,I
. In: ders.: ,O,O,I
Wissenssoziologie,B,source,I
. ,O,O,I
Neuwied,B,other,I
", – .
",O,O,I
Mecheril,B,author,B
", ",I,author,I
Paul,I,author,I
 ( ) ,O,O,I
Politik der Unreinheit. Über die Anerkennung von Hybridität,B,title,I
. ,O,O,I
Wien,B,other,I
".
",O,O,I
Meuser,B,author,B
", ",I,author,I
Michael,I,author,I
 ( ) ,O,O,I
Geschlecht und Männlichkeit. Soziologische Theorie und kulturelle Deutungsmuster,B,title,I
. ,O,O,I
Opladen,B,other,I
".
",O,O,I
Mikos,B,author,B
", ",I,author,I
Lothar,I,author,I
 ( ) ,O,O,I
Alltag und Mediatisierung,B,title,I
. In: ,O,O,I
"Mikos, Lothar",B,editor,I
/ ,O,O,I
"Wegener, Claudia ",B,editor,I
(HgInnen) ,O,O,I
Qualitative Medienforschung,B,source,I
. ,O,O,I
Konstanz,B,other,I
", – .
",O,O,I
Mikos,B,author,B
", ",I,author,I
Lothar,I,author,I
/ ,O,O,I
Feise,B,author,I
", ",I,author,I
Patricia,I,author,I
 ( ) ,O,O,I
Im Auge der Kamera. Das Fernsehereignis Big Brother,B,source,I
. ,O,O,I
Berlin,B,other,I
".
",O,O,I
Morse,B,author,B
", ",I,author,I
Janice,I,author,I
 ( ) ,O,O,I
Principles of Mixed Methods and Multimethod Research Design,B,title,I
. In: ,O,O,I
"Tashakkori, Abbas",B,editor,I
/ ,O,O,I
"Teddlie, Charles",B,editor,I
 (eds.) ,O,O,I
Handbook of Mixed Methods in Social and Behavioural Research,B,source,I
. ,O,O,I
London,B,other,I
", – .
",O,O,I
Ortner,B,author,B
", ",I,author,I
Sherry,I,author,I
 ( ) ,O,O,I
Is Female to Male as Nature is to Culture?,B,title,I
 In: ,O,O,I
"Rosaldo, Michelle",B,editor,I
/ ,O,O,I
"Lamphere, Louise",B,editor,I
 (eds.) ,O,O,I
"Women, Culture and Society",B,source,I
. ,O,O,I
Stanford,B,other,I
", – .
",O,O,I
Paus-Hasebrink,B,author,B
", ",I,author,I
Ingrid,I,author,I
 ( ) ,O,O,I
Kinder als Konstrukteure ihrer Alltagsbeziehungen – zur Rolle von »Medienmarken« in Kinder-PeerGroups,B,title,I
. In: ,O,O,I
SWS-Rundschau,B,source,I
", Nr. , – .
",O,O,I
Pollak,B,author,B
", ",I,author,I
Alexander,I,author,I
/ ,O,O,I
Scheibelhofer,B,author,I
", ",I,author,I
Paul,I,author,I
/ ,O,O,I
Weingärtner,B,author,I
", ",I,author,I
Julia,I,author,I
 ( ) ,O,O,I
Animationsfilme als Ausdruck jugendlicher Wahrnehmungswelten. Bericht zum Projekt Nr. P -G des österreichischen Wissenschaftsfonds FWF,B,title,I
. ,O,O,I
Wien,B,other,I
".
",O,O,I
Said,B,author,B
", ",I,author,I
Edward W.,I,author,I
 ( ) ,O,O,I
Orientalism,B,title,I
. ,O,O,I
New York,B,other,I
".
",O,O,I
Schäfers,B,author,B
", ",I,author,I
Bernhard,I,author,I
/ ,O,O,I
Scherr,B,author,I
", ",I,author,I
Albert,I,author,I
 ( ) ,O,O,I
Jugendsoziologie. Einführung in Grundlagen und Theorien,B,title,I
. ,O,O,I
Wiesbaden,B,other,I
".
",O,O,I
Strauss,B,author,B
", ",I,author,I
Anselm,I,author,I
 ( ) ,O,O,I
Grundlagen qualitativer Sozialforschung,B,title,I
. ,O,O,I
München,B,other,I
".
",O,O,I
Strauss,B,author,B
", ",I,author,I
Anselm,I,author,I
/ ,O,O,I
Corbin,B,author,I
", ",I,author,I
Juliet,I,author,I
 ( ) ,O,O,I
Grounded Theory: Grundlagen qualitativer Sozialforschung,B,title,I
. ,O,O,I
Weinheim,B,other,I
".
",O,O,I
Van Leeuwen,B,author,B
", ",I,author,I
Theo,I,author,I
 ( ) ,O,O,I
Semiotics and Iconography,B,title,I
. In: ,O,O,I
"Van Leeuwen, Theo",B,editor,I
/ ,O,O,I
"Jewitt, Carey",B,editor,I
 (eds.) ,O,O,I
Handbook of Visual Analysis,B,title,I
. ,O,O,I
London,B,other,I
", – .
",O,O,I
Weiß,B,author,B
", ",I,author,I
Ralph,I,author,I
 ( ) ,O,O,I
Fernsehen im Alltag. Zur Sozialpsychologie der Medienrezeption,B,title,I
. ,O,O,I
Wiesbaden,B,other,I
".
",O,O,I
