token,tag,label,ref
Bergelt,B,author,B
", ",O,O,I
S.,B,author,I
/,O,O,I
Börner,B,author,I
", ",I,author,I
F.,I,author,I
/,O,O,I
Stenke,B,author,I
", ",I,author,I
D.,I,author,I
", ",O,O,I
1998,B,year,I
: ,O,O,I
Jungengewalt – Mädchengewalt – ein Exkurs,B,title,I
. S. ,O,O,I
85,B,fpage,I
-,O,O,I
114,B,lpage,I
 in: ,O,O,I
Forschungsgruppe Schulevaluation,B,editor,I
" (Hrsg.), ",O,O,I
Gewalt als soziales Problem in Schulen. Untersuchungsergebnisse und Präventionsstrategien,B,source,I
. ,O,O,I
Opladen,B,other,I
: ,O,O,I
Leske + Budrich,B,publisher,I
".
",O,O,I
Bundeskriminalamt ,B,editor,B
"(Hrsg.), ",O,O,I
1999,B,year,I
: ,O,O,I
Polizeiliche Kriminalstatistik Bundesrepublik Deutschland,B,title,I
. ,O,O,I
Berichtsjahr,B,source,I
 ,O,O,I
1998,B,year,I
. ,O,O,I
Wiesbaden,B,other,I
: ,O,O,I
BKA,B,publisher,I
".
",O,O,I
Bundesamt für Statistik,B,editor,B
", ",O,O,I
2002,B,year,I
: ,O,O,I
Jugendkriminalität: Überwiegend Vermögens- und Betäubungsmittelstraftaten,B,title,I
. ,O,O,I
Pressemitteilung für das Jahr,B,source,I
 ,O,O,I
2001,B,year,I
. ,O,O,I
Neuchâtel,B,other,I
: ,O,O,I
BFS,B,publisher,I
".
",O,O,I
Eisner,B,author,B
", ",I,author,I
M.,I,author,I
/,O,O,I
Manzoni,B,author,I
", ",I,author,I
P.,I,author,I
/,O,O,I
Ribeaud,B,author,I
", ",I,author,I
D.,I,author,I
", ",O,O,I
2000,B,year,I
: ,O,O,I
Gewalterfahrungen von Jugendlichen. Opfererfahrungen und selbstberichtete Gewalt bei Schülerinnen und Schülern im Kanton Zürich,B,title,I
. ,O,O,I
Aarau,B,other,I
: ,O,O,I
Sauerländer,B,publisher,I
".
",O,O,I
Elias,B,author,B
", ",I,author,I
N.,I,author,I
", ",O,O,I
1976,B,year,I
: ,O,O,I
Über den Prozess der Zivilisation,B,title,I
. ,O,O,I
2,B,volume,I
 Bände. ,O,O,I
Frankfurt/M.,B,other,I
: ,O,O,I
Suhrkamp,B,publisher,I
".
",O,O,I
Felten,B,author,B
", ",I,author,I
M. von,I,author,I
" , ",O,O,I
1998,B,year,I
: ,O,O,I
Geschlechtsspezifische Perzeption von Gewalt im Jugendalter,B,title,I
. S. ,O,O,I
93,B,fpage,I
-,O,O,I
119,B,lpage,I
 in: ,O,O,I
M. Eisner,B,editor,I
/,O,O,I
P. Manzoni,B,editor,I
" (Hrsg.), ",O,O,I
"Gewalt in der Schweiz. Studien zu Entwicklung, Wahrnehmung und staatlicher Reaktion",B,source,I
. ,O,O,I
"Chur, Zürich",B,other,I
: ,O,O,I
Rüegger,B,publisher,I
".
",O,O,I
Felten,B,author,B
", ",I,author,I
M. von,I,author,I
" , ",O,O,I
2000,B,year,I
: ,O,O,I
„... aber das ist noch lange nicht Gewalt“. Empirische Untersuchung zur Wahrnehmung von Gewalt bei Jugendlichen,B,title,I
. ,O,O,I
Opladen,B,other,I
: ,O,O,I
Leske + Budrich,B,publisher,I
".
",O,O,I
Fuchs,B,author,B
", ",I,author,I
M.,I,author,I
/,O,O,I
Lamnek,B,author,I
", ",I,author,I
S.,I,author,I
/,O,O,I
Luedtke,B,author,I
", ",I,author,I
J.,I,author,I
", ",O,O,I
1996,B,year,I
: ,O,O,I
Schule und Gewalt. Realität und Wahrnehmung eines sozialen Problems,B,title,I
. ,O,O,I
Opladen,B,other,I
: ,O,O,I
Leske + Budrich,B,publisher,I
".
",O,O,I
Heitmeyer,B,author,B
", ",I,author,I
W.,I,author,I
/,O,O,I
Collmann,B,author,I
", B.",I,author,I
/,O,O,I
Conrads,B,author,I
", ",I,author,I
J.,I,author,I
/,O,O,I
Matuschek,B,author,I
", ",I,author,I
I.,I,author,I
/,O,O,I
Kraul,B,author,I
", ",I,author,I
D.,I,author,I
/,O,O,I
Kühnel,B,author,I
", ",I,author,I
W.,I,author,I
/,O,O,I
Möller,B,author,I
", ",I,author,I
R.,I,author,I
/,O,O,I
Ulbrich,B,author,I
", ",I,author,I
M.,I,author,I
", ",O,O,I
1996,B,year,I
: ,O,O,I
Gewalt. Schattenseiten der Individualisierung bei Jugendlichen aus unterschiedlichen Milieus,B,title,I
. ,O,O,I
2,B,volume,I
. Aufl. ,O,O,I
"Weinheim, München",B,other,I
: ,O,O,I
Juventa,B,publisher,I
".
",O,O,I
Hurrelmann,B,author,B
", ",I,author,I
K.,I,author,I
", ",O,O,I
1990,B,year,I
: ,O,O,I
Einführung in die Sozialisationstheorie. Über den Zusammenhang von Sozialstruktur und Persönlichkeit,B,title,I
. ,O,O,I
3,B,volume,I
. Aufl. ,O,O,I
"Weinheim, Basel",B,other,I
: ,O,O,I
Beltz,B,publisher,I
".
",O,O,I
Mansel,B,author,B
", ",I,author,I
J.,I,author,I
", ",O,O,I
1995,B,year,I
: ,O,O,I
Quantitative Entwicklung von Gewalthandlung Jugendlicher und ihre offizielle Registrierung. Ansätze schulischer Prävention zwischen Anspruch und Wirklichkeit,B,title,I
. ,O,O,I
Zeitschrift für Sozialisationsforschung und Erziehungssoziologie,B,source,I
 ,O,O,I
2,B,volume,I
: ,O,O,I
101,B,fpage,I
-,O,O,I
121,B,lpage,I
".
",O,O,I
Möller,B,author,B
", ",I,author,I
K.,I,author,I
", ",O,O,I
2001,B,year,I
: ,O,O,I
Coole Hauer und brave Engelein. Gewaltakzeptanz und Gewaltdistanzierung im Verlauf des frühen Jugendalters,B,title,I
. ,O,O,I
Opladen,B,other,I
: ,O,O,I
Leske + Budrich,B,publisher,I
".
",O,O,I
Neidhardt,B,author,B
", ",I,author,I
F.,I,author,I
 ,O,O,I
1986,B,year,I
: ,O,O,I
Gewalt – Soziale Bedeutungen und sozialwissenschaftliche Bestimmungen des Begriffs,B,title,I
. S. ,O,O,I
109,B,fpage,I
-,O,O,I
147,B,lpage,I
 in: ,O,O,I
Bundeskriminalamt,B,editor,I
" (Hrsg.), ",O,O,I
Was ist Gewalt? Auseinandersetzungen mit einem Begriff,B,source,I
. ,O,O,I
Wiesbaden,B,other,I
: ,O,O,I
BKA,B,publisher,I
".
",O,O,I
Oswald,B,author,B
", ",I,author,I
H.,I,author,I
", ",O,O,I
1992,B,year,I
: ,O,O,I
Beziehungen zu Gleichaltrigen,B,title,I
. S. ,O,O,I
319,B,fpage,I
-,O,O,I
332,B,lpage,I
 in: ,O,O,I
Jugendwerk der Deutschen Shell,B,editor,I
" (Hrsg.), ",O,O,I
Jugend ’92. Lebenslagen,B,source,I
", ",O,O,I
Orientierungen und Entwicklungsperspektiven im vereinigten Deutschland,B,source,I
. Band ,O,O,I
2,B,volume,I
: ,O,O,I
im Spiegel der Wissenschaften,B,source,I
. ,O,O,I
Opladen,B,other,I
: ,O,O,I
Leske + Budrich,B,publisher,I
".
",O,O,I
Trotha,B,author,B
", ",I,author,I
T. von,I,author,I
" , ",O,O,I
1997,B,year,I
: ,O,O,I
Zur Soziologie der Gewalt,B,title,I
. ,O,O,I
Kölner Zeitschrift für Soziologie und Sozialpsychologie,B,source,I
. ,O,O,I
Sonderheft,B,other,I
 ,O,O,I
37,B,volume,I
: ,O,O,I
9,B,fpage,I
–,O,O,I
56,B,lpage,I
".
",O,O,I
