token,tag,label,ref
1. ,O,O,I
Алчян,B,author,B
 ,I,author,I
 А. А.,I,author,I
", ",O,O,I
Демсетц,B,author,I
 ,I,author,I
Г.,I,author,I
 ,O,O,I
"Производство, стоимость информации и эконо- мическая организация",B,title,I
 // ,O,O,I
Вехи экономической мысли,B,title,I
. ,O,O,I
Т. 5: Теория отраслевых рынков,B,source,I
 / ,O,O,I
под ред,B,other,I
. ,O,O,I
А. Г. Слуцкого,B,editor,I
. ,O,O,I
СПб,B,other,I
"., ",O,O,I
2003,B,year,I
".
",O,O,I
2. ,O,O,I
Доклад на конференции ГУ-ВШЭ в,B,source,B
 ,O,O,I
2004,B,year,I
 ,O,O,I
году,B,source,I
 «,O,O,I
Региональные особенно- сти экономического подъема РФ в 1999—2003 гг.,B,title,I
"».
",O,O,I
3. ,O,O,I
Механизмы купли и продажи бизнеса,B,title,B
 / под ред.,O,O,I
 А. Е. Шаститко. М.,B,editor,I
", ",O,O,I
2002,B,year,I
".
",O,O,I
4. ,O,O,I
Хайек,B,author,B
 ,I,author,I
Ф.,I,author,I
 ,O,O,I
Конкуренция как процедура открытия,B,title,I
 // ,O,O,I
МЭиМО,B,other,I
. ,O,O,I
1989,B,year,I
. № ,O,O,I
12,B,volume,I
".
",O,O,I
5. ,O,O,I
Шаститко,B,author,B
 ,I,author,I
А. Е.,I,author,I
 ,O,O,I
Альтернативные формы экономической организации в условиях естественной монополии,B,title,I
.,O,O,I
 Бюро экономического анализа.,B,editor,I
 ,O,O,I
М.,B,other,I
", ",O,O,I
2000,B,year,I
".
",O,O,I
6. ,O,O,I
Шаститко А. Е.,B,editor,B
 (ред). ,O,O,I
Обзор состояния делового климата в Российской Федерации,B,title,I
 / ,O,O,I
Общественная палата Российской Федерации,B,publisher,I
. ,O,O,I
М.,B,other,I
", ",O,O,I
2007,B,year,I
".
",O,O,I
7. ,O,O,I
Ясин,B,author,B
 Е. Г.,I,author,I
", ",O,O,I
Яковлев,B,author,I
 ,I,author,I
А. А.,I,author,I
 ,O,O,I
Конкурентоспособность и модернизация рос- сийской экономики,B,title,I
. ,O,O,I
Начало проекта / Государственный университет-Высшая школа экономики,B,editor,I
. ,O,O,I
М.,B,other,I
", ",O,O,I
2004,B,year,I
".
",O,O,I
8. ,O,O,I
Neven,B,author,B
 ,I,author,I
D.,I,author,I
 ,O,O,I
Trade Liberalization with Eastern Nations: How Sensitive?,B,title,I
 //,O,O,I
 Faini R,B,editor,I
 and ,O,O,I
Portes R,B,editor,I
 (eds) ,O,O,I
Eurropean Union Trade with Eastern Europe: Adjustment and Opportunities,B,source,I
. ,O,O,I
London,B,other,I
", ",O,O,I
CEPR,B,publisher,I
", ",O,O,I
1995,B,year,I
".
",O,O,I
9. ,O,O,I
Stiglitz,B,author,B
 ,I,author,I
J.,I,author,I
", ",O,O,I
Hoff,B,author,I
 ,I,author,I
K.,I,author,I
 ,O,O,I
The Transition from Communism: A Diagrammatic Exposition of Obstacles to the Demand for the Rule of Law.,B,title,I
", ",O,O,I
March,B,other,I
", ",O,O,I
2004,B,year,I
".
",O,O,I
