token,tag,label,ref
1. ,O,O,I
Бусыгина,B,author,B
 ,I,author,I
И,I,author,I
. ,O,O,I
Асимметричная интеграция в Евросоюзе,B,title,I
 // ,O,O,I
Международ- ные процессы,B,source,I
. ,O,O,I
2007,B,year,I
. Т. ,O,O,I
5,B,volume,I
", № ",O,O,I
3.,B,issue,I
 С. ,O,O,I
18,B,fpage,I
—,O,O,I
28,B,lpage,I
".
",O,O,I
2. ,O,O,I
Кондратьева,B,author,B
 ,I,author,I
Н,I,author,I
. ,O,O,I
Большая Европа и региональное развитие,B,title,I
// ,O,O,I
Расшире- ние Европейского Союза и Россия,B,source,I
. ,O,O,I
М.,B,other,I
", ",O,O,I
2006,B,year,I
".
",O,O,I
3. ,O,O,I
Финляндия и Северное измерение,B,title,B
. ,O,O,I
Издательство Министерства ино- странных дел Финляндии,B,editor,I
", ",O,O,I
2008,B,year,I
".
",O,O,I
4. ,O,O,I
Aalto,B,author,B
 ,I,author,I
Pami,I,author,I
. ,O,O,I
European Union and the making of a wider northern Europe,B,title,I
. ,O,O,I
New York,B,other,I
: ,O,O,I
Routledge,B,publisher,I
", ",O,O,I
2006,B,year,I
".
",O,O,I
5. ,O,O,I
Browning,B,author,B
 ,I,author,I
Christopher,I,author,I
", ",O,O,I
Pertti,B,author,I
 ,I,author,I
Joenniemi,I,author,I
. ,O,O,I
The European Union's Two Dimensions: The Eastern and the Northern,B,title,I
 // ,O,O,I
Security dialogue,B,source,I
. ,O,O,I
2003,B,year,I
. ,O,O,I
34,B,volume,I
 (,O,O,I
4,B,issue,I
):,O,O,I
463,B,author,I
—,O,O,I
78,B,lpage,I
".
",O,O,I
6. ,O,O,I
Busygina,B,author,B
 ,I,author,I
I.,I,author,I
", ",O,O,I
Filippov,B,author,I
 ,I,author,I
M.,I,author,I
 ,O,O,I
End comment: EU-Russian relations and the limits of the Northern Dimension,B,title,I
 // ,O,O,I
The New Northern Dimension of the European Neighborhood,B,source,I
 / еd. by ,O,O,I
Michael Emerson,B,editor,I
 and ,O,O,I
Pami Aalto,B,editor,I
", ",O,O,I
Centre for European Policy Studies (CEPS),B,publisher,I
", ",O,O,I
"Brussels, Belgium",B,other,I
", ",O,O,I
2008,B,year,I
. P. ,O,O,I
204,B,fpage,I
—,O,O,I
220,B,lpage,I
".
",O,O,I
7. ,O,O,I
Filtenborg,B,author,B
", ",I,author,I
Mette Sicard,I,author,I
", ",O,O,I
Stefan,B,author,I
 ,I,author,I
Ganzle,I,author,I
", ",O,O,I
Elisabeth,B,author,I
 ,I,author,I
Johanson,I,author,I
. ,O,O,I
An Alternative Theoretical Approach to EU Foreign Policy: Network Governance and the Case of the Northern Dimension Initiative,B,title,I
. ,O,O,I
Cooperation & Conflict,B,source,I
. ,O,O,I
2002,B,year,I
. ,O,O,I
37,B,volume,I
 (,O,O,I
4,B,issue,I
):,O,O,I
387,B,fpage,I
—,O,O,I
407,B,lpage,I
".
",O,O,I
8. ,O,O,I
Haukkala,B,author,B
 ,I,author,I
Hiski,I,author,I
. ,O,O,I
A hole in the wall?: dimensionalism and the EU's «new neighbourhood policy,B,title,I
». ,O,O,I
Helsinki,B,other,I
: ,O,O,I
Finnish Institute of International Affairs,B,publisher,I
", ",O,O,I
2003,B,year,I
".
",O,O,I
9. ,O,O,I
Lannon,B,author,B
 ,I,author,I
Erwan,I,author,I
", ",O,O,I
Peter,B,author,I
 ,I,author,I
Van Elsuwege,I,author,I
. ,O,O,I
The EU’s Northern Dimension and the EMP-ENP: Institutional Frameworks and Decision-Making Processes Compared,B,title,I
 // ,O,O,I
The European Union and the Mediterranean the Mediterranean's European challenge,B,source,I
. Vol. ,O,O,I
5,B,volume,I
 / ed. ,O,O,I
P. G. Xuereb,B,editor,I
. ,O,O,I
Msida,B,other,I
: ,O,O,I
"EDRC, University of Malta",B,publisher,I
. ,O,O,I
2004,B,year,I
".
",O,O,I
10. ,O,O,I
Marks,B,author,B
 ,I,author,I
Gary,I,author,I
", ",O,O,I
Francois,B,author,I
 ,I,author,I
Nielsen,I,author,I
", ",O,O,I
Leonard,B,author,I
 ,I,author,I
Ray,I,author,I
", ",O,O,I
Jane E.,B,author,I
 ,I,author,I
Salk,I,author,I
. ,O,O,I
"Competencies, Cracks, and Conflicts: Regional Mobilization in the European Union",B,title,I
 // ,O,O,I
Comparative political studies,B,source,I
. ,O,O,I
1996,B,year,I
. ,O,O,I
29,B,volume,I
 (,O,O,I
2,B,issue,I
):,O,O,I
164,B,fpage,I
—,O,O,I
92,B,lpage,I
".
",O,O,I
11. ,O,O,I
Moisio,B,author,B
 ,I,author,I
Sami,I,author,I
. ,O,O,I
Back to Baltoscandia? European Union and Geo-Conceptual Remaking of the European North,B,title,I
 // ,O,O,I
Geopolitics,B,source,I
. ,O,O,I
2003,B,year,I
. ,O,O,I
8,B,volume,I
 (,O,O,I
1,B,issue,I
):,O,O,I
72,B,fpage,I
—,O,O,I
100.,B,lpage,I
"
",O,O,I
12. ,O,O,I
Smith Hanna,B,editor,B
 (ed.).,O,O,I
" The two-level game: Russia's relations with Great Britain, Finland and the European Union",B,title,I
. Vol. ,O,O,I
2,B,volume,I
. ,O,O,I
Helsinki,B,other,I
: ,O,O,I
Aleksanteri Institute,B,publisher,I
", ",O,O,I
2006,B,year,I
".
",O,O,I
13. ,O,O,I
Trenin,B,author,B
 ,I,author,I
Dmitrii,I,author,I
. ,O,O,I
Introduction: The Grand Redesign,B,title,I
 // ,O,O,I
"Ambivalent neighbors: the EU, NATO and the price of membership",B,source,I
 / ed. ,O,O,I
A. Lieven,B,editor,I
 and ,O,O,I
D. Trenin,B,editor,I
. ,O,O,I
Washington D. C.,B,other,I
: ,O,O,I
Carnegie Endowment for International Peace,B,publisher,I
", ",O,O,I
2003,B,year,I
".
",O,O,I
14.,O,O,I
 Vysotskaya Guedes Vieira,B,author,B
", ",I,author,I
Alena,I,author,I
. ,O,O,I
Dimensionalism in the EU External Relations and its implications for the ENP: the case of the Northern Dimension,B,title,I
. ,O,O,I
The EU in International Affairs Conference 24—26 April 2008,B,source,I
: ,O,O,I
"Egmont Palace, Brussels",B,other,I
", ",O,O,I
2008,B,year,I
".
",O,O,I
