token,tag,label,ref
Arránz Becker,B,author,B
", ",I,author,I
Oliver,I,author,I
; ,O,O,I
Lois,B,author,I
", ",I,author,I
Daniel,I,author,I
; ,O,O,I
Nauck,B,author,I
", ",I,author,I
Bernhard,I,author,I
 ,O,O,I
2010,B,year,I
: ,O,O,I
Differences in fertility patterns between East and West German women. Disentangling the roles of cultural background and of the transformation process,B,title,I
. In: ,O,O,I
Comparative Population Studies - Zeitschrift für Bevölkerungswissenschaft,B,source,I
 ,O,O,I
"35,1",B,volume,I
: ,O,O,I
7,B,fpage,I
 - ,O,O,I
34,B,lpage,I
 [,O,O,I
doi: 10.4232/10.CPoS-2010-02en,B,identifier,I
"].
",O,O,I
Beck-Gernsheim,B,author,B
", ",I,author,I
Elisabeth,I,author,I
 ,O,O,I
1997,B,year,I
: ,O,O,I
Geburtenrückgang und Kinderwunsch - die Erfahrung in Ostdeutschland,B,title,I
. In: ,O,O,I
Zeitschrift für Bevölkerungswissenschaft,B,source,I
 ,O,O,I
"22,1",B,volume,I
: ,O,O,I
59,B,fpage,I
 - ,O,O,I
71,B,lpage,I
".
",O,O,I
Bernardi,B,author,B
", ",I,author,I
Laura,I,author,I
; ,O,O,I
Keim,B,author,I
", ",I,author,I
Sylvia,I,author,I
 ,O,O,I
2007,B,year,I
: ,O,O,I
Anfang dreißig und noch kinderlos? Lebenswege und Familienmodelle berufstätiger Frauen aus Ost- und Westdeutschland,B,title,I
. In: ,O,O,I
"Konietzka, Dirk",B,editor,I
; ,O,O,I
"Kreyenfeld, Michaela",B,editor,I
 (Eds.): ,O,O,I
Ein Leben ohne Kinder. Kinderlosigkeit in Deutschland.,B,source,I
 ,O,O,I
Wiesbaden,B,other,I
: ,O,O,I
VS Verlag für Sozialwissenschaften,B,publisher,I
: ,O,O,I
317,B,fpage,I
 - ,O,O,I
334,B,lpage,I
".
",O,O,I
Bernardi,B,author,B
", ",I,author,I
Laura,I,author,I
; ,O,O,I
Klärner,B,author,I
", ",I,author,I
Andreas,I,author,I
; ,O,O,I
von der Lippe,B,author,I
", ",I,author,I
Holger,I,author,I
 ,O,O,I
2008,B,year,I
: ,O,O,I
Job insecurity and the timing of parenthood: a comparison between Eastern and Western Germany,B,title,I
. In: ,O,O,I
European Journal of Population,B,source,I
 ,O,O,I
"24,3",B,volume,I
: ,O,O,I
287,B,fpage,I
 - ,O,O,I
313,B,lpage,I
 [,O,O,I
doi:10.1007/s10680-007-9127-5,B,identifier,I
"].
",O,O,I
BGBl (Bundesgesetzblatt),B,editor,B
 ,O,O,I
2007,B,year,I
: ,O,O,I
Gesetz zur Änderung des Mikrozensusgesetzes 2005 und des Bevölkerungsstatistikgesetzes vom 30. Oktober 2007,B,title,I
. ,O,O,I
BGBl,B,source,I
 ,O,O,I
"Jahrgang 2007, Teil I, Nr. 55.",B,other,I
"
",O,O,I
Birg,B,author,B
", ",I,author,I
Herwig,I,author,I
; ,O,O,I
Filip,B,author,I
", ",I,author,I
Detlef,I,author,I
;,O,O,I
 ,B,author,I
Flöthmann,I,author,I
", ",I,author,I
E.-Jürgen,I,author,I
 ,O,O,I
1990,B,year,I
:,O,O,I
 Paritätsspeziﬁsche Kohortenanalyse des generativen Verhaltens in der Bundesrepublik Deutschland nach dem 2. Weltkrieg,B,title,I
. ,O,O,I
IBS-Materialien,B,source,I
 ,O,O,I
30,B,volume,I
. ,O,O,I
Bielefeld,B,other,I
: ,O,O,I
Institut für Bevölkerungsforschung und Sozialpolitik,B,publisher,I
".
",O,O,I
Boehnke,B,author,B
", ",I,author,I
Mandy,I,author,I
 ,O,O,I
2007,B,year,I
: ,O,O,I
Hochschulbildung und Kinderlosigkeit: Deutsch-deutsche Unterschiede,B,title,I
. In: ,O,O,I
"Konietzka, Dirk",B,editor,I
; ,O,O,I
"Kreyenfeld, Michaela",B,editor,I
 (Eds.): ,O,O,I
Ein Leben ohne Kinder. Kinderlosigkeit in Deutschland.,B,source,I
 ,O,O,I
Wiesbaden,B,other,I
: ,O,O,I
VS Verlag für Sozialwissenschaften,B,publisher,I
", ",O,O,I
295,B,fpage,I
 - ,O,O,I
315,B,lpage,I
".
",O,O,I
Bongaarts,B,author,B
", ",I,author,I
John,I,author,I
; ,O,O,I
Feeney,B,author,I
", ",I,author,I
Grifﬁth,I,author,I
 ,O,O,I
1998,B,year,I
: ,O,O,I
On the quantum and tempo of fertility,B,title,I
. In: ,O,O,I
Population and Development Review,B,source,I
 ,O,O,I
24,B,volume,I
", ",O,O,I
2,B,issue,I
: ,O,O,I
271,B,fpage,I
 - ,O,O,I
291,B,lpage,I
".
",O,O,I
Bongaarts,B,author,B
", ",I,author,I
John,I,author,I
; ,O,O,I
Feeney,B,author,I
", ",I,author,I
Grifﬁth,I,author,I
 ,O,O,I
2006,B,year,I
: ,O,O,I
The quantum and tempo of life-cycle events,B,title,I
. In: ,O,O,I
Vienna Yearbook of Population Research,B,source,I
 ,O,O,I
2006,B,year,I
: ,O,O,I
115,B,fpage,I
 - ,O,O,I
151,B,lpage,I
 [,O,O,I
doi: 10.1553/populationyearbook2006s115,B,identifier,I
"].
",O,O,I
Bongaarts,B,author,B
", ",I,author,I
John,I,author,I
; ,O,O,I
Feeney,B,author,I
", ",I,author,I
Grifﬁth,I,author,I
 ,O,O,I
2010,B,year,I
: ,O,O,I
When is a tempo effect a tempo distortion,B,title,I
? In: ,O,O,I
Genus,B,source,I
 ,O,O,I
66,B,volume,I
", ",O,O,I
2,B,issue,I
: ,O,O,I
1,B,fpage,I
 - ,O,O,I
15,B,lpage,I
".
",O,O,I
Butterwege,B,author,B
", ",I,author,I
Christoph,I,author,I
; ,O,O,I
Klundt,B,author,I
", ",I,author,I
Michael,I,author,I
; ,O,O,I
Zeng,B,author,I
", ",I,author,I
Matthias,I,author,I
 ,O,O,I
2005,B,year,I
: ,O,O,I
Kinderarmut in Ost- und Westdeutschland,B,title,I
. ,O,O,I
Wiesbaden,B,other,I
: ,O,O,I
VS Verlag für Sozialwissenschaften,B,publisher,I
".
",O,O,I
Conrad,B,author,B
", ",I,author,I
Christoph,I,author,I
; ,O,O,I
Lechner,B,author,I
", ",I,author,I
Michael,I,author,I
; ,O,O,I
Welf,B,author,I
", ",I,author,I
Werner,I,author,I
 ,O,O,I
1996,B,year,I
: ,O,O,I
East German fertility after uniﬁcation: crisis or adaptation,B,title,I
? In: ,O,O,I
Population and Development Review,B,source,I
 ,O,O,I
"22,2",B,volume,I
: ,O,O,I
331,B,fpage,I
 - ,O,O,I
358,B,lpage,I
".
",O,O,I
Dinkel,B,author,B
", ",I,author,I
Reiner H.,I,author,I
 ,O,O,I
1989,B,year,I
: ,O,O,I
Demographie.,B,title,I
 Band ,O,O,I
1,B,volume,I
: ,O,O,I
Bevölkerungsdynamik.,B,title,I
 ,O,O,I
München,B,other,I
: ,O,O,I
Vahlen,B,publisher,I
".
",O,O,I
Dorbritz,B,author,B
", ",I,author,I
Jürgen,I,author,I
 ,O,O,I
1992,B,year,I
: ,O,O,I
"Nuptialität, Fertilität und familiale Lebensformen in der sozialen Transformation - Übergang zu einer neuen Bevölkerungsweise in Ostdeutschland",B,title,I
? In: ,O,O,I
Zeitschrift für Bevölkerungswissenschaft,B,source,I
 ,O,O,I
"18,2",B,volume,I
: ,O,O,I
167,B,fpage,I
 - ,O,O,I
196,B,lpage,I
".
",O,O,I
Dorbritz,B,author,B
", ",I,author,I
Jürgen,I,author,I
 ,O,O,I
1997,B,year,I
: ,O,O,I
Der demographische Wandel in Ostdeutschland - Verlauf und Erklärungsansätze,B,title,I
. In: ,O,O,I
Zeitschrift für Bevölkerungswissenschaft,B,source,I
 ,O,O,I
"22,2/3",B,volume,I
: ,O,O,I
239,B,fpage,I
 - ,O,O,I
268,B,lpage,I
".
",O,O,I
Dorbritz,B,author,B
", ",I,author,I
Jürgen,I,author,I
; ,O,O,I
Schwarz,B,author,I
", ",I,author,I
Karl,I,author,I
 ,O,O,I
1996,B,year,I
: ,O,O,I
Kinderlosigkeit in Deutschland - ein Massenphä- nomen? Analysen zu Erscheinungsformen und Ursachen,B,title,I
. In: ,O,O,I
Zeitschrift für Bevölkerungswissenschaft,B,source,I
 ,O,O,I
"21,3",B,volume,I
: ,O,O,I
231,B,fpage,I
 - ,O,O,I
261,B,lpage,I
".
",O,O,I
Dornseiff,B,author,B
", ",I,author,I
Jann-Michael,I,author,I
; ,O,O,I
Sackmann,B,author,I
", ",I,author,I
Reinhold,I,author,I
 ,O,O,I
2003,B,year,I
: ,O,O,I
"Familien-, Erwerbs- und Fertilitätsdynamiken in Ost- und Westdeutschland",B,title,I
. In: ,O,O,I
"Bien, Walter",B,editor,I
; ,O,O,I
"Marbach, Jan H.",B,editor,I
 (Eds.): ,O,O,I
Partnerschaft und Familiengründung. Ergebnisse der dritten Welle des Familien-Survey.,B,source,I
 ,O,O,I
Opladen,B,other,I
: ,O,O,I
Leske+Budrich,B,publisher,I
: ,O,O,I
309,B,fpage,I
 - ,O,O,I
348,B,lpage,I
".
",O,O,I
Eberstadt,B,author,B
", ",I,author,I
Nicholas,I,author,I
 ,O,O,I
1994,B,year,I
: ,O,O,I
"Demographic shocks after communism: eastern Germany, 1989-93",B,title,I
. In: ,O,O,I
Population and Development Review,B,source,I
 ,O,O,I
20,B,volume,I
",",O,O,I
1,B,issue,I
: ,O,O,I
137,B,fpage,I
 - ,O,O,I
152,B,lpage,I
".
",O,O,I
Eckhard,B,author,B
", ",I,author,I
Jan,I,author,I
 ,O,O,I
2006,B,year,I
: ,O,O,I
Kinderlosigkeit durch Partnerschaftslosigkeit. Der Wandel der Partnerschaftsbiographien und Zusammenhänge mit der Geburtenentwicklung,B,title,I
. In: ,O,O,I
Zeitschrift für Bevölkerungswissenschaft,B,source,I
 ,O,O,I
31,B,volume,I
",",O,O,I
1,B,issue,I
: ,O,O,I
105,B,fpage,I
 - ,O,O,I
126,B,lpage,I
".
",O,O,I
Frejka,B,author,B
", ",I,author,I
Tomas,I,author,I
; ,O,O,I
Sobotka,B,author,I
", ",I,author,I
Tomáš,I,author,I
 ,O,O,I
2008,B,year,I
: ,O,O,I
"Fertility in Europe: diverse, delayed and below replacement",B,title,I
. In: ,O,O,I
Demographic Research,B,source,I
 ,O,O,I
19,B,volume,I
 ,O,O,I
(Special Issue‚ Childbearing trends and policies in Europe),B,source,I
", ",O,O,I
3,B,issue,I
: ,O,O,I
15,B,fpage,I
 - ,O,O,I
46,B,lpage,I
 [,O,O,I
doi:10.4054/DemRes.2008.19.3,B,year,I
"].
",O,O,I
Goerke,B,author,B
", ",I,author,I
K.,I,author,I
; ,O,O,I
Lack,B,author,I
", ",I,author,I
N.,I,author,I
 ,O,O,I
2000,B,year,I
: ,O,O,I
Qualitätssicherung in der Geburtshilfe - Perinatalerhebung,B,title,I
. In: ,O,O,I
Der Gynäkologe,B,source,I
 ,O,O,I
"33,3",B,volume,I
: ,O,O,I
220,B,fpage,I
 - ,O,O,I
224,B,lpage,I
 [,O,O,I
doi: 10.1007/s001290050538,B,identifier,I
"].
",O,O,I
Goldstein,B,author,B
", ",I,author,I
Joshua R.,I,author,I
; ,O,O,I
Lutz,B,author,I
", ",I,author,I
Wolfgang,I,author,I
; ,O,O,I
Scherbov,B,author,I
", ",I,author,I
Sergei,I,author,I
 ,O,O,I
2003,B,year,I
: ,O,O,I
Long-term population decline in Europe: the relative importance of tempo effects and generational length,B,title,I
. In: ,O,O,I
Population and Development Review,B,source,I
 ,O,O,I
29,B,volume,I
",",O,O,I
4,B,issue,I
: ,O,O,I
699,B,fpage,I
 - ,O,O,I
707,B,lpage,I
 [,O,O,I
doi/10.1111/j.1728- 4457.2003.00699.x,B,identifier,I
"].
",O,O,I
Goldstein,B,author,B
", ",I,author,I
Joshua R.,I,author,I
; ,O,O,I
Sobotka,B,author,I
", ",I,author,I
Tomáš,I,author,I
; ,O,O,I
Jasilioniene,B,author,I
", ",I,author,I
Aiva,I,author,I
 ,O,O,I
2009,B,year,I
: ,O,O,I
The end of “lowest-low” fertility,B,title,I
? In: ,O,O,I
Population and Development Review,B,source,I
 ,O,O,I
35,B,volume,I
", ",O,O,I
4,B,issue,I
: ,O,O,I
663,B,fpage,I
 - ,O,O,I
699,B,lpage,I
".
",O,O,I
Hajnal,B,author,B
", ",I,author,I
John,I,author,I
 ,O,O,I
1947,B,year,I
: ,O,O,I
The analysis of birth statistics in the light of the recent international recovery of the birth-rate,B,title,I
. In: ,O,O,I
Population Studies,B,source,I
 ,O,O,I
1,B,volume,I
",",O,O,I
2,B,issue,I
: ,O,O,I
137,B,fpage,I
 - ,O,O,I
164,B,lpage,I
".
",O,O,I
Hank,B,author,B
", ",I,author,I
Karsten,I,author,I
 ,O,O,I
2002,B,year,I
: ,O,O,I
Regional social contexts and individual fertility decisions: a multilevel analysis of ﬁrst and second births in Western Germany,B,title,I
. In: ,O,O,I
European Journal of Population,B,source,I
 ,O,O,I
18,B,volume,I
",",O,O,I
3,B,issue,I
: ,O,O,I
263,B,fpage,I
 - ,O,O,I
279,B,lpage,I
 [,O,O,I
doi: 10.1023/A:1019765026537,B,identifier,I
"].
",O,O,I
Hank,B,author,B
", ",I,author,I
Karsten,I,author,I
; ,O,O,I
Kreyenfeld,B,author,I
", ",I,author,I
Michaela,I,author,I
 ,O,O,I
2003,B,year,I
: ,O,O,I
A multilevel analysis of child care and women’s fertility decisions in Western Germany,B,title,I
. In: ,O,O,I
Journal of Marriage and Family,B,source,I
 ,O,O,I
65,B,volume,I
",",O,O,I
3,B,issue,I
: ,O,O,I
584,B,fpage,I
 - ,O,O,I
596,B,lpage,I
".
",O,O,I
Hank,B,author,B
", ",I,author,I
Karsten,I,author,I
; ,O,O,I
Kreyenfeld,B,author,I
", ",I,author,I
Michaela,I,author,I
; ,O,O,I
Spieß,B,author,I
", ",I,author,I
C. Katharina,I,author,I
 ,O,O,I
2004,B,year,I
: ,O,O,I
Kinderbetreuung und Fertilität in Deutschland,B,title,I
. In: ,O,O,I
Zeitschrift für Soziologie,B,source,I
 ,O,O,I
33,B,volume,I
",",O,O,I
3,B,issue,I
: ,O,O,I
228,B,fpage,I
 - ,O,O,I
244,B,lpage,I
".
",O,O,I
Human Fertility Database,B,source,B
. ,O,O,I
Max-Planck-Institut für demograﬁsche Forschung (Deutschland),B,editor,I
 und ,O,O,I
Vienna Institute of Demography (Österreich),B,editor,I
. Abrufbar unter ,O,O,I
www.humanfertility.org,B,url,I
 (,O,O,I
Daten-Download am 02.12.2010,B,other,I
").
",O,O,I
Kohler,B,author,B
", ",I,author,I
Hans-Peter,I,author,I
; ,O,O,I
Billari,B,author,I
", ",I,author,I
Francesco C.,I,author,I
; ,O,O,I
Ortega,B,author,I
", ",I,author,I
José A.,I,author,I
 ,O,O,I
2002,B,year,I
: ,O,O,I
The emergence of lowest-low fertility in Europe during the 1990s,B,title,I
. In: ,O,O,I
Population and Development Review,B,source,I
 ,O,O,I
28,B,volume,I
",",O,O,I
4,B,issue,I
: ,O,O,I
641,B,fpage,I
 - ,O,O,I
680,B,lpage,I
".
",O,O,I
Kohler,B,author,B
", ",I,author,I
Hans-Peter,I,author,I
; ,O,O,I
Philipov,B,author,I
", ",I,author,I
Dimiter,I,author,I
 ,O,O,I
2001,B,year,I
: ,O,O,I
Variance effects in the Bongaarts-Feeney formula,B,title,I
. In: ,O,O,I
Demography,B,source,I
 ,O,O,I
38,B,volume,I
",",O,O,I
1,B,issue,I
: ,O,O,I
1,B,fpage,I
 - ,O,O,I
16,B,lpage,I
".
",O,O,I
Kreyenfeld,B,author,B
", ",I,author,I
Michaela,I,author,I
 ,O,O,I
2002,B,year,I
: ,O,O,I
Parity speciﬁc birth rates for West Germany: an attempt to combine survey data and vital statistics,B,title,I
. In: ,O,O,I
Zeitschrift für Bevölkerungswissenschaft,B,source,I
 ,O,O,I
27,B,volume,I
",",O,O,I
3,B,issue,I
: ,O,O,I
327,B,fpage,I
 - ,O,O,I
357,B,lpage,I
".
",O,O,I
Kreyenfeld,B,author,B
", ",I,author,I
Michaela,I,author,I
 ,O,O,I
2003,B,year,I
: ,O,O,I
Crises or adaption - reconsidered: a comparison of East and West German fertility patterns in the ﬁrst six years after the ‘Wende,B,title,I
’. In: ,O,O,I
European Journal of Population,B,source,I
 ,O,O,I
19,B,volume,I
",",O,O,I
3,B,issue,I
: ,O,O,I
303,B,fpage,I
 - ,O,O,I
329,B,lpage,I
".
",O,O,I
Kreyenfeld,B,author,B
", ",I,author,I
Michaela,I,author,I
 ,O,O,I
2009,B,year,I
: ,O,O,I
Das zweite Kind in Ostdeutschland: Aufschub oder Verzicht?,B,title,I
 In: ,O,O,I
"Cassens, Insa",B,editor,I
; ,O,O,I
"Luy, Marc",B,editor,I
; ,O,O,I
"Scholz, Rembrandt D.",B,editor,I
 (Eds.): ,O,O,I
"Die Bevölkerung in Ost- und Westdeutschland. Demograﬁsche, gesellschaftliche und wirtschaftliche Entwicklungen seit der Wende.",B,source,I
 ,O,O,I
Wiesbaden,B,other,I
: ,O,O,I
VS Verlag für Sozialwissenschaften,B,publisher,I
: ,O,O,I
100,B,fpage,I
 - ,O,O,I
123,B,lpage,I
".
",O,O,I
Kreyenfeld,B,author,B
", ",I,author,I
Michaela,I,author,I
; ,O,O,I
Scholz,B,author,I
", ",I,author,I
Rembrandt,I,author,I
; ,O,O,I
Peters,B,author,I
", ",I,author,I
Frederik,I,author,I
; ,O,O,I
Wlosnewski,B,author,I
", ",I,author,I
Ines,I,author,I
 ,O,O,I
2010,B,year,I
: ,O,O,I
Order-speciﬁc fertility rates for Germany. Estimates from perinatal statistics for the period 2001-2008,B,title,I
. In: ,O,O,I
Comparative Population Studies - Zeitschrift für Bevölkerungswissenschaft,B,source,I
 ,O,O,I
35,B,volume,I
",",O,O,I
2,B,issue,I
: ,O,O,I
207,B,fpage,I
 - ,O,O,I
224,B,lpage,I
 [,O,O,I
doi: 10.4232/10.CPoS-2010-06en,B,identifier,I
"].
",O,O,I
Lechner,B,author,B
", ",I,author,I
Michael,I,author,I
 ,O,O,I
2001,B,year,I
: ,O,O,I
The empirical analysis of East German fertility after uniﬁcation: an update,B,title,I
. In: ,O,O,I
European Journal of Population,B,source,I
 17,B,volume,I
",",O,O,I
1,B,issue,I
: ,O,O,I
61,B,fpage,I
 - ,O,O,I
74,B,lpage,I
".
",O,O,I
Lesthaeghe,B,author,B
", ",I,author,I
Ron,I,author,I
; ,O,O,I
Willems,B,author,I
", ",I,author,I
Paul,I,author,I
 ,O,O,I
1999,B,year,I
: ,O,O,I
Is low fertility a temporary phenomenon in the European Union,B,title,I
? In: ,O,O,I
Population and Development Review,B,source,I
 ,O,O,I
25,B,volume,I
",",O,O,I
2,B,issue,I
: ,O,O,I
211,B,fpage,I
 - ,O,O,I
228,B,lpage,I
".
",O,O,I
Luy,B,author,B
", ",I,author,I
Marc,I,author,I
 ,O,O,I
2009,B,year,I
: ,O,O,I
Empirische Bestandsaufnahme der Bevölkerungsentwicklung in Ostund Westdeutschland,B,title,I
. In: ,O,O,I
"Schubarth, Wilfried",B,editor,I
; ,O,O,I
"Speck, Karsten",B,editor,I
 (Hrsg.): ,O,O,I
"Regionale Abwanderung Jugendlicher. Theoretische Analysen, empirische Befunde und politische Gegenstrategien.",B,source,I
" Weinheim, München",B,other,I
: ,O,O,I
Juventa,B,publisher,I
: ,O,O,I
43,B,fpage,I
 - ,O,O,I
67,B,lpage,I
".
",O,O,I
Luy,B,author,B
", ",I,author,I
Marc,I,author,I
 ,O,O,I
2010,B,year,I
: ,O,O,I
Tempo effects and their relevance in demographic analysis,B,title,I
. In: ,O,O,I
Comparative Population Studies - Zeitschrift für Bevölkerungswissenschaft,B,source,I
 ,O,O,I
35,B,volume,I
",",O,O,I
3,B,issue,I
: ,O,O,I
415,B,fpage,I
 - ,O,O,I
446,B,lpage,I
 [,O,O,I
doi: 10.4232/10.CPoS-2010-11en,B,identifier,I
"].
",O,O,I
Menning,B,author,B
", ",I,author,I
Sonja,I,author,I
 ,O,O,I
1995,B,year,I
: ,O,O,I
Geburten- und Heiratsverzicht in den neuen Ländern - Abschied von der Familie?,B,title,I
 In: ,O,O,I
"Sydow, Hubert",B,editor,I
; ,O,O,I
"Schlegel, Uta",B,editor,I
; ,O,O,I
"Helmke, Andreas",B,editor,I
 (Hrsg.): ,O,O,I
Chancen und Risiken im Lebenslauf: Beiträge zum gesellschaftlichen Wandel in Ostdeutschland.,B,source,I
 ,O,O,I
Berlin,B,other,I
: ,O,O,I
Akademie Verlag,B,publisher,I
: ,O,O,I
137,B,fpage,I
 - ,O,O,I
150,B,lpage,I
".
",O,O,I
Philipov,B,author,B
", ",I,author,I
Dimiter,I,author,I
; ,O,O,I
Kohler,B,author,I
", ",I,author,I
Hans-Peter,I,author,I
 ,O,O,I
2001,B,year,I
: ,O,O,I
"Tempo effects in the fertility decline in eastern Europe: evidence from Bulgaria, the Czech Republic, Hungary, Poland, and Russia",B,title,I
. In: ,O,O,I
European Journal of Population,B,source,I
 ,O,O,I
17,B,volume,I
",",O,O,I
1,B,issue,I
: ,O,O,I
37,B,fpage,I
 - ,O,O,I
60,B,lpage,I
".
",O,O,I
Pötzsch,B,author,B
", ",I,author,I
Olga,I,author,I
 ,O,O,I
2010,B,year,I
: ,O,O,I
Annahmen zur Geburtenentwicklung in der 12. koordinierten Bevölkerungsvorausberechnung,B,title,I
. In: ,O,O,I
Wirtschaft und Statistik,B,source,I
 ,O,O,I
1/2010,B,volume,I
: ,O,O,I
29,B,fpage,I
 - ,O,O,I
40,B,lpage,I
".
",O,O,I
Sackmann,B,author,B
", ",I,author,I
Reinhold,I,author,I
 ,O,O,I
1999,B,year,I
: ,O,O,I
Ist ein Ende der Fertilitätskrise in Ostdeutschland absehbar?,B,title,I
 In: ,O,O,I
Zeitschrift für Bevölkerungswissenschaft,B,source,I
 ,O,O,I
24,B,volume,I
",",O,O,I
2,B,issue,I
: ,O,O,I
187,B,fpage,I
 - ,O,O,I
211,B,lpage,I
".
",O,O,I
Sobotka,B,author,B
", ",I,author,I
Tomáš,I,author,I
 ,O,O,I
2002,B,year,I
: ,O,O,I
Comments on „The empirical analysis of East German fertility after uniﬁcation: an update“,B,title,I
. In: ,O,O,I
European Journal of Population,B,source,I
 ,O,O,I
18,B,volume,I
",",O,O,I
3,B,issue,I
: ,O,O,I
203,B,fpage,I
 - ,O,O,I
208,B,lpage,I
".
",O,O,I
Sobotka,B,author,B
", ",I,author,I
Tomáš,I,author,I
 ,O,O,I
2003,B,year,I
: ,O,O,I
"Tempo-quantum and period-cohort interplay in fertility changes in Europe. Evidence from the Czech Republic, Italy, the Netherlands and Sweden",B,title,I
. In: ,O,O,I
Demographic Research,B,source,I
 ,O,O,I
8,B,volume,I
",",O,O,I
6,B,issue,I
: ,O,O,I
152,B,fpage,I
 - ,O,O,I
214,B,lpage,I
 [,O,O,I
doi: 10.4054/DemRes.2003.8.6,B,identifier,I
"].
",O,O,I
Sobotka,B,author,B
", ",I,author,I
Tomáš,I,author,I
 ,O,O,I
2004,B,year,I
a: ,O,O,I
Is lowest-low fertility in Europe explained by the postponement of childbearing?,B,title,I
 In: ,O,O,I
Population and Development Review,B,source,I
 ,O,O,I
30,B,volume,I
",",O,O,I
2,B,issue,I
: ,O,O,I
195,B,fpage,I
 - ,O,O,I
220,B,lpage,I
".
",O,O,I
Sobotka,B,author,B
", ",I,author,I
Tomáš,I,author,I
 ,O,O,I
2004,B,year,I
b: ,O,O,I
Postponement of childbearing and low fertility in Europe,B,title,I
. ,O,O,I
Amsterdam,B,other,I
: ,O,O,I
Dutch University Press,B,publisher,I
".
",O,O,I
Sobotka,B,author,B
", ",I,author,I
Tomáš,I,author,I
; ,O,O,I
Lutz,B,author,I
", ",I,author,I
Wolfgang,I,author,I
 ,O,O,I
2010,B,year,I
: ,O,O,I
Misleading policy messages derived from the period TFR: Should we stop using it?,B,title,I
 In: ,O,O,I
Comparative Population Studies - Zeitschrift für Bevölkerungswissenschaft,B,source,I
 ,O,O,I
35,B,volume,I
",",O,O,I
3,B,issue,I
: ,O,O,I
637,B,fpage,I
 - ,O,O,I
664,B,lpage,I
 [,O,O,I
doi: 10.4232/10.CPoS-2010-15en,B,identifier,I
"].
",O,O,I
Statistisches Bundesamt,B,editor,B
 ,O,O,I
2008,B,year,I
: ,O,O,I
Natürliche Bevölkerungsbewegung,B,title,I
", ",O,O,I
"Fachserie 1, Reihe 1.1",B,other,I
. ,O,O,I
Wiesbaden,B,other,I
: ,O,O,I
Statistisches Bundesamt,B,publisher,I
".
",O,O,I
Statistisches Bundesamt,B,editor,B
 ,O,O,I
2010,B,year,I
: ,O,O,I
Babys in den neuen Ländern haben jüngere Mütter,B,title,I
. ,O,O,I
Pressemitteilung vom 2. Dezember 2010 sowie Tabellen,B,source,I
 unter: ,O,O,I
http://www.destatis.de/ jetspeed/portal/cms/Sites/destatis/Internet/DE/Navigation/Statistiken/Bevoelkerung/ GeburtenSterbefaelle/Tabellen.psml,B,url,I
".
",O,O,I
Van Imhoff,B,author,B
", ",I,author,I
Evert,I,author,I
 ,O,O,I
2001,B,year,I
: ,O,O,I
On the impossibility of inferring cohort fertility measures from period fertility measures,B,title,I
. In: ,O,O,I
Demographic Research,B,source,I
 ,O,O,I
5,B,volume,I
",",O,O,I
2,B,issue,I
: ,O,O,I
23,B,fpage,I
 - ,O,O,I
64,B,lpage,I
 [,O,O,I
doi: 10.4054/ DemRes.2001.5.2,B,identifier,I
"].
",O,O,I
Van Imhoff,B,author,B
", ",I,author,I
Evert,I,author,I
; ,O,O,I
Keilman,B,author,I
", ",I,author,I
Nico,I,author,I
 ,O,O,I
2000,B,year,I
: ,O,O,I
On the quantum and tempo of fertility: comment,B,title,I
. In: ,O,O,I
Population and Development Review,B,source,I
 ,O,O,I
26,B,volume,I
",",O,O,I
3,B,issue,I
: ,O,O,I
549,B,fpage,I
 - ,O,O,I
553,B,lpage,I
".
",O,O,I
Witte,B,author,B
", ",I,author,I
James C.,I,author,I
; ,O,O,I
Wagner,B,author,I
", ",I,author,I
Gert,I,author,I
 ,O,O,I
1995,B,year,I
: ,O,O,I
Declining fertility in East Germany after uniﬁcation: a demographic response to socioeconomic change,B,title,I
. In: ,O,O,I
Population and Development Review,B,source,I
 ,O,O,I
21,B,volume,I
",",O,O,I
2,B,issue,I
: ,O,O,I
387,B,fpage,I
 - ,O,O,I
397,B,lpage,I
".
",O,O,I
Yi,B,author,B
", ",I,author,I
Zeng,I,author,I
; ,O,O,I
Land,B,author,I
", ",I,author,I
Kenneth C.,I,author,I
 ,O,O,I
2001,B,year,I
: ,O,O,I
A sensitivity analysis of the Bongaarts-Feeney method for adjusting bias in observed period total fertility rates,B,title,I
. In: ,O,O,I
Demography,B,source,I
 ,O,O,I
38,B,volume,I
",",O,O,I
1,B,issue,I
: ,O,O,I
17,B,fpage,I
 - ,O,O,I
28,B,lpage,I
".
",O,O,I
