token,tag,label,ref
Assmann,B,author,B
", ",I,author,I
Jan,I,author,I
 (,O,O,I
1997,B,year,I
): ,O,O,I
"Das kulturelle Gedächtnis – Schrift, Erinnerung und politische Identität in frühen Hochkulturen",B,title,I
", ",O,O,I
München,B,other,I
"
",O,O,I
Becker,B,author,B
", ",I,author,I
Jasper,I,author,I
 (,O,O,I
1996,B,year,I
): ,O,O,I
Hungry Ghosts – China’s Secret Famine,B,title,I
", ",O,O,I
London,B,other,I
"
",O,O,I
Chan,B,author,B
", ",I,author,I
Anita,I,author,I
", ",O,O,I
Richard,B,author,I
 ,I,author,I
Madsen,I,author,I
 and ,O,O,I
Jonathan,B,author,I
 ,I,author,I
Unger,I,author,I
 (,O,O,I
1992,B,year,I
),O,O,I
: Chen Village under Mao and Deng,B,title,I
", ",O,O,I
Berkeley,B,other,I
"
",O,O,I
Fang,B,author,B
 ,I,author,I
Huirong,I,author,I
 (,O,O,I
2001,B,year,I
): ,O,O,I
“Wu shijian jing” yu shenghou shijie de “zhenshi“ – Xincun nongmin tugai shiqi shenghou de jiyi (Die Grenze der Ereignislosigkeit und die „Wahrhaftigkeit“ der Lebenswelt – Die Erinnerungen der Bauern aus Xicun an das Leben in der Periode der Bodenreform),B,title,I
", in: ",O,O,I
"Yang, Nianqun",B,editor,I
: ,O,O,I
"Kongjian, jiyi",B,editor,I
", ",O,O,I
shehui dianxing,B,editor,I
 (,O,O,I
"Freiräume, Erinnerung und Gesellschaftsmodelle",B,source,I
"), ",O,O,I
Shanghai,B,other,I
"
",O,O,I
Froschauer,B,author,B
", ",I,author,I
Ulrike,I,author,I
 und ,O,O,I
Manfred,B,author,I
 ,I,author,I
Lueger,I,author,I
 (,O,O,I
2003,B,year,I
): ,O,O,I
Das qualitative Interview,B,title,I
", ",O,O,I
Wien,B,other,I
"
",O,O,I
Friedman,B,author,B
", ",I,author,I
Edward,I,author,I
 (,O,O,I
2006,B,year,I
): ,O,O,I
Learning about a Chinese Village in a Leninist-Party Authoritarian State,B,title,I
", ",O,O,I
Journal for Contemporary China,B,source,I
", ",O,O,I
15,B,volume,I
", ",O,O,I
47,B,issue,I
", ",O,O,I
369,B,fpage,I
-,O,O,I
387,B,lpage,I
"
",O,O,I
Gao,B,author,B
 ,I,author,I
Wangling,I,author,I
 (,O,O,I
2006,B,year,I
): ,O,O,I
Renmin gongshe shidai Zhongguo nongming fan xingwei diaocha (Untersuchungen zu alltäglichen Widerstandsformen der chinesischen Bauern in der Epoche der Volkskommune,B,title,I
"), ",O,O,I
Beijing,B,other,I
"
",O,O,I
Halbwachs,B,author,B
", ",I,author,I
Maurice,I,author,I
 (,O,O,I
1967,B,year,I
): ,O,O,I
Das kollektive Gedächtnis,B,title,I
", ",O,O,I
Stuttgart,B,other,I
"
",O,O,I
Halbwachs,B,author,B
", ",I,author,I
Maurice,I,author,I
 (,O,O,I
1985,B,year,I
): ,O,O,I
Das Gedächtnis und seine sozialen Bedingungen,B,title,I
", ",O,O,I
Frankfurt (M),B,other,I
"
",O,O,I
Hershatter,B,author,B
", ",I,author,I
Gail,I,author,I
 (,O,O,I
2002,B,year,I
): ,O,O,I
The Gender of Memory: Rural Chinese Women and the 1950s,B,title,I
", ",O,O,I
Journal of Women in Culture and Society,B,source,I
", ",O,O,I
28,B,volume,I
", ",O,O,I
43,B,fpage,I
-,O,O,I
70,B,lpage,I
"
",O,O,I
Ma,B,author,B
", ",I,author,I
Shuo,I,author,I
 (,O,O,I
2002,B,year,I
): ,O,O,I
Henan ren re shei le? (Wen haben die Henaner belästigt?),B,title,I
", ",O,O,I
Haikou,B,other,I
"
",O,O,I
Manning,B,author,B
", ",I,author,I
Kimberley Ens,I,author,I
 (,O,O,I
2005,B,year,I
),O,O,I
": Marxist Maternalism, Memory, and the Mobilization of Women in the Great Leap Forward",B,title,I
", ",O,O,I
The China Review,B,source,I
", ",O,O,I
5,B,volume,I
", ",O,O,I
1,B,issue,I
", ",O,O,I
81,B,fpage,I
–,O,O,I
108,B,lpage,I
"
",O,O,I
Mucchielli,B,author,B
", ",I,author,I
Roger,I,author,I
 (,O,O,I
1973,B,year,I
): ,O,O,I
Das Gruppeninterview – I. Theoretische Einführung,B,title,I
", ",O,O,I
Salzburg,B,other,I
"
",O,O,I
Potter,B,author,B
", ",I,author,I
Jack,I,author,I
 and ,O,O,I
Sulamith H.,B,author,I
 ,I,author,I
Potter,I,author,I
 (,O,O,I
1990,B,year,I
): ,O,O,I
China’s Peasants: The Anthropology of a Revolution,B,title,I
", ",O,O,I
Cambridge,B,other,I
"
",O,O,I
Thaxton,B,author,B
", ",I,author,I
Ralph,I,author,I
 (,O,O,I
2005,B,year,I
): ,O,O,I
"China’s Hidden Crisis: Memory, Voice and Contention in the Aftermath of the Catastrophe of Maoist Rule",B,title,I
", ",O,O,I
unpublished book,B,source,I
"
",O,O,I
Verlag für fremdsprachige Literatur,B,source,B
 (Hg.) (,O,O,I
1981,B,year,I
): ,O,O,I
Resolution über einige Fragen in unserer Parteigeschichte seit Gründung der Volksrepublik,B,title,I
", ",O,O,I
Beijing,B,other,I
"
",O,O,I
Weigelin-Schwiedrzik,B,author,B
", ",I,author,I
Susanne,I,author,I
 (,O,O,I
1993,B,year,I
): ,O,O,I
Party Historiography,B,title,I
", in: ",O,O,I
"Unger, Jonathan",B,editor,I
 (Ed.): ,O,O,I
Using the Past to Serve the Present – Historiography and Politics in Contemporary China,B,title,I
", ",O,O,I
London,B,other,I
"
",O,O,I
Weigelin-Schwiedrzik,B,author,B
", ",I,author,I
Susanne,I,author,I
 (,O,O,I
2005,B,year,I
): ,O,O,I
Coping with the Trauma: Official and Unofficial Histories of the Cultural Revolution,B,title,I
", ",O,O,I
unpublished paper,B,source,I
"
",O,O,I
Welzer,B,author,B
", ",I,author,I
Harald,I,author,I
 (,O,O,I
2000,B,year,I
): ,O,O,I
Das Interview als Artefakt – Zur Kritik der Zeitzeugenforschung,B,title,I
", ",O,O,I
BIOS,B,source,I
", ",O,O,I
Jg.,B,other,I
 ,O,O,I
13,B,volume,I
", ",O,O,I
51,B,fpage,I
-,O,O,I
63,B,lpage,I
"
",O,O,I
Wemheuer,B,author,B
", ",I,author,I
Felix,I,author,I
 (,O,O,I
2004,B,year,I
): ,O,O,I
Chinas „Großer Sprung nach vorne“ (1958-1961). Von der kommunistischen Offensive in die Hungersnot – Intellektuelle erinnern sich,B,title,I
", ",O,O,I
Münster,B,other,I
"
",O,O,I
Wemheuer,B,author,B
", ",I,author,I
Felix,I,author,I
 (,O,O,I
2007,B,year,I
): ,O,O,I
Steinnudeln: Ländliche Erinnerungen und staatliche Vergangenheitsbewältigung der „Großen Sprung“- Hungersnot in der chinesischen Provinz Henan,B,title,I
", ",O,O,I
Bern u.a,B,other,I
".
",O,O,I
"Wischermann, Clemens",B,editor,B
 (Hrsg.) (,O,O,I
1996,B,year,I
),O,O,I
: Die Legitimität der Erinnerungen und die Geschichtswissenschaften – Studien zur Geschichte des Alltags,B,title,I
", ",O,O,I
Stuttgart,B,other,I
"
",O,O,I
"Wischermann, Clemens",B,editor,B
 (Hrsg.) (,O,O,I
2002,B,year,I
): ,O,O,I
Vom kollektiven Gedächtnis zur Individualisierung der Erinnerungen – Studien zu Geschichte des Alltags,B,title,I
", ",O,O,I
Stuttgart,B,other,I
"
",O,O,I
Wang,B,author,B
", ",I,author,I
Junyi,I,author,I
 (,O,O,I
2004,B,year,I
): ,O,O,I
Koushu lishi (Oral History),B,title,I
", ",O,O,I
Beijing,B,other,I
"
",O,O,I
Xu,B,author,B
 ,I,author,I
Guoli,I,author,I
 und ,O,O,I
Wang,B,author,I
 ,I,author,I
Zhilong,I,author,I
 (,O,O,I
2005,B,year,I
): ,O,O,I
"Dangdai zhongguo de koushushi xue lilun yanjiu (Forschungen zur Theorie von Oral History im gegenwärtigen China), Lixue lilun yanjiu",B,title,I
", Nr.",O,O,I
1,B,issue,I
", ",O,O,I
118,B,fpage,I
-,O,O,I
125,B,lpage,I
"
",O,O,I
Yang,B,author,B
", ",I,author,I
Xiangyin,I,author,I
 (,O,O,I
2004,B,year,I
): ,O,O,I
Yu lizhi duihua: koushu shixue de lilun yu shijian (Dialog mit der Geschichte: Theorie und Praxis von Oral History),B,title,I
", ",O,O,I
Beijing,B,other,I
"
",O,O,I
Zhou,B,author,B
 ,I,author,I
Xinguo,I,author,I
 (,O,O,I
2005,B,year,I
): ,O,O,I
Zhongguo koushushi xue zhi huigu yu fawang (Ausblick und Überlegungen zur chinesischen Oral History),B,title,I
", ",O,O,I
Yangzhou Daxue xuebao (renwen shehuixue bao),B,publisher,I
", Vol. ",O,O,I
9,B,volume,I
", Nr.",O,O,I
2,B,issue,I
", ",O,O,I
24,B,fpage,I
-,O,O,I
25,B,lpage,I
"
",O,O,I
Zhu,B,author,B
 ,I,author,I
Jiamu,I,author,I
 (,O,O,I
2005,B,year,I
): ,O,O,I
"Nuli jianshe Zhongguo tese de makesizhuyi koushushi xue (Fleißig die marxistische Oral History mit chinesischer Besonderheit aufbauen), Zhongguo difangzhi",B,title,I
", Nr. ",O,O,I
2,B,volume,I
", ",O,O,I
3,B,issue,I
-,O,O,I
5,B,lpage,I
"
",O,O,I
