token,tag,label,ref
Aldrich,B,author,B
 ,I,author,I
R. J.,I,author,I
 (,O,O,I
1997,B,year,I
) ,O,O,I
"‘OSS CIA and European Unity: The American Committee on United Europe, 1948-1960’",B,title,I
", ",O,O,I
Diplomacy and Statecraft,B,source,I
", ",O,O,I
8,B,volume,I
 (,O,O,I
1,B,issue,I
):,O,O,I
184,B,fpage,I
 - ,O,O,I
227,B,lpage,I
".
",O,O,I
Bottici,B,author,B
 ,I,author,I
C.,I,author,I
 ,O,O,I
(2009),B,year,I
 ,O,O,I
"‘Myths of Europe’, Contexts",B,title,I
. ,O,O,I
"The Journal of Educational Media, Memory, and Society,",B,source,I
 Vol. ,O,O,I
"2,",B,volume,I
 Num. ,O,O,I
"1,",B,issue,I
 ,O,O,I
forthcoming,B,other,I
"
",O,O,I
Castoriadis,B,author,B
 ,I,author,I
C.,I,author,I
 ,O,O,I
"(1976),",B,year,I
 ,O,O,I
"‘The Hungarian Source’,",B,title,I
 ,O,O,I
"Telos, Fall",B,other,I
 ,O,O,I
1976 ,B,year,I
(vol. ,O,O,I
29):,B,volume,I
 ,O,O,I
4,B,fpage,I
 - ,O,O,I
22,B,lpage,I
".
",O,O,I
--- (,O,O,I
1986,B,year,B
"), ",O,O,I
Domaines de l’homme. Le carrefour du labyrinthe,B,title,I
", ",O,O,I
Paris,B,other,I
: ,O,O,I
Seuil,B,publisher,I
".
",O,O,I
---- (,O,O,I
1997,B,year,B
) ,O,O,I
"World in Fragments. Writings on Politics, Society, Psychoanalysis, and the Imagination",B,title,I
. ed. & transl. by ,O,O,I
D. A. Curtis,B,editor,I
", ",O,O,I
Stanford,B,other,I
: ,O,O,I
Stanford University Press,B,publisher,I
".
",O,O,I
---- (,O,O,I
1999,B,year,B
"), ",O,O,I
L’institution imaginaire de la société,B,title,I
. ,O,O,I
Paris:,B,other,I
 ,O,O,I
Seuil,B,publisher,I
".
",O,O,I
Challand,B,author,B
 ,I,author,I
B,I,author,I
 (,O,O,I
2008,B,year,I
) ,O,O,I
‘From Sickle to Crescent. The Question of Religion for European Identity and a Political Europe’,B,title,I
 in ,O,O,I
L. Leustean,B,editor,I
 and ,O,O,I
J. Madeley,B,editor,I
" (eds.), ",O,O,I
"Religion, Politics and Policy in the European Union, Special issue of Religion, State and Society",B,source,I
", ",O,O,I
36,B,volume,I
 (,O,O,I
4,B,issue,I
"), ",O,O,I
forthcoming,B,other,I
".
",O,O,I
Challand,B,author,B
 ,I,author,I
B,I,author,I
 (,O,O,I
2009,B,year,I
) ,O,O,I
"‘The sequences of Europe: Creating the European Self in History Textbooks (1950-2005)’, Contexts. ",B,title,I
"The Journal of Educational Media, Memory, and Society,",B,source,I
 Vol. ,O,O,I
"2,",B,volume,I
 Num. ,O,O,I
"1,",B,issue,I
 ,O,O,I
forthcoming,B,other,I
"
",O,O,I
Delcour,B,author,B
 ,I,author,I
L.,I,author,I
 (,O,O,I
2008,B,year,I
) ,O,O,I
"1989, Bringing In a Global Europe?",B,title,I
 ,O,O,I
"Working Paper, 1989 Network Series",B,other,I
 ,O,O,I
(forthcoming),B,other,I
"
",O,O,I
DiMaggio P. J.,B,editor,B
 and ,O,O,I
Powell W.,B,editor,I
 (eds) (,O,O,I
1991,B,year,I
) ,O,O,I
"The New Institutionalism in Organizational Analysis,",B,title,I
 ,O,O,I
Chicago,B,other,I
: ,O,O,I
University of Chicago Press,B,publisher,I
".
",O,O,I
Dinan,B,author,B
 ,I,author,I
D.,I,author,I
 (,O,O,I
2006,B,year,I
) ‘,O,O,I
The Historiography of European Integration,B,title,I
"’, in: ",O,O,I
"idem, ed.",B,other,I
", ",O,O,I
Origins and Evolution of the European Union,B,source,I
", ",O,O,I
Oxford,B,other,I
", ",O,O,I
295,B,fpage,I
 - ,O,O,I
324,B,lpage,I
".
",O,O,I
Domnitz,B,author,B
 ,I,author,I
C.,I,author,I
 (,O,O,I
2008,B,year,I
) ‘,O,O,I
Europäische Vorstellungswelten in Ostblock. Eine Topologie con Europanarrationen im Staatssozialismus,B,title,I
"’, in: ",O,O,I
J. M. Faraldo,B,editor,I
", ",O,O,I
P. Gulińska-Jurgiel,B,editor,I
", ",O,O,I
C. Domnitz,B,editor,I
 (Eds.) ,O,O,I
Europa im Ostblock. Vorstellungen und Diskurse 1941-1991,B,source,I
", ",O,O,I
Köln,B,other,I
", ",O,O,I
Böhlau,B,publisher,I
", ",O,O,I
61,B,fpage,I
 - ,O,O,I
81,B,lpage,I
".
",O,O,I
Ganser,B,author,B
 ,I,author,I
D.,I,author,I
 (,O,O,I
2005,B,year,I
) ,O,O,I
NATO’s Secret Armies. Operation Gladio and terrorism in Western Europe,B,title,I
", ",O,O,I
Abingdon,B,other,I
 : ,O,O,I
Frank Cass,B,publisher,I
".
",O,O,I
Hann C.s,B,editor,B
 & ,O,O,I
Dunn E.,B,editor,I
" (eds.), ",O,O,I
1996,B,year,I
. ,O,O,I
Civil Society: Challenging Western Models,B,title,I
", ",O,O,I
"Routledge, London & New York",B,other,I
".
",O,O,I
"James,",B,author,B
 ,I,author,I
H.,I,author,I
 (,O,O,I
2003,B,year,I
) ,O,O,I
"Europe reborn : a history, 1914-2000",B,title,I
", ",O,O,I
Harlow,B,other,I
 & ,O,O,I
New York,B,other,I
 : ,O,O,I
Longman,B,publisher,I
".
",O,O,I
Judt,B,author,B
 ,I,author,I
T.,I,author,I
 (,O,O,I
2002,B,year,I
) ‘,O,O,I
The past is another country,B,title,I
’ in ,O,O,I
J.-W. Müller,B,editor,I
", ed. ",O,O,I
Memory and Power in Post-War Europe. Studies in the Presence of the Past,B,source,I
", ",O,O,I
Cambridge University Press,B,publisher,I
", ",O,O,I
Cambridge,B,other,I
".
",O,O,I
Judt,B,author,B
 ,I,author,I
T.,I,author,I
 (,O,O,I
2005,B,year,I
) ,O,O,I
Postwar : a history of Europe since 1945,B,title,I
", ",O,O,I
London,B,other,I
 : ,O,O,I
William Heinemann,B,publisher,I
".
",O,O,I
"Kaiser,",B,author,B
 ,I,author,I
W.,I,author,I
 (,O,O,I
2006,B,year,I
) ,O,O,I
‘From state to society? The historiography of European Integration’,B,title,I
 in,O,O,I
 M. Cini,B,editor,I
", ",O,O,I
A. K. Bourne,B,editor,I
 (eds) ,O,O,I
"Palgrave Advances in European Union Studies, ",B,source,I
Houndmills,B,other,I
", ",O,O,I
190,B,fpage,I
 - ,O,O,I
208,B,lpage,I
".
",O,O,I
Kaldor,B,author,B
 ,I,author,I
M,I,author,I
 (,O,O,I
1990,B,year,I
) ,O,O,I
The imaginary war : understanding the East-West conflict,B,title,I
", ",O,O,I
"Oxford & Cambridge, Mass.",B,other,I
: ,O,O,I
Blackwell,B,publisher,I
".
",O,O,I
Kattago,B,author,B
 ,I,author,I
S.,I,author,I
 (,O,O,I
2008,B,year,I
a) ,O,O,I
‘Goodbye to Grand Narratives? The Conflict over the Soviet War Memorial in Tallin’ Constellations: An International Journal of Critical and Democratic Theory,B,title,I
", ",O,O,I
forthcoming,B,other,I
"
",O,O,I
Kattago,B,author,B
 ,I,author,I
S.,I,author,I
 (,O,O,I
2008,B,year,I
b) ,O,O,I
"Agreeing to Disagree: Memory, Pluralism and Europe after 1989",B,title,I
", unpublished paper presented at the",O,O,I
 10th Anniversary Conference of the European Journal of Social Theory,B,source,I
", ",O,O,I
"University of Sussex, Brighton, 20 June 2008",B,other,I
".
",O,O,I
"Laqueur,",B,author,B
 ,I,author,I
W.,I,author,I
 (,O,O,I
2007,B,year,I
) ,O,O,I
The last days of Europe: Epitaph for an old continent,B,title,I
", ",O,O,I
New York,B,other,I
 : ,O,O,I
Thomas Dunne Books/St. Martin's Press,B,publisher,I
".
",O,O,I
Larat,B,author,B
 ,I,author,I
F.,I,author,I
 (,O,O,I
2005,B,year,I
) ,O,O,I
‘Present-ing the Past: Political Narratives on European History and the Justification of EU Integration’,B,title,I
 ,O,O,I
German Law Journal,B,source,I
 Vol.,O,O,I
6,B,volume,I
", N°",O,O,I
2 - 1,B,issue,I
".
",O,O,I
Lipset,B,author,B
 ,I,author,I
S. M.,I,author,I
 (,O,O,I
1959,B,year,I
) ‘,O,O,I
Some Social Requisites of Democracy: Economic Development and Political Legitimacy,B,title,I
"’, ",O,O,I
"American Political Science Review,",B,source,I
 ,O,O,I
53,B,volume,I
 (,O,O,I
1,B,issue,I
"), May, ",O,O,I
69,B,fpage,I
 - ,O,O,I
105,B,lpage,I
"
",O,O,I
Lipset,B,author,B
 ,I,author,I
S. M.,I,author,I
 (,O,O,I
1960,B,year,I
) ,O,O,I
Political man : the social bases of politics,B,title,I
", ",O,O,I
"Garden City, New York:",B,other,I
 ,O,O,I
Anchor Books,B,publisher,I
", ",O,O,I
1960,B,year,I
"
",O,O,I
Lundestad,B,author,B
 ,I,author,I
G.,I,author,I
 (,O,O,I
2003,B,year,I
) ,O,O,I
"The United States and Western Europe since 1945 : from ""empire"" by invitation to transatlantic drift",B,title,I
", ",O,O,I
Oxford,B,other,I
 : ,O,O,I
Oxford University Press,B,publisher,I
",
",O,O,I
Malmborg M. af,B,editor,B
", and ",O,O,I
Stråth B.,B,editor,I
 (,O,O,I
2002,B,year,I
) ,O,O,I
The Meaning of Europe. Variety and Contention within and among Nations,B,title,I
", ",O,O,I
Berg,B,publisher,I
: ,O,O,I
Oxford and New York,B,other,I
"
",O,O,I
Mendelson,B,author,B
 ,I,author,I
S.,I,author,I
 (,O,O,I
2002,B,year,I
) ‘,O,O,I
Conclusion: The Power and Limits of Transnational Democracy Networks in Postcommunist Societies,B,title,I
"’, in ",O,O,I
Mendelson S.,B,editor,I
 & ,O,O,I
Glenn J.,B,editor,I
" (eds.), ",O,O,I
The Power and Limits of NGOs. A Critical Look at Building Democracy,B,source,I
. ,O,O,I
Columbia University Press,B,publisher,I
", ",O,O,I
"New York,",B,other,I
 ,O,O,I
232,B,fpage,I
 - ,O,O,I
251,B,lpage,I
"
",O,O,I
Messenger,B,author,B
 ,I,author,I
D. A.,I,author,I
 (,O,O,I
2006,B,year,I
) ‘,O,O,I
Dividing Europe: The Cold War and European Integration,B,title,I
"’, in: ",O,O,I
D. Dinan,B,editor,I
", ed, ",O,O,I
"Origins and Evolution of the European Union, Oxford UP,",B,source,I
 ,O,O,I
29,B,fpage,I
 - ,O,O,I
54,B,lpage,I
"
",O,O,I
Melegh,B,author,B
 ,I,author,I
A.,I,author,I
 (,O,O,I
2006,B,year,I
) ,O,O,I
"On the East-West Slope. Globalization, nationalism, racism and discourses on Central and Eastern Europe",B,title,I
", ",O,O,I
Budapest,B,other,I
 & ,O,O,I
New York:,B,other,I
 ,O,O,I
Central European University Press,B,publisher,I
".
",O,O,I
Rostow,B,author,B
 ,I,author,I
W. W.,I,author,I
 (,O,O,I
1960,B,year,I
) ,O,O,I
The Stages of Economic Growth: A non-communist manifesto,B,title,I
", ",O,O,I
Cambridge University Press,B,publisher,I
".
",O,O,I
Rousso,B,author,B
 ,I,author,I
H.,I,author,I
 (,O,O,I
2004,B,year,I
) ‘,O,O,I
Das Dilemma eines europäischen Gedächtnisses,B,title,I
"’, ",O,O,I
Zeithistorische Forschungen/Studies in Contemporary History,B,source,I
 ,O,O,I
1,B,volume,I
", ",O,O,I
363,B,fpage,I
 - ,O,O,I
378,B,lpage,I
".
",O,O,I
Schmitter,B,author,B
 ,I,author,I
P. C.,I,author,I
 (,O,O,I
2000,B,year,I
) ‚,O,O,I
The Scope of Citizenship in a Democratized European Union: From Economic to Political to Social and Cultural?,B,title,I
"’, in ",O,O,I
K. Eder,B,editor,I
", ",O,O,I
B. Giesen,B,editor,I
 (eds) ,O,O,I
"European Citizenship between National Legacies and Postnational Projects,",B,source,I
 ,O,O,I
Oxford:,B,other,I
 ,O,O,I
Oxford University Press,B,publisher,I
".
",O,O,I
Shore,B,author,B
 ,I,author,I
C.,I,author,I
 (,O,O,I
2000,B,year,I
) ,O,O,I
Building Europe. The Cultural Politics of European Integration,B,title,I
", ",O,O,I
London,B,other,I
 & ,O,O,I
New York:,B,other,I
 ,O,O,I
Routledge,B,publisher,I
".
",O,O,I
Stråth B.,B,editor,B
 (ed.) (,O,O,I
2000,B,year,I
) ,O,O,I
Europe and the Other and Europe as the Other,B,title,I
 (,O,O,I
Brussels,B,other,I
", ",O,O,I
P.I.E. Peter Lang,B,publisher,I
").
",O,O,I
Stråth,B,author,B
 ,I,author,I
B.,I,author,I
 (,O,O,I
2005,B,year,I
) ‘,O,O,I
"Methodological and Substantive Remarks on Myth, Memory and History in the Construction of a European Community",B,title,I
"’,",O,O,I
 German Law Journal,B,source,I
 Vol.,O,O,I
6,B,volume,I
", N°",O,O,I
2 – 1,B,issue,I
".
",O,O,I
Stråth ,B,author,B
B.,I,author,I
 (,O,O,I
2007,B,year,I
) ‘,O,O,I
"The Political, The Social and the Economic in a European Political Order",B,title,I
’ in ,O,O,I
H.- A. Persson,B,editor,I
 and ,O,O,I
B. Stråth,B,editor,I
 (eds.) ,O,O,I
Reflections on Europe. Defining a Political Order in Time and Space,B,source,I
 (,O,O,I
Brussels,B,other,I
", ",O,O,I
P.I.E. Peter Lang,B,publisher,I
"), pp. ",O,O,I
137 ,B,fpage,I
- ,O,O,I
158,B,lpage,I
"
",O,O,I
Todorova,B,author,B
 ,I,author,I
M.,I,author,I
 (,O,O,I
2005,B,year,I
) ‘,O,O,I
"The Trap of Backwardness> Modernity, Temporality, and the Study of Eastern European Nationalism",B,title,I
"’, ",O,O,I
Slavic Review,B,source,I
 ,O,O,I
64,B,volume,I
 (,O,O,I
1,B,issue,I
"), ",O,O,I
140,B,fpage,I
 - ,O,O,I
164,B,lpage,I
"
",O,O,I
Törnquist-Plewa,B,author,B
 ,I,author,I
B.,I,author,I
 (,O,O,I
2002,B,year,I
) ‘,O,O,I
The Complex of an Unwanted child: The Meanings of Europe in Polish Discourse,B,title,I
’ in ,O,O,I
Malmborg M. af,B,editor,I
", and ",O,O,I
Stråth B.,B,editor,I
 (eds.) ,O,O,I
"The Meaning of Europe. Variety and Contention within and among Nations,",B,source,I
 ,O,O,I
Berg,B,publisher,I
: ,O,O,I
Oxford and New York,B,other,I
"
",O,O,I
Troesbt,B,author,B
 ,I,author,I
S.,I,author,I
 (,O,O,I
2005,B,year,I
) ‚,O,O,I
Holodomor oder Holocaust?,B,title,I
’ ,O,O,I
Frankfurter Allgemeine Zeitung,B,source,I
", ",O,O,I
4. Juli 2005,B,volume,I
", ",O,O,I
Gegenwart,B,other,I
", p. ",O,O,I
8,B,fpage,I
"
",O,O,I
---- ,O,O,I
2006,B,year,B
) ‚,O,O,I
Am Anfang des GULag-Gedächtnisses,B,title,I
"’, ",O,O,I
Deutschland Archiv. Zeitschrift für das vereinigte Deutschland,B,source,I
", ",O,O,I
1,B,volume,I
", ",O,O,I
19,B,fpage,I
 - ,O,O,I
26,B,lpage,I
"
",O,O,I
---- ‚,O,O,I
Netzwerk Erinnerung und Solidarität,B,title,B
"’, ",O,O,I
Deutschland Archiv. Zeitschrift für das vereinigte Deutschland,B,source,I
", ",O,O,I
5,B,volume,I
", ",O,O,I
791,B,fpage,I
 - ,O,O,I
798,B,lpage,I
"
",O,O,I
Wagner,B,author,B
 ,I,author,I
P.,I,author,I
 (,O,O,I
2005,B,year,I
) ,O,O,I
‘Hat Europa eine kulturelle Identität?’,B,title,I
 in ,O,O,I
H. Joas,B,editor,I
 and ,O,O,I
K. Wiegandt,B,editor,I
 (eds.) ,O,O,I
Die kulturelle Werte Europas,B,source,I
 (,O,O,I
Frankfurt a.M.,B,other,I
", ",O,O,I
Fischer Verlag,B,publisher,I
"), pp. ",O,O,I
494,B,fpage,I
 - ,O,O,I
511,B,lpage,I
".
",O,O,I
Winand,B,author,B
 ,I,author,I
P.,I,author,I
 (,O,O,I
1993,B,year,I
) ,O,O,I
"Eisenhower, Kennedy, and the United States of Europe",B,title,I
 (,O,O,I
New York,B,other,I
", ",O,O,I
St Martin’s Press,B,publisher,I
").
",O,O,I
Winter J,B,editor,B
 & ,O,O,I
Sivan E.,B,editor,I
 eds. (,O,O,I
1999,B,year,I
) ,O,O,I
War and Remembrance in the twentieth century,B,title,I
", ",O,O,I
Cambridge,B,other,I
 ,O,O,I
University Press,B,publisher,I
"
",O,O,I
