token,tag,label,ref
Brach,B,author,B
", ",I,author,I
Juliane,I,author,I
 (,O,O,I
2008,B,year,I
): ,O,O,I
"Economic Development in the Arab Countries of the Middle East and North Africa. Determinants, Constraints and Implications for EU-Arab Relations",B,title,I
", ",O,O,I
Dissertation,B,source,I
", ",O,O,I
Universität Hamburg,B,other,I
".
",O,O,I
Görg,B,author,B
", ",I,author,I
H.,I,author,I
/,O,O,I
Greenaway,B,author,I
", ",I,author,I
D.,I,author,I
 (,O,O,I
2004,B,year,I
): ,O,O,I
Much Ado About Nothing? Do Domestic Firms Really Benefit from Foreign Direct Investment?,B,title,I
", in: ",O,O,I
World Bank Research Observer,B,source,I
", ",O,O,I
Jg.,B,other,I
 ,O,O,I
19,B,volume,I
", Nr. ",O,O,I
2,B,issue,I
", S. ",O,O,I
171,B,fpage,I
-,O,O,I
197,B,lpage,I
".
",O,O,I
Helpman,B,author,B
", ",I,author,I
E.,I,author,I
/,O,O,I
Melitz,B,author,I
", ",I,author,I
M.,I,author,I
 / ,O,O,I
Yeaple,B,author,I
", ",I,author,I
S.,I,author,I
 (,O,O,I
2003,B,year,I
): ,O,O,I
Export vs. FDI with Heterogenous Firms,B,title,I
", in: ",O,O,I
American Economic Review,B,source,I
", ",O,O,I
Jg.,B,other,I
 ,O,O,I
94,B,volume,I
", Nr. ",O,O,I
1,B,issue,I
", S. ",O,O,I
300,B,fpage,I
-,O,O,I
316,B,lpage,I
".
",O,O,I
Herzer,B,author,B
", ",I,author,I
D.,I,author,I
/,O,O,I
Klasen,B,author,I
", ",I,author,I
S.,I,author,I
/,O,O,I
Nowak-Lehmann,B,author,I
", ",I,author,I
F.,I,author,I
 (,O,O,I
2008,B,year,I
),O,O,I
: In Search of FDI-led Growth in Developing Countries: The Way Forward,B,title,I
", in: ",O,O,I
Economic Modelling,B,source,I
", ",O,O,I
Jg.,B,other,I
 ,O,O,I
25,B,volume,I
", S. ",O,O,I
793,B,fpage,I
-,O,O,I
810,B,lpage,I
".
",O,O,I
World Bank,B,editor,B
 (,O,O,I
2008,B,year,I
): ,O,O,I
"Economic Development and Prospects, Middle East and North Africa Region",B,title,I
", ",O,O,I
Washington D.C,B,other,I
".
",O,O,I
World Bank,B,editor,B
 (,O,O,I
2008,B,year,I
): ,O,O,I
World Development Indicators,B,title,I
", ",O,O,I
Washington D.C,B,other,I
".
",O,O,I
World Bank,B,editor,B
 (,O,O,I
2005,B,year,I
): ,O,O,I
Economic Growth in the 1990s: Learning from a Decade of Reform,B,title,I
", ",O,O,I
Washington D.C,B,other,I
".
",O,O,I
Yeaple,B,author,B
", ",I,author,I
S.,I,author,I
 (,O,O,I
2003,B,year,I
): ,O,O,I
The complex integration strategies of multinationals and cross country depend encies in the structure of foreign direct investment,B,title,I
", in: ",O,O,I
Journal of International Development,B,source,I
", ",O,O,I
Jg.,B,other,I
 ,O,O,I
60,B,volume,I
", S. ",O,O,I
293,B,fpage,I
-,O,O,I
314,B,lpage,I
".
",O,O,I
