token,tag,label,ref
Arcand,B,author,B
", ",I,author,I
Sébastien,I,author,I
 (,O,O,I
2003,B,year,I
"),",O,O,I
" Les minorités ethniques et l’État québécois: participation et représentations sociales des associations de groupes ethniques minoritaires lors de commissions parlementaires, 1974-2000",B,title,I
", ",O,O,I
"thèse de doctorat en sociologie, Département de sociologie Université de Montréal",B,other,I
".
",O,O,I
Barbier,B,author,B
", ",I,author,I
Claude,I,author,I
 (,O,O,I
1981,B,year,I
"), ",O,O,I
Les groupes ethniques et les langues,B,title,I
", in: ",O,O,I
L’Encyclopédie de la République unie du Cameroun,B,source,I
", ",O,O,I
"Douala, NEA",B,other,I
", ",O,O,I
239,B,fpage,I
 - ,O,O,I
260,B,lpage,I
".
",O,O,I
Bayart,B,author,B
", ",I,author,I
Jean-François,I,author,I
", ",O,O,I
Peter,B,author,I
 ,I,author,I
Geschiere,I,author,I
 and ,O,O,I
Francis. B.,B,author,I
 ,I,author,I
Nyamnjoh,I,author,I
 (,O,O,I
2001,B,year,I
"), ",O,O,I
"Autochtonie, démocratie et citoyenneté en Afrique",B,title,I
", in: ",O,O,I
Critique internationale,B,source,I
", ",O,O,I
10,B,volume,I
", ",O,O,I
January,B,other,I
", ",O,O,I
177,B,fpage,I
 - ,O,O,I
194,B,lpage,I
".
",O,O,I
Birnbaum,B,author,B
", ",I,author,I
Pierre,I,author,I
", and ",O,O,I
François,B,author,I
 ,I,author,I
Chazel,I,author,I
 (,O,O,I
1971,B,year,I
"), ",O,O,I
Sociologie politique,B,title,I
", volume ",O,O,I
2,B,volume,I
", ",O,O,I
Paris,B,other,I
: ,O,O,I
Armand Colin,B,publisher,I
".
",O,O,I
Boutrais,B,author,B
", ",I,author,I
Jean,I,author,I
 (,O,O,I
1984,B,year,I
"), ",O,O,I
Entre nomadisme et sédentarité: Les Mbororo à l'ouest du Cameroun,B,title,I
", in: ",O,O,I
Chantal Blanc-Pamard,B,editor,I
 ,O,O,I
et al.,B,other,I
" (eds.), ",O,O,I
"Le développement rural en questions, Collections Mémoires",B,source,I
", ",O,O,I
106,B,volume,I
", ",O,O,I
Paris,B,other,I
: ,O,O,I
ORSTOM,B,publisher,I
", ",O,O,I
225,B,fpage,I
 - ,O,O,I
256,B,lpage,I
".
",O,O,I
Burnham,B,author,B
", ",I,author,I
Philip,I,author,I
 (,O,O,I
1996,B,year,I
"), ",O,O,I
The Politics of Cultural Difference in Northern Cameroon,B,title,I
", ",O,O,I
Washington D.C.,B,other,I
: ,O,O,I
Smithsonian Institution Press,B,publisher,I
".
",O,O,I
Ceuppens,B,author,B
", ",I,author,I
Bambi,I,author,I
", and ",O,O,I
Peter,B,author,I
 ,I,author,I
Geschiere,I,author,I
 (,O,O,I
2005,B,year,I
"), ",O,O,I
Autochthony: Local or Global? New Modes in the Struggle over Citizenship and Belonging in Africa and Europe,B,title,I
", in: ",O,O,I
Annual Review of Anthropology,B,source,I
", ",O,O,I
34,B,volume,I
", ",O,O,I
385,B,fpage,I
 - ,O,O,I
407,B,lpage,I
".
",O,O,I
Champaud,B,author,B
", ",I,author,I
Jacques,I,author,I
 (,O,O,I
1983,B,year,I
"), ",O,O,I
Villes et campagnes du Cameroun,B,title,I
", ",O,O,I
Collection Mé- moires,B,source,I
", ",O,O,I
98,B,volume,I
", ",O,O,I
Paris,B,other,I
: ,O,O,I
ORSTOM,B,publisher,I
".
",O,O,I
Davis,B,author,B
", ",I,author,I
Lucy,I,author,I
 (,O,O,I
1995,B,year,I
"), ",O,O,I
Opening Political Space in Cameroon: The Ambiguous Response of the Mbororo,B,title,I
", in: ",O,O,I
Review of African Political Economy,B,source,I
", ",O,O,I
22,B,volume,I
", ",O,O,I
64,B,issue,I
", ",O,O,I
213,B,fpage,I
 - ,O,O,I
228,B,lpage,I
".
",O,O,I
Donfack Sonkeng,B,author,B
", ",I,author,I
Léopold,I,author,I
 (,O,O,I
2001,B,year,I
"), ",O,O,I
Le droit des minorités et des peuples autochtones,B,title,I
", ",O,O,I
"thèse non publiée pour le doctorat en droit, Université de Nantes",B,other,I
".
",O,O,I
Dongmo,B,author,B
", ",I,author,I
Jean-Louis,I,author,I
 (,O,O,I
1971,B,year,I
"), ",O,O,I
L’aménagement de l’espace rural en pays bamiléké (Ouest-Cameroun),B,title,I
", ",O,O,I
thèse non publiée pour le doctorat de 3e cycle en géographie,B,other,I
", vol. ",O,O,I
1,B,volume,I
", ",O,O,I
"UER Géographie et Aménagement spatial, Université de Lille I",B,other,I
".
",O,O,I
Duni,B,author,B
", ",I,author,I
Jeidoh,I,author,I
", ",O,O,I
Robert,B,author,I
 ,I,author,I
Fon,I,author,I
", ",O,O,I
Sam,B,author,I
 ,I,author,I
Hickey,I,author,I
 and ,O,O,I
Nuhu,B,author,I
 ,I,author,I
Salihu,I,author,I
 (,O,O,I
2009,B,year,I
"), ",O,O,I
Exploring a Political Approach to Rights-Based Development in North West Cameroon: From Rights and Marginality to Citizenship and Justice,B,title,I
", ",O,O,I
BWPI Working Papers,B,source,I
", ",O,O,I
104,B,volume,I
", ",O,O,I
"The University of Manchester, Brooks World Poverty Institute",B,other,I
".
",O,O,I
Fark-Grüninger,B,author,B
", ",I,author,I
Michèle,I,author,I
 (,O,O,I
1995,B,year,I
"), ",O,O,I
La transition économique à l’Ouest du Cameroun 1880-1990: jeux et enjeux,B,title,I
", ",O,O,I
Neuchâtel,B,other,I
: ,O,O,I
EDS,B,publisher,I
".
",O,O,I
Frantz,B,author,B
", ",I,author,I
Charles,I,author,I
 (,O,O,I
1993,B,year,I
"), ",O,O,I
"Are the Mbororo’en Boring, and Are the Fulbe Finished?",B,title,I
", in: ",O,O,I
Senri Ethnological Studies,B,source,I
", ",O,O,I
35,B,volume,I
", ",O,O,I
11,B,fpage,I
 - ,O,O,I
34,B,lpage,I
".
",O,O,I
Gaxie,B,author,B
", ",I,author,I
Daniel,I,author,I
 (,O,O,I
1978,B,year,I
"), ",O,O,I
Le cens caché,B,title,I
", ",O,O,I
Paris,B,other,I
: ,O,O,I
Seuil,B,publisher,I
".
",O,O,I
Geschiere,B,author,B
", ",I,author,I
Peter,I,author,I
 (,O,O,I
2009,B,year,I
"), ",O,O,I
"The Perils of Belonging: Autochthony, Citizenship, and Exclusion in Africa and Europe",B,title,I
", ",O,O,I
Chicago and London:,B,other,I
 ,O,O,I
The University of Chicago Press.,B,publisher,I
"
",O,O,I
Geschiere,B,author,B
", ",I,author,I
Peter,I,author,I
 (,O,O,I
2006,B,year,I
"), ",O,O,I
Autochthony and the Crisis of Citizenship,B,title,I
", in: ",O,O,I
"African Studies Review,",B,source,I
 ,O,O,I
49,B,volume,I
", ",O,O,I
2,B,issue,I
", ",O,O,I
1,B,fpage,I
 - ,O,O,I
7,B,lpage,I
".
",O,O,I
Geschiere,B,author,B
", ",I,author,I
Peter,I,author,I
 (,O,O,I
2004,B,year,I
"), ",O,O,I
Autochthony and Citizenship: New Modes in the Struggle over Belonging and Exclusion in Africa,B,title,I
", in: ",O,O,I
Quest,B,source,I
", ",O,O,I
18,B,volume,I
", ",O,O,I
1/2,B,issue,I
", ",O,O,I
9,B,fpage,I
 - ,O,O,I
23.,B,lpage,I
"
",O,O,I
Issa,B,author,B
", ",I,author,I
Adamou,I,author,I
", and",O,O,I
 ,B,author,I
Roger,I,author,I
 ,I,author,I
Labatut,I,author,I
 (,O,O,I
1974,B,year,I
"), ",O,O,I
Sagesses des peuls nomades,B,title,I
", ",O,O,I
Yaoundé,B,other,I
: ,O,O,I
Editions Clé,B,publisher,I
".
",O,O,I
Konings,B,author,B
", ",I,author,I
Piet,I,author,I
 (,O,O,I
2003,B,year,I
"), ",O,O,I
Religious Revival in the Roman Catholic Church and the Autochthony-Allochthony Conflict in Cameroon,B,title,I
", in: ",O,O,I
Africa,B,source,I
", ",O,O,I
73,B,volume,I
", ",O,O,I
1,B,issue,I
", ",O,O,I
31,B,fpage,I
 - ,O,O,I
56,B,lpage,I
".
",O,O,I
Lapeyronnie,B,author,B
", ",I,author,I
Didier,I,author,I
 (,O,O,I
1988,B,year,I
"), ",O,O,I
Mouvements sociaux et action politique: existet-il une théorie de la mobilisation des ressources,B,title,I
"?, in: ",O,O,I
"Revue Française de Sociologie,",B,source,I
 ,O,O,I
29,B,volume,I
", ",O,O,I
4,B,issue,I
", ",O,O,I
593,B,fpage,I
 - ,O,O,I
619,B,lpage,I
".
",O,O,I
Leslie,B,author,B
", ",I,author,I
Peter M.,I,author,I
 (,O,O,I
1969,B,year,I
"), ",O,O,I
The Role of Political Parties in Promoting the Interests of Ethnic Minorities,B,title,I
", in: ",O,O,I
"Canadian Journal of Political Science / Revue canadienne de science politique,",B,source,I
 ,O,O,I
2,B,volume,I
", ",O,O,I
4,B,issue,I
", ",O,O,I
419,B,fpage,I
 - ,O,O,I
433,B,lpage,I
".
",O,O,I
Lespinay,B,author,B
",",I,author,I
 Charles de,I,author,I
 (,O,O,I
1996,B,year,I
"), ",O,O,I
"Autochtonie et droit foncier: l’existence contestée des Baynunk en Afrique de l’Ouest (Sénégal, Gambie, GuinéeBissau)",B,title,I
", in: ",O,O,I
Droit et Cultures,B,source,I
", ",O,O,I
32,B,volume,I
", ",O,O,I
55,B,fpage,I
 - ,O,O,I
65,B,lpage,I
".
",O,O,I
Martin,B,author,B
", ",I,author,I
Jean-Yves,I,author,I
 (,O,O,I
1975,B,year,I
"), ",O,O,I
Inégalités régionales et inégalités sociales: l’enseignement secondaire au Cameroun septentrional,B,title,I
", in: ",O,O,I
Revue Française de Sociologie,B,source,I
", ",O,O,I
16,B,volume,I
", ",O,O,I
3,B,issue,I
", ",O,O,I
317,B,fpage,I
 - ,O,O,I
334,B,lpage,I
".
",O,O,I
Mayer,B,author,B
", ",I,author,I
Nonna,I,author,I
", and ",O,O,I
Pascal,B,author,I
 ,I,author,I
Perrineau,I,author,I
 (,O,O,I
1992,B,year,I
"), ",O,O,I
Les comportements politiques,B,title,I
", ",O,O,I
Paris,B,other,I
: ,O,O,I
Armand Colin,B,publisher,I
".
",O,O,I
Médard,B,author,B
", ",I,author,I
Claire,I,author,I
 (,O,O,I
2006,B,year,I
"), ",O,O,I
Il existe un droit ancestral à la terre des communautés dites “autochtones”,B,title,I
", in: ",O,O,I
Georges Courade,B,editor,I
", ",O,O,I
L’Afrique des idées reçues,B,source,I
", ",O,O,I
Paris,B,other,I
: ,O,O,I
Belin,B,publisher,I
", ",O,O,I
166,B,fpage,I
 - ,O,O,I
172,B,lpage,I
".
",O,O,I
Milbrath,B,author,B
", ",I,author,I
Lester W.,I,author,I
 (,O,O,I
1965,B,year,I
"), ",O,O,I
Political Participation: How and Why Do People Get Involved in Politics,B,title,I
"?, ",O,O,I
Chicago,B,other,I
: ,O,O,I
Rand McNally.,B,publisher,I
"
",O,O,I
Mouiche,B,author,B
", ",I,author,I
Ibrahim,I,author,I
 (,O,O,I
2005,B,year,I
"), ",O,O,I
Autorités traditionnelles et démocratisation au Cameroun: entre logique du terroir et de l’Etat,B,title,I
", ",O,O,I
"Modernity and Belonging,",B,source,I
 ,O,O,I
5,B,volume,I
", ",O,O,I
Münster,B,other,I
: ,O,O,I
LIT,B,publisher,I
".
",O,O,I
Nke Ndih,B,author,B
", ",I,author,I
Jean,I,author,I
 (,O,O,I
2010,B,year,I
"), ",O,O,I
Le pygmée et la camionnette d’émancipation,B,title,I
", ",O,O,I
Paris,B,other,I
: ,O,O,I
Ed. Bénévent,B,publisher,I
".
",O,O,I
Noblet,B,author,B
", ",I,author,I
Pascal,I,author,I
 (,O,O,I
1993,B,year,I
"), ",O,O,I
L’Amérique des minorités: les politiques d’intégration,B,title,I
", ",O,O,I
Paris,B,other,I
: ,O,O,I
L’Harmattan-Ciemi,B,publisher,I
".
",O,O,I
Oberschall,B,author,B
", ",I,author,I
Anthony,I,author,I
 (,O,O,I
1973,B,year,I
"), ",O,O,I
Social Conflict and Social Movements,B,title,I
", ",O,O,I
New-Jersey,B,other,I
: ,O,O,I
Prentice-Hall,B,publisher,I
".
",O,O,I
Pelican,B,author,B
", ",I,author,I
Michaela,I,author,I
 (,O,O,I
2008,B,year,I
"), ",O,O,I
Mbororo Claims to Regional Citizenship and Minority Status in North-West Cameroon,B,title,I
", in: ",O,O,I
Africa,B,source,I
", ",O,O,I
78,B,volume,I
", ",O,O,I
4,B,issue,I
", ",O,O,I
540,B,fpage,I
 - ,O,O,I
560,B,lpage,I
".
",O,O,I
Pourtier,B,author,B
", ",I,author,I
Roland,I,author,I
 (,O,O,I
1998,B,year,I
"), ",O,O,I
"Les refoulés du Zaïre: identité, autochtonie et enjeux politiques",B,title,I
", in: ",O,O,I
Autrepart,B,source,I
", ",O,O,I
5,B,volume,I
", ",O,O,I
137,B,fpage,I
 - ,O,O,I
154,B,lpage,I
".
",O,O,I
Safran,B,author,B
", ",I,author,I
William,I,author,I
 (,O,O,I
1994,B,year,I
"), ",O,O,I
Non-Separatist Policies Regarding Ethnic Minorities: Positive Approaches and Ambiguous Consequences,B,title,I
", in: ",O,O,I
"International Political Science Review / Revue internationale de science politique,",B,source,I
 ,O,O,I
15,B,volume,I
", ",O,O,I
1,B,issue,I
", ",O,O,I
61,B,fpage,I
 - ,O,O,I
80,B,lpage,I
".
",O,O,I
Salé,B,author,B
", ",O,O,I
Abouamé,B,author,I
 (,O,O,I
1991,B,year,I
"), ",O,O,I
Les Mbororo du Noun,B,title,I
", ",O,O,I
Yaoundé,B,other,I
: ,O,O,I
Editions AP,B,publisher,I
".
",O,O,I
Schmidt-Soltau,B,author,B
", ",I,author,I
Kai,I,author,I
 (,O,O,I
2003,B,year,I
"), ",O,O,I
"Plan de développement des peuples “Pygmées” pour le Programme National de Développement Participatif (PNDP), Rapport final",B,title,I
", ",O,O,I
Yaoundé,B,other,I
: ,O,O,I
MINEPAT,B,publisher,I
".
",O,O,I
Shulte-Tenckhof,B,author,B
", ",I,author,I
Isabelle,I,author,I
 (,O,O,I
1997,B,year,I
"), ",O,O,I
La question des peuples autochtones,B,title,I
", ",O,O,I
Bruxelles,B,other,I
: ,O,O,I
Bruylant,B,publisher,I
".
",O,O,I
Stroh,B,author,B
", ",I,author,I
Alexander,I,author,I
 (,O,O,I
2010,B,year,I
"), ",O,O,I
The Power of Proximity: A Concept of Political Party Strategies Applied to Burkina Faso,B,title,I
", in: ",O,O,I
Journal of Contemporary African Studies,B,source,I
", ",O,O,I
28,B,volume,I
", ",O,O,I
1,B,issue,I
", ",O,O,I
1,B,fpage,I
 - ,O,O,I
29,B,lpage,I
".
",O,O,I
Tchoumba,B,author,B
", ",I,author,I
Belmond,I,author,I
", ",O,O,I
Serges Guechou,B,author,I
 ,I,author,I
Bouopda,I,author,I
 and ,O,O,I
Venant,B,author,I
 ,I,author,I
Messe,I,author,I
 (,O,O,I
2006,B,year,I
"), ",O,O,I
Les peuples indigènes et les objectifs du millénaire pour le développement: micro étude sur les OMD et les peuples indigènes et tribaux au Cameroun,B,title,I
", ",O,O,I
Genève,B,other,I
: ,O,O,I
Bureau International du Travail,B,publisher,I
".
",O,O,I
"Zald, Mayer N.",B,editor,B
", and ",O,O,I
John D. McCarthy,B,editor,I
 (eds.) (,O,O,I
1987,B,year,I
"), ",O,O,I
Social Movements in an Organizational Society: Collected Essays,B,title,I
", ",O,O,I
New-Jersey,B,other,I
: ,O,O,I
Transaction Books,B,publisher,I
".
",O,O,I
