token,tag,label,ref
Assmann,B,author,B
", ",I,author,I
Aleida,I,author,I
. ,O,O,I
2006,B,year,I
. ,O,O,I
Der lange Schatten der Vergangenheit. Erinnerungskultur und Geschichtspolitik,B,title,I
. ,O,O,I
München,B,other,I
: ,O,O,I
Beck,B,publisher,I
".
",O,O,I
Bäumer,B,author,B
", ",I,author,I
Gertrud,I,author,I
. ,O,O,I
1917,B,year,I
. ,O,O,I
Mai über Verdun,B,title,I
. In ,O,O,I
Die Frau,B,source,I
 ,O,O,I
34,B,volume,I
 H. ,O,O,I
9,B,issue,I
: ,O,O,I
513,B,fpage,I
-,O,O,I
517,B,lpage,I
".
",O,O,I
Becker,B,author,B
", ",I,author,I
Annette,I,author,I
. ,O,O,I
1994,B,year,I
. ,O,O,I
Der Kult der Erinnerung nach dem Großen Krieg. Kriegerdenkmäler in Frankreich,B,title,I
. In ,O,O,I
Der politische Totenkult. Kriegerdenkmäler in der Moderne,B,source,I
", ed. ",O,O,I
Reinhart Koselleck,B,editor,I
 and ,O,O,I
Michael Jeismann,B,editor,I
", ",O,O,I
315,B,fpage,I
-,O,O,I
324,B,lpage,I
. ,O,O,I
München,B,other,I
: ,O,O,I
Wilhelm Frank Verlag,B,publisher,I
".
",O,O,I
Christaller,B,author,B
", ",I,author,I
Helene von,I,author,I
 ,O,O,I
u.a.,B,other,I
 ,O,O,I
1915,B,year,I
. ,O,O,I
Stille Opfer. Den deutschen Frauen und Jungfrauen in großer Zeit,B,title,I
", ",O,O,I
Hagen i. W.,B,other,I
: ,O,O,I
Rippel,B,publisher,I
".
",O,O,I
"Dülffer, Jost",B,editor,B
 and ,O,O,I
Gerd Krumeich,B,editor,I
 (eds.). ,O,O,I
2002,B,year,I
. ,O,O,I
Der verlorene Frieden. Politik und Kriegskultur nach 1918,B,title,I
. ,O,O,I
Essen,B,other,I
: ,O,O,I
Klartext,B,publisher,I
".
",O,O,I
Fehlemann,B,author,B
", ",I,author,I
Silke,I,author,I
. ,O,O,I
2004,B,year,I
. ,O,O,I
Armutsrisiko Mutterschaft: Mütter- und Säuglingsfürsorge im Deutschen Reich 1890-1924,B,title,I
. ,O,O,I
Düsseldorf,B,other,I
: ,O,O,I
Phil. Diss,B,publisher,I
 ,O,O,I
(digitale Version),B,other,I
".
",O,O,I
Elshtain,B,author,B
", ",I,author,I
Jean Bethke,I,author,I
. ,O,O,I
1987,B,year,I
. ,O,O,I
Women and war,B,title,I
. ,O,O,I
New York,B,other,I
: ,O,O,I
Basic Books,B,publisher,I
".
",O,O,I
Evans,B,author,B
", ",I,author,I
Suzanne,I,author,I
. ,O,O,I
2007,B,year,I
. ,O,O,I
Mothers of Heroes. Mothers of Martyrs. World War I and the Politics of Grief,B,title,I
.,O,O,I
 Montreal et al.,B,other,I
: ,O,O,I
McGill,B,publisher,I
".
",O,O,I
Frantzius-Rehbein,B,author,B
", ",I,author,I
Meta Johanna von,I,author,I
. ,O,O,I
1915,B,year,I
. ,O,O,I
"Letzte Liebesworte für unsere gefallenen Krieger. Zum Gebrauch für Todesanzeigen, Grabinschriften oder Begleitworte für Opfergaben",B,title,I
. ,O,O,I
Königsberg i. Pr.,B,other,I
: ,O,O,I
Evangelische Buchhandlung,B,publisher,I
".
",O,O,I
"Frey, Virtue A.",B,editor,B
 (ed.). ,O,O,I
1940,B,year,I
.,O,O,I
Mütter und Männer. Ein Buch vom tapferen Herzen,B,title,I
. ,O,O,I
1,B,issue,I
. Aufl. ,O,O,I
"Stuttgart, Berlin",B,other,I
: ,O,O,I
Truckenmüller,B,publisher,I
".
",O,O,I
Gerhartz,B,author,B
", ",I,author,I
Katja,I,author,I
. ,O,O,I
2003,B,year,I
. ,O,O,I
"Le madri della Patria. Bürgerliche Frauenbewegung, Nationalismus und Krieg in Italien (1900-1922)",B,title,I
. ,O,O,I
Düsseldorf,B,other,I
: ,O,O,I
Phil.Diss.,B,publisher,I
 (,O,O,I
digitale Version,B,other,I
").
",O,O,I
Graham,B,author,B
", ",I,author,I
John W.,I,author,I
 ,O,O,I
2005,B,year,I
. ,O,O,I
The Gold Star Mother Pilgrimages of the 1930s: Overseas Grave Visitations by Mothers and Widows of fallen U.S. World War I Soldiers,B,title,I
. ,O,O,I
"Jefferson, North Carolina",B,other,I
: ,O,O,I
McFarland,B,publisher,I
".
",O,O,I
Grayzel,B,author,B
", ",I,author,I
Susan R.,I,author,I
 ,O,O,I
1999,B,year,I
. ,O,O,I
"Women’s Identities at War. Gender, Motherhood, and Politics in Britain and France during the First World War",B,title,I
. ,O,O,I
Chapel Hill,B,other,I
: ,O,O,I
University of North Carolina Press,B,publisher,I
".
",O,O,I
Harnoß,B,author,B
", ",I,author,I
Martha,I,author,I
. ,O,O,I
1929,B,year,I
. ,O,O,I
Die Organisation der Kriegerwitwen,B,title,I
. ,O,O,I
"In „Reichsbund“. Mitteilungen des Reichsbundes der Kriegsbeschädigten, Kriegsteilnehmer und Kriegshinterbliebenen",B,source,I
 ,O,O,I
12 ,B,volume,I
Nr. ,O,O,I
9,B,issue,I
: ,O,O,I
66,B,fpage,I
-,O,O,I
67,B,lpage,I
".
",O,O,I
Harbou,B,author,B
", ",I,author,I
Thea von,I,author,I
. ,O,O,I
1914,B,year,I
. ,O,O,I
Der Krieg und die Frauen. Novellen,B,title,I
. ,O,O,I
"Stuttgart, Berlin",B,other,I
: ,O,O,I
Cotta,B,publisher,I
".
",O,O,I
Heilmann,B,author,B
", ",I,author,I
Alfons,I,author,I
. ,O,O,I
1915,B,year,I
. ,O,O,I
Mutterbrief ins Feld,B,title,I
. ,O,O,I
Stuttgart,B,other,I
: ,O,O,I
Feldbrief-VerlagFamilienfreund,B,publisher,I
".
",O,O,I
Jeismann,B,author,B
", ",I,author,I
Michael,I,author,I
und ,O,O,I
Rolf,B,author,I
Westheider,I,author,I
. ,O,O,I
1994,B,year,I
. ,O,O,I
Wofür stirbt der Bürger? Nationaler Totenkult und Staatsbürgertum in Deutschland und Frankreich seit der Französischen Revolution,B,title,I
. In ,O,O,I
Der politische Totenkult. Kriegerdenkmäler in der Moderne,B,source,I
", ed. ",O,O,I
Reinhart Koselleck,B,editor,I
 and ,O,O,I
Michael Jeismann,B,editor,I
", ",O,O,I
23,B,fpage,I
-,O,O,I
50,B,lpage,I
. ,O,O,I
München,B,other,I
: ,O,O,I
Frank,B,publisher,I
".
",O,O,I
Koselleck,B,author,B
", ",I,author,I
Reinhart,I,author,I
. ,O,O,I
1994,B,year,I
. ,O,O,I
Einleitung,B,title,I
. In ,O,O,I
Der politische Totenkult. Kriegerdenkmä- ler in der Moderne,B,source,I
", ed. ",O,O,I
Reinhart Koselleck,B,editor,I
 and ,O,O,I
Michael Jeismann,B,editor,I
", ",O,O,I
9,B,fpage,I
-,O,O,I
20,B,lpage,I
. ,O,O,I
München,B,other,I
: ,O,O,I
Frank,B,publisher,I
".
",O,O,I
Kundrus,B,author,B
", ",I,author,I
Birthe,I,author,I
1995,B,year,I
. ,O,O,I
Kriegerfrauen. Familienpolitik und Geschlechterverhältnisse im Ersten und Zweiten Weltkrieg,B,title,I
. ,O,O,I
Hamburg,B,other,I
: ,O,O,I
Christians,B,publisher,I
".
",O,O,I
Latzko,B,author,B
", ",I,author,I
Andreas,I,author,I
. ,O,O,I
1918,B,year,I
. ,O,O,I
Menschen im Krieg,B,title,I
. ,O,O,I
2,B,issue,I
. Aufl. ,O,O,I
Zürich,B,other,I
: ,O,O,I
Rascher,B,publisher,I
".
",O,O,I
Lurz,B,author,B
", ",I,author,I
Meinhold,I,author,I
. ,O,O,I
1985,B,year,I
. ,O,O,I
Kriegerdenkmäler in Deutschland,B,source,I
. Bd.,O,O,I
2,B,volume,I
: ,O,O,I
Einigungskriege,B,title,I
. ,O,O,I
Heidelberg,B,other,I
: ,O,O,I
Esprint,B,publisher,I
".
",O,O,I
Peters,B,author,B
", ",I,author,I
Norbert,I,author,I
. ,O,O,I
1914,B,year,I
. ,O,O,I
Heldentod. Trostgedanken für schwere Tage in großer Zeit,B,title,I
. ,O,O,I
Paderborn,B,other,I
: ,O,O,I
Bonifacius,B,publisher,I
".
",O,O,I
Probst,B,author,B
", ",I,author,I
Volker G.,I,author,I
 ,O,O,I
1986,B,year,I
. ,O,O,I
Bilder vom Tode. Eine Studie zum deutschen Kriegerdenkmal in der Weimarer Republik am Beispiel des Pietà-Motives und seiner profanierten Varianten,B,title,I
. ,O,O,I
Hamburg,B,other,I
: ,O,O,I
Wayasbah,B,publisher,I
".
",O,O,I
Richthofen,B,author,B
", ",I,author,I
Kunigunde von,I,author,I
. ,O,O,I
1937,B,year,I
. ,O,O,I
Mein Kriegstagebuch. Die Erinnerungen der Mutter des Roten Kampffliegers,B,title,I
. ,O,O,I
Berlin,B,other,I
: ,O,O,I
Ullstein,B,publisher,I
".
",O,O,I
Ritter-Elsern,B,author,B
", ",I,author,I
Lina,I,author,I
. ,O,O,I
1915,B,year,I
. ,O,O,I
Frauenbriefe ins Feld,B,title,I
. ,O,O,I
Mönchengladbach,B,other,I
: ,O,O,I
VolksvereinsVerlag,B,publisher,I
".
",O,O,I
Saehrendt,B,author,B
", ",I,author,I
Christian,I,author,I
. ,O,O,I
2004,B,year,I
. ,O,O,I
Der Stellungskrieg der Denkmäler. Kriegerdenkmäler im Berlin der Zwischenkriegszeit 1919-1939,B,title,I
. ,O,O,I
Bonn,B,other,I
: ,O,O,I
Dietz,B,publisher,I
".
",O,O,I
Scheck,B,author,B
", ",I,author,I
Raffael,I,author,I
. ,O,O,I
2002,B,year,I
. ,O,O,I
Wahrung des Burgfriedens. Die Wirkung des Ersten Weltkrieges auf die bürgerliche Frauenbewegung der Weimarer Republik,B,title,I
. In ,O,O,I
Der verlorene Frieden. Politik und Kriegskultur nach 1918,B,source,I
", ed. ",O,O,I
Jost Dülffer,B,editor,I
 and ,O,O,I
Gerd Krumeich,B,editor,I
", ",O,O,I
215,B,fpage,I
-,O,O,I
228,B,lpage,I
. ,O,O,I
Essen,B,other,I
: ,O,O,I
Klartext,B,publisher,I
".
",O,O,I
Schraut,B,author,B
", ",I,author,I
Sylvia,I,author,I
/,O,O,I
Paletschek,B,author,I
", ",I,author,I
Sylvia,I,author,I
. ,O,O,I
2008,B,year,I
. ,O,O,I
Remembrance and Gender: Making Gender Visible and Inscribing Women into Memory Culture,B,title,I
", in: ",O,O,I
The Gender of Memory. Cultures of Remembrance in Nineteenth- and Twentieth-Century Europe,B,source,I
. ,O,O,I
"Frankfurt, New York",B,other,I
: ,O,O,I
Campus,B,publisher,I
".
",O,O,I
Schulte,B,author,B
", ",I,author,I
Regina,I,author,I
. ,O,O,I
1995,B,year,I
. ,O,O,I
Käthe Kollwitz‘ Opfer,B,title,I
. In ,O,O,I
"Die verkehrte Welt des Krieges. Studien zu Geschlecht, Religion und Tod",B,source,I
", ed. ",O,O,I
Regina Schulte,B,editor,I
", ",O,O,I
Frankfurt,B,other,I
", ",O,O,I
New York,B,other,I
: ,O,O,I
Campus,B,publisher,I
".
",O,O,I
Siebrecht,B,author,B
", ",I,author,I
Claudia,I,author,I
. ,O,O,I
2008,B,year,I
. ,O,O,I
The Mater Dolorosa on the Battlefield – Mourning Mothers in German Women’s Art of the First World War,B,title,I
. In ,O,O,I
Untold War: New Perspectives in First World War Studies,B,source,I
", ed. ",O,O,I
Heather Jones,B,editor,I
 and ,O,O,I
Christoph Schmidt-Supprian,B,editor,I
", ",O,O,I
259,B,fpage,I
-,O,O,I
291,B,lpage,I
. ,O,O,I
"Boston, Leiden",B,other,I
: ,O,O,I
Brill,B,publisher,I
".
",O,O,I
"Ulrich, Bernd",B,editor,B
 and ,O,O,I
Bernd Ziemann,B,editor,I
", (eds.). ",O,O,I
1997,B,year,I
. ,O,O,I
Krieg im Frieden. Die umkämpfte Erinnerung an den Ersten Weltkrieg. Quellen und Dokumente,B,title,I
. ,O,O,I
Frankfurt,B,other,I
: ,O,O,I
Fischer,B,publisher,I
".
",O,O,I
Völker,B,author,B
 (,O,O,I
Rektor,B,other,I
). ,O,O,I
1915,B,year,I
. ,O,O,I
Die deutsche Mutter in unserer Zeit,B,title,I
. (,O,O,I
Reihe: Volksschriften zum großen Krieg,B,source,I
", Nr. ",O,O,I
45,B,volume,I
). ,O,O,I
14-15.Tsd,B,issue,I
. ,O,O,I
Berlin,B,other,I
: ,O,O,I
Verlag des Evangelischen Bundes,B,publisher,I
".
",O,O,I
Wachter,B,author,B
", ",I,author,I
Wilhelm,I,author,I
. ,O,O,I
1915,B,year,I
. ,O,O,I
Lala. Aus dem Seelenleben einer deutschen Frau und Mutter in den Kriegsjahren 1914/15,B,title,I
. ,O,O,I
München,B,other,I
: ,O,O,I
Birk,B,publisher,I
".
",O,O,I
Zindler,B,author,B
", ",I,author,I
Erwin,I,author,I
. ,O,O,I
1934,B,year,I
. ,O,O,I
Das Reich und die Mutter,B,title,I
. ,O,O,I
Frankfurt,B,other,I
: ,O,O,I
Diesterweg,B,publisher,I
.,O,O,I
