token,tag,label,ref
Bourdieu,B,author,B
", ",I,author,I
Pierre,I,author,I
: ,O,O,I
Die feinen Unterschiede: Kritik der gesellschaftlichen Urteilskraft,B,title,I
. ,O,O,I
Suhrkamp Verlag,B,publisher,I
", ",O,O,I
Frankfurt a. M.,B,other,I
 (,O,O,I
1979,B,year,I
"), ",O,O,I
20,B,volume,I
". Aufl.
",O,O,I
Hitzler,B,author,B
", ",I,author,I
Ronald,I,author,I
", und ",O,O,I
Arne,B,author,I
Niederbacher,I,author,I
: ,O,O,I
Leben in Szenen: Formen juveniler Vergemeinschaftung heute,B,title,I
. ,O,O,I
VS Verlag,B,publisher,I
", ",O,O,I
Wiesbaden ,B,other,I
(,O,O,I
2010,B,year,I
"), ",O,O,I
3,B,volume,I
". Aufl.
",O,O,I
Schwanhäußer,B,author,B
", ",I,author,I
Anja,I,author,I
: ,O,O,I
Kosmonauten des Underground: Ethnografie einer Berliner Szene,B,title,I
. ,O,O,I
Campus Verlag,B,publisher,I
", ",O,O,I
Frankfurt a. M.,B,other,I
 (,O,O,I
2010,B,year,I
").
",O,O,I
Thornton,B,author,B
", ",I,author,I
Sarah,I,author,I
: ,O,O,I
"Club Cultures: Music, Media and Subcultural Capital",B,title,I
. ,O,O,I
Blackwell Publishers,B,publisher,I
", ",O,O,I
Oxford,B,other,I
 (,O,O,I
1995,B,year,I
).,O,O,I
