token,tag,label,ref
Bhabha,B,author,B
", ",I,author,I
Homi K.,I,author,I
 (,O,O,I
1994,B,year,I
). ,O,O,I
The Location of Culture,B,title,I
. ,O,O,I
New York,B,other,I
", ",O,O,I
London,B,other,I
: ,O,O,I
Routledge,B,publisher,I
".
",O,O,I
Maurenbrecher,B,author,B
", ",I,author,I
Thomas ,I,author,I
(,O,O,I
1985,B,year,I
). ,O,O,I
Die Erfahrung der externen Migration. Eine biographie- und interaktionsanalytische Untersuchung über Türken in der Bundesrepublik Deutschland,B,title,I
. ,O,O,I
Frankfurt,B,other,I
: ,O,O,I
Lang,B,publisher,I
".
",O,O,I
Mead,B,author,B
", ",I,author,I
George Herbert ,I,author,I
(,O,O,I
1934,B,year,I
).,O,O,I
" Mind, Self and Society",B,title,I
. ,O,O,I
Chicago,B,other,I
: ,O,O,I
University of Chicago Press,B,publisher,I
".
",O,O,I
Park,B,author,B
", ",I,author,I
Robert Ezra,I,author,I
 (,O,O,I
1967,B,year,I
/,O,O,I
1928,B,year,I
). ,O,O,I
Human Migration and the Marginal Man,B,title,I
. In ,O,O,I
Ralph H. Turner,B,editor,I
" (Ed.), ",O,O,I
On Social Control and Collective Behavior. Selected Papers,B,source,I
 (pp.,O,O,I
194,B,fpage,I
-,O,O,I
206,B,lpage,I
).,O,O,I
Chicago,B,other,I
:,O,O,I
 University of Chicago Press,B,publisher,I
".
",O,O,I
Park,B,author,B
", ",I,author,I
Robert E.,I,author,I
", & ",O,O,I
Miller,B,author,I
", ",I,author,I
Herbert A.,I,author,I
 (,O,O,I
1921,B,year,I
). ,O,O,I
Old World Traits Transplanted,B,title,I
. ,O,O,I
New York,B,other,I
: ,O,O,I
Harper,B,publisher,I
".
",O,O,I
Riemann,B,author,B
", ",I,author,I
Gerhard,I,author,I
", & ",O,O,I
Schütze,B,author,I
", ",I,author,I
Fritz ,I,author,I
(,O,O,I
1991,B,year,I
). ,O,O,I
“Trajectory” as a Basic Theoretical Concept for Analyzing Suffering and Disorderly Social Processes,B,title,I
. In ,O,O,I
David R.,B,editor,I
" (Ed.), ",O,O,I
Social Organization and Social Processes. Essays In Honor of Anselm Strauss,B,source,I
 (pp.,O,O,I
333,B,fpage,I
-,O,O,I
347,B,lpage,I
). ,O,O,I
"Hawthorne, N.Y.",B,other,I
: ,O,O,I
Aldine de Gruyter,B,publisher,I
".
",O,O,I
Schütz,B,author,B
", ",I,author,I
Alfred ,I,author,I
(,O,O,I
1964,B,year,I
a). ,O,O,I
The Stranger: An Essay in Social Psychology,B,title,I
. In ,O,O,I
Arvid Brodersen,B,editor,I
" (Ed.), ",O,O,I
"Alfred Schutz, Collected Papers",B,source,I
. Vol. ,O,O,I
II,B,volume,I
: ,O,O,I
Studies in Social Theory,B,source,I
 (pp.,O,O,I
91,B,fpage,I
-,O,O,I
105,B,lpage,I
). ,O,O,I
The Hague,B,other,I
: ,O,O,I
Martinus Nijhoff,B,publisher,I
".
",O,O,I
Schütz,B,author,B
", ",I,author,I
Alfred ,I,author,I
(,O,O,I
1964,B,year,I
b). ,O,O,I
The Homecomer,B,title,I
. In ,O,O,I
Arvid Brodersen,B,editor,I
" (Ed.), ",O,O,I
Alfred Schutz: Collected Papers,B,source,I
. Vol. ,O,O,I
II,B,volume,I
: ,O,O,I
Studies in Social Theory,B,source,I
 (pp.,O,O,I
106,B,fpage,I
-,O,O,I
119,B,lpage,I
). ,O,O,I
The Hague,B,other,I
: ,O,O,I
Martinus Nijhoff,B,publisher,I
".
",O,O,I
Schütze,B,author,B
", ",I,author,I
Fritz ,I,author,I
(,O,O,I
1981,B,year,I
). ,O,O,I
Prozeßstrukturen des Lebensablaufs,B,title,I
. In ,O,O,I
Joachim Matthes,B,editor,I
", ",O,O,I
Arno Pfeifenberger,B,editor,I
", & ",O,O,I
Manfred Stosberg,B,editor,I
" (Eds.), ",O,O,I
Biographie in handlungswissenschaftlicher Perspektive,B,source,I
 (pp.,O,O,I
67,B,fpage,I
-,O,O,I
156,B,lpage,I
). ,O,O,I
Kolloquium am sozialwissenschaftlichen Forschungszentrum der Universität Erlangen-Nürnberg,B,other,I
".
",O,O,I
Schütze,B,author,B
", ",I,author,I
Fritz ,I,author,I
(,O,O,I
1983,B,year,I
). ,O,O,I
Biographieforschung und narratives Interview,B,title,I
. ,O,O,I
Neue Praxis,B,source,I
", ",O,O,I
13,B,volume,I
(,O,O,I
3,B,issue,I
"), ",O,O,I
283,B,fpage,I
-,O,O,I
293,B,lpage,I
".
",O,O,I
Schütze,B,author,B
", ",I,author,I
Fritz ,I,author,I
(,O,O,I
1984,B,year,I
). ,O,O,I
Kognitive Figuren des autobiographischen Stegreiferzählens,B,title,I
. In ,O,O,I
Martin Kohli,B,editor,I
 & ,O,O,I
Günther Robert,B,editor,I
" (Eds.), ",O,O,I
Biographie und soziale Wirklichkeit. Neue Beiträge und Forschungsperspektiven,B,source,I
 (pp.,O,O,I
78,B,fpage,I
-,O,O,I
117,B,lpage,I
). ,O,O,I
Stuttgart,B,other,I
: ,O,O,I
Metzler,B,publisher,I
".
",O,O,I
Schütze,B,author,B
", ",I,author,I
Fritz ,I,author,I
(,O,O,I
1987,B,year,I
). ,O,O,I
Das narrative Interview in Interaktionsfeldstudien: Erzähltheoretische Grundlagen. Teil I: Merkmale von Alltagserzählungen und was wir mit ihrer Hilfe erkennen können,B,title,I
. ,O,O,I
"Studienbrief der Fernuniversität Hagen, Fachbereich Erziehungs- und Sozialwissenschaften, Hagen",B,other,I
".
",O,O,I
Schütze,B,author,B
", ",I,author,I
Fritz ,I,author,I
(,O,O,I
1991,B,year,I
). ,O,O,I
Biographieanalyse eines Müllerlebens – Innovationsbereitschaft als Familientradition und Lebensführungshabitus: Wie die Müllerfamilie Berger die Krisen des Mühlensterbens um die Jahrhundertwende und in den Fünfziger Jahren überwunden hat,B,title,I
. In ,O,O,I
Hans-Dieter Scholz,B,editor,I
" (Ed.), ",O,O,I
Wasser- und Windmühlen in Kurhessen und Waldeck-Pyrmont,B,source,I
 (pp.,O,O,I
206,B,fpage,I
-,O,O,I
227,B,lpage,I
). ,O,O,I
Kaufungen,B,other,I
: ,O,O,I
Eiling,B,publisher,I
".
",O,O,I
Schütze,B,author,B
", ",I,author,I
Fritz ,I,author,I
(,O,O,I
1992,B,year,I
). ,O,O,I
Pressure and Guilt: War Experiences of a Young German Soldier and their Biographical Implications. Part 1 and 2.,B,title,I
 ,O,O,I
International Sociology,B,source,I
", ",O,O,I
7,B,volume,I
(,O,O,I
2/3,B,issue,I
"), ",O,O,I
187,B,fpage,I
-,O,O,I
208,B,lpage,I
", ",O,O,I
347,B,fpage,I
-,O,O,I
367,B,lpage,I
".
",O,O,I
Schütze,B,author,B
", ",I,author,I
Fritz ,I,author,I
(,O,O,I
1994,B,year,I
).,O,O,I
 Das Paradoxe in Felix’ Leben als Ausdruck eines “wilden” Wandlungsprozesses,B,title,I
. In ,O,O,I
Hans-Christoph Koller,B,editor,I
 & ,O,O,I
Rainer Kokemohr,B,editor,I
" (Eds.), ",O,O,I
Biographie als Text,B,source,I
 (pp.,O,O,I
13,B,fpage,I
-,O,O,I
60,B,lpage,I
). ,O,O,I
Weinheim,B,other,I
: ,O,O,I
Deutscher Studien Verlag,B,publisher,I
".
",O,O,I
Schütze,B,author,B
", ",I,author,I
Fritz ,I,author,I
(,O,O,I
1995,B,year,I
). ,O,O,I
Verlaufskurven des Erleidens als Forschungsgegenstand der interpretativen Soziologie,B,title,I
. In ,O,O,I
Heinz-Hermann Krüger,B,editor,I
 & ,O,O,I
Winfried Marotzki,B,editor,I
" (Eds), ",O,O,I
Erziehungswissenschaftliche Biographieforschung,B,source,I
 (pp.,O,O,I
116,B,fpage,I
- ,O,O,I
157,B,lpage,I
). ,O,O,I
Opladen,B,other,I
: ,O,O,I
Leske und Budrich,B,publisher,I
".
",O,O,I
Schütze,B,author,B
", ",I,author,I
Fritz ,I,author,I
(,O,O,I
2001,B,year,I
a).,O,O,I
 Rätselhafte Stellen im narrativen Interview und ihre Analyse,B,title,I
. ,O,O,I
"Handlung, Kultur, Interpretation",B,source,I
", ",O,O,I
10,B,volume,I
(,O,O,I
1,B,issue,I
"), ",O,O,I
12,B,fpage,I
-,O,O,I
28,B,lpage,I
".
",O,O,I
Schütze,B,author,B
", ",I,author,I
Fritz ,I,author,I
(,O,O,I
2001,B,year,I
b). ,O,O,I
Ein biographieanalytischer Beitrag zum Verständnis von kreativen Veränderungsprozessen: die Kategorie der Wandlung,B,title,I
. In ,O,O,I
Roland Burkholz,B,editor,I
", ",O,O,I
Christel Gärtner,B,editor,I
 & ,O,O,I
Ferdinand Zehentreiter,B,editor,I
" (Eds.),",O,O,I
 Materialität des Geistes. Zur Sache Kultur – Im Diskurs mit Ulrich Oevermann,B,source,I
 (pp.,O,O,I
137,B,fpage,I
-,O,O,I
162,B,lpage,I
). ,O,O,I
Weilerswist,B,other,I
: ,O,O,I
Velbrück-Verlag,B,publisher,I
".
",O,O,I
Stonequist,B,author,B
",",I,author,I
 Everett V.,I,author,I
 (,O,O,I
1961,B,year,I
/,O,O,I
1937,B,year,I
). ,O,O,I
The Marginal Man. A Study in Personality and Culture Conflict,B,title,I
.,O,O,I
 New York,B,other,I
: ,O,O,I
Russell & Russell,B,publisher,I
".
",O,O,I
Thomas,B,author,B
", ",I,author,I
William I.,I,author,I
", & ",O,O,I
Znaniecki,B,author,I
", ",I,author,I
Florian ,I,author,I
(,O,O,I
1958,B,year,I
/,O,O,I
1927,B,year,I
).,O,O,I
 The Polish Peasant in Europe and America,B,title,I
. ,O,O,I
New York,B,other,I
: ,O,O,I
Dover,B,publisher,I
".
",O,O,I
Zorbaugh,B,author,B
", ",I,author,I
Harvey Warren,I,author,I
 (,O,O,I
1976,B,year,I
/,O,O,I
1929,B,year,I
). ,O,O,I
The Gold Coast and the Slum. A Sociological Study of Chicago’s Near North Side,B,title,I
. ,O,O,I
Chicago,B,other,I
: ,O,O,I
University of Chicago Press,B,publisher,I
". 126
",O,O,I
