token,tag,label,ref
"Hermanns,",B,author,B
 ,I,author,I
Harry,I,author,I
 (,O,O,I
1987,B,year,I
). ,O,O,I
Narrative Interview—a New Tool for Sociological Field Research,B,title,I
. In ,O,O,I
Zbigniew Bokszanski,B,editor,I
 & ,O,O,I
Marek Czyzewski,B,editor,I
" (Eds.), ",O,O,I
Approaches to the Study of Face to Face Interaction. Folia Sociologica,B,source,I
 ,O,O,I
13,B,volume,I
 (pp.,O,O,I
43 ,B,fpage,I
- ,O,O,I
56,B,lpage,I
). ,O,O,I
Lodz,B,other,I
: ,O,O,I
Wydawnictwo Uniwersytetu Lodzkiego,B,publisher,I
".
",O,O,I
"Inowlocki,",B,author,B
 ,I,author,I
Lena,I,author,I
 & ,O,O,I
"Lutz,",B,author,I
 ,I,author,I
Helma,I,author,I
 (,O,O,I
1998,B,year,I
). ,O,O,I
"Analysis of Autobiographical Interview with a Migrant Woman Labourer, as a Document of a Group’s Case Interpretation",B,title,I
. ,O,O,I
"A paper presented on Session Doing Biographical Work, RC 38, Session 6, International Congress of ISA",B,source,I
", ",O,O,I
"Montreal, Canada",B,other,I
".
",O,O,I
Park,B,author,B
", ",I,author,I
Robert E.,I,author,I
 (,O,O,I
1950,B,year,I
). ,O,O,I
Race and Culture,B,title,I
. ,O,O,I
New York,B,other,I
: ,O,O,I
Free Press,B,publisher,I
".
",O,O,I
"Riemann,",B,author,B
 ,I,author,I
Gerhard,I,author,I
 & ,O,O,I
"Schütze,",B,author,I
 ,I,author,I
Fritz,I,author,I
 (,O,O,I
1991,B,year,I
). ,O,O,I
Trajectory As a Basic Theoretical Concept for Analysing Suffering and Disorderly Social Processes,B,title,I
. In ,O,O,I
David R. Maines,B,editor,I
" (Ed.), ",O,O,I
Social Organization and Social Processes. Essays in Honor of Anselm Strauss,B,source,I
 (pp.,O,O,I
333,B,fpage,I
-,O,O,I
356,B,lpage,I
). ,O,O,I
New York,B,other,I
: ,O,O,I
Adeline de Gruyter,B,publisher,I
".
",O,O,I
"Schütze,",B,author,B
 ,I,author,I
Fritz,I,author,I
 (,O,O,I
1981,B,year,I
). ,O,O,I
Prozessstrukturen des Lebensablaufs,B,title,I
. In ,O,O,I
Joachim Matthes,B,editor,I
", ",O,O,I
Arno Pfeifenberger,B,editor,I
 & ,O,O,I
Manfred Stosberg,B,editor,I
" (Eds.), ",O,O,I
Biographie in handlungswissenschaftlicher Perspektive,B,source,I
 (pp.,O,O,I
67,B,fpage,I
-,O,O,I
156,B,lpage,I
). ,O,O,I
Nuernberg,B,other,I
:,O,O,I
Verlag der Nuernberger Forschungsvereinigung,B,publisher,I
".
",O,O,I
"Schütze,",B,author,B
 ,I,author,I
Fritz,I,author,I
 ,O,O,I
"(n.d.). Outline for Analysis of Topically focused Autobiographical Texts—Using the Example of the “Robert Rasmus” account in Studs Terkel’s Book, “The Good War.” Unpublished manuscript,",B,title,I
 ,O,O,I
"Kassel, Germany",B,other,I
".
",O,O,I
"Stonequist,",B,author,B
 ,I,author,I
Everett V.,I,author,I
 (,O,O,I
1961,B,year,I
). ,O,O,I
The Marginal Man. The Study in Personality and Culture Conflict.,B,title,I
 ,O,O,I
New York,B,other,I
: ,O,O,I
Russell and Russell,B,publisher,I
".
",O,O,I
"Strauss,",B,author,B
 ,I,author,I
Anselm,I,author,I
 (,O,O,I
1959,B,year,I
). ,O,O,I
Mirrors and Masks. The Search for Identity,B,title,I
. ,O,O,I
Cambridge,B,other,I
:,O,O,I
 Cambridge University Press,B,publisher,I
".
",O,O,I
Strauss,B,author,B
", ",I,author,I
Anselm,I,author,I
", ",O,O,I
Corbin,B,author,I
", ",I,author,I
Juliet,I,author,I
", ",O,O,I
Glaser,B,author,I
", ",I,author,I
Barney,I,author,I
", & ",O,O,I
Maines,B,author,I
", ",I,author,I
David ,I,author,I
(,O,O,I
1984,B,year,I
). ,O,O,I
Chronic Illness and the Quality of Life,B,title,I
. ,O,O,I
"St Louis, Toronto: Toronto",B,other,I
: ,O,O,I
C.V. Mosby,B,publisher,I
".
",O,O,I
"Thomas,",B,author,B
 ,I,author,I
William I.,I,author,I
 & ,O,O,I
"Znaniecki,",B,author,I
 ,I,author,I
Florian,I,author,I
 (,O,O,I
1918-1920,B,year,I
). ,O,O,I
Chlop polski w Europie i Ameryce [The Polish Peasant in Europe and America],B,title,I
. ,O,O,I
Warszawa,B,other,I
: ,O,O,I
LWS,B,publisher,I
".
",O,O,I
