token,tag,label,ref
Bacher,B,author,B
", ",I,author,I
Johann,I,author,I
 (,O,O,I
1994,B,year,I
): ,O,O,I
Clusteranalyse,B,title,I
", ",O,O,I
München,B,other,I
", ",O,O,I
Wien,B,other,I
".
",O,O,I
Blien,B,author,B
", ",I,author,I
Uwe,I,author,I
/,O,O,I
Hirschenauer,B,author,I
", ",I,author,I
Franziska,I,author,I
/,O,O,I
Arendt,B,author,I
", ",I,author,I
Manfred,I,author,I
/,O,O,I
Braun,B,author,I
", ",I,author,I
Hans Jürgen,I,author,I
/,O,O,I
Gunst,B,author,I
", ",I,author,I
Dieter-Michael,I,author,I
/,O,O,I
Kilcioglu,B,author,I
", ",I,author,I
Sibel,I,author,I
/,O,O,I
Kleinschmidt,B,author,I
", ",I,author,I
Helmut,I,author,I
/,O,O,I
Musati,B,author,I
", ",I,author,I
Martina,I,author,I
/,O,O,I
Roß,B,author,I
", ",I,author,I
Hermann,I,author,I
/,O,O,I
Vollkommer,B,author,I
", ",I,author,I
Dieter,I,author,I
/,O,O,I
Wein,B,author,I
", ",I,author,I
Jochen,I,author,I
 (,O,O,I
2004,B,year,I
): ,O,O,I
Typisierung von Bezirken der Agenturen für Arbeit,B,title,I
. In: ,O,O,I
Zeitschrift für Arbeitsmarktforschung,B,source,I
 ,O,O,I
2,B,volume,I
", S. ",O,O,I
146,B,fpage,I
-,O,O,I
175,B,lpage,I
".
",O,O,I
Blien,B,author,B
",",I,author,I
 Uwe,I,author,I
/,O,O,I
Hirschenauer,B,author,I
", ",I,author,I
Franziska,I,author,I
 (,O,O,I
2005,B,year,I
): ,O,O,I
Welche Agenturen sind vergleichbar?,B,title,I
 ,O,O,I
IAB-Kurzbericht,B,publisher,I
 ,O,O,I
18,B,volume,I
", ",O,O,I
Nürnberg,B,other,I
", ",O,O,I
online im Internet,B,other,I
 unter: ,O,O,I
http://doku.iab.de/kurzber/2005/kb1805.pdf,B,url,I
"
",O,O,I
Blien,B,author,B
", ",I,author,I
Uwe,I,author,I
/,O,O,I
Hirschenauer,B,author,I
", ",I,author,I
Franziska,I,author,I
 (,O,O,I
2005a,B,year,I
): ,O,O,I
Vergleichstypen 2005,B,title,I
. ,O,O,I
Neufassung der Regionaltypisierung für Vergleiche zwischen Agenturbezirken,B,title,I
. ,O,O,I
IABForschungsbericht,B,publisher,I
 ,O,O,I
24,B,volume,I
", ",O,O,I
Nürnberg,B,other,I
", ",O,O,I
online im Internet,B,other,I
 unter: ,O,O,I
http://doku.iab.de/forschungsbericht/2005/fb2405.pdf,B,url,I
"
",O,O,I
Wiedenbeck,B,author,B
", ",I,author,I
Michael,I,author,I
/,O,O,I
Züll,B,author,I
", ",I,author,I
Cornelia,I,author,I
 (,O,O,I
2001,B,year,I
): ,O,O,I
„Klassifikation und Clusteranalyse: Grundlegende Techniken hierarchischer und K-means-Verfahren“,B,title,I
", ",O,O,I
ZUMA,B,other,I
", ",O,O,I
online im Internet,B,other,I
 unter: ,O,O,I
http://www.gesis.org/Publikationen/Berichte/ZUMA_How_to/Dokumente/pdf/howto10mwcz.pdf,B,url,I
"
",O,O,I
