token,tag,label,ref
Ernest,B,author,B
 ,I,author,I
Gellner,I,author,I
", ",O,O,I
Nationalismus und Moderne,B,title,I
", ",O,O,I
Berlin,B,other,I
 ,O,O,I
1991,B,year,I
".
",O,O,I
Benedict,B,author,B
 ,I,author,I
Anderson,I,author,I
", ",O,O,I
Die Erfindung der Nation. Zur Karriere eines folgenreichen Konzepts,B,title,I
", ",O,O,I
Berlin,B,other,I
 ,O,O,I
1998,B,year,I
".
",O,O,I
Gérard,B,author,B
 ,I,author,I
Noiriel,I,author,I
",",O,O,I
 Die Tyrannei des Nationalen. Sozialgeschichte des Asylrechts in Europa,B,title,I
", ",O,O,I
Lüneburg,B,other,I
 ,O,O,I
1994,B,year,I
".
",O,O,I
Jürgen,B,author,B
 ,I,author,I
Kocka,I,author,I
", ",O,O,I
"Das lange 19. Jahrhundert. Arbeit, Nation und bürgerliche Gesellschaft",B,title,I
", ",O,O,I
Stuttgart,B,other,I
 ,O,O,I
2002,B,year,I
".
",O,O,I
Karl,B,author,B
 ,I,author,I
Schlögel,I,author,I
", ",O,O,I
Der große Exodus. Die russische Emigration und ihre Zentren 1917 bis 1941,B,title,I
", ",O,O,I
München,B,other,I
 ,O,O,I
1994,B,year,I
"; 
",O,O,I
Norman M.,B,author,B
 ,I,author,I
Naimark,I,author,I
", ",O,O,I
Flammender Hass. Ethnische Säuberungen im 20. Jahrhundert,B,title,I
", ",O,O,I
München,B,other,I
 ,O,O,I
2004,B,year,I
".
",O,O,I
Jochen,B,author,B
 ,I,author,I
Oltmer,I,author,I
",",O,O,I
 Migration und Politik in der Weimarer Republik,B,title,I
", ",O,O,I
Göttingen,B,other,I
 ,O,O,I
2005,B,year,I
".
",O,O,I
Eugene,B,author,B
 ,I,author,I
Kulischer,I,author,I
", ",O,O,I
"Europe on the Move. War and Population Changees, 1917– 1947",B,title,I
", ",O,O,I
New York,B,other,I
 ,O,O,I
1948,B,year,I
";
",O,O,I
Klaus J.,B,author,B
 ,I,author,I
Bade,I,author,I
", ",O,O,I
Europa in Bewegung. Migration vom späten 18. Jahrhundert bis zur Gegenwart,B,title,I
", ",O,O,I
München,B,other,I
 ,O,O,I
2000,B,year,I
".
",O,O,I
Jochen,B,author,B
 ,I,author,I
Oltmer,I,author,I
/,O,O,I
Klaus J.,B,author,I
 ,I,author,I
Bade,I,author,I
",",O,O,I
 Normalfall Migration: Deutschland im 20. und frühen 21. Jahrhundert,B,title,I
", ",O,O,I
Bonn,B,other,I
 ,O,O,I
2004,B,year,I
".
",O,O,I
Siegfried,B,author,B
 ,I,author,I
Grundmann,I,author,I
/,O,O,I
Irene,B,author,I
 ,I,author,I
Müller-Hartmann,I,author,I
/,O,O,I
Ines,B,author,I
 ,I,author,I
Schmidt,I,author,I
", ",O,O,I
"Migration in, aus und nach Ostdeutschland",B,title,I
. In: ,O,O,I
Hansgünter Meyer,B,editor,I
" (Hg.), ",O,O,I
Soziologen-Tag Leipzig 1991. Soziologie in Deutschland und die Transformation großer gesellschaftlicher Systeme,B,source,I
", ",O,O,I
Berlin,B,other,I
 ,O,O,I
1992,B,year,I
", S. ",O,O,I
1577,B,fpage,I
–,O,O,I
1609,B,lpage,I
".
",O,O,I
"Verfassung der Deutschen Demokratischen Republik, Art. 10, Abs. 2",B,title,B
", ",O,O,I
Berlin (Ost),B,other,I
 ,O,O,I
1949,B,year,I
", S. ",O,O,I
5,B,fpage,I
".
",O,O,I
Verfassung der Deutschen Demokratischen Republik,B,title,B
", ",O,O,I
Berlin (Ost),B,other,I
 ,O,O,I
1976,B,year,I
", S. ",O,O,I
25,B,fpage,I
".
",O,O,I
Siegfried,B,author,B
 ,I,author,I
Mampel,I,author,I
", ",O,O,I
Die Sozialistische Verfassung der DDR. Text und Kommentar,B,title,I
", ",O,O,I
Frankfurt a.M.,B,other,I
 ,O,O,I
1972,B,year,I
", S. ",O,O,I
493,B,fpage,I
 f. ,O,O,I
Die dritte Auflage erschien mit Ergänzungen über die Rechtsentwicklung bis zur Wende im Herbst 1989 und das Ende der sozialistischen Verfassung,B,other,I
", ",O,O,I
Goldbach,B,other,I
 ,O,O,I
1997,B,year,I
", S. ",O,O,I
597,B,fpage,I
" f.
",O,O,I
Heidemarie,B,author,B
 ,I,author,I
Beyer,I,author,I
", ",O,O,I
Entwicklung des Ausländerrechts in der DDR,B,title,I
. In: ,O,O,I
Manfred Heßler,B,editor,I
" (Hg.), ",O,O,I
Zwischen Nationalstaat und multikultureller Gesellschaft. Einwanderung und Fremdenfeindlichkeit in der Bundesrepublik Deutschland,B,source,I
", ",O,O,I
Berlin,B,other,I
 ,O,O,I
1993,B,year,I
", S. ",O,O,I
211,B,fpage,I
–,O,O,I
227,B,lpage,I
".
",O,O,I
Patrice G.,B,author,B
 ,I,author,I
Poutrus,I,author,I
", ",O,O,I
Zuflucht im Ausreiseland. Zur Geschichte des politischen Asyls in der DDR,B,title,I
. In: ,O,O,I
Jahrbuch für Historische Kommunismusforschung 2004,B,source,I
", ",O,O,I
Berlin,B,other,I
 ,O,O,I
2004,B,year,I
", S. ",O,O,I
355,B,fpage,I
–,O,O,I
378,B,lpage,I
".
",O,O,I
Zur griechischen Emigration in der DDR siehe ,O,O,I
Stefan,B,author,B
 ,I,author,I
Troebst,I,author,I
", ",O,O,I
Die „Griechenlandkinder-Aktion“ 1949/50. Die SED und die Aufnahme minderjähriger Bürgerkriegsflüchtlinge aus Griechenland in der SBZ/DDR,B,title,I
. In: ,O,O,I
Zeitschrift für Geschichtswissenschaft,B,source,I
", ",O,O,I
52,B,volume,I
 (,O,O,I
2004,B,year,I
) ,O,O,I
8,B,issue,I
", S. ",O,O,I
717,B,fpage,I
–,O,O,I
736,B,lpage,I
".
",O,O,I
Patrice G.,B,author,B
 ,I,author,I
Poutrus,I,author,I
", ",O,O,I
Teure Genossen. Die „polit. Emigranten“ in der DDR als „Fremde“ im Alltag der DDR-Gesellschaft,B,title,I
. In: ,O,O,I
Christian Th. Müller,B,editor,I
/,O,O,I
Patrice G. Poutrus,B,editor,I
" (Hg.), ",O,O,I
Ankunft – Alltag – Ausreise. Migration und interkulturelle Begegnungen in der DDR-Gesellschaft,B,source,I
", ",O,O,I
Köln,B,other,I
 2005,B,year,I
" (im Druck).
",O,O,I
Andreas,B,author,B
 ,I,author,I
Stergiou,I,author,I
", ",O,O,I
Die Beziehungen zwischen Griechenland und der DDR und das Verhältnis der SED zur KKE,B,title,I
. ,O,O,I
Inaugural-Dissertation zur Erlangung des akademischen Grades eines Doktors der Philosophie der Universität Mannheim,B,other,I
", ",O,O,I
Mannheim,B,other,I
 ,O,O,I
2001,B,year,I
".
",O,O,I
Patrice G.,B,author,B
 ,I,author,I
Poutrus,I,author,I
", ",O,O,I
Mit strengem Blick. Die so genannten „Polit. Emigranten“ in den Berichten des MfS,B,title,I
. In: ,O,O,I
Jan C. Behrends,B,editor,I
/,O,O,I
Thomas Lindenberger,B,editor,I
/,O,O,I
Patrice G. Poutrus,B,editor,I
" (Hg.), ",O,O,I
Fremde und Fremd-Sein in der DDR. Zu historischen Ursachen der Fremdenfeindlichkeit in Ostdeutschland,B,source,I
", ",O,O,I
Berlin,B,other,I
 ,O,O,I
2003,B,year,I
", S. ",O,O,I
205,B,fpage,I
–,O,O,I
224,B,lpage,I
".
",O,O,I
Hans-Joachim,B,author,B
 ,I,author,I
Döring,I,author,I
", ",O,O,I
Es geht um unsere Existenz. Die Politik der DDR gegenüber der Dritten Welt am Beispiel von Mosambik und Äthiopien,B,title,I
", ",O,O,I
Berlin,B,other,I
 ,O,O,I
1999,B,year,I
".
",O,O,I
Dieser instrumentelle Gebrauch des Asylrechts entsprach deutlich jener Aufnahmepraxis in der Sowjetunion während der dreißiger Jahre. Siehe ,O,O,I
Reiner,B,author,B
 ,I,author,I
Tosstroff,I,author,I
", ",O,O,I
Spanische Bürgerkriegsflüchtlinge nach 1939,B,title,I
. In: ,O,O,I
Claus-Dieter Krohn,B,editor,I
" (Hg.), ",O,O,I
Exil im 20. Jahrhundert,B,source,I
", ",O,O,I
München,B,other,I
 2000,B,year,I
", S. ",O,O,I
88,B,fpage,I
–,O,O,I
111,B,lpage,I
".
",O,O,I
Jost,B,author,B
 ,I,author,I
Maurin,I,author,I
", ",O,O,I
Die DDR als Asylland. Flüchtlinge aus Chile 1973–1989,B,title,I
. In: ,O,O,I
Zeitschrift für Geschichtswissenschaft,B,source,I
", ",O,O,I
51,B,volume,I
 (,O,O,I
2003,B,year,I
) ,O,O,I
9,B,issue,I
", S. ",O,O,I
814,B,fpage,I
–,O,O,I
831,B,lpage,I
".
",O,O,I
Bernhard,B,author,B
 ,I,author,I
von Plate,I,author,I
", ",O,O,I
Die Außenpolitik und internationale Einordnung der DDR,B,title,I
. In: ,O,O,I
Werner Weidenfeld,B,editor,I
/,O,O,I
Hartmut Zimmermann,B,editor,I
" (Hg.), ",O,O,I
Deutschland-Handbuch. Eine doppelte Bilanz,B,source,I
", ",O,O,I
Bonn,B,other,I
 ,O,O,I
1989,B,year,I
", S. ",O,O,I
589,B,fpage,I
–,O,O,I
604,B,lpage,I
", ",O,O,I
hier S. 601 f.,B,other,I
"
",O,O,I
Stefan,B,author,B
 ,I,author,I
Wolle,I,author,I
", ",O,O,I
Die heile Welt der Diktatur. Alltag und Herrschaft in der DDR 1971–1989,B,title,I
", ",O,O,I
Bonn,B,other,I
 ,O,O,I
1998,B,year,I
", S. ",O,O,I
164,B,fpage,I
–,O,O,I
166,B,lpage,I
",",O,O,I
 bzw. S. 240 f.,B,other,I
"
",O,O,I
Michael,B,author,B
 ,I,author,I
Feige,I,author,I
", ",O,O,I
Vietnamesische Studenten und Arbeiter in der DDR und ihre Beobachtung durch das MfS,B,title,I
", ",O,O,I
Magdeburg,B,other,I
 ,O,O,I
1999,B,year,I
", S. ",O,O,I
85,B,fpage,I
" f.
",O,O,I
Jens,B,author,B
 ,I,author,I
Gieseke,I,author,I
", ",O,O,I
Die hauptamtlichen Mitarbeiter der Staatssicherheit. Personalstruktur und Lebenswelt 1950–1989/90,B,title,I
", ",O,O,I
Berlin,B,other,I
 ,O,O,I
2000,B,year,I
", S. ",O,O,I
304,B,fpage,I
–,O,O,I
314,B,lpage,I
".
",O,O,I
Katherine,B,author,B
 ,I,author,I
Hite,I,author,I
",",O,O,I
" „When the Romance Ended“. Leaders of the Chilean Left, 1968–98",B,title,I
", ",O,O,I
New York,B,other,I
 ,O,O,I
2000,B,year,I
", S. ",O,O,I
45,B,fpage,I
".
",O,O,I
Frank,B,author,B
 ,I,author,I
Hadler,I,author,I
", ",O,O,I
Drachen und Drachentöter. Das Problem der nationalgeschichtlichen Fixierung in den Historiografien Ostmitteleuropas nach dem Zweiten Weltkrieg,B,title,I
. In: ,O,O,I
Christoph Conrad,B,editor,I
/,O,O,I
Sebastian Conrad,B,editor,I
" (Hg.), ",O,O,I
Die Nation schreiben. Geschichtswissenschaft im internationalen Vergleich,B,source,I
", ",O,O,I
Göttingen,B,other,I
 ,O,O,I
2002,B,year,I
", S. ",O,O,I
137,B,fpage,I
–,O,O,I
164,B,lpage,I
".
",O,O,I
Ulrich,B,author,B
 ,I,author,I
Herbert,I,author,I
", ",O,O,I
"Geschichte der Ausländerpolitik in Deutschland: Saisonarbeiter, Zwangsarbeiter, Gastarbeiter, Flüchtlinge",B,title,I
", ",O,O,I
München,B,other,I
 2001,B,year,I
"
",O,O,I
Christoph,B,author,B
 ,I,author,I
Kleßmann,I,author,I
", ",O,O,I
"Zwei Staaten, eine Nation. Deutsche Geschichte 1955– 1970",B,title,I
", ",O,O,I
Bonn,B,other,I
 ,O,O,I
1988,B,year,I
"; ders.,",O,O,I
 Verflechtung und Abgrenzung. Aspekte der geteilten und zusammengehörigen deutschen Nachkriegsgeschichte,B,title,I
. In: ,O,O,I
APuZG,B,source,I
", ",O,O,I
B 29–30,B,volume,I
 (,O,O,I
1993,B,year,I
"), S. ",O,O,I
30,B,fpage,I
–,O,O,I
41,B,lpage,I
".
",O,O,I
Rainer,B,author,B
 ,I,author,I
Münz,I,author,I
", ",O,O,I
Phasen und Formen der europäischen Migration. Geographische Mobilität ist ein wesentliches Merkmal offener Gesellschaften,B,title,I
. In: ,O,O,I
Steffen Angenendt,B,editor,I
" (Hg.), ",O,O,I
"Migration und Flucht. Aufgaben und Strategien für Deutschland, Europa und die internationale Gemeinschaft",B,source,I
", ",O,O,I
Bonn,B,other,I
 ,O,O,I
1997,B,year,I
", S. ",O,O,I
34,B,fpage,I
–48,O,O,I
;,B,lpage,I
 ders./,O,O,I
Rainer,B,author,I
 ,I,author,I
Ohliger,I,author,I
", ",O,O,I
Privilegierte Migration – Deutsche aus Ostmittel- und Osteuropa,B,title,I
. In:,O,O,I
 TAJB,B,source,I
", ",O,O,I
27,B,volume,I
 (,O,O,I
1998,B,year,I
"), S. ",O,O,I
401,B,fpage,I
–,O,O,I
444,B,lpage,I
; ders./,O,O,I
Wolfgang,B,author,I
 ,I,author,I
Seifert,I,author,I
/,O,O,I
Ralf,B,author,I
 ,I,author,I
Ulrich,I,author,I
", ",O,O,I
"Zuwanderung nach Deutschland. Strukturen, Wirkungen, Perspektiven",B,title,I
", ",O,O,I
Frankfurt a. M.,B,other,I
" u. a. 1999.
",O,O,I
Johannes-Dieter,B,author,B
 ,I,author,I
Steinert,I,author,I
", ",O,O,I
Migration und Politik. Westdeutschland – Europa – Übersee 1945–1961,B,title,I
", ",O,O,I
Osnabrück,B,other,I
 ,O,O,I
1995,B,year,I
"; 
",O,O,I
Bernhard,B,author,B
 ,I,author,I
Santel,I,author,I
", ",O,O,I
Migration in und nach Europa. Erfahrungen – Strukturen – Politik,B,title,I
", ",O,O,I
Opladen,B,other,I
 ,O,O,I
1995,B,year,I
".
",O,O,I
Franz,B,author,B
 ,I,author,I
Nuscheler,I,author,I
", ",O,O,I
Internationale Migration. Flucht und Asyl,B,title,I
", ",O,O,I
Opladen,B,other,I
 ,O,O,I
1995,B,year,I
".
",O,O,I
Otto,B,author,B
 ,I,author,I
Kimminich,I,author,I
", ",O,O,I
Grundprobleme des Asylrechts,B,title,I
", ",O,O,I
Darmstadt,B,other,I
 ,O,O,I
1983,B,year,I
".
",O,O,I
Angelika,B,author,B
 ,I,author,I
Hartmann,I,author,I
", ",O,O,I
Deutschsprachige Literatur zu Flucht und Asyl. Eine Bibliographie,B,title,I
", ",O,O,I
Berlin,B,other,I
 ,O,O,I
1992,B,year,I
".
",O,O,I
Klaus J. Bade,B,editor,B
" (Hg.), ",O,O,I
Deutsche im Ausland – Fremde in Deutschland. Migration in Geschichte und Gegenwart,B,title,I
", ",O,O,I
München,B,other,I
 ,O,O,I
1993,B,year,I
"; ders., ",O,O,I
Europa in Bewegung. Migration vom späten 18. Jahrhundert bis zur Gegenwart,B,title,I
", ",O,O,I
München,B,other,I
 ,O,O,I
2000,B,year,I
"; ders. (Hg.), ",O,O,I
Migration in der europäischen Geschichte seit dem späten Mittelalter. Vorträge auf dem Deutschen Historikertag in Halle/Saale am 11. September 2002,B,title,I
", ",O,O,I
Osnabrück,B,other,I
 ,O,O,I
2002,B,year,I
".
",O,O,I
Reinhard,B,author,B
 ,I,author,I
Marx,I,author,I
", ",O,O,I
Vom Schutz vor Verfolgung zur Politik der Abschreckung. Zur Geschichte des Asylverfahrensgesetzes in der Bundesrepublik Deutschland,B,title,I
. In: ,O,O,I
Kritische Justiz,B,source,I
", ",O,O,I
4,B,volume,I
 (,O,O,I
1985,B,year,I
"), S. ",O,O,I
379,B,fpage,I
–,O,O,I
395,B,lpage,I
"; ders., ",O,O,I
Asylrecht. Rechtsprechungssammlung mit Erläuterungen,B,title,I
", ",O,O,I
5,B,issue,I
. Auflage ,O,O,I
Baden-Baden,B,other,I
 ,O,O,I
1991,B,year,I
".
",O,O,I
Helmut,B,author,B
 ,I,author,I
Quaritsch,I,author,I
",",O,O,I
 Recht auf Asyl. Studien zu einem missdeuteten Grundrecht,B,title,I
", ",O,O,I
Berlin,B,other,I
 ,O,O,I
1985,B,year,I
".
",O,O,I
Karin,B,author,B
 ,I,author,I
Hunn,I,author,I
", ",O,O,I
Asymmetrische Beziehungen: Türkische „Gastarbeiter“ zwischen Heimat und Fremde. Vom deutsch-türkischen Anwerbeabkommen bis zum Anwerbestopp (1961–1973),B,title,I
. In: ,O,O,I
Archiv für Sozialgeschichte,B,source,I
", ",O,O,I
42,B,volume,I
 (,O,O,I
2002,B,year,I
"), S. ",O,O,I
145,B,fpage,I
–,O,O,I
172,B,lpage,I
"
",O,O,I
Edith,B,author,B
 ,I,author,I
Pichler,I,author,I
", ",O,O,I
"Pioniere, Arbeitsmigranten, Rebellen, Postmoderne und Mobile: Italiener in Berlin",B,title,I
. In: ,O,O,I
Archiv für Sozialgeschichte,B,source,I
", ",O,O,I
42,B,volume,I
 (,O,O,I
2002,B,year,I
"), S. ",O,O,I
257,B,fpage,I
–,O,O,I
274,B,lpage,I
".
",O,O,I
Ulrich,B,author,B
 ,I,author,I
Herbert,I,author,I
", ",O,O,I
Fremdarbeiter: Politik und Praxis des „Ausländer-Einsatzes“ in der Kriegswirtschaft des Dritten Reiches,B,title,I
", ",O,O,I
Bonn,B,other,I
 ,O,O,I
1999,B,year,I
"; ders., ",O,O,I
"Geschichte der Ausländerpolitik in Deutschland: Saisonarbeiter, Zwangsarbeiter, Gastarbeiter, Flüchtlinge",B,title,I
", ",O,O,I
München,B,other,I
 ,O,O,I
2001,B,year,I
".
",O,O,I
Wolfgang Benz,B,editor,B
" (Hg.), ",O,O,I
"Die Vertreibung der Deutschen aus dem Osten. Ursache, Ereignisse, Folgen",B,title,I
", ",O,O,I
Frankfurt a. M.,B,other,I
 ,O,O,I
1985,B,year,I
"; 
",O,O,I
Albrecht,B,author,B
 ,I,author,I
Lehmann,I,author,I
", ",O,O,I
Im Fremden ungewollt zuhaus. Flüchtlinge und Vertriebene in Westdeutschland 1945–1990,B,title,I
", ",O,O,I
München,B,other,I
 ,O,O,I
1993,B,year,I
"; 
",O,O,I
Dierk Hoffmann,B,editor,B
/,O,O,I
Marita Krauss,B,editor,I
/,O,O,I
Michael Schwartz,B,editor,I
" (Hg.), ",O,O,I
Vertriebene in Deutschland. Interdisziplinäre Ergebnisse und Forschungsperspektiven,B,title,I
", ",O,O,I
München,B,other,I
 ,O,O,I
2000,B,year,I
".
",O,O,I
Helge,B,author,B
 ,I,author,I
Heidemeyer,I,author,I
", ",O,O,I
Flucht und Zuwanderung aus der SBZ/DDR 1945/49–1961. Die Flüchtlingspolitik der Bundesrepublik Deutschland bis zum Bau der Berliner Mauer,B,title,I
", ",O,O,I
Düsseldorf,B,other,I
 ,O,O,I
1994,B,year,I
"; 
",O,O,I
Volker,B,author,B
 ,I,author,I
Ackermann,I,author,I
", ",O,O,I
Der „echte“ Flüchtling. Deutsche Vertriebene und Flüchtlinge aus der DDR 1945–1961,B,title,I
", ",O,O,I
Osnabrück,B,other,I
 ,O,O,I
1995,B,year,I
".
",O,O,I
Wolfgang,B,author,B
 ,I,author,I
Jacobmeyer,I,author,I
", ",O,O,I
Vom Zwangsarbeiter zum Heimatlosen Ausländer. Die Displaced Persons in Westdeutschland 1945–1951,B,title,I
", ",O,O,I
Göttingen,B,other,I
 ,O,O,I
1985,B,year,I
".
",O,O,I
Arthur L.,B,author,B
 ,I,author,I
Smith,I,author,I
", ",O,O,I
Heimkehr aus dem Zweiten Weltkrieg. Die Entlassung der deutschen Kriegsgefangenen,B,title,I
", ",O,O,I
Stuttgart,B,other,I
 ,O,O,I
1985,B,year,I
".
",O,O,I
Simone,B,author,B
 ,I,author,I
Wolken,I,author,I
", ",O,O,I
Das Grundrecht auf Asyl als Gegenstand der Innen- und Rechtspolitik in der Bundesrepublik Deutschland,B,title,I
",",O,O,I
 Frankfurt a. M.,B,other,I
 1988,B,year,I
".
",O,O,I
Ursula,B,author,B
 ,I,author,I
Münch,I,author,I
", ",O,O,I
Asylpolitik in der Bundesrepublik Deutschland. Entwicklung und Alternativen,B,title,I
. ,O,O,I
2,B,issue,I
. ,O,O,I
überarb. und erg. Auflage Opladen,B,other,I
 ,O,O,I
1993,B,year,I
".
",O,O,I
Heiko Kaufmann,B,editor,B
" (Hg.), ",O,O,I
Kein Asyl bei den Deutschen. Anschlag auf ein Grundrecht,B,title,I
", ",O,O,I
Reinbek bei Hamburg,B,other,I
 ,O,O,I
1986,B,year,I
".
",O,O,I
Martin,B,author,B
 ,I,author,I
Breuninger,I,author,I
", ",O,O,I
Chilenen in der Bundesrepublik Deutschland: Flüchtlinge im doppelten Exil?,B,title,I
 In: ,O,O,I
Andreas Germshausen,B,editor,I
/,O,O,I
Wolf-Dieter Narr,B,editor,I
" (Hg.), ",O,O,I
Flucht und Asyl,B,source,I
", ",O,O,I
Berlin,B,other,I
 ,O,O,I
1988,B,year,I
", S. ",O,O,I
157,B,fpage,I
–,O,O,I
160,B,lpage,I
"
",O,O,I
Irmtrud,B,author,B
 ,I,author,I
Wojad,I,author,I
/,O,O,I
Pedro,B,author,I
 ,I,author,I
Holz,I,author,I
", ",O,O,I
Chilenische Exilanten in der Bundesrepublik Deutschland (1973–1989),B,title,I
. In: ,O,O,I
Claus-Dieter Krohn,B,editor,I
/,O,O,I
Erwin Rotermund,B,editor,I
/,O,O,I
Lutz Winckler,B,editor,I
/,O,O,I
Wulf Koepke,B,editor,I
" (Hg.), ",O,O,I
Exile im 20. Jahrhundert,B,source,I
", ",O,O,I
München,B,other,I
 ,O,O,I
2000,B,year,I
", S. ",O,O,I
88,B,fpage,I
–,O,O,I
111,B,lpage,I
".
",O,O,I
Berliner Institut für vergleichende Sozialforschung,B,editor,B
" (Hg.), ",O,O,I
"Weltflüchtlingsbericht. Ein Handbuch zu Fluchtursachen und Asyl, Bevölkerungsbewegungen und Entwicklungspolitik",B,title,I
", ",O,O,I
Berlin,B,other,I
 ,O,O,I
o.J.,B,other,I
"
",O,O,I
Klaus J.,B,author,B
 ,I,author,I
Bade,I,author,I
", ",O,O,I
Ausländer – Aussiedler – Asyl. Eine Bestandsaufnahme,B,title,I
", ",O,O,I
München,B,other,I
 ,O,O,I
1994,B,year,I
".
",O,O,I
Elisabeth,B,author,B
 ,I,author,I
Bronfen,I,author,I
/,O,O,I
Benjamin,B,author,I
 ,I,author,I
Marius,I,author,I
",",O,O,I
 Hybride Kulturen. Einleitung zur anglo-amerikanischen Multikulturalismusdebatte,B,title,I
. In: ,O,O,I
Dies.,B,other,I
/,O,O,I
Therese Steffen,B,editor,I
", ",O,O,I
Hybride Kulturen. Beiträge zur anglo-amerikanischen Multikulturalismusdebatte,B,source,I
", ",O,O,I
Tübingen,B,other,I
 ,O,O,I
1997,B,year,I
", S. ",O,O,I
1,B,fpage,I
–,O,O,I
29,B,lpage,I
", ",O,O,I
hier S. 7.,B,other,I
"
",O,O,I
Jan C.,B,author,B
 ,I,author,I
Behrends,I,author,I
/,O,O,I
Dennis,B,author,I
 ,I,author,I
Kuck,I,author,I
/,O,O,I
Patrice G.,B,author,I
 ,I,author,I
Poutrus,I,author,I
", ",O,O,I
Fremd-Sein in der staatssozialistischen Diktatur. Zu historischen Ursachen von Fremdenfeindlichkeit und rassistischer Gewalt in den neuen Bundesländern,B,title,I
. In: ,O,O,I
Susan Arndt,B,editor,I
 (Hg.): ,O,O,I
Afrikabilder. Studien zu Rassismus in Deutschland,B,source,I
", ",O,O,I
Münster,B,other,I
 ,O,O,I
2001,B,year,I
", S. ",O,O,I
184,B,fpage,I
–,O,O,I
204,B,lpage,I
".
",O,O,I
Axel,B,author,B
 ,I,author,I
Schildt,I,author,I
",",O,O,I
" Moderne Zeiten. Freizeit, Massenmedien und „Zeitgeist“ in der Bundesrepublik der 50er Jahre",B,title,I
", ",O,O,I
Hamburg,B,other,I
 ,O,O,I
1995,B,year,I
".
",O,O,I
Andreas Germershausen,B,editor,B
/,O,O,I
Wolf-Dieter Narr,B,editor,I
" (Hg.), ",O,O,I
Flucht und Asyl. Berichte über Flüchtlingsgruppen,B,title,I
", ",O,O,I
Berlin,B,other,I
 ,O,O,I
1988,B,year,I
".
",O,O,I
Jürgen,B,author,B
 ,I,author,I
Hofrichter,I,author,I
/,O,O,I
Michael,B,author,I
 ,I,author,I
Klein,I,author,I
", ",O,O,I
Festung Europa. Das Ausmaß der Abneigung gegenüber Immigranten in der Europäischen Gemeinschaft zu Beginn der 90er Jahre,B,title,I
. In: ,O,O,I
Informationen zur Raumentwicklung,B,source,I
",",O,O,I
 5/6,B,volume,I
 (,O,O,I
1994,B,year,I
"), S. ",O,O,I
321,B,fpage,I
–,O,O,I
334,B,lpage,I
; ,O,O,I
"Santel, Migration in und nach Europa",B,other,I
.,O,O,I
