token,tag,label,ref
Susanne,B,author,B
 ,I,author,I
Baller,I,author,I
", ",O,O,I
Abschied von Gutenberg?,B,title,I
 in: ,O,O,I
SPIEGEL Spezial Heft,B,source,I
 ,O,O,I
3,B,volume,I
/,O,O,I
1997,B,year,I
", S. ",O,O,I
39f,B,fpage,I
".
",O,O,I
"Interview-Projekt: 'Fragen, die nicht gestellt wurden?'",B,title,B
; ,O,O,I
http://hsozkult.geschichte.hu-berlin.de/intervie/index.htm,B,url,I
".
",O,O,I
Mark Lawrence,B,author,B
 ,I,author,I
Kornbluh,I,author,I
: ,O,O,I
H-Net: Humanities and Social Sciences OnLine,B,title,I
", ",O,O,I
"Mail an die H-NetEditoren vom Tuesday, January 26,",B,other,I
 ,O,O,I
1999,B,year,I
".
",O,O,I
Martina Kessel,B,editor,B
 / ,O,O,I
Christoph Conrad,B,editor,I
 (Hgg.): ,O,O,I
Kultur & Geschichte. Neue Einblicke in eine alte Beziehung,B,title,I
. ,O,O,I
Leipzig,B,other,I
 ,O,O,I
1998,B,year,I
".
",O,O,I
H-Review,B,editor,B
 hat folgende URL: ,O,O,I
http://www.h-net.msu.edu/reviews/,B,url,I
"
",O,O,I
Homepage des ,O,O,I
H-Nets,B,editor,B
: ,O,O,I
http://www.h-net.msu.edu,B,url,I
"
",O,O,I
http:lhsozkult.geschichte.huberlin.de/rezensio/symposiu/symposiu.htm,B,url,B
; sie sind außerdem in diesem Band abgedruckt.,O,O,I
