token,tag,label,ref
• ,O,O,I
Adloff,B,author,B
", ",I,author,I
Frank,I,author,I
 (,O,O,I
2005,B,year,I
): ,O,O,I
Zivilgesellschaft. Theorie und politische Praxis,B,title,I
. ,O,O,I
"Frankfurt, New York",B,other,I
: ,O,O,I
Campus Verlag,B,publisher,I
".
",O,O,I
• ,O,O,I
Böckenförde,B,author,B
", ",I,author,I
Ernst Wolfgang,I,author,I
 (,O,O,I
1976,B,year,I
): ,O,O,I
"Staat, Gesellschaft, Freiheit",B,title,I
. ,O,O,I
Frankfurt a.M.,B,other,I
: ,O,O,I
Suhrkamp,B,publisher,I
".
",O,O,I
• ,O,O,I
Bürmann,B,author,B
", ",I,author,I
Jörg,I,author,I
 (,O,O,I
2003,B,year,I
): ,O,O,I
Die Gesellschaft nach der Arbeit,B,title,I
. ,O,O,I
"Münster, Hamburg, London",B,other,I
", ",O,O,I
Lit Verlag,B,publisher,I
".
",O,O,I
• ,O,O,I
Croissant,B,author,B
", ",I,author,I
Aurel,I,author,I
/,O,O,I
Hans-Joachim,B,author,I
 ,I,author,I
Lauth,I,author,I
/,O,O,I
Wolfgang,B,author,I
 ,I,author,I
Merkel,I,author,I
 (,O,O,I
2000,B,year,I
): ,O,O,I
Zivilgesellschaft und Transformation,B,title,I
. In: ,O,O,I
Wolfgang Merkel,B,editor,I
 (Hrsg.): ,O,O,I
Systemwechsel 5. Zivilgesellschaft und Transformation,B,source,I
. ,O,O,I
Opladen,B,other,I
: ,O,O,I
Leske+budrich,B,publisher,I
", S. ",O,O,I
9,B,fpage,I
-,O,O,I
49,B,lpage,I
".
",O,O,I
• ,O,O,I
Dahrendorf,B,author,B
", ",I,author,I
Ralf,I,author,I
 (,O,O,I
2003,B,year,I
): ,O,O,I
Auf der Suche nach einer neuen Ordnung: Vorlesungen zur Politik der Freiheit im 21. Jahrhundert,B,title,I
. ,O,O,I
München,B,other,I
: ,O,O,I
C.H. Beck,B,publisher,I
. ,O,O,I
4,B,volume,I
.Auflage ,O,O,I
2007,B,other,I
"
",O,O,I
• ,O,O,I
Di Fabio,B,author,B
", ",O,O,I
Udo,B,author,I
 (,O,O,I
2007,B,year,I
): ,O,O,I
Gemeinsinn zwischen Rationalität und Romantik. Rede anlässlich 50 Jahre Aktion Gemeinsinn,B,title,I
. URL: ,O,O,I
http://www.gemeinsinn.de/beitraege/50_Jahre_GemeinsinnRede_diFabio_071017.pdf,B,url,I
 (Stand:,O,O,I
 23.10.2009,B,other,I
").
",O,O,I
Enquete-Kommission,B,editor,B
 ,O,O,I
„Zukunft des Bürgerschaftlichen Engagements“,B,title,I
 (,O,O,I
2002,B,year,I
): ,O,O,I
„Bericht der Enquete-Kommission „Zukunft des Bürgerschaftlichen Engagements“ Bürgerschaftliches Engagement: auf dem Weg in eine zukunftsfähige Bürgergesellschaft.“,B,source,I
 ,O,O,I
Deutscher Bundestag,B,other,I
", ",O,O,I
14,B,volume,I
. ,O,O,I
Wahlperiode. Drucksache 14/8900,B,other,I
".
",O,O,I
• ,O,O,I
Jann,B,author,B
", ",I,author,I
Werner,I,author,I
 (,O,O,I
2005,B,year,I
): ,O,O,I
Governance als Reformstrategie – Vom Wandel und der Bedeutung verwaltungspolitischer Leitbilder,B,title,I
. In: ,O,O,I
"Schuppert, Gunnar F.",B,editor,I
 (Hrsg.): ,O,O,I
Governance Forschung. Vergewisserung über Stand und Entwicklungslinien,B,source,I
. ,O,O,I
BadenBaden,B,other,I
: ,O,O,I
Nomos,B,other,I
", S. ",O,O,I
21,B,fpage,I
-,O,O,I
44,B,lpage,I
".
",O,O,I
• ,O,O,I
Lösch,B,author,B
", ",I,author,I
Bettina ,I,author,I
(,O,O,I
2007,B,year,I
): ,O,O,I
Die neoliberale Hegemonie als Gefahr für die Demokratie,B,title,I
. In: ,O,O,I
Christoph Butterwegge,B,editor,I
/,O,O,I
Bettina Lösch,B,editor,I
/,O,O,I
Ralf Ptak,B,editor,I
: ,O,O,I
Kritik des Neoliberalismus,B,source,I
. ,O,O,I
2,B,volume,I
"., ",O,O,I
verbesserte Auflage,B,other,I
. ,O,O,I
Wiesbaden,B,other,I
: ,O,O,I
VS Verlag,B,publisher,I
", ",O,O,I
2008,B,year,I
", S. ",O,O,I
221,B,fpage,I
-,O,O,I
283,B,lpage,I
".
",O,O,I
• ,O,O,I
Meyer,B,author,B
", ",I,author,I
Thomas,I,author,I
 (,O,O,I
2005,B,year,I
): ,O,O,I
Theorie der Sozialen Demokratie,B,title,I
. ,O,O,I
Wiesbaden,B,other,I
: ,O,O,I
VS-Verlag,B,publisher,I
".
",O,O,I
• ,O,O,I
Mielke,B,author,B
", ",I,author,I
Gerd,I,author,I
 (,O,O,I
2001,B,year,I
): ,O,O,I
Sozialdemokratie und Bürgergesellschaft. Anmerkungen zu einer komplizierten Beziehung,B,title,I
. In: ,O,O,I
Blätter für deutsche und internationale Politik,B,source,I
. Nr.,O,O,I
4,B,volume,I
/,O,O,I
2001,B,other,I
", (S. ",O,O,I
701,B,fpage,I
-,O,O,I
710,B,lpage,I
").
",O,O,I
• ,O,O,I
Mielke,B,author,B
", ",I,author,I
Gerd,I,author,I
 (,O,O,I
2007,B,year,I
): ,O,O,I
Auf verlorenem Posten? Parteien in der Bürgergesellschaft,B,title,I
. In: ,O,O,I
Forschungsjournal NSB,B,source,I
", ",O,O,I
Jg.,B,other,I
20,B,volume,I
", ",O,O,I
4,B,issue,I
"/2007, ( S. ",O,O,I
63,B,fpage,I
-,O,O,I
71,B,lpage,I
). S. ,O,O,I
63,B,other,I
"
",O,O,I
• ,O,O,I
Rath,B,author,B
", ",I,author,I
Christian,I,author,I
 (,O,O,I
2009,B,year,I
): ,O,O,I
Freiheit ist Ansteckend,B,title,I
. In:,O,O,I
 Die Tageszeitung,B,source,I
", ",O,O,I
23.09.2009,B,other,I
. S. ,O,O,I
04,B,fpage,I
".
",O,O,I
• ,O,O,I
Reimer,B,author,B
", ",I,author,I
Sabine,I,author,I
 (,O,O,I
2006,B,year,I
): ,O,O,I
Die Stärke der Zivilgesellschaft in Deutschland. The Strength of Civil Society in Germany,B,title,I
. ,O,O,I
Berlin,B,other,I
: ,O,O,I
Maecenata Verlag,B,publisher,I
", ",O,O,I
2006,B,year,I
".
",O,O,I
• ,O,O,I
Roth,B,author,B
", ",I,author,I
Roland,I,author,I
 (,O,O,I
2003,B,year,I
): ,O,O,I
Die dunklen Seiten der Zivilgesellschaft. Grenzen einer zivilgesellschaftlichen Fundierung von Demokratie,B,title,I
", in: ",O,O,I
Forschungsjournal NSB,B,other,I
", ",O,O,I
Jg.,B,other,I
 ,O,O,I
16,B,volume,I
", Heft ",O,O,I
2,B,issue,I
", ",O,O,I
2003,B,other,I
. ,O,O,I
59,B,fpage,I
-,O,O,I
63,B,lpage,I
".
",O,O,I
• ,O,O,I
Rupert Graf,B,author,B
 ,I,author,I
Strachwitz,I,author,I
 (,O,O,I
2009,B,year,I
): ,O,O,I
Der zivilgesellschaftliche Mehrwert. Eine Einführung,B,title,I
. In: ,O,O,I
"Groschke, Gründinger",B,editor,I
", ",O,O,I
et al.,B,other,I
 (Hg.) (,O,O,I
2009,B,year,I
): ,O,O,I
Der zivilgesellschaftliche Mehrwert. Beiträge unterschiedlicher Organisationen,B,source,I
. ,O,O,I
Berlin,B,other,I
: ,O,O,I
Maecenata Institut für Philanthropie und Zivilgesellschaft,B,publisher,I
. ,O,O,I
Opusculum Nr. 39.,B,other,I
 URN: ,O,O,I
urn:nbn:de:0243- 122009op396,B,other,I
 (S. ,O,O,I
5,B,fpage,I
-,O,O,I
20,B,lpage,I
").
",O,O,I
• ,O,O,I
Thiery,B,author,B
", ",I,author,I
Peter,I,author,I
 (,O,O,I
2008,B,year,I
): ,O,O,I
Zivilgesellschaft,B,title,I
. In: ,O,O,I
Dieter Nohlen,B,editor,I
/,O,O,I
Florian Grotz,B,editor,I
 (Hrsg.): ,O,O,I
Kleines Lexikon der Politik,B,source,I
. ,O,O,I
Bonn,B,other,I
: ,O,O,I
Bundeszentrale für politische Bildung,B,publisher,I
", S. ",O,O,I
655,B,fpage,I
-,O,O,I
657,B,lpage,I
".
",O,O,I
• ,O,O,I
Wollmann,B,author,B
", ",I,author,I
Hellmut,I,author,I
 (,O,O,I
2008,B,year,I
),O,O,I
: Politikberatung,B,title,I
. In: ,O,O,I
Dieter Nohlen,B,editor,I
", ",O,O,I
Florian Grotz,B,editor,I
 (Hrsg.): ,O,O,I
Kleines Lexikon der Politik,B,source,I
. ,O,O,I
Bonn,B,other,I
: ,O,O,I
Bundeszentrale für politische Bildung,B,publisher,I
. S. ,O,O,I
413,B,volume,I
-,O,O,I
417,B,fpage,I
".
",O,O,I
• ,O,O,I
CDU,B,editor,B
 (Hrsg.) (,O,O,I
1978,B,year,I
): ,O,O,I
"Grundsatzprogramm „Freiheit, Solidarität, Gerechtigkeit“",B,title,I
. ,O,O,I
26,B,volume,I
. ,O,O,I
Bundesparteitag,B,other,I
", ",O,O,I
23,B,volume,I
.-,O,O,I
25,B,fpage,I
. ,O,O,I
"Oktober 1978, Ludwigshafen",B,other,I
. URL: ,O,O,I
http://www.grundsatzprogramm.cdu.de/doc/1978_Ludwigshafen_Grundsatzprogram m-Freiheit-Solidaritaet-Ger.pdf,B,url,I
 (Stand: ,O,O,I
3.10.09,B,other,I
")
",O,O,I
• ,O,O,I
CDU,B,editor,B
 (Hrsg.) (,O,O,I
1994,B,year,I
): ,O,O,I
Grundsatzprogramm „Freiheit in Verantwortung“,B,title,I
. ,O,O,I
5,B,volume,I
.,O,O,I
Parteitag,B,other,I
", ",O,O,I
21,B,fpage,I
.-,O,O,I
23,B,lpage,I
. ,O,O,I
Februar 1994,B,other,I
", ",O,O,I
Hamburg,B,other,I
. URL: ,O,O,I
http://www.kas.de/upload/themen/programmatik_der_cdu/programme/ 1994_Hamburg_Grundsatzprogramm_Freiheit_in_Verantwortung.pdf,B,url,I
 (Stand: ,O,O,I
3.10.09,B,other,I
")
",O,O,I
• ,O,O,I
CSU,B,editor,B
 (Hrsg.) (,O,O,I
2001,B,year,I
): ,O,O,I
Aktive Bürgergesellschaft. Damit wird Deutschland menschlicher und Leistungsfähiger. ,B,title,I
http://www.csu.de/dateien/kommission/grundsatz/Dokumente/021013_beschluss.pdf,B,url,I
 (Stand: ,O,O,I
20.09.09,B,other,I
")
",O,O,I
• ,O,O,I
CDU,B,editor,B
 (Hrsg.) (,O,O,I
2007,B,year,I
): ,O,O,I
Freiheit und Sicherheit. Grundsätze für Deutschland. Das Grundsatzprogramm. Beschlossen vom 21,B,title,I
. ,O,O,I
Parteitag,B,other,I
", ",O,O,I
Hannover,B,other,I
", ",O,O,I
3,B,fpage,I
.-,O,O,I
4,B,lpage,I
. ,O,O,I
Dezember 2007,B,year,I
. URL: ,O,O,I
http://www.grundsatzprogramm.cdu.de/doc/071203-beschlussgrundsatzprogramm-6-navigierbar.pdf,B,url,I
 ,O,O,I
(Stand: 03.10.09),B,other,I
"
",O,O,I
• ,O,O,I
Glück,B,author,B
", ",I,author,I
Alois,I,author,I
 (,O,O,I
2004,B,year,I
): ,O,O,I
Für ein leistungsfähiges und menschliches Deutschland. Über das Konzept einer aktiven Bürgergesellschaft,B,title,I
. In: ,O,O,I
KAS,B,editor,I
 (Hrsg.): ,O,O,I
Die Politische Meinung,B,source,I
", Nr. ",O,O,I
414,B,volume,I
", ",O,O,I
Mai 2004,B,other,I
", S. ",O,O,I
11,B,fpage,I
 – ,O,O,I
14,B,lpage,I
".
",O,O,I
• ,O,O,I
Konrad-Adenauer-Stiftung e.V.,B,editor,B
 (,O,O,I
2003,B,year,I
): ,O,O,I
Aufbruch in die Bürgergesellschaft: Weniger Staat – mehr Eigenverantwortung. Grundsatzpapier des Kuratoriums der KonradAdenauer-Stiftung,B,title,I
.URL: ,O,O,I
http://www.kas.de/wf/doc/kas_2604-544-1-30.pdf,B,url,I
 (Stand: ,O,O,I
27.09.2009,B,other,I
").
",O,O,I
• ,O,O,I
Konrad-Adenauer-Stiftung e.V.,B,editor,B
 (Hrsg.) (,O,O,I
2009,B,year,I
),O,O,I
: Reader Bürgergesellschaft 2008. Themen zum bürgerschaftlichen Engagement,B,title,I
. URL: ,O,O,I
http://www.kas.de/wf/doc/kas_15778-544-1-30.pdf,B,url,I
 (Stand: ,O,O,I
3.10.09,B,other,I
")
",O,O,I
• ,O,O,I
Müller,B,author,B
", ",I,author,I
Klaus-Peter,I,author,I
 (,O,O,I
2004,B,year,I
): ,O,O,I
Die Soziale Marktwirtschaft leben. Unternehmer und Manager als Akteure der Bürgergesellschaft,B,title,I
. In: ,O,O,I
KAS,B,editor,I
 (Hrsg.): ,O,O,I
Die Politische Meinung,B,source,I
. Nr. ,O,O,I
414,B,volume,I
", ",O,O,I
Mai 2004,B,other,I
", S. ",O,O,I
21,B,fpage,I
 – ,O,O,I
24,B,lpage,I
".
",O,O,I
• ,O,O,I
Oettinger,B,author,B
", ",I,author,I
Günther H.,I,author,I
 (,O,O,I
2008,B,year,I
),O,O,I
: Soziale Marktwirtschaft und die Rolle des Staates. Auf die Bürger kommt es an,B,title,I
. In: ,O,O,I
KAS,B,editor,I
 (Hrsg.): ,O,O,I
Die Politische Meinung,B,source,I
", Nr. ",O,O,I
463,B,volume,I
", ",O,O,I
Juni 2008,B,other,I
", S. ",O,O,I
50,B,fpage,I
 – ,O,O,I
53,B,lpage,I
".
",O,O,I
• ,O,O,I
Rödder,B,author,B
", ",I,author,I
Andreas,I,author,I
 (,O,O,I
2008,B,year,I
): ,O,O,I
"Was heißt heute konservativ? Das Maß der Mitte im politischen Denken, Entscheiden und Handeln",B,title,I
. In: ,O,O,I
KAS,B,editor,I
 (Hrsg.): ,O,O,I
Die politische Meinung,B,source,I
. Nr. ,O,O,I
466,B,volume,I
", ",O,O,I
September 2008,B,other,I
", S. ",O,O,I
59,B,fpage,I
 – ,O,O,I
63,B,lpage,I
".
",O,O,I
• Schmitz,B,author,B
", ",I,author,I
Michael,I,author,I
 (,O,O,I
2003,B,year,I
): ,O,O,I
Bürgergesellschaft in programmatischen Aussagen der Parteien I – SPD und CDU/CSU,B,title,I
. ,O,O,I
Arbeitspapier herausgegeben von der KonradAdenauer-Stiftung e.V..,B,source,I
 Nr.,O,O,I
105,B,volume,I
", ",O,O,I
Sankt Augustin,B,other,I
 ,O,O,I
2003,B,year,I
".
",O,O,I
• ,O,O,I
Uertz,B,author,B
", ",O,O,I
Rudolf,B,author,I
 (,O,O,I
2003,B,year,I
): ,O,O,I
Bürgergesellschaft. Lebendige Demokratie,B,title,I
. ,O,O,I
KAS,B,source,I
. URL: ,O,O,I
http://www.kas.de/wf/de/33.1757/,B,url,I
 (Stand: ,O,O,I
10.10.09,B,other,I
").
",O,O,I
• Bürsch,B,author,B
", ",I,author,I
Michael MdB,I,author,I
 (,O,O,I
2006,B,year,I
),O,O,I
: Leitbild Lebendige Bürgergesellschaft,B,title,I
. ,O,O,I
"Plädoyer für einen neuen Gesellschaftsvertrag zwischen Staat, Wirtschaft und Gesellschaft",B,title,I
. ,O,O,I
Friedrich-Ebert-Stiftung. Betrifft: Bürgergesellschaft,B,source,I
 ,O,O,I
01,B,volume,I
".
",O,O,I
• ,O,O,I
Friedrich-Ebert-Stiftung,B,editor,B
: ,O,O,I
Arbeitskreis „Bürgergesellschaft und aktivierender Staat“,B,title,I
. URL: ,O,O,I
http://www.fes.de/buergergesellschaft/index.htm,B,url,I
 (Stand: ,O,O,I
10.10.2009,B,other,I
")
",O,O,I
• ,O,O,I
Friedrich-Ebert-Stiftung,B,editor,B
: ,O,O,I
Leitbild Bürgergesellschaft,B,title,I
. URL: ,O,O,I
http://www.fes.de/buergergesellschaft/arbeitskreis/leitbild.htm,B,url,I
 (Stand: ,O,O,I
19.10.2009,B,other,I
")
",O,O,I
• ,O,O,I
Schröder,B,author,B
", ",I,author,I
Gerhard,I,author,I
/,O,O,I
Toni,B,author,I
 ,I,author,I
Blair,I,author,I
 (,O,O,I
1999,B,year,I
): ,O,O,I
Der Weg nach vorne für Europas Sozialdemokraten. Ein Vorschlag von Gerhard Schröder und Toni Blair. ,B,title,I
URL: ,O,O,I
http://www.glasnost.de/pol/schroederblair.html,B,url,I
 ,O,O,I
(Stand: 10.10.2009),B,other,I
"
",O,O,I
• ,O,O,I
Schröder,B,author,B
", ",I,author,I
Gerhard,I,author,I
 (,O,O,I
2000,B,year,I
): ,O,O,I
Die zivile Bürgergesellschaft. Anregungen zu einer Neubestimmung der Aufgaben von Staat und Gesellschaft,B,title,I
. In:,O,O,I
" Meyer, Thomas",B,editor,I
/,O,O,I
Reinhard Weil,B,editor,I
 (Hrsg.)(,O,O,I
2000,B,year,I
): ,O,O,I
"Die Bürgergesellschaft Perspektiven für Bürgerbeteiligung und Bürgerkommunikation""",B,source,I
. ,O,O,I
Bonn,B,other,I
: ,O,O,I
Verlag J.H.W. Dietz Nachf. GmbH,B,publisher,I
. (,O,O,I
185,B,fpage,I
-,O,O,I
194,B,lpage,I
").
",O,O,I
• ,O,O,I
SPD Arbeitsgruppe Bürgerschaftliches Engagement,B,source,B
 (,O,O,I
2002-2005,B,year,I
): URL:,O,O,I
" http://www.spdfraktion.de/cnt/rs/rs_dok/0,,33105,00.html",B,url,I
 (Stand: ,O,O,I
10.10.2009,B,other,I
")
",O,O,I
• ,O,O,I
SPD ,B,editor,B
(Hrsg.) (,O,O,I
1998,B,year,I
): ,O,O,I
Grundsatzprogramm der Sozialdemokratischen Partei Deutschlands,B,title,I
. ,O,O,I
Beschlossen vom Programm-Parteitag der Sozialdemokratischen Partei Deutschlands am 20. Dezember 1989 in Berlin geändert auf dem Parteitag in Leipzig am 17.04.1998.,B,source,I
"
",O,O,I
• ,O,O,I
SPD Vorstand,B,editor,B
 (Hrsg.) (,O,O,I
2007,B,year,I
): ,O,O,I
Hamburger Programm,B,title,I
. ,O,O,I
Grundsatzprogramm der Sozialdemokratischen Partei Deutschlands. Beschlossen auf dem Hamburger Bundesparteitag der SPD am 28. Oktober 2007.,B,source,I
"
",O,O,I
• ,O,O,I
SPD ,B,editor,B
(Hrsg.) (,O,O,I
2007,B,year,I
): ,O,O,I
Soziale Demokratie im 21. Jahrhundert. „Bremer Entwurf“ für ein neues Grundsatzprogramm der Sozialdemokratischen Partei Deutschlands,B,title,I
. ,O,O,I
Januar 2007,B,other,I
".
",O,O,I
