token,tag,label,ref
Benjamin,B,author,B
", ",I,author,I
Walter,I,author,I
 (,O,O,I
1963,B,year,I
). ,O,O,I
Das Kunstwerk im Zeitalter seiner technischen Reproduzierbarkeit,B,title,I
. ,O,O,I
Frankfurt am Main,B,other,I
: ,O,O,I
Suhrkamp,B,publisher,I
".
",O,O,I
Böhme,B,author,B
", ",I,author,I
Hartmut,I,author,I
 & ,O,O,I
Böhme,B,author,I
", ",I,author,I
Gernot,I,author,I
 (,O,O,I
1985,B,year,I
). ,O,O,I
Das Andere der Vernunft,B,title,I
. ,O,O,I
Frankfurt am Main,B,other,I
: ,O,O,I
Suhrkamp,B,publisher,I
".
",O,O,I
Birkenstock,B,author,B
", ",I,author,I
Eva,I,author,I
 (,O,O,I
1997,B,year,I
). ,O,O,I
Heißt philosophieren sterben lernen?,B,title,I
 ,O,O,I
Freiburg/Breisgau,B,other,I
: ,O,O,I
Alber,B,publisher,I
".
",O,O,I
Elias,B,author,B
", ",I,author,I
Norbert,I,author,I
. (,O,O,I
1982,B,year,I
) ,O,O,I
Über die Einsamkeit der Sterbenden in unseren Tagen,B,title,I
. ,O,O,I
Frankfurt am Main,B,other,I
: ,O,O,I
Suhrkamp,B,publisher,I
".
",O,O,I
Feldman,B,author,B
", ",I,author,I
Fred,I,author,I
 (,O,O,I
1998,B,year,I
). ,O,O,I
Death,B,title,I
. In ,O,O,I
Edward Craig,B,editor,I
" (Ed.), ",O,O,I
Routledge Encyclopedia of Philosophy,B,source,I
", Band ",O,O,I
II,B,volume,I
 (p. ,O,O,I
817,B,fpage,I
-,O,O,I
823,B,lpage,I
). ,O,O,I
New York,B,other,I
: ,O,O,I
Routledge,B,publisher,I
".
",O,O,I
Foucault,B,author,B
", ",I,author,I
Michel,I,author,I
 (,O,O,I
1966,B,year,I
). ,O,O,I
Die Geburt der Klinik,B,title,I
. ,O,O,I
Frankfurt am Main,B,other,I
: ,O,O,I
Suhrkamp,B,publisher,I
".
",O,O,I
Foucault,B,author,B
", ",I,author,I
Michel,I,author,I
 (,O,O,I
1986,B,year,I
a). ,O,O,I
Die Sorge um sich,B,title,I
. ,O,O,I
Frankfurt am Main,B,other,I
: ,O,O,I
Suhrkamp,B,publisher,I
".
",O,O,I
Foucault,B,author,B
", ",I,author,I
Michel,I,author,I
 (,O,O,I
1986,B,year,I
b). ,O,O,I
Der Gebrauch der Lüste,B,title,I
. ,O,O,I
Frankfurt am Main,B,other,I
: ,O,O,I
Suhrkamp,B,publisher,I
".
",O,O,I
Foucault,B,author,B
", ",I,author,I
Michel,I,author,I
 (,O,O,I
1993,B,year,I
). ,O,O,I
Technologien des Selbst,B,title,I
. ,O,O,I
Frankfurt am Main,B,other,I
: ,O,O,I
Suhrkamp,B,publisher,I
".
",O,O,I
Goethe,B,author,B
", ",I,author,I
Johann Wolfgang,I,author,I
 (,O,O,I
1986,B,year,I
). ,O,O,I
Faust I,B,title,I
. ,O,O,I
Ditzingen,B,other,I
: ,O,O,I
Reclam,B,publisher,I
".
",O,O,I
Hadot,B,author,B
", ",I,author,I
Pierre,I,author,I
 (,O,O,I
1991,B,year,I
). ,O,O,I
Philosophie als Lebensform,B,title,I
. ,O,O,I
Berlin,B,other,I
: ,O,O,I
Gaza,B,publisher,I
".
",O,O,I
Heidegger,B,author,B
", ",I,author,I
Martin,I,author,I
 (,O,O,I
1986,B,year,I
). ,O,O,I
Sein und Zeit,B,title,I
. ,O,O,I
Tübingen,B,other,I
: ,O,O,I
Niemeyer,B,publisher,I
".
",O,O,I
Hesse,B,author,B
", ",O,O,I
Hermann,B,author,I
 (,O,O,I
1922,B,year,I
). ,O,O,I
Siddhartha: eine indische Dichtung,B,title,I
. Online-Publikation: ,O,O,I
http://www.gutenberg.org/etext/2499,B,url,I
 (Stand: ,O,O,I
04.05.2008,B,other,I
").
",O,O,I
Hügli,B,author,B
", ",I,author,I
Anton,I,author,I
 (,O,O,I
1998,B,year,I
). ,O,O,I
Sterben lernen,B,title,I
. In ,O,O,I
Historisches Wörterbuch der Philosophie,B,source,I
", Band ",O,O,I
X,B,volume,I
 (S. ,O,O,I
129,B,fpage,I
-,O,O,I
134,B,lpage,I
). ,O,O,I
Darmstadt,B,other,I
: ,O,O,I
Schwabe,B,publisher,I
".
",O,O,I
Illich,B,author,B
", ",I,author,I
Ivan,I,author,I
 (,O,O,I
1979,B,year,I
). ,O,O,I
Entmündigung durch Experten. Zur Kritik der Dienstleistungsberufe,B,title,I
. ,O,O,I
Hamburg,B,other,I
: ,O,O,I
Rowohlt,B,publisher,I
".
",O,O,I
Illich,B,author,B
", ",I,author,I
Ivan,I,author,I
 (,O,O,I
1995,B,year,I
). ,O,O,I
Die Nemesis der Medizin,B,title,I
. ,O,O,I
München,B,other,I
: ,O,O,I
Beck,B,publisher,I
".
",O,O,I
Kant,B,author,B
", ",I,author,I
Immanuel,I,author,I
 (,O,O,I
1785,B,year,I
). ,O,O,I
Grundlegung zur Metaphysik der Sitten,B,title,I
. Online-Publikation: ,O,O,I
"http://www.zeno.org/Philosophie/M/Kant,+Immanuel/Grundlegung+zur +Metaphysik+der+Sitten",B,url,I
 (,O,O,I
Stand: 04.05.2008,B,other,I
").
",O,O,I
Kübler-Ross,B,author,B
", ",I,author,I
Elizabeth,I,author,I
 (,O,O,I
1999,B,year,I
). ,O,O,I
"Sterben lernen, leben lernen",B,title,I
. ,O,O,I
Melsbach,B,other,I
: ,O,O,I
Silberschnur,B,publisher,I
".
",O,O,I
Laager,B,author,B
", ",I,author,I
Jacques,I,author,I
 (,O,O,I
1996,B,year,I
).,O,O,I
Ars moriendi. Die Kunst gut zu leben und gut zu sterben. Texte von Cicero bis Luther,B,title,I
. ,O,O,I
Zürich,B,other,I
: ,O,O,I
Manesse,B,publisher,I
".
",O,O,I
Luckmann,B,author,B
", ",I,author,I
Thomas,I,author,I
 & ,O,O,I
Schütz,B,author,I
", ",I,author,I
Alfred,I,author,I
 (,O,O,I
2003,B,year,I
). ,O,O,I
Strukturen der Lebenswelt,B,title,I
. ,O,O,I
Neuwied,B,other,I
: ,O,O,I
UTB,B,publisher,I
".
",O,O,I
Mann,B,author,B
", ",I,author,I
Thomas,I,author,I
 (,O,O,I
2003,B,year,I
). ,O,O,I
Der Zauberberg,B,title,I
. ,O,O,I
Frankfurt am Main,B,other,I
: ,O,O,I
Fischer,B,publisher,I
".
",O,O,I
Mann,B,author,B
", ",I,author,I
Thomas,I,author,I
 (,O,O,I
1984,B,year,I
). ,O,O,I
Reden und Aufsätze,B,title,I
. In ,O,O,I
Axel Vieregg,B,editor,I
" (Hrsg.), ",O,O,I
Die Werke von Thomas Mann: Gesammelte Werke in 13 Baenden,B,source,I
", Bd. ",O,O,I
11,B,volume,I
. ,O,O,I
Frankfurt am Main,B,other,I
: ,O,O,I
Fischer,B,publisher,I
".
",O,O,I
Marx,B,author,B
", ",O,O,I
Karl,B,author,I
 (,O,O,I
1867,B,year,I
). ,O,O,I
Das Kapital,B,title,I
. Bd ,O,O,I
I,B,volume,I
. Online-Publikation: ,O,O,I
http://www.mlwerke.de/me/me23/me23_214.htm,B,url,I
 (Stand: ,O,O,I
04.05.2008,B,other,I
").
",O,O,I
Mennemann,B,author,B
", ",I,author,I
Hugo,I,author,I
 (,O,O,I
1998,B,year,I
). ,O,O,I
Sterben lernen heißt leben lernen,B,title,I
. ,O,O,I
Münster,B,other,I
: ,O,O,I
LIT,B,publisher,I
".
",O,O,I
Nietzsche,B,author,B
", ",I,author,I
Friedrich,I,author,I
 (,O,O,I
1994,B,year,I
). In ,O,O,I
Giorgio Colli,B,editor,I
 & ,O,O,I
Mazzino Montinari,B,editor,I
" (Hrsg.),",O,O,I
 Werke: Kritische Studienausgabe,B,title,I
. ,O,O,I
15 ,B,volume,I
Bände. ,O,O,I
Berlin,B,other,I
: ,O,O,I
Gruyter,B,publisher,I
".
",O,O,I
Platon ,B,author,B
(,O,O,I
1985,B,year,I
). ,O,O,I
Platons Werke: Phaedon. In der Übersetzung von F. Schleiermacher,B,title,I
. Online-Publikation: ,O,O,I
http://gutenberg.spiegel.de/?id=5&xid=2459&kapitel=1#gb_found,B,url,I
 (Stand: ,O,O,I
04.05.2008,B,other,I
").
",O,O,I
Rahner,B,author,B
", ",I,author,I
Karl,I,author,I
(,O,O,I
1958,B,year,I
). ,O,O,I
Zur Theologie des Todes,B,title,I
. ,O,O,I
Freiburg/Breisgau,B,other,I
: ,O,O,I
Herder,B,publisher,I
".
",O,O,I
Renz,B,author,B
", ",I,author,I
Monika,I,author,I
(,O,O,I
2001,B,year,I
). ,O,O,I
Leben lernen – sterben lernen,B,title,I
. ,O,O,I
Paderborn,B,other,I
: ,O,O,I
Fassbinder,B,publisher,I
".
",O,O,I
Safranski,B,author,B
", ",I,author,I
Rüdiger,I,author,I
(,O,O,I
2001,B,year,I
). ,O,O,I
Ein Meister aus Deutschland,B,title,I
. ,O,O,I
Frankfurt am Main,B,other,I
: ,O,O,I
Fischer,B,publisher,I
".
",O,O,I
Weber,B,author,B
", ",O,O,I
Max,B,author,I
(,O,O,I
1999,B,year,I
). ,O,O,I
Die Protestantische Ethik und der Geist des Kapitalismus,B,title,I
. Online-Publikation: ,O,O,I
http://141.89.99.185:8080/uni/professuren/e06/a/a/ha/PE.pdf,B,url,I
 (Stand: ,O,O,I
04.05.2008,B,other,I
").
",O,O,I
Wildt,B,author,B
", ",I,author,I
Andreas,I,author,I
(,O,O,I
2002,B,year,I
). ,O,O,I
Sterben lernen in Philosophie und Psychotherapie,B,title,I
. In ,O,O,I
Emil Angehrn,B,editor,I
", ",O,O,I
Christian Iber,B,editor,I
 & ,O,O,I
Georg Lohmann,B,editor,I
" (Hrsg.), ",O,O,I
Der Sinn der Zeit,B,source,I
 (S. ,O,O,I
161,B,fpage,I
-,O,O,I
180,B,lpage,I
). ,O,O,I
Frankfurt am Main,B,other,I
: ,O,O,I
Fischer,B,publisher,I
.,O,O,I
