token,tag,label,ref
Alles,B,author,B
", ",I,author,I
T.,I,author,I
", ",O,O,I
Zelfel,B,author,I
", ",I,author,I
R.,I,author,I
 (,O,O,I
2008,B,year,I
). ,O,O,I
Gesundheitsmanagement in kleinen und mittleren Unternehmen. Repräsentative Befragung im Rahmen des Projekts „Gesunde Arbeit“,B,title,I
. ,O,O,I
Unveröffentlichtes Manuskript,B,source,I
".
",O,O,I
Arbeitsgemeinschaft Deutscher Berufsförderungswerke,B,editor,B
 (,O,O,I
2008,B,year,I
). ,O,O,I
Fit für die Zukunft: Das neue Reha-Modell. Rehavision. Chancen und Perspektive der Beruflichen Rehabilitation,B,title,I
".
",O,O,I
"Badura, B.",B,editor,B
", ",O,O,I
"Schellschmidt, H.",B,editor,I
", ",O,O,I
"Vetter, C.",B,editor,I
 (Hrsg.) (,O,O,I
2004,B,year,I
). ,O,O,I
Fehlzeiten-Report,B,source,I
 ,O,O,I
2004,B,year,I
. ,O,O,I
"Gesundheitsmanagement in Krankenhäusern und Pflegeeinrichtungen. Zahlen, Daten, Analysen aus allen Branchen der Wirtschaft",B,title,I
. ,O,O,I
Berlin,B,other,I
: ,O,O,I
Springer,B,publisher,I
".
",O,O,I
Bellwinkel,B,author,B
", ",I,author,I
M.,I,author,I
", ",O,O,I
Chruscz,B,author,I
", ",I,author,I
D.,I,author,I
", ",O,O,I
Schumann,B,author,I
", ",I,author,I
J.,I,author,I
 (,O,O,I
1998,B,year,I
). ,O,O,I
Neue Wege der Prävention arbeitsbedingter Erkrankungen. Eine integrierte Analyse von Sozialversicherungs- und Betriebsdaten,B,title,I
".
",O,O,I
BKK MTU Friedrichshafen,B,editor,B
 (,O,O,I
2007,B,year,I
). ,O,O,I
§ 14 Bonus für qualitätsgesicherte Maß- nahmen der betrieblichen Gesundheitsförderung,B,title,I
. ,O,O,I
In Satzung der BKK MTU Friedrichshafen,B,source,I
", Stand: ",O,O,I
01.08.2007.,B,other,I
 ,O,O,I
Friedrichshafen,B,other,I
".
",O,O,I
Brader,B,author,B
", ",I,author,I
D.,I,author,I
", ",O,O,I
Faßmann,B,author,I
", ",I,author,I
H.,I,author,I
", ",O,O,I
Lewerenz,B,author,I
", ",I,author,I
J.,I,author,I
", ",O,O,I
Steger,B,author,I
", ",I,author,I
R.,I,author,I
", ",O,O,I
Wübbeke,B,author,I
", ",I,author,I
C.,I,author,I
 (,O,O,I
2005,B,year,I
). ,O,O,I
Case Management zur Erhaltung von Beschäftigungsverhältnissen behinderter Menschen (CMB) – Abschlußbericht der wissenschaftlichen Begleitung einer Modellinitiative der Bundesarbeitsgemeinschaft für Rehabilitation,B,title,I
. ,O,O,I
ErlangenNürnberg,B,other,I
: ,O,O,I
Institut für empirische Soziologie an der Friedrich-AlexanderUniversität.,B,source,I
"
",O,O,I
Britschgi,B,author,B
", ",I,author,I
S.,I,author,I
 (,O,O,I
2006,B,year,I
). ,O,O,I
Krankheit und betriebliches Eingliederungsmanagement,B,title,I
", ",O,O,I
Frankfurt am Main,B,other,I
".
",O,O,I
"Bundesministerium für Familie, Senioren, Frauen und Jugend",B,editor,B
 (Hrsg.) (,O,O,I
2003,B,year,I
). ,O,O,I
Betriebswirtschaftliche Effekte familienfreundlicher Maßnahmen. Kosten-Nutzen-Analyse,B,title,I
", abrufbar unter ",O,O,I
"http://www.bmfsfj.de/Kategorien/Publikationen/Publikationen,did=11386.html",B,url,I
".
",O,O,I
Deutscher Bundestag,B,editor,B
 (Hrsg.) (,O,O,I
2007,B,year,I
). ,O,O,I
Bericht der Bundesregierung über die Wirkung der Instrumente zur Sicherung von Beschäftigung und zur betrieblichen Prävention,B,title,I
", abrufbar unter ",O,O,I
http://www.eibe-projekt.de/eibe/seiten/intern/downloads/ber_bureg_020707.pdf,B,url,I
"
",O,O,I
Deutsche Gesetzliche Unfallversicherung,B,editor,B
 (,O,O,I
2008,B,year,I
). ,O,O,I
Langzeitkranke Mitarbeiter kosten Arbeitgeber 400 Euro am Tag,B,title,I
", abrufbar unter ",O,O,I
http://www.dguv.de/inhalt/presse/2008/Q1/disability_management/index.jsp,B,url,I
"
",O,O,I
Deutsche Rentenversicherung,B,editor,B
 (Hrsg.) (,O,O,I
2007,B,year,I
). ,O,O,I
Regionale Initiative Betriebliches Eingliederungsmanagement,B,title,I
", abrufbar unter ",O,O,I
"http://www.deutscherentenversicherung.de/nn_10064/SharedDocs/de/Inhalt/Zielgruppen/02__arbeitgeber__steuerberater/dateianh_C3_A4nge/betriebliche__eingl iederung/abschlussbericht,templateId=raw,property=publicationFile.pdf/abschlussbericht",B,url,I
".
",O,O,I
Evers,B,author,B
", ",O,O,I
M.,B,author,I
", ",O,O,I
Schaeffer Huber,B,author,I
",",I,author,I
 D.,I,author,I
 (,O,O,I
2000,B,year,I
). ,O,O,I
Case Management in Theorie und Praxis,B,source,I
. ,O,O,I
Bern,B,other,I
: ,O,O,I
Huber,B,publisher,I
".
",O,O,I
El Gamali,B,author,B
", ",I,author,I
J.,I,author,I
", ",O,O,I
Selig,B,author,I
", ",I,author,I
R.,I,author,I
 (,O,O,I
2008,B,year,I
). ,O,O,I
Förderung der Einführung eines betrieblichen Eingliederungsmanagements. Prämien und Boni durch Rehabilitationsträger und Integrationsämter: Ergebnisse einer Umfrage,B,title,I
. In ,O,O,I
"Hahn, W.",B,editor,I
", ",O,O,I
"Baumeister, P.",B,editor,I
 (Hrsg.) ,O,O,I
Betriebliches Eingliederungsmanagement im Unternehmen,B,source,I
 (S. ,O,O,I
113,B,fpage,I
– ,O,O,I
131,B,lpage,I
). ,O,O,I
Berlin,B,other,I
", ",O,O,I
Logos Verlag,B,publisher,I
".
",O,O,I
Feldes,B,author,B
", ",I,author,I
W.,I,author,I
 (,O,O,I
2004,B,year,I
). ,O,O,I
"Rehabilitation vor Entlassung. Geänderte Kündigungsprävention und neues betriebliches Eingliederungsmanagement im SGB IX – nicht nur für behindert Beschäftigte, auch für längerfristig Kranke",B,title,I
. ,O,O,I
Soziale Sicherheit,B,source,I
", ",O,O,I
8,B,fpage,I
–,O,O,I
9,B,lpage,I
/,O,O,I
2004,B,year,I
"
",O,O,I
Flach,B,author,B
", ",I,author,I
T.,I,author,I
", ",O,O,I
Hetzel,B,author,I
", ",I,author,I
C.,I,author,I
", ",O,O,I
Mozdzanowski,B,author,I
", ",I,author,I
M.,I,author,I
 (,O,O,I
2006,B,year,I
). ,O,O,I
Auditierung des betrieblichen Eingliederungsmanagements,B,title,I
. ,O,O,I
Köln,B,other,I
: ,O,O,I
iqpr-Eigenverlag,B,publisher,I
".
",O,O,I
Gagel,B,author,B
", ",I,author,I
A.,I,author,I
 (,O,O,I
2004,B,year,I
). ,O,O,I
Bedeutung des Eingliederungsmanagements (§ 84 Absatz 2 SGB IX) für den Kündigungsschutz Teil I.,B,title,I
 abrufbar unter ,O,O,I
http://iqpr.de/iqpr/download/foren/B4-2004.pdf,B,url,I
".
",O,O,I
Hesse,B,author,B
", ",I,author,I
B.,I,author,I
", ",O,O,I
Heuer,B,author,I
", ",I,author,I
J.,I,author,I
 (,O,O,I
2007,B,year,I
). ,O,O,I
Kooperation und Rehabilitation im Betrieb. Ein Projekt zur Versorgungsforschung in kleinen und mittleren Unternehmen,B,title,I
. ,O,O,I
Abschlussbericht 2007,B,source,I
"
",O,O,I
Huschke-Rhein,B,author,B
", ",I,author,I
R.,I,author,I
 (,O,O,I
1987,B,year,I
). ,O,O,I
Qualitative Forschungsmethoden und Handlungsforschung II,B,title,I
. ,O,O,I
Köln,B,other,I
: ,O,O,I
Rhein-Verlag,B,publisher,I
".
",O,O,I
Kaiser,B,author,B
", ",I,author,I
H.,I,author,I
", ",O,O,I
Frohnweiler,B,author,I
", ",I,author,I
A.,I,author,I
", ",O,O,I
Jastrow,B,author,I
", ",I,author,I
B.,I,author,I
 (,O,O,I
2007,B,year,I
). ,O,O,I
EIBE – Entwicklung und Integration eines betrieblichen Eingliederungsmanagements,B,source,I
", ",O,O,I
Forschungsreihe des Bundesministeriums für Arbeit und Soziales,B,title,I
", ",O,O,I
Bericht,B,other,I
 ,O,O,I
372,B,volume,I
", ",O,O,I
ISSN 0174-4992,B,other,I
".
",O,O,I
Kaiser,B,author,B
", ",I,author,I
H.,I,author,I
", ",O,O,I
Jastrow,B,author,I
", ",I,author,I
B.,I,author,I
", ",O,O,I
Frohnweiler,B,author,I
", ",I,author,I
A.,I,author,I
 (,O,O,I
2007,B,year,I
). ,O,O,I
EIBE – Erfahrungen bei der Einführung eines betrieblichen Eingliederungsmanagements,B,source,I
", abrufbar unter ",O,O,I
http://www.iqpr.de/iqpr/seiten/diskussionsforen/forumb/forumb-de.asp#B12_2007,B,url,I
".
",O,O,I
Kaiser,B,author,B
", ",I,author,I
H.,I,author,I
", ",O,O,I
Frohnweiler,B,author,I
", >",I,author,I
A.,I,author,I
", ",O,O,I
Jastrow,B,author,I
", ",I,author,I
B.,I,author,I
 (,O,O,I
2008,B,year,I
). ,O,O,I
Erfahrungen bei der Umsetzung des betrieblichen Eingliederungsmanagements in KMU (Projekt EIBE),B,title,I
", in: ",O,O,I
"Wicher, K.",B,editor,I
", ",O,O,I
"Borstel, B. von",B,editor,I
 (Hrsg.): ,O,O,I
Betriebliches Eingliederungsmanagement – Handeln – aber wie?,B,source,I
 ,O,O,I
ISBN 978-3-88264-475-3.,B,identifier,I
"
",O,O,I
Kohte,B,author,B
", ",I,author,I
W.,I,author,I
 (,O,O,I
2005,B,year,I
). ,O,O,I
Das SGB IX als arbeits- und sozialrechtliche Grundlage der Teilhabe am Arbeitsleben,B,title,I
. ,O,O,I
Zeitschrift für Sozialreform (ZSR),B,source,I
", ",O,O,I
Sonderheft,B,publisher,I
 ,O,O,I
2005,B,year,I
".
",O,O,I
Liedtke,B,author,B
", ",I,author,I
St.,I,author,I
 (,O,O,I
2007,B,year,I
). ,O,O,I
Gesundheitsbezogene Maßnahmen und Möglichkeiten zum Erhalt der Erwerbsfähigkeit älterer Arbeitnehmer. (Veröffentlichungsreihe des Zentrums für Versorgungsforschung Fakultät für Gesundheitswissenschaften Universität Bielefeld),B,title,I
", abrufbar unter ",O,O,I
http://www.uni-bielefeld.de/gesundhw/zfv/liedtke.pdf,B,url,I
".
",O,O,I
Magin,B,author,B
", ",I,author,I
J.,I,author,I
 (,O,O,I
2004,B,year,I
). ,O,O,I
Betriebliches Eingliederungsmanagement nach dem SGB IX: Projekt Integrationsteam LGW des BMW-Werks Regensburg,B,title,I
", ",O,O,I
Abschlussbericht der wissenschaftlichen Begleitstudie,B,source,I
", abrufbar unter ",O,O,I
http://www.johannes-magin.de/themen.html#Integration.,B,url,I
"
",O,O,I
Niehaus,B,author,B
", ",I,author,I
M.,I,author,I
", ",O,O,I
Magin,B,author,I
",",I,author,I
J.,I,author,I
", ",O,O,I
Marfels,B,author,I
",",I,author,I
B.,I,author,I
", ",O,O,I
Vater,B,author,I
",",I,author,I
E.,I,author,I
", ",O,O,I
Werkstetter,B,author,I
",",I,author,I
E.,I,author,I
 (,O,O,I
2008,B,year,I
). ,O,O,I
Betriebliches Eingliederungsmanagement. Studie zur Umsetzung des Betrieblichen Eingliederungsmanagements nach § 84 Absatz 2 SGB IX,B,title,I
. ,O,O,I
Forschungsreihe des Bundesministeriums für Arbeit und Soziales,B,source,I
", ",O,O,I
Bericht,B,source,I
 ,O,O,I
374,B,volume,I
".
",O,O,I
Nürnberger,B,author,B
",",I,author,I
I.,I,author,I
 (,O,O,I
2007,B,year,I
). ,O,O,I
Dresdner Gespräche Prävention und Rehabilitation,B,title,I
", abrufbar unter ",O,O,I
http://www.iga-info.de/ fileadmin/texte/3._Dresdner_Gespraech/02_Nuernberger.pdf,B,url,I
".
",O,O,I
Persch,B,author,B
",",I,author,I
N.,I,author,I
", ",O,O,I
Weber,B,author,I
",",I,author,I
S.,I,author,I
", ",O,O,I
El Gamali,B,author,I
", ",I,author,I
J.,I,author,I
", ",O,O,I
Selig,B,author,I
",",I,author,I
R.,I,author,I
 (,O,O,I
2008,B,year,I
). ,O,O,I
Das betriebliche Eingliederungsmanagement – Umfragen zur Umsetzung im Rhein-NeckarRaum und zur deutschlandweiten Förderpraxis der Rehabilitationsträger und Integrationsämter,B,title,I
. ,O,O,I
Unveröffentlichtes Manuskript.,B,source,I
"
",O,O,I
Schlechter,B,author,B
",",I,author,I
K.,I,author,I
 (,O,O,I
2008,B,year,I
). ,O,O,I
Reha/Case Management Support mit Fahreignungszentrum Allgäu im Betrieblichen Eingliederungsmanagement,B,title,I
. ,O,O,I
Befragung von Maschinenbauunternehmen im Allgäu.,B,source,I
"
",O,O,I
"Schöffski,O.",B,editor,B
", ",O,O,I
"Schulenburg, J.-M. Graf v. d.",B,editor,I
 (Hrsg.) (,O,O,I
2007,B,year,I
). ,O,O,I
Gesundheitsökonomische Evaluationen,B,source,I
", ",O,O,I
3,B,volume,I
"., vollständig überarbeitete Auflage, ",O,O,I
"Berlin, Heidelberg, New York.",B,other,I
"
",O,O,I
SRH Hochschule Heidelberg,B,editor,B
 (,O,O,I
2007,B,year,I
). ,O,O,I
Tagung betriebliches Eingliederungsmanagement,B,title,I
", abrufbar unter ",O,O,I
http://web.fh-heidelberg.de/de/fh-heidelberg/9912.html,B,url,I
".
",O,O,I
Thönnes,B,author,B
",",I,author,I
F.,I,author,I
 (,O,O,I
2007,B,year,I
). ,O,O,I
Herausforderung demografischer Wandel – Chancen für betriebliche Prävention nutzen und aktivieren,B,title,I
", abrufbar unter ",O,O,I
http://www.bmas.de/coremedia/generator/23424/2007__11__30__rede__ thoennes__job__fachtagung.html,B,url,I
".
",O,O,I
Wolf,B,author,B
",",I,author,I
S.,I,author,I
 (,O,O,I
2008,B,year,I
). Die,O,O,I
 Mitwirkungspflicht des Arbeitnehmers bei Maßnahmen des Betrieblichen Eingliederungsmanagements nach § 84 Absatz 2 SGB IX,B,title,I
", abrufbar unter ",O,O,I
http://www.iqpr.de/iqpr/download/foren/B_12008.pdf,B,url,I
".
",O,O,I
