token,tag,label,ref
Bericht der Bundesregierung über Kinderarbeit in Deutschland,B,title,B
", ",O,O,I
Bundestags-Drucksache,B,source,I
 ,O,O,I
14/3500,B,volume,I
", ",O,O,I
02.06.2000,B,other,I
"
",O,O,I
Bieber-Delfosse,B,author,B
", ",I,author,I
G.,I,author,I
( ,O,O,I
2002,B,year,I
): ,O,O,I
Vom Medien- zum Kinderstar,B,title,I
. – ,O,O,I
Opladen,B,other,I
".
",O,O,I
"Die neue Richtlinie nach §6 JarbSchG, Kinderarbeit in den Medien",B,title,B
. In: ,O,O,I
"Jugendhilfe-Report, H.",B,source,I
 ,O,O,I
1/2002,B,volume,I
", S. ",O,O,I
12,B,fpage,I
-,O,O,I
14,B,lpage,I
".
",O,O,I
Gutknecht,B,author,B
", ",I,author,I
S.,I,author,I
 (,O,O,I
2006,B,year,I
): ,O,O,I
Vom Jugendarbeitsschutz zur medienpädagogischen Fachkraft,B,title,I
. ,O,O,I
"AJS Forum (AG Kinder- u. Jugendschutz der Landesstelle NRW, Köln)",B,source,I
", ",O,O,I
30,B,volume,I
", ",O,O,I
1,B,issue,I
", S. ",O,O,I
4,B,fpage,I
-,O,O,I
5,B,lpage,I
".
",O,O,I
Hansbauer,B,author,B
", ",I,author,I
P.,I,author,I
/,O,O,I
Güthoff,B,author,I
", ",I,author,I
F.,I,author,I
 (,O,O,I
2001,B,year,I
): ,O,O,I
Die medienpädagogische Fachkraft,B,title,I
. ,O,O,I
Chancen und Risiken. tv-diskurs,B,source,I
", ",O,O,I
18,B,volume,I
", S. ",O,O,I
48,B,fpage,I
-,O,O,I
50,B,lpage,I
".
",O,O,I
Frangenberg,B,author,B
", ",O,O,I
H.,B,author,I
/,O,O,I
Bäumler,B,author,I
", ",O,O,I
H.,B,author,I
 (,O,O,I
2008,B,year,I
): ,O,O,I
Genickbruch bei den Nibelungen,B,title,I
. In: ,O,O,I
Kölner Stadtanzeiger,B,source,I
. Online verfügbar unter: ,O,O,I
http://www.ksta.de/html/artikel/ 1195817019987.shtml,B,url,I
; Stand: ,O,O,I
31.10.08,B,other,I
".
",O,O,I
Kompetente Medienbegleitung,B,title,B
 (,O,O,I
2003,B,year,I
). In: ,O,O,I
Kinder in NRW,B,source,I
. Online verfügbar unter: ,O,O,I
www.kinder-in-nrw.de/download/kinderinnrw_3_03.pdf,B,url,I
; ,O,O,I
Stand: 10.11.08,B,other,I
".
",O,O,I
Liebel,B,author,B
", ",I,author,I
M.,I,author,I
 (,O,O,I
2001,B,year,I
): ,O,O,I
Kindheit und Arbeit,B,title,I
. – ,O,O,I
Frankfurt a. M./London,B,other,I
".
",O,O,I
Liebel,B,author,B
", ",I,author,I
M.,I,author,I
(,O,O,I
2005,B,year,I
): ,O,O,I
Verborgene Aspekte der Arbeit von Kindern,B,title,I
. In: ,O,O,I
Ders.,B,editor,I
 (Hrsg.): ,O,O,I
Kinder im Abseits,B,source,I
. – ,O,O,I
Weinheim/München,B,other,I
", S. ",O,O,I
127,B,fpage,I
-,O,O,I
151,B,lpage,I
".
",O,O,I
Petzold,B,author,B
", ",I,author,I
M.,I,author,I
 (,O,O,I
2000,B,year,I
): ,O,O,I
"Die Multimedia-Familie – Mediennutzung, Computerspiele, Telearbeit. Persönlichkeitsprobleme und Kindermitwirkung in Medien",B,title,I
. – ,O,O,I
Opladen,B,other,I
".
",O,O,I
Showtime für Kids,B,title,B
 (,O,O,I
2003,B,year,I
). In: ,O,O,I
Kinder in NRW,B,source,I
. Online verfügbar unter: ,O,O,I
www.kinder-innrw.de/download/kinderinnrw_3_03.pdf,B,url,I
; Stand: ,O,O,I
10.11.08,B,other,I
".
",O,O,I
Schmidt-Lellek,B,author,B
", ",I,author,I
C. J.,I,author,I
 (,O,O,I
2004,B,year,I
): ,O,O,I
"Charisma, Macht und Narzissmus – Zur Diagnostik einer ambivalenten Führungseigenschaft",B,title,I
. In: ,O,O,I
"Zeitschrift Organisationsberatung, Supervision, Coaching",B,source,I
", ",O,O,I
11,B,volume,I
", ",O,O,I
1,B,issue,I
", S. ",O,O,I
27,B,fpage,I
-,O,O,I
40,B,lpage,I
".
",O,O,I
Homepage der Berufsvereinigung der Medienpädagogische Fachkräfte (BV MPF) e.V.,B,title,B
", ",O,O,I
www.bv-mpf.de,B,url,I
", abgerufen am ",O,O,I
24.01.2008,B,other,I
".
",O,O,I
www.dksb-nrw.de,B,url,B
", ",O,O,I
Stellungnahme des DKSB u. des DKSB NRW,B,title,I
", ",O,O,I
Wuppertal/Hannover,B,other,I
 v. ,O,O,I
07.10.2004,B,other,I
"
",O,O,I
Positionspapier des DKSB LV NRW zu arbeitenden Kindern und Jugendlichen,B,title,B
", ",O,O,I
Oktober,B,other,I
 ,O,O,I
2001,B,year,I
"
",O,O,I
Gesetz zum Schutz der arbeitenden Jugend,B,title,B
 (,O,O,I
"Jugendarbeitsschutzgesetz – JarbSchG, Jugendarbeitsschutzgesetz v.",B,source,I
 ,O,O,I
12. April 1976,B,other,I
); ,O,O,I
Stand: 31.10.2006,B,other,I
".
",O,O,I
Gesetz betreffend das Urheberrecht an Werken der bildenden Künste und der Photographie (KunstUrhG) v,B,title,B
. ,O,O,I
16. Februar 2001,B,other,I
".
",O,O,I
Jugendschutzgesetz (JuSchG) v,B,title,B
. ,O,O,I
23. Juli 2002,B,other,I
; ,O,O,I
Stand: 20. Juli 2007,B,other,I
".
",O,O,I
Kinder- und Jugendfördergesetz NRW (3. AG-KJHG – KJFöG) v,B,title,B
. ,O,O,I
12. Oktober 2004,B,other,I
".
",O,O,I
"Richtlinien für die Bewilligung der Mitwirkung von Kindern nach § 6 JArbSchG im Medienund Kulturbereich, RdErl. des Ministeriums für Arbeit",B,title,B
", ",O,O,I
"Soziales und Stadtentwicklung, Kultur und Sport",B,source,I
 vom ,O,O,I
20.4.2000,B,other,I
".
",O,O,I
Verordnung über den Kinderarbeitsschutz (Kinderarbeitsschutzverordnung – KindArbSchV) v,B,title,B
. ,O,O,I
23. Juni 1998,B,other,I
".
",O,O,I
