token,tag,label,ref
Adorno,B,author,B
", ",I,author,I
Theodor W.,I,author,I
;,O,O,I
 ,B,author,I
Aron,I,author,I
", ",I,author,I
Betty,I,author,I
; ,O,O,I
Levinson,B,author,I
", ",I,author,I
Maria Hertz,I,author,I
 & ,O,O,I
Morrow,B,author,I
", ",I,author,I
William,I,author,I
 (,O,O,I
1951,B,year,I
). ,O,O,I
The authoritarian personality,B,title,I
. ,O,O,I
New York,B,other,I
: ,O,O,I
Harper and Row,B,publisher,I
"
",O,O,I
Adorno,B,author,B
", ",I,author,I
Theodor W.,I,author,I
 (,O,O,I
1976,B,year,I
 [,O,O,I
1969,B,year,I
]). ,O,O,I
Sociology and empirical research,B,title,I
. In ,O,O,I
Theodor W. Adorno,B,editor,I
", ",O,O,I
Hans Albert,B,editor,I
", ",O,O,I
Ralf Dahrendorf,B,editor,I
", ",O,O,I
Jürgen Habermas,B,editor,I
", ",O,O,I
Harald Pilot,B,editor,I
 & ,O,O,I
Karl R. Popper,B,editor,I
", ",O,O,I
The positivist dispute in German sociology,B,source,I
 (pp.,O,O,I
68,B,fpage,I
-,O,O,I
81,B,lpage,I
). ,O,O,I
London,B,other,I
: ,O,O,I
Harper Torchbooks,B,publisher,I
".
",O,O,I
Bereswill,B,author,B
", ",I,author,I
Mechthild,I,author,I
 (,O,O,I
2008,B,year,I
). ,O,O,I
Gender and subjectivity in the interview situation: A critical discussion,B,title,I
. ,O,O,I
"Psychoanalysis, Culture & Society",B,source,I
", ",O,O,I
13,B,volume,I
(,O,O,I
3,B,issue,I
"), ",O,O,I
316,B,fpage,I
-,O,O,I
324,B,lpage,I
".
",O,O,I
Bereswill,B,author,B
", ",I,author,I
Mechthild,I,author,I
; ,O,O,I
Morgenroth,B,author,I
", ",I,author,I
Christine,I,author,I
 & ,O,O,I
Redman,B,author,I
", ",I,author,I
Peter,I,author,I
 (,O,O,I
2010,B,year,I
). ,O,O,I
Alfred Lorenzer and the depth-hermeneutic method,B,title,I
. ,O,O,I
"Psychoanalysis, Culture & Society",B,source,I
", ",O,O,I
15,B,volume,I
(,O,O,I
3,B,issue,I
"), ",O,O,I
221,B,fpage,I
-,O,O,I
250,B,lpage,I
".
",O,O,I
Berger,B,author,B
", ",I,author,I
Peter,I,author,I
 & ,O,O,I
Luckmann,B,author,I
", ",I,author,I
Thomas,I,author,I
 (,O,O,I
1966,B,year,I
). ,O,O,I
The social construction of reality. A treatise in the sociology of knowledge,B,title,I
. ,O,O,I
Harmondsworth,B,other,I
: ,O,O,I
Penguin,B,publisher,I
".
",O,O,I
Breuer,B,author,B
", ",I,author,I
Franz,I,author,I
; ,O,O,I
Mruck,B,author,I
", ",I,author,I
Katja,I,author,I
 &,O,O,I
 ,B,author,I
Roth,I,author,I
", ",I,author,I
Wolff-Michael,I,author,I
 (,O,O,I
2002,B,year,I
). ,O,O,I
Subjectivity and reflexivity: An introduction,B,title,I
. ,O,O,I
Forum Qualitative Sozialforschung / Forum: Qualitative Social Research,B,source,I
", ",O,O,I
3,B,volume,I
(,O,O,I
3,B,issue,I
"), ",O,O,I
Art. 9,B,other,I
", ",O,O,I
http://nbn-resolving.de/urn:nbn:de:0114-fqs020393,B,url,I
 [Accessed: ,O,O,I
"September 24, 2012",B,other,I
"].
",O,O,I
Collin,B,author,B
", ",I,author,I
Finn,I,author,I
 (,O,O,I
2002,B,year,I
). ,O,O,I
Social reality,B,title,I
. ,O,O,I
London,B,other,I
: ,O,O,I
Routledge,B,publisher,I
".
",O,O,I
Erikson,B,author,B
", ",I,author,I
Erik H.,I,author,I
 (,O,O,I
1950,B,year,I
). ,O,O,I
Child and society,B,title,I
. ,O,O,I
New York,B,other,I
: ,O,O,I
Norton,B,publisher,I
".
",O,O,I
Freud,B,author,B
", ",I,author,I
Sigmund,I,author,I
 (,O,O,I
1957,B,year,I
 [,O,O,I
1915,B,year,I
]). ,O,O,I
The unconscious,B,title,I
. In ,O,O,I
Sigmund Freud,B,editor,I
", ",O,O,I
Standard edition,B,source,I
 (Vol. ,O,O,I
14,B,volume,I
", pp.",O,O,I
159,B,fpage,I
-,O,O,I
204,B,lpage,I
). ,O,O,I
London,B,other,I
: ,O,O,I
Hogarth Press,B,publisher,I
".
",O,O,I
Hollway,B,author,B
", ",I,author,I
Wendy,I,author,I
 & ,O,O,I
Jefferson,B,author,I
", ",I,author,I
Tony,I,author,I
 (,O,O,I
2000,B,year,I
). ,O,O,I
Doing qualitative research differently,B,title,I
. ,O,O,I
London,B,other,I
: ,O,O,I
Sage,B,publisher,I
".
",O,O,I
König,B,author,B
", ",I,author,I
Hans-Dieter,I,author,I
 (,O,O,I
2001,B,year,I
). ,O,O,I
A neo-Nazi in Auschwitz. A psychoanalytic reconstruction of a documentary film on right-wing extremism,B,title,I
. ,O,O,I
Forum Qualitative Sozialforschung / Forum: Qualitative Social Research,B,source,I
", ",O,O,I
2,B,volume,I
(,O,O,I
3,B,issue,I
"), ",O,O,I
Art. 10,B,other,I
", ",O,O,I
http://nbn-resolving.de/urn:nbn:de:0114-fqs0103109,B,url,I
 [Accessed: ,O,O,I
"September 27, 2012",B,other,I
"].
",O,O,I
Leithäuser,B,author,B
", ",I,author,I
Thomas,I,author,I
 (,O,O,I
1976,B,year,I
). ,O,O,I
Formen des Altagsbewusstseins [Forms of everyday life consciousness],B,title,I
.,O,O,I
 Frankfurt/M,B,other,I
: ,O,O,I
Campus,B,publisher,I
".
",O,O,I
Leithauser,B,author,B
", ",I,author,I
Thomas,I,author,I
 & ,O,O,I
Volmerg,B,author,I
", ",I,author,I
Birgit,I,author,I
 (,O,O,I
1988,B,year,I
). ,O,O,I
Psychoanalyse in der Sozialforschung [Psychoanalysis in social science],B,title,I
. ,O,O,I
Opladen,B,other,I
: ,O,O,I
Westdeutscher Verlag,B,publisher,I
".
",O,O,I
Leuzinger-Bohleber,B,author,B
", ",I,author,I
Marianne,I,author,I
 (,O,O,I
1998,B,year,I
). ,O,O,I
Wo bleibt das Gedächtnis? Psychoanalyse und embodied cognitive science im Dialog [Where will the conscience go? Psychoanalysis and embodied cognitive science in dialogue],B,title,I
. In ,O,O,I
Martha Koukkou,B,editor,I
 & ,O,O,I
Marianne Leuzinger-Bohleber,B,editor,I
" (Eds.), ",O,O,I
Erinnerung von Wirklichkeiten: Psychoanalyse und Neurowissenschaften im Dialog,B,source,I
 (pp.,O,O,I
517,B,fpage,I
-,O,O,I
589,B,lpage,I
). ,O,O,I
Stuttgart,B,other,I
: ,O,O,I
Verlag Internationale Psychoanalyse,B,publisher,I
".
",O,O,I
Lorenzer,B,author,B
", ",I,author,I
Alfred,I,author,I
 (,O,O,I
1970,B,year,I
a). ,O,O,I
Zur Kritik des psychoanalytischen Symbolbegriffs [Critique of the psychoanalytic concept of symbol],B,title,I
. ,O,O,I
Frankfurt/M.,B,other,I
: ,O,O,I
Suhrkamp,B,publisher,I
".
",O,O,I
Lorenzer,B,author,B
", ",I,author,I
Alfred,I,author,I
 (,O,O,I
1970,B,year,I
b). ,O,O,I
Sprachzerstörung und Rekonstruktion: Vorarbeiten zu einer Metatheorie der Psychoanalyse [Language destruction and reconstruction],B,title,I
. ,O,O,I
Frankfurt/M.,B,other,I
: ,O,O,I
Suhrkamp,B,publisher,I
".
",O,O,I
Lorenzer,B,author,B
", ",I,author,I
Alfred,I,author,I
 (,O,O,I
1972,B,year,I
). ,O,O,I
Zur Begründung einer Materialistischen Sozialisationstheorie [Foundations of a materialist theory of socialization],B,title,I
. ,O,O,I
Frankfurt/M.,B,other,I
: ,O,O,I
Suhrkamp,B,publisher,I
".
",O,O,I
Lorenzer,B,author,B
", ",I,author,I
Alfred,I,author,I
 (,O,O,I
1974,B,year,I
). ,O,O,I
Die Wahrheit der psychoanalytischen Erkenntnis: Ein hstorischmaterialistischer Entwurf [The truth of psychoanalytic knowledge],B,title,I
. ,O,O,I
Frankfurt/M.,B,other,I
: ,O,O,I
Suhrkamp,B,publisher,I
".
",O,O,I
Lorenzer,B,author,B
", ",I,author,I
Alfred,I,author,I
 (,O,O,I
1977,B,year,I
). ,O,O,I
"Sprachspiel und Interaktionsformen: Vorträge und Aufsätze zu Psychoanalyse, Sprache und Praxis [Language game and interaction forms",B,title,I
]. ,O,O,I
Frankfurt/M.,B,other,I
: ,O,O,I
Suhrkamp,B,publisher,I
".
",O,O,I
Lorenzer,B,author,B
", ",I,author,I
Alfred,I,author,I
 (,O,O,I
1986,B,year,I
). ,O,O,I
Tiefenhermeneutische Kulturanalyse [In-depth hermeneutic cultural analysis],B,title,I
. In ,O,O,I
Alfred Lorenzer,B,editor,I
 (Ed.) ,O,O,I
KulturAnalysen: Psychoanalytische Studien zur Kultur,B,source,I
 (pp.,O,O,I
11,B,fpage,I
- ,O,O,I
98,B,lpage,I
). ,O,O,I
Frankfurt/M.,B,other,I
: ,O,O,I
Fischer,B,publisher,I
".
",O,O,I
Lorenzer,B,author,B
", ",I,author,I
Alfred,I,author,I
 (,O,O,I
2002,B,year,I
a [,O,O,I
1981,B,year,I
]).,O,O,I
 What is an unconscious phantasy?,B,title,I
 In ,O,O,I
Tobias Schaffrik,B,editor,I
", ",O,O,I
The work of Alfred Lorenzer. An introduction,B,source,I
 (,O,O,I
Appendix,B,other,I
", pp.",O,O,I
29,B,fpage,I
-,O,O,I
41,B,lpage,I
"), ",O,O,I
http://bidok.uibk.ac.at/library/schaffriklorenzer-work-e.html,B,url,I
 [Accessed: ,O,O,I
"September 8, 2012",B,other,I
"].
",O,O,I
Lorenzer,B,author,B
", ",I,author,I
Alfred,I,author,I
 (,O,O,I
2002,B,year,I
b). ,O,O,I
"Die Sprache, der Sinn, das Unbewusste: Psychoanalytisches Grundverständnis und Neurowissenschaften [Language, meaning, the unconscious: Psychoanalytic basic understanding and the neural sciences]",B,title,I
. ,O,O,I
Stuttgart,B,other,I
: ,O,O,I
Klett-Cotta,B,publisher,I
".
",O,O,I
Lorenzer,B,author,B
", ",I,author,I
Alfred,I,author,I
 (,O,O,I
2006,B,year,I
): ,O,O,I
Szenisches Verstehen. Zur Erkenntnis des Unbewußten [Scenic understanding. On the recognition of the unconscious],B,title,I
. ,O,O,I
Marburg,B,other,I
: ,O,O,I
Tectrum Verlag,B,publisher,I
".
",O,O,I
Lorenzer,B,author,B
", ",I,author,I
Alfred,I,author,I
 & ,O,O,I
Orban,B,author,I
", ",I,author,I
Peter,I,author,I
 (,O,O,I
1978,B,year,I
). ,O,O,I
Transitional objects and phenomena: Socialisation and symbolisation,B,title,I
. In ,O,O,I
Simon A.Grolnick,B,editor,I
", ",O,O,I
Leonard,B,editor,I
 & ,O,O,I
Werner Muensterberger,B,editor,I
" (Eds.), ",O,O,I
Between reality and fantasy: Transitional objects and phenomena,B,source,I
 (pp ,O,O,I
471,B,fpage,I
-,O,O,I
482,B,lpage,I
).,O,O,I
" Northvale, NJ",B,other,I
: ,O,O,I
Aronson,B,publisher,I
".
",O,O,I
Marks,B,author,B
", ",I,author,I
Stephan,I,author,I
 & ,O,O,I
Mönnich-Marks,B,author,I
", ",I,author,I
Heidi,I,author,I
 (,O,O,I
2003,B,year,I
). ,O,O,I
The analysis of counter-transference reactions is a means to discern latent interview-contents,B,title,I
. ,O,O,I
Forum Qualitative Sozialforschung / Forum: Qualitative Social Research,B,source,I
", ",O,O,I
4,B,volume,I
(,O,O,I
2,B,issue,I
"), ",O,O,I
Art. 36,B,other,I
", ",O,O,I
http://nbn-resolving.de/urn:nbn:de:0114-fqs0302361,B,url,I
 [Accessed: ,O,O,I
"August 31, 2012",B,other,I
"].
",O,O,I
Mitscherlich,B,author,B
", ",I,author,I
Alexander,I,author,I
 (,O,O,I
1963,B,year,I
). ,O,O,I
Auf dem Weg zur Vaterlosen Geselschaft [Towards a society without fathers],B,title,I
. ,O,O,I
München,B,other,I
: ,O,O,I
Piper,B,publisher,I
".
",O,O,I
Morgenroth,B,author,B
", ",I,author,I
Christine,I,author,I
 (,O,O,I
1990,B,year,I
). ,O,O,I
Sprachloser Widerstand: Zur Sozialpathologie der Lebenswelt von Arbeitslosen [Resistance without language: On the social pathology of the lifeworld of unemployed],B,title,I
. ,O,O,I
Frankfurt/M.,B,other,I
: ,O,O,I
Fischer,B,publisher,I
".
",O,O,I
Morgenroth,B,author,B
", ",I,author,I
Christine,I,author,I
 (,O,O,I
2010,B,year,I
). ,O,O,I
Die dritte Chance: Therapie und Gesundung von jugendlichen Drogenabhängigen [The third chance. Therapy and healing of young drug abusers],B,title,I
. ,O,O,I
Wiesbaden,B,other,I
: ,O,O,I
Verlag für Sozialwissenschaften,B,publisher,I
".
",O,O,I
Parin,B,author,B
", ",I,author,I
Paul,I,author,I
 (,O,O,I
1983,B,year,I
). ,O,O,I
Der Widerspruch im Subjekt. Ethnopsychoanalytische Studien [The contradiction in the subject. Ethnopsychoanalytical studies],B,title,I
. ,O,O,I
Frankfurt/M.,B,other,I
: ,O,O,I
Syndikat/EVA,B,publisher,I
".
",O,O,I
Parin,B,author,B
", ",I,author,I
Paul,I,author,I
; ,O,O,I
Morgenthaler,B,author,I
", ",I,author,I
Fritz,I,author,I
 & ,O,O,I
Parin-Matthéy,B,author,I
", ",I,author,I
Goldy,I,author,I
 (,O,O,I
1963,B,year,I
). ,O,O,I
Die Weißen denken zuviel [White people think too much],B,title,I
", ",O,O,I
München,B,other,I
: ,O,O,I
Kindl,B,publisher,I
".
",O,O,I
Peled,B,author,B
", ",I,author,I
Avi,I,author,I
 (,O,O,I
2008,B,year,I
). ,O,O,I
"Neuroanalysis: Bridging the gap between neuroscience, psychoanalysis and psychiatry",B,title,I
. ,O,O,I
Hove,B,other,I
: ,O,O,I
Routledge,B,publisher,I
".
",O,O,I
Prokop,B,author,B
", ",I,author,I
Ulrike,I,author,I
; ,O,O,I
Friese,B,author,I
", ",I,author,I
Nina,I,author,I
 & ,O,O,I
Stach,B,author,I
", ",I,author,I
Anna,I,author,I
 (,O,O,I
2009,B,year,I
). ,O,O,I
"Geiles Leben, Falscher Glamour, Beschreibungen, Analysen, Kritiken zu ""Germany's Next Top Model"" [Exciting life, false glamour. Description, analyses and critiques of ""Germany's Next Top Model""]",B,title,I
. ,O,O,I
Marburg,B,other,I
: ,O,O,I
Tectum,B,publisher,I
".
",O,O,I
Redman,B,author,B
", ",I,author,I
Peter,I,author,I
 & ,O,O,I
Whitehouse-Hare,B,author,I
", ",I,author,I
Joanne,I,author,I
 (,O,O,I
2008,B,year,I
). ,O,O,I
"""I just wanted her out"": Attachment, the psycho-social and media texts",B,title,I
. In ,O,O,I
Peter Redman,B,editor,I
" (Ed.),",O,O,I
 Attachment: Sociology and social worlds,B,source,I
 (pp.,O,O,I
51,B,fpage,I
–,O,O,I
82,B,lpage,I
). ,O,O,I
Manchester,B,other,I
: ,O,O,I
Manchester University Press/The Open University,B,publisher,I
".
",O,O,I
Roth,B,author,B
", ",I,author,I
Wolff-Michael,I,author,I
 & ,O,O,I
Breuer,B,author,I
", ",I,author,I
Franz,I,author,I
 (,O,O,I
2003,B,year,I
). ,O,O,I
Reflexivity and subjectivity: A possible road map for reading the special issues,B,title,I
. ,O,O,I
Forum Qualitative Sozialforschung / Forum: Qualitative Social Research,B,source,I
", ",O,O,I
4,B,volume,I
(,O,O,I
2,B,issue,I
"), ",O,O,I
Art. 24,B,other,I
", ",O,O,I
http://nbn-resolving.de/urn:nbn:de:0114-fqs0302242,B,url,I
 [Accessed: ,O,O,I
"September 24, 2012",B,other,I
"].
",O,O,I
Salling Olesen,B,author,B
", ",I,author,I
Henning,I,author,I
 (,O,O,I
2004,B,year,I
). ,O,O,I
Theorising learning in life history: A psychosocietal approach,B,title,I
. ,O,O,I
Studies in the Education of Adults,B,source,I
", ",O,O,I
39,B,volume,I
(,O,O,I
1,B,issue,I
"), ",O,O,I
38,B,fpage,I
-,O,O,I
53,B,lpage,I
".
",O,O,I
Salling Olesen,B,author,B
", ",I,author,I
Henning,I,author,I
 (,O,O,I
2007,B,year,I
a).,O,O,I
" Professional identities, subjectivity and learning",B,title,I
. In ,O,O,I
Linden West,B,editor,I
", ",O,O,I
Peter Alheit,B,editor,I
", ",O,O,I
Anders Siig Andersen,B,editor,I
 & ,O,O,I
Barbara Merrill,B,editor,I
" (Eds),",O,O,I
 Using biographical and life history approaches in the study of adult and lifelong learning,B,source,I
 (pp.,O,O,I
125,B,fpage,I
-,O,O,I
142,B,lpage,I
). ,O,O,I
Frankfurt/M.,B,other,I
: ,O,O,I
Peter Lang,B,publisher,I
".
",O,O,I
Salling Olesen,B,author,B
", ",I,author,I
Henning,I,author,I
 (,O,O,I
2007,B,year,I
b). ,O,O,I
Theorizing learning in life history—A psycho-societal approach,B,title,I
. ,O,O,I
Studies in the Education of Adults,B,source,I
", ",O,O,I
1,B,volume,I
", ",O,O,I
38,B,fpage,I
-,O,O,I
53,B,lpage,I
".
",O,O,I
Salling Olesen,B,author,B
", ",I,author,I
Henning,I,author,I
 (,O,O,I
2011,B,year,I
). ,O,O,I
"Exploracao do sujeito problematico: historia de vide, subjetividade, experiência de vida",B,title,I
. ,O,O,I
"Educacao [Researching the Problematic Subject: Life History, Subjectivity, Life Experience]",B,source,I
", ",O,O,I
34,B,volume,I
(,O,O,I
2,B,issue,I
"), ",O,O,I
137,B,fpage,I
-,O,O,I
146,B,lpage,I
".
",O,O,I
Salling Olesen,B,author,B
", ",I,author,I
Henning,I,author,I
 & ,O,O,I
Weber,B,author,I
", ",I,author,I
Kirsten,I,author,I
 (,O,O,I
2001,B,year,I
). ,O,O,I
Space for experience and learning. Theorizing the subjective side of work,B,title,I
. In ,O,O,I
Kirsten Weber,B,editor,I
 (Ed.) ,O,O,I
Experience and discourse: Theorizing professions and subjectivity,B,source,I
 (pp.,O,O,I
27,B,fpage,I
-,O,O,I
58,B,lpage,I
). ,O,O,I
Roskilde,B,other,I
: ,O,O,I
Roskilde University Press,B,publisher,I
".
",O,O,I
Salling Olesen,B,author,B
", ",I,author,I
Henning,I,author,I
 & ,O,O,I
Weber,B,author,I
", ",I,author,I
Kirsten,I,author,I
 (,O,O,I
2002,B,year,I
). ,O,O,I
Chasing potentials for adult learning: Lifelong learning in a life history perspective,B,title,I
. ,O,O,I
"Zeitschrift fur Qualitative Bildungs-, Beratungs- und Sozialforschung",B,source,I
", ",O,O,I
2,B,volume,I
", ",O,O,I
283,B,fpage,I
-,O,O,I
300,B,lpage,I
".
",O,O,I
Schaffrik,B,author,B
", ",I,author,I
Tobias,I,author,I
 (,O,O,I
2002,B,year,I
). ,O,O,I
The work of Alfred Lorenzer: An introduction,B,title,I
", ",O,O,I
http://bidok.uibk.ac.at/library/schaffrik-lorenzer-work-e.html,B,url,I
 [Accessed: ,O,O,I
"September 8, 2012",B,other,I
"].
",O,O,I
Stern,B,author,B
", ",I,author,I
Daniel,I,author,I
 (,O,O,I
1985,B,year,I
). ,O,O,I
The interpersonal world of the infant: A view from psychoanalysis and developmental psychology,B,title,I
. ,O,O,I
New York,B,other,I
: ,O,O,I
Basic Books,B,publisher,I
".
",O,O,I
Weber,B,author,B
", ",I,author,I
Kirsten,I,author,I
 (,O,O,I
1996,B,year,I
). ,O,O,I
Experiencing gender: A psychodynamic approach to adult learning—and a case of masculinity and social work,B,title,I
. In ,O,O,I
Henning Salling Olesen,B,editor,I
 & ,O,O,I
Palle Rasmussen,B,editor,I
" (Eds.), ",O,O,I
Theoretical issues in adult education,B,source,I
 (pp.,O,O,I
25,B,fpage,I
-,O,O,I
40,B,lpage,I
). ,O,O,I
Rødovre,B,other,I
: ,O,O,I
Roskilde University Press,B,publisher,I
".
",O,O,I
Weber,B,author,B
", ",I,author,I
Kirsten,I,author,I
 (,O,O,I
2007,B,year,I
). ,O,O,I
Gender between knowledge economy and every day life: Change or reproduction?,B,title,I
 In ,O,O,I
Linden West,B,editor,I
", ",O,O,I
Peter Alheit,B,editor,I
", ",O,O,I
Anders Siig Andersen,B,editor,I
 & ,O,O,I
Barbara Merrill,B,editor,I
" (Eds), ",O,O,I
Using biographical and life history approaches in the study of adult and lifelong learning,B,source,I
 (pp.,O,O,I
91,B,fpage,I
-,O,O,I
108,B,lpage,I
). ,O,O,I
Frankfurt/M.,B,other,I
: ,O,O,I
Peter Lang,B,publisher,I
".
",O,O,I
Weber,B,author,B
", ",I,author,I
Kirsten,I,author,I
 (,O,O,I
2009,B,year,I
). ,O,O,I
"Talking about ""tacit knowledge"": Critical professionalism or collective defences?",B,title,I
 In ,O,O,I
Thomas Leithäuser,B,editor,I
", ",O,O,I
Sylke Meyerhuber,B,editor,I
 & ,O,O,I
Michael Schottmayer,B,editor,I
" (Eds.), ",O,O,I
Sozialpsychologisches Organisationsverstehen,B,source,I
 (pp.,O,O,I
227,B,fpage,I
-,O,O,I
237,B,lpage,I
). ,O,O,I
Wiesbaden,B,other,I
: ,O,O,I
GWV,B,publisher,I
".
",O,O,I
Weber,B,author,B
", ",I,author,I
Kirsten,I,author,I
 (,O,O,I
2010,B,year,I
). ,O,O,I
"Aggression, recognition and qualification: On the social psychology of adult education in everyday life",B,title,I
. ,O,O,I
European Journal for Research on the Education and Learning of Adults,B,source,I
", ",O,O,I
1,B,volume,I
(,O,O,I
1-2,B,issue,I
"), ",O,O,I
113,B,fpage,I
-,O,O,I
130,B,lpage,I
".
",O,O,I
Wittgenstein,B,author,B
", ",I,author,I
Ludwig,I,author,I
 (,O,O,I
2009,B,year,I
 [,O,O,I
1953,B,year,I
]). ,O,O,I
Philosophical investigations,B,title,I
. ,O,O,I
London,B,other,I
: ,O,O,I
Blackwell,B,publisher,I
".
",O,O,I
