token,tag,label,ref
Amiel,B,author,B
", ",I,author,I
Yoram,I,author,I
; ,O,O,I
Cowell,B,author,I
", ",I,author,I
Frank Allen,I,author,I
", ",O,O,I
1999,B,year,I
: ,O,O,I
Thinking about Inequality,B,title,I
. ,O,O,I
Cambridge,B,other,I
. ,O,O,I
UK,B,other,I
: ,O,O,I
Cambridge University Press,B,publisher,I
".
",O,O,I
Atkinson,B,author,B
", ",I,author,I
Anthony B.,I,author,I
", ",O,O,I
1970,B,year,I
: „,O,O,I
On the Measurement of Inequality,B,title,I
"“, ",O,O,I
Journal of Economic Theory,B,source,I
 ,O,O,I
2,B,volume,I
: ,O,O,I
244,B,fpage,I
- ,O,O,I
263,B,lpage,I
".
",O,O,I
Boulding,B,author,B
", ",I,author,I
Kenneth E.,I,author,I
", ",O,O,I
1962,B,year,I
: “,O,O,I
Social Justice in Social Dynamics,B,title,I
"”, in: ",O,O,I
"Brandt, R.",B,editor,I
" (Hg.), ",O,O,I
Social Justice,B,source,I
", ",O,O,I
Englewood Cliffs,B,other,I
. ,O,O,I
Prentice-Hall,B,publisher,I
", ",O,O,I
73,B,fpage,I
–,O,O,I
92,B,lpage,I
".
",O,O,I
Chew,B,author,B
", ",I,author,I
Soo Hong,I,author,I
", ",O,O,I
1989,B,year,I
: “,O,O,I
Axiomatic Utility Theories with the Betweeness Property,B,title,I
"”, ",O,O,I
Annals of Operations Research,B,source,I
 ,O,O,I
19,B,volume,I
: ,O,O,I
273,B,fpage,I
–,O,O,I
298,B,lpage,I
".
",O,O,I
Diamond,B,author,B
", ",I,author,I
Peter A.,I,author,I
", ",O,O,I
1967,B,year,I
: “,O,O,I
"Cardinal Welfare, Individual Ethics, and Interpersonal Comparison of Utility: Comment",B,title,I
"”, ",O,O,I
Journal of Political Economy ,B,source,I
75,B,volume,I
: ,O,O,I
765,B,fpage,I
–,O,O,I
766,B,lpage,I
".
",O,O,I
Fernandez,B,author,B
", ",I,author,I
Raquel,I,author,I
; ,O,O,I
Rodrik,B,author,I
", ",I,author,I
Dani,I,author,I
", ",O,O,I
1991,B,year,I
: “,O,O,I
Resistance to Reform: Status Quo Bias in the Presence of Individual-Speciﬁc Uncertainty,B,title,I
"”, ",O,O,I
American Economic Review,B,source,I
 ,O,O,I
81,B,volume,I
: ,O,O,I
1146,B,fpage,I
–,O,O,I
55,B,lpage,I
".
",O,O,I
Gärtner,B,author,B
", ",I,author,I
Wulf,I,author,I
", ",O,O,I
2007,B,year,I
: ,O,O,I
Empirical Social Choice. LSE Philosophy,B,title,I
.,O,O,I
 Working Papers,B,source,I
 ,O,O,I
03/07,B,volume,I
", ",O,O,I
London School of Economics and Political Science,B,publisher,I
. ,O,O,I
London,B,other,I
".
",O,O,I
Hammond,B,author,B
", ",I,author,I
Peter J.,I,author,I
", ",O,O,I
1988,B,year,I
: “,O,O,I
Consequentialist Foundations for Expected Utility,B,title,I
"“, ",O,O,I
Theory and Decision,B,source,I
 ,O,O,I
25,B,volume,I
: ,O,O,I
25,B,fpage,I
–,O,O,I
78,B,lpage,I
".
",O,O,I
Harsanyi,B,author,B
", ",I,author,I
John С.,I,author,I
", ",O,O,I
1953,B,year,I
: “,O,O,I
Cardinal Utility in Welfare Economics and in the Theory of Risk-taking,B,title,I
"”, ",O,O,I
Journal of Political Economy,B,source,I
 ,O,O,I
61,B,volume,I
: ,O,O,I
434,B,fpage,I
–,O,O,I
435,B,lpage,I
".
",O,O,I
Harsanyi,B,author,B
", ",I,author,I
John С.,I,author,I
", ",O,O,I
1955,B,year,I
: “,O,O,I
"Cardinal Welfare, Individualistic Ethics, and Interpersonal Comparisons of Utility",B,title,I
"”, ",O,O,I
Journal of Political Economy,B,source,I
 ,O,O,I
63,B,volume,I
: ,O,O,I
309,B,fpage,I
–,O,O,I
321,B,lpage,I
".
",O,O,I
Krieger,B,author,B
", ",I,author,I
Tim,I,author,I
; ,O,O,I
Traub,B,author,I
", ",I,author,I
Stefan,I,author,I
", ",O,O,I
2008,B,year,I
: ,O,O,I
"Shifting Preferences for Intragenerational Redistribution in OECD Pension Systems, Luxembourg Income Study",B,title,I
. ,O,O,I
"Luxembourg Income Study Working Paper Series, Working Paper",B,source,I
 ,O,O,I
485,B,volume,I
. ,O,O,I
Luxembourg,B,other,I
".
",O,O,I
Krieger,B,author,B
", ",I,author,I
Tim,I,author,I
; ,O,O,I
Traub,B,author,I
", ",I,author,I
Stefan,I,author,I
", ",O,O,I
2009,B,year,I
: ,O,O,I
Wie hat sich die intragenerationale Umverteilung in der staatlichen Säule des Rentensystems verändert? Ein internationaler Vergleich auf Basis von LIS-Daten,B,title,I
", ",O,O,I
"Luxembourg Income Study Working Paper Series, Working Paper",B,source,I
 ,O,O,I
520,B,volume,I
. ,O,O,I
Luxembourg,B,other,I
".
",O,O,I
Persson,B,author,B
", ",I,author,I
Torsten,I,author,I
; ,O,O,I
Tabellini,B,author,I
", ",I,author,I
Guido,I,author,I
", ",O,O,I
1994,B,year,I
: “,O,O,I
Is Inequality Harmful for Growth,B,title,I
"?”, ",O,O,I
American Economic Review,B,source,I
 ,O,O,I
84,B,volume,I
: ,O,O,I
600,B,fpage,I
-,O,O,I
621,B,lpage,I
".
",O,O,I
Rawls,B,author,B
", ",I,author,I
John,I,author,I
", ",O,O,I
1971,B,year,I
: ,O,O,I
A Theory of Justice,B,title,I
. ,O,O,I
Cambridge,B,other,I
", ",O,O,I
MA:,B,other,I
 ,O,O,I
Harvard University Press,B,publisher,I
".
",O,O,I
Shorrocks,B,author,B
", ",I,author,I
Anthony F,I,author,I
.,I,author,I
", ",O,O,I
1983,B,year,I
: “,O,O,I
Ranking Income Distributions,B,title,I
"”, ",O,O,I
Economica,B,source,I
 ,O,O,I
50,B,volume,I
: ,O,O,I
3,B,fpage,I
-,O,O,I
17,B,lpage,I
".
",O,O,I
Seidl,B,author,B
", ",I,author,I
Christian,I,author,I
; ,O,O,I
Traub,B,author,I
", ",I,author,I
Stefan,I,author,I
; ,O,O,I
Morone,B,author,I
", ",I,author,I
Andrea,I,author,I
", ",O,O,I
2006,B,year,I
: „,O,O,I
"Relative Deprivation, Personal Income Satisfaction, and Average Well-Being under Different Income Distributions",B,title,I
"“, in: ",O,O,I
Mark McGillivray,B,editor,I
" (Hg.), ",O,O,I
"Inequality, Poverty and Well-being",B,source,I
. ,O,O,I
Basingstoke,B,other,I
: ,O,O,I
Palgrave Macmillan,B,publisher,I
", ",O,O,I
66,B,fpage,I
-,O,O,I
90,B,lpage,I
".
",O,O,I
Traub,B,author,B
", ",I,author,I
Stefan,I,author,I
; ,O,O,I
Seidl,B,author,I
", ",I,author,I
Christian,I,author,I
; ,O,O,I
Schmidt,B,author,I
", ",I,author,I
Ulrich,I,author,I
; ,O,O,I
Levati,B,author,I
", ",I,author,I
Maria Vittoria,I,author,I
", ",O,O,I
2005,B,year,I
: „,O,O,I
"Friedman, Harsanyi, Rawls, Boulding – or Somebody Else? An Experimental Investigation of Distributive Justice",B,title,I
"”, ",O,O,I
Social Choice and Welfare,B,source,I
 ,O,O,I
24,B,volume,I
: ,O,O,I
283,B,fpage,I
-,O,O,I
309,B,lpage,I
".
",O,O,I
Traub,B,author,B
", ",I,author,I
Stefan,I,author,I
", ",O,O,I
Seidl,B,author,I
", ",I,author,I
Christian,I,author,I
; ,O,O,I
Schmidt,B,author,I
", ",I,author,I
Ulrich,I,author,I
", ",O,O,I
2009,B,year,I
: “,O,O,I
"An Experimental Study on Individual Choice, Social Welfare, and Social Preferences",B,title,I
"”, ",O,O,I
European Economic Review,B,source,I
 ,O,O,I
53,B,volume,I
: ,O,O,I
385,B,fpage,I
-,O,O,I
400,B,lpage,I
.,O,O,I
