token,tag,label,ref
Draper,B,author,B
", ",I,author,I
Peter,I,author,I
 / ,O,O,I
Tom,B,author,I
 ,I,author,I
Wheeler,I,author,I
 / ,O,O,I
Phil,B,author,I
 ,I,author,I
Alves,I,author,I
 (,O,O,I
2006,B,year,I
): ,O,O,I
The Role of South Africa in Global Structural Policy,B,title,I
", ",O,O,I
Bonn,B,other,I
: ,O,O,I
Deutsches Institut für Entwicklungspolitik,B,publisher,I
 (,O,O,I
Discussion Paper,B,source,I
 ,O,O,I
7,B,volume,I
/,O,O,I
2006,B,year,I
").
",O,O,I
http://www.info.worldbank.org/governance/kkz2004/sc_chart.asp,B,url,B
".
",O,O,I
The Economist,B,editor,B
 (,O,O,I
2006,B,year,I
", ",O,O,I
6,B,volume,I
): ,O,O,I
Chasing the Rainbow: A Survey of South Africa,B,title,I
", ",O,O,I
8 April,B,other,I
 ,O,O,I
2006,B,year,I
".
",O,O,I
Arora,B,author,B
", ",I,author,I
Vivek,I,author,I
 / ,O,O,I
Athanasios,B,author,I
 ,I,author,I
Vamvakidis,I,author,I
 (,O,O,I
2005,B,year,I
): ,O,O,I
The Implications of South African Economic Growth for the Rest of Africa,B,title,I
", ",O,O,I
"Washington, DC",B,other,I
: ,O,O,I
Internationaler Währungsfond,B,publisher,I
 (,O,O,I
Working Paper WP,B,source,I
/,O,O,I
05,B,volume,I
/,O,O,I
58,B,issue,I
").
",O,O,I
http//www.eia.doe.gov/cabs/safrenv.html,B,url,B
".
",O,O,I
The Economist,B,editor,B
 (,O,O,I
2005,B,year,I
); online: ,O,O,I
http://www.economist.com/displayStory.cfm?story_id=5283774,B,other,I
".
",O,O,I
Engel,B,author,B
", ",I,author,I
Ulf,I,author,I
 (,O,O,I
2005,B,year,I
): ,O,O,I
"Deutschland, Afrika und die Entstehung gemeinsamer Interessen",B,title,I
", in: ",O,O,I
Aus Politik und Zeitgeschichte,B,source,I
 ,O,O,I
4,B,volume,I
/,O,O,I
2005,B,year,I
", ",O,O,I
11,B,fpage,I
–,O,O,I
17,B,lpage,I
".
",O,O,I
Biallas,B,author,B
 / ,O,O,I
Knauer,B,author,I
 (,O,O,I
2006,B,year,I
): ,O,O,I
Von Bandung zum Ölgeschäft: Indien und Inder in Afrika,B,title,I
", ",O,O,I
Hamburg,B,other,I
: ,O,O,I
German Institute of Global and Area Studies / Leibniz-Institut für Globale und Regionale Studien,B,publisher,I
 (,O,O,I
GIGA Focus Afrika,B,source,I
 Nr. ,O,O,I
1,B,volume,I
").
",O,O,I
OECD,B,editor,B
/,O,O,I
DAC,B,editor,I
 (,O,O,I
2006,B,year,I
): ,O,O,I
Peer Review of Germany: DAC’s main findings,B,title,I
", ",O,O,I
Paris,B,other,I
", ",O,O,I
12,B,volume,I
".
",O,O,I
http://www.sozialstruktur.org,B,url,B
"
",O,O,I
http://www.sagaa.co.za/main.html,B,url,B
".
",O,O,I
http://www.ipsterraviva.net/Europe/article.aspx?id=3560,B,url,B
".
",O,O,I
Regeringskansliet,B,editor,B
 (,O,O,I
2004,B,year,I
): ,O,O,I
Country Strategy for Development Cooperation South Africa,B,title,I
", ",O,O,I
July,B,other,I
 ,O,O,I
2004,B,year,I
– ,O,O,I
December,B,other,I
 ,O,O,I
2008,B,year,I
", ",O,O,I
Stockholm,B,other,I
.,O,O,I
