token,tag,label,ref
Wieland,B,author,B
 ,I,author,I
J.,I,author,I
/ ,O,O,I
Grüninger,B,author,I
 ,I,author,I
S.,I,author,I
 (,O,O,I
2000,B,year,I
): ,O,O,I
Ethik ManagementSysteme und ihre Auditierung - Theoretische Einordnung und praktische Erfahrungen,B,title,I
", in:",O,O,I
" Bausch, Th.",B,editor,I
/ ,O,O,I
"Kleinfeld, A.",B,editor,I
/ ,O,O,I
"Steinmann, H.",B,editor,I
 (Hrsg.): ,O,O,I
"Unternehmensethik in der Wirtschaftspraxis, DNWE-Schriftenreihe",B,source,I
 Bd. ,O,O,I
7,B,volume,I
", ",O,O,I
München u. Mering,B,other,I
: ,O,O,I
Hampp/Grüninger,B,publisher,I
", ",O,O,I
155,B,fpage,I
-,O,O,I
189,B,lpage,I
".
",O,O,I
Wieland,B,author,B
", ",I,author,I
J.,I,author,I
 (,O,O,I
2004,B,year,I
): ,O,O,I
Wozu Wertemanagement? – Ein Leitfaden für die Praxis,B,title,I
", in: ",O,O,I
Wieland J.,B,editor,I
", ",O,O,I
Handbuch Wertemanagement,B,source,I
", ",O,O,I
Hamburg,B,other,I
: ,O,O,I
Murmann,B,publisher,I
", ",O,O,I
13,B,fpage,I
-,O,O,I
52,B,lpage,I
".
",O,O,I
