token,tag,label,ref
Walther,B,author,B
 ,I,author,I
Müller-Jentsch,I,author,I
: ,O,O,I
Auf dem Prüfstand – Das deutsche Modell der industriellen Beziehungen,B,title,I
", in: ",O,O,I
"Industrielle Beziehungen – Zeitschrift für Arbeit, Organisation und Management",B,source,I
 ,O,O,I
1,B,volume,I
/,O,O,I
1995,B,year,I
", S. ",O,O,I
13,B,fpage,I
 (,O,O,I
Fußnote 4,B,other,I
")
",O,O,I
Wolfgang,B,author,B
 ,I,author,I
Schroeder,I,author,I
/,O,O,I
Benjamin Erik,B,author,I
Burau,I,author,I
: ,O,O,I
Soziale Selbstverwaltung – eine demokratische Beteiligungsinstitution unter Druck. Vorschläge zur Revitalisierung der Selbstverwaltung in der GKV,B,title,I
", in: ",O,O,I
SozSich,B,source,I
 ,O,O,I
8,B,volume,I
/,O,O,I
2008,B,year,I
", S. ",O,O,I
251,B,fpage,I
"
",O,O,I
Klaus,B,author,B
 ,I,author,I
Dörre,I,author,I
: ,O,O,I
Überbetriebliche Regulierung von Arbeitsbeziehungen,B,title,I
", in: ",O,O,I
Fritz Böhle,B,editor,I
/,O,O,I
G. Günter Voß,B,editor,I
/,O,O,I
Günther Wachtler,B,editor,I
 (Hrsg.): ,O,O,I
Handbuch Arbeitssoziologie,B,source,I
", ",O,O,I
Wiesbaden,B,other,I
 ,O,O,I
2010,B,year,I
", S. ",O,O,I
876,B,fpage,I
"
",O,O,I
Dieter,B,author,B
 ,I,author,I
Leopold,I,author,I
: ,O,O,I
Bundeswahlbeauftragter will viele Neuerungen bei der Selbstverwaltung: Von »Friedenswahlen« zu »echten« Sozialwahlen,B,title,I
", in: ",O,O,I
SozSich,B,source,I
 ,O,O,I
10,B,volume,I
/,O,O,I
2012,B,year,I
", S. ",O,O,I
349,B,fpage,I
"
",O,O,I
Ingo,B,author,B
 ,I,author,I
Nürnberger,I,author,I
/,O,O,I
Marco,B,author,I
 ,I,author,I
Frank,I,author,I
: ,O,O,I
Zum Bericht des Sozialwahlbeauftragten: Starke Selbstverwaltung gibt es nur mit starken Sozialpartnern,B,title,I
", in: ",O,O,I
SozSich,B,source,I
 ,O,O,I
10,B,volume,I
/,O,O,I
2012,B,year,I
", S. ",O,O,I
352,B,fpage,I
"
",O,O,I
Jens,B,author,B
 ,I,author,I
Spahn,I,author,I
/,O,O,I
Johannes,B,author,I
 ,I,author,I
Vogel,I,author,I
: ,O,O,I
Positionspapier Sozialwahlen,B,title,I
", 20.6.",O,O,I
2011,B,year,I
"
",O,O,I
Bernhard,B,author,B
 ,I,author,I
Braun,I,author,I
/,O,O,I
Martin,B,author,I
 ,I,author,I
Buitkamp,I,author,I
/,O,O,I
Daniel,B,author,I
 ,I,author,I
Lüdecke,I,author,I
: ,O,O,I
Selbstverwaltung als Mechanismus zur Durchsetzung von Versicherteninteressen,B,title,I
", in: ",O,O,I
Bernhard Braun,B,editor,I
/,O,O,I
Stefan Greß,B,editor,I
/,O,O,I
Heinz Rothgang,B,editor,I
/,O,O,I
Jürgen Wasem,B,editor,I
 (Hrsg.): ,O,O,I
Einfluss nehmen oder aussteigen – Theorie und Praxis von Kassenwechsel und Selbstverwaltung in der Gesetzlichen Krankenversicherung,B,source,I
", ",O,O,I
Berlin,B,other,I
 ,O,O,I
2008,B,year,I
", S. ",O,O,I
180,B,fpage,I
–,O,O,I
186,B,lpage,I
"
",O,O,I
Katharina,B,author,B
 ,I,author,I
Baumeister,I,author,I
/,O,O,I
Andreas,B,author,I
 ,I,author,I
Hartje,I,author,I
/,O,O,I
Nora,B,author,I
 ,I,author,I
Knötig,I,author,I
/,O,O,I
Thomas,B,author,I
 ,I,author,I
Wüstrich,I,author,I
: ,O,O,I
"GKV-Selbstverwaltung am Scheideweg. Handlungsfelder identifizieren, Hemmnisse abbauen, Handlungskompetenzen stärken – Unausgeschöpfte Handlungspotenziale fordern Listenträger und Selbstverwalter heraus",B,title,I
", in: ",O,O,I
SozSich,B,source,I
 ,O,O,I
8–9,B,volume,I
/,O,O,I
2012,B,year,I
", S. ",O,O,I
298,B,fpage,I
"
",O,O,I
Wolfgang,B,author,B
 ,I,author,I
Schroeder,I,author,I
/,O,O,I
Benjamin,B,author,I
 ,I,author,I
Erik,B,author,I
 ,O,O,I
Burau,O,O,I
", a. a. O., S. ",O,O,I
252,B,fpage,I
"
",O,O,I
Dieter,B,author,B
 ,I,author,I
Leopold,I,author,I
", a. a. O., S. ",O,O,I
348,B,fpage,I
"
",O,O,I
Hans-Böckler-Stiftung,B,editor,B
: ,O,O,I
Noch viel Potenzial – Selbstverwaltung der gesetzlichen Krankenkassen,B,title,I
", in: ",O,O,I
Böckler Impuls,B,source,I
 ,O,O,I
2,B,volume,I
/,O,O,I
2008,B,year,I
", S. ",O,O,I
6,B,fpage,I
"
",O,O,I
Udo,B,author,B
 ,I,author,I
Kruse,I,author,I
/,O,O,I
Silke,B,author,I
 ,I,author,I
Kruse,I,author,I
: ,O,O,I
Sozialwahl 2011 – Selbstverwaltung zwischen Staat und privatem Wirtschaftsunternehmen,B,title,I
", in:",O,O,I
 Wege zur Sozialversicherung (WzS),B,source,I
 ,O,O,I
8,B,volume,I
/,O,O,I
2010,B,year,I
", S. ",O,O,I
237,B,fpage,I
"
",O,O,I
Wolfgang,B,author,B
 ,I,author,I
Schroeder,I,author,I
: ,O,O,I
Zur Reform der sozialen Selbstverwaltung in der Gesetzlichen Krankenversicherung – Kasseler Konzept,B,title,I
", ",O,O,I
Düsseldorf,B,other,I
 ,O,O,I
2006,B,year,I
", S. ",O,O,I
97,B,fpage,I
 (,O,O,I
Fußnote 123,B,other,I
")
",O,O,I
Versichertenvertreter des AOK-Bundesverbandes: Zukunft der Selbstverwaltung in der GKV,B,title,B
", 1.1.",O,O,I
2009,B,year,I
", S. ",O,O,I
36,B,fpage,I
"
",O,O,I
Günter,B,author,B
 ,I,author,I
Güner,I,author,I
: ,O,O,I
Auch bei Friedenswahlen der Sozialwahl 2011 – Selbstverwalter sind demokratisch legitimiert,B,title,I
", in: ",O,O,I
SozSich,B,source,I
 ,O,O,I
2,B,volume,I
/,O,O,I
2011,B,year,I
", S. ",O,O,I
44,B,fpage,I
"
",O,O,I
Harry,B,author,B
 ,I,author,I
Fuchs,I,author,I
: ,O,O,I
"Der Verwaltungsrat in der GKV – Seine Aufgaben, Rechte, Handlungsgrundlagen und -instrumente",B,title,I
", in: ",O,O,I
SozSich,B,source,I
 ,O,O,I
11,B,volume,I
/,O,O,I
2011,B,year,I
", S. ",O,O,I
365,B,fpage,I
–,O,O,I
372,B,lpage,I
 23 ,O,O,I
"Bundeswahlbeauftragter für die Sozialversicherungswahlen: Schlussbericht für die Sozialversicherungswahlen zu den Sozialwahlen 2011, Berlin, September 2012",B,other,I
", S. ",O,O,I
131,B,fpage,I
" f.
",O,O,I
Marco,B,author,B
 ,I,author,I
Frank,I,author,I
: ,O,O,I
Die Ergebnisse der Sozialwahlen 2011,B,title,I
", in: ",O,O,I
SozSich,B,source,I
 ,O,O,I
6–7,B,volume,I
/,O,O,I
2011,B,year,I
", S. ",O,O,I
224,B,fpage,I
–,O,O,I
229,B,lpage,I
"
",O,O,I
Bundeswahlbeauftragter für die Sozialversicherungswahlen,B,editor,B
", a. a. O., S. ",O,O,I
132,B,fpage,I
"
",O,O,I
Klaus,B,author,B
 ,I,author,I
Dörre,I,author,I
", a. a. O., S. ",O,O,I
897,B,fpage,I
"
",O,O,I
Hans-Jürgen,B,author,B
 ,I,author,I
Urban,I,author,I
: ,O,O,I
Vorwort,B,title,I
", in: ",O,O,I
Ulrich Brinkmann,B,editor,I
/,O,O,I
Hae-Lin Choi,B,editor,I
/,O,O,I
Richard Detje,B,editor,I
/,O,O,I
Klaus Dörre,B,editor,I
/,O,O,I
Hajo Holst,B,editor,I
/,O,O,I
Serhat Karakayali,B,editor,I
/,O,O,I
Catharina Schmalstieg,B,editor,I
: ,O,O,I
Strategic Unionism – Aus der Krise zur Erneuerung der Gewerkschaften? Umrisse eines Forschungsprogramms,B,source,I
", ",O,O,I
Wiesbaden,B,other,I
 ,O,O,I
2008,B,year,I
", S. ",O,O,I
7,B,fpage,I
"
",O,O,I
Detlef,B,author,B
 ,I,author,I
Wetzel,I,author,I
/,O,O,I
Jörg,B,author,I
 ,I,author,I
Weigand,I,author,I
/,O,O,I
Sören,B,author,I
 ,I,author,I
Niemann-Findeisen,I,author,I
/,O,O,I
Torsten,B,author,I
 ,I,author,I
Lankau,I,author,I
: ,O,O,I
Organizing – Die mitgliederorientierte Offensivstrategie für die IG Metall – Acht Thesen zur Erneuerung der Gewerkschaftsarbeit,B,title,I
", ",O,O,I
Frankfurt a. M.,B,other,I
 ,O,O,I
2008,B,year,I
", S. ",O,O,I
4,B,fpage,I
"
",O,O,I
Ulrich,B,author,B
 ,I,author,I
Brinkmann,I,author,I
/,O,O,I
Oliver,B,author,I
 ,I,author,I
Nachtwey,I,author,I
: ,O,O,I
Krise und strategische Neuorientierung der Gewerkschaften,B,title,I
", in:",O,O,I
 »Aus Politik und Zeitgeschichte« (APuZ),B,source,I
 ,O,O,I
13–14,B,volume,I
/,O,O,I
2010,B,year,I
", S. ",O,O,I
21,B,fpage,I
–,O,O,I
22,B,lpage,I
"
",O,O,I
vgl. ,O,O,I
Knut,B,author,B
 ,I,author,I
Lambertin,I,author,I
: ,O,O,I
"Tauziehen um die soziale Selbstverwaltung – Historische, politische und ökonomische Hintergründe einer langen Debatte",B,title,I
", in: ",O,O,I
SozSich,B,source,I
 ,O,O,I
4,B,volume,I
/,O,O,I
2012,B,year,I
", S. ",O,O,I
153,B,fpage,I
"
",O,O,I
Klaus,B,author,B
 ,I,author,I
Dörre,I,author,I
", a. a. O., S. ",O,O,I
886,B,fpage,I
"
",O,O,I
Walther,B,author,B
 ,I,author,I
Müller-Jentsch,I,author,I
", a. a. O., S. ",O,O,I
14,B,fpage,I
"
",O,O,I
Josef,B,author,B
 ,I,author,I
Esser,I,author,I
: ,O,O,I
Funktion und Funktionswandel der Gewerkschaften in Deutschland,B,title,I
", in: ",O,O,I
Wolfgang Schroeder,B,editor,I
/,O,O,I
Bernhard Weßels,B,editor,I
 (Hrsg.): ,O,O,I
Die Gewerkschaften in Politik und Gesellschaft der Bundesrepublik – ein Handbuch,B,source,I
", ",O,O,I
Wiesbaden,B,other,I
 ,O,O,I
2003,B,year,I
", S. ",O,O,I
77,B,fpage,I
" f.
",O,O,I
Klaus,B,author,B
 ,I,author,I
Dörre,I,author,I
: ,O,O,I
Funktionswandel der Gewerkschaften – Von der intermediä- ren zur fraktalen Organisation,B,title,I
", in: ",O,O,I
Thomas Haipeter,B,editor,I
/,O,O,I
Klaus Dörre,B,editor,I
 (Hrsg.): ,O,O,I
Gewerkschaftliche Modernisierung,B,source,I
", ",O,O,I
Wiesbaden,B,other,I
 ,O,O,I
2011,B,year,I
", S. ",O,O,I
271,B,fpage,I
"
",O,O,I
Joachim,B,author,B
 ,I,author,I
Hirsch,I,author,I
: ,O,O,I
"Der nationale Wettbewerbsstaat – Staat, Demokratie und Politik im globalen Kapitalismus",B,title,I
", ",O,O,I
Berlin,B,other,I
 ,O,O,I
1995,B,year,I
"
",O,O,I
Wolfgang,B,author,B
 ,I,author,I
Schröder,I,author,I
", a. a. O., S. ",O,O,I
95,B,fpage,I
"
",O,O,I
Florian,B,author,B
 ,I,author,I
Blank,I,author,I
: ,O,O,I
Partizipation in der Sozialpolitik – Zur Rolle von Nutzerinnen und Nutzern,B,title,I
", in: ",O,O,I
SozSich,B,source,I
 ,O,O,I
2,B,volume,I
/,O,O,I
2013,B,year,I
", S. ",O,O,I
60,B,fpage,I
–,O,O,I
65,B,lpage,I
"
",O,O,I
Wolfgang,B,author,B
 ,I,author,I
Schroeder,I,author,I
", a. a. O., S. ",O,O,I
84,B,fpage,I
"
",O,O,I
Hans-Jürgen,B,author,B
 ,I,author,I
Urban,I,author,I
: ,O,O,I
Gewerkschaftsstrategien in der Krise: Zur kollektiven Handlungsfähigkeit im Gegenwartskapitalismus,B,title,I
", in:",O,O,I
 Stefan Schmalz,B,editor,I
/,O,O,I
Klaus Dörre,B,editor,I
 (Hrsg.): ,O,O,I
"Comeback der Gewerkschaften? Machtressourcen, innovative Praktiken, internationale Perspektiven",B,source,I
", ",O,O,I
Frankfurt a. M.,B,other,I
 ,O,O,I
2013,B,year,I
", S. ",O,O,I
379,B,fpage,I
"
",O,O,I
Wolfgang,B,author,B
 ,I,author,I
Schroeder,I,author,I
", a. a. O., S. ",O,O,I
97,B,fpage,I
"
",O,O,I
Andreas,B,author,B
 ,I,author,I
Hartje,I,author,I
/,O,O,I
Nora,B,author,I
 ,I,author,I
Knöting,I,author,I
/,O,O,I
Thomas,B,author,I
 ,I,author,I
Wüstrich,I,author,I
: ,O,O,I
Selbstverwaltung bei den Krankenkassen – Wie mehr Versichertennähe erreicht werden kann,B,title,I
", in: ",O,O,I
SozSich,B,source,I
 ,O,O,I
2,B,volume,I
/,O,O,I
2013,B,year,I
", S. ",O,O,I
45,B,fpage,I
"
",O,O,I
Klaus,B,author,B
 ,I,author,I
Dörre,I,author,I
/,O,O,I
Hajo,B,author,I
 ,I,author,I
Holst,I,author,I
/,O,O,I
Oliver,B,author,I
 ,I,author,I
Nachtwey,I,author,I
: ,O,O,I
Organising – A Strategic Option for Trade Union Renewal?,B,title,I
", in: ",O,O,I
International Journal of Action Research,B,source,I
", ",O,O,I
5,B,volume,I
(,O,O,I
1,B,issue,I
)/,O,O,I
2009,B,year,I
", S. ",O,O,I
33,B,fpage,I
"
",O,O,I
Klaus,B,author,B
 ,I,author,I
Dörre,I,author,I
 (,O,O,I
2010,B,year,I
"), a. a. O., S. ",O,O,I
899,B,fpage,I
"
",O,O,I
Hans-Jürgen,B,author,B
 ,I,author,I
Urban,I,author,I
 (,O,O,I
2013,B,year,I
"), a. a. O., S. ",O,O,I
391,B,fpage,I
"
",O,O,I
Klaus,B,author,B
 ,I,author,I
Dörre,I,author,I
: ,O,O,I
Die strategische Wahl der Gewerkschaften – Erneuerung durch Organizing?,B,title,I
", in: ",O,O,I
WSI-Mitteilungen,B,source,I
 ,O,O,I
1,B,volume,I
/,O,O,I
2008,B,year,I
", S. ",O,O,I
3,B,fpage,I
"
",O,O,I
Hans-Jürgen,B,author,B
 ,I,author,I
Urban,I,author,I
: ,O,O,I
Die Mosaik-Linke – Vom Aufbruch der Gewerkschaften zur Erneuerung der Bewegung,B,title,I
", in: ",O,O,I
Blätter für deutsche und internationale Politik,B,source,I
", ",O,O,I
5,B,volume,I
/,O,O,I
2009,B,year,I
", S. ",O,O,I
71,B,fpage,I
"
",O,O,I
Hans-Jürgen,B,author,B
 ,I,author,I
Urban,I,author,I
: ,O,O,I
Sozialstaatliche Erneuerung und gewerkschaftliche Revitalisierung – zwei Seiten einer Medaille,B,title,I
", in: ",O,O,I
Reinhard Bispinck,B,editor,I
/ ,O,O,I
Gerhard Bosch,B,editor,I
/,O,O,I
Klaus Hofemann,B,editor,I
/,O,O,I
Gerhard Naegele,B,editor,I
 (Hrsg.): ,O,O,I
Sozialpolitik und Sozialstaat – Festschrift für Gerhard Bäcker,B,source,I
", ",O,O,I
Wiesbaden,B,other,I
 ,O,O,I
2012,B,year,I
", S. ",O,O,I
87,B,fpage,I
– ,O,O,I
101,B,lpage,I
"
",O,O,I
Hans-Jürgen,B,author,B
 ,I,author,I
Urban,I,author,I
 (,O,O,I
2013,B,year,I
"), a. a. O., S. ",O,O,I
393,B,fpage,I
