token,tag,label,ref
Akaah,B,author,B
",",I,author,I
 I. P.,I,author,I
", & ",O,O,I
Riordan,B,author,I
", ",I,author,I
E. A.,I,author,I
 (,O,O,I
1989,B,year,I
). ,O,O,I
Judgments of marketing professionals about ethical issues in marketing research,B,title,I
. ,O,O,I
Journal of Marketing Research,B,source,I
", ",O,O,I
26,B,volume,I
", ",O,O,I
112,B,fpage,I
-,O,O,I
120,B,lpage,I
".
",O,O,I
Ames,B,author,B
", ",I,author,I
D. R.,I,author,I
 (,O,O,I
2004,B,year,I
). ,O,O,I
Strategies for social inference: A similarity contingency model of projection and stereotyping in attribution prevalence estimates,B,title,I
. ,O,O,I
Journal of Personality and Social Psychology,B,source,I
", ",O,O,I
87,B,volume,I
 (,O,O,I
5,B,issue,I
"), ",O,O,I
573,B,fpage,I
-,O,O,I
585,B,lpage,I
".
",O,O,I
Aquino,B,author,B
", ",I,author,I
K.,I,author,I
", & ",O,O,I
Reed,B,author,I
",",I,author,I
 A. I.,I,author,I
 (,O,O,I
2002,B,year,I
). ,O,O,I
The self-importance of moral identity,B,title,I
.,O,O,I
 Journal of Personality and Social Psychology,B,source,I
", ",O,O,I
83,B,volume,I
", ",O,O,I
1423,B,fpage,I
-,O,O,I
1440,B,lpage,I
".
",O,O,I
Arrow,B,author,B
", ",I,author,I
H.,I,author,I
", ",O,O,I
McGrath,B,author,I
", ",I,author,I
J. L.,I,author,I
", & ",O,O,I
Berdahl,B,author,I
", ",I,author,I
J. L.,I,author,I
 (,O,O,I
2000,B,year,I
). ,O,O,I
"Small groups as complex systems. Formation, coordination, development, and adaptation",B,title,I
. ,O,O,I
"Thousand Oaks, CA",B,other,I
: ,O,O,I
Sage,B,publisher,I
".
",O,O,I
Athay,B,author,B
", ",I,author,I
M.,I,author,I
", & ",O,O,I
Darley,B,author,I
", ",I,author,I
J.,I,author,I
 (,O,O,I
1982,B,year,I
). ,O,O,I
Social roles as interaction competencies,B,title,I
. In ,O,O,I
W. Ickes,B,editor,I
 & ,O,O,I
E. S. Knowles,B,editor,I
" (Eds.), ",O,O,I
"Personality, roles, and social behavior",B,source,I
.,O,O,I
 New York,B,other,I
: ,O,O,I
Springer,B,publisher,I
".
",O,O,I
Barnett,B,author,B
", ",I,author,I
T.,I,author,I
", ",O,O,I
Bass,B,author,I
", ",I,author,I
K.,I,author,I
",",O,O,I
 ,B,author,I
Brown,I,author,I
", ",I,author,I
G.,I,author,I
", & ",O,O,I
Hebert,B,author,I
", ",I,author,I
F. J.,I,author,I
 (,O,O,I
1998,B,year,I
). ,O,O,I
Ethical ideology and the ethical judgments of marketing ethics,B,title,I
. ,O,O,I
Journal of Business Ethics,B,source,I
", ",O,O,I
17,B,volume,I
", ",O,O,I
715,B,fpage,I
-,O,O,I
723,B,lpage,I
".
",O,O,I
Bettencourt,B,author,B
", ",I,author,I
B. A.,I,author,I
", & ",O,O,I
Sheldon,B,author,I
", ",I,author,I
K.,I,author,I
 (,O,O,I
2001,B,year,I
). ,O,O,I
Social roles as mechanism for psychological need satisfaction within social groups,B,title,I
. ,O,O,I
Journal of Personality and Social Psychology,B,source,I
", ",O,O,I
81,B,volume,I
", ",O,O,I
1131,B,fpage,I
- ,O,O,I
1143,B,lpage,I
".
",O,O,I
Brauer,B,author,B
", ",I,author,I
M.,I,author,I
", ",O,O,I
Judd,B,author,I
", ",I,author,I
C. M.,I,author,I
", & ",O,O,I
Jacqueline,B,author,I
", ",I,author,I
V.,I,author,I
 (,O,O,I
2001,B,year,I
). ,O,O,I
The communication of social stereotypes: The effects of group discussion and information distribution on stereotypic appraisals,B,title,I
. ,O,O,I
Journal of Personality and Social Psychology,B,source,I
", ",O,O,I
81,B,volume,I
", ",O,O,I
463,B,fpage,I
-,O,O,I
475,B,lpage,I
".
",O,O,I
Chonko,B,author,B
", ",I,author,I
L. B.,I,author,I
", & ",O,O,I
Burnett,B,author,I
", ",I,author,I
J. J.,I,author,I
 (,O,O,I
1983,B,year,I
). ,O,O,I
"Measuring the importance of ethical situations as a source of role conflict: A survey of salespeople, salesmanagers, and sales support personnel",B,title,I
. ,O,O,I
Journal of Personal Selling and Sales Management,B,source,I
", ",O,O,I
3,B,volume,I
", ",O,O,I
41,B,fpage,I
-,O,O,I
47,B,lpage,I
".
",O,O,I
Chriss,B,author,B
",",I,author,I
 J. J.,I,author,I
 (,O,O,I
1999,B,year,I
). ,O,O,I
Role distance and the negational self,B,title,I
. In ,O,O,I
G. Smith,B,editor,I
" (Ed.),",O,O,I
 Goffman and social organization. Studies in sociological legacy,B,source,I
 (pp. ,O,O,I
64,B,fpage,I
-,O,O,I
80).,B,lpage,I
 ,O,O,I
London,B,other,I
: ,O,O,I
Routledge,B,publisher,I
".
",O,O,I
Cohen,B,author,B
", ",I,author,I
J.,I,author,I
 (,O,O,I
1977,B,year,I
). ,O,O,I
Statistical power analysis for the behavioral sciences,B,title,I
. ,O,O,I
New York,B,other,I
: ,O,O,I
Academic Press,B,publisher,I
".
",O,O,I
Colby,B,author,B
", ",I,author,I
A.,I,author,I
", & ",O,O,I
Kohlberg,B,author,I
", ",I,author,I
L.,I,author,I
 (,O,O,I
1987,B,year,I
). ,O,O,I
The measurement of moral judgment,B,title,I
 (Vol.,O,O,I
1,B,volume,I
). ,O,O,I
Cambridge,B,other,I
: ,O,O,I
Cambridge University Press,B,publisher,I
".
",O,O,I
Coser,B,author,B
", ",I,author,I
R. L.,I,author,I
 (,O,O,I
1991,B,year,I
). ,O,O,I
In defense of modernity. Role complexity and individual autonomy,B,title,I
. ,O,O,I
"Stanford, CA",B,other,I
:,O,O,I
 Stanford University Press,B,publisher,I
".
",O,O,I
Davis,B,author,B
", ",I,author,I
M. H.,I,author,I
", ",O,O,I
Conklin,B,author,I
", ",I,author,I
L.,I,author,I
", ",O,O,I
Smith,B,author,I
",",I,author,I
 A.,I,author,I
", & ",O,O,I
Luce,B,author,I
", ",I,author,I
C.,I,author,I
 (,O,O,I
1996,B,year,I
). ,O,O,I
Effect of perspective taking on the cognitive representation of persons: A merge of self and other,B,title,I
. ,O,O,I
Journal of Personality and Social Psychology,B,source,I
", ",O,O,I
70,B,volume,I
", ",O,O,I
713,B,fpage,I
-,O,O,I
726,B,lpage,I
".
",O,O,I
Deaux,B,author,B
",",I,author,I
 K.,I,author,I
", ",O,O,I
Reid,B,author,I
", ",I,author,I
A.,I,author,I
", ",O,O,I
Mizrahi,B,author,I
", ",I,author,I
K.,I,author,I
", & ",O,O,I
Ethier,B,author,I
", ",O,O,I
K. A.,B,author,I
 (,O,O,I
1995,B,year,I
).,O,O,I
 Parameters of social identity,B,title,I
. ,O,O,I
Journal of Personality and Social Psychology,B,source,I
", ",O,O,I
68,B,volume,I
", ",O,O,I
280,B,fpage,I
-,O,O,I
291,B,lpage,I
".
",O,O,I
Donahue,B,author,B
", ",O,O,I
E. M.,B,author,I
", ",O,O,I
Robins,B,author,I
", ",I,author,I
R. W.,I,author,I
", ",O,O,I
Roberts,B,author,I
", ",I,author,I
B. W.,I,author,I
", & ",O,O,I
John,B,author,I
", ",O,O,I
O. P.,B,author,I
 (,O,O,I
1993,B,year,I
). ,O,O,I
The divided self; Concurrent and longitudinal effects of psychological adjustment and social roles on selfconcept differentiation,B,title,I
. ,O,O,I
Journal of Personality and Social Psychology,B,source,I
", ",O,O,I
64,B,volume,I
", ",O,O,I
834,B,fpage,I
-,O,O,I
846,B,lpage,I
".
",O,O,I
Forsyth,B,author,B
", ",I,author,I
D. R.,I,author,I
", & ",O,O,I
Nye,B,author,I
", ",I,author,I
J. L.,I,author,I
 (,O,O,I
1990,B,year,I
). ,O,O,I
Personal moral philosophies and moral choice,B,title,I
. ,O,O,I
Journal of Research in Personality,B,source,I
", ",O,O,I
24,B,volume,I
", ",O,O,I
398,B,fpage,I
-,O,O,I
414,B,lpage,I
".
",O,O,I
Forsyth,B,author,B
",",I,author,I
 D. R.,I,author,I
", & ",O,O,I
Pope,B,author,I
", ",I,author,I
W. R.,I,author,I
 (,O,O,I
1984,B,year,I
). ,O,O,I
Ethical ideology and judgments of social psychological research: A multidimensional analysis,B,title,I
. ,O,O,I
Journal of Personality and Social Psychology,B,source,I
", ",O,O,I
46,B,volume,I
", ",O,O,I
1365,B,fpage,I
-,O,O,I
1375,B,lpage,I
".
",O,O,I
Forsyth,B,author,B
", ",I,author,I
D. R.,I,author,I
 (,O,O,I
1980,B,year,I
). ,O,O,I
A taxonomy of ethical ideologies,B,title,I
. ,O,O,I
Journal of Personality and Social Psychology,B,source,I
", ",O,O,I
39,B,volume,I
", ",O,O,I
175,B,fpage,I
-,O,O,I
184,B,lpage,I
".
",O,O,I
Forsyth,B,author,B
", ",I,author,I
D. R.,I,author,I
 (,O,O,I
1992,B,year,I
). ,O,O,I
Judging the morality of business practices: The influence of personal moral philosophies,B,title,I
. ,O,O,I
Journal of Business Ethics,B,source,I
", ",O,O,I
11,B,volume,I
", ",O,O,I
461,B,fpage,I
-,O,O,I
470,B,lpage,I
".
",O,O,I
Fritzsche,B,author,B
", ",I,author,I
D. J.,I,author,I
", & ",O,O,I
Becker,B,author,I
",",I,author,I
 H.,I,author,I
 (,O,O,I
1984,B,year,I
). ,O,O,I
Ethical behavior of marketing managers,B,title,I
. ,O,O,I
Journal of Business Ethics,B,source,I
", ",O,O,I
2,B,volume,I
", ",O,O,I
291,B,fpage,I
-,O,O,I
299,B,lpage,I
".
",O,O,I
German National Ethics Council,B,editor,B
 (,O,O,I
2004,B,year,I
). ,O,O,I
Cloning for reproductive purposes and cloning for the purposes of biomedical research,B,title,I
. ,O,O,I
Opinion,B,title,I
. Retrieved ,O,O,I
"September 20, 2004",B,other,I
", from ",O,O,I
http://www.ethikrat.org/_english/publications/Opinion_Cloning.pdf,B,url,I
"
",O,O,I
Goffman,B,author,B
", ",I,author,I
E.,I,author,I
 (,O,O,I
1961,B,year,I
). ,O,O,I
Encounters,B,title,I
. ,O,O,I
Indianapolis,B,other,I
: ,O,O,I
Bobbs-Merril,B,publisher,I
".
",O,O,I
Gollenia,B,author,B
", ",I,author,I
M. C.,I,author,I
 (,O,O,I
1999,B,year,I
). ,O,O,I
Ethische Entscheidungen und Rechtfertigungen unter der besonderen Bedingung der sozialen Identität [Ethical decisions and justifications on special condition of social identity.],B,title,I
. ,O,O,I
"Unpublished dissertation, University of Hamburg",B,other,I
".
",O,O,I
Hackel,B,author,B
", ",I,author,I
S.,I,author,I
 (,O,O,I
1995,B,year,I
).,O,O,I
 Berufliche Sozialisation und Identität ost- und westdeutscher Arbeitnehmer [Professional socialization and identity of East- and West-German employees.],B,title,I
.,O,O,I
" Unpublished dissertation, University of Hamburg",B,other,I
".
",O,O,I
Hunt,B,author,B
", ",I,author,I
S. D.,I,author,I
", & ",O,O,I
Vitell,B,author,I
", ",I,author,I
S.,I,author,I
 (,O,O,I
1986,B,year,I
). ,O,O,I
A general theory of marketing ethics,B,title,I
. ,O,O,I
Journal of Macromarketing,B,source,I
", ",O,O,I
6,B,volume,I
 (,O,O,I
Spring,B,other,I
"), ",O,O,I
5,B,fpage,I
-,O,O,I
16,B,lpage,I
".
",O,O,I
Janis,B,author,B
", ",I,author,I
I. L.,I,author,I
 (,O,O,I
1972,B,year,I
).,O,O,I
 Victims of groupthink,B,title,I
. ,O,O,I
Boston,B,other,I
: ,O,O,I
Houghton Mifflin,B,publisher,I
".
",O,O,I
Jones,B,author,B
", ",I,author,I
T. M.,I,author,I
 (,O,O,I
1991,B,year,I
). ,O,O,I
Ethical decision making by individuals in organizations: An issue contingent model,B,title,I
. ,O,O,I
Academy of Management Review,B,source,I
", ",O,O,I
16,B,volume,I
 (,O,O,I
2,B,issue,I
"), ",O,O,I
366,B,fpage,I
-,O,O,I
395.,B,lpage,I
"
",O,O,I
Kenrick,B,author,B
",",I,author,I
 D. T.,I,author,I
", ",O,O,I
Neuberg,B,author,I
", ",I,author,I
S. L.,I,author,I
", & ",O,O,I
Cialdini,B,author,I
", ",I,author,I
R. B.,I,author,I
 (,O,O,I
2005,B,year,I
). ,O,O,I
Social psychology: Unraveling the mystery,B,title,I
 (,O,O,I
3,B,issue,I
rd ed.). ,O,O,I
"Boston, MA",B,other,I
: ,O,O,I
Pearson,B,publisher,I
".
",O,O,I
Kunda,B,author,B
", ",I,author,I
Z.,I,author,I
", & ",O,O,I
Spencer,B,author,I
", ",I,author,I
S. J.,I,author,I
 (,O,O,I
2003,B,year,I
). ,O,O,I
When do stereotypes come to mind and when do they color judgment? A goal-based theoretical framework for stereotype activation and application,B,title,I
. ,O,O,I
Psychological Bulletin,B,source,I
", ",O,O,I
129,B,volume,I
 (,O,O,I
4,B,issue,I
"), ",O,O,I
522,B,fpage,I
-,O,O,I
544,B,lpage,I
".
",O,O,I
Kurtines,B,author,B
", ",I,author,I
W. M.,I,author,I
 (,O,O,I
1984,B,year,I
). ,O,O,I
Moral behavior as rule governed behavior: A psychosocial roletheoretical approach to moral behavior and development,B,title,I
. In ,O,O,I
W. M. Kurtines,B,editor,I
 & ,O,O,I
J. L. Gewirtz,B,editor,I
" (Eds.),",O,O,I
" Morality, moral behavior, and moral development: Basic issues in theory and research",B,source,I
 (pp. ,O,O,I
303,B,fpage,I
-,O,O,I
324,B,lpage,I
). ,O,O,I
New York,B,other,I
: ,O,O,I
Wiley,B,publisher,I
".
",O,O,I
Mac Intyre,B,author,B
",",I,author,I
 A.,I,author,I
 (,O,O,I
1976,B,year,I
).,O,O,I
 A Short History of Ethics,B,title,I
. ,O,O,I
London,B,other,I
 : ,O,O,I
Routledge & Kegan Paul,B,publisher,I
".
",O,O,I
Maeng,B,author,B
", ",I,author,I
Y.-J.,I,author,I
 (,O,O,I
1995,B,year,I
). ,O,O,I
Ethische Grundpositionen als Handlungsrechtfertigung interpersonaler Handlungen: Ein Kulturvergleich zwischen Korea (ROK) und Deutschland [Ethical positions as justifications of interpersonal actions: a cultural comparison between Corea and Germany.],B,title,I
. ,O,O,I
"Unpublished dissertation, University of Hamburg",B,other,I
".
",O,O,I
McDaniels,B,author,B
", ",I,author,I
T.,I,author,I
", ",O,O,I
Gregory,B,author,I
", ",I,author,I
R.,I,author,I
", & ",O,O,I
Fields,B,author,I
", ",I,author,I
D.,I,author,I
 (,O,O,I
1999,B,year,I
). ,O,O,I
Democratizing risk management: Successful public involvement in local water management decisions,B,title,I
. ,O,O,I
Risk Analysis,B,source,I
", ",O,O,I
19,B,volume,I
 (,O,O,I
3,B,issue,I
"), ",O,O,I
497,B,fpage,I
-,O,O,I
510,B,lpage,I
".
",O,O,I
McGee,B,author,B
",",I,author,I
 G.,I,author,I
", ",O,O,I
Spanogle,B,author,I
", ",I,author,I
J. P.,I,author,I
", ",O,O,I
Caplan,B,author,I
", ",I,author,I
A. L.,I,author,I
", & ",O,O,I
Asch,B,author,I
", ",I,author,I
D. A.,I,author,I
 (,O,O,I
2001,B,year,I
). ,O,O,I
A national study of ethics committees,B,title,I
.,O,O,I
 Journal of Bioethics,B,source,I
", ",O,O,I
1,B,volume,I
 (,O,O,I
4,B,issue,I
) ,O,O,I
Fall,B,other,I
", ",O,O,I
60,B,fpage,I
-,O,O,I
64,B,lpage,I
".
",O,O,I
Mitcham,B,author,B
", ",I,author,I
C.,I,author,I
 (,O,O,I
1990,B,year,I
). ,O,O,I
Ethics in bioengineering,B,title,I
. ,O,O,I
Journal of Business Ethics,B,source,I
", ",O,O,I
9,B,volume,I
", ",O,O,I
227,B,fpage,I
-,O,O,I
231,B,lpage,I
".
",O,O,I
Moreland,B,author,B
", ",I,author,I
R. L.,I,author,I
", ",O,O,I
Levine,B,author,I
", ",I,author,I
J. M.,I,author,I
", & ",O,O,I
Wingert,B,author,I
", ",I,author,I
M. L.,I,author,I
 (,O,O,I
1996,B,year,I
).,O,O,I
 Creating the ideal group: Composition effects at work,B,title,I
. In ,O,O,I
E. H. Witte,B,editor,I
 & ,O,O,I
J. H. Davis,B,editor,I
" (Eds.),",O,O,I
 Understanding group behavior Small group processes and interpersonal relations,B,source,I
. (Vol. ,O,O,I
2,B,volume,I
", pp. ",O,O,I
11,B,fpage,I
-,O,O,I
35,B,lpage,I
). ,O,O,I
"Mahwah, NJ",B,other,I
: ,O,O,I
Erlbaum,B,publisher,I
".
",O,O,I
Premeaux,B,author,B
", ",I,author,I
S. R.,I,author,I
", & ",O,O,I
Mondy,B,author,I
", ",I,author,I
R. W.,I,author,I
 (,O,O,I
1993,B,year,I
).,O,O,I
 Linking management behavior to ethical philosophy,B,title,I
. ,O,O,I
Journal of Business Ethics,B,source,I
", ",O,O,I
12,B,volume,I
 (,O,O,I
5,B,issue,I
"), ",O,O,I
349,B,fpage,I
-,O,O,I
357,B,lpage,I
".
",O,O,I
President´s Council on Bioethics,B,editor,B
 (,O,O,I
2001,B,year,I
). ,O,O,I
"Executive Order 13237 of November 28, 2001",B,title,I
. Retrieved,O,O,I
" June 30, 2004",B,other,I
", from ",O,O,I
http://www.bioethics.gov,B,url,I
"
",O,O,I
Rawls,B,author,B
", ",I,author,I
J.,I,author,I
 (,O,O,I
1971,B,year,I
). ,O,O,I
A theory of justice,B,title,I
. ,O,O,I
"Cambridge, MA",B,other,I
: ,O,O,I
Belknap Press of Harvard Univiversity Press,B,publisher,I
".
",O,O,I
Rutherford,B,author,B
",",I,author,I
 M. D.,I,author,I
 (,O,O,I
2004,B,year,I
).,O,O,I
 The effect of social role on theory of mind reasoning,B,title,I
. ,O,O,I
British Journal of Psychology,B,source,I
", ",O,O,I
95,B,volume,I
", ",O,O,I
91,B,fpage,I
-,O,O,I
103,B,lpage,I
".
",O,O,I
Sarbin,B,author,B
", ",I,author,I
T. R.,I,author,I
", & ",O,O,I
Scheibe,B,author,I
", ",I,author,I
K. E.,I,author,I
 (,O,O,I
1983,B,year,I
).,O,O,I
 A model of social identity,B,title,I
. In ,O,O,I
T. R. Sarbin,B,editor,I
 & ,O,O,I
K. E. Scheibe,B,editor,I
" (Eds.), ",O,O,I
Studies in social identity,B,source,I
.,O,O,I
 New York,B,other,I
: ,O,O,I
Praeger,B,publisher,I
".
",O,O,I
Scanlon,B,author,B
", ",I,author,I
T. M.,I,author,I
 (,O,O,I
1999,B,year,I
). ,O,O,I
What we owe to each other,B,title,I
 (,O,O,I
2,B,issue,I
nd ed.). ,O,O,I
"Cambridge, MA",B,other,I
: ,O,O,I
Belknap Press of Harvard University Press,B,publisher,I
".
",O,O,I
Schönecker,B,author,B
",",I,author,I
 D.,I,author,I
 (,O,O,I
2005,B,year,I
). ,O,O,I
The role of moral philosophers in ethics committees,B,title,I
. ,O,O,I
Deliberation Knowledge Ethics,B,source,I
", ",O,O,I
16,B,volume,I
 (,O,O,I
1,B,issue,I
"), ",O,O,I
60,B,fpage,I
-,O,O,I
62,B,lpage,I
".
",O,O,I
Stead,B,author,B
", ",I,author,I
W. E.,I,author,I
", ",O,O,I
Worrell,B,author,I
", ",I,author,I
D. L.,I,author,I
", & ",O,O,I
Stead,B,author,I
", ",I,author,I
J. G.,I,author,I
 (,O,O,I
1990,B,year,I
). ,O,O,I
An integrative model for understanding and managing ethical behavior in business organizations,B,title,I
. ,O,O,I
Journal of Business Ethics,B,source,I
", ",O,O,I
9,B,volume,I
 (,O,O,I
3,B,issue,I
"), ",O,O,I
233,B,fpage,I
-,O,O,I
242,B,lpage,I
".
",O,O,I
Tansey,B,author,B
", ",I,author,I
R.,I,author,I
", ",O,O,I
Brown,B,author,I
", ",I,author,I
G.,I,author,I
", ",O,O,I
Hyman,B,author,I
", ",I,author,I
R.,I,author,I
", & ",O,O,I
Dawson,B,author,I
", ",I,author,I
L.,I,author,I
 (,O,O,I
1994,B,year,I
). ,O,O,I
Personal moral philosophies and the moral judgments of salespeople,B,title,I
. ,O,O,I
Journal of Personal Selling and Sales Management,B,source,I
", ",O,O,I
14,B,volume,I
 (,O,O,I
1,B,issue,I
"), ",O,O,I
59,B,fpage,I
-,O,O,I
76,B,lpage,I
".
",O,O,I
Tuchman,B,author,B
", ",I,author,I
B.,I,author,I
 (,O,O,I
1984,B,year,I
). ,O,O,I
The march of folly. From Troy to Vietnam,B,title,I
. ,O,O,I
London,B,other,I
: ,O,O,I
Joseph,B,publisher,I
".
",O,O,I
Turner,B,author,B
", ",I,author,I
R. H.,I,author,I
 (,O,O,I
1972,B,year,I
). ,O,O,I
Role. Sociological aspects,B,title,I
. In ,O,O,I
D. L. Sills,B,editor,I
" (Ed.), ",O,O,I
International encyclopedia of the social sciences,B,source,I
 (Vol. ,O,O,I
13,B,volume,I
", pp. ",O,O,I
552,B,fpage,I
-,O,O,I
557,B,lpage,I
). ,O,O,I
New York,B,other,I
: ,O,O,I
Macmillan and the Free Press,B,publisher,I
".
",O,O,I
Turner,B,author,B
", ",I,author,I
R. H.,I,author,I
", & ",O,O,I
Colomy,B,author,I
", ",I,author,I
P.,I,author,I
 (,O,O,I
1993,B,year,I
). ,O,O,I
Role differentiation: Orienting principles,B,title,I
. In ,O,O,I
E. J. Lawler,B,editor,I
 & ,O,O,I
B. Markovsky,B,editor,I
" (Eds.), ",O,O,I
Social psychology of groups: A reader,B,source,I
 (pp. ,O,O,I
23,B,fpage,I
-,O,O,I
49,B,lpage,I
). ,O,O,I
"Greenwich, CT",B,other,I
: ,O,O,I
JAI Press,B,publisher,I
".
",O,O,I
Tyler,B,author,B
", ",I,author,I
T. R.,I,author,I
", ",O,O,I
Boeckmann,B,author,I
", ",I,author,I
R. J.,I,author,I
", ",O,O,I
Smith,B,author,I
", ",I,author,I
H. J.,I,author,I
", & ",O,O,I
Huo,B,author,I
", ",I,author,I
Y. J.,I,author,I
 (,O,O,I
1997,B,year,I
). ,O,O,I
Social justice in a diverse society,B,title,I
. ,O,O,I
"Boulder, CO",B,other,I
: ,O,O,I
Westview,B,publisher,I
".
",O,O,I
Witte,B,author,B
", ",I,author,I
E. H.,I,author,I
", & ",O,O,I
Doll,B,author,I
", ",I,author,I
J.,I,author,I
 (,O,O,I
1995,B,year,I
). ,O,O,I
Soziale Kognition und empirische Ethikforschung. Zur Rechtfertigung von Handlungen [Social cognition and empirical ethics research. As to the judgment of behavior.],B,title,I
. In ,O,O,I
E. H. Witte,B,editor,I
 (Hrsg.). ,O,O,I
Soziale Kognition und empirische Ethikforschung,B,source,I
 (S. ,O,O,I
97,B,fpage,I
-,O,O,I
115,B,lpage,I
). ,O,O,I
Lengerich,B,other,I
: ,O,O,I
Pabst,B,publisher,I
".
",O,O,I
Witte,B,author,B
", ",I,author,I
E. H.,I,author,I
 (,O,O,I
2001,B,year,I
).,O,O,I
 Classical ethical positions and their relevance in justifying behavior: A model of prescriptive attribution,B,title,I
. ,O,O,I
"Hamburger Forschungsberichte aus dem Arbeitsbereich Sozialpsychologie, HaFoS",B,source,I
", ",O,O,I
38,B,volume,I
. ,O,O,I
University of Hamburg,B,publisher,I
".
",O,O,I
Witte,B,author,B
", ",I,author,I
E. H.,I,author,I
 (,O,O,I
2002,B,year,I
a). ,O,O,I
Ethische Grundpositionen und ihre Bedeutung bei der Rechtfertigung beruflicher Handlungen [Ethical positions and their relevance for justifying job-related behavior.],B,title,I
. ,O,O,I
Zeitschrift für Personalforschung,B,source,I
", ",O,O,I
16,B,volume,I
", ",O,O,I
156,B,fpage,I
-,O,O,I
168,B,lpage,I
".
",O,O,I
Witte,B,author,B
", ",I,author,I
E. H.,I,author,I
(,O,O,I
2002,B,year,I
b). ,O,O,I
Kommentar: Ethik-Räte oder das Lösen komplexer Probleme in Gruppen [Comment: Ethics councils or the solution of complex problems in groups.],B,title,I
. ,O,O,I
Wirtschaftspsychologie,B,source,I
", ",O,O,I
4,B,volume,I
 (,O,O,I
3,B,issue,I
"), ",O,O,I
63,B,fpage,I
-,O,O,I
64,B,lpage,I
".
",O,O,I
Witte,B,author,B
", ",I,author,I
E. H.,I,author,I
 (,O,O,I
2002,B,year,I
c). ,O,O,I
Classical ethical positions and their relevance in justifying behavior: A model of prescriptive attribution,B,title,I
. ,O,O,I
"Hamburger Forschungsberichte aus der Arbeitsgruppe Sozialpsychologie, HaFoS",B,source,I
 Nr. ,O,O,I
42,B,volume,I
. ,O,O,I
Universität Hamburg,B,publisher,I
. ,O,O,I
http://www.unihamburg.de/fachbereiche-einrichtungen/fb16/absozpsy/HAFOS-42.pdf,B,url,I
"
",O,O,I
Witte,B,author,B
", ",I,author,I
E. H.,I,author,I
", & ",O,O,I
Heitkamp,B,author,I
", ",I,author,I
I.,I,author,I
 (,O,O,I
2005,B,year,I
). ,O,O,I
Die Aufgabe von Ethik-Komitees: eine komplexe Gruppenleistung [The task of ethics committees: a complex group effort.],B,title,I
. ,O,O,I
"Erwägen, Wissen, Ethik",B,source,I
", ",O,O,I
16,B,volume,I
 (,O,O,I
1,B,issue,I
"), ",O,O,I
73,B,fpage,I
-,O,O,I
74,B,lpage,I
".
",O,O,I
Woodland,B,author,B
", ",I,author,I
D. J. A.,I,author,I
 (,O,O,I
1968,B,year,I
). ,O,O,I
Role; social role; role-taking; role conflict,B,title,I
. In ,O,O,I
D. Mitchell,B,editor,I
" (Ed.), ",O,O,I
A dictionary of sociology,B,source,I
 (pp. ,O,O,I
148,B,fpage,I
-,O,O,I
152,B,lpage,I
). ,O,O,I
London,B,other,I
: ,O,O,I
Routledge & Kegan Paul,B,publisher,I
".
",O,O,I
