token,tag,label,ref
Akerlof,B,author,B
", ",I,author,I
George A.,I,author,I
", ",O,O,I
1970,B,year,I
: ,O,O,I
The Market for “Lemons”: Quality Uncertainty and the Market Mechanism,B,title,I
. In: ,O,O,I
Quarterly Journal of Economics,B,source,I
 ,O,O,I
84,B,volume,I
", ",O,O,I
488,B,fpage,I
–,O,O,I
500,B,lpage,I
".
",O,O,I
", ",O,O,I
1984,B,year,B
: ,O,O,I
Gift Exchange and Efficiency-Wage Theory,B,title,I
. In: ,O,O,I
American Economic Review P+P,B,source,I
 ,O,O,I
74,B,volume,I
", ",O,O,I
79,B,fpage,I
– ,O,O,I
83,B,lpage,I
".
",O,O,I
Arrow,B,author,B
", ",I,author,I
Kenneth,I,author,I
", ",O,O,I
1973,B,year,I
: ,O,O,I
Social Responsibility and Economic Efficiency,B,title,I
. In: ,O,O,I
Public Policy,B,source,I
 ,O,O,I
21,B,volume,I
", ",O,O,I
303,B,fpage,I
– ,O,O,I
317,B,lpage,I
".
",O,O,I
Bayertz,B,author,B
", ",I,author,I
Kurt,I,author,I
", ",O,O,I
1998,B,year,I
: ,O,O,I
Begriff und Problem der Solidarität,B,title,I
. In: ,O,O,I
Kurt Bayertz,B,editor,I
" (ed.), ",O,O,I
Solidarität. Begriff und Problem,B,source,I
. ,O,O,I
Frankfurt a.M.,B,other,I
: ,O,O,I
Suhrkamp,B,publisher,I
", ",O,O,I
11,B,fpage,I
–,O,O,I
53,B,lpage,I
".
",O,O,I
Beckert,B,author,B
", ",I,author,I
Jens,I,author,I
", ",O,O,I
2002,B,year,I
a: ,O,O,I
Beyond the Market. The Social Foundations of Economic Efficiency,B,title,I
. ,O,O,I
Princeton,B,other,I
: ,O,O,I
Princeton University Press,B,publisher,I
".
",O,O,I
", ",O,O,I
2002,B,year,B
b: ,O,O,I
"Von Fröschen, Unternehmensstrategien und anderen Totems. Die soziologische Herausforderung der ökonomischen Institutionentheorie",B,title,I
. In: ,O,O,I
Andrea Maurer,B,editor,I
 / ,O,O,I
Michael Schmid,B,editor,I
" (eds.), ",O,O,I
"Neuer Institutionalismus. Zur soziologischen Erklärung von Organisation, Moral und Vertrauen",B,source,I
. ,O,O,I
Frankfurt a.M.,B,other,I
: ,O,O,I
Campus,B,publisher,I
", ",O,O,I
133,B,fpage,I
–,O,O,I
147,B,lpage,I
".
",O,O,I
Biggart,B,author,B
", ",I,author,I
Nicole W.,I,author,I
 / ,O,O,I
Rick,B,author,I
 ,I,author,I
Delbridge,I,author,I
", ",O,O,I
2004,B,year,I
: ,O,O,I
Systems of Exchange,B,title,I
. In: ,O,O,I
Academy of Management Review,B,source,I
 ,O,O,I
29,B,volume,I
", ",O,O,I
28,B,fpage,I
–,O,O,I
49,B,lpage,I
".
",O,O,I
Coleman,B,author,B
", ",I,author,I
James,I,author,I
", ",O,O,I
1990,B,year,I
: ,O,O,I
Foundations of Social Theory,B,title,I
. ,O,O,I
"Cambridge, MA",B,other,I
: ,O,O,I
Harvard University Press,B,publisher,I
". 
",O,O,I
Durkheim,B,author,B
", ",I,author,I
Émile,I,author,I
", ",O,O,I
1984,B,year,I
 [,O,O,I
1893,B,year,I
]: ,O,O,I
The Division of Labor,B,title,I
. ,O,O,I
New York,B,other,I
: ,O,O,I
Free Press,B,publisher,I
".
",O,O,I
Etzioni,B,author,B
", ",I,author,I
Amitai,I,author,I
", ",O,O,I
1988,B,year,I
: ,O,O,I
The Moral Dimension,B,title,I
. ,O,O,I
New York,B,other,I
: ,O,O,I
Free Press,B,publisher,I
".
",O,O,I
Frank,B,author,B
", ",I,author,I
Robert,I,author,I
", ",O,O,I
1990,B,year,I
: ,O,O,I
Rethinking Rational Choice,B,title,I
. In: ,O,O,I
Roger Friedland,B,editor,I
 / ,O,O,I
Alexander F. Robertson,B,editor,I
" (eds.), ",O,O,I
Beyond the Marketplace. Rethinking Economy and Society,B,source,I
.,O,O,I
 New York,B,other,I
: ,O,O,I
De Gruyter,B,publisher,I
", ",O,O,I
53,B,fpage,I
–,O,O,I
87,B,lpage,I
".
",O,O,I
Friedman,B,author,B
", ",I,author,I
Milton,I,author,I
", ",O,O,I
1973,B,year,I
: ,O,O,I
The Social Responsibility of Business Is to Increase Its Profits,B,title,I
. In: ,O,O,I
Milton Snoeyenbos,B,editor,I
 / ,O,O,I
Robert Almeder,B,editor,I
 / ,O,O,I
James Humber,B,editor,I
" (eds.), ",O,O,I
Business Ethics. Corporate Values and Society,B,source,I
. ,O,O,I
New York,B,other,I
: ,O,O,I
Prometheus Books,B,publisher,I
", ",O,O,I
73,B,fpage,I
–,O,O,I
83,B,lpage,I
".
",O,O,I
Granovetter,B,author,B
", ",I,author,I
Mark,I,author,I
", ",O,O,I
1985,B,year,I
: ,O,O,I
Economic Action and Social Structure: The Problem of Embeddedness,B,title,I
. In: ,O,O,I
American Journal of Sociology,B,source,I
 ,O,O,I
91,B,volume,I
", ",O,O,I
481,B,fpage,I
–,O,O,I
510,B,lpage,I
".
",O,O,I
Hirschman,B,author,B
", ",I,author,I
Albert O.,I,author,I
", ",O,O,I
1986,B,year,I
: ,O,O,I
Rival Views of Market Society,B,title,I
. ,O,O,I
New York,B,other,I
: ,O,O,I
Viking,B,publisher,I
".
",O,O,I
Luhmann,B,author,B
", ",O,O,I
Niklas,B,author,I
", ",O,O,I
1986,B,year,I
: ,O,O,I
Ökologische Kommunikation,B,title,I
. ,O,O,I
Opladen,B,other,I
: ,O,O,I
Westdeutscher Verlag,B,publisher,I
".
",O,O,I
", ",O,O,I
1988,B,year,B
: ,O,O,I
Die Wirtschaft der Gesellschaft,B,title,I
. ,O,O,I
Frankfurt a.M.,B,other,I
: ,O,O,I
Suhrkamp,B,publisher,I
". 
",O,O,I
", ",O,O,I
1993,B,year,B
: ,O,O,I
Wirtschaftsethik – als Ethik?,B,title,I
 In: ,O,O,I
Josef Wieland,B,editor,I
" (ed.), ",O,O,I
Wirtschaftsethik und Theorie der Gesellschaft,B,source,I
. ,O,O,I
Frankfurt a.M.,B,other,I
: ,O,O,I
Suhrkamp,B,publisher,I
", ",O,O,I
134,B,fpage,I
–,O,O,I
147,B,lpage,I
".
",O,O,I
Lukes,B,author,B
", ",I,author,I
Steven,I,author,I
", ",O,O,I
1974,B,year,I
: ,O,O,I
Power. A Radical View,B,title,I
. ,O,O,I
London,B,other,I
: ,O,O,I
MacMillan,B,publisher,I
".
",O,O,I
Offe,B,author,B
", ",I,author,I
Claus,I,author,I
", ",O,O,I
1989,B,year,I
: ,O,O,I
"Bindung, Fessel, Bremse. Die Unübersichtlichkeit von Selbstbeschränkungsformeln",B,title,I
. In: ,O,O,I
Axel Honneth,B,editor,I
 ,O,O,I
et al.,B,other,I
" (eds.), ",O,O,I
Zwischenbetrachtungen im Prozess der Aufklärung,B,source,I
. ,O,O,I
Frankfurt a.M.,B,other,I
: ,O,O,I
Suhrkamp,B,publisher,I
", ",O,O,I
739,B,fpage,I
–,O,O,I
774,B,lpage,I
".
",O,O,I
Offe,B,author,B
", ",I,author,I
Claus,I,author,I
 / ,O,O,I
Helmut,B,author,I
 ,I,author,I
Wiesenthal,I,author,I
", ",O,O,I
1985,B,year,I
: ,O,O,I
Two Logics of Collective Action,B,title,I
. In: ,O,O,I
Claus Offe,B,editor,I
" (ed.), ",O,O,I
Disorganized Capitalism,B,source,I
. ,O,O,I
"Cambridge, MA",B,other,I
: ,O,O,I
Polity,B,source,I
", ",O,O,I
170,B,fpage,I
–,O,O,I
220,B,lpage,I
".
",O,O,I
Polanyi,B,author,B
", ",I,author,I
Karl,I,author,I
", ",O,O,I
1944,B,year,I
:,O,O,I
 The Great Transformation,B,title,I
. ,O,O,I
Boston,B,other,I
: ,O,O,I
Beacon Press,B,publisher,I
".
",O,O,I
Portes,B,author,B
", ",I,author,I
Alejandro,I,author,I
 / ,O,O,I
Julia,B,author,I
 ,I,author,I
Sensenbrenner,I,author,I
", ",O,O,I
1993,B,year,I
: ,O,O,I
Embeddedness and Immigration: Notes on the Determinants of Economic Action,B,title,I
. In: ,O,O,I
American Journal of Sociology,B,source,I
 ,O,O,I
98,B,volume,I
", ",O,O,I
1320,B,fpage,I
–,O,O,I
1350,B,lpage,I
".
",O,O,I
Sen,B,author,B
", ",I,author,I
Amartya K.,I,author,I
", ",O,O,I
1977,B,year,I
: ,O,O,I
Rational Fools: A Critique of the Behavioral Foundations of Economic Theory,B,title,I
. In: ,O,O,I
Philosophy and Public Affairs,B,source,I
 ,O,O,I
6,B,volume,I
", ",O,O,I
317,B,fpage,I
–,O,O,I
344,B,lpage,I
".
",O,O,I
Smith,B,author,B
",",I,author,I
 ,O,O,I
Adam,O,O,I
", ",O,O,I
1976,B,year,I
 [,O,O,I
1776,B,year,I
]: ,O,O,I
An Inquiry into the Nature and Causes of the Wealth of Nations,B,title,I
. ,O,O,I
Chicago,B,other,I
: ,O,O,I
University of Chicago Press,B,publisher,I
".
",O,O,I
Streeck,B,author,B
",",I,author,I
 ,O,O,I
Wolfgang,O,O,I
", ",O,O,I
1997,B,year,I
: ,O,O,I
Beneficial Constraints: On the Economic Limits of Rational Voluntarism,B,title,I
. In: ,O,O,I
Rogers Hollingsworth,B,editor,I
 / ,O,O,I
Robert Boyer,B,editor,I
" (eds.), ",O,O,I
Contemporary Capitalism. The Embeddedness of Institutions,B,source,I
. ,O,O,I
Cambridge,B,other,I
: ,O,O,I
Cambridge University Press,B,publisher,I
", ",O,O,I
197,B,fpage,I
–,O,O,I
219,B,lpage,I
".
",O,O,I
Streeck,B,author,B
", ",I,author,I
Wolfgang,I,author,I
 / ,O,O,I
Philippe C.,B,author,I
 ,I,author,I
Schmitter,I,author,I
", ",O,O,I
1985,B,year,I
: ,O,O,I
"Community, Market, State – and Associations? The Prospective Contribution of Interest Governance to Social Order",B,title,I
. In: ,O,O,I
Wolfgang Streeck,B,editor,I
 / 20 MPIfG Discussion Paper 05 / 6 ,O,O,I
Philippe C. Schmitter,B,editor,I
" (eds.), ",O,O,I
Private Interest Government. Beyond Market and State,B,source,I
. ,O,O,I
London,B,other,I
: ,O,O,I
Sage,B,publisher,I
", ",O,O,I
1,B,fpage,I
–,O,O,I
29,B,lpage,I
".
",O,O,I
Titmuss,B,author,B
", ",I,author,I
Richard M.,I,author,I
", ",O,O,I
1971,B,year,I
: ,O,O,I
The Gift Relationship,B,title,I
. ,O,O,I
London,B,other,I
: ,O,O,I
Allen and Unwin,B,publisher,I
".
",O,O,I
Walzer,B,author,B
", ",I,author,I
Michael,I,author,I
", ",O,O,I
1983,B,year,I
: ,O,O,I
Spheres of Justice,B,title,I
. ,O,O,I
New York,B,other,I
: ,O,O,I
Basic Books,B,publisher,I
".
",O,O,I
Weber,B,author,B
", ",I,author,I
Max,I,author,I
", ",O,O,I
1984,B,year,I
 [,O,O,I
1904,B,year,I
]: ,O,O,I
Die protestantische Ethik,B,title,I
", Vol. ",O,O,I
1,B,volume,I
. ,O,O,I
Eine Aufsatzsammlung,B,title,I
. Edited by ,O,O,I
Johannes Winckelmann,B,editor,I
. ,O,O,I
Gütersloh,B,other,I
: ,O,O,I
Gütersloher Verlagshaus,B,publisher,I
".
",O,O,I
", ",O,O,I
1985,B,year,B
: ,O,O,I
Wirtschaft und Gesellschaft,B,title,I
. ,O,O,I
5th,B,issue,I
 edition. ,O,O,I
Tübingen,B,other,I
: ,O,O,I
Mohr,B,publisher,I
".
",O,O,I
", ",O,O,I
1986,B,year,B
 [,O,O,I
1920,B,year,I
]: ,O,O,I
Gesammelte Aufsätze zur Religionssoziologie,B,title,I
. ,O,O,I
Tübingen,B,other,I
: ,O,O,I
Mohr Siebeck,B,publisher,I
".
",O,O,I
Wight,B,author,B
", ",I,author,I
Jonathan,I,author,I
", ",O,O,I
2002,B,year,I
: ,O,O,I
"Saving Adam Smith: A Tale of Wealth, Transformation, and Virtue",B,title,I
. ,O,O,I
"Upper Saddle River, NJ",B,other,I
: ,O,O,I
Prentice Hall,B,publisher,I
".
",O,O,I
Zelizer,B,author,B
", ",I,author,I
Viviana,I,author,I
", ",O,O,I
1979,B,year,I
: ,O,O,I
Human Values and the Market: The Case for Life Insurance and Death in Nineteenth Century America,B,title,I
. In: ,O,O,I
American Journal of Sociology,B,source,I
 ,O,O,I
84,B,volume,I
", ",O,O,I
591,B,fpage,I
–,O,O,I
610,B,lpage,I
".
",O,O,I
