token,tag,label,ref
Birjukov,B,author,B
", ",I,author,I
Sergej,I,author,I
", ",O,O,I
V oidanii »vtorogo fronta«. Perspektivy Rossii v uslovijach novoj afganskoj vojny,B,title,I
 (,O,O,I
In Erwartung einer zweiten Front. Die Perspektiven Rußlands unter den Bedingungen des neuen Afghanistankrieges,B,title,I
"), in: ",O,O,I
Russkij urnal,B,source,I
", ",O,O,I
7.12.2001,B,issue,I
"
",O,O,I
Eggert,B,author,B
", ",I,author,I
Konstantin,I,author,I
", ",O,O,I
Rossija i Putin pered licom novych vyzovov,B,title,I
 (,O,O,I
Rußland und Putin im Angesicht neuer Herausforderungen,B,title,I
"), in: ",O,O,I
"Evropejskaja bezopasnost: sobytija, ocenki, prognozy",B,source,I
", ",O,O,I
2001 ,B,year,I
(,O,O,I
2,B,volume,I
"), S. ",O,O,I
7,B,fpage,I
,O,O,I
10,B,lpage,I
"
",O,O,I
Karaganov,B,author,B
", ",I,author,I
Sergej,I,author,I
", ",O,O,I
Evropa ne dolna nas revnovat,B,title,I
 (,O,O,I
Europa darf nicht auf uns eifersüchtig sein,B,title,I
"), in: ",O,O,I
Moskovskie novosti,B,source,I
 ,O,O,I
2001 ,B,year,I
(,O,O,I
52,B,volume,I
"), S. ",O,O,I
5,B,fpage,I
"
",O,O,I
Losjukov,B,author,B
", ",I,author,I
Aleksander,I,author,I
", ",O,O,I
"»Boloj dogovor«, bolie perspektivy",B,title,I
 (,O,O,I
"»Großer Vertrag«, große Perspektiven",B,title,I
"), in: ",O,O,I
Medunarodnaja izn,B,source,I
", ",O,O,I
2001 ,B,year,I
(,O,O,I
8,B,volume,I
"), S. ",O,O,I
3,B,fpage,I
,O,O,I
9,B,lpage,I
"
",O,O,I
o.V.,B,author,B
", ",O,O,I
"Rossija, bezopasnost, terrorizm",B,title,I
 (,O,O,I
"Rußland, Sicherheit, Terrorismus",B,title,I
"), in: ",O,O,I
Svobodnaja mysl,B,source,I
", ",O,O,I
2001 ,B,year,I
(,O,O,I
12,B,volume,I
"), S. ",O,O,I
7,B,fpage,I
,O,O,I
22,B,lpage,I
"
",O,O,I
Pantin,B,author,B
", ",I,author,I
Vladimir,I,author,I
", ",O,O,I
»Stolknovenie civilizacij« ili dialog kultur?,B,title,I
 (,O,O,I
»Kampf der Zivilisationen oder Dialog der Kulturen?«,B,title,I
"), in: ",O,O,I
Polis,B,source,I
", ",O,O,I
2001 ,B,year,I
(,O,O,I
11,B,volume,I
")
",O,O,I
Satanovskij,B,author,B
", ",I,author,I
Evgenij,I,author,I
", ",O,O,I
Globalizacija terrorizma i ee posledstvija,B,title,I
 (,O,O,I
Die Globalisierung des Terrors und ihre Folgen,B,title,I
"), in: ",O,O,I
Medunarodnaja izn,B,source,I
", ",O,O,I
2001 ,B,year,I
(,O,O,I
9/10,B,volume,I
"), S. ",O,O,I
17,B,fpage,I
,O,O,I
25,B,lpage,I
"
",O,O,I
evcova,B,author,B
", ",I,author,I
Lilija,I,author,I
", ",O,O,I
Čem končitsja roman s zapadom?,B,title,I
 (,O,O,I
Womit wird die Romanze mit dem Westen enden?,B,title,I
"), in: ",O,O,I
Moskovskie novosti,B,source,I
", ",O,O,I
2002 ,B,year,I
(,O,O,I
3,B,volume,I
"), S. ",O,O,I
5,B,fpage,I
/,O,O,I
7,B,lpage,I
"
",O,O,I
Trenin,B,author,B
", ",I,author,I
Dmitrij,I,author,I
", ",O,O,I
Antiterrorističeskaja operacija SA i vybor Rossii,B,title,I
 (,O,O,I
Die Antiterror-Aktion der USA und die Wahl Rußlands,B,title,I
"), ",O,O,I
"Moskovskij centr Karnegi, press-reliz",B,source,I
", ",O,O,I
19. September 2001,B,volume,I
"
",O,O,I
"ders., ",O,O,I
»Osennij marafon« Vladimira Putina: k rodeniju rossijskoj vnenepolitičeskoj strategii,B,title,B
 (,O,O,I
Der »herbstliche Marathon« Vladimir Putins: Zur Geburt einer außenpolitischen Strategie Rußlands,B,title,I
"), ",O,O,I
"Moskovskij centr Karnegi, brifing",B,source,I
", ",O,O,I
20.11.2001,B,volume,I
