token,tag,label,ref
1.,O,O,I
 Centers for Disease Control and Prevention,B,editor,B
 (,O,O,I
2012,B,year,I
). ,O,O,I
"National Health Interview Survey 2012 Questionnaires, English",B,title,I
. ,O,O,I
"Retrieved electronically on 20 December, 2013 from",B,other,I
 http://www.cdc.gov/nchs/nhis/quest_data_related_1997_forward.htm,B,url,I
".
",O,O,I
2. ,O,O,I
Converse,B,author,B
", ",I,author,I
J. M.,I,author,I
", and ",O,O,I
H.,B,author,I
 ,I,author,I
Schuman,I,author,I
. ,O,O,I
1974,B,year,I
. ,O,O,I
Conversations at Random: Survey Research as Interviewers See It,B,title,I
. ,O,O,I
"Hoboken, NJ",B,other,I
: ,O,O,I
John Wiley & Sons,B,publisher,I
".
",O,O,I
3. ,O,O,I
Currivan,B,author,B
", ",I,author,I
D.,I,author,I
", ",O,O,I
A.,B,author,I
 ,I,author,I
Nyman,I,author,I
",",O,O,I
 C. F.,B,author,I
 ,I,author,I
Turner,I,author,I
", and ",O,O,I
L.,B,author,I
 ,I,author,I
Biener,I,author,I
. ,O,O,I
2004,B,year,I
. ,O,O,I
Does Telephone Audio Computer-Assisted Self-Interviewing Improve the Accuracy of Prevalence Estimates of Youth Smoking? Evidence from the UMass Tobacco Study,B,title,I
. ,O,O,I
Public Opinion Quarterly,B,source,I
 ,O,O,I
68,B,volume,I
:,O,O,I
542,B,fpage,I
-,O,O,I
564,B,lpage,I
".
",O,O,I
4. ,O,O,I
Fowler,B,author,B
", ",I,author,I
F. J.,I,author,I
", and ",O,O,I
T.,B,author,I
 ,I,author,I
Mangione,I,author,I
. ,O,O,I
1990,B,year,I
. ,O,O,I
Standardized Survey Interviewing: Minimizing Interviewer-Related Error,B,title,I
. ,O,O,I
Newbury Park,B,other,I
: ,O,O,I
Sage,B,publisher,I
".
",O,O,I
5. ,O,O,I
Fowler,B,author,B
", ",I,author,I
F. J.,I,author,I
 ,O,O,I
1995,B,year,I
. ,O,O,I
Improving Survey Questions: Design and Evaluation,B,title,I
. ,O,O,I
"Thousand Oaks, CA",B,other,I
: ,O,O,I
Sage Publications,B,publisher,I
".
",O,O,I
6. ,O,O,I
Geer,B,author,B
", ",I,author,I
J. G.,I,author,I
 ,O,O,I
1988,B,year,I
. ,O,O,I
What Do Open-Ended Questions Measure?,B,title,I
 ,O,O,I
Public Opinion Quarterly,B,source,I
 ,O,O,I
52,B,volume,I
: ,O,O,I
365,B,fpage,I
-,O,O,I
367,B,lpage,I
".
",O,O,I
7. ,O,O,I
Geer,B,author,B
", ",I,author,I
J. G.,I,author,I
 ,O,O,I
1991,B,year,I
. ,O,O,I
Do Open-Ended Questions Measure “Salient” Issues?,B,title,I
 ,O,O,I
Public Opinion Quarterly,B,source,I
 ,O,O,I
55,B,volume,I
: ,O,O,I
360,B,fpage,I
-,O,O,I
370,B,lpage,I
".
",O,O,I
8. ,O,O,I
Groves,B,author,B
", ",I,author,I
R.M.,I,author,I
", ",O,O,I
F.J.,B,author,I
 ,I,author,I
Fowler,I,author,I
",",O,O,I
 M. P.,B,author,I
 ,I,author,I
Couper,I,author,I
",",O,O,I
 J. M.,B,author,I
 ,I,author,I
Lepkowski,I,author,I
", ",O,O,I
E.,B,author,I
 ,I,author,I
Singer,I,author,I
", and ",O,O,I
R.,B,author,I
 ,I,author,I
Tourangeau,I,author,I
. ,O,O,I
2009,B,year,I
. ,O,O,I
Survey Methodology,B,title,I
. ,O,O,I
"Hoboken, NJ",B,other,I
: ,O,O,I
John Wiley & Sons,B,publisher,I
".
",O,O,I
9.,O,O,I
 ,B,author,B
Heckathorn,I,author,I
", ",I,author,I
D. D.,I,author,I
 ,O,O,I
1997,B,year,I
. ,O,O,I
Respondent-Driven Sampling: A New Approach to the Study of Hidden Populations,B,title,I
. ,O,O,I
Social Problems,B,source,I
", ",O,O,I
44,B,volume,I
:,O,O,I
174,B,fpage,I
-,O,O,I
199,B,lpage,I
".
",O,O,I
10. ,O,O,I
Pasek,B,author,B
", ",I,author,I
J.,I,author,I
", and ",O,O,I
J. A.,B,author,I
 ,I,author,I
Krosnick,I,author,I
. ,O,O,I
2010,B,year,I
. ,O,O,I
Optimizing Survey Questionnaire Design in Political Science: Insights From Psychology,B,title,I
. In ,O,O,I
Oxford Handbook of American Elections and Political Behavior,B,source,I
", ed.",O,O,I
 J. Leighley,B,editor,I
", ",O,O,I
27,B,fpage,I
-,O,O,I
50,B,lpage,I
. ,O,O,I
Oxford,B,other,I
: ,O,O,I
Oxford University Press,B,publisher,I
".
",O,O,I
11. ,O,O,I
Schober,B,author,B
", ",I,author,I
M. F.,I,author,I
 ,O,O,I
1998,B,year,I
. ,O,O,I
Making Sense of Questions: An Interactional Approach,B,title,I
. In ,O,O,I
Cognition and Survey Research,B,source,I
", eds. ",O,O,I
M. G. Sirken,B,editor,I
", ",O,O,I
D. J. Herrmann,B,editor,I
", ",O,O,I
S. Schechter,B,editor,I
", ",O,O,I
N. Schwarz,B,editor,I
", ",O,O,I
J. M. Tanur,B,editor,I
", and ",O,O,I
R. Tourangeau,B,editor,I
. ,O,O,I
New York,B,other,I
: ,O,O,I
Wiley,B,publisher,I
".
",O,O,I
12. ,O,O,I
Schober,B,author,B
", ",I,author,I
M. F.,I,author,I
", and",O,O,I
 F. G.,B,author,I
 ,I,author,I
Conrad,I,author,I
. ,O,O,I
1997,B,year,I
. ,O,O,I
Does Conversational Interviewing Reduce Survey Measurement Error?,B,title,I
 ,O,O,I
Public Opinion Quarterly,B,source,I
 61,B,volume,I
:,O,O,I
576,B,fpage,I
-,O,O,I
602,B,lpage,I
".
",O,O,I
13. ,O,O,I
Schober,B,author,B
", ",I,author,I
M. F.,I,author,I
", and ",O,O,I
F. G.,B,author,I
 ,I,author,I
Conrad,I,author,I
. ,O,O,I
2002,B,year,I
. ,O,O,I
A Collaborative View of Standardized Survey Interviews,B,title,I
. In ,O,O,I
Standardization and Tacit Knowledge: Interaction and Practice in the Survey Interview,B,source,I
", eds. ",O,O,I
D. Maynard,B,editor,I
",",O,O,I
 H. Houtkoop-Steenstra,B,editor,I
", ",O,O,I
N. C. Schaeffer,B,editor,I
", and ",O,O,I
J. van der Zouwen,B,editor,I
. ,O,O,I
New York,B,other,I
: ,O,O,I
Wiley,B,publisher,I
".
",O,O,I
14. ,O,O,I
Schaeffer,B,author,B
", ",I,author,I
N. C.,I,author,I
", and ",O,O,I
D. W.,B,author,I
 ,I,author,I
Maynard,I,author,I
. ,O,O,I
2008,B,year,I
. ,O,O,I
The Contemporary Standardized Survey Interview for Social Research,B,title,I
. In ,O,O,I
Envisioning the Survey Interview of the Future,B,source,I
", ed. ",O,O,I
F. G. Conrad,B,editor,I
 and ,O,O,I
M. Schober,B,editor,I
. ,O,O,I
New York,B,other,I
: ,O,O,I
Wiley,B,publisher,I
".
",O,O,I
15. ,O,O,I
Smyth,B,author,B
", ",I,author,I
J.D.,I,author,I
", ",O,O,I
D.A.,B,author,I
 ,I,author,I
Dillman,I,author,I
", ",O,O,I
L. M.,B,author,I
 ,I,author,I
Christian,I,author,I
", and ",O,O,I
M.J.,B,author,I
 ,I,author,I
Stern,I,author,I
. ,O,O,I
2006,B,year,I
. ,O,O,I
Comparing Check-all and Forced-Choice Question Formats in Web Surveys,B,title,I
. ,O,O,I
Public Opinion Quarterly,B,source,I
", ",O,O,I
70,B,volume,I
:,O,O,I
66,B,fpage,I
-,O,O,I
77,B,lpage,I
".
",O,O,I
16. ,O,O,I
Tourangeau,B,author,B
", ",I,author,I
R.,I,author,I
 and ,O,O,I
Smith,B,author,I
", ",I,author,I
T. W.,I,author,I
 ,O,O,I
1996,B,year,I
. ,O,O,I
"Asking Sensitive Questions: The Impact of Data Collection Mode, Question Format, and Question Context",B,title,I
. ,O,O,I
Public Opinion Quarterly,B,source,I
", ",O,O,I
60,B,volume,I
: ,O,O,I
275,B,fpage,I
-,O,O,I
305,B,lpage,I
".
",O,O,I
17. ,O,O,I
United States Census Bureau,B,editor,B
 (,O,O,I
2010,B,year,I
). ,O,O,I
"Current Population Survey Voting and Registration Supplement Questionnaire, November, 2010",B,title,I
. ,O,O,I
"Retrieved electronically on 20 December, 2013 from",B,other,I
 ,O,O,I
http://www.census.gov/cps/methodology/techdocs.html,B,url,I
".
",O,O,I
18. ,O,O,I
Wilson,B,author,B
", ",I,author,I
S.,I,author,I
 ,O,O,I
2010,B,year,I
. ,O,O,I
"Cognitive Interview Evaluation of the 2010 National Health Interview Survey Supplement on Cancer Screenings & Survivorship: Results of interviews conducted October – December, 2008",B,title,I
. ,O,O,I
"National Center for Health Statistics. Hyattsville, MD",B,other,I
".
",O,O,I
19. ,O,O,I
Willson,B,author,B
", ",I,author,I
S.,I,author,I
 ,O,O,I
2013,B,year,I
. ,O,O,I
"Cognitive Interview Evaluation of the Federal Statistical System Trust Monitoring Survey, Round 1: Results of interviews conducted in October, 2011",B,title,I
. ,O,O,I
"National Center for Health Statistics. Hyattsville, MD",B,other,I
".
",O,O,I
