token,tag,label,ref
Boyde,B,author,B
", ",I,author,I
G.,I,author,I
 (,O,O,I
2000,B,year,I
): ,O,O,I
Village appraisal: is this a case of elegant power?,B,title,I
. ,O,O,I
"Paper Presented at Glasgow Caledonian University, Glasgow",B,source,I
 ,O,O,I
http://www.caledonia.org.uk/appraisa.htm,B,url,I
 Accessed,O,O,I
 April 2006,B,other,I
".
",O,O,I
Brookfield,B,author,B
", ",I,author,I
S.,I,author,I
 (,O,O,I
1987,B,year,I
): ,O,O,I
Developing critical thinkers: Challenging adults to explore alternative ways of thinking and acting,B,title,I
. ,O,O,I
Milton Keynes,B,other,I
: ,O,O,I
Open University Press,B,publisher,I
".
",O,O,I
Burkhardt,B,author,B
", ",I,author,I
G.,I,author,I
 (,O,O,I
2000,B,year,I
): ,O,O,I
A new approach: participatory rural appraisal,B,title,I
. In: ,O,O,I
Adult Education and Development,B,source,I
", ",O,O,I
54,B,volume,I
: ,O,O,I
310,B,fpage,I
-,O,O,I
311,B,lpage,I
".
",O,O,I
Campbell,B,author,B
", ",I,author,I
J.,I,author,I
 (,O,O,I
2002,B,year,I
): ,O,O,I
A critical appraisal of participatory methods in development research,B,title,I
. In: ,O,O,I
International Journal of Social Research methodology,B,source,I
", ",O,O,I
5,B,volume,I
(,O,O,I
1,B,issue,I
): ,O,O,I
19,B,fpage,I
-,O,O,I
29,B,lpage,I
".
",O,O,I
Chambers,B,author,B
", ",I,author,I
R.,I,author,I
/,O,O,I
Mayoux,B,author,I
", ",I,author,I
L.,I,author,I
 (,O,O,I
2005,B,year,I
): ,O,O,I
Reversing the paradigm: quantification and participatory methods,B,title,I
. ,O,O,I
"Paper revised from EDIAIS Conference, University of Manchester, ‘New direction in impact assessment for development: methods and practice’",B,source,I
".
",O,O,I
Chappell,B,author,B
", ",I,author,I
A. L.,I,author,I
 (,O,O,I
2000,B,year,I
): Emergence of participatory methodology in learning difficulty research: Understanding the context. In: ,O,O,I
British Journal of Learning Disabilities,B,source,I
", ",O,O,I
28,B,volume,I
: ,O,O,I
38,B,fpage,I
- ,O,O,I
43,B,lpage,I
".
",O,O,I
Chilisa,B,author,B
", ",I,author,I
B.,I,author,I
/,O,O,I
Preece,B,author,I
", ",I,author,I
J.,I,author,I
 (,O,O,I
2005,B,year,I
): ,O,O,I
Research methods for adult educators in Africa,B,title,I
. ,O,O,I
Cape Town,B,other,I
: ,O,O,I
UNESCO/Pearson Publications,B,publisher,I
"
",O,O,I
Cottrell,B,author,B
", ",I,author,I
B.,I,author,I
/,O,O,I
Parpart,B,author,I
", ",I,author,I
J. L.,I,author,I
 (,O,O,I
2006,B,year,I
): ,O,O,I
"Academic-community collaboration, gender research, and development: Pitfalls and possibilities",B,title,I
. In: ,O,O,I
Development in Practice,B,source,I
", ",O,O,I
16,B,volume,I
(,O,O,I
1,B,issue,I
): ,O,O,I
15,B,fpage,I
-,O,O,I
26,B,lpage,I
".
",O,O,I
"De Vos, A. S.",B,editor,B
 (,O,O,I
1998,B,year,I
) (ed.): ,O,O,I
Research at grass roots: A primer for the caring professions,B,title,I
. ,O,O,I
Pretoria,B,other,I
: ,O,O,I
J. L. van Schaik,B,publisher,I
".
",O,O,I
Doyle,B,author,B
", ",I,author,I
R.,I,author,I
/,O,O,I
Krasny,B,author,I
", ",I,author,I
M.,I,author,I
 (,O,O,I
2003,B,year,I
): ,O,O,I
Participatory rural appraisal as an approach to environmental education in urban community gardens,B,title,I
. In: ,O,O,I
Environmental Education Research,B,source,I
", ",O,O,I
9,B,volume,I
(,O,O,I
1,B,issue,I
): ,O,O,I
91,B,fpage,I
-,O,O,I
115.,B,lpage,I
"
",O,O,I
Egerton University,B,editor,B
 (,O,O,I
2000,B,year,I
): ,O,O,I
Egerton PRA field handbook for participatory rural appraisal practitioners,B,title,I
. ,O,O,I
3,B,issue,I
rd edn. ,O,O,I
"Njoro, Kenya",B,other,I
: ,O,O,I
Egerton University,B,publisher,I
"
",O,O,I
Fox,B,author,B
", ",I,author,I
J.,I,author,I
 (,O,O,I
2006,B,year,I
): ,O,O,I
Lessons from action-research partnerships: LASA/Oxfam America 2004 Martin Diskin Memorial Lecture,B,title,I
. In: ,O,O,I
Development in Practice,B,source,I
", ",O,O,I
16,B,volume,I
(,O,O,I
1,B,issue,I
): ,O,O,I
27,B,fpage,I
-,O,O,I
38,B,lpage,I
".
",O,O,I
Gray,B,author,B
", ",I,author,I
R. E.,I,author,I
/,O,O,I
Fitch,B,author,I
",",I,author,I
 M.,I,author,I
/,O,O,I
Davis,B,author,I
", ",I,author,I
C.,I,author,I
/,O,O,I
Phillips,B,author,I
", ",I,author,I
C.,I,author,I
 (,O,O,I
2000,B,year,I
): ,O,O,I
Challenges of participatory research: Reflections on a study with breast cancer self-help groups,B,title,I
. In: ,O,O,I
Health Expectations,B,source,I
", ",O,O,I
3,B,volume,I
: ,O,O,I
243,B,fpage,I
-,O,O,I
252,B,lpage,I
".
",O,O,I
Green,B,author,B
", ",I,author,I
L. W.,I,author,I
/,O,O,I
George,B,author,I
", ",I,author,I
M. A.,I,author,I
/,O,O,I
Daniel,B,author,I
",",I,author,I
 M.,I,author,I
/,O,O,I
Frankis,B,author,I
", ",I,author,I
C. J.,I,author,I
/,O,O,I
Herbert,B,author,I
", ",I,author,I
C. P.,I,author,I
/,O,O,I
Bowie,B,author,I
", ",I,author,I
W. R.,I,author,I
/,O,O,I
O’Neil,B,author,I
", ",I,author,I
M.,I,author,I
 (,O,O,I
1995,B,year,I
): ,O,O,I
Background on participatory research,B,title,I
. In: ,O,O,I
Royal Society of Canada,B,editor,I
 (eds.): ,O,O,I
Study of participatory research in health promotion: Review and recommendations for the development of participatory research in health promotion in Canada,B,source,I
. ,O,O,I
Royal Society of Canada,B,publisher,I
: ,O,O,I
53,B,fpage,I
-,O,O,I
66,B,lpage,I
".
",O,O,I
Hayward,B,author,B
", ",I,author,I
C.,I,author,I
/,O,O,I
Simpson,B,author,I
", ",I,author,I
L.,I,author,I
/,O,O,I
Wood,B,author,I
", ",I,author,I
L.,I,author,I
 (,O,O,I
2004,B,year,I
): ,O,O,I
Still left out in the cold: Problematising participatory research and development,B,title,I
. In: ,O,O,I
Sociologica Ruralis,B,source,I
", ",O,O,I
44,B,volume,I
 (,O,O,I
1,B,issue,I
): ,O,O,I
95,B,fpage,I
-,O,O,I
108,B,lpage,I
".
",O,O,I
Kapoor,B,author,B
", ",I,author,I
I.,I,author,I
 (,O,O,I
2002,B,year,I
): ,O,O,I
The devil’s in the theory: A critical assessment of Robert Chambers’ work on participatory development,B,title,I
. In: ,O,O,I
Third World Quarterly,B,source,I
", ",O,O,I
23,B,volume,I
(,O,O,I
1,B,issue,I
): ,O,O,I
101,B,fpage,I
-,O,O,I
117,B,lpage,I
".
",O,O,I
Michaels,B,author,B
", ",I,author,I
S.,I,author,I
/,O,O,I
Mason,B,author,I
", ",I,author,I
R. J.,I,author,I
/,O,O,I
Solecki,B,author,I
", ",I,author,I
W. D,I,author,I
/ (,O,O,I
2001,B,year,I
): ,O,O,I
Participatory research on collaborative environmental management: Results from the Adirondack Park,B,title,I
. In: ,O,O,I
Society and Natural Resources,B,source,I
", ",O,O,I
14,B,volume,I
: ,O,O,I
251,B,fpage,I
-,O,O,I
255,B,lpage,I
".
",O,O,I
Mompati,B,author,B
", ",I,author,I
T.,I,author,I
/,O,O,I
Prinsen,B,author,I
", ",I,author,I
G.,I,author,I
 (,O,O,I
2000,B,year,I
): ,O,O,I
Ethnicity and participatory development methods in Botswana: Some participants are to be seen and not heard,B,title,I
. In: ,O,O,I
Development in Practice,B,source,I
", ",O,O,I
10,B,volume,I
(,O,O,I
5,B,issue,I
): ,O,O,I
625,B,fpage,I
-,O,O,I
637,B,lpage,I
".
",O,O,I
Mulenga,B,author,B
",",I,author,I
 D.,I,author,I
 (,O,O,I
1999,B,year,I
): ,O,O,I
Reflections on the practice of participatory research in Africa,B,title,I
. In: ,O,O,I
Convergence,B,source,I
", ",O,O,I
32,B,volume,I
(,O,O,I
1-4,B,issue,I
): ,O,O,I
33,B,fpage,I
-,O,O,I
46,B,lpage,I
".
",O,O,I
Percy,B,author,B
", ",I,author,I
R.,I,author,I
 (,O,O,I
1999,B,year,I
): ,O,O,I
The experiential learning cycle and its application towards the transformation of governmental extension services in sub-Saharan Africa,B,title,I
. In: ,O,O,I
International Journal of Lifelong Education,B,source,I
", ",O,O,I
18,B,volume,I
(,O,O,I
5,B,issue,I
): ,O,O,I
370,B,fpage,I
-,O,O,I
384,B,lpage,I
".
",O,O,I
PEANuT,B,editor,B
 (,O,O,I
2005,B,year,I
) ,O,O,I
Participatory appraisal,B,title,I
. ,O,O,I
Newcastle upon Tyne,B,other,I
 and ,O,O,I
Northumbria University,B,other,I
: ,O,O,I
www.3ps.org.uk/pafacts02.htm,B,url,I
 Accessed ,O,O,I
April 2006,B,other,I
".
",O,O,I
Preece,B,author,B
", ",I,author,I
J.,I,author,I
/,O,O,I
Ntseane,B,author,I
", ",I,author,I
P. G.,I,author,I
 (,O,O,I
2003,B,year,I
): ,O,O,I
Using adult education theoretical and pedagogical perspectives in HIV/AIDS prevention strategies,B,title,I
. In: ,O,O,I
"Biakolo, E.",B,editor,I
", ",O,O,I
"Mathangwane, J.",B,editor,I
/,O,O,I
"Odallo, D.",B,editor,I
" (eds), ",O,O,I
"The Discourse of HIV/AIDS in Africa, Pretoria and Gaborone",B,source,I
. ,O,O,I
"UNAIDS and Dept of English, University of Botswana",B,publisher,I
: ,O,O,I
228,B,fpage,I
-,O,O,I
235,B,lpage,I
"
",O,O,I
Taylor,B,author,B
", ",I,author,I
G.,I,author,I
 (,O,O,I
1999,B,year,I
): ,O,O,I
"Empowerment, identity and participatory research: Using social action research to challenge isolation for deaf and hard of hearing people from minority ethnic communities",B,title,I
. In: ,O,O,I
Disability and Society,B,source,I
", ",O,O,I
14,B,volume,I
(,O,O,I
3,B,issue,I
): ,O,O,I
369,B,fpage,I
-,O,O,I
384,B,lpage,I
".
",O,O,I
Trust for Community Outreach and Education (TCOE),B,editor,B
 (,O,O,I
2001,B,year,I
): ,O,O,I
Participatory action research: A facilitator’s manual,B,title,I
. ,O,O,I
Cape town,B,other,I
: ,O,O,I
TCOE,B,publisher,I
".
",O,O,I
Wheeler,B,author,B
", ",I,author,I
J.,I,author,I
/,O,O,I
Pettit,B,author,I
", ",I,author,I
J.,I,author,I
 (,O,O,I
2005,B,year,I
): ,O,O,I
"Whose rights? Examining the discourse, context and practice of rights-based approaches to development",B,title,I
. ,O,O,I
Paper presented at The Winners and Losers From Rights-Based Approaches to Development conference,B,source,I
. ,O,O,I
University of Manchester,B,other,I
".
",O,O,I
Youngman,B,author,B
", ",I,author,I
F.,I,author,I
/,O,O,I
Maruatona,B,author,I
", ",I,author,I
T.,I,author,I
 (,O,O,I
1998,B,year,I
): ,O,O,I
A departure from the past? Extension workers and participatory rural development: The case of Botswana,B,title,I
. In: ,O,O,I
International Journal of Lifelong Education,B,source,I
", ",O,O,I
17,B,volume,I
(,O,O,I
4,B,issue,I
): ,O,O,I
236,B,fpage,I
-,O,O,I
246,B,lpage,I
".
",O,O,I
