token,tag,label,ref
Adorno,B,author,B
", ",I,author,I
Theodor W.,I,author,I
 (,O,O,I
1951,B,year,I
). ,O,O,I
Minima moralia. Reflexionen aus dem beschädigten Leben,B,title,I
. ,O,O,I
Frankfurt am Main,B,other,I
: ,O,O,I
Suhrkamp,B,publisher,I
".
",O,O,I
Adorno,B,author,B
", ",I,author,I
Theodor W.,I,author,I
(,O,O,I
1963,B,year,I
).,O,O,I
Prismen. Kulturkritik und Gesellschaft,B,title,I
. ,O,O,I
München,B,other,I
: ,O,O,I
DTV,B,publisher,I
".
",O,O,I
Devereux,B,author,B
", ",I,author,I
Georges,I,author,I
(,O,O,I
1984,B,year,I
). ,O,O,I
"›Ich habe das Recht, ich zu sein und kein anderer!‹ Ein Gespräch zwischen George Devereux und Ekkehard Schröder, geführt am 31. Januar 1984 in Antony bei Paris",B,title,I
. In ,O,O,I
Ekkehard Schröder,B,editor,I
 & ,O,O,I
Dieter H. Friessem ,B,editor,I
"(Hrsg.), ",O,O,I
George Devereux zum 75. Geburtstag. Eine Festschrift,B,source,I
 (S. ,O,O,I
10,B,fpage,I
- ,O,O,I
31,B,lpage,I
). ,O,O,I
Braunschweig,B,other,I
", ",O,O,I
Wiesbaden,B,other,I
: ,O,O,I
Vieweg,B,publisher,I
. (=,O,O,I
Curare-Sonderband,B,source,I
 ,O,O,I
2,B,volume,I
")
",O,O,I
Domin,B,author,B
", ",I,author,I
Hilde,I,author,I
(,O,O,I
1970,B,year,I
). ,O,O,I
Ich will dich. Gedichte,B,title,I
. ,O,O,I
Frankfurt am Main,B,other,I
: ,O,O,I
Fischer,B,publisher,I
".
",O,O,I
Goethe,B,author,B
", ",I,author,I
Johann Wolfgang von,I,author,I
 (,O,O,I
1956,B,year,I
). ,O,O,I
Die Wahlverwandtschaften,B,title,I
. ,O,O,I
Stuttgart,B,other,I
: ,O,O,I
Reclam,B,publisher,I
".
",O,O,I
Goethe,B,author,B
", ",O,O,I
Johann Wolfgang von,B,author,I
 (,O,O,I
1960,B,year,I
).,O,O,I
"!""#$, das Zufällige",B,title,I
". In ders., ",O,O,I
Werke – Berliner Ausgabe,B,source,I
", Bd. ",O,O,I
17,B,volume,I
: ,O,O,I
Kunsttheoretische Schriften und Übersetzungen,B,source,I
. Online-Publikation: ,O,O,I
"http://www.zeno.org/Literatur/M/Goethe,+Johann+Wolfgang/ Theoretische+Schriften/%C2%BBUrworte.+Orphisch%C2%AB",B,url,I
 (Stand: ,O,O,I
15.04. 2010,B,other,I
").
",O,O,I
Goethe,B,author,B
", ",I,author,I
Johann Wolfgang von,I,author,I
 (,O,O,I
2005,B,year,I
). ,O,O,I
Werke – Hamburger Ausgabe,B,title,I
", Bd. ",O,O,I
7,B,volume,I
: ,O,O,I
Romane und Novellen II. Wilhelm Meisters Lehrjahre,B,title,I
. ,O,O,I
München,B,other,I
: ,O,O,I
Beck,B,publisher,I
".
",O,O,I
Jaspers,B,author,B
", ",I,author,I
Karl,I,author,I
(,O,O,I
1969,B,year,I
).,O,O,I
"Allgemeine Psychopathologie. Ein Leitfaden für Studierende, Ärzte und Psychologen (1913)",B,title,I
. ,O,O,I
Reprint.,B,other,I
 ,O,O,I
Whitefish,B,other,I
 (,O,O,I
MT,B,other,I
): ,O,O,I
Kessinger,B,publisher,I
".
",O,O,I
Jaspers,B,author,B
", ",O,O,I
Karl,B,author,I
(,O,O,I
1994,B,year,I
). ,O,O,I
"Philosophie, Bd. II: Existenzerhellung",B,title,I
. ,O,O,I
München,B,other,I
: ,O,O,I
Piper,B,publisher,I
".
",O,O,I
Jonas,B,author,B
", ",I,author,I
Hans,I,author,I
(,O,O,I
1984,B,year,I
). ,O,O,I
Das Prinzip Verantwortung: Versuch einer Ethik für die technologische Zivilisation,B,title,I
. ,O,O,I
Frankfurt am Main,B,other,I
: ,O,O,I
Suhrkamp,B,publisher,I
".
",O,O,I
Jung,B,author,B
", ",I,author,I
Carl Gustav,I,author,I
 (,O,O,I
1990,B,year,I
). ,O,O,I
Antwort auf Hiob,B,title,I
. ,O,O,I
München,B,other,I
: ,O,O,I
DTV,B,publisher,I
".
",O,O,I
Kong,B,author,B
 ,I,author,I
Fu Dsï,I,author,I
 (,O,O,I
2008,B,year,I
).,O,O,I
Lun Yü – Gespräche,B,title,I
. In ,O,O,I
Richard Wilhelm,B,editor,I
" (Hrsg.), ",O,O,I
Die Lehren des Konfuzius. Die vier konfuzianischen Bücher chinesisch und deutsch,B,source,I
 (S. ,O,O,I
45,B,fpage,I
-,O,O,I
581,B,lpage,I
). ,O,O,I
Frankfurt am Main,B,other,I
: ,O,O,I
Zweitausendeins,B,publisher,I
".
",O,O,I
Maslow,B,author,B
", ",I,author,I
Abraham H.,I,author,I
 (,O,O,I
1988,B,year,I
). ,O,O,I
Psychologie des Seins. Ein Entwurf,B,title,I
. ,O,O,I
Frankfurt am Main,B,other,I
: ,O,O,I
Fischer,B,publisher,I
".
",O,O,I
Menninger,B,author,B
", ",I,author,I
Karl,I,author,I
 (,O,O,I
1968,B,year,I
). ,O,O,I
Das Leben als Balance. Seelische Gesundheit und Krankheit im Lebensprozess,B,title,I
. ,O,O,I
München,B,other,I
: ,O,O,I
Piper,B,publisher,I
".
",O,O,I
Platon ,B,author,B
(,O,O,I
2007,B,year,I
). ,O,O,I
Phaidon,B,title,I
. ,O,O,I
Stuttgart,B,other,I
: ,O,O,I
Reclam,B,publisher,I
".
",O,O,I
Riemann,B,author,B
", ",I,author,I
Fritz,I,author,I
(,O,O,I
1975,B,year,I
). ,O,O,I
Grundformen der Angst. Eine tiefenpsychologische Studie,B,title,I
. ,O,O,I
München,B,other,I
", ",O,O,I
Basel,B,other,I
: ,O,O,I
Reinhardt,B,publisher,I
".
",O,O,I
Sartre,B,author,B
", ",I,author,I
Jean-Paul,I,author,I
 (,O,O,I
1968,B,year,I
). ,O,O,I
Ist der Existentialismus ein Humanismus?,B,title,I
" In ders., ",O,O,I
Drei Essays,B,source,I
 (S. ,O,O,I
7,B,fpage,I
-,O,O,I
51,B,lpage,I
). ,O,O,I
Frankfurt am Main,B,other,I
", ",O,O,I
Berlin,B,other,I
: ,O,O,I
Ullstein,B,publisher,I
".
",O,O,I
Sartre,B,author,B
", ",I,author,I
Jean-Paul,I,author,I
 (,O,O,I
1982,B,year,I
). ,O,O,I
Saint Genet. Komödiant und Märtyrer,B,title,I
. ,O,O,I
Reinbek,B,other,I
: ,O,O,I
Rowohlt,B,publisher,I
".
",O,O,I
Sölle,B,author,B
", ",I,author,I
Dorothee,I,author,I
(,O,O,I
1968,B,year,I
). ,O,O,I
Atheistisch an Gott glauben,B,title,I
. ,O,O,I
Olten,B,other,I
", ",O,O,I
Freiburg im Breisgau,B,other,I
: ,O,O,I
Walter,B,publisher,I
".
",O,O,I
Stifter,B,author,B
", ",I,author,I
Adalbert,I,author,I
(,O,O,I
2005,B,year,I
). ,O,O,I
Der Nachsommer. Roman,B,title,I
. ,O,O,I
Düsseldorf,B,other,I
", ",O,O,I
Zürich,B,other,I
: ,O,O,I
Artemis und Winkler,B,publisher,I
.,O,O,I
