token,tag,label,ref
Bohnsack,B,author,B
", ",I,author,I
R.,I,author,I
 (,O,O,I
2003,B,year,I
): ,O,O,I
Dokumentarische Methode und sozialwissenschaftliche Hermeneutik,B,title,I
. In: ,O,O,I
Zeitschrift für Erziehungswissenschaft,B,source,I
 6,B,volume,I
(,O,O,I
4,B,issue,I
"), S. ",O,O,I
551,B,fpage,I
–,O,O,I
570,B,lpage,I
".
",O,O,I
"Bohnsack, R.",B,editor,B
 (Hrsg.) (,O,O,I
2006,B,year,I
): ,O,O,I
Das Gruppendiskussionsverfahren in der Forschungspraxis,B,title,I
. ,O,O,I
Opladen,B,other,I
".
",O,O,I
Witzel,B,author,B
", ",I,author,I
A.,I,author,I
 (,O,O,I
1982,B,year,I
): ,O,O,I
Verfahren der qualitativen Sozialforschung. Überblick und Alternativen,B,title,I
. ,O,O,I
Frankfurt a.M.,B,other,I
"
",O,O,I
Witzel,B,author,B
", ",I,author,I
A.,I,author,I
 (,O,O,I
2000,B,year,I
): ,O,O,I
Das problemzentrierte Interview,B,title,I
. In: ,O,O,I
FQS,B,source,I
 ,O,O,I
1,B,volume,I
(,O,O,I
1,B,issue,I
"), ",O,O,I
http://nbnresolving.de/urn:nbn:de:0114- fqs0001228 [10.03.2013],B,source,I
.,O,O,I
