token,tag,label,ref
"Abadan-Unat, Nermin.",B,editor,B
 (Hrsg.). (,O,O,I
1985,B,year,I
). ,O,O,I
Frauen in der türkischen Gesellschaft. ,B,title,I
Frankfurt a. M.,B,other,I
: ,O,O,I
Dagyeli Verlag,B,publisher,I
"
",O,O,I
Badinter,B,author,B
", ",I,author,I
Elisabeth.,I,author,I
 (,O,O,I
2010,B,year,I
). ,O,O,I
Der Konﬂikt. Die Frau und die Mutter,B,title,I
. ,O,O,I
München,B,other,I
: ,O,O,I
C. H. Beck Verlag,B,publisher,I
"
",O,O,I
"Bereswill, Mechthild",B,editor,B
; ,O,O,I
"Scheiwe, Kirsten",B,editor,I
 & ,O,O,I
"Wolde, Anja",B,editor,I
 (Hrsg.). (,O,O,I
2006,B,year,I
). ,O,O,I
Vaterschaft im Wandel. Multidisziplinäre Analysen und Perspektiven aus geschlechtertheoretischer Sicht,B,title,I
. ,O,O,I
Weinheim und München,B,other,I
: ,O,O,I
Juventa Verlag,B,publisher,I
"
",O,O,I
Children’s Ombudsman Institution of the Republic of Lithuania,B,title,B
. (,O,O,I
2007,B,year,I
). ,O,O,I
The research concerning the security and implementation of the rights of children deprived of parental care due to the departure of their parents to the foreign countries,B,title,I
. ,O,O,I
Report (unveröffentlicht),B,source,I
"
",O,O,I
Danilewicz,B,author,B
", ",I,author,I
Wioletta.,I,author,I
 (,O,O,I
2006,B,year,I
). ,O,O,I
Sytuacja życiowa dzieci w rodzinach migracyjnych,B,title,I
. ,O,O,I
Białystok,B,other,I
: ,O,O,I
Trans Humana,B,other,I
"
",O,O,I
Dayton-Johnson,B,author,B
", ",O,O,I
Jeff,B,author,I
; ,O,O,I
T. Katseli,B,author,I
", ",O,O,I
Louka ,B,author,I
& ,O,O,I
Xenogiani,B,author,I
", ",O,O,I
Anna di Mattia,B,author,I
. (,O,O,I
2007,B,year,I
). ,O,O,I
Policy Coherence for Development: Migration and Developing Countries,B,title,I
. ,O,O,I
Paris,B,other,I
": Technical report, Organisation for Economic Co-Operation and Development",B,source,I
"
",O,O,I
Doucet,B,author,B
", ",I,author,I
Andrea.,I,author,I
 (,O,O,I
2006,B,year,I
). ,O,O,I
"Do men mother? Fathering, care and domestic responsibility",B,title,I
. ,O,O,I
Toronto,B,other,I
: ,O,O,I
Toronto University Press,B,publisher,I
"
",O,O,I
Doucet,B,author,B
", ",I,author,I
Andrea.,I,author,I
 (,O,O,I
2010,B,year,I
). ,O,O,I
Dad and Baby in the First Year: Gendered Responsibilities and Embodiment,B,title,I
. ,O,O,I
The ANNALS of the American Academy of Political and Social Science,B,source,I
", ",O,O,I
624,B,volume,I
", ",O,O,I
78,B,fpage,I
–,O,O,I
98,B,lpage,I
"
",O,O,I
Duncan,B,author,B
", ",I,author,I
Simon,I,author,I
 & ,O,O,I
Edwards,B,author,I
", ",I,author,I
Rosalind,I,author,I
. (,O,O,I
1999,B,year,I
). ,O,O,I
"Lone Mothers, paid work and gendered moral rationalities",B,title,I
. ,O,O,I
London,B,other,I
: ,O,O,I
Palgrave Macmillan,B,publisher,I
"
",O,O,I
"Edwards, Rosalind",B,editor,B
; ,O,O,I
"Doucet, Andrea",B,editor,I
 & ,O,O,I
"Furstenberg, F. Frank.",B,editor,I
 (Hrsg.). (,O,O,I
2009,B,year,I
). ,O,O,I
Fathering across Diversity and Adversity: International Perspectives and Policy Interventions,B,title,I
. ,O,O,I
The ANNALS of the American Academy of Political and Social Science,B,source,I
", (",O,O,I
624,B,volume,I
")
",O,O,I
Gamburd,B,author,B
", ",I,author,I
Michele Ruth,I,author,I
 (,O,O,I
2000,B,year,I
). ,O,O,I
The kitchen spoon’s handle. Transnationalism and Sri Lanka’s migrant housemaids,B,title,I
. ,O,O,I
"Ithaka, London",B,other,I
: ,O,O,I
Cornell University Press,B,publisher,I
"
",O,O,I
Golinowska,B,author,B
", ",O,O,I
Stanisława,B,author,I
; ,O,O,I
Bednarski,B,author,I
", ",I,author,I
Marek,I,author,I
; ,O,O,I
Broda-Wysocki,B,author,I
", ",I,author,I
Piotr,I,author,I
; ,O,O,I
Domaradzka,B,author,I
", ",I,author,I
Ewa,I,author,I
; ,O,O,I
Korczyńska,B,author,I
", ",I,author,I
Joanna,I,author,I
; ,O,O,I
Marek,B,author,I
", ",I,author,I
Edward,I,author,I
; ,O,O,I
Morecka,B,author,I
", ",I,author,I
Zoﬁa,I,author,I
 & ,O,O,I
Rajkiewicz,B,author,I
", ",I,author,I
Antoni,I,author,I
. (,O,O,I
2004,B,year,I
). ,O,O,I
Popyt na pracę cudzoziemców,B,title,I
. ,O,O,I
Polska i sąsiedzi,B,source,I
. ,O,O,I
Warszawa,B,other,I
: ,O,O,I
IPiSS,B,publisher,I
"
",O,O,I
Grunow,B,author,B
", ",I,author,I
Daniela.,I,author,I
 (,O,O,I
2007,B,year,I
). ,O,O,I
Wandel der Geschlechterrollen und Väterhandeln im Alltag,B,title,I
. In ,O,O,I
Tanja Mühling,B,editor,I
 & ,O,O,I
Harald Rost,B,editor,I
" (Hrsg.), ",O,O,I
Väter im Blickpunkt. Perspektiven der Familienforschung,B,source,I
 (S. ,O,O,I
49,B,fpage,I
–,O,O,I
76,B,lpage,I
). ,O,O,I
"Opladen, Farmington Hills",B,other,I
: ,O,O,I
Verlag Barbara Budrich,B,publisher,I
"
",O,O,I
Hays,B,author,B
", ",I,author,I
Sharon.,I,author,I
 (,O,O,I
1996,B,year,I
). ,O,O,I
The cultural contradictions of motherhood,B,title,I
. ,O,O,I
"New Haven, London",B,other,I
: ,O,O,I
Yale University Press,B,publisher,I
"
",O,O,I
Hochschild,B,author,B
", ",I,author,I
Arlie R.,I,author,I
 (,O,O,I
2000,B,year,I
). ,O,O,I
Global Care Chains and Emotional Surplus Value,B,title,I
. In ,O,O,I
Anthony Giddens,B,editor,I
 & ,O,O,I
Will Hutton,B,editor,I
" (Hrsg.), ",O,O,I
On the Edge. Living with Global Capitalism (,B,source,I
S. ,O,O,I
130,B,fpage,I
–,O,O,I
146,B,lpage,I
). ,O,O,I
London,B,other,I
: ,O,O,I
Jonathan Cape,B,publisher,I
"
",O,O,I
Hochschild,B,author,B
", ",I,author,I
Arlie R.,I,author,I
 & ,O,O,I
Ehrenreich,B,author,I
", ",I,author,I
Barbara.,I,author,I
 (,O,O,I
2002,B,year,I
). ,O,O,I
"Global Woman: Nannies, Maids and Sex Workers in the New Economy",B,title,I
. ,O,O,I
New York,B,other,I
: ,O,O,I
Metropolitan Press,B,publisher,I
"
",O,O,I
Hochschild,B,author,B
", ",I,author,I
Arlie R.,I,author,I
 (,O,O,I
2003,B,year,I
). ,O,O,I
The Commercialization of Intimate Life: Notes from Home and Work,B,source,I
. ,O,O,I
Berkeley,B,other,I
: ,O,O,I
University of California Press,B,publisher,I
"
",O,O,I
Hondagneu-Sotelo,B,author,B
", ",I,author,I
Pierrette,I,author,I
 & ,O,O,I
Avila,B,author,I
", ",I,author,I
Ernestine.,I,author,I
 (,O,O,I
1997,B,year,I
). ,O,O,I
"“I’m Here, but I’m There”: The Meanings of Latina Transnational Motherhood",B,title,I
. ,O,O,I
Gender & Society,B,source,I
", ",O,O,I
11,B,volume,I
 (,O,O,I
5,B,issue,I
"), ",O,O,I
548,B,fpage,I
–,O,O,I
571,B,lpage,I
 ,O,O,I
IOM.,B,editor,I
 (,O,O,I
2008,B,year,I
). ,O,O,I
Zugriff am 12. November 2010 unter www.iom.org.ua/index.php?page=news&id= 187&type=news,B,source,I
"
",O,O,I
Jurczyk,B,author,B
", ",I,author,I
Karin,I,author,I
; ,O,O,I
Schier,B,author,I
", ",I,author,I
Michaela,I,author,I
; ,O,O,I
Szymenderski,B,author,I
", ",I,author,I
Peggy,I,author,I
; ,O,O,I
Lange,B,author,I
", ",I,author,I
Andreas,I,author,I
 & ,O,O,I
Voß,B,author,I
", ",I,author,I
G. Günter,I,author,I
. (,O,O,I
2009,B,year,I
). ,O,O,I
Entgrenzte Arbeit – entgrenzte Familie,B,title,I
. ,O,O,I
"Grenzmanagement im Alltag als neue Herausforderung. Forschung aus der Hans-Böckler-Stiftung,",B,source,I
 Bd. ,O,O,I
100,B,volume,I
. ,O,O,I
Berlin,B,other,I
: ,O,O,I
Sigma,B,publisher,I
"
",O,O,I
Kałwa,B,author,B
", ",I,author,I
Dobrochna.,I,author,I
 (,O,O,I
2007,B,year,I
). ,O,O,I
„So wie zu Hause“. Die private Sphäre als Arbeitsplatz,B,title,I
. In ,O,O,I
Magdalena Nowicka,B,editor,I
" (Hrsg.), ",O,O,I
Von Polen nach Deutschland und zurück. Die Arbeitsmigration und ihre Herausforderungen für Europa,B,source,I
 (S. ,O,O,I
205,B,fpage,I
–,O,O,I
225,B,lpage,I
). Bielefeld: ,O,O,I
transcript,B,other,I
"
",O,O,I
Kępińska,B,author,B
", ",O,O,I
Ewa.,B,author,I
 (,O,O,I
2007,B,year,I
). ,O,O,I
Recent Trends in International Migration,B,title,I
. ,O,O,I
"The 2007 SOPEMI Report for Poland. CMR Working Papers, Nr",B,source,I
. ,O,O,I
29,B,volume,I
 (,O,O,I
87,B,issue,I
). ,O,O,I
Warszawa,B,other,I
. Zugriff am ,O,O,I
12. November 2010,B,other,I
 unter ,O,O,I
www.migracje.uw.edu.pl/publ/558/,B,url,I
"
",O,O,I
Kicinger,B,author,B
", ",O,O,I
Anna.,B,author,I
 (,O,O,I
2005,B,year,I
). ,O,O,I
Between polish interests and the EU inﬂuence – polish migration policy development 1989–2004,B,title,I
. ,O,O,I
CEFMR Working Paper,B,source,I
 ,O,O,I
9,B,volume,I
. ,O,O,I
Warszawa,B,other,I
. Zugriff am ,O,O,I
15. März 2007,B,other,I
 unter ,O,O,I
www.cefmr.pan.pl/docs/cefmr_wp_2005-09.pdf,B,url,I
"
",O,O,I
Klaveren van,B,author,B
", ",O,O,I
Maarten,B,author,I
; ,O,O,I
Tijdens,B,author,I
", ",O,O,I
Kea,B,author,I
; ,O,O,I
Hughie-Williams,B,author,I
", ",O,O,I
Melanie,B,author,I
 & ,O,O,I
Ramos Martin,B,author,I
", ",O,O,I
Nuria.,B,author,I
 (,O,O,I
2010,B,year,I
). ,O,O,I
"Ukraine - An Overview of Women’s Work, Minimum Wages and Employment",B,title,I
. ,O,O,I
Decisions for Life MDG3 Project Country Report No. 8. ,B,source,I
Zugriff am ,O,O,I
12. November 2010,B,other,I
 unter ,O,O,I
"www. uva-aias.net/uploaded_ﬁles/publications/WP94-Klaveren,Tijdens,Hughie-Williams,RamosUkraine.pdf",B,url,I
"
",O,O,I
Kotowska,B,author,B
", ",I,author,I
Irena,I,author,I
; ,O,O,I
Sztanderska,B,author,I
", ",I,author,I
Urszula ,I,author,I
& ,O,O,I
Wóycicka,B,author,I
", ",I,author,I
Irena.,I,author,I
 (,O,O,I
2007,B,year,I
). ,O,O,I
Aktywność zawodowa i edukacyjna a obowiązki rodzinne w Polsce: w świetle badań empirycznych,B,title,I
. ,O,O,I
Warszawa,B,other,I
: ,O,O,I
Wydawnictwo Naukowe Scholar,B,publisher,I
"
",O,O,I
Ludwig,B,author,B
", ",I,author,I
Isolde,I,author,I
; ,O,O,I
Schlevogt,B,author,I
", ",I,author,I
Vanessa,I,author,I
; ,O,O,I
Klammer,B,author,I
", ",I,author,I
Ute ,I,author,I
& ,O,O,I
Gerhard,B,author,I
", ",I,author,I
Ute.,I,author,I
 (,O,O,I
2002,B,year,I
). ,O,O,I
Managerinnen des Alltags. Strategien erwerbstätiger Mütter in Ost- und Westdeutschland,B,title,I
. ,O,O,I
Berlin,B,other,I
: ,O,O,I
edition sigma,B,publisher,I
"
",O,O,I
Lutz,B,author,B
", ",I,author,I
Helma.,I,author,I
 (,O,O,I
2007,B,year,I
). ,O,O,I
Vom Weltmarkt in den Privathaushalt. Die neuen Dienstmädchen im Zeitalter der Globalisierung,B,title,I
. ,O,O,I
Opladen,B,other,I
: ,O,O,I
Verlag Barbara Budrich,B,publisher,I
"
",O,O,I
Malynovska,B,author,B
", ",I,author,I
Olena A.,I,author,I
 (,O,O,I
2006,B,year,I
). ,O,O,I
"Trans-border Migration of Population of the Ukrainian Western Frontier Areas in the Context EU Enlargement (based on survey’s results in Volyn, Zakarpattya and Lviv oblasts)",B,title,I
. In ,O,O,I
Krystyna Iglicka,B,editor,I
" (Hrsg.), ",O,O,I
Transnational Migration – Dillemas,B,source,I
 (S. ,O,O,I
81,B,fpage,I
– ,O,O,I
87,B,lpage,I
). ,O,O,I
Warszawa,B,other,I
: ,O,O,I
Fundacja Centrum Stosunków Międzynarodowych,B,publisher,I
"
",O,O,I
Marody,B,author,B
", ",I,author,I
Mirosława ,I,author,I
& ,O,O,I
Giza-Poleszczuk,B,author,I
", ",I,author,I
Anna.,I,author,I
 (,O,O,I
2000,B,year,I
). ,O,O,I
"Być kobietą, być mężczyzną – czyli o przemianach tożsamości związanej z płcią we współczesnej Polsce",B,title,I
. In ,O,O,I
"Mirosława, Marody",B,editor,I
" (Hrsg.), ",O,O,I
Między rynkiem a etatem. Społeczne negocjowanie polskiej rzeczywistości,B,source,I
 (,B,title,I
S. ,O,O,I
44,B,fpage,I
– ,O,O,I
74,B,lpage,I
). ,O,O,I
Warszawa,B,other,I
: ,O,O,I
Scholar,B,publisher,I
"
",O,O,I
Matzner,B,author,B
", ",I,author,I
Michael.,I,author,I
 (,O,O,I
2007,B,year,I
). ,O,O,I
Alleinerziehende Väter – eine schnell wachsende Familienform,B,title,I
. In ,O,O,I
Tanja Mühling,B,editor,I
 & ,O,O,I
Harald Rost,B,editor,I
" (Hrsg.), ",O,O,I
Väter im Blickpunkt. Perspektiven der Familienforschung,B,source,I
 (S. ,O,O,I
225,B,fpage,I
–,O,O,I
242,B,lpage,I
). ,O,O,I
"Opladen, Farmington Hills",B,other,I
: ,O,O,I
Verlag Barbara Budrich,B,publisher,I
"
",O,O,I
Metz-Göckel,B,author,B
", ",I,author,I
Sigrid;,I,author,I
 ,O,O,I
Münst,B,author,I
", ",I,author,I
A. Senganata,I,author,I
 & ,O,O,I
Kałwa,B,author,I
", ",I,author,I
Dobrochna.,I,author,I
 (,O,O,I
2010,B,year,I
). ,O,O,I
Migration als Ressource. Zur Pendelmigration polnischer Frauen in Privathaushalte der Bundesrepublik,B,title,I
. ,O,O,I
"Opladen, Farmington Hills",B,other,I
: ,O,O,I
Verlag Barbara Budrich,B,publisher,I
"
",O,O,I
"Mikuła, Joanna. ",B,editor,B
(Hrsg.). (,O,O,I
2008,B,year,I
). ,O,O,I
Eurosieroctwo ,B,title,I
2008,B,year,I
. ,O,O,I
Warszawa,B,other,I
: ,O,O,I
Studium Prawa Europejskiego: Instytut Europejski,B,source,I
"
",O,O,I
"Mühling, Tanja",B,editor,B
 & ,O,O,I
"Rost, Harald.",B,editor,I
 (Hrsg.). (,O,O,I
2007,B,year,I
). ,O,O,I
Väter im Blickpunkt. Perspektiven der Familienforschung,B,title,I
. ,O,O,I
"Opladen, Farmington Hills",B,other,I
: ,O,O,I
Verlag Barbara Budrich,B,publisher,I
"
",O,O,I
Nicholas,B,author,B
", ",I,author,I
Tekla.,I,author,I
 (,O,O,I
2008,B,year,I
). ,O,O,I
"Remittances, Education, and Family Reuniﬁcation: Transnational Strategies of Haitian Immigrant Families in South Florida",B,title,I
. ,O,O,I
Paper read at the Workshop “Transnational Parenthood and children-left-behind”,B,source,I
", ",O,O,I
Oslo,B,other,I
", ",O,O,I
20–21.11.2008,B,other,I
", ",O,O,I
149,B,fpage,I
–,O,O,I
174,B,lpage,I
 ,O,O,I
(in Vorbereitung),B,other,I
"
",O,O,I
OSCE.,B,editor,B
 (,O,O,I
2009,B,year,I
). ,O,O,I
Guide on Gender-sensitive labour migration policies,B,title,I
. Zugriff am ,O,O,I
18. Mai 2009,B,other,I
 unter ,O,O,I
www.osce.org/publications/eea/2009/05/37689_1289_en.pdf,B,url,I
"
",O,O,I
Parreñas,B,author,B
", ",O,O,I
Rhacel S.,B,author,I
 (,O,O,I
2005,B,year,I
). ,O,O,I
Children of Global Migration. Transnational Families and Gendered Woes,B,title,I
. ,O,O,I
California,B,other,I
: ,O,O,I
Stanford,B,publisher,I
"
",O,O,I
Phoenix,B,author,B
", ",I,author,I
Ann.,I,author,I
 (,O,O,I
2009,B,year,I
). ,O,O,I
Idealisierung emotionaler Bindung oder materielle Versorgung? Transnationale Mutterschaft und Kettenmigration,B,title,I
. In ,O,O,I
Helma Lutz ,B,editor,I
"(Hrsg.),",O,O,I
 Gender-Mobil? Geschlecht und Migration in transnationalen Räumen,B,source,I
 (S. ,O,O,I
86,B,fpage,I
–,O,O,I
101,B,lpage,I
). ,O,O,I
Münster,B,other,I
: ,O,O,I
Westfälisches Dampfboot,B,publisher,I
"
",O,O,I
Plomien,B,author,B
", ",I,author,I
Ania.,I,author,I
 (,O,O,I
2009,B,year,I
). ,O,O,I
"Welfare state, gender, and reconciliation of work and family in Poland: Policy developments and practice in a new EU member",B,title,I
. ,O,O,I
Social Policy & Administration,B,source,I
", ",O,O,I
43,B,volume,I
 (,O,O,I
2,B,issue,I
"), ",O,O,I
136,B,fpage,I
–,O,O,I
151,B,lpage,I
"
",O,O,I
Rerrich,B,author,B
", ",I,author,I
Maria.,I,author,I
 (,O,O,I
2006,B,year,I
). ,O,O,I
Die ganze Welt zu Hause. Cosmobile Putzfrauen in privaten Haushalten,B,title,I
. ,O,O,I
Hamburg,B,other,I
: ,O,O,I
Hamburger Edition,B,publisher,I
"
",O,O,I
Suárez-Orozco,B,author,B
", ",I,author,I
Carola,I,author,I
; ,O,O,I
Todorova,B,author,I
", ",I,author,I
Irina ,I,author,I
& ,O,O,I
Louie,B,author,I
", ",I,author,I
Josephine.,I,author,I
 (,O,O,I
2002,B,year,I
). ,O,O,I
Making Up For Lost Time: The Experience of Separation and Reuniﬁcation Among Immigrant Families,B,title,I
. ,O,O,I
Family Processes,B,source,I
", ",O,O,I
41,B,volume,I
 (,O,O,I
4,B,issue,I
"), ",O,O,I
625,B,fpage,I
–,O,O,I
643,B,lpage,I
"
",O,O,I
Stiehler,B,author,B
", ",I,author,I
Sabine.,I,author,I
 (,O,O,I
2000,B,year,I
). ,O,O,I
Alleinerziehende Väter. Sozialisation und Lebensführung,B,title,I
. ,O,O,I
Weinheim,B,other,I
: ,O,O,I
Juventa Verlag,B,publisher,I
"
",O,O,I
Szelewa,B,author,B
", ",I,author,I
Dorota ,I,author,I
& ,O,O,I
Polakowski,B,author,I
", ",I,author,I
Michał P.,I,author,I
 (,O,O,I
2008,B,year,I
). ,O,O,I
Who cares? Changing patterns of childcare in Central and Eastern Europe,B,title,I
. ,O,O,I
Journal of European Social Policy,B,source,I
", ",O,O,I
18,B,volume,I
 (,O,O,I
2,B,issue,I
"), ",O,O,I
115,B,fpage,I
–,O,O,I
31,B,lpage,I
"
",O,O,I
Urbańska,B,author,B
", ",I,author,I
Sylwia.,I,author,I
 (,O,O,I
2009,B,year,I
). ,O,O,I
Matka na emigracji. Perspektywa transnarodowości w badaniu przemian ról rodzicielskich,B,title,I
. ,O,O,I
Studia Migracyjne - Przegląd Polonijny,B,source,I
", ",O,O,I
1,B,volume,I
", ",O,O,I
61,B,fpage,I
–,O,O,I
84,B,lpage,I
"
",O,O,I
Walczak,B,author,B
", ",O,O,I
Bartłomiej.,B,author,I
 (,O,O,I
2008,B,year,I
). ,O,O,I
"Społeczne, edukacyjne i wychowawcze konsekwencje migracji rodziców i opiekunów prawnych uczniów szkół podstawowych, gimnazjalnych i ponadgimnazjalnych. Pedagogikum. Wyższa szkoła pedagogiki resocjalizacyjnej w Warszawie",B,title,I
. Zugriff am ,O,O,I
17. November 2008,B,other,I
 unter,O,O,I
 Www.brpd.gov.pl/eurosieroctwo/raport_eurmigracje.pdf,B,url,I
"
",O,O,I
Walczak,B,author,B
", ",O,O,I
Bartłomiej.,B,author,I
 (,O,O,I
2009,B,year,I
). ,O,O,I
Dziecko w sytuacji rozłąki migracyjnej,B,title,I
. In ,O,O,I
Marcin Duszczyk,B,editor,I
 & ,O,O,I
Magdalena Lesińska,B,editor,I
" (Hrsg.), ",O,O,I
Współczesne migracje: dylematy Europy i Polski. Ośrodek Badań nad Migracjami,B,source,I
", ",O,O,I
Uniwersytet Warszawski,B,other,I
", ",O,O,I
Warszawa,B,other,I
. Zugriff am ,O,O,I
26. Januar 2011,B,other,I
 unter ,O,O,I
www.migracje.uw.edu.pl/download/934/,B,url,I
"
",O,O,I
Wóycicka,B,author,B
", ",I,author,I
Irena ,I,author,I
& ,O,O,I
Rurarz,B,author,I
", ",I,author,I
Radosław.,I,author,I
 (,O,O,I
2007,B,year,I
). ,O,O,I
Ludność sprawująca opiekę,B,title,I
. In ,O,O,I
Irena E. Kotowska,B,editor,I
; ,O,O,I
Urszula Sztanderska,B,editor,I
 & ,O,O,I
Irena Wóycicka,B,editor,I
" (Hrsg.), ",O,O,I
Aktywność zawodowa i edukacyjna a obowiązki rodzinne,B,source,I
 (S. ,O,O,I
269,B,fpage,I
–,O,O,I
305,B,lpage,I
). ,O,O,I
Warszawa,B,other,I
: ,O,O,I
"Wydawnictwo ScholaYeates, Nicola",B,publisher,I
. (,O,O,I
2009,B,year,I
). ,O,O,I
Globalizing Care Economies and Migrant Workers. Explorations in Global Care Chains,B,title,I
. ,O,O,I
Houndmills,B,source,I
", ",O,O,I
Basingstoke,B,other,I
: ,O,O,I
Palgrave Macmillan,B,publisher,I
"
",O,O,I
Zentgraf,B,author,B
", ",I,author,I
Kristine ,I,author,I
& ,O,O,I
Chinchilla,B,author,I
", ",I,author,I
Norma S.,I,author,I
 (,O,O,I
2008,B,year,I
). ,O,O,I
Immigrant Family Separation and Reuniﬁcation: A Framework for Analysis,B,title,I
. ,O,O,I
Paper read at the Workshop “Transnational Parenthood and children-left-behind”,B,source,I
", ",O,O,I
Oslo,B,other,I
",",O,O,I
 20–21.11.2008,B,other,I
", ",O,O,I
320,B,fpage,I
–,O,O,I
336,B,lpage,I
 (in Vorbereitung),B,other,I
"
",O,O,I
