token,tag,label,ref
Krücken,B,author,B
2011,B,year,I
: ,O,O,I
108f,B,fpage,I
".;
",O,O,I
Nickel,B,author,B
 ,O,O,I
2011,B,year,I
: ,O,O,I
5f,B,fpage,I
".).
",O,O,I
Das Projekt „,O,O,I
EQUISTU – Bessere Hochschulen durch gleichstellungspolitische Steuerung?,B,title,B
“ wurde unter den Förderkennzeichen ,O,O,I
01FP1147/48,B,other,I
 und ,O,O,I
01FP1149/50,B,other,I
 vom ,O,O,I
Bundesministerium für Bildung und Forschung und aus dem Europäischen Sozialfonds der Europäischen Union,B,other,I
 gefördert (vgl. ,O,O,I
www.equality-management.de,B,url,I
").
",O,O,I
www.wissenschaftsrat.de/download/archiv/Offensive_Chancengleichheit.pdf,B,url,B
 (,O,O,I
Zugriff am 14. November 2013,B,other,I
").
",O,O,I
www.dfg.de/foerderung/programme/exzellenzinitiative,B,url,B
 (,O,O,I
Zugriff am 14. November 2013,B,other,I
").
",O,O,I
www.bmbf.de/de/494.php,B,url,B
 (,O,O,I
Zugriff am 14. November 2013,B,other,I
").
",O,O,I
vgl. ,O,O,I
www.gesis.org/cews/ informationsangebote/gleichstellungsrecht,B,url,B
 (,O,O,I
Zugriff am 5. November 2013,B,other,I
").
",O,O,I
www.equality-management.de,B,url,B
").
",O,O,I
Acker,B,author,B
", ",I,author,I
Joan,I,author,I
. (,O,O,I
1990,B,year,I
). ,O,O,I
"Hierarchies, Jobs, Bodies: A Theory of Gendered Organizations",B,title,I
. ,O,O,I
Gender & Society,B,source,I
", ",O,O,I
4,B,volume,I
(,O,O,I
2,B,issue,I
"), ",O,O,I
139,B,fpage,I
–,O,O,I
158,B,lpage,I
".
",O,O,I
Argyris,B,author,B
", ",I,author,I
Chris,I,author,I
 & ,O,O,I
Schön,B,author,I
", ",I,author,I
Donald A.,I,author,I
 (,O,O,I
2002,B,year,I
). ,O,O,I
"Die Lernende Organisation. Grundlagen, Methode, Praxis",B,title,I
. ,O,O,I
Stuttgart,B,other,I
: ,O,O,I
Klett-Cotta,B,publisher,I
".
",O,O,I
Baer,B,author,B
", ",I,author,I
Susanne,I,author,I
. (,O,O,I
2004,B,year,I
). ,O,O,I
Qualiﬁkation und Schlüsselqualiﬁkationen in den Gender Studies. Einführung,B,title,I
. In ,O,O,I
ZtG,B,editor,I
" (Hrsg.), ",O,O,I
"Geschlechterstudien im deutschsprachigen Raum. Studiengänge, Erfahrungen, Herausforderungen [Dokumentation der gleichnamigen Tagung vom 4. bis 5. Juli 2003]",B,source,I
 (S. ,O,O,I
119,B,fpage,I
–,O,O,I
120).,B,lpage,I
 ,O,O,I
Berlin,B,other,I
: ,O,O,I
Trafo-Verlag,B,publisher,I
".
",O,O,I
Burkhardt,B,author,B
", ",I,author,I
Anke,I,author,I
. (,O,O,I
2004,B,year,I
). ,O,O,I
Was ist Chancengleichheit wert? Zur leistungsbezogenen Mittelverteilung im Hochschulbereich,B,title,I
. In ,O,O,I
Heidemarie Wüst,B,editor,I
" (Hrsg.), ",O,O,I
Gender konkret! Chancengleichheit von Frauen an Fachhochschulen [Dokumentation der 13. Tagung BuKoF-Kommission „Frauenförderung und Frauenforschung an Fachhochschulen“ vom 25. bis 27. Juni 2003],B,source,I
 (S. ,O,O,I
29,B,fpage,I
–,O,O,I
54,B,lpage,I
). ,O,O,I
Berlin,B,other,I
".
",O,O,I
Enggruber,B,author,B
", ",I,author,I
Ruth,I,author,I
 & ,O,O,I
Bleck,B,author,I
", ",I,author,I
Christian,I,author,I
. (,O,O,I
2005,B,year,I
). ,O,O,I
Modelle der Kompetenzfeststellung im beschäftigungs- und bildungstheoretischen Diskurs – unter besonderer Berücksichtigung von Gender Mainstreaming. Dresden,B,title,I
. ,O,O,I
Zugriff am 12. November 2013,B,other,I
 unter ,O,O,I
www.equal-sachsen-sozialwirtschaft.de/download/Modelle_gesamt.pdf,B,url,I
".
",O,O,I
Kamphans,B,author,B
", ",I,author,I
Marion,I,author,I
. (,O,O,I
2014,B,year,I
). ,O,O,I
Zwischen Überzeugung und Legitimation. Gender Mainstreaming in Hochschule und Wissenschaft,B,title,I
 (,O,O,I
Dissertation,B,other,I
). ,O,O,I
Wiesbaden,B,other,I
: ,O,O,I
Springer VS,B,publisher,I
 (,O,O,I
im Erscheinen,B,other,I
").
",O,O,I
Krücken,B,author,B
", ",I,author,I
Georg,I,author,I
. (,O,O,I
2011,B,year,I
). ,O,O,I
Soziologische Zugänge zur Hochschulforschung,B,title,I
. In ,O,O,I
Edith Braun,B,editor,I
", ",O,O,I
Katharina Kloke,B,editor,I
 & ,O,O,I
Christian Schneijderberg,B,editor,I
" (Hrsg.), ",O,O,I
die hochschule (Disziplinäre Zugänge zur Hochschulforschung),B,source,I
", (",O,O,I
2,B,volume,I
"), ",O,O,I
102,B,fpage,I
–,O,O,I
116,B,lpage,I
".
",O,O,I
Metz-Göckel,B,author,B
", ",I,author,I
Sigrid,I,author,I
 & ,O,O,I
Roloff,B,author,I
", ",I,author,I
Christine,I,author,I
. (,O,O,I
2002,B,year,I
). ,O,O,I
Genderkompetenz als Schlüsselqualiﬁkation,B,title,I
. ,O,O,I
Journal Hochschuldidaktik,B,source,I
", ",O,O,I
13,B,volume,I
(,O,O,I
1,B,issue,I
"), ",O,O,I
7,B,fpage,I
–,O,O,I
10,B,lpage,I
".
",O,O,I
Nickel,B,author,B
", ",I,author,I
Sigrun,I,author,I
. (,O,O,I
2011,B,year,I
). ,O,O,I
Governance als institutionelle Aufgabe von Universitäten und Fachhochschulen,B,title,I
. In ,O,O,I
Thomas Brüsemeister,B,editor,I
 & ,O,O,I
Martin Heinrich,B,editor,I
" (Hrsg.), ",O,O,I
Autonomie und Verantwortung. Governance in Schule und Hochschule,B,source,I
 (S. ,O,O,I
123,B,fpage,I
–,O,O,I
143,B,lpage,I
). ,O,O,I
Münster,B,other,I
: ,O,O,I
Verlag Monsenstein und Vanderdat,B,publisher,I
".
",O,O,I
Pellert,B,author,B
", ",I,author,I
Ada,I,author,I
. (,O,O,I
1999,B,year,I
). ,O,O,I
"Die Universität als Organisation. Die Kunst, Experten zu managen",B,title,I
. ,O,O,I
Wien,B,other,I
: ,O,O,I
Böhlau,B,publisher,I
".
",O,O,I
Schmidbauer,B,author,B
", ",I,author,I
Marianne,I,author,I
. (,O,O,I
2005,B,year,I
). ,O,O,I
Gender Studies und Professionalisierung. Beschäftigungsfähigkeit und Beschäftigungsaussichten von Studierenden und AbsolventInnen der Frauen- und Geschlechterstudien/Gender Studies,B,title,I
. In ,O,O,I
Heike Kahlert,B,editor,I
", ",O,O,I
Barbara Thiessen,B,editor,I
 & ,O,O,I
Ines Weller,B,editor,I
" (Hrsg.), ",O,O,I
Quer denken – Strukturen verändern. Gender Studies zwischen Disziplinen,B,source,I
 (S. ,O,O,I
275,B,fpage,I
– ,O,O,I
300,B,lpage,I
). ,O,O,I
Wiesbaden,B,other,I
: ,O,O,I
VS Verlag,B,publisher,I
".
",O,O,I
Schreyögg,B,author,B
", ",I,author,I
Georg,I,author,I
. (,O,O,I
1999,B,year,I
). ,O,O,I
Organisation. Grundlagen der Organisationsgestaltung,B,title,I
. ,O,O,I
Wiesbaden,B,other,I
: ,O,O,I
Gabler,B,publisher,I
".
",O,O,I
Senge,B,author,B
", ",I,author,I
Konstanze,I,author,I
. (,O,O,I
2011,B,year,I
). ,O,O,I
Das Neue am Neo-Institutionalismus. Der Neo-Institutionalismus im Kontext der Organisationswissenschaft,B,title,I
. ,O,O,I
Wiesbaden,B,other,I
: ,O,O,I
Springer VS,B,publisher,I
".
",O,O,I
Thiessen,B,author,B
", ",I,author,I
Barbara,I,author,I
. (,O,O,I
2005,B,year,I
). ,O,O,I
Inter- und Transdisziplinarität als Teil beruﬂicher Handlungskompetenzen. Gender Studies als Übersetzungswissen,B,title,I
. In ,O,O,I
Heike Kahlert,B,editor,I
", ",O,O,I
Barbara Thiessen,B,editor,I
 & ,O,O,I
Ines Weller,B,editor,I
" (Hrsg.), ",O,O,I
Quer denken – Strukturen verändern. Gender Studies zwischen Disziplinen,B,source,I
 (S. ,O,O,I
249,B,fpage,I
–,O,O,I
273,B,lpage,I
). ,O,O,I
Wiesbaden,B,other,I
: ,O,O,I
VS Verlag,B,publisher,I
".
",O,O,I
Weinert,B,author,B
", ",I,author,I
Franz E.,I,author,I
 (,O,O,I
2001,B,year,I
). ,O,O,I
Vergleichende Leistungsmessung in Schulen – eine umstrittene Selbstverständlichkeit,B,title,I
. In ,O,O,I
Franz E. Weinert,B,editor,I
" (Hrsg.),",O,O,I
 Leistungsmessungen in Schulen,B,source,I
 (S. ,O,O,I
17,B,fpage,I
–,O,O,I
31,B,lpage,I
). ,O,O,I
"Weinheim, Basel",B,other,I
: ,O,O,I
Beltz Verlag,B,publisher,I
".
",O,O,I
Willke,B,author,B
", ",I,author,I
Helmut,I,author,I
. (,O,O,I
2001,B,year,I
). ,O,O,I
Systemisches Wissensmanagement,B,title,I
 (,O,O,I
2,B,volume,I
. Auﬂ.). ,O,O,I
Stuttgart,B,other,I
: ,O,O,I
Lucius & Lucius,B,publisher,I
".
",O,O,I
Wilz,B,author,B
", ",I,author,I
Sylvia Marlene,I,author,I
. (,O,O,I
2008,B,year,I
). ,O,O,I
Organisation: Die Debatte um ‚Gendered Organizations‘,B,title,I
. In ,O,O,I
Ruth Becker,B,editor,I
 & ,O,O,I
Beate Kortendiek,B,editor,I
" (Hrsg.), ",O,O,I
"Handbuch Frauen- und Geschlechterforschung. Theorie, Methoden, Empirie",B,source,I
 (,O,O,I
2,B,volume,I
. Auﬂ.) (S. ,O,O,I
505,B,fpage,I
–,O,O,I
511,B,lpage,I
). ,O,O,I
Wiesbaden,O,O,I
: ,O,O,I
Springer VS,B,publisher,I
".
",O,O,I
Wilz,B,author,B
", ",I,author,I
Sylvia Marlene,I,author,I
. (,O,O,I
2002,B,year,I
). ,O,O,I
Organisation und Geschlecht. Strukturelle Bindungen und kontingente Kopplungen,B,title,I
. ,O,O,I
Opladen,B,other,I
: ,O,O,I
Leske + Budrich,B,publisher,I
.,O,O,I
