token,tag,label,ref
Agnew,B,author,B
", ",I,author,I
Ronald,I,author,I
", ",O,O,I
2006,B,year,I
: ,O,O,I
Storylines as a Neglected Cause of Crime,B,title,I
. ,O,O,I
Journal of Research in Crime and Delinquency,B,source,I
 ,O,O,I
43,B,volume,I
: ,O,O,I
119,B,fpage,I
-,O,O,I
147,B,lpage,I
".
",O,O,I
Anderson,B,author,B
", ",I,author,I
Elijah,I,author,I
", ",O,O,I
1999,B,year,I
: ,O,O,I
"Code of the Street: Decency, Violence, and Moral Life of the Inner City",B,title,I
. ,O,O,I
New York,B,other,I
: ,O,O,I
Norton,B,publisher,I
".
",O,O,I
Baier,B,author,B
", ",I,author,I
Dirk,I,author,I
/,O,O,I
Pfeiffer,B,author,I
", ",I,author,I
Christian,I,author,I
/,O,O,I
Simonson,B,author,I
", ",I,author,I
Julia,I,author,I
/,O,O,I
Rabold,B,author,I
", ",I,author,I
Susann,I,author,I
", ",O,O,I
2009,B,year,I
: ,O,O,I
Jugendliche in Deutschland als Opfer und Täter von Gewalt,B,title,I
. ,O,O,I
Erster Forschungsbericht zum gemeinsamen Forschungsprojekt des Bundesministeriums des Innern und des KFN,B,source,I
. ,O,O,I
Hannover,B,other,I
: ,O,O,I
KFN,B,publisher,I
".
",O,O,I
Bannenberg,B,author,B
", ",I,author,I
Britta,I,author,I
", ",O,O,I
2003,B,year,I
: ,O,O,I
Migration – Kriminalität – Prävention,B,title,I
. ,O,O,I
Gutachten zum 8. Deutschen Präventionstag,B,source,I
. Internetquelle: [,O,O,I
http://www.praeventionstag.de/content/8_praev/Gutachten. htm,B,url,I
"].
",O,O,I
Boers,B,author,B
", ",I,author,I
Klaus,I,author,I
/,O,O,I
Walburg,B,author,I
", ",I,author,I
Chistian,I,author,I
/,O,O,I
Reinecke,B,author,I
", ",I,author,I
Jost,I,author,I
", ",O,O,I
2006,B,year,I
: ,O,O,I
"Jugendkriminalität – Keine Zunahme im Dunkelfeld, kaum Unterschiede zwischen Einheimischen und Migranten",B,title,I
. ,O,O,I
Monatsschrift für Kriminologie und Strafrechtsreform,B,source,I
 ,O,O,I
89,B,volume,I
: ,O,O,I
63,B,fpage,I
-,O,O,I
87,B,lpage,I
".
",O,O,I
Bundesministerium des Innern/Bundesministerium der Justiz,B,source,B
", ",O,O,I
2006,B,year,I
: ,O,O,I
Zweiter Periodischer Sicherheitsbericht,B,title,I
. ,O,O,I
Berlin,B,other,I
: ,O,O,I
Bundesministerium des Innern/Bundesministerium der Justiz.,B,publisher,I
"
",O,O,I
Bund-Länder-AG,B,editor,B
", ",O,O,I
2007,B,year,I
: ,O,O,I
Entwicklung der Gewaltkriminalität junger Menschen mit einem Schwerpunkt auf städtischen Ballungsräumen,B,title,I
. ,O,O,I
Berlin,B,other,I
".
",O,O,I
Decker,B,author,B
", ",I,author,I
Scott H.,I,author,I
/,O,O,I
Weerman,B,author,I
", ",I,author,I
Frank M.,I,author,I
", ",O,O,I
2005,B,year,I
: ,O,O,I
European Street Gangs and Troublesome Youth Groups,B,title,I
. ,O,O,I
New York,B,other,I
: ,O,O,I
Rowman & Littlefield,B,publisher,I
".
",O,O,I
Dietlein,B,author,B
", ",I,author,I
Maida G.,I,author,I
 ,O,O,I
2001,B,year,I
: ,O,O,I
Spuren des GULAG im baden-württembergischen Jugendstrafvollzug von heute,B,title,I
. ,O,O,I
"Beobachtungen über Regeln, Organisationsstrukturen und Tätowierungen bei russlanddeutschen Jugendstrafgefangenen. Arbeitshilfen für die Erwachsenenbildung",B,source,I
 ,O,O,I
5,B,volume,I
: ,O,O,I
35,B,fpage,I
- ,O,O,I
40,B,lpage,I
".
",O,O,I
Eisner,B,author,B
", ",I,author,I
Manuel,I,author,I
/,O,O,I
Wikström,B,author,I
", ",I,author,I
Per-Olaf,I,author,I
", ",O,O,I
1999,B,year,I
: ,O,O,I
Violent Crime in the Urban Community: A Comparison of Stockholm and Basel,B,title,I
. ,O,O,I
European Journal on Criminal Policy and Research,B,source,I
 ,O,O,I
7,B,volume,I
:,O,O,I
427,B,fpage,I
-,O,O,I
442,B,lpage,I
".
",O,O,I
Frisby,B,author,B
", ",I,author,I
Tany,I,author,I
", ",O,O,I
1998,B,year,I
: ,O,O,I
The Rise of Organised Crime in Russia: Its Roots and Social Significance,B,title,I
. ,O,O,I
Europe-Asia Studies,B,source,I
 ,O,O,I
50,B,volume,I
: ,O,O,I
27,B,fpage,I
-,O,O,I
49,B,lpage,I
".
",O,O,I
Geertz,B,author,B
", ",I,author,I
Clifford,I,author,I
", ",O,O,I
1983,B,year,I
: ,O,O,I
Dichte Beschreibung,B,title,I
. ,O,O,I
Frankfurt/M.,B,other,I
: ,O,O,I
Suhrkamp,B,publisher,I
".
",O,O,I
Glaser,B,author,B
", ",I,author,I
Barney G.,I,author,I
/,O,O,I
Strauss,B,author,I
", ",I,author,I
Anselm L.,I,author,I
", ",O,O,I
1971,B,year,I
: ,O,O,I
The Discovery of Grounded Theory. Strategies for Qualitative Research,B,title,I
. ,O,O,I
New York,B,other,I
: ,O,O,I
De Gruyter,B,publisher,I
".
",O,O,I
Gluba,B,author,B
", ",I,author,I
Alexander,I,author,I
/,O,O,I
Schaser,B,author,I
", ",I,author,I
Petra,I,author,I
", ",O,O,I
2003,B,year,I
: ,O,O,I
Registrierte Kriminalität von Aussiedlern in zwei niedersächsischen Großstädten,B,title,I
. ,O,O,I
Eine Analyse auf Basis der Polizeilichen Kriminalstatistik Hannovers und Wolfsburgs von 1998-2001. Kriminalistik,B,source,I
 ,O,O,I
57,B,volume,I
: ,O,O,I
291,B,fpage,I
-,O,O,I
304,B,lpage,I
".
",O,O,I
Haug,B,author,B
", ",I,author,I
Sonja,I,author,I
/,O,O,I
Baraulina,B,author,I
", ",I,author,I
Tatjana,I,author,I
/,O,O,I
Babka von Gostomski,B,author,I
", ",I,author,I
Christian,I,author,I
", ",O,O,I
2008,B,year,I
: ,O,O,I
Kriminalität von Aussiedlern: Eine Bestandsaufnahme,B,title,I
. ,O,O,I
Nürnberg,B,other,I
: ,O,O,I
Bundesamt für Immigration und Flüchtlinge.,B,publisher,I
"
",O,O,I
Hirschi,B,author,B
", ",I,author,I
Travis,I,author,I
", ",O,O,I
2004,B,year,I
: ,O,O,I
Self-Control and Crime,B,title,I
. S. ,O,O,I
537,B,fpage,I
-,O,O,I
552,B,lpage,I
 in: ,O,O,I
"Baumeister, R.F.",B,editor,I
/,O,O,I
"Vohs, K.",B,editor,I
" (Hrsg.), ",O,O,I
"Handbook of Self-Regulation: Research, Theory, and Applications",B,source,I
. ,O,O,I
New York,B,other,I
: ,O,O,I
Guilford Press,B,publisher,I
".
",O,O,I
Hosser,B,author,B
", ",I,author,I
Daniela,I,author,I
/,O,O,I
Taefi,B,author,I
", ",I,author,I
Anabel,I,author,I
", ",O,O,I
2008,B,year,I
: ,O,O,I
Die subkulturelle Einbindung von Aussiedlern im Jugendstrafvollzug,B,title,I
. ,O,O,I
Monatsschrift für Kriminologie und Strafrechtsreform,B,source,I
 ,O,O,I
91,B,volume,I
: ,O,O,I
131,B,fpage,I
-,O,O,I
143,B,lpage,I
".
",O,O,I
Kerner,B,author,B
", ",I,author,I
Hans-Jürgen,I,author,I
", ",O,O,I
1989,B,year,I
: ,O,O,I
"Jugendkriminalität, Mehrfachtäterschaft und Verlauf",B,title,I
. ,O,O,I
"Betrachtungen zur neueren quantitativ orientierten Forschung, mit besonderer Rücksicht auf die Beendigung sogenannter krimineller Karrieren",B,source,I
. ,O,O,I
Bewährungshilfe,B,source,I
 ,O,O,I
3,B,volume,I
: ,O,O,I
202,B,fpage,I
-,O,O,I
220,B,lpage,I
".
",O,O,I
Klose,B,author,B
", ",I,author,I
Regina,I,author,I
", ",O,O,I
2002,B,year,I
: ,O,O,I
Deskriptive Darstellung der subjektiv empfundenen Haftsituation männlicher türkischer Inhaftierter im geschlossenen Jugendstrafvollzug in Nordrhein-Westfalen,B,title,I
. ,O,O,I
Frankfurt,B,other,I
: ,O,O,I
Peter Lang,B,publisher,I
".
",O,O,I
Koch-Arzberger,B,author,B
", ",I,author,I
Claudia,I,author,I
/,O,O,I
Bott,B,author,I
", ",I,author,I
Klaus,I,author,I
/,O,O,I
Kerner,B,author,I
", ",I,author,I
Hans-Jürgen,I,author,I
/,O,O,I
Reich,B,author,I
", ",I,author,I
Kerstin,I,author,I
", ",O,O,I
2008,B,year,I
: ,O,O,I
Mehrfach- und Intensivtäter in Hessen,B,title,I
. ,O,O,I
Basisbericht,B,source,I
. ,O,O,I
Wiesbaden,B,other,I
: ,O,O,I
Hessisches Landeskriminalamt,B,publisher,I
".
",O,O,I
Lösel,B,author,B
", ",I,author,I
Friedrich,I,author,I
/,O,O,I
Bliesener,B,author,I
", ",I,author,I
Thomas,I,author,I
", ",O,O,I
2003,B,year,I
: ,O,O,I
Aggression und Delinquenz unter Jugendlichen,B,title,I
. ,O,O,I
München,B,other,I
: ,O,O,I
Luchterhand,B,publisher,I
".
",O,O,I
Osterloh,B,author,B
", ",I,author,I
Kay,I,author,I
", ",O,O,I
2003,B,year,I
: ,O,O,I
"„Kriminelle Subkulturen“ bei Migranten und Migrantinnen aus der GUS. Geschichte, Hintergrund, Ausdrucksformen und ihre Adaption in der bundesdeutschen Gesellschaft",B,title,I
. S. ,O,O,I
26,B,fpage,I
-,O,O,I
32,B,lpage,I
 in: ,O,O,I
"Krüger-Potratz, M.",B,editor,I
" (Hrsg.), ",O,O,I
Kriminal- und Drogenprävention am Beispiel jugendlicher Aussiedler,B,source,I
. ,O,O,I
Göttingen,B,other,I
: ,O,O,I
V & R Unipress,B,publisher,I
".
",O,O,I
Otto,B,author,B
", ",I,author,I
Manfred,I,author,I
/,O,O,I
Pawlik-Mierzwa,B,author,I
", ",I,author,I
Kristina,I,author,I
", ",O,O,I
2001,B,year,I
: ,O,O,I
Kriminalität und Subkultur inhaftierter Aussiedler,B,title,I
. ,O,O,I
DVJJ-Journal,B,source,I
 ,O,O,I
12,B,volume,I
: ,O,O,I
124,B,fpage,I
-,O,O,I
132,B,lpage,I
".
",O,O,I
Pawlik-Mierzwa,B,author,B
", ",I,author,I
Kristina,I,author,I
/,O,O,I
Otto,B,author,I
", ",I,author,I
Manfred,I,author,I
", ",O,O,I
2003,B,year,I
: ,O,O,I
Abschtschjak und Kasjak als feste Bestandteile der russisch sprechenden Subkultur,B,title,I
. S. ,O,O,I
33,B,fpage,I
-,O,O,I
45,B,lpage,I
 in: ,O,O,I
"Krüger-Potratz, M.",B,editor,I
" (Hrsg.), ",O,O,I
Kriminal- und Drogenprävention am Beispiel jugendlicher Aussiedler,B,source,I
. ,O,O,I
Göttingen,B,other,I
: ,O,O,I
V & R Unipress,B,publisher,I
".
",O,O,I
Sampson,B,author,B
", ",I,author,I
Robert,I,author,I
/,O,O,I
Laub,B,author,I
", ",I,author,I
John,I,author,I
", ",O,O,I
2003,B,year,I
: ,O,O,I
Life-Course Desisters? Trajectories of Crime Among Delinquent Boys Followed to Age 70,B,title,I
. ,O,O,I
Criminology,B,source,I
 ,O,O,I
41,B,volume,I
: ,O,O,I
555,B,fpage,I
-,O,O,I
592,B,lpage,I
".
",O,O,I
Sandberg,B,author,B
", ",I,author,I
Sveinung,I,author,I
", ",O,O,I
2008,B,year,I
: ,O,O,I
Street Capital: Ethnicity and Violence on the Streets of Oslo,B,title,I
. ,O,O,I
Theoretical Criminology,B,source,I
 ,O,O,I
12,B,volume,I
: ,O,O,I
153,B,fpage,I
-,O,O,I
171,B,lpage,I
".
",O,O,I
Steffen,B,author,B
", ",I,author,I
Wibke,I,author,I
", ",O,O,I
2008,B,year,I
: ,O,O,I
Junge Intensiv- und Mehrfachtäter – eine „neue“ Herausforderung? Überblick über kriminologische Befunde zu intensiv und dauerhaft auffälligen jungen Menschen,B,title,I
. S. ,O,O,I
83,B,fpage,I
-,O,O,I
100,B,lpage,I
 in: ,O,O,I
BMJ,B,editor,I
" (Hrsg.), ",O,O,I
Das Jugendkriminalrecht vor neuen Herausforderungen?,B,source,I
 ,O,O,I
Mönchengladbach,B,other,I
: ,O,O,I
Forum Verlag,B,publisher,I
".
",O,O,I
Stelly,B,author,B
", ",I,author,I
Wolfgang,I,author,I
/,O,O,I
Thomas,B,author,I
", ",I,author,I
Jürgen,I,author,I
", ",O,O,I
2005,B,year,I
: ,O,O,I
Kriminalität im Lebenslauf,B,title,I
. ,O,O,I
Tübingen,B,other,I
: ,O,O,I
Tübinger Schriften und Materialien zur Kriminologie.,B,publisher,I
"
",O,O,I
Stelly,B,author,B
", ",I,author,I
Wolfgang,I,author,I
/,O,O,I
Walter,B,author,I
", ",I,author,I
Joachim,I,author,I
", ",O,O,I
2011,B,year,I
: ,O,O,I
Russlanddeutsche im Jugendstrafvollzug – was ist aus ihnen geworden?,B,title,I
 ,O,O,I
Neue Kriminalpolitik,B,source,I
 ,O,O,I
9,B,volume,I
: ,O,O,I
50,B,fpage,I
-,O,O,I
54,B,lpage,I
".
",O,O,I
Strauss,B,author,B
", ",O,O,I
Anselm,B,author,I
/,O,O,I
Corbin,B,author,I
", ",O,O,I
Juliet,B,author,I
", ",O,O,I
1996,B,year,I
: ,O,O,I
Grounded Theory. Grundlagen qualitativer Sozialforschung,B,title,I
. ,O,O,I
Weinheim,B,other,I
: ,O,O,I
Juventa,B,publisher,I
".
",O,O,I
Strobl,B,author,B
", ",I,author,I
Rainer,I,author,I
/,O,O,I
Kühnel,B,author,I
", ",I,author,I
Wolfgang,I,author,I
", ",O,O,I
2000,B,year,I
. ,O,O,I
Dazugehörig und ausgegrenzt,B,title,I
. ,O,O,I
Analysen zu Integrationschancen junger Aussiedler,B,source,I
. ,O,O,I
Weinheim,B,other,I
: ,O,O,I
Juventa,B,publisher,I
".
",O,O,I
Strohmeier,B,author,B
", ",I,author,I
Klaus Peter,I,author,I
/,O,O,I
Kersting,B,author,I
", ",I,author,I
Volker,I,author,I
", ",O,O,I
2003,B,year,I
: ,O,O,I
Segregierte Armut in der Stadtgesellschaft. Problemstrukturen und Handlungskonzepte im Stadtteil,B,title,I
. ,O,O,I
Informationen zur Stadtentwicklung,B,source,I
 ,O,O,I
3/4,B,volume,I
: ,O,O,I
231,B,fpage,I
-,O,O,I
246,B,lpage,I
".
",O,O,I
Sutterlüty,B,author,B
", ",I,author,I
Ferdinand,I,author,I
", ",O,O,I
2002,B,year,I
: ,O,O,I
Gewaltkarrieren,B,title,I
. ,O,O,I
Jugendliche im Kreislauf von Gewalt und Missachtung,B,source,I
. ,O,O,I
Frankfurt/M,B,other,I
.: ,O,O,I
Campus,B,publisher,I
".
",O,O,I
Sykes,B,author,B
", ",I,author,I
Gresham M.,I,author,I
", ",O,O,I
1958,B,year,I
: ,O,O,I
The Society of Captives. A Study of Maximum Security Prison,B,title,I
. ,O,O,I
Princeton,B,other,I
: ,O,O,I
University Press,B,publisher,I
".
",O,O,I
Volkow,B,author,B
", ",I,author,I
Vadim,I,author,I
", ",O,O,I
2000,B,year,I
: ,O,O,I
Gewaltunternehmer im postkommunistischen Russland,B,title,I
. ,O,O,I
Leviathan,B,source,I
 ,O,O,I
28,B,volume,I
: ,O,O,I
173,B,fpage,I
-,O,O,I
191,B,lpage,I
".
",O,O,I
Walter,B,author,B
", ",I,author,I
Joachim,I,author,I
", ",O,O,I
2003,B,year,I
: ,O,O,I
Junge russischsprachige Aussiedler als Klientel in den Justizvollzugsanstalten,B,title,I
. S. ,O,O,I
87,B,fpage,I
-,O,O,I
120,B,lpage,I
 in: ,O,O,I
DBH-Bildungswerk,B,editor,I
" (Hrsg.), ",O,O,I
Spätaussiedler. Interkulturelle Kompetenz für die Straffälligenhilfe und den Justizvollzugsdienst,B,source,I
. ,O,O,I
Bad Godesberg,B,other,I
: ,O,O,I
Forum,B,publisher,I
".
",O,O,I
Zdun,B,author,B
", ",O,O,I
Steffen,B,author,I
", ",O,O,I
2007,B,year,I
a: ,O,O,I
Männlichkeitsvorstellungen junger Aussiedler im Strafvollzug,B,title,I
. S. ,O,O,I
246,B,fpage,I
-,O,O,I
265,B,lpage,I
 in: ,O,O,I
"Kawamura-Reindl, G.",B,editor,I
/,O,O,I
"Halbhuber-Gassner, L.",B,editor,I
" (Hrsg.), ",O,O,I
Gender Mainstreaming in der Sozialen Arbeit mit Straffälligen,B,source,I
. ,O,O,I
Freiburg,B,other,I
: ,O,O,I
Lambertus,B,publisher,I
".
",O,O,I
Zdun,B,author,B
", ",O,O,I
Steffen,B,author,I
", ",O,O,I
2007,B,year,I
b: ,O,O,I
"Ablauf, Funktion und Prävention von Gewalt: Eine soziologische Analyse gewalttätiger Verhaltensweisen in Cliquen junger Russlanddeutscher",B,title,I
. ,O,O,I
Frankfurt/M.,B,other,I
: ,O,O,I
Peter Lang,B,publisher,I
".
",O,O,I
Zdun,B,author,B
", ",I,author,I
Steffen,I,author,I
", ",O,O,I
2008,B,year,I
: ,O,O,I
Die Rechtfertigung abweichenden Verhaltens von Heranwachsenden im sozialen Kontext,B,title,I
. ,O,O,I
Soziale Probleme,B,source,I
 ,O,O,I
19,B,volume,I
: ,O,O,I
178,B,fpage,I
-,O,O,I
202,B,lpage,I
".
",O,O,I
Zdun,B,author,B
", ",I,author,I
Steffen,I,author,I
", ",O,O,I
2011,B,year,I
: ,O,O,I
Immigration as a Trigger to Knife Off From Delinquency? Desistance and Persistance among Male Adolescents from the Former Soviet Union in Germany,B,title,I
. ,O,O,I
Criminology and Criminal Justice,B,source,I
 ,O,O,I
11,B,volume,I
: ,O,O,I
307,B,fpage,I
-,O,O,I
323,B,lpage,I
".
",O,O,I
Zdun,B,author,B
", ",I,author,I
Steffen,I,author,I
", ",O,O,I
2012,B,year,I
: ,O,O,I
Street Culture and Norm Conflict among Young Migrants from the Former Soviet Union,B,title,I
. ,O,O,I
Sociological Focus,B,source,I
 ,O,O,I
45/2,B,volume,I
: ,O,O,I
143,B,fpage,I
-,O,O,I
158,B,lpage,I
".
",O,O,I
