token,tag,label,ref
Abrams,B,author,B
", ",I,author,I
Lynn,I,author,I
(,O,O,I
2010,B,year,I
): ,O,O,I
Oral History Theory,B,title,I
", ",O,O,I
London,B,other,I
/,O,O,I
New York,B,other,I
".
",O,O,I
Arp,B,author,B
", ",I,author,I
Agnès,I,author,I
(,O,O,I
2013,B,year,I
):,O,O,I
Nationale Grenzüberschreitung und Rückkoppelung. Die Internationalität des Netzwerkes,B,title,I
", in: ",O,O,I
Annette Leo,B,editor,I
 und ,O,O,I
Franka Maubach,B,editor,I
 (Hg.): ,O,O,I
Den Unterdrückten eine Stimme geben? Die International Oral History Association zwischen politischer Bewegung und wissenschaftlichem Netzwerk,B,source,I
", ",O,O,I
Göttingen,B,other,I
", ",O,O,I
160,B,fpage,I
-,O,O,I
194,B,lpage,I
".
",O,O,I
Bertaux,B,author,B
", ",I,author,I
Daniel,I,author,I
(,O,O,I
1981,B,year,I
): ,O,O,I
Life Stories in the Baker’s Trade,B,title,I
", in: ",O,O,I
Daniel Bertaux,B,editor,I
 (Hg.): ,O,O,I
Biography and Society,B,source,I
", ",O,O,I
London,B,other,I
".
",O,O,I
Frei,B,author,B
", ",I,author,I
Norbert,I,author,I
(,O,O,I
2005,B,year,I
): ,O,O,I
Abschied von der Zeitgenossenschaft,B,title,I
", in: ",O,O,I
Norbert,B,author,I
Frei,I,author,I
: ,O,O,I
1945 und wir. Das Dritte Reich im Bewußtsein der Deutschen,B,source,I
", ",O,O,I
München,B,other,I
".
",O,O,I
Gries,B,author,B
", ",I,author,I
Rainer,I,author,I
(,O,O,I
2012,B,year,I
): ,O,O,I
Vom historischen Zeugen zum professionellen Darsteller. Probleme einer Medienfigur im Übergang,B,title,I
", in: ",O,O,I
Martin Sabrow,B,editor,I
 und ,O,O,I
Norbert Frei,B,editor,I
 (Hg.): ,O,O,I
Die Geburt des Zeitzeugen nach 1945,B,source,I
", ",O,O,I
Göttingen,B,other,I
", ",O,O,I
49,B,fpage,I
-,O,O,I
70,B,lpage,I
".
",O,O,I
Jureit,B,author,B
", ",I,author,I
Ulrike,I,author,I
(,O,O,I
2007,B,year,I
): ,O,O,I
Die Entdeckung des Zeitzeugen. Faschismus- und Nachkriegserfahrungen im Ruhrgebiet,B,title,I
", in: ",O,O,I
Jürgen Danyel,B,editor,I
", ",O,O,I
Jan-Holger Kirsch,B,editor,I
 und ,O,O,I
Martin Sabrow,B,editor,I
 (Hg.): ,O,O,I
50 Klassiker der Zeitgeschichte,B,source,I
", ",O,O,I
174,B,fpage,I
-,O,O,I
177,B,lpage,I
".
",O,O,I
Leh,B,author,B
", ",I,author,I
Almut,I,author,I
(,O,O,I
2000,B,year,I
): ,O,O,I
Forschungsethische Probleme in der Zeitzeugenforschung,B,title,I
", in: ",O,O,I
BIOS,B,source,I
 ,O,O,I
13,B,volume,I
 ,O,O,I
64,B,fpage,I
- ,O,O,I
76,B,fpage,I
".
",O,O,I
"Leo, Annette",B,editor,B
 und ,O,O,I
Franka Maubach,B,editor,I
 (Hg.) (,O,O,I
2013,B,year,I
): ,O,O,I
Den Unterdrückten eine Stimme geben? Die International Oral History Association zwischen politischer Bewegung und wissenschaftlichem Netzwerk,B,title,I
", ",O,O,I
Göttingen,B,other,I
".
",O,O,I
Markowitsch,B,author,B
", ",I,author,I
Hans J.,I,author,I
 (,O,O,I
2000,B,year,I
): ,O,O,I
Die Erinnerung von Zeitzeugen aus der Sicht der Gedächtnisforschung,B,title,I
", in: ",O,O,I
BIOS,B,source,I
 ,O,O,I
13,B,volume,I
", ",O,O,I
30,B,fpage,I
-,O,O,I
50,B,lpage,I
".
",O,O,I
Maubach,B,author,B
", ",I,author,I
Franka,I,author,I
(,O,O,I
2009,B,year,I
): ,O,O,I
Die Stellung halten. Kriegserfahrungen und Lebensgeschichten von Wehrmachthelferinnen,B,title,I
", ",O,O,I
Göttingen,B,other,I
".
",O,O,I
Maubach,B,author,B
", ",I,author,I
Franka,I,author,I
(,O,O,I
2013,B,year,I
): ,O,O,I
Das freie Wort als Menschenrecht. Schweigen und Sprechen in der IOHA,B,title,I
", in: ",O,O,I
Annette Leo,B,editor,I
 und ,O,O,I
dies,B,other,I
. (Hg.): ,O,O,I
Den Unterdrückten eine Stimme geben? Die International Oral History Association zwischen politischer Bewegung und wissenschaftlichem Netzwerk,B,source,I
", ",O,O,I
Göttingen,B,other,I
", ",O,O,I
240,B,fpage,I
-,O,O,I
272,B,lpage,I
".
",O,O,I
Niethammer,B,author,B
", ",I,author,I
Lutz,I,author,I
(,O,O,I
1978,B,year,I
): ,O,O,I
Oral History in USA. Zur Entwicklung und Problematik diachroner Befragungen,B,title,I
", in: ",O,O,I
Archiv für Sozialgeschichte,B,source,I
 ,O,O,I
18 ,B,volume,I
", ",O,O,I
457,B,fpage,I
-,O,O,I
501,B,lpage,I
"
",O,O,I
Niethammer,B,author,B
", ",I,author,I
Lutz,I,author,I
(,O,O,I
1982,B,year,I
): ,O,O,I
Die Mitläuferfabrik. Die Entnazifizierung am Beispiel Bayerns,B,title,I
", ",O,O,I
Berlin,B,other,I
/,O,O,I
Bonn ,B,other,I
[,O,O,I
zuerst ,B,other,I
1972,B,year,I
"].
",O,O,I
Niethammer,B,author,B
", ",I,author,I
Lutz,I,author,I
(,O,O,I
1982,B,year,I
): ,O,O,I
Oral History as a Channel of Communication between Workers and Historians,B,title,I
", in: ",O,O,I
Paul Thompson,B,editor,I
 and ,O,O,I
Natasha Burchardt,B,editor,I
 (Ed.): ,O,O,I
Our Common History. The Transformation of Europe,B,source,I
", ",O,O,I
London,B,other,I
", ",O,O,I
23,B,fpage,I
-,O,O,I
37,B,lpage,I
".
",O,O,I
Niethammer,B,author,B
", ",I,author,I
Lutz,I,author,I
(,O,O,I
1983,B,year,I
): ,O,O,I
Einleitung des Herausgebers,B,title,I
", in: ",O,O,I
Lutz Niethammer,B,editor,I
 (Hg.): ,O,O,I
"„Die Jahre weiß man nicht, wo man die heute hinsetzen soll.“ Faschismuserfahrungen im Ruhrgebiet. Lebensgeschichte und Sozialkultur im Ruhrgebiet",B,source,I
", Bd. ",O,O,I
1,B,volume,I
", ",O,O,I
Berlin,B,other,I
", ",O,O,I
7,B,fpage,I
-,O,O,I
29,B,lpage,I
".
",O,O,I
Niethammer,B,author,B
", ",I,author,I
Lutz,I,author,I
(,O,O,I
1985,B,year,I
): ,O,O,I
Fragen – Antworten – Fragen. Methodische Erfahrungen und Erwä- gungen zur Oral History,B,title,I
", in: ",O,O,I
Lutz Niethammer,B,editor,I
 und ,O,O,I
Alexander von Plato,B,editor,I
 (Hg.): ,O,O,I
„Wir kriegen jetzt andere Zeiten.“ Auf der Suche nach der Erfahrung des Volkes in nachfaschistischen Ländern. Lebensgeschichte und Sozialkultur im Ruhrgebiet,B,source,I
", Bd. ",O,O,I
3,B,volume,I
", ",O,O,I
Berlin,B,other,I
", ",O,O,I
Bonn,B,other,I
", ",O,O,I
392,B,fpage,I
-,O,O,I
445,B,lpage,I
".
",O,O,I
Niethammer,B,author,B
", ",I,author,I
Lutz,I,author,I
(,O,O,I
1988,B,year,I
): ,O,O,I
Annäherung an den Wandel. Auf der Suche nach der volkseigenen Erfahrung in der Industrieprovinz der DDR,B,title,I
", in: ",O,O,I
BIOS,B,source,I
", Jg. ",O,O,I
1,B,volume,I
", ",O,O,I
19,B,fpage,I
-,O,O,I
66,B,lpage,I
".
",O,O,I
Niethammer,B,author,B
", ",I,author,I
Lutz,I,author,I
(,O,O,I
1991,B,year,I
): ,O,O,I
Glasnost privat 1987. Reportage über eine Befragung unter den Zeitgenossen Honeckers zur Zeit Gorbatschows,B,title,I
", in: ",O,O,I
Lutz,B,author,I
Niethammer,I,author,I
", ",O,O,I
Alexander von,B,author,I
 ,I,author,I
Plato ,I,author,I
und ,O,O,I
Dorothee,B,author,I
Wierling,I,author,I
: ,O,O,I
Die volkseigene Erfahrung. 30 biographische Eröffnungen,B,source,I
", ",O,O,I
Berlin,B,other,I
", ",O,O,I
9,B,fpage,I
-,O,O,I
73,B,lpage,I
".
",O,O,I
Niethammer,B,author,B
", ",I,author,I
Lutz,I,author,I
(,O,O,I
2013,B,year,I
): ,O,O,I
Nachwort,B,title,I
", in: ",O,O,I
Annette Leo,B,editor,I
 und ,O,O,I
Franka Maubach,B,editor,I
 (Hg.): ,O,O,I
Den Unterdrückten eine Stimme geben? Die International Oral History Association zwischen politischer Bewegung und wissenschaftlichem Netzwerk,B,source,I
", ",O,O,I
Göttingen,B,other,I
. ,O,O,I
291,B,fpage,I
-,O,O,I
319,B,lpage,I
".
",O,O,I
Passerini,B,author,B
", ",I,author,I
Luisa,I,author,I
(,O,O,I
1979,B,year,I
): ,O,O,I
Work Ideology and Consensus under Italian Fascism,B,title,I
", in: ",O,O,I
History Workshop,B,source,I
 ,O,O,I
8 (1979),B,volume,I
", No. ",O,O,I
1,B,issue,I
", ",O,O,I
82,B,fpage,I
-,O,O,I
108,B,lpage,I
".
",O,O,I
Passerini,B,author,B
", ",I,author,I
Luisa,I,author,I
(,O,O,I
1987,B,year,I
): ,O,O,I
Fascism in Popular Memory. The Cultural Experience of the Turin Working Class,B,title,I
", ",O,O,I
Cambridge ,B,other,I
1987 ,B,year,I
[,O,O,I
im ital. Original 1984,B,other,I
"].
",O,O,I
Passerini,B,author,B
", ",O,O,I
Luisa,B,author,I
(,O,O,I
2002,B,year,I
) : ,O,O,I
"Shareable Narratives? Intersubjectivity, Life Stories and Reinterpreting the Past, Advanced Oral History Summer Institute, August 2002",B,title,I
", ",O,O,I
Berkeley,B,other,I
", ",O,O,I
http://bancroft.berkeley.edu/ROHO/education/docs/shareablenarratives.doc,B,url,I
 [,O,O,I
5.7.2013,B,other,I
"].
",O,O,I
Plato,B,author,B
", ",I,author,I
Alexander von,I,author,I
 (,O,O,I
2000,B,year,I
): ,O,O,I
"Zeitzeugen und die historische Zunft. Erinnerung, kommunikative Tradierung und kollektives Gedächtnis in der qualitativen Geschichtswissenschaft – ein Problemaufriss",B,title,I
", in: ",O,O,I
BIOS ,B,source,I
13,B,volume,I
", ",O,O,I
5,B,fpage,I
-,O,O,I
29,B,lpage,I
".
",O,O,I
Plato,B,author,B
", ",O,O,I
Alexander von,B,author,I
 (,O,O,I
2008,B,year,I
): ,O,O,I
Deutschlandberichte zur Sklaven- und Zwangsarbeit,B,title,I
", in: ders., ",O,O,I
Almut Leh,B,editor,I
 und ,O,O,I
Christoph Thonfeld,B,editor,I
 (Hg.): ,O,O,I
Hitlers Sklaven: lebensgeschichtliche Analysen zur Zwangsarbeit im internationalen Vergleich,B,source,I
", ",O,O,I
Wien u.a.,B,other,I
", ",O,O,I
25,B,fpage,I
-,O,O,I
35,B,lpage,I
".
",O,O,I
Portelli,B,author,B
", ",I,author,I
Alessandro,I,author,I
(,O,O,I
1981,B,year,I
): ,O,O,I
The Peculiarities of Oral History,B,title,I
", in: ",O,O,I
History Workshop,B,source,I
", Nr. ",O,O,I
12,B,volume,I
", ",O,O,I
96,B,fpage,I
-,O,O,I
107,B,lpage,I
".
",O,O,I
Rosenthal,B,author,B
", ",I,author,I
Gabriele,I,author,I
(,O,O,I
1995,B,year,I
): ,O,O,I
Erlebte und erzählte Lebensgeschichte,B,title,I
", ",O,O,I
Frankfurt a.M.,B,other,I
", ",O,O,I
New York.,B,other,I
"
",O,O,I
Sabrow,B,author,B
", ",I,author,I
Martin,I,author,I
(,O,O,I
2012,B,year,I
): ,O,O,I
Der Zeitzeuge als Wanderer zwischen zwei Welten,B,title,I
", in: ",O,O,I
Martin Sabrow,B,editor,I
 und ,O,O,I
Norbert Frei,B,editor,I
 (Hg.): ,O,O,I
Die Geburt des Zeitzeugen nach 1945,B,source,I
", ",O,O,I
Göttingen,B,other,I
", ",O,O,I
13,B,fpage,I
-,O,O,I
32,B,lpage,I
".
",O,O,I
Schütze,B,author,B
", ",I,author,I
Fritz,I,author,I
(,O,O,I
1981,B,year,I
): ,O,O,I
Prozeßstrukturen des Lebenslaufs,B,title,I
", in: ",O,O,I
Joachim Mathes,B,editor,I
", ",O,O,I
Arno Pfeifenberger,B,editor,I
 und ,O,O,I
Manfred Stoßberg,B,editor,I
 (Hg.): ,O,O,I
Biographie in handlungswissenschaftlicher Perspektive,B,source,I
", ",O,O,I
Nürnberg,B,other,I
", ",O,O,I
67,B,fpage,I
-,O,O,I
156,B,lpage,I
".
",O,O,I
Schütze,B,author,B
", ",I,author,I
Fritz,I,author,I
(,O,O,I
1983,B,year,I
a): ,O,O,I
Biographieforschung und narratives Interview,B,title,I
", in: ",O,O,I
Neue Praxis,B,source,I
 ,O,O,I
13,B,volume,I
", ",O,O,I
283,B,fpage,I
- ,O,O,I
293,B,lpage,I
".
",O,O,I
Schütze,B,author,B
", ",I,author,I
Fritz,I,author,I
(,O,O,I
1983,B,year,I
b): ,O,O,I
Kognitive Figuren der autobiographischen Stegreiferzählung,B,title,I
", in: ",O,O,I
Martin Kohli,B,editor,I
 und ,O,O,I
Günther Robert,B,editor,I
 (Hg.): ,O,O,I
Biographie und Wirklichkeit,B,source,I
", ",O,O,I
Stuttgart,B,other,I
", ",O,O,I
78,B,fpage,I
-,O,O,I
117,B,lpage,I
".
",O,O,I
Schütze,B,author,B
", ",I,author,I
Fritz,I,author,I
: (,O,O,I
1977,B,year,I
): ,O,O,I
Die Technik des narrativen Interviews in Interaktionsfeldstudien – dargestellt an einem Projekt zur Erforschung von kommunalen Machtstrukturen,B,title,I
", ",O,O,I
Bielefeld,B,other,I
".
",O,O,I
Sieder,B,author,B
", ",I,author,I
Reinhard,I,author,I
(,O,O,I
1984,B,year,I
): ,O,O,I
Geschichten erzählen und Wissenschaft treiben,B,title,I
", in: ",O,O,I
Gerhard Botz,B,editor,I
 und ,O,O,I
Josef Weidenholzer,B,editor,I
 (Hg.): ,O,O,I
Mündliche Geschichte und Arbeiterbewegung. Eine Einführung in Arbeitsweisen und Themenbereiche der Geschichte „geschichtsloser“ Sozialgruppen,B,source,I
", ",O,O,I
Wien,B,other,I
/,O,O,I
Köln,B,other,I
", ",O,O,I
203,B,fpage,I
-,O,O,I
231,B,lpage,I
"
",O,O,I
te Heesen,B,author,B
", ",I,author,I
Anke,I,author,I
(,O,O,I
2013,B,year,I
): ,O,O,I
Naturgeschichte des Interviews,B,title,I
", in: ",O,O,I
Merkur,B,source,I
", ",O,O,I
67,B,volume,I
", ",O,O,I
317,B,fpage,I
-,O,O,I
328,B,lpage,I
".
",O,O,I
Thompson,B,author,B
", ",I,author,I
Paul,I,author,I
(,O,O,I
1975,B,year,I
): ,O,O,I
The Edwardians: The Remaking of British Society,B,title,I
", ",O,O,I
London,B,other,I
".
",O,O,I
Thompson,B,author,B
", ",I,author,I
Paul,I,author,I
(,O,O,I
2000,B,year,I
): ,O,O,I
The Voice of the Past. Oral History,B,title,I
", ",O,O,I
3rd ,B,other,I
"edition, ",O,O,I
New York,B,other,I
".
",O,O,I
Tilly,B,author,B
", ",I,author,I
Louise E.,I,author,I
 (,O,O,I
1985,B,year,I
): ,O,O,I
People’s History and Social Science History,B,title,I
", in: ",O,O,I
International Journal of Oral History,B,source,I
 ,O,O,I
6,B,volume,I
", No. ",O,O,I
1,B,issue,I
", ",O,O,I
5,B,fpage,I
-,O,O,I
18,B,lpage,I
".
",O,O,I
Welzer,B,author,B
", ",I,author,I
Harald,I,author,I
(,O,O,I
2000,B,year,I
): ,O,O,I
Das Interview als Artefakt. Zur Kritik der Zeitzeugenforschung,B,title,I
", in: ",O,O,I
BIOS ,B,source,I
(Jg. ,O,O,I
13,B,volume,I
"), ",O,O,I
51,B,fpage,I
-,O,O,I
63,B,lpage,I
".
",O,O,I
Welzer,B,author,B
", ",I,author,I
Harald,I,author,I
(,O,O,I
2002,B,year,I
):,O,O,I
Das kommunikative Gedächtnis. Eine Theorie der Erinnerung,B,title,I
", ",O,O,I
München,B,other,I
".
",O,O,I
Welzer,B,author,B
", ",I,author,I
Harald,I,author,I
(,O,O,I
2012,B,year,I
): ,O,O,I
Vom Zeit- zum Zukunftszeugen. Vorschläge zur Modernisierung der Erinnerungskultur,B,title,I
", in:",O,O,I
 Martin Sabrow,B,editor,I
 und ,O,O,I
Norbert Frei,B,editor,I
 (Hg.): ,O,O,I
Die Geburt des Zeitzeugen nach 1945,B,source,I
", ",O,O,I
Göttingen,B,other,I
", ",O,O,I
33,B,fpage,I
-,O,O,I
48,B,lpage,I
".
",O,O,I
Welzer,B,author,B
", ",I,author,I
Harald,I,author,I
", ",O,O,I
Sabine,B,author,I
Moller ,I,author,I
und ,O,O,I
Karoline,B,author,I
Tschugnall ,I,author,I
(,O,O,I
2002,B,year,I
): ,O,O,I
„Opa war kein Nazi“. Nationalsozialismus und Holocaust im Familiengedächtnis,B,title,I
", ",O,O,I
Frankfurt a.M.,B,other,I
"
",O,O,I
Wierling ,B,author,B
Dorothee,I,author,I
(,O,O,I
2003,B,year,I
): ,O,O,I
Oral History,B,title,I
", in: ",O,O,I
Michael Maurer,B,editor,I
 (Hg.): ,O,O,I
Aufriß der Historischen Wissenschaften,B,source,I
", Bd. ",O,O,I
7,B,volume,I
: ,O,O,I
Neue Themen und Methodn der Geschichtswissenschaft,B,source,I
", ",O,O,I
Stuttgart,B,other,I
", ",O,O,I
81,B,fpage,I
-,O,O,I
151,B,lpage,I
".
",O,O,I
Yablonka,B,author,B
", ",I,author,I
Hanna,I,author,I
(,O,O,I
2012,B,year,I
): ,O,O,I
Die Bedeutung der Zeugenaussagen im Prozess gegen Adolf Eichmann,B,title,I
", in: ",O,O,I
Martin Sabrow,B,editor,I
 und ,O,O,I
Norbert Frei,B,editor,I
 (Hg.): ,O,O,I
Die Geburt des Zeitzeugen nach 1945,B,source,I
", ",O,O,I
Göttingen,B,other,I
", ",O,O,I
176,B,fpage,I
-,O,O,I
198,B,lpage,I
.,O,O,I
