token,tag,label,ref
Atanasov,B,author,B
", ",O,O,I
P.,B,author,I
 ,I,author,I
Cvetanova,I,author,I
", ",O,O,I
G.,B,author,I
 ,O,O,I
Indicators of Democratic Awareness,B,title,I
. ,O,O,I
European Quarterly of Political Attitudes and Mentalities EQPAM,B,source,I
 Vol. ,O,O,I
2,B,volume,I
", No. ",O,O,I
3,B,issue,I
", July ",O,O,I
2013 ,B,year,I
p. ,O,O,I
27,B,fpage,I
-,O,O,I
39,B,lpage,I
". o
",O,O,I
Dalton,B,author,B
",",I,author,I
 R. J.,I,author,I
 ,I,author,I
Shin,I,author,I
", ",I,author,I
D. C,I,author,I
 and ,O,O,I
Jou,B,author,I
", ",I,author,I
W.,I,author,I
 ,O,O,I
Understanding Democracy: Data from Unlikely Places,B,title,I
", ",O,O,I
Journal of Democracy,B,source,I
", Volume ",O,O,I
18,B,volume,I
", Number ",O,O,I
4,B,issue,I
", October ",O,O,I
2007,B,year,I
", pp ",O,O,I
142,B,fpage,I
-,O,O,I
156,B,lpage,I
".
",O,O,I
Mentalities EQ EQPAM,B,title,B
 Vol.,O,O,I
2 ,B,volume,I
No.,O,O,I
3 ,B,issue,I
July ,O,O,I
2013,B,year,I
ISSN 2285 – 4916,B,identifier,I
"
",O,O,I
Linz,B,author,B
",",I,author,I
 J. J.,I,author,I
 and ,O,O,I
Stepan,B,author,I
", ",I,author,I
A.,I,author,I
 (,O,O,I
1996,B,year,I
). ,O,O,I
"Problems of Democratic Transition and Consolidation: Southern Europe, South America, and Post-Communist Europe",B,title,I
.,O,O,I
 The Johns Hopkins University Press,B,publisher,I
", ",O,O,I
Baltimore and London,B,other,I
".
",O,O,I
Luescher-Mamashela,B,author,B
", ",I,author,I
T. M.,I,author,I
 (,O,O,I
2001,B,year,I
). ,O,O,I
The University in Africa and Democratic Citizenship. Hothouse or Training Ground?,B,title,I
 ,O,O,I
African Minds,B,publisher,I
".
",O,O,I
Mattes,B,author,B
",",I,author,I
 R.,I,author,I
 ,I,author,I
Davids ,I,author,I
Y.D.,I,author,I
 and ,O,O,I
Africa,B,author,I
", ",I,author,I
C.,I,author,I
 (,O,O,I
1999,B,year,I
) ,O,O,I
Views of Democracy in South Africa and the Region: Trends and Comparisons. South African Democracy Barometer,B,title,I
. ,O,O,I
Cape Town,B,other,I
: ,O,O,I
Idasa,B,publisher,I
.,O,O,I
 ,B,author,I
Pierre ,I,author,I
A,I,author,I
", ",O,O,I
Encyclopedic Dictionary of Public Administration,B,title,I
: ,O,O,I
http://www.dictionnaire.enap.ca/dictionnaire/docs/definitions/definitions_anglais/citizen_participation.pdf,B,url,I
"
",O,O,I
Weinrib,B,author,B
", ",I,author,I
J.,I,author,I
 (,O,O,I
2008,B,year,I
). ,O,O,I
Kant on Citizenship and Universal Independence,B,title,I
.,O,O,I
 Australian Journal of Legal Philosophy,B,source,I
 ,O,O,I
33,B,volume,I
(,O,O,I
1,B,issue,I
): ,O,O,I
1,B,fpage,I
– ,O,O,I
25,B,lpage,I
".
",O,O,I
Yildiz,B,author,B
", ",I,author,I
H.,I,author,I
 ,I,author,I
Seferogu,I,author,I
", ",I,author,I
S.S.,I,author,I
 ,O,O,I
Overview of Digital Divide and Democracy Awareness: Primary School Students' Opinions,B,title,I
. ,O,O,I
Education and Science,B,source,I
", ",O,O,I
2014,B,year,I
", Vol. ",O,O,I
39,B,volume,I
", No ",O,O,I
171,B,issue,I
".
",O,O,I
