token,tag,label,ref
Binningsbø,B,author,B
", ",I,author,I
Helga Malmin,I,author,I
", and ",O,O,I
Kendra ,B,author,I
Dupuy ,I,author,I
(,O,O,I
2009,B,year,I
"),",O,O,I
 Using Power-Sharing to Win a War: The Implementation of the Lomé Agreement in Sierra Leone,B,title,I
", in: ",O,O,I
Africa Spectrum,B,source,I
", ",O,O,I
44,B,volume,I
", ",O,O,I
3,B,issue,I
", ",O,O,I
87,B,fpage,I
–,O,O,I
107,B,lpage,I
".
",O,O,I
Chesterman,B,author,B
", ",I,author,I
Simon ,I,author,I
(,O,O,I
2004,B,year,I
"), ",O,O,I
"You, The People: The United Nations, Transitional Administration, and State-Building",B,title,I
", ",O,O,I
Oxford,B,other,I
: ,O,O,I
Oxford University Press,B,publisher,I
".
",O,O,I
"Shain, Yossi",B,editor,B
", and ",O,O,I
Juan Linz,B,editor,I
 (eds) (,O,O,I
1995,B,year,I
"), ",O,O,I
Between States. Interim Governments in Democratic Transitions,B,title,I
", ",O,O,I
Cambridge,B,other,I
: ,O,O,I
Cambridge University Press,B,publisher,I
".
",O,O,I
Tull,B,author,B
", ",I,author,I
Denis M.,I,author,I
", and ",O,O,I
Andreas ,B,author,I
Mehler,I,author,I
 (,O,O,I
2005,B,year,I
"), ",O,O,I
The Hidden Costs of Power-Sharing: Reproducing Insurgent Violence in Africa,B,title,I
", in: ",O,O,I
African Afairs,B,source,I
", ",O,O,I
104,B,volume,I
", ",O,O,I
416,B,issue,I
", ",O,O,I
375,B,fpage,I
–,O,O,I
398,B,lpage,I
.,O,O,I
