token,tag,label,ref
Haug,B,author,B
", ",I,author,I
Frigga,I,author,I
 ,O,O,I
2011,B,year,I
: ,O,O,I
Die vier-in-einem-Perspektive als LeitfadeonlfiütriPk,B,title,I
", in: ",O,O,I
Das Argument,B,source,I
 ,O,O,I
291,B,volume,I
: ,O,O,I
241,B,fpage,I
-,O,O,I
250,B,lpage,I
"
",O,O,I
Haug,B,author,B
", ",I,author,I
W. F.,I,author,I
 ,O,O,I
2007,B,year,I
: ,O,O,I
Zur Dialektik des Antikapitalismus,B,title,I
", in: ",O,O,I
Das Argume,B,source,I
:,O,O,I
n1t1-32469,B,other,I
"
",O,O,I
Hirsch,B,author,B
", ",I,author,I
Joachim,I,author,I
 ,O,O,I
2011,B,year,I
: ,O,O,I
Kapitalismus aufbrechen – aber wie,B,title,I
", in: ",O,O,I
DanstA2r9g1u,B,source,I
:,O,O,I
m23e1- 236,B,other,I
"
",O,O,I
Hofmann,B,author,B
", ",I,author,I
Jürgen,I,author,I
 ,O,O,I
1996,B,year,I
: ,O,O,I
Politisches Handeln und gesellschatluikcthure,B,title,I
. ,O,O,I
SGtrrundzüge deutscher Gesellschatsgeschichte,B,source,I
. ,O,O,I
Münster,B,other,I
"
",O,O,I
Kunstreich,B,author,B
", ",I,author,I
Timm,I,author,I
 ,O,O,I
2005,B,year,I
: ,O,O,I
"Sozialgenossenschaten – ein Versucho,oepienraetkive Ve-r gesellschatung im kapitalistischen Sozialstaat zu denken",B,title,I
",",O,O,I
"RiSnP:RWÜICDHEE, Het",B,source,I
 ,O,O,I
97,B,volume,I
: ,O,O,I
105,B,fpage,I
-,O,O,I
122,B,lpage,I
"
",O,O,I
Marshall,B,author,B
", ",O,O,I
homas. H.,B,author,I
 ,O,O,I
1972,B,year,I
: ,O,O,I
Bürgerrechte und Soziale K:lzaussrenSoziologie des Wohlfahrtstaates,B,title,I
. ,O,O,I
Frankfurt/M,B,other,I
; ,O,O,I
New York,B,other,I
"
",O,O,I
Resch,B,author,B
", ",I,author,I
Christine,I,author,I
", ",O,O,I
Steinert,B,author,I
", ",I,author,I
Heinz,I,author,I
 ,O,O,I
2009,B,year,I
: ,O,O,I
Kapitalismus: PorträtuekitnieornPsrwoedise,B,title,I
", ",O,O,I
Münster,B,other,I
"
",O,O,I
Röttger,B,author,B
", ",I,author,I
Bernd,I,author,I
 ,O,O,I
2011,B,year,I
: ,O,O,I
Der Schoß der alten Gesellschat. Zur Organiansattii-okapitalistischer Übergänge,B,title,I
", in:",O,O,I
 Das Argument,B,source,I
 ,O,O,I
291,B,volume,I
: ,O,O,I
193,B,fpage,I
-,O,O,I
201,B,lpage,I
"
",O,O,I
