token,tag,label,ref
Adolph,B,author,B
", ",I,author,I
L.,I,author,I
 (,O,O,I
2000,B,year,I
): ,O,O,I
Soziale Konflikte bei verschiedenen Formen industrieller Gruppenarbeit und ihre Auswirkungen,B,title,I
", ",O,O,I
Frankfurt am Main,B,other,I
".
",O,O,I
"Antoni, C.H.",B,editor,B
 (,O,O,I
1994,B,year,I
) (Hrsg.): ,O,O,I
Gruppenarbeit im Unternehmen,B,title,I
", ",O,O,I
Weinheim,B,other,I
 ,O,O,I
1994,B,year,I
".
",O,O,I
Antoni,B,author,B
", ",I,author,I
C.H.,I,author,I
 (,O,O,I
1997,B,year,I
): ,O,O,I
Soziale und ökonomische Effekte der Einführung teilautonomer Arbeitsgruppen,B,title,I
", in: ",O,O,I
Zeitschrift für Arbeits- und Organisationspsychologie,B,source,I
", ",O,O,I
15,B,volume,I
", S. ",O,O,I
131,B,fpage,I
- ,O,O,I
142,B,lpage,I
".
",O,O,I
Benders,B,author,B
", ",I,author,I
J.,I,author,I
/,O,O,I
Huijgen,B,author,I
", ",I,author,I
F.,I,author,I
/,O,O,I
Pekruhl,B,author,I
", ",I,author,I
U.,I,author,I
 ,O,O,I
2000,B,year,I
:,O,O,I
Gruppenarbeit in Europa,B,title,I
", in: ",O,O,I
WSI-Mitteilungen,B,source,I
", ",O,O,I
53,B,volume,I
", S. ",O,O,I
365,B,fpage,I
-,O,O,I
374,B,lpage,I
".
",O,O,I
Breisig,B,author,B
", ",I,author,I
T.,I,author,I
 (,O,O,I
1990,B,year,I
): ,O,O,I
It’s Team Time,B,title,I
", ",O,O,I
Köln,B,other,I
".
",O,O,I
Bungard,B,author,B
", ",I,author,I
W.,I,author,I
 (,O,O,I
1995,B,year,I
): ,O,O,I
Team- und Kooperationsfähikgeit,B,title,I
", in: ",O,O,I
"Sarges, W.",B,editor,I
 (Hrsg.): ,O,O,I
Managementdiagnostik,B,source,I
", ",O,O,I
2,B,issue,I
". Auflage, ",O,O,I
Göttingen,B,other,I
", S. ",O,O,I
405,B,fpage,I
- ,O,O,I
415,B,lpage,I
".
",O,O,I
Bungard,B,author,B
", ",I,author,I
W.,I,author,I
/,O,O,I
Antoni,B,author,I
", ",I,author,I
C.H.,I,author,I
 (,O,O,I
1995,B,year,I
): ,O,O,I
Gruppenorientierte Interventionstechniken,B,title,I
", in: ",O,O,I
"Schuler, H.",B,editor,I
 (Hrsg.): ,O,O,I
Organisationspsychologie,B,source,I
", ",O,O,I
2,B,issue,I
". Auflage, ",O,O,I
Bern u.a.,B,other,I
", S. ",O,O,I
377,B,fpage,I
-,O,O,I
404,B,lpage,I
".
",O,O,I
Bungard,B,author,B
", ",I,author,I
W.,I,author,I
/,O,O,I
Jöns,B,author,I
",",I,author,I
 I.,I,author,I
 ,O,O,I
1997,B,year,I
: ,O,O,I
Gruppenarbeit in Deutschland. Eine Zwischenbilanz,B,title,I
", in: ",O,O,I
Zeitschrift für Arbeits- und Organisationspsychologie,B,source,I
", ",O,O,I
15,B,volume,I
", S. ",O,O,I
104,B,fpage,I
-,O,O,I
119,B,lpage,I
".
",O,O,I
Cantor,B,author,B
", ",I,author,I
N.,I,author,I
/,O,O,I
Kihlstrom,B,author,I
", ",O,O,I
J.F.,B,author,I
 (,O,O,I
1987,B,year,I
): ,O,O,I
Personality and Social Intelligence,B,title,I
", ",O,O,I
Englewood Cliffs,B,other,I
".
",O,O,I
Dahrendorf,B,author,B
", ",I,author,I
R.,I,author,I
 (,O,O,I
1956,B,year,I
): ,O,O,I
Industrielle Fertigkeiten und soziale Schichtung,B,title,I
", in: ",O,O,I
Kölner Zeitschrift für Soziologie und Sozialpsychologie,B,source,I
", ",O,O,I
8,B,volume,I
", S. ",O,O,I
540,B,fpage,I
-,O,O,I
568,B,lpage,I
".
",O,O,I
Davis,B,author,B
",",I,author,I
 M.H.,I,author,I
 ,O,O,I
1996,B,year,I
: ,O,O,I
Empathy: A Social Psychological Approach,B,title,I
", ",O,O,I
Boulder,B,other,I
".
",O,O,I
Delhees,B,author,B
", ",I,author,I
K.H.,I,author,I
 (,O,O,I
1983,B,year,I
): ,O,O,I
Personelle und gruppendynamische Voraussetzungen der Teamarbeit,B,title,I
", in: ",O,O,I
Zeitschrift Führung und Organisation,B,source,I
", ",O,O,I
52,B,volume,I
", S. ",O,O,I
370,B,fpage,I
-,O,O,I
373,B,lpage,I
".
",O,O,I
Forster,B,author,B
",",I,author,I
 J.,I,author,I
 (,O,O,I
1978,B,year,I
): ,O,O,I
Teams und Teamarbeit in der Unternehmung,B,title,I
", ",O,O,I
Bern/Stuttgart,B,other,I
1978,B,year,I
".
",O,O,I
Forster,B,author,B
", ",I,author,I
J.,I,author,I
 (,O,O,I
1981,B,year,I
): ,O,O,I
"Teamarbeit – Sachliche, personelle und strukturelle Aspekte einer Kooperationsform",B,title,I
", in: ",O,O,I
"Grunwald, W.",B,editor,I
/,O,O,I
"Lilge, H.-G.",B,editor,I
 (Hrsg.): ,O,O,I
Kooperation und Konkurrenz in Organisationen,B,source,I
", ",O,O,I
Bern,B,other,I
", S. ",O,O,I
143,B,fpage,I
-,O,O,I
168,B,lpage,I
".
",O,O,I
Hart,B,author,B
", ",I,author,I
T.,I,author,I
 ,O,O,I
1999,B,year,I
: ,O,O,I
The Refinement of Empathy,B,title,I
", in: ",O,O,I
Journal of Humanistic Psychology,B,source,I
", ",O,O,I
39,B,volume,I
", S. ",O,O,I
111,B,fpage,I
-,O,O,I
125,B,lpage,I
".
",O,O,I
Hofmann,B,author,B
", ",I,author,I
M.,I,author,I
 (,O,O,I
1983,B,year,I
): ,O,O,I
Die 12 Kriterien gelingender Kooperation,B,title,I
; in:,O,O,I
 Management Forum,B,source,I
", ",O,O,I
4,B,volume,I
", S. ",O,O,I
14,B,fpage,I
-,O,O,I
17,B,lpage,I
".
",O,O,I
Insko,B,author,B
", ",I,author,I
C.A.,I,author,I
/,O,O,I
Schopler,B,author,I
", ",I,author,I
J.,I,author,I
 ,O,O,I
1967,B,year,I
: ,O,O,I
Triadic Consistency,B,title,I
", in: ",O,O,I
Psychological Review,B,source,I
", ",O,O,I
74,B,volume,I
", S. ",O,O,I
361,B,fpage,I
- ,O,O,I
376,B,lpage,I
".
",O,O,I
Jochum,B,author,B
", ",I,author,I
E.,I,author,I
 (,O,O,I
1987,B,year,I
): ,O,O,I
Gleichgestelltenbeurteilung,B,title,I
", ",O,O,I
Stuttgart,B,other,I
".
",O,O,I
Knebel,B,author,B
", ",I,author,I
Heinz,I,author,I
(,O,O,I
1996,B,year,I
): ,O,O,I
Wie Teamfähigkeit und Teamleistung beurteilen,B,title,I
", in: ",O,O,I
Arbeit und Arbeitsrecht,B,source,I
", ",O,O,I
3,B,volume,I
", S. ",O,O,I
79,B,fpage,I
-,O,O,I
82,B,lpage,I
".
",O,O,I
Lowman,B,author,B
", ",I,author,I
R.L.,I,author,I
/,O,O,I
Leeman,B,author,I
", ",I,author,I
G.E.,I,author,I
 ,O,O,I
1988,B,year,I
: ,O,O,I
The dimensionality of social intelligence,B,title,I
", in: ",O,O,I
Journal of Psychology,B,source,I
", ",O,O,I
122,B,volume,I
", S. ",O,O,I
279,B,fpage,I
-,O,O,I
290,B,lpage,I
".
",O,O,I
Marr,B,author,B
",",I,author,I
 R.,I,author,I
 (,O,O,I
1992,B,year,I
): ,O,O,I
Kooperationsmanagement,B,title,I
", in:",O,O,I
" Gaugler, E.",B,editor,I
/,O,O,I
"Weber, W.",B,editor,I
 (Hrsg.): ,O,O,I
Handwörterbuch des Personalwesens,B,source,I
", ",O,O,I
Stuttgart,B,other,I
", Sp. ",O,O,I
1154,B,fpage,I
-,O,O,I
1675,B,lpage,I
".
",O,O,I
Martin,B,author,B
", ",I,author,I
A.,I,author,I
 (,O,O,I
2001,B,year,I
):,O,O,I
Kommuniktionsstrukturen und Entscheidungsprozesse,B,title,I
", ",O,O,I
Schriften aus dem Institut für Mittelstandsforschung der Universität Lüneburg,B,source,I
", Heft ",O,O,I
2,B,issue,I
", ",O,O,I
Lüneburg,B,other,I
 ,O,O,I
2001,B,year,I
".
",O,O,I
Martin,B,author,B
", ",I,author,I
A.,I,author,I
/,O,O,I
Drees,B,author,I
", ",I,author,I
V.,I,author,I
 (,O,O,I
1999,B,year,I
): ,O,O,I
Vertrackte Beziehungen,B,title,I
", ",O,O,I
Darmstadt,B,other,I
".
",O,O,I
Martin,B,author,B
", ",I,author,I
A.,I,author,I
/,O,O,I
Purwin,B,author,I
", ",I,author,I
J.,I,author,I
 (,O,O,I
1999,B,year,I
):,O,O,I
Soziale Fähigkeiten in der Gruppenarbeit,B,title,I
", ",O,O,I
Schriften aus dem Institut für Mittelstandsforschung,B,source,I
", Heft ",O,O,I
8,B,issue,I
", ",O,O,I
Lüneburg,B,other,I
".
",O,O,I
Schneider,B,author,B
", ",O,O,I
B.,B,author,I
 (,O,O,I
1987,B,year,I
): ,O,O,I
The people make the place,B,title,I
", in: ",O,O,I
Personnel Psychology,B,source,I
", ",O,O,I
40,B,volume,I
", S. ",O,O,I
437,B,fpage,I
- ,O,O,I
453,B,lpage,I
".
",O,O,I
Schneider,B,author,B
",",I,author,I
 H.,I,author,I
 (,O,O,I
1991,B,year,I
): ,O,O,I
Team und Teamarbeit,B,title,I
", ",O,O,I
Bergisch Gladbach,B,other,I
".
",O,O,I
Sowarka,B,author,B
", ",I,author,I
B.,I,author,I
 (,O,O,I
1995,B,year,I
): ,O,O,I
Soziale Intelligenz und soziale Kompetenz,B,title,I
", in: ",O,O,I
"Sarges, W.",B,editor,I
 (Hrsg.): ,O,O,I
Managementdiagnostik,B,source,I
", ",O,O,I
2,B,issue,I
". Auflage, ",O,O,I
Göttingen u.a.,B,other,I
", S. ",O,O,I
365,B,fpage,I
-,O,O,I
382,B,lpage,I
".
",O,O,I
Spieß,B,author,B
", ",I,author,I
E.,I,author,I
 (,O,O,I
1996,B,year,I
): ,O,O,I
Kooperatives Handeln in Organisationen - Theoriestränge und empirische Studien,B,title,I
", ",O,O,I
München,B,other,I
".
",O,O,I
Spitzberg,B,author,B
", ",I,author,I
B.H.,I,author,I
/,O,O,I
Cupach,B,author,I
", ",I,author,I
W.R.,I,author,I
 ,O,O,I
1989,B,year,I
: ,O,O,I
Handbook of Interpersonal Competence Research,B,title,I
", ",O,O,I
New York u.a.,B,other,I
"
",O,O,I
Thomas,B,author,B
", ",I,author,I
A.,I,author,I
 (,O,O,I
1992,B,year,I
): ,O,O,I
Grundriß der Sozialpsychologie,B,source,I
", Band ",O,O,I
2,B,issue,I
: ,O,O,I
Individuum-Gruppe-Gesellschaft,B,title,I
", ",O,O,I
Göttingen u.a.,B,other,I
"
",O,O,I
Yeatts,B,author,B
", ",I,author,I
D.E.,I,author,I
/,O,O,I
Hyten,B,author,I
", ",I,author,I
C.,I,author,I
 (,O,O,I
1998,B,year,I
): ,O,O,I
High-Performing Self-Management Work Teams,B,title,I
", ",O,O,I
Thousand Oaks/London/New Dehli,B,other,I
.,O,O,I
