token,tag,label,ref
Asendorpf,B,author,B
", ",I,author,I
Dirk,I,author,I
", ",O,O,I
2002,B,year,I
: ,O,O,I
"Die vermessene Welt. In den Aktenschränken der Behörden lagern wertvolle geografische Daten, die sich in digitalen Karten miteinander verknüpfen ließen. Doch noch ist der Milliardenschatz nicht gehoben",B,title,I
. In: ,O,O,I
Die Zeit (27.3.2002),B,source,I
", S. ",O,O,I
35,B,year,I
".
",O,O,I
Bartelheimer,B,author,B
", ",I,author,I
Peter,I,author,I
", ",O,O,I
1997,B,year,I
: ,O,O,I
Risiken für die soziale Stadt. Erster Frankfurter Sozialbericht,B,title,I
. ,O,O,I
"Erstellt im Auftrag des Sozialdezernats der Stadt Frankfurt am Main. Dissertationen, Diplomarbeiten, Dokumentationen (DDD) 40",B,title,I
. ,O,O,I
Frankfurt,B,other,I
: ,O,O,I
Eigenverlag des Deutschen Vereins für öffentliche und private Fürsorge,B,publisher,I
".
",O,O,I
Feldmann,B,author,B
", ",O,O,I
Ursula,B,author,I
", ",O,O,I
1986,B,year,I
:,O,O,I
 Handbuch der örtlichen Sozialplanung,B,title,I
", hrsg. vom ",O,O,I
Deutschen Verein für öffentliche und private Fürsorge,B,editor,I
. ,O,O,I
"Forschungsprojekt, finanziert durch das Bundesministerium für Jugend, Familie, Frauen und Gesundheit",B,other,I
. ,O,O,I
Schriften des Vereins für öffentliche und private Fürsorge,B,source,I
. ,O,O,I
Schrift,B,source,I
 ,O,O,I
265,B,volume,I
. ,O,O,I
Stuttgart u.a.,B,other,I
: ,O,O,I
Kohlhammer,B,publisher,I
".
",O,O,I
"Frankfurter Sozialbericht. Risiken und Chancen des Frankfurter Arbeitsmarktes (Hrsg.), ",O,O,I
2000,B,year,B
: ,O,O,I
Dezernent für Soziales und Jugend,B,source,I
. ,O,O,I
Frankfurt,B,other,I
 (,O,O,I
Reihe Soziales und Jugend,B,other,I
", Bd. ",O,O,I
20,B,volume,I
").
",O,O,I
Jeschkeit,B,author,B
", ",I,author,I
Susanne,I,author,I
", ",O,O,I
2003,B,year,I
: ,O,O,I
„Finanzierbare Lösungen gefragt. Ergebnisse einer bundesweiten Kommunalumfrage zum Thema GIS und Geoinformation“,B,title,I
. In: ,O,O,I
GeoBit - Das Magazin für raumbezogene Informationstechnologie,B,source,I
. Heft ,O,O,I
1-2,B,volume,I
", S. ",O,O,I
21,B,fpage,I
-,O,O,I
23,B,lpage,I
".
",O,O,I
Kassner,B,author,B
", ",I,author,I
Uwe,I,author,I
", ",O,O,I
1999,B,year,I
: ,O,O,I
„Integriertes Informationssystem für die dezentrale Steuerung - Einführung: Informationsmanagement im Neuen Steuerungsmodell“,B,title,I
. In: ,O,O,I
Stadtforschung und Statistik,B,source,I
", Heft ",O,O,I
2,B,volume,I
", S. ",O,O,I
38,B,fpage,I
-,O,O,I
49,B,lpage,I
".
",O,O,I
Kraemer,B,author,B
", ",I,author,I
Dieter,I,author,I
; ,O,O,I
Kaufung,B,author,I
", ",I,author,I
Harald,I,author,I
", ",O,O,I
2000,B,year,I
: ,O,O,I
Bürgerämter sind nur der Anfang,B,title,I
. In: ,O,O,I
Verwaltungsrundschau,B,source,I
. Heft ,O,O,I
5,B,volume,I
", ",O,O,I
S.,B,author,I
 ,O,O,I
200,B,fpage,I
-,O,O,I
206,B,lpage,I
".
",O,O,I
Krechel,B,author,B
", ",I,author,I
Clemens,I,author,I
", ",O,O,I
1999,B,year,I
: ,O,O,I
Das numerische Bezugssystem der kleinräumigen Gliederung,B,title,I
. In: ,O,O,I
Stadtforschung und Statistik,B,source,I
", Heft ",O,O,I
2,B,volume,I
", S. ",O,O,I
15,B,fpage,I
-,O,O,I
21,B,lpage,I
".
",O,O,I
Rauschenbach,B,author,B
", ",I,author,I
Thomas,I,author,I
; ,O,O,I
Schilling,B,author,I
", ",I,author,I
Matthias,I,author,I
", ",O,O,I
1997,B,year,I
: ,O,O,I
Die Kinder und Jugendhilfe und ihre Statistik,B,title,I
. ,O,O,I
2,B,volume,I
 ,O,O,I
Bde.,B,other,I
 ,O,O,I
"Analysen, Befunde und Perspektiven",B,source,I
. ,O,O,I
Neuwied,B,other,I
: ,O,O,I
Luchterhand,B,publisher,I
".
",O,O,I
Renner,B,author,B
", ",I,author,I
Mechthild,I,author,I
; ,O,O,I
Walther,B,author,I
", ",I,author,I
Uwe-Jens,I,author,I
", ",O,O,I
2000,B,year,I
: ,O,O,I
Perspektiven einer sozialen Stadtentwicklung,B,title,I
. In: ,O,O,I
Raumforschung und Raumentwicklung,B,source,I
", Heft ",O,O,I
4,B,issue,I
", S.",O,O,I
 326,B,fpage,I
-,O,O,I
336,B,lpage,I
".
",O,O,I
Schäfer,B,author,B
", ",I,author,I
Peter,I,author,I
; ,O,O,I
Herrenbrück,B,author,I
", ",I,author,I
Sabine,I,author,I
", ",O,O,I
1997,B,year,I
: ,O,O,I
Jugendhilfestatistik im Validitätstest. Exemplarische Prüfung der Erhebung stationärer Hilfen,B,title,I
. In:,O,O,I
" Rauschenbach, Thomas",B,editor,I
; ,O,O,I
"Schilling, Matthias",B,editor,I
" (Hrsg.), S. ",O,O,I
493,B,fpage,I
-,O,O,I
510,B,lpage,I
".
",O,O,I
Schmiese,B,author,B
", ",I,author,I
Wulf,I,author,I
", ",O,O,I
2003,B,year,I
: ,O,O,I
Der Kampf gegen die Stadtkernfäule. Leere Schaufenster und Bauruinen – die Innenstädte verkommen. In der Not gründen Handel und die Politik Selbsthilfegruppen,B,title,I
. In: ,O,O,I
Frankfurter Allgemeine Sonntagszeitung (3. August 2003),B,source,I
 ,O,O,I
31,B,volume,I
", S. ",O,O,I
4,B,fpage,I
".
",O,O,I
Schulz,B,author,B
", ",I,author,I
Hajo,I,author,I
; ,O,O,I
Sierig,B,author,I
", ",I,author,I
Peter,I,author,I
", ",O,O,I
2003,B,year,I
: ,O,O,I
Datendiener. Freie Datenbanken im Vergleich,B,title,I
. In: ,O,O,I
c’t Magazin für Computertechnik,B,source,I
. Heft ,O,O,I
5,B,issue,I
", S. ",O,O,I
142,B,fpage,I
-,O,O,I
147,B,lpage,I
"
",O,O,I
Sixtus,B,editor,B
", ",O,O,I
2003,B,year,I
: ,O,O,I
Gemeinsam auf die Spitze treiben,B,title,I
. In: ,O,O,I
Die Zeit (22.12.2003),B,source,I
1,B,volume,I
", S. ",O,O,I
33,B,fpage,I
".
",O,O,I
Stegmann,B,author,B
", ",I,author,I
Michael,I,author,I
", ",O,O,I
1999,B,year,I
: ,O,O,I
Kommunale Sozialplanung als Fachaufgabe,B,title,I
. In: ,O,O,I
Sozialwissenschaften und Berufspraxis,B,source,I
", ",O,O,I
Jg.,B,other,I
 ,O,O,I
22,B,volume,I
", H. ",O,O,I
4,B,issue,I
", S. ",O,O,I
303,B,fpage,I
-,O,O,I
321,B,lpage,I
".
",O,O,I
Stöbe-Blossey,B,author,B
", ",I,author,I
Sybille,I,author,I
", ",O,O,I
2003,B,year,I
: ,O,O,I
Verwaltungsreform und Sozialwissenschaft,B,title,I
. In: ,O,O,I
Sozialwissenschaften und Berufspraxis,B,source,I
", ",O,O,I
Jg.,B,other,I
 ,O,O,I
26,B,volume,I
", H. ",O,O,I
1,B,issue,I
", S. ",O,O,I
29,B,fpage,I
-,O,O,I
45,B,lpage,I
".
",O,O,I
Trutzel,B,author,B
", ",I,author,I
Klaus,I,author,I
; ,O,O,I
Schulmeyer,B,author,I
", ",I,author,I
Rudolf,I,author,I
", ",O,O,I
1999,B,year,I
: ,O,O,I
Raumbezogenes Informationsmanagement. Die besondere Funktion des Raumbezugssystems der Statistik im Verhältnis zur Raumbezugsbasis des Vermessungswesens.,B,title,I
 In: ,O,O,I
Stadtforschung und Statistik,B,source,I
", Heft ",O,O,I
2,B,issue,I
", S. ",O,O,I
5,B,fpage,I
-,O,O,I
14,B,lpage,I
".
",O,O,I
Vossen,B,author,B
", ",I,author,I
Gottfried,I,author,I
", ",O,O,I
1999,B,year,I
: ,O,O,I
"Datenmodelle, Datenbanksprachen und DatenbankmanagementSysteme",B,title,I
. ,O,O,I
3,B,volume,I
. ,O,O,I
vollst. überarbeitete Auflage,B,other,I
. ,O,O,I
München,B,other,I
: ,O,O,I
Oldenbourg,B,publisher,I
".
",O,O,I
