token,tag,label,ref
§ 1356 I,B,title,B
 ,O,O,I
BGB,B,source,I
".
",O,O,I
§ 1356 I,B,title,B
 ,O,O,I
"BGB, Absatz 2",B,source,I
".
",O,O,I
4 ,O,O,I
Leitner,B,author,B
", ",I,author,I
Sigrid,I,author,I
/,O,O,I
Ostner,B,author,I
", ",I,author,I
Ilona,I,author,I
/,O,O,I
Schratzenstaller,B,author,I
", ",I,author,I
Margit,I,author,I
 (,O,O,I
2004,B,year,I
): ,O,O,I
Was kommt nach dem Ernährermodell? Sozialpolitik zwischen ReKommodifizierung und Re-Familialisierung,B,title,I
", in: ",O,O,I
"Leitner, S.",B,editor,I
/,O,O,I
"Ostner, I.",B,editor,I
/ ,O,O,I
"Schratzenstaller, M.",B,editor,I
 (Hrsg.): ,O,O,I
Wohlfahrtsstaat und Geschlechterverhältnis im Umbruch,B,source,I
. ,O,O,I
Wiesbaden,B,other,I
: ,O,O,I
VSVerlag für Sozialwissenschaften,B,publisher,I
", Seite ",O,O,I
10,B,fpage,I
".
",O,O,I
Lengerer,B,author,B
", ",I,author,I
Andrea,I,author,I
/,O,O,I
Boehle,B,author,I
", ",I,author,I
Mara,I,author,I
 (,O,O,I
2006,B,year,I
): ,O,O,I
"Rekonstruktion von Bandsatzerweiterungen zu Haushalt, Familie und Lebensformen im Mikrozensus",B,title,I
. ,O,O,I
ZUMAMethodenbericht,B,source,I
 Nr. ,O,O,I
2006,B,year,I
/,O,O,I
05,B,volume,I
".
",O,O,I
Rengers,B,author,B
", ",I,author,I
Martina,I,author,I
 (,O,O,I
2004,B,year,I
): ,O,O,I
Das international vereinbarte Labour-Force-Konzept,B,title,I
. ,O,O,I
Wirtschaft und Statistik,B,source,I
 ,O,O,I
12,B,volume,I
/,O,O,I
2004,B,issue,I
", ",O,O,I
Wiesbaden,B,other,I
: ,O,O,I
Statistisches Bundesamt,B,publisher,I
", 1372.
",O,O,I
Gille,B,author,B
", ",I,author,I
Martina,I,author,I
/,O,O,I
Marbach,B,author,I
", ",I,author,I
Jan,I,author,I
 (,O,O,I
2004,B,year,I
): ,O,O,I
Arbeitsteilung von Paaren und ihre Belastung mit Zeitstress,B,title,I
", in: ",O,O,I
"Alltag in Deutschland. Analysen zur Zeitverwendung, Forum der Bundesstatistik",B,source,I
", Band ",O,O,I
43,B,volume,I
", ",O,O,I
Wiesbaden,B,other,I
: ,O,O,I
Statistisches Bundesamt,B,publisher,I
", Seite ",O,O,I
86,B,fpage,I
-,O,O,I
113,B,lpage,I
".
",O,O,I
Schulz,B,author,B
", ",I,author,I
Florian,I,author,I
/,O,O,I
Blossfeld,B,author,I
", ",I,author,I
HansPeter,I,author,I
 (,O,O,I
2006,B,year,I
): ,O,O,I
Wie verändert sich die häusliche Arbeitsteilung im Eheverlauf? Eine Längsschnittstudie der ersten 14 Ehejahre in Westdeutschland,B,title,I
", in: ",O,O,I
Kölner Zeitschrift für Soziologie und Sozialpsychologie,B,source,I
", ",O,O,I
58,B,volume,I
/,O,O,I
1,B,issue,I
", Seite ",O,O,I
23,B,fpage,I
-,O,O,I
49,B,lpage,I
.,O,O,I
