token,tag,label,ref
Bennett,B,author,B
", ",I,author,I
W. L.,I,author,I
 (,O,O,I
2004,B,year,I
). ,O,O,I
Global Media and Politics: Transnational Communication Regimes and Civic Cultures,B,title,I
. ,O,O,I
Annual Review of Political Science,B,source,I
", ",O,O,I
7,B,volume,I
(,O,O,I
1,B,issue,I
"), ",O,O,I
125,B,fpage,I
-,O,O,I
148,B,lpage,I
. ,O,O,I
doi: 10.1146/annurev.polisci.7.012003.104804,B,identifier,I
"
",O,O,I
Bridy,B,author,B
", ",I,author,I
A.,I,author,I
 (,O,O,I
2012,B,year,I
). ,O,O,I
"Copyright Policymaking as Procedural Democratic Process: A Discourse-Theoretic Perspective on ACTA, SOPA, and PIPA.",B,title,I
 Cardozo Arts & Ent LJ,B,source,I
", ",O,O,I
30,B,volume,I
(,O,O,I
2,B,issue,I
"), ",O,O,I
153,B,fpage,I
-,O,O,I
403,B,lpage,I
".
",O,O,I
Castells,B,author,B
", ",I,author,I
M.,I,author,I
 (,O,O,I
2009,B,year,I
). ,O,O,I
"The Power of Identity: The Information Age: Economy, Society, and Culture",B,title,I
", Volume ",O,O,I
II,B,volume,I
. ,O,O,I
Malden,B,source,I
", MA: ",O,O,I
Wiley-Blackwell,B,publisher,I
".
",O,O,I
Coleman,B,author,B
", ",I,author,I
G.,I,author,I
 (,O,O,I
2012,B,year,I
). ,O,O,I
Coding Freedom – The Ethics and Aesthetics of Hacking,B,title,I
. ,O,O,I
New Jersey,B,other,I
: ,O,O,I
Princeton University Press,B,publisher,I
".
",O,O,I
Deibert,B,author,B
", ",I,author,I
R. J.,I,author,I
 (,O,O,I
2009,B,year,I
). ,O,O,I
"The geopolitics of internet control: Censorship, sovereignty, and cyberspace",B,title,I
. In ,O,O,I
A. Chadwick,B,editor,I
 & ,O,O,I
P. N. Howard,B,editor,I
" (Hrsg.), ",O,O,I
The Routledge Handbook of Internet Politics,B,source,I
 (S. ,O,O,I
323,B,fpage,I
-,O,O,I
336,B,lpage,I
). ,O,O,I
London,B,other,I
: ,O,O,I
Routledge,B,publisher,I
".
",O,O,I
Demeyer,B,author,B
", ",I,author,I
K.,I,author,I
", ",O,O,I
Lievens,B,author,I
", ",I,author,I
E.,I,author,I
", & ",O,O,I
Dumortier,B,author,I
", ",I,author,I
J.,I,author,I
 (,O,O,I
2012,B,year,I
). ,O,O,I
Blocking and Removing Illegal Child Sexual Content: Analysis from a Technical and Legal Perspective,B,title,I
. ,O,O,I
Policy & Internet,B,source,I
", ",O,O,I
4,B,volume,I
(,O,O,I
3-4,B,issue,I
"), ",O,O,I
1,B,fpage,I
-,O,O,I
23,B,lpage,I
. ,O,O,I
doi: 10.1002/poi3.8,B,identifier,I
"
",O,O,I
Freedman,B,author,B
", ",I,author,I
D.,I,author,I
 (,O,O,I
2008,B,year,I
). ,O,O,I
The Politics of Media Policy,B,source,I
. ,O,O,I
Cambridge,B,other,I
: ,O,O,I
Polity Press,B,publisher,I
".
",O,O,I
Determann,B,author,B
", ",I,author,I
L.,I,author,I
 (,O,O,I
1999,B,year,I
). ,O,O,I
Kommunikationsfreiheit im Internet: Freiheitsrechte und gesetzliche Beschränkungen,B,title,I
. ,O,O,I
Baden-Baden,B,other,I
: ,O,O,I
Nomos,B,publisher,I
".
",O,O,I
Drake,B,author,B
", ",I,author,I
W. J.,I,author,I
 (,O,O,I
2005,B,year,I
). ,O,O,I
Reforming Internet Governance: Perspectives from the Working Group on Internet Governance (WGIG),B,title,I
. ,O,O,I
New York,B,other,I
: ,O,O,I
United Nations Information and Communication Technologies Task Force,B,publisher,I
".
",O,O,I
Drake,B,author,B
", ",I,author,I
W. J.,I,author,I
", & ",O,O,I
Wilson,B,author,I
", ",I,author,I
E. J.,I,author,I
 (,O,O,I
2008,B,year,I
). ,O,O,I
Governing global electronic networks: International perspectives on policy and power,B,title,I
. ,O,O,I
Cambridge,B,other,I
", Mass: ",O,O,I
MIT Press,B,publisher,I
".
",O,O,I
Gillmor,B,author,B
", ",I,author,I
D.,I,author,I
 (,O,O,I
2014,B,year,I
). ,O,O,I
Do Private Platforms Threaten Public Journalism?,B,title,I
 In ,O,O,I
K. McBride,B,editor,I
 & ,O,O,I
T. Rosenstiel,B,editor,I
" (Hrsg.), ",O,O,I
The New Ethics of Journalism – Principles for the 21st Century,B,source,I
 (S. ,O,O,I
93,B,fpage,I
-,O,O,I
101,B,lpage,I
). ,O,O,I
"London, New Delhi, Singapore, Thousand Oaks",B,other,I
: ,O,O,I
Sage CQ Press,B,publisher,I
".
",O,O,I
Goldstein,B,author,B
", ",I,author,I
J.,I,author,I
", & ",O,O,I
Keohane,B,author,I
", ",I,author,I
R. O.,I,author,I
 (Hrsg.). (,O,O,I
1993a,B,year,I
). ,O,O,I
"Ideas and Foreign Policy: Beliefs, Institutions, and Political Change",B,title,I
. ,O,O,I
Ithaca,B,other,I
: ,O,O,I
Cornell University Press,B,publisher,I
".
",O,O,I
Goldstein,B,author,B
", ",I,author,I
J.,I,author,I
", & ",O,O,I
Keohane,B,author,I
", ",I,author,I
R. O.,I,author,I
 (,O,O,I
1993b,B,year,I
). ,O,O,I
Ideas and Foreign Policy: An Analytical Framework,B,title,I
. In ,O,O,I
J. Goldstein,B,editor,I
 & ,O,O,I
R. O. Keohane,B,editor,I
" (Hrsg.), ",O,O,I
"Ideas and Foreign Policy: Beliefs, Institutions, and Political Change",B,source,I
 (S. ,O,O,I
3,B,fpage,I
-,O,O,I
30,B,lpage,I
). ,O,O,I
Ithaca,B,other,I
: ,O,O,I
Cornell University Press.,B,publisher,I
"
",O,O,I
Haas,B,author,B
", ",I,author,I
E. B.,I,author,I
 (,O,O,I
1990,B,year,I
). ,O,O,I
When knowledge is power,B,title,I
. ,O,O,I
Berkeley,B,other,I
: ,O,O,I
Univ. of California Press.,B,publisher,I
"
",O,O,I
Habermas,B,author,B
", ",I,author,I
J.,I,author,I
 (,O,O,I
1981,B,year,I
). ,O,O,I
Theorie des kommunikativen Handelns,B,title,I
. ,O,O,I
Frankfurt am Main,B,other,I
: ,O,O,I
Suhrkamp,B,publisher,I
".
",O,O,I
Hands,B,author,B
", ",I,author,I
J.,I,author,I
 (,O,O,I
2011,B,year,I
). ,O,O,I
"@ is for Activism: Dissent, Resistance and Rebellion in a Digital Culture",B,title,I
. ,O,O,I
"London, New York",B,other,I
: ,O,O,I
Pluto Press,B,publisher,I
".
",O,O,I
Himanen,B,author,B
", ",I,author,I
P.,I,author,I
 (,O,O,I
2001,B,year,I
). ,O,O,I
Die Hacker-Ethik und der Geist des Informations-Zeitalters,B,title,I
. ,O,O,I
München,B,other,I
: ,O,O,I
Riemann Verlag,B,publisher,I
".
",O,O,I
Hintz,B,author,B
", ",I,author,I
A.,I,author,I
", & ",O,O,I
Milan,B,author,I
", ",I,author,I
S.,I,author,I
 (,O,O,I
2011,B,year,I
). ,O,O,I
User Rights for the Internet Age: Communications Policy According to “Netizens”,B,title,I
. In ,O,O,I
R. Mansell,B,editor,I
 & ,O,O,I
M. Raboy,B,editor,I
" (Hrsg.), ",O,O,I
The Handbook of Global Media and Communication Policy,B,source,I
 (S. ,O,O,I
230,B,fpage,I
-,O,O,I
241,B,lpage,I
). ,O,O,I
"Chichester, West Sussex, & Malden, MA",B,other,I
: ,O,O,I
Wiley-Blackwell,B,publisher,I
".
",O,O,I
Horten,B,author,B
", ",I,author,I
M.,I,author,I
 (,O,O,I
2013,B,year,I
). ,O,O,I
A Copyright Masquerade: How Corporate Lobbying Threatens Online Freedoms,B,title,I
. ,O,O,I
"London, New York",B,other,I
: ,O,O,I
Zed Books,B,publisher,I
".
",O,O,I
Jachtenfuchs,B,author,B
", ",I,author,I
M.,I,author,I
 (,O,O,I
1993,B,year,I
). ,O,O,I
Ideen und Interessen: Weltbilder als Kategorien der politischen Analyse,B,title,I
. ,O,O,I
Mannheim,B,other,I
: ,O,O,I
Mannheimer Zentrum für Europäische Sozialforschung (MZES),B,publisher,I
".
",O,O,I
Jordan,B,author,B
", ",I,author,I
T.,I,author,I
 (,O,O,I
2008,B,year,I
). ,O,O,I
Hacking. Digital Media and Technological Determinism,B,title,I
. ,O,O,I
"Cambridge, Malden",B,other,I
: ,O,O,I
Polity Press,B,publisher,I
".
",O,O,I
Jordana,B,author,B
", ",I,author,I
J.,I,author,I
", & ",O,O,I
Levi-Faur,B,author,I
", ",I,author,I
D.,I,author,I
 (,O,O,I
2004,B,year,I
). ,O,O,I
The Politics of Regulation in the Age of Governance,B,title,I
. In ,O,O,I
J. Jordana,B,editor,I
 & ,O,O,I
D. Levi-Faur,B,editor,I
" (Hrsg.), ",O,O,I
The Politics of Regulation: Examining Regulatory Institutions and Instruments in the Age of Governance,B,source,I
 (S. ,O,O,I
1,B,fpage,I
-,O,O,I
28,B,lpage,I
). ,O,O,I
Cheltenham,B,other,I
: ,O,O,I
Edward Elgar,B,publisher,I
".
",O,O,I
Kelty,B,author,B
", ",I,author,I
C. M.,I,author,I
 (,O,O,I
2008,B,year,I
). ,O,O,I
Two bits: The cultural signiicance of free software. Experimental futures,B,title,I
. ,O,O,I
Durham,B,other,I
: ,O,O,I
Duke University Press,B,publisher,I
".
",O,O,I
Kingdon,B,author,B
", ",I,author,I
J. W.,I,author,I
 (,O,O,I
1984,B,year,I
). ,O,O,I
"Agendas, alternatives, and public policies",B,title,I
. ,O,O,I
Boston,B,other,I
: ,O,O,I
"Little, Brown",B,publisher,I
".
",O,O,I
Künzler,B,author,B
", ",I,author,I
M.,I,author,I
 (,O,O,I
2012,B,year,I
). ,O,O,I
"‘It’s the idea, Stupid!’ How Ideas Challenge Broadcasting Liberalization",B,title,I
. In ,O,O,I
N. Just,B,editor,I
 & ,O,O,I
M. Puppis,B,editor,I
" (Hrsg.), ",O,O,I
"Trends in Communication Policy Research. New Theories, Methods and Subjects",B,source,I
. ,O,O,I
"Bristol, UK, & Chicago, USA",B,other,I
: ,O,O,I
Intellect,B,publisher,I
".
",O,O,I
Levine,B,author,B
", ",I,author,I
D.,I,author,I
 (,O,O,I
2012,B,year,I
). ,O,O,I
"Bring in the Nerds: Secrecy, National Security and the Creation of International Intellectual Property Law",B,title,I
. ,O,O,I
Cardozo Arts & Entertainment Law Journal,B,source,I
", ",O,O,I
30,B,volume,I
(,O,O,I
2,B,issue,I
"), ",O,O,I
105,B,fpage,I
-,O,O,I
151,B,lpage,I
. ,O,O,I
Abgerufen von,B,other,I
 ,O,O,I
http://www.cardozoaelj.com/wpcontent/uploads/2012/07/Levine.pdf,B,url,I
"
",O,O,I
Levy,B,author,B
", ",I,author,I
S.,I,author,I
 (,O,O,I
2010,B,year,I
). ,O,O,I
Hackers,B,title,I
. ,O,O,I
Sebastopol,B,other,I
: ,O,O,I
O’Reilly Media,B,publisher,I
".
",O,O,I
Lievens,B,author,B
", ",I,author,I
E.,I,author,I
 (,O,O,I
2010,B,year,I
). ,O,O,I
Protecting Children in the Digital Era: The Use of Alternative Regulatory Instruments,B,title,I
. ,O,O,I
Boston,B,other,I
: ,O,O,I
Martinus Nijhoff Publishers,B,publisher,I
".
",O,O,I
Löblich,B,author,B
", ",I,author,I
M.,I,author,I
", & ",O,O,I
Wendelin,B,author,I
", ",I,author,I
M.,I,author,I
 (,O,O,I
2012,B,year,I
). ,O,O,I
"ICT policy activism on a national level: Ideas, resources and strategies of German civil society in governance processes",B,title,I
. ,O,O,I
New Media & Society,B,source,I
", ",O,O,I
14,B,volume,I
(,O,O,I
6,B,issue,I
"), S. ",O,O,I
899,B,fpage,I
-,O,O,I
915,B,lpage,I
. ,O,O,I
doi: 10.1177/1461444811432427,B,identifier,I
"
",O,O,I
Maher,B,author,B
", ",I,author,I
K.,I,author,I
 (,O,O,I
25. Februar 2013,B,other,I
). ,O,O,I
The New Westphalian Web,B,title,I
. ,O,O,I
Abgerufen von,B,other,I
 ,O,O,I
http:// www.foreignpolicy.com/articles/2013/02/25/the_new_westphalian_web,B,url,I
"
",O,O,I
McCourt,B,author,B
", ",I,author,I
T.,I,author,I
", & ",O,O,I
Burkart,B,author,I
", ",I,author,I
P.,I,author,I
 (,O,O,I
2003,B,year,I
). ,O,O,I
"When Creators, Corporations and Consumers Collide: Napster and the Development of Online Music Distribution",B,title,I
. ,O,O,I
"Media, Culture & Society",B,source,I
", ",O,O,I
25,B,volume,I
(,O,O,I
3,B,issue,I
"), S. ",O,O,I
333,B,fpage,I
-,O,O,I
350,B,lpage,I
. ,O,O,I
doi: 10.1177/0163443703025003003,B,identifier,I
"
",O,O,I
McIntyre,B,author,B
", ",I,author,I
T. J.,I,author,I
 (,O,O,I
2010,B,year,I
). ,O,O,I
Blocking child pornography on the Internet: European Union developments,B,title,I
. ,O,O,I
"International Review of Law, Computers & Technology",B,source,I
", ",O,O,I
24,B,volume,I
(,O,O,I
3,B,issue,I
"), S. ",O,O,I
209,B,fpage,I
-,O,O,I
221,B,lpage,I
. ,O,O,I
doi: 10.1080/13600869.2010.522321,B,identifier,I
"
",O,O,I
Mueller,B,author,B
", ",I,author,I
M. L.,I,author,I
 (,O,O,I
2010,B,year,I
). ,O,O,I
Networks and States: The Global Politics of Internet Governance,B,title,I
. ,O,O,I
"Cambridge, Mass.",B,other,I
: ,O,O,I
MIT Press,B,publisher,I
".
",O,O,I
Murray,B,author,B
", ",I,author,I
L. J.,I,author,I
", ",O,O,I
Piper,B,author,I
", ",I,author,I
S. T.,I,author,I
", & ",O,O,I
Robertson,B,author,I
", ",I,author,I
K.,I,author,I
 (,O,O,I
2014,B,year,I
). ,O,O,I
"Putting Intellectual Property in its Place: Rights Discourses, Creative Labor, and the Everyday",B,title,I
. ,O,O,I
"Oxford, UK, & New York, NY",B,other,I
: ,O,O,I
Oxford University Press,B,publisher,I
".
",O,O,I
Raboy,B,author,B
", ",I,author,I
M.,I,author,I
", & ",O,O,I
Padovani,B,author,I
", ",I,author,I
C.,I,author,I
 (,O,O,I
2010,B,year,I
). ,O,O,I
"Mapping Global Media Policy: Concepts, Frameworks, Methods",B,title,I
. ,O,O,I
"Communication, Culture & Critique",B,source,I
", ",O,O,I
3,B,volume,I
(,O,O,I
2,B,issue,I
"), ",O,O,I
150,B,fpage,I
–,O,O,I
169,B,lpage,I
. ,O,O,I
doi: 10.1111/j.1753-9137.2010.01064.x,B,identifier,I
"
",O,O,I
Sabatier,B,author,B
", ",I,author,I
P. A.,I,author,I
 (,O,O,I
1987,B,year,I
). ,O,O,I
"Knowledge, Policy-Oriented Learning, and Policy Change: An Advocacy Coalition Framework",B,title,I
. ,O,O,I
Science Communication,B,source,I
", ",O,O,I
8,B,volume,I
(,O,O,I
4,B,issue,I
"), ",O,O,I
649,B,fpage,I
-,O,O,I
692,B,lpage,I
. ,O,O,I
doi: 10.1177/0164025987008004005,B,identifier,I
"
",O,O,I
Sabatier,B,author,B
", ",I,author,I
P. A.,I,author,I
", & ",O,O,I
Jenkins-Smith,B,author,I
", ",I,author,I
H. C.,I,author,I
 (,O,O,I
1999,B,year,I
). ,O,O,I
The Advocacy Coalition Framework: An Assessment,B,title,I
. In ,O,O,I
P. A. Sabatier,B,editor,I
" (Hrsg.), ",O,O,I
Theories of the Policy Process,B,source,I
 (S. ,O,O,I
117,B,fpage,I
- ,O,O,I
168,B,lpage,I
). Boulder: ,O,O,I
Westview Press,B,publisher,I
".
",O,O,I
Sabatier,B,author,B
", ",I,author,I
P. A.,I,author,I
", & ",O,O,I
Weible,B,author,I
", ",I,author,I
C. M.,I,author,I
 (,O,O,I
2007,B,year,I
). ,O,O,I
The Advocacy Coalition Framework: Innovations and Clariications,B,title,I
. In ,O,O,I
P. A. Sabatier,B,editor,I
 (HrsTgh.),O,O,I
"e,ories of the Policy Process",B,source,I
 (S. ,O,O,I
189,B,fpage,I
-,O,O,I
220,B,lpage,I
). Boulder: ,O,O,I
Westview Press,B,publisher,I
".
",O,O,I
Sell,B,author,B
", ",I,author,I
S. K.,I,author,I
 (,O,O,I
2013,B,year,I
). ,O,O,I
Revenge of the “Nerds”: Collective Action against Intellectual Property Maximalism in the Global Information Age,B,title,I
. ,O,O,I
International Studies Review,B,source,I
", ",O,O,I
15,B,volume,I
(,O,O,I
1,B,issue,I
"), ",O,O,I
67,B,fpage,I
-,O,O,I
85,B,lpage,I
. ,O,O,I
doi: 10.1111/misr.12021,B,identifier,I
"
",O,O,I
Singh,B,author,B
", ",I,author,I
J. P.,I,author,I
 (,O,O,I
2013,B,year,I
). ,O,O,I
"Information Technologies, Meta-power, and Transformations in Global Politics",B,title,I
. ,O,O,I
International Studies Review,B,source,I
", ",O,O,I
15,B,volume,I
(,O,O,I
1,B,issue,I
"), ",O,O,I
5,B,fpage,I
-,O,O,I
29,B,lpage,I
. ,O,O,I
doi: 10.1111/ misr.12025,B,identifier,I
"
",O,O,I
van Eeten,B,author,B
", ",I,author,I
M. J.,I,author,I
", & ",O,O,I
Mueller,B,author,I
", ",I,author,I
M. L.,I,author,I
 (,O,O,I
2013,B,year,I
). ,O,O,I
Where is the governance in Internetgovernance? New Media & Society,B,title,I
", ",O,O,I
15,B,volume,I
(,O,O,I
5,B,issue,I
"), ",O,O,I
720,B,fpage,I
-,O,O,I
736,B,lpage,I
. ,O,O,I
doi: 10.1177/1461444812462850,B,identifier,I
"
",O,O,I
Weible,B,author,B
", ",I,author,I
C. M.,I,author,I
", & ",O,O,I
Sabatier,B,author,I
", ",I,author,I
P. A.,I,author,I
 (,O,O,I
2007,B,year,I
). ,O,O,I
A Guide to the Advocacy Coalition Framework,B,title,I
. In ,O,O,I
F. Fischer,B,editor,I
", ",O,O,I
G. Miller,B,editor,I
", & ",O,O,I
M. S. Sidney,B,editor,I
" (Hrsg.), ",O,O,I
"Handbook of Public Policy Analysis: Theory, Politics, and Methods",B,source,I
 (S. ,O,O,I
123,B,fpage,I
-,O,O,I
137,B,lpage,I
). ,O,O,I
Boca Raton,B,other,I
: ,O,O,I
"CRC, Taylor & Francis",B,publisher,I
".
",O,O,I
Weible,B,author,B
", ",I,author,I
C. M.,I,author,I
", ",O,O,I
Sabatier,B,author,I
", ",I,author,I
P. A.,I,author,I
", ",O,O,I
Jenkins-Smith,B,author,I
", ",I,author,I
H. C.,I,author,I
", ",O,O,I
Nohrstedt,B,author,I
", ",I,author,I
D.,I,author,I
", ",O,O,I
Henry,B,author,I
", ",I,author,I
A. D.,I,author,I
", & ",O,O,I
deLeon,B,author,I
", ",I,author,I
P.,I,author,I
 (,O,O,I
2011,B,year,I
). ,O,O,I
A Quarter Century of the Advocacy Coalition Framework: An Introduction to the Special Issue,B,title,I
. ,O,O,I
Policy Studies Journal,B,source,I
", ",O,O,I
39,B,volume,I
(,O,O,I
3,B,issue,I
"), ",O,O,I
349,B,fpage,I
-,O,O,I
360,B,lpage,I
. ,O,O,I
doi: 10.1111/j.1541-0072.2011.00412.x,B,identifier,I
"
",O,O,I
Zahariadis,B,author,B
", ",O,O,I
N.,B,author,I
 (,O,O,I
2007,B,year,I
). ,O,O,I
"The multiple streams framework: Structure, limitations, prospects",B,title,I
. In ,O,O,I
P. A. Sabatier,B,editor,I
" (Hrsg.), ",O,O,I
Theories of the Policy Process,B,source,I
 (S. ,O,O,I
65,B,fpage,I
-,O,O,I
92,B,lpage,I
). ,O,O,I
Boulder,B,other,I
: ,O,O,I
Westview Press,B,publisher,I
".
",O,O,I
