token,tag,label,ref
"Anheier, H.K.",B,editor,B
/,O,O,I
"Priller, E.",B,editor,I
/,O,O,I
"Seibel, W.",B,editor,I
 and ,O,O,I
"Zimmer, A.",B,editor,I
 (Eds.) (,O,O,I
1997,B,year,I
): ,O,O,I
Der Dritte Sektor in Deutschland. Organisationen zwischen Staat und Markt im gesellschaftlichen Wandel,B,title,I
. ,O,O,I
Berlin,B,other,I
".
",O,O,I
Anheier,B,author,B
",",I,author,I
 H.K.,I,author,I
/,O,O,I
Priller,B,author,I
", ",I,author,I
E.,I,author,I
 and ,O,O,I
Zimmer,B,author,I
", ",I,author,I
A.,I,author,I
 (,O,O,I
2000,B,year,I
):,O,O,I
 “Die zivilgesellschaftliche Dimension des Dritten Sektors.”,B,title,I
 In:,O,O,I
" Klingemann, H.-D.",B,editor,I
 and ,O,O,I
"Neidhardt, F.",B,editor,I
 (Eds.): ,O,O,I
Zur Zukunft der Demokratie. Herausforderungen im Zeitalter der Globalisierung. WZB-Jahrbuch 2000,B,source,I
. ,O,O,I
Berlin,B,other,I
", ",O,O,I
71,B,fpage,I
-,O,O,I
98,B,lpage,I
".
",O,O,I
"Deth, J.W. van",B,editor,B
/,O,O,I
"Montero, J.R.",B,editor,I
 and,O,O,I
" Westholm, A.",B,editor,I
 (Eds.) (,O,O,I
2007,B,year,I
): ,O,O,I
Citizenship and Involvement in European Democracies. A comparative analysis,B,source,I
. ,O,O,I
London and New York,B,other,I
".
",O,O,I
Gensicke,B,author,B
", ",I,author,I
Th.,I,author,I
/,O,O,I
Picot,B,author,I
", ",I,author,I
S.,I,author,I
 and ,O,O,I
Geiss,B,author,I
", ",I,author,I
S.,I,author,I
 (,O,O,I
2006,B,year,I
):,O,O,I
 “Freiwilliges Engagement in Deutschland 1999 - 2004.”,B,title,I
 ,O,O,I
Wiesbaden,B,other,I
".
",O,O,I
Gosewinkel,B,author,B
", ",I,author,I
D.,I,author,I
/,O,O,I
Rucht,B,author,I
", ",I,author,I
D.,I,author,I
/,O,O,I
Daele,B,author,I
", ",I,author,I
W. van den,I,author,I
 and,O,O,I
 ,B,author,I
Kocka,I,author,I
", ",I,author,I
J.,I,author,I
 (,O,O,I
2004,B,year,I
): ,O,O,I
“Einleitung: Zivilgesellschaft – national und transnational.”,B,title,I
 In: ,O,O,I
"Gosewinkel, D.",B,editor,I
/,O,O,I
"Rucht, D.",B,editor,I
/,O,O,I
"Daele, W. van den",B,editor,I
 and ,O,O,I
"Kocka, J.",B,editor,I
 (Eds.): ,O,O,I
Zivilgesellschaft – national und transnational. WZB-Jahrbuch 2003,B,source,I
. ,O,O,I
Berlin,B,other,I
", ",O,O,I
129,B,fpage,I
-,O,O,I
149,B,lpage,I
".
",O,O,I
Kocka,B,author,B
",",I,author,I
 J.,I,author,I
 (,O,O,I
2003,B,year,I
): ,O,O,I
“Zivilgesellschaft in historischer Perspektive.”,B,title,I
 In:,O,O,I
 Forschungsjournal Neue Soziale Bewegungen,B,source,I
", Jg. ",O,O,I
16,B,volume,I
", H. ",O,O,I
2,B,issue,I
", ",O,O,I
29,B,fpage,I
-,O,O,I
37,B,lpage,I
".
",O,O,I
