token,tag,label,ref
Amin,B,author,B
", ",I,author,I
Samir,I,author,I
 (,O,O,I
2010,B,year,I
"),",O,O,I
 Millennium Development Goals: A Critique from the South,B,title,I
", in: ",O,O,I
Pambazuka News,B,source,I
", ",O,O,I
498,B,volume,I
", ",O,O,I
online:,B,other,I
 ,O,O,I
 (21 March 2014),B,other,I
".
",O,O,I
Anderson,B,author,B
", ",I,author,I
David M.,I,author,I
", and ",O,O,I
Adrian J.,B,author,I
 ,I,author,I
Browne,I,author,I
 (,O,O,I
2011,B,year,I
"), ",O,O,I
The Politics of Oil in Eastern Africa,B,title,I
", in: ",O,O,I
Journal of Eastern African Studies,B,source,I
", ",O,O,I
5,B,volume,I
", ",O,O,I
2,B,issue,I
", ",O,O,I
369,B,fpage,I
-,O,O,I
410,B,lpage,I
".
",O,O,I
Bach,B,author,B
", ",I,author,I
Daniel C.,I,author,I
 (,O,O,I
2012,B,year,I
"), ",O,O,I
Patrimonialism and Neopatrimonialism: Comparative Receptions and Transcriptions,B,title,I
", in: ",O,O,I
Daniel C. Bach,B,editor,I
 and ,O,O,I
Mamoudou Gazibo,B,editor,I
" (eds), ",O,O,I
"Neopatrimonialism in Africa and Beyond, London and New York",B,other,I
: ,O,O,I
Routledge,B,publisher,I
", ",O,O,I
25,B,fpage,I
-,O,O,I
45,B,lpage,I
".
",O,O,I
Baden,B,author,B
", ",I,author,I
John,I,author,I
", and ",O,O,I
Richard,B,author,I
 ,I,author,I
Stroup,I,author,I
 (,O,O,I
1977,B,year,I
"), ",O,O,I
"Property Rights, Environmental Quality, and the Management of National Forests",B,title,I
", in: ",O,O,I
Garrett Hardin,B,editor,I
 and ,O,O,I
John Baden,B,editor,I
" (eds), ",O,O,I
Managing the Commons,B,source,I
", ",O,O,I
San Francisco,B,other,I
: ,O,O,I
W. H. Freeman,B,publisher,I
", ",O,O,I
229,B,fpage,I
-,O,O,I
240,B,lpage,I
".
",O,O,I
Baranga,B,author,B
", ",I,author,I
Deborah,I,author,I
 (,O,O,I
2007,B,year,I
"), ",O,O,I
"Observations on Resource Use in Mabira Forest Reserve, Uganda",B,title,I
", in: ",O,O,I
African Journal of Ecology,B,source,I
", ",O,O,I
45,B,volume,I
 (,O,O,I
Suppl. 1,B,other,I
"), ",O,O,I
2,B,fpage,I
-,O,O,I
6,B,lpage,I
".
",O,O,I
Barr,B,author,B
", ",I,author,I
Abigail,I,author,I
", ",O,O,I
Marcel,B,author,I
 ,I,author,I
Fafchamps,I,author,I
 and ,O,O,I
Trudy,B,author,I
 ,I,author,I
Owens,I,author,I
 (,O,O,I
2005,B,year,I
"), ",O,O,I
The Governance of Non-Governmental Organizations in Uganda,B,title,I
", in: ",O,O,I
World Development,B,source,I
", ",O,O,I
33,B,volume,I
", ",O,O,I
4,B,issue,I
", ",O,O,I
657,B,fpage,I
-,O,O,I
679,B,lpage,I
".
",O,O,I
Bayart,B,author,B
", ",I,author,I
Jean-François,I,author,I
", ",O,O,I
Stephen,B,author,I
 ,I,author,I
Ellis,I,author,I
 and ,O,O,I
Béatrice,B,author,I
 ,I,author,I
Hibou,I,author,I
 (,O,O,I
1999,B,year,I
"), ",O,O,I
From Kleptocracy to the Felonious State?,B,title,I
", in: ",O,O,I
Jean-François Bayart,B,editor,I
", ",O,O,I
Stephen Ellis,B,editor,I
 and ,O,O,I
Béatrice Hibou,B,editor,I
" (eds), ",O,O,I
The Criminalization of the State in Africa,B,source,I
", ",O,O,I
Oxford,B,other,I
: ,O,O,I
James Currey,B,publisher,I
; ,O,O,I
Bloomington,B,other,I
: ,O,O,I
Indiana University Press,B,publisher,I
", ",O,O,I
1,B,fpage,I
-,O,O,I
31,B,lpage,I
".
",O,O,I
Beck,B,author,B
", ",I,author,I
Ulrich,I,author,I
 (,O,O,I
1999,B,year,I
"), ",O,O,I
World Risk Society,B,title,I
", ",O,O,I
Cambridge and Malden,B,other,I
: ,O,O,I
Polity Press,B,publisher,I
".
",O,O,I
Child,B,author,B
", ",I,author,I
Keith,I,author,I
 (,O,O,I
2009,B,year,I
"), ",O,O,I
Civil Society in Uganda: The Struggle to Save the Mabira Forest Reserve,B,title,I
", in: ",O,O,I
Journal of Eastern African Studies,B,source,I
", ",O,O,I
3,B,volume,I
", ",O,O,I
2,B,issue,I
", ",O,O,I
240,B,fpage,I
-,O,O,I
258,B,lpage,I
".
",O,O,I
Davenport,B,author,B
", ",I,author,I
Tim,I,author,I
", ",O,O,I
Peter,B,author,I
 ,I,author,I
Howard,I,author,I
 and ,O,O,I
Michael,B,author,I
 ,I,author,I
Baltzer,I,author,I
 (,O,O,I
1996,B,year,I
"),",O,O,I
" Mabira Forest Reserve: Biodiversity Report, Kampala",B,title,I
: ,O,O,I
"Government of Uganda, Forest Department",B,publisher,I
".
",O,O,I
Erdmann,B,author,B
", ",I,author,I
Gero,I,author,I
", and ",O,O,I
Ulf,B,author,I
 ,I,author,I
Engel,I,author,I
 (,O,O,I
2007,B,year,I
"), ",O,O,I
Neopatrimonialism Reconsidered: Critical Review and Elaboration of an Elusive Concept,B,title,I
", in: ",O,O,I
Commonwealth & Comparative Politics,B,source,I
", ",O,O,I
45,B,volume,I
", ",O,O,I
1,B,issue,I
", ",O,O,I
95,B,fpage,I
-,O,O,I
119,B,lpage,I
".
",O,O,I
European Union Election Observation Mission,B,editor,B
 (,O,O,I
2011,B,year,I
"), ",O,O,I
Final Report on the Uganda General Elections,B,title,I
", ",O,O,I
online:,B,other,I
 ,O,O,I
 (21 March 2014),B,other,I
".
",O,O,I
Fischlin,B,author,B
", ",I,author,I
Daniel,I,author,I
", and ",O,O,I
Martha,B,author,I
 ,I,author,I
Nandorfy,I,author,I
 (,O,O,I
2012,B,year,I
"),",O,O,I
 The Community of Rights – The Rights of Community,B,title,I
", ",O,O,I
"Montreal, New York and London",B,other,I
: ,O,O,I
Black Rose Books,B,publisher,I
".
",O,O,I
Godsäter,B,author,B
", ",I,author,I
Andreas,I,author,I
 (,O,O,I
2013,B,year,I
"), ",O,O,I
Regional Environmental Governance in the Lake Victoria Region: The Role of Civil Society,B,title,I
", in: ",O,O,I
African Studies,B,source,I
", ",O,O,I
72,B,volume,I
", ",O,O,I
1,B,issue,I
", ",O,O,I
64,B,fpage,I
-,O,O,I
85,B,lpage,I
".
",O,O,I
Gray,B,author,B
", ",I,author,I
Rob,I,author,I
 (,O,O,I
2013,B,year,I
"), ",O,O,I
"Accountability, Sustainability and the World’s Largest Corporations: Of CSR, Chimeras, Oxymorons and Tautologies",B,title,I
", in: ",O,O,I
Kathryn Haynes,B,editor,I
", ",O,O,I
Alan Murray,B,editor,I
 and ,O,O,I
Jesse Dillard,B,editor,I
" (eds), ",O,O,I
Corporate Social Responsibility: A Research Handbook,B,source,I
", ",O,O,I
London and New York,B,other,I
: ,O,O,I
Routledge,B,publisher,I
", ",O,O,I
151,B,fpage,I
-,O,O,I
166,B,lpage,I
".
",O,O,I
Hansen,B,author,B
",",I,author,I
 Holger Bernt,I,author,I
 (,O,O,I
2013,B,year,I
"), ",O,O,I
Uganda in the 1970s: A Decade of Paradoxes and Ambiguities,B,title,I
", in: ",O,O,I
Journal of Eastern African Studies,B,source,I
", ",O,O,I
7,B,volume,I
", ",O,O,I
1,B,issue,I
", ",O,O,I
83,B,fpage,I
-,O,O,I
103,B,lpage,I
".
",O,O,I
Hesselbein,B,author,B
", ",I,author,I
Gabi,I,author,I
", ",O,O,I
Frederick,B,author,I
 ,I,author,I
Golooba-Mutebi,I,author,I
 and ,O,O,I
James,B,author,I
 ,I,author,I
Putzel,I,author,I
 (,O,O,I
2006,B,year,I
"), ",O,O,I
Economic and Political Foundations of State-Making in Africa: Understanding State Reconstruction,B,title,I
", ",O,O,I
Crisis States Research Centre Working Papers,B,source,I
", ",O,O,I
2,B,volume,I
", ",O,O,I
London,B,other,I
: ,O,O,I
Crisis States Reseach Centre,B,publisher,I
".
",O,O,I
Hovil,B,author,B
", ",I,author,I
Lucy,I,author,I
", and ",O,O,I
Moses Chrispus,B,author,I
 ,I,author,I
Okello,I,author,I
 (,O,O,I
2011,B,year,I
"), ",O,O,I
Editorial Note,B,title,I
", in: ",O,O,I
"International Journal of Transitional Justice, special issue: Civil Society, Social Movements and Transitional Justice",B,source,I
", ",O,O,I
5,B,volume,I
", ",O,O,I
3,B,issue,I
", ",O,O,I
333,B,fpage,I
-,O,O,I
344,B,lpage,I
".
",O,O,I
Human Rights Watch,B,editor,B
 (,O,O,I
2010,B,year,I
"), ",O,O,I
A Media Minefield: Increased Threats to Freedom of Expression in Uganda,B,title,I
", ",O,O,I
New York,B,other,I
".
",O,O,I
Human Rights Watch,B,editor,B
 (,O,O,I
2011,B,year,I
"), ",O,O,I
Violence Instead of Vigilance: Torture and Illegal Detention by Uganda’s Rapid Response Unit,B,title,I
", ",O,O,I
New York,B,other,I
".
",O,O,I
Human Rights Watch,B,editor,B
 (,O,O,I
2012,B,year,I
"), ",O,O,I
Curtailing Criticism: Intimidation and Obstruction of Civil Society in Uganda,B,title,I
", ",O,O,I
New York,B,other,I
".
",O,O,I
Ignatieff,B,author,B
", ",I,author,I
Michael,I,author,I
 (,O,O,I
2005,B,year,I
"), ",O,O,I
"Human Rights, Power and the State",B,title,I
", in: ",O,O,I
Simon Chesterman,B,editor,I
", ",O,O,I
Michael Ignatieff,B,editor,I
 and ,O,O,I
Ramesh Thakur,B,editor,I
" (eds), ",O,O,I
Making States Work: State Failure and the Crisis of Governance,B,source,I
", ",O,O,I
"Tokyo, New York and Paris",B,other,I
: ,O,O,I
United Nations University Press,B,publisher,I
", ",O,O,I
59,B,fpage,I
-,O,O,I
75,B,lpage,I
".
",O,O,I
International Crisis Group,B,editor,B
 (,O,O,I
2012,B,year,I
"), ",O,O,I
Uganda: No Resolution to Growing Tensions,B,title,I
", ",O,O,I
Africa Report,B,source,I
", ",O,O,I
187,B,volume,I
", ",O,O,I
Brussels,B,other,I
".
",O,O,I
Kasfir,B,author,B
", ",I,author,I
Nelson,I,author,I
 (,O,O,I
1999,B,year,I
"), ",O,O,I
"Démocratie de “Mouvement”, Légitimité et Pouvoir en Ouganda",B,title,I
", in: ",O,O,I
Politique Africaine,B,source,I
", ",O,O,I
75,B,volume,I
", ",O,O,I
20,B,fpage,I
-,O,O,I
42,B,lpage,I
".
",O,O,I
Kelley,B,author,B
", ",I,author,I
Thomas,I,author,I
 (,O,O,I
2011,B,year,I
"), ",O,O,I
Wait! That’s Not What We Meant by Civil Society! Questioning the NGO Orthodoxy in West Africa,B,title,I
", in: ",O,O,I
Brooklyn Journal of International Law,B,source,I
", ",O,O,I
36,B,volume,I
", ",O,O,I
3,B,issue,I
", ",O,O,I
993,B,fpage,I
-,O,O,I
1010,B,lpage,I
".
",O,O,I
Khisa,B,author,B
", ",I,author,I
Moses,I,author,I
 (,O,O,I
2013,B,year,I
"), ",O,O,I
The Making of the “Informal State” in Uganda,B,title,I
", in: ",O,O,I
Africa Development,B,source,I
", ",O,O,I
38,B,volume,I
", ",O,O,I
1,B,issue,I
&,O,O,I
2,B,issue,I
", ",O,O,I
191,B,fpage,I
-,O,O,I
226,B,lpage,I
".
",O,O,I
Kjær,B,author,B
", ",I,author,I
Anne Mette,I,author,I
", and ",O,O,I
Mesharch,B,author,I
 ,I,author,I
Katusiimeh,I,author,I
 (,O,O,I
2012,B,year,I
"), ",O,O,I
Growing But Not Transforming: Fragmented Ruling Coalitions and Economic Developments in Uganda,B,title,I
", ",O,O,I
DIIS Working Papers,B,source,I
", ",O,O,I
7,B,volume,I
", ",O,O,I
Copenhagen,B,other,I
: ,O,O,I
Danish Institute for International Studies,B,publisher,I
".
",O,O,I
Kobusingye,B,author,B
", ",I,author,I
Olive,I,author,I
 (,O,O,I
2010,B,year,I
"), ",O,O,I
The Correct Line? Uganda under Museveni,B,title,I
", ",O,O,I
London,B,other,I
: ,O,O,I
AuthorHouse,B,publisher,I
".
",O,O,I
Lung,B,author,B
", ",I,author,I
Tobias,I,author,I
", and ",O,O,I
Gertrud,B,author,I
 ,I,author,I
Schaab,I,author,I
 (,O,O,I
2008,B,year,I
"), ",O,O,I
"Land Cover Change for Mabira Forest and Budongo Forest in Uganda: Results of Processing Landsat Satellite Imagery Time Series, 1972-2003",B,title,I
", ",O,O,I
Karlsruhe,B,other,I
: ,O,O,I
Karlsruhe University of Applied Sciences,B,publisher,I
".
",O,O,I
Maathai,B,author,B
", ",I,author,I
Wangari,I,author,I
 (,O,O,I
2009,B,year,I
"), ",O,O,I
The Challenge for Africa: A New Vision,B,title,I
", ",O,O,I
London,B,other,I
: ,O,O,I
William Heinemann,B,publisher,I
".
",O,O,I
Makara,B,author,B
", ",I,author,I
Sabiti,I,author,I
 (,O,O,I
2010,B,year,I
"), ",O,O,I
Deepening Democracy through Multipartyism: The Bumpy Road to Uganda’s 2011 Elections,B,title,I
", in: ",O,O,I
Africa Spectrum,B,source,I
", ",O,O,I
45,B,volume,I
", ",O,O,I
2,B,issue,I
", ",O,O,I
81,B,fpage,I
-,O,O,I
94,B,lpage,I
".
",O,O,I
Mamdani,B,author,B
", ",I,author,I
Mahmood,I,author,I
 (,O,O,I
1994,B,year,I
"), ",O,O,I
Pluralism and the Right of Association,B,title,I
", in: ",O,O,I
Mahmood Mamdani,B,editor,I
 and ,O,O,I
Joe Oloka-Onyango,B,editor,I
" (eds), ",O,O,I
"Uganda: Studies in Living Conditions, Popular Movements, and Constitutionalism",B,source,I
", ",O,O,I
Kampala,B,other,I
: ,O,O,I
JEP Books,B,publisher,I
", ",O,O,I
519,B,fpage,I
-,O,O,I
563,B,lpage,I
".
",O,O,I
Mamdani,B,author,B
", ",I,author,I
Mahmood,I,author,I
 (,O,O,I
2007,B,year,I
"), ",O,O,I
The Asian Question Again: A Reflection,B,title,I
", in: ",O,O,I
Pambazuka News,B,source,I
", ",O,O,I
303,B,volume,I
", ",O,O,I
online:,B,other,I
 ,O,O,I
 (21 March 2014),B,other,I
".
",O,O,I
Manby,B,author,B
", ",I,author,I
Bronwen,I,author,I
 (,O,O,I
2009,B,year,I
"), ",O,O,I
Struggles for Citizenship in Africa,B,title,I
", ",O,O,I
London and New York,B,other,I
: ,O,O,I
Zed Books,B,publisher,I
".
",O,O,I
Mbembe,B,author,B
", ",I,author,I
Achille,I,author,I
 (,O,O,I
2001,B,year,I
"), ",O,O,I
On the Postcolony,B,title,I
", ",O,O,I
"Berkeley, Los Angeles and London",B,other,I
: ,O,O,I
University of California Press,B,publisher,I
".
",O,O,I
Miller,B,author,B
", ",I,author,I
Chris,I,author,I
", ",O,O,I
Marilyn,B,author,I
 ,I,author,I
Taylor,I,author,I
 and ,O,O,I
Joanna,B,author,I
 ,I,author,I
Howard,I,author,I
 (,O,O,I
2013,B,year,I
"), ",O,O,I
Surviving the “Civil Society Dilemma”: Critical Factors in Shaping the Behaviour of Non-Governmental Actors,B,title,I
", in: ",O,O,I
Jude Howell,B,editor,I
" (ed.), ",O,O,I
Non-Governmental Public Action and Social Justice,B,source,I
", ",O,O,I
Basingstoke and New York,B,other,I
: ,O,O,I
Palgrave Macmillan,B,publisher,I
", ",O,O,I
136,B,fpage,I
-,O,O,I
158,B,lpage,I
".
",O,O,I
Moyo,B,author,B
", ",I,author,I
Dambisa,I,author,I
 (,O,O,I
2010,B,year,I
) [,O,O,I
2009,B,year,I
"], ",O,O,I
Dead Aid: Why Aid is Not Working and How There is Another Way for Africa,B,title,I
", ",O,O,I
London,B,other,I
: ,O,O,I
Penguin Books,B,publisher,I
".
",O,O,I
Mukasa Mutibwa,B,author,B
", ",I,author,I
Phares,I,author,I
 (,O,O,I
2008,B,year,I
"), ",O,O,I
The Buganda Factor in Uganda Politics,B,title,I
", ",O,O,I
Kampala,B,other,I
: ,O,O,I
Fountain Publishers,B,publisher,I
".
",O,O,I
Ndulo,B,author,B
", ",I,author,I
Muna,I,author,I
 (,O,O,I
2011,B,year,I
"), ",O,O,I
From Constitutional Protections to Oversight Mechanisms,B,title,I
", in:",O,O,I
 Chandra Lekha Sriram,B,editor,I
", ",O,O,I
Olga Martin-Ortega,B,editor,I
 and ,O,O,I
Johanna Herman,B,editor,I
" (eds), ",O,O,I
Peacebuilding and Rule of Law in Africa: Just Peace?,B,source,I
", ",O,O,I
London and New York,B,other,I
: ,O,O,I
Routledge,B,publisher,I
", ",O,O,I
88,B,fpage,I
-,O,O,I
108,B,lpage,I
".
",O,O,I
Oloka-Onyango,B,author,B
", ",I,author,I
Joe,I,author,I
 (,O,O,I
2006,B,year,I
"), ",O,O,I
"Criminal Justice, the Courts and Human Rights in Contemporary Uganda: A Perspective Analysis",B,title,I
", in: ",O,O,I
Makerere Law Journal,B,source,I
", ",O,O,I
1,B,volume,I
", ",O,O,I
1,B,issue,I
", ",O,O,I
22,B,fpage,I
-,O,O,I
53,B,lpage,I
".
",O,O,I
Olukoshi,B,author,B
", ",I,author,I
Adebayo,I,author,I
 (,O,O,I
2007,B,year,I
"), ",O,O,I
Assessing Africa’s New Governance Models,B,title,I
", in: ",O,O,I
Joe Oloka-Onyango,B,editor,I
 and ,O,O,I
Nansozi K. Muwanga,B,editor,I
" (eds), ",O,O,I
Debating Form and Substance in Africa’s New Governance Models,B,source,I
", ",O,O,I
Kampala,B,other,I
: ,O,O,I
Fountain Publishers,B,publisher,I
", ",O,O,I
1,B,fpage,I
-,O,O,I
25,B,lpage,I
".
",O,O,I
Omona,B,author,B
", ",I,author,I
Julius,I,author,I
", and ",O,O,I
Ronard,B,author,I
 ,I,author,I
Mukuye,I,author,I
 (,O,O,I
2013,B,year,I
"), ",O,O,I
Problems of Credibility of NGOs in Uganda: Implications for Theory and Practice,B,title,I
", in: ",O,O,I
Voluntas,B,source,I
", ",O,O,I
24,B,volume,I
", ",O,O,I
2,B,issue,I
", ",O,O,I
311,B,fpage,I
-,O,O,I
334,B,lpage,I
".
",O,O,I
Opoku-Mensah,B,author,B
", ",I,author,I
Paul,I,author,I
 (,O,O,I
2008,B,year,I
"), ",O,O,I
The State of Civil Society in Sub-Saharan Africa,B,title,I
", in: ",O,O,I
V. Finn Heinrich,B,editor,I
 and ,O,O,I
Lorenzo Fioramonti,B,editor,I
" (eds), ",O,O,I
CIVICUS Global Survey of the State of Civil Society,B,source,I
", ",O,O,I
2nd,B,volume,I
" volume, ",O,O,I
Bloomfield,B,other,I
: ,O,O,I
Kumarian Press,B,publisher,I
", ",O,O,I
75,B,fpage,I
-,O,O,I
90,B,lpage,I
".
",O,O,I
Ostrom,B,author,B
", ",I,author,I
Elinor,I,author,I
 (,O,O,I
1990,B,year,I
"),",O,O,I
 Governing the Commons: The Evolution of Institutions for Collective Action,B,title,I
", ",O,O,I
Cambridge and New York,B,other,I
: ,O,O,I
Cambridge University Press,B,publisher,I
".
",O,O,I
Polack,B,author,B
", ",I,author,I
Emily,I,author,I
", ",O,O,I
Lorenzo,B,author,I
 ,I,author,I
Cotula,I,author,I
 and ,O,O,I
Muriel,B,author,I
 ,I,author,I
Côte,I,author,I
 (,O,O,I
2013,B,year,I
"), ",O,O,I
Accountability in Africa’s Land Rush: What Role for Legal Empowerment?,B,title,I
", ",O,O,I
London,B,other,I
: ,O,O,I
International Institute for Environment and Development,B,publisher,I
".
",O,O,I
Price,B,author,B
", ",I,author,I
Stuart,I,author,I
 (,O,O,I
2007,B,year,I
"), ",O,O,I
Storm over Plans to Clear Uganda Rainforest,B,title,I
", in: ",O,O,I
African Business,B,source,I
", ",O,O,I
331,B,volume,I
", ",O,O,I
22,B,issue,I
".
",O,O,I
Risse,B,author,B
", ",I,author,I
Thomas,I,author,I
 (ed.) (,O,O,I
2011,B,year,I
"), ",O,O,I
Governance without a State? Policies and Politics in Areas of Limited Statehood,B,title,I
", ",O,O,I
New York and Chichester,B,other,I
: ,O,O,I
Columbia University Press,B,publisher,I
".
",O,O,I
The Economist,B,editor,B
 (,O,O,I
1995,B,year,I
"), ",O,O,I
A Mixed Welcome for Uganda’s Asians,B,title,I
",",O,O,I
" 336, 7922, 42",B,other,I
".
",O,O,I
Thomson,B,author,B
", ",I,author,I
Alex,I,author,I
 (,O,O,I
2010,B,year,I
"), ",O,O,I
An Introduction to African Politics,B,title,I
", ",O,O,I
3,B,issue,I
"rd edition, ",O,O,I
London and New York,B,other,I
: ,O,O,I
Routledge,B,publisher,I
".
",O,O,I
Tripp,B,author,B
", ",I,author,I
Aili Mari,I,author,I
 (,O,O,I
2010,B,year,I
"), ",O,O,I
Museveni’s Uganda: Paradoxes of Power in a Hybrid Regime,B,title,I
", ",O,O,I
Boulder and London,B,other,I
: ,O,O,I
Lynne Rienner Publishers,B,publisher,I
".
",O,O,I
Twesigye,B,author,B
", ",I,author,I
Bashir,I,author,I
 (,O,O,I
2008,B,year,I
"), ",O,O,I
Lessons from Citizen Activism in Uganda: Saving Mabira Forest,B,title,I
", in: ",O,O,I
SAIIA Occasional Papers,B,source,I
", ",O,O,I
7,B,volume,I
", ",O,O,I
Johannesburg,B,other,I
: ,O,O,I
South African Institute of International Affairs,B,publisher,I
".
",O,O,I
Van de Walle,B,author,B
", ",I,author,I
Nicolas,I,author,I
 (,O,O,I
2012,B,year,I
"), ",O,O,I
The Path from Neopatrimonialism: Democracy and Clientelism in Africa Today,B,title,I
", in: ",O,O,I
Daniel C. Bach,B,editor,I
 and ,O,O,I
Mamoudou Gazibo,B,editor,I
" (eds), ",O,O,I
Neopatrimonialism in Africa and Beyond,B,source,I
", ",O,O,I
London and New York,B,other,I
: ,O,O,I
Routledge,B,publisher,I
", ",O,O,I
111,B,fpage,I
-,O,O,I
123,B,lpage,I
".
",O,O,I
Vokes,B,author,B
", ",I,author,I
Richard,I,author,I
 (,O,O,I
2012,B,year,I
"), ",O,O,I
The Politics of Oil in Uganda,B,title,I
", in: ",O,O,I
African Affairs,B,source,I
", ",O,O,I
111,B,volume,I
", ",O,O,I
443,B,issue,I
", ",O,O,I
303,B,fpage,I
-,O,O,I
314,B,lpage,I
".
",O,O,I
Wa Muiu,B,author,B
", ",I,author,I
Mueni,I,author,I
 (,O,O,I
2010,B,year,I
"), ",O,O,I
Colonial and Postcolonial State and Development in Africa,B,title,I
", in: ",O,O,I
Social Research: An International Quarterly,B,source,I
", ",O,O,I
77,B,volume,I
", ",O,O,I
4,B,issue,I
", ",O,O,I
1311,B,fpage,I
-,O,O,I
1338,B,lpage,I
".
",O,O,I
Williams,B,author,B
", ",I,author,I
Paul D.,I,author,I
 (,O,O,I
2011,B,year,I
"), ",O,O,I
War and Conflict in Africa,B,title,I
", ",O,O,I
Cambridge and Malden,B,other,I
: ,O,O,I
Polity Press,B,publisher,I
".
",O,O,I
Young,B,author,B
", ",I,author,I
Crawford,I,author,I
 (,O,O,I
2004,B,year,I
"), ",O,O,I
The End of the Post-Colonial State in Africa?: Reflections on Changing African Political Dynamics,B,title,I
", in: ",O,O,I
African Affairs,B,source,I
", ",O,O,I
103,B,volume,I
", ",O,O,I
23,B,fpage,I
-,O,O,I
49,B,lpage,I
".
",O,O,I
Zommers,B,author,B
", ",I,author,I
Zinta A.,I,author,I
", ",O,O,I
Paul J.,B,author,I
 ,I,author,I
Johnson,I,author,I
 and ,O,O,I
David W.,B,author,I
 ,I,author,I
Macdonald,I,author,I
 (,O,O,I
2012,B,year,I
"), ",O,O,I
"Biofuels Bonanza? Sugarcane Production and Poverty in Villages Surrounding Budongo Forest, Uganda",B,title,I
", in: ",O,O,I
Journal of Eastern African Studies,B,source,I
", ",O,O,I
6,B,volume,I
", ",O,O,I
2,B,issue,I
", ",O,O,I
177,B,fpage,I
-,O,O,I
195,B,lpage,I
".
",O,O,I
