token,tag,label,ref
Blaine,B,author,B
",",I,author,I
 S.,I,author,I
 (,O,O,I
2009,B,year,I
): ,O,O,I
Crisis Means Boom Time for Business Ethics Courses,B,title,I
",",O,O,I
 http://www.business day.co.za,B,url,I
", ",O,O,I
last Accessed: 11 March 2009,B,other,I
".
",O,O,I
Cabrera,B,author,B
", ",I,author,I
Á.,I,author,I
 (,O,O,I
2009,B,year,I
): ,O,O,I
Let’s Professionalize Management,B,title,I
", ",O,O,I
http://blogs.harvardbusiness.org/howto-fix-business-schools/2009/04/a-hippocratic-oath-for-future.html,B,url,I
", ",O,O,I
last accessed: 2 May 2009,B,other,I
".
",O,O,I
Holland,B,author,B
",",I,author,I
 K.,I,author,I
 (,O,O,I
2009,B,year,I
): ,O,O,I
Is It Time to Retrain B-Schools?,B,title,I
", ",O,O,I
http://www.nytimes.com/2009/03/15/ business/15school.html,B,url,I
", ",O,O,I
last accessed: 15 March 2009,B,other,I
".
",O,O,I
Jacobs,B,author,B
", ",I,author,I
"M,",I,author,I
 (,O,O,I
2009,B,year,I
):,O,O,I
 How Schools Have Failed Business: Why not More Education on the Responsibility of Boards?,B,title,I
", ",O,O,I
http://online.wsj.com/article/SB124052874488350333.html,B,url,I
", ",O,O,I
last accessed: 2 May 2009,B,other,I
".
",O,O,I
Khurana,B,author,B
", ",I,author,I
R.,I,author,I
 (,O,O,I
2007,B,year,I
): ,O,O,I
From Higher Aims to Hired Hands – The Social Transformation of American Business Schools and the Unfulfilled Promise of Management as a Profession,B,title,I
", ",O,O,I
Princeton,B,other,I
".
",O,O,I
Mintzberg,B,author,B
",",I,author,I
 H.,I,author,I
 (,O,O,I
2005,B,year,I
):,O,O,I
 Managers not MBAs,B,title,I
",",O,O,I
 San Francisco,B,other,I
".
",O,O,I
 ,B,author,B
Post,I,author,I
", ",I,author,I
J. E.,I,author,I
 (,O,O,I
2009,B,year,I
): ,O,O,I
Never Waste a Crisis,B,source,I
", ",O,O,I
http://www.ft.com/cms/s/2/486008e8-3669-11de -af40-00144feabdc0.html,B,url,I
", ",O,O,I
last accessed: 4 May 2009,B,other,I
".
",O,O,I
Rasche,B,author,B
", ",I,author,I
A.,I,author,I
 (,O,O,I
2009,B,year,I
): ,O,O,I
‘A Necessary Supplement’: What the United Nations Global Compact Is (Not),B,title,I
", in:",O,O,I
 Business & Society,B,source,I
", ",O,O,I
48,B,volume,I
(,O,O,I
4,B,issue,I
): ,O,O,I
forthcoming,B,other,I
".
",O,O,I
Waddock,B,author,B
", ",I,author,I
S.,I,author,I
/ ,O,O,I
Rasche,B,author,I
",",I,author,I
 A.,I,author,I
/ ,O,O,I
Werhane,B,author,I
",",I,author,I
 P.,I,author,I
/,O,O,I
 ,B,author,I
Unruh,I,author,I
",",I,author,I
 G.,I,author,I
 (,O,O,I
2009,B,year,I
): ,O,O,I
The Principles for Responsible Management Education: Implementation and Assessment,B,title,I
", in: ",O,O,I
"Swanson, D. L.",B,editor,I
/ ,O,O,I
"Fisher, D. G.",B,editor,I
: ,O,O,I
Towards Assessing Business Ethics Education,B,source,I
", ",O,O,I
"Charlotte, NC",B,other,I
: ,O,O,I
forthcoming,B,other,I
".
",O,O,I
