token,tag,label,ref
Tadeusz,B,author,B
Biernat,I,author,I
. ,O,O,I
Józef Piłsudski – Lech Wałęsa. Paradoks charyzmatycznego przywództwa,B,title,I
. ,O,O,I
Toruń,B,other,I
2000,B,year,I
".
",O,O,I
Andrzej,B,author,B
Garlicki,I,author,I
. ,O,O,I
Józef Piłsudski 1867–1935,B,title,I
. ,O,O,I
Warszawa,B,other,I
1988,B,year,I
".
",O,O,I
Alina,B,author,B
 ,I,author,I
Kowalczykowa,I,author,I
. ,O,O,I
Piłsudski i tradycja,B,title,I
. ,O,O,I
Chotomów,B,other,I
1991,B,year,I
".
",O,O,I
Bruno,B,author,B
Schulz,I,author,I
. ,O,O,I
Powstają legendy. Trzy szkice wokół Piłsudskiego. Wstęp/Opracowanie St. Rosiek,B,title,I
. ,O,O,I
Kraków,B,other,I
1993,B,year,I
".
",O,O,I
Bohdan,B,author,B
Urbankowski,I,author,I
. ,O,O,I
Józef Piłsudski. Marzyciel i stratega,B,title,I
", ",O,O,I
Warszawa,B,other,I
1997,B,year,I
".
",O,O,I
Jerzy,B,author,B
Kochanowski,I,author,I
. ,O,O,I
Horthy und Pilsudski – Vergleich der autoritären Regime in Ungarn und Polen,B,title,I
. In: ,O,O,I
E. Oberländer,B,editor,I
 (Hg.) ,O,O,I
Autoritäre Regime in Ostmittel- und Südosteuropa 1919– 1944,B,source,I
", ",O,O,I
Paderborn,B,other,I
2001,B,year,I
".
",O,O,I
Józef,B,author,B
 ,I,author,I
Piłsudski ,I,author,I
w poezji,B,other,I
. ,O,O,I
Biblioteka Piłsudskiego,B,title,I
. ,O,O,I
Warszawa,B,other,I
1983 ,B,year,I
(,O,O,I
drugi obieg,B,other,I
").
",O,O,I
Antoni Czubinski,B,editor,B
 (Red.). ,O,O,I
Józef Piłsudski i jego legenda,B,title,I
. ,O,O,I
Warszawa,B,other,I
 ,O,O,I
1988,B,year,I
".
",O,O,I
Tadeusz,B,author,B
Kisielewski,I,author,I
. ,O,O,I
Piłsudski – Sikorski – Mikołajczuk,B,title,I
. ,O,O,I
Warszawa,B,other,I
1991,B,year,I
"
",O,O,I
Tadeusz,B,author,B
Katelbach,I,author,I
. ,O,O,I
Wódz i poeta. Lechoń i Piłsudski,B,title,I
. ,O,O,I
Londyn o.J.,B,other,I
"
",O,O,I
Władysław,B,author,B
Baranowski,I,author,I
. ,O,O,I
Rozmowy z Piłsudskim 1916–1931,B,title,I
. ,O,O,I
Warszawa,B,other,I
1990,B,year,I
".
",O,O,I
Marian Leczyk,B,editor,B
 (Red.) ,O,O,I
Piłsudski i Sanacja w oczach przeciwników,B,title,I
. ,O,O,I
Warszawa,B,other,I
1978,B,year,I
".
",O,O,I
Włodzimierz,B,author,B
Wojcik,I,author,I
. ,O,O,I
Nadzieje i złudzenia. Legenda Piłsudskiego w polskiej literaturze mię- dzywojennej,B,title,I
. ,O,O,I
Katowice,B,other,I
1978,B,year,I
".
",O,O,I
Włodzimierz,B,author,B
Suleja,I,author,I
. ,O,O,I
Józef Piłsudski,B,title,I
. ,O,O,I
Wrocław,B,other,I
1995,B,year,I
.,O,O,I
