token,tag,label,ref
Australian Sports Commission,B,editor,B
. (,O,O,I
2006,B,year,I
). ,O,O,I
The case for sport in Australia,B,title,I
. ,O,O,I
Canberra,B,other,I
: ,O,O,I
Australian Sports Commission,B,publisher,I
".
",O,O,I
Black,B,author,B
", ",I,author,I
D.,I,author,I
 (,O,O,I
2010,B,year,I
). ,O,O,I
The ambiguities of development: Implications for “development through Sport”,B,title,I
. ,O,O,I
Sport in Society,B,source,I
", ",O,O,I
13,B,volume,I
(,O,O,I
1,B,issue,I
"), ",O,O,I
121,B,fpage,I
-,O,O,I
129,B,lpage,I
".
",O,O,I
Bloom,B,author,B
", ",I,author,I
M.,I,author,I
", ",O,O,I
Grant,B,author,I
", ",I,author,I
M.,I,author,I
", & ",O,O,I
Watt,B,author,I
", ",I,author,I
D.,I,author,I
 (,O,O,I
2005,B,year,I
). ,O,O,I
Strengthening Canada: The socio-economic benefits of sport participation in Canada,B,title,I
. ,O,O,I
Ottawa,B,other,I
: ,O,O,I
Conference Board of Canada,B,publisher,I
".
",O,O,I
Coakley,B,author,B
", ",I,author,I
J.,I,author,I
 (,O,O,I
1998,B,year,I
). ,O,O,I
Sport in society: Issues and controversies,B,title,I
 (,O,O,I
6th,B,issue,I
 ed.). ,O,O,I
"Boston, MA",B,other,I
: ,O,O,I
McGraw Hill,B,publisher,I
".
",O,O,I
Coakley,B,author,B
", ",I,author,I
J.,I,author,I
 (,O,O,I
2011,B,year,I
). ,O,O,I
Youth sports: What counts as “positive development?”,B,title,I
 ,O,O,I
Journal of Sport and Social Issues,B,source,I
", ",O,O,I
35,B,volume,I
(,O,O,I
3,B,issue,I
"), ",O,O,I
306,B,fpage,I
-,O,O,I
324,B,lpage,I
".
",O,O,I
Coalter,B,author,B
", ",I,author,I
F.,I,author,I
 (,O,O,I
2007,B,year,I
). ,O,O,I
Sport a wider social role: Who’s keeping the score?,B,title,I
 ,O,O,I
London,B,other,I
: ,O,O,I
Routledge,B,publisher,I
".
",O,O,I
Coalter,B,author,B
", ",I,author,I
F.,I,author,I
 (,O,O,I
2013,B,year,I
a). ,O,O,I
Sport for development: What game are we playing?,B,title,I
 ,O,O,I
London,B,other,I
: ,O,O,I
Routledge,B,publisher,I
".
",O,O,I
Coalter,B,author,B
", ",I,author,I
F.,I,author,I
 (,O,O,I
2013,B,year,I
b). ,O,O,I
“There is loads of relationships here”: Developing a programme theory for sportfor-change programmes,B,title,I
. ,O,O,I
International Review for the Sociology of Sport,B,source,I
", ",O,O,I
48,B,volume,I
(,O,O,I
5,B,issue,I
"), ",O,O,I
594,B,fpage,I
-,O,O,I
612,B,lpage,I
".
",O,O,I
Coalter,B,author,B
", ",I,author,I
F.,I,author,I
 (,O,O,I
2013,B,year,I
c). ,O,O,I
Game plan and the spirit level: The class ceiling and the limits of sports policy?,B,title,I
 ,O,O,I
International Journal of Sport Policy,B,source,I
", ",O,O,I
5,B,volume,I
(,O,O,I
1,B,issue,I
"), ",O,O,I
13,B,fpage,I
-,O,O,I
19,B,lpage,I
".
",O,O,I
Crabbe,B,author,B
", ",I,author,I
T.,I,author,I
 (,O,O,I
2008,B,year,I
). ,O,O,I
"Avoiding the numbers game: Social theory, policy and sport’s role in the art of relationship building",B,title,I
. In ,O,O,I
M. Nicholson,B,editor,I
 & ,O,O,I
R. Hoye,B,editor,I
" (Eds.), ",O,O,I
Sport and social capital,B,source,I
. ,O,O,I
London,B,other,I
: ,O,O,I
Elsevier,B,publisher,I
"
",O,O,I
Granger,B,author,B
", ",I,author,I
R. C.,I,author,I
 (,O,O,I
1998,B,year,I
). ,O,O,I
Establishing causality in evaluations of comprehensive community initiatives,B,title,I
. In ,O,O,I
K. Fulbright-Anderson,B,editor,I
", ",O,O,I
A. C. Kubisch,B,editor,I
", & ",O,O,I
J. P. Connell,B,editor,I
" (Eds.), ",O,O,I
New approaches to community initiatives,B,source,I
", volume ",O,O,I
2,B,volume,I
:,O,O,I
" Theory, measurement and analysis",B,source,I
. ,O,O,I
"Washington, DC",B,other,I
: ,O,O,I
Aspen Institute,B,publisher,I
. Retrieved from ,O,O,I
http://www.aspenroundtable.org/vol2/granger.htm,B,url,I
"
",O,O,I
Hartmann,B,author,B
", ",I,author,I
D.,I,author,I
 (,O,O,I
2003,B,year,I
). ,O,O,I
Theorising sport as social intervention: A view from the grassroots,B,title,I
. ,O,O,I
Quest,B,source,I
", ",O,O,I
55,B,volume,I
", ",O,O,I
118,B,fpage,I
-,O,O,I
140,B,lpage,I
"
",O,O,I
Hartmann,B,author,B
", ",I,author,I
D.,I,author,I
", & ",O,O,I
Kwauk,B,author,I
", ",I,author,I
C.,I,author,I
 (,O,O,I
2011,B,year,I
). ,O,O,I
"Sport and development: An overview, critique and reconstruction",B,title,I
. ,O,O,I
Journal of Sport and Social Issues,B,source,I
", ",O,O,I
35,B,volume,I
(,O,O,I
3,B,issue,I
"), ",O,O,I
284,B,fpage,I
-,O,O,I
305,B,lpage,I
".
",O,O,I
Houlihan,B,author,B
", ",I,author,I
B.,I,author,I
", & ",O,O,I
White,B,author,I
",",I,author,I
 A.,I,author,I
 (,O,O,I
2002,B,year,I
). ,O,O,I
The politics of sports development: Development of sport or development through sport?,B,title,I
 ,O,O,I
London,B,other,I
: ,O,O,I
Routledge,B,publisher,I
".
",O,O,I
Kidd,B,author,B
", ",I,author,I
B.,I,author,I
 (,O,O,I
2008,B,year,I
). ,O,O,I
A new social movement: Sport for development and peace,B,title,I
. ,O,O,I
Sport in Society,B,source,I
", ",O,O,I
11,B,volume,I
(,O,O,I
4,B,issue,I
"), ",O,O,I
370,B,fpage,I
- ,O,O,I
380,B,lpage,I
".
",O,O,I
Kruse,B,author,B
", ",I,author,I
S. E.,I,author,I
 (,O,O,I
2006,B,year,I
). ,O,O,I
Review of kicking AIDS out: Is sport an effective tool in the fight against HIV/AIDS?,B,title,I
 ,O,O,I
"(draft report to NORAD, unpublished)",B,source,I
".
",O,O,I
"Nicholson, M.",B,editor,B
", ",O,O,I
"Hoye, R.",B,editor,I
", & ",O,O,I
"Houlihan, B.",B,editor,I
 (Eds.). (,O,O,I
2011,B,year,I
). ,O,O,I
Participation in sport: International policy perspectives,B,title,I
. ,O,O,I
London,B,other,I
: ,O,O,I
Routledge,B,publisher,I
".
",O,O,I
Pawson,B,author,B
", ",I,author,I
R.,I,author,I
 (,O,O,I
2006,B,year,I
). ,O,O,I
Evidence-based policy: A realist perspective,B,title,I
. ,O,O,I
London,B,other,I
: ,O,O,I
Sage,B,publisher,I
".
",O,O,I
Portes,B,author,B
", ",I,author,I
A.,I,author,I
 (,O,O,I
2000,B,year,I
). ,O,O,I
The hidden abode: Sociology as analysis of the unexpected. 1999 presidential address,B,title,I
. ,O,O,I
American Sociological Review,B,source,I
", ",O,O,I
65,B,volume,I
", ",O,O,I
1,B,fpage,I
-,O,O,I
18,B,lpage,I
".
",O,O,I
President’s Council on Physical Fitness and Sports,B,editor,B
. (,O,O,I
2006,B,year,I
). ,O,O,I
Sports and character development,B,title,I
.,O,O,I
 Research Digest Series,B,source,I
", ",O,O,I
7,B,volume,I
(,O,O,I
1,B,issue,I
"), ",O,O,I
1,B,fpage,I
-,O,O,I
8,B,lpage,I
".
",O,O,I
Tacon,B,author,B
", ",I,author,I
R.,I,author,I
 (,O,O,I
2007,B,year,I
). ,O,O,I
Football and social inclusion: Evaluating social policy,B,title,I
. ,O,O,I
Managing Leisure: An International Journal,B,source,I
", ",O,O,I
12,B,volume,I
(,O,O,I
1,B,issue,I
"), ",O,O,I
1,B,fpage,I
-,O,O,I
23,B,lpage,I
".
",O,O,I
UNICEF,B,editor,B
. (,O,O,I
2006,B,year,I
). ,O,O,I
Monitoring and evaluation for sportbased programming for development: Sport recreation and play (Workshop Report),B,title,I
.,O,O,I
 New York,B,other,I
: ,O,O,I
UNICEF,B,publisher,I
".
",O,O,I
van Bottenburg,B,author,B
",",I,author,I
 M.,I,author,I
", ",O,O,I
Rijnen,B,author,I
", ",I,author,I
B.,I,author,I
", & ",O,O,I
van Sterkenburg,B,author,I
", ",I,author,I
J.,I,author,I
 (,O,O,I
2005,B,year,I
). ,O,O,I
Sports participation in the European Union,B,title,I
. ,O,O,I
Nieuwegein,B,other,I
: ,O,O,I
Arko Sports Media,B,publisher,I
".
",O,O,I
"van Kampen, H.",B,editor,B
 (Ed.). (,O,O,I
2003,B,year,I
). ,O,O,I
A report on the expert meeting “the next step” on sport and development,B,title,I
. ,O,O,I
Amsterdam,B,other,I
: ,O,O,I
NCDO,B,publisher,I
. Retrieved from ,O,O,I
http://www.toolkitsportdevelopment.org/html/res ources/0E/0E00BE53-2C02-46EA-8AC5- A139AC4363DC/Report%20of%20Next%20Step%20 Amsterdam.pdf,B,url,I
"
",O,O,I
Wagner,B,author,B
", ",I,author,I
H. L.,I,author,I
 (,O,O,I
1964,B,year,I
). ,O,O,I
Displacement of scope: A problem of the relationship between small-scale and large-scale sociological theories,B,title,I
. ,O,O,I
The American Journal of Sociology,B,source,I
", ",O,O,I
69,B,volume,I
(,O,O,I
6,B,issue,I
"), ",O,O,I
571,B,fpage,I
-,O,O,I
584,B,lpage,I
".
",O,O,I
Weiss,B,author,B
", ",I,author,I
C. H.,I,author,I
 (,O,O,I
1993,B,year,I
). ,O,O,I
Where politics and evaluation re22 search meet,B,title,I
. ,O,O,I
Evaluation Practice,B,source,I
", ",O,O,I
14,B,volume,I
(,O,O,I
1,B,issue,I
"), ",O,O,I
93,B,fpage,I
-,O,O,I
106,B,lpage,I
".
",O,O,I
Weiss,B,author,B
", ",I,author,I
C. H.,I,author,I
 (,O,O,I
1997,B,year,I
). ,O,O,I
How can theory-based evaluation make greater headway?,B,title,I
 ,O,O,I
Evaluation Review,B,source,I
", ",O,O,I
21,B,volume,I
(,O,O,I
4,B,issue,I
"), ",O,O,I
501,B,fpage,I
-,O,O,I
524,B,lpage,I
".
",O,O,I
Wilkinson,B,author,B
", ",I,author,I
R.,I,author,I
", & ",O,O,I
Pickett,B,author,I
", ",I,author,I
K.,I,author,I
 (,O,O,I
2009,B,year,I
). ,O,O,I
The spirit level: Why equal societies almost always do better,B,title,I
. ,O,O,I
London,B,other,I
: ,O,O,I
Allen Lane,B,publisher,I
".
",O,O,I
