token,tag,label,ref
Amir,B,author,B
", ",I,author,I
Y.,I,author,I
 (,O,O,I
1994,B,year,I
): ,O,O,I
The Contact Hypothesis in Intergroup Relations,B,title,I
. In: ,O,O,I
"Lonner, W. J.",B,editor,I
 / ,O,O,I
"Malpass, R. S.",B,editor,I
 (Hg.): ,O,O,I
Psychology and Culture,B,source,I
. ,O,O,I
Needham Heights,B,other,I
: ,O,O,I
Allyn & Bacon,B,publisher,I
", S. ",O,O,I
231,B,fpage,I
-,O,O,I
237,B,lpage,I
".
",O,O,I
Black,B,author,B
", ",I,author,I
J. S.,I,author,I
 / ,O,O,I
Mendenhall,B,author,I
", ",I,author,I
M. E.,I,author,I
 (,O,O,I
1990,B,year,I
): ,O,O,I
Cross-Cultural Training Effectiveness: A Review and a Theoretical Framework for Future Research,B,title,I
. ,O,O,I
Academy of Management Review,B,source,I
 ,O,O,I
15 ,B,volume,I
(,O,O,I
1,B,issue,I
"), S. ",O,O,I
113,B,fpage,I
-,O,O,I
136,B,lpage,I
".
",O,O,I
"Brislin, R.",B,editor,B
 / ,O,O,I
"Bochner, S.",B,editor,I
 / ,O,O,I
"Lonner, W.",B,editor,I
 (Hg.) (,O,O,I
1975,B,year,I
): ,O,O,I
Cross-Cultural Perspectives on Learning,B,title,I
. ,O,O,I
Beverly Hills,B,other,I
: ,O,O,I
Sage Publications,B,publisher,I
".
",O,O,I
Deller,B,author,B
", ",I,author,I
J.,I,author,I
 (,O,O,I
2000,B,year,I
): ,O,O,I
Interkulturelle Eignungsdiagnostik – Zur Verwendbarkeit von Persönlichkeitsskalen,B,title,I
. ,O,O,I
Waldsteinberg,B,other,I
: ,O,O,I
Heidrun Popp,B,publisher,I
".
",O,O,I
Dinges,B,author,B
", ",I,author,I
N.,I,author,I
 / ,O,O,I
Baldwin,B,author,I
", ",I,author,I
K.,I,author,I
 (,O,O,I
1996,B,year,I
): ,O,O,I
Intercultural Competence: A Research Perspective,B,title,I
. In: ,O,O,I
"Landis, D.",B,editor,I
 / ,O,O,I
"Bhagat, R.",B,editor,I
 (Hg.): ,O,O,I
Handbook of Intercultural Training,B,source,I
. ,O,O,I
Thousand Oaks,B,other,I
: ,O,O,I
Sage Publications,B,publisher,I
", S. ",O,O,I
106,B,fpage,I
-,O,O,I
123,B,lpage,I
".
",O,O,I
Fiedler,B,author,B
", ",I,author,I
F. E.,I,author,I
 / ,O,O,I
Mitchell,B,author,I
", ",I,author,I
T.,I,author,I
 / ,O,O,I
Triandis,B,author,I
", ",I,author,I
H. C.,I,author,I
 (,O,O,I
1971,B,year,I
): ,O,O,I
The Culture Assimilator: An Approach to Cross-Cultural Training,B,title,I
. ,O,O,I
Journal of Applied Psychology,B,source,I
 ,O,O,I
55 ,B,volume,I
(,O,O,I
2,B,issue,I
"), S. ",O,O,I
95,B,fpage,I
–,O,O,I
102,B,lpage,I
".
",O,O,I
Kammhuber,B,author,B
", ",I,author,I
S.,I,author,I
 (,O,O,I
2000,B,year,I
):,O,O,I
Interkulturelles Lernen und Lehren,B,title,I
. ,O,O,I
Wiesbaden,B,other,I
: ,O,O,I
Deutscher Universitätsverlag,B,publisher,I
".
",O,O,I
Kolb,B,author,B
", ",I,author,I
D. A.,I,author,I
 (,O,O,I
1984,B,year,I
): ,O,O,I
Experiental Learning,B,title,I
. ,O,O,I
Englewood Cliffs,B,other,I
: ,O,O,I
Prentice Hall,B,publisher,I
".
",O,O,I
"Kühlmann, T. M.",B,editor,B
 (Hg.) (,O,O,I
1993,B,year,I
): ,O,O,I
Mitarbeiterentsendung ins Ausland,B,title,I
. ,O,O,I
Göttingen,B,other,I
: ,O,O,I
Verlag für Angewandte Psychologie,B,publisher,I
".
",O,O,I
"Landis, D.",B,editor,B
 / ,O,O,I
Bennett J.,B,editor,I
 / ,O,O,I
Bennett M.,B,editor,I
 (Hg.) (,O,O,I
2003,B,year,I
): ,O,O,I
Handbook of Intercultural Training,B,title,I
. ,O,O,I
Thousand Oaks,B,other,I
: ,O,O,I
Sage Publications,B,publisher,I
".
",O,O,I
Stahl,B,author,B
", ",I,author,I
G. K.,I,author,I
 (,O,O,I
1998,B,year,I
): ,O,O,I
Internationaler Einsatz von Führungskräften,B,title,I
. ,O,O,I
München,B,other,I
: ,O,O,I
Oldenbourg,B,publisher,I
".
",O,O,I
"Stroebe, W.",B,editor,B
 / ,O,O,I
"Hewstone, M.",B,editor,I
 / ,O,O,I
"Stephenson, G. M.",B,editor,I
 (Hg.). (,O,O,I
1996,B,year,I
): ,O,O,I
Sozialpsychologie,B,title,I
. ,O,O,I
Berlin,B,other,I
: ,O,O,I
Springer,B,publisher,I
".
",O,O,I
Thomas,B,author,B
",",I,author,I
 A.,I,author,I
 (,O,O,I
1991,B,year,I
): ,O,O,I
Grundriß der Sozialpsychologie. Bd. 1 und 2: Grundlegende Begriffe und Prozesse,B,title,I
. ,O,O,I
Göttingen,B,other,I
: ,O,O,I
Hogrefe,B,publisher,I
".
",O,O,I
"Thomas, A.",B,editor,B
 (Hg.) (,O,O,I
1996,B,year,I
): ,O,O,I
Psychologie interkulturellen Handelns,B,title,I
. ,O,O,I
Göttingen,B,other,I
: ,O,O,I
Hogrefe,B,publisher,I
".
",O,O,I
Thomas,B,author,B
",",I,author,I
 A.,I,author,I
 (,O,O,I
1999,B,year,I
): ,O,O,I
Welche langfristigen Wirkungen haben internationale Schüleraustauschprogramme?,B,title,I
 In: ,O,O,I
Internationaler Jugendaustausch- und Besucherdienst der Bundesrepublik Deutschland e.V.,B,editor,I
 (Hg.): ,O,O,I
Forum Jugendarbeit International – Südosteuropa,B,source,I
. ,O,O,I
Münster,B,other,I
: ,O,O,I
Votum Verlag,B,publisher,I
", S. ",O,O,I
193,B,fpage,I
-,O,O,I
209,B,lpage,I
".
",O,O,I
Thomas,B,author,B
", ",I,author,I
A.,I,author,I
 (,O,O,I
2000,B,year,I
a): ,O,O,I
Forschungen zur Handlungswirksamkeit von Kulturstandards,B,title,I
. ,O,O,I
"Kultur, Handlung, Interpretation – Zeitschrift für Sozial- und Kulturwissenschaften",B,source,I
 ,O,O,I
9 ,B,volume,I
(,O,O,I
2,B,issue,I
"), S. ",O,O,I
231,B,fpage,I
–,O,O,I
279,B,lpage,I
".
",O,O,I
Thomas,B,author,B
", ",I,author,I
A.,I,author,I
 (,O,O,I
2000,B,year,I
b): ,O,O,I
Von der multikulturellen Gesellschaft zur interkulturellen Zusammenarbeit,B,title,I
. In: ,O,O,I
"Regnet, E.",B,editor,I
 / ,O,O,I
"Hoffmann, L. M.",B,editor,I
 (Hg.): ,O,O,I
Personalmanagement in Europa,B,source,I
. ,O,O,I
Göttingen,B,other,I
: ,O,O,I
Hogrefe,B,publisher,I
", S. ",O,O,I
25,B,fpage,I
–,O,O,I
42,B,lpage,I
".
",O,O,I
Thomas,B,author,B
", ",I,author,I
A.,I,author,I
 (,O,O,I
2003,B,year,I
a): ,O,O,I
"Interkulturelle Kompetenz. Grundlagen, Probleme und Konzepte",B,title,I
. ,O,O,I
"Erwägen, Wissen, Ethik (EWE) – Streitforum für Erwägungskultur",B,source,I
 ,O,O,I
14 ,B,volume,I
(,O,O,I
1,B,issue,I
): ,O,O,I
Dritte Diskussionseinheit,B,source,I
", S. ",O,O,I
137,B,fpage,I
-,O,O,I
228,B,lpage,I
".
",O,O,I
Thomas,B,author,B
", ",I,author,I
A.,I,author,I
 (,O,O,I
2003,B,year,I
b): ,O,O,I
Psychologie interkulturellen Lernens und Handelns,B,title,I
. In: ,O,O,I
A. Thomas,B,editor,I
 (Hg.): ,O,O,I
Kulturvergleichende Psychologie,B,source,I
. ,O,O,I
Göttingen:,B,other,I
 ,O,O,I
Hogrefe,B,publisher,I
", S. ",O,O,I
433,B,fpage,I
- ,O,O,I
485,B,lpage,I
".
",O,O,I
Tjitra,B,author,B
", ",I,author,I
H. W.,I,author,I
 (,O,O,I
2000,B,year,I
): ,O,O,I
Analyse von Synergiepotentialen und interkulturellen Problemen in der Zusammenarbeit deutsch-indonesischer Arbeitsgruppen,B,title,I
. ,O,O,I
Wiesbaden,B,other,I
: ,O,O,I
Deutscher Universitäts-Verlag,B,publisher,I
".
",O,O,I
Triandis,B,author,B
", ",I,author,I
H. C.,I,author,I
 (,O,O,I
1984,B,year,I
): ,O,O,I
A Theoretical Framework of the More Efficient Construction of Culture Assimilators,B,title,I
. ,O,O,I
International Journal of Intercultural Relations,B,source,I
 ,O,O,I
8,B,volume,I
(,O,O,I
3,B,issue,I
"), S. ",O,O,I
301,B,fpage,I
–,O,O,I
330,B,lpage,I
".
",O,O,I
"Wierlacher, A.",B,editor,B
 (Hg.) (,O,O,I
1995,B,year,I
): ,O,O,I
Das Fremde und das Eigene. Prolegomena zu einer interkulturellen Germanistik,B,title,I
. ,O,O,I
München,B,other,I
: ,O,O,I
iudicium,B,publisher,I
".
",O,O,I
Wierlacher,B,author,B
", ",I,author,I
A.,I,author,I
 / ,O,O,I
Hudson-Wiedenmann,B,author,I
", ",I,author,I
U.,I,author,I
 (,O,O,I
2000,B,year,I
): ,O,O,I
Interkulturalität,B,title,I
. In: ,O,O,I
"Wierlacher, A.",B,editor,I
 (Hg.): ,O,O,I
Kulturthema Kommunikation: Konzepte – Inhalte – Funktionen,B,source,I
 . ,O,O,I
Möhnesee,B,other,I
: ,O,O,I
Résidence Verlag,B,publisher,I
", S. ",O,O,I
219,B,fpage,I
–,O,O,I
232,B,lpage,I
".
",O,O,I
Zeutschel,B,author,B
", ",I,author,I
U.,I,author,I
 (,O,O,I
1999,B,year,I
): ,O,O,I
Interkulturelle Synergie auf dem Weg: Erkenntnisse aus deutsch-US-amerikanischen Problemlösegruppen,B,title,I
. ,O,O,I
Zeitschrift für Angewandte Psychologie,B,source,I
 ,O,O,I
1999,B,volume,I
(,O,O,I
2,B,issue,I
"), S. ",O,O,I
131,B,fpage,I
–,O,O,I
160,B,lpage,I
.,O,O,I
