token,tag,label,ref
Astin,B,author,B
", ",I,author,I
A.W.,I,author,I
 (,O,O,I
1984,B,year,I
). ,O,O,I
Student Involvement: A developmental theory for higher education,B,title,I
. ,O,O,I
Journal of College Student Personnel,B,source,I
", ",O,O,I
25,B,volume,I
", pp. ",O,O,I
297,B,fpage,I
-,O,O,I
308.,B,lpage,I
"
",O,O,I
Barrows,B,author,B
",",I,author,I
 H. S.,I,author,I
", & ",O,O,I
Tamblyn,B,author,I
", ",I,author,I
R. M.,I,author,I
 (,O,O,I
1980,B,year,I
). ,O,O,I
Problem-based Learning: An Approach to Medical Education,B,title,I
. ,O,O,I
New York,B,other,I
: ,O,O,I
Springer,B,publisher,I
"
",O,O,I
Berk,B,author,B
", ",I,author,I
R.A.,I,author,I
 (,O,O,I
2003,B,year,I
). ,O,O,I
"Professors are from Mars, Students are from Snickers: How to write and deliver humor in the classroom and in professional presentations",B,title,I
. ,O,O,I
"Sterling, V.A.",B,other,I
:,O,O,I
Stylus Publishing,B,publisher,I
"
",O,O,I
Bligh,B,author,B
",",I,author,I
 D.A.,I,author,I
 (,O,O,I
1972,B,year,I
) ,O,O,I
Whats the use of lectures?,B,title,I
 ,O,O,I
"Harmondsworth, Middlesex, England",B,other,I
", ",O,O,I
Penguin Books,B,publisher,I
".
",O,O,I
Bonwell,B,author,B
", ",I,author,I
C.,I,author,I
 & ,O,O,I
J.,B,author,I
 ,I,author,I
Eison,I,author,I
 (,O,O,I
1991,B,year,I
) ,O,O,I
“Active learning: Creating Excitement in the Classroom”,B,title,I
", ",O,O,I
ASHEERIC Higher Education Report,B,source,I
 No. ,O,O,I
1,B,volume,I
", ",O,O,I
Washington D.C.,B,other,I
", ",O,O,I
George Washington University School of Education and Human Development,B,publisher,I
".
",O,O,I
Boud,B,author,B
", ",I,author,I
D.,I,author,I
", ",O,O,I
Cohen,B,author,I
", ",I,author,I
R.,I,author,I
 & ,O,O,I
Sampson,B,author,I
", ",I,author,I
J.,I,author,I
 (,O,O,I
1999,B,year,I
) ,O,O,I
‘Peer Learning and Assessment’,B,title,I
", ",O,O,I
Assessment in Higher Education,B,source,I
", ",O,O,I
24,B,volume,I
", pp. ",O,O,I
413,B,fpage,I
-,O,O,I
26,B,lpage,I
"
",O,O,I
Cashin,B,author,B
", ",I,author,I
W.E.,I,author,I
 (,O,O,I
1985,B,year,I
"), ",O,O,I
Improving Lectures,B,title,I
", ",O,O,I
Idea Paper No 14,B,source,I
", ",O,O,I
"Manhattan, KS",B,other,I
: ,O,O,I
"Centre for Faculty Evaluation and Development, Kansas State University",B,publisher,I
".
",O,O,I
Chickering,B,author,B
", ",I,author,I
A.W.,I,author,I
 and ,O,O,I
Gamson,B,author,I
", ",I,author,I
Z.F.,I,author,I
 (,O,O,I
1987,B,year,I
"), ",O,O,I
Seven Principles for Good Practice,B,title,I
", ",O,O,I
AAHE Bulletin,B,source,I
", ",O,O,I
39,B,volume,I
 (,O,O,I
7,B,issue,I
"), pp. ",O,O,I
3,B,fpage,I
-,O,O,I
7,B,lpage,I
".
",O,O,I
Chilcoat,B,author,B
", ",I,author,I
G. W.,I,author,I
 (,O,O,I
1989,B,year,I
). ,O,O,I
Instructional behaviors for clearer presentations in the classroom,B,title,I
. ,O,O,I
Instructional Science,B,source,I
", ",O,O,I
18,B,volume,I
", pp. ",O,O,I
289,B,fpage,I
-,O,O,I
314,B,lpage,I
. ,O,O,I
Abstract of the research findings downloaded on 10th June 2006,B,other,I
", from ",O,O,I
http://www.active-learning-site.com/sum1.htm,B,url,I
"
",O,O,I
Dale,B,author,B
", ",I,author,I
E.,I,author,I
 (,O,O,I
1969,B,year,I
"),",O,O,I
 Audio-Visual Methods in Teaching,B,title,I
 (,O,O,I
3rd,B,issue,I
" Edition),",O,O,I
" Holt, Rinehart, and Winston",B,publisher,I
".
",O,O,I
Duch,B,author,B
", ",I,author,I
B.,I,author,I
 (,O,O,I
1996,B,year,I
) ,O,O,I
Problems: A Key Factor in PBL,B,title,I
", ",O,O,I
"Center for Teaching Effectiveness. Downloaded on 15th June, 2006, from",B,other,I
", ",O,O,I
http://www.udel.edu/pbl/cte/spr96-phys.html,B,url,I
"
",O,O,I
Fedler,B,author,B
", ",I,author,I
R.M.,I,author,I
", ",O,O,I
Brent,B,author,I
", ",I,author,I
R.,I,author,I
 (,O,O,I
1996,B,year,I
),O,O,I
 Navigating the bumpy road to student-centered instruction,B,title,I
", ",O,O,I
College Teaching,B,source,I
", ",O,O,I
44,B,volume,I
", pp. ",O,O,I
43,B,fpage,I
-,O,O,I
47,B,lpage,I
"
",O,O,I
Finlay,B,author,B
", ",I,author,I
S.J.,I,author,I
", ",O,O,I
Faulkner,B,author,I
", ",I,author,I
G.,I,author,I
 (,O,O,I
2005,B,year,I
) ,O,O,I
Tete a tete: Reading groups and peer learning,B,title,I
", ",O,O,I
Active Learning in Higher Education,B,source,I
", ",O,O,I
6,B,volume,I
(,O,O,I
1,B,issue,I
"), pp. ",O,O,I
32,B,fpage,I
-,O,O,I
35,B,lpage,I
"
",O,O,I
Fleming,B,author,B
", ",I,author,I
N.,I,author,I
 (,O,O,I
2003,B,year,I
"), ",O,O,I
Establishing Rapport: Personal Interaction and learning,B,title,I
", ",O,O,I
Idea Paper,B,source,I
 No. ,O,O,I
39,B,volume,I
", ",O,O,I
"Manhattan, KS",B,other,I
: ,O,O,I
"Centre for Faculty Evaluation and Development, Kansas State University",B,publisher,I
".
",O,O,I
Forrest,B,author,B
", ",I,author,I
S.,I,author,I
",(",O,O,I
2004,B,year,I
) ,O,O,I
Learning and Teaching: The Reciprocal Link,B,title,I
", ",O,O,I
The Journal of Continuing Education in Nursing,B,source,I
", ",O,O,I
35,B,volume,I
(,O,O,I
2,B,issue,I
"), pp. ",O,O,I
74,B,fpage,I
-,O,O,I
79,B,lpage,I
"
",O,O,I
Gardner,B,author,B
", ",I,author,I
Howard,I,author,I
. ,O,O,I
Multiple Intelligences: The Theory in Practice,B,title,I
. ,O,O,I
New York,B,other,I
: ,O,O,I
Basic,B,publisher,I
", ",O,O,I
1993,B,year,I
".
",O,O,I
Huxman,B,author,B
",",O,O,I
 M.,B,author,I
 (,O,O,I
2005,B,year,I
) ,O,O,I
Learning in lectures: Do ‘interactive windows’ help?,B,title,I
", ",O,O,I
Active learning in higher education,B,source,I
", ",O,O,I
6,B,volume,I
(,O,O,I
1,B,issue,I
"), pp. ",O,O,I
17,B,fpage,I
-,O,O,I
31,B,lpage,I
"
",O,O,I
Huanyin,B,author,B
", ",I,author,I
Y.,I,author,I
", (",O,O,I
1993,B,year,I
"), ",O,O,I
Confucius: K’ung Tzu (551-479 BC),B,title,I
", ",O,O,I
Prospects: the quarterly review of comparative education,B,source,I
 (,O,O,I
Paris,B,other,I
", ",O,O,I
UNESCO: International Bureau of Education,B,publisher,I
"), vol. ",O,O,I
XXIII,B,volume,I
", no. ",O,O,I
1/2,B,issue,I
", pp. ",O,O,I
211,B,fpage,I
-,O,O,I
19,B,lpage,I
".
",O,O,I
Johnson,B,author,B
", ",I,author,I
D.W.,I,author,I
", ",O,O,I
Johnson,B,author,I
 R.T.,I,author,I
", & ",O,O,I
Smith,B,author,I
", ",I,author,I
K.,I,author,I
", ",O,O,I
Active Learning: Cooperation in the College Classroom,B,title,I
", ",O,O,I
Interaction Book Company,B,publisher,I
", ",O,O,I
"Edina, MN",B,other,I
", ",O,O,I
1991,B,year,I
".
",O,O,I
Lammers,B,author,B
",",I,author,I
 W.J.,I,author,I
 &,O,O,I
 ,B,author,I
Murphy,I,author,I
", ",I,author,I
J.J.,I,author,I
 (,O,O,I
2002,B,year,I
)’,O,O,I
A Profile of Teaching Techniques Used in the University Classroom,B,title,I
"’, ",O,O,I
Active Learning in Higher Education,B,source,I
", ",O,O,I
3,B,volume,I
", pp. ",O,O,I
54,B,fpage,I
-,O,O,I
67,B,lpage,I
"
",O,O,I
Latane,B,author,B
", ",I,author,I
B.,I,author,I
", ",O,O,I
Williams,B,author,I
",",I,author,I
 K.,I,author,I
", & ",O,O,I
Harkins,B,author,I
", ",I,author,I
S.,I,author,I
", (",O,O,I
1979,B,year,I
) ,O,O,I
Many Hands Make Light The Work: The Causes and Consequences of Social Loafing,B,title,I
", ",O,O,I
JPSP,B,source,I
", ",O,O,I
37,B,volume,I
(,O,O,I
6,B,issue,I
"), pp. ",O,O,I
822,B,fpage,I
-,O,O,I
832,B,lpage,I
".
",O,O,I
Maniar,B,author,B
", ",I,author,I
S.,I,author,I
 (,O,O,I
2004,B,year,I
") , ",O,O,I
Improving Group Performance in Business & Sport: Part I – Social Loafing,B,title,I
", ",O,O,I
Optimal Performance Newsletter,B,source,I
", ",O,O,I
2,B,volume,I
(,O,O,I
2,B,issue,I
")
",O,O,I
McManus,B,author,B
", ",I,author,I
D. A.,I,author,I
 (,O,O,I
1996,B,year,I
"), ",O,O,I
Changing a Course from Lecture Format to Cooperative learning,B,title,I
", ",O,O,I
Paideia: Undergraduate Education at the University of Washington,B,source,I
", ",O,O,I
4,B,volume,I
(,O,O,I
1,B,issue,I
"), pp. ",O,O,I
12,B,fpage,I
-,O,O,I
16,B,lpage,I
"
",O,O,I
Meyers,B,author,B
", ",I,author,I
C.,I,author,I
", & ",O,O,I
Jones,B,author,I
", ",I,author,I
T.B.,I,author,I
 (,O,O,I
1993,B,year,I
). ,O,O,I
Promoting Active learning: Strategies for the college classroom,B,title,I
. ,O,O,I
San Francisco,B,other,I
: ,O,O,I
Jossey-Bass,B,publisher,I
".
",O,O,I
Murray,B,author,B
", ",I,author,I
R.,I,author,I
 & ,O,O,I
Brightman,B,author,I
", ",I,author,I
J.R.,I,author,I
 (,O,O,I
1996,B,year,I
) ‘,O,O,I
Interactive Teaching,B,title,I
"’, ",O,O,I
European Journal of Engineering Education,B,source,I
", ",O,O,I
21,B,volume,I
", pp. ",O,O,I
295,B,fpage,I
-,O,O,I
308,B,lpage,I
"
",O,O,I
Ruhl,B,author,B
", ",I,author,I
K. L.,I,author,I
", ",O,O,I
Hughes,B,author,I
", ",I,author,I
C. A.,I,author,I
", & ",O,O,I
Schloss,B,author,I
", ",I,author,I
P. J.,I,author,I
 (,O,O,I
1987,B,year,I
). ,O,O,I
Using the pause procedure to enhance lecture recall,B,title,I
. ,O,O,I
Teacher Education and Special Education,B,source,I
", ",O,O,I
10,B,volume,I
", pp. ",O,O,I
14,B,fpage,I
-,O,O,I
18,B,lpage,I
. ,O,O,I
"Abstract of the research paper downloaded on 10th June,2006",B,other,I
", from ",O,O,I
http://www.active-learning-site.com/sum1.htm,B,url,I
"
",O,O,I
Russell,B,author,B
. ,I,author,I
I.J.,I,author,I
", ",O,O,I
Hendricson,B,author,I
", ",I,author,I
W.D.,I,author,I
", & ",O,O,I
Herbert,B,author,I
", ",I,author,I
R.J.,I,author,I
 (,O,O,I
1984,B,year,I
). ,O,O,I
Effects of lecture information density on medical student achievement,B,title,I
. ,O,O,I
Journal of Medical Education,B,source,I
", ",O,O,I
59,B,volume,I
", pp. ",O,O,I
881,B,fpage,I
-,O,O,I
889,B,lpage,I
. ,O,O,I
"Abstract of the paper downloaded on 10th June,2006",B,other,I
", from ",O,O,I
http://www.active-learning-site.com/sum1.htm,B,url,I
"
",O,O,I
Sander,B,author,B
",",I,author,I
 P.,I,author,I
", ",O,O,I
Stevenson,B,author,I
", ",I,author,I
K.,I,author,I
", ",O,O,I
King,B,author,I
", ",I,author,I
M.,I,author,I
", & ",O,O,I
Coates,B,author,I
", ",I,author,I
D.,I,author,I
 (,O,O,I
2000,B,year,I
) ‘,O,O,I
University Students: Expectations of Teaching,B,title,I
"’, ",O,O,I
Studies in Higher Education,B,source,I
", ",O,O,I
25,B,volume,I
", pp. ",O,O,I
309,B,fpage,I
-,O,O,I
23,B,lpage,I
"
",O,O,I
Seeler,B,author,B
", ",O,O,I
D. C.,B,author,I
", ",O,O,I
Turnwald,B,author,I
 ,I,author,I
G. H.,I,author,I
", ",O,O,I
Bull,B,author,I
", ",O,O,I
K. S.,B,author,I
 (,O,O,I
1994,B,year,I
) ,O,O,I
From Teaching to Learning: Part III. Lectures and Approaches to Active Learning,B,title,I
", ",O,O,I
Journal of Veterinary Medical Education,B,source,I
", Volume ",O,O,I
21,B,volume,I
", Number ",O,O,I
1,B,issue,I
. (,O,O,I
Spring,B,other,I
). ,O,O,I
"Downloaded on 15th June, 2006",B,other,I
", from ",O,O,I
http://scholar.lib.vt.edu/ejournals/JVME/V21-1/Seeler1.html,B,url,I
"
",O,O,I
Stinson,B,author,B
", ",I,author,I
J.E.,I,author,I
 & ,O,O,I
Milter,B,author,I
", ",I,author,I
R.G.,I,author,I
 (,O,O,I
1996,B,year,I
) ,O,O,I
"Problem-Based Learning in Business Education:Curriculum Design and Implementation Issues, New Directions in Teaching and Learning in Higher Education",B,title,I
", ",O,O,I
Jossey-Bass,B,publisher,I
", ",O,O,I
1996,B,year,I
. ,O,O,I
"Downloaded on 15th June, 2006",B,other,I
", from ",O,O,I
http://www.ouwb.ohiou.edu/stinson/PBL.html,B,url,I
"
",O,O,I
Tiberius,B,author,B
", ",I,author,I
R.G.,I,author,I
 and ,O,O,I
Billson,B,author,I
", ",I,author,I
J.M.,I,author,I
(,O,O,I
1991,B,year,I
).,O,O,I
 The social context of teaching and learning,B,title,I
. In,O,O,I
 R.J. Menges,B,editor,I
 and ,O,O,I
M.Svinicki,B,editor,I
" (Eds.), ",O,O,I
College Teaching: From theory to practice,B,source,I
. ,O,O,I
San Fancisco,B,other,I
: ,O,O,I
Jossey-Bass,B,publisher,I
".
",O,O,I
Wilke,B,author,B
", ",I,author,I
R. Russell,I,author,I
 (,O,O,I
2003,B,year,I
"), ",O,O,I
The Effect of Active Learning on Student Characteristics in a Human Physiology Course for Non-majors,B,title,I
", ",O,O,I
Advances in Physiology Education,B,source,I
", ",O,O,I
27,B,volume,I
", pp. ",O,O,I
207,B,fpage,I
-,O,O,I
223,B,lpage,I
"
",O,O,I
UHM,B,editor,B
 (,O,O,I
2006,B,year,I
),O,O,I
 Writing Matters,B,title,I
", ",O,O,I
Manoa Writing Program,B,source,I
", ",O,O,I
The University of Hawai At Manoa,B,publisher,I
",",O,O,I
" Downloaded on 25th June, 2006",B,other,I
", from ",O,O,I
http://www.mwp.hawaii.edu/resources/wm1.htm,B,url,I
"
",O,O,I
