token,tag,label,ref
Achen,B,author,B
", ",I,author,I
Christopher H.,I,author,I
 ,O,O,I
2005,B,year,I
. “,O,O,I
Two-Step Hierarchical Estimation: Beyond Regression Analysis,B,title,I
.” ,O,O,I
Political Analysis,B,source,I
 ,O,O,I
13,B,volume,I
(,O,O,I
4,B,issue,I
):,O,O,I
447,B,fpage,I
–,O,O,I
56,B,lpage,I
".
",O,O,I
Aigner,B,author,B
", ",I,author,I
Dennis. J.,I,author,I
 and,O,O,I
 Glen G.,B,author,I
 ,I,author,I
Cain,I,author,I
. ,O,O,I
1977,B,year,I
. “,O,O,I
Statistical Theories of Discrimination in Labor Markets,B,title,I
.” ,O,O,I
Industrial and Labor Relations Review,B,source,I
 ,O,O,I
30,B,volume,I
(,O,O,I
2,B,issue,I
):,O,O,I
175,B,fpage,I
–,O,O,I
87,B,lpage,I
".
",O,O,I
Allmendinger,B,author,B
", ",I,author,I
Jutta,I,author,I
. ,O,O,I
1989,B,year,I
. “,O,O,I
Educational systems and labor market outcomes,B,title,I
.” ,O,O,I
European Sociological Review,B,source,I
 ,O,O,I
5,B,volume,I
:,O,O,I
231,B,fpage,I
–,O,O,I
50,B,lpage,I
".
",O,O,I
Barone,B,author,B
", ",I,author,I
Carlo,I,author,I
", and ",O,O,I
Herman G.,B,author,I
 ,I,author,I
Van de Werfhorst,I,author,I
. ,O,O,I
2011,B,year,I
. “,O,O,I
"Education, Cognitive Skills and Earnings in Comparative Perspective",B,title,I
.” ,O,O,I
International Sociology,B,source,I
 ,O,O,I
26,B,volume,I
(,O,O,I
4,B,issue,I
):,O,O,I
483,B,fpage,I
–,O,O,I
502,B,lpage,I
".
",O,O,I
Becker,B,author,B
", ",I,author,I
Gary S.,I,author,I
 ,O,O,I
1964,B,year,I
. ,O,O,I
Human Capital,B,title,I
. ,O,O,I
"New York, NY",B,other,I
: ,O,O,I
Columbia University Press,B,publisher,I
".
",O,O,I
Bills,B,author,B
", ",I,author,I
David B.,I,author,I
 ,O,O,I
2003,B,year,I
. “,O,O,I
"Credentials, Signals, and Screens. Explaining the Relationship between Schooling and Job Assignment",B,title,I
.” ,O,O,I
Review of Educational Research,B,source,I
 ,O,O,I
73,B,volume,I
 (,O,O,I
4,B,issue,I
):,O,O,I
441,B,fpage,I
–,O,O,I
69,B,lpage,I
".
",O,O,I
Bills,B,author,B
", ",I,author,I
David B.,I,author,I
", and ",O,O,I
David K.,B,author,I
 ,I,author,I
Brown,I,author,I
. ,O,O,I
2011,B,year,I
. “,O,O,I
New Directions in Educational Credentialism,B,title,I
.” ,O,O,I
Research in Social Stratification and Mobility,B,source,I
 ,O,O,I
29,B,volume,I
 (,O,O,I
1,B,issue,I
):,O,O,I
1,B,fpage,I
–,O,O,I
4,B,lpage,I
".
",O,O,I
Bol,B,author,B
", ",I,author,I
Thijs,I,author,I
", and ",O,O,I
Herman G.,B,author,I
 ,I,author,I
Van de Werfhorst,I,author,I
. ,O,O,I
2011,B,year,I
. “,O,O,I
Signals and Closure by Degrees: The Education Effect across 15 European Countries,B,title,I
.” ,O,O,I
Research in Social Stratification and Mobility,B,source,I
 ,O,O,I
29,B,volume,I
 (,O,O,I
1,B,issue,I
):,O,O,I
119,B,fpage,I
–,O,O,I
32,B,lpage,I
".
",O,O,I
________. ,O,O,I
2013,B,year,B
. “,O,O,I
Educational Systems and the Trade-Off between Labor Market Allocation and Equality of Educational Opportunity,B,title,I
.” ,O,O,I
Comparative Education Review,B,source,I
 ,O,O,I
57,B,volume,I
 (,O,O,I
2,B,issue,I
):,O,O,I
285,B,fpage,I
– ,O,O,I
308,B,lpage,I
".
",O,O,I
Bowles,B,author,B
", ",I,author,I
Samuel,I,author,I
 and ,O,O,I
Gintis,B,author,I
 ,I,author,I
Herbert,I,author,I
. ,O,O,I
2000,B,year,I
. “,O,O,I
Does schooling raise earnings by making people smarter?,B,title,I
” Pp. ,O,O,I
118,B,fpage,I
–,O,O,I
36,B,lpage,I
 in ,O,O,I
Meritocracy and Economic Inequality,B,source,I
", edited by ",O,O,I
Kenneth Arrow,B,editor,I
", ",O,O,I
Samuel Bowles,B,editor,I
", and ",O,O,I
Steven Durlauf,B,editor,I
. ,O,O,I
"Princeton, NJ",B,other,I
: ,O,O,I
Princeton University Press,B,publisher,I
".
",O,O,I
________. ,O,O,I
2002,B,year,B
. “,O,O,I
Schooling in capitalist America revisited,B,title,I
.” ,O,O,I
Sociology of Education,B,source,I
 ,O,O,I
75,B,volume,I
 (,O,O,I
1,B,issue,I
):,O,O,I
1,B,fpage,I
–,O,O,I
18,B,lpage,I
".
",O,O,I
Bryan,B,author,B
", ",I,author,I
Mark L.,I,author,I
", and ",O,O,I
Stephen P.,B,author,I
 ,I,author,I
Jenkins,I,author,I
. ,O,O,I
2013,B,year,I
. ,O,O,I
Regression Analysis of Country Effects Using Multilevel Data: A Cautionary Tale,B,title,I
. ,O,O,I
Institute for Social and Economic Research,B,publisher,I
. (,O,O,I
https://www.iser.essex.ac.uk/publications/working-papers/iser/2013-14.pdf,B,url,I
", retrieved ",O,O,I
"September 3, 2013",B,other,I
").
",O,O,I
Collins,B,author,B
", ",I,author,I
Randall,I,author,I
. ,O,O,I
1979,B,year,I
. ,O,O,I
The Credential Society,B,title,I
. ,O,O,I
New York,B,other,I
: ,O,O,I
Academic Press,B,publisher,I
".
",O,O,I
Cialdini,B,author,B
", ",I,author,I
Robert B.,I,author,I
 and ,O,O,I
Kenneth D.,B,author,I
 ,I,author,I
Richardson,I,author,I
. ,O,O,I
1980,B,year,I
. “,O,O,I
Two indirect tactics of image management: Basking and blasting,B,title,I
.” ,O,O,I
Journal of Personality and Social Psychology,B,source,I
 ,O,O,I
39,B,volume,I
:,O,O,I
406,B,fpage,I
–,O,O,I
15,B,lpage,I
".
",O,O,I
European Centre for the Development of Vocational Training,B,editor,B
. ,O,O,I
2013,B,year,I
. ,O,O,I
On the way to 2020: Data for vocational education and training policies,B,title,I
. ,O,O,I
Country statistical overviews (Research paper Nr. 31),B,source,I
. ,O,O,I
Luxembourg,B,other,I
: ,O,O,I
Publications Office of the European Union,B,publisher,I
".
",O,O,I
Gamoran,B,author,B
 ,I,author,I
Adam,I,author,I
. ,O,O,I
1986,B,year,I
. “,O,O,I
Instructional and institutional effects of ability grouping,B,title,I
.” ,O,O,I
Sociology of Education,B,source,I
 ,O,O,I
59,B,volume,I
:,O,O,I
185,B,fpage,I
–,O,O,I
98,B,lpage,I
".
",O,O,I
Gebel,B,author,B
", ",I,author,I
Michael,I,author,I
 and ,O,O,I
Johannes,B,author,I
 ,I,author,I
Giesecke,I,author,I
. ,O,O,I
2011,B,year,I
. “,O,O,I
Labor Market Flexibility and Inequality: The Changing Skill-Based Temporary Employment and Unemployment Risks in Europe,B,title,I
.” ,O,O,I
Social Forces,B,source,I
 ,O,O,I
90,B,volume,I
 (,O,O,I
1,B,issue,I
):,O,O,I
17,B,fpage,I
–,O,O,I
39,B,lpage,I
".
",O,O,I
Gesthuizen,B,author,B
", ",I,author,I
Maurice,I,author,I
", ",O,O,I
Heike,B,author,I
 ,I,author,I
Solga,I,author,I
", and ",O,O,I
Ralf,B,author,I
 ,I,author,I
Künster,I,author,I
. ,O,O,I
2011,B,year,I
. “,O,O,I
Context Matters: Economic Marginalization of Low-Educated Workers in Cross-National Perspective,B,title,I
.” ,O,O,I
European Sociological Review,B,source,I
 ,O,O,I
27,B,volume,I
 (,O,O,I
2,B,issue,I
):,O,O,I
264,B,fpage,I
–,O,O,I
80,B,lpage,I
".
",O,O,I
Hall,B,author,B
", ",I,author,I
Peter A.,I,author,I
 and ,O,O,I
David,B,author,I
 ,I,author,I
Soskice,I,author,I
. ,O,O,I
2001,B,year,I
. “,O,O,I
An introduction to varieties of capitalism,B,title,I
.” Pp. ,O,O,I
1,B,fpage,I
–,O,O,I
68,B,lpage,I
 in ,O,O,I
Varieties of capitalism: The institutional foundations of comparative advantage,B,source,I
", edited by ",O,O,I
Peter A. Hall,B,editor,I
 and ,O,O,I
David Soskice,B,editor,I
. ,O,O,I
Oxford,B,other,I
: ,O,O,I
Oxford University Press,B,publisher,I
".
",O,O,I
Hallinan,B,author,B
", ",I,author,I
Maureen T.,I,author,I
 ,O,O,I
1992,B,year,I
. “,O,O,I
The organization of students for instruction in the middle school,B,title,I
.” ,O,O,I
Sociology of Education,B,source,I
 ,O,O,I
65,B,volume,I
:,O,O,I
114,B,fpage,I
–,O,O,I
27,B,lpage,I
".
",O,O,I
Hanushek,B,author,B
", ",I,author,I
Eric A.,I,author,I
", ",O,O,I
Woessmann,B,author,I
", ",I,author,I
Ludger,I,author,I
", and ",O,O,I
Lei,B,author,I
 ,I,author,I
Zhang,I,author,I
. ,O,O,I
2011,B,year,I
. ,O,O,I
"General education, vocational education, and labor-market outcomes over the life-cycle",B,title,I
. ,O,O,I
NBER Working Paper Nr. 17504,B,source,I
. ,O,O,I
"Cambridge, MA",B,other,I
: ,O,O,I
National Bureau of Economic Research,B,publisher,I
".
",O,O,I
Hedström,B,author,B
", ",I,author,I
Peter,I,author,I
 and ,O,O,I
Richard,B,author,I
 ,I,author,I
Swedberg,I,author,I
. ,O,O,I
1996,B,year,I
. “,O,O,I
Social Mechanisms,B,title,I
.” ,O,O,I
Acta Sociologica,B,source,I
 ,O,O,I
39,B,volume,I
 (,O,O,I
3,B,issue,I
):,O,O,I
281,B,fpage,I
–,O,O,I
308,B,lpage,I
".
",O,O,I
Heisig,B,author,B
", ",I,author,I
Jan Paul,I,author,I
. ,O,O,I
2011,B,year,I
. “,O,O,I
Who Does More Housework: Rich or Poor?,B,title,I
” ,O,O,I
American Sociological Review,B,source,I
 ,O,O,I
76,B,volume,I
 (,O,O,I
1,B,issue,I
):,O,O,I
74,B,fpage,I
–,O,O,I
99,B,lpage,I
".
",O,O,I
Kerckhoff,B,author,B
", ",I,author,I
Alan C.,I,author,I
 ,O,O,I
1995,B,year,I
. “,O,O,I
Institutional Arrangements and Stratification Processes in Industrial Societies,B,title,I
.” ,O,O,I
Annual Review of Sociology,B,source,I
 ,O,O,I
15,B,volume,I
:,O,O,I
323,B,fpage,I
–,O,O,I
47,B,lpage,I
".
",O,O,I
Kirsch,B,author,B
", ",I,author,I
Irwin,I,author,I
. ,O,O,I
2001,B,year,I
. ,O,O,I
The International Adult Literacy Survey (IALS): Understanding What Was Measured,B,title,I
. ,O,O,I
"Princeton, NJ",B,other,I
: ,O,O,I
Educational Testing Service,B,publisher,I
. (,O,O,I
www.ets.org/Media/Research/pdf/ RR-01-25-Kirsch.pdf,B,url,I
", retrieved ",O,O,I
"November 25, 2013",B,other,I
").
",O,O,I
Lewis,B,author,B
", ",I,author,I
Jeffrey B.,I,author,I
 and ,O,O,I
Drew A.,B,author,I
 ,I,author,I
Linzer,I,author,I
. ,O,O,I
2005,B,year,I
. “,O,O,I
Estimating Regression Models in Which the Dependent Variable Is Based on Estimates,B,title,I
.” ,O,O,I
Political Analysis,B,source,I
 ,O,O,I
13,B,volume,I
 (,O,O,I
4,B,issue,I
):,O,O,I
345,B,fpage,I
–,O,O,I
64,B,lpage,I
".
",O,O,I
Marsden,B,author,B
", ",I,author,I
David,I,author,I
. ,O,O,I
1990,B,year,I
. “,O,O,I
"Institutions an labour mobility: Occupational and internal labour markets in Britain, France, Italy and West Germany.",B,title,I
” Pp. ,O,O,I
414,B,fpage,I
–,O,O,I
38,B,lpage,I
 in ,O,O,I
Labour relations and economic performance,B,source,I
", edited by ",O,O,I
Renato Brunetta,B,editor,I
 and ,O,O,I
Carlo Dell’Aringa,B,editor,I
. ,O,O,I
"Houndmills, England",B,other,I
: ,O,O,I
Palgrave Macmillan,B,publisher,I
".
",O,O,I
Marsh,B,author,B
", ",I,author,I
Herbert W.,I,author,I
 ,O,O,I
1987,B,year,I
. “,O,O,I
The big-fish-little-pond effect on academic self-concept,B,title,I
.” ,O,O,I
Journal of Educational Psychology,B,source,I
 ,O,O,I
79,B,volume,I
 (,O,O,I
3,B,issue,I
):,O,O,I
280,B,fpage,I
–,O,O,I
95,B,lpage,I
".
",O,O,I
Meyer,B,author,B
", ",I,author,I
John W.,I,author,I
 ,O,O,I
1977,B,year,I
. “,O,O,I
The Effects of Education as an Institution,B,title,I
.” ,O,O,I
American Journal of Sociology,B,source,I
 ,O,O,I
83,B,volume,I
 (,O,O,I
1,B,issue,I
):,O,O,I
55,B,fpage,I
–,O,O,I
77,B,lpage,I
".
",O,O,I
Müller,B,author,B
", ",I,author,I
Walter,I,author,I
. ,O,O,I
1994,B,year,I
. “,O,O,I
The process and consequences of education differentiation: Summary report,B,title,I
.” Pp. ,O,O,I
207,B,fpage,I
–,O,O,I
13,B,lpage,I
 in ,O,O,I
The determinants of transitions in youth. Conference Papers,B,source,I
", edited by ",O,O,I
CEDEFOP (European Centre of the Development of Vocational Training),B,editor,I
. ,O,O,I
Berlin,B,other,I
: ,O,O,I
CEDEFOP,B,publisher,I
".
",O,O,I
OECD (Organization for Economic Co-operation and Development),B,editor,B
. ,O,O,I
2000,B,year,I
. ,O,O,I
From initial education to working life: Making transitions work,B,title,I
. ,O,O,I
Paris,B,other,I
: ,O,O,I
OECD,B,publisher,I
".
",O,O,I
________. ,O,O,I
2004,B,year,B
. ,O,O,I
Learning for Tomorrow's World,B,title,I
. ,O,O,I
Paris,B,other,I
: ,O,O,I
OECD,B,publisher,I
".
",O,O,I
________. ,O,O,I
2005,B,year,B
. ,O,O,I
School Factors Related to Quality and Equity,B,title,I
. ,O,O,I
Paris,B,other,I
: ,O,O,I
OECD,B,publisher,I
. ________. ,O,O,I
2007,B,year,I
.,O,O,I
 PISA 2006,B,title,I
. Volume ,O,O,I
2,B,volume,I
: ,O,O,I
Data,B,source,I
. ,O,O,I
Paris,B,other,I
: ,O,O,I
OECD,B,publisher,I
".
",O,O,I
________. ,O,O,I
2010,B,year,B
. ,O,O,I
Learning for jobs,B,title,I
. ,O,O,I
Paris,B,other,I
: ,O,O,I
OECD,B,publisher,I
".
",O,O,I
________. ,O,O,I
2011,B,year,B
. ,O,O,I
Education at a Glance,B,title,I
. ,O,O,I
Paris,B,other,I
: ,O,O,I
OECD,B,publisher,I
".
",O,O,I
________. ,O,O,I
2013,B,year,B
. ,O,O,I
OECD Skills Outlook 2013,B,title,I
. ,O,O,I
Paris,B,other,I
: ,O,O,I
OECD,B,publisher,I
".
",O,O,I
Park,B,author,B
", ",I,author,I
Hyunjoon,I,author,I
 and ,O,O,I
Pearl,B,author,I
 ,I,author,I
Kyei,I,author,I
. ,O,O,I
2011,B,year,I
. “,O,O,I
Literacy Gaps by Educational Attainment: A CrossNational Analysis,B,title,I
.” ,O,O,I
Social Forces,B,source,I
 89,B,volume,I
 (,O,O,I
3,B,issue,I
):,O,O,I
879,B,fpage,I
–,O,O,I
904,B,lpage,I
".
",O,O,I
Shavit,B,author,B
", ",I,author,I
Yossit,I,author,I
 and ,O,O,I
Walter,B,author,I
 ,I,author,I
Müller,I,author,I
. ,O,O,I
2000,B,year,I
. “,O,O,I
Vocational Secondary Education: Where Diversion and Where Safety Net?,B,title,I
” ,O,O,I
European Societies,B,source,I
 ,O,O,I
2,B,volume,I
 (,O,O,I
1),B,issue,I
: ,O,O,I
29,B,fpage,I
-,O,O,I
50,B,lpage,I
".
",O,O,I
Snyder,B,author,B
", ",I,author,I
C. R.,I,author,I
", ",O,O,I
Mary Anne,B,author,I
 ,I,author,I
Lassegard,I,author,I
", and ",O,O,I
Carol E.,B,author,I
 ,I,author,I
Ford,I,author,I
. ,O,O,I
1986,B,year,I
. “,O,O,I
Distancing after group success and failure: Basking in reflected glory and cutting off reflected failure.,B,title,I
” ,O,O,I
Journal of Personality and Social Psychology,B,source,I
 ,O,O,I
51,B,volume,I
:,O,O,I
382,B,fpage,I
– ,O,O,I
88,B,lpage,I
".
",O,O,I
Sørenson,B,author,B
", ",I,author,I
Aage B.,I,author,I
 ,O,O,I
2000,B,year,I
. “,O,O,I
Toward a Sounder Basis for Class Analysis,B,title,I
.” ,O,O,I
American Journal of Sociology,B,source,I
 ,O,O,I
105,B,volume,I
 (,O,O,I
6,B,issue,I
):,O,O,I
1523,B,fpage,I
–,O,O,I
58,B,lpage,I
".
",O,O,I
Spence,B,author,B
", ",I,author,I
Michael,I,author,I
. ,O,O,I
1973,B,year,I
. “,O,O,I
Job Market Signaling.,B,title,I
” ,O,O,I
Quarterly Journal of Economics,B,source,I
 ,O,O,I
87,B,volume,I
 (,O,O,I
3,B,issue,I
):,O,O,I
355,B,fpage,I
– ,O,O,I
74,B,lpage,I
".
",O,O,I
Van de Werfhorst,B,author,B
", ",I,author,I
Herman G.,I,author,I
 ,O,O,I
2011,B,year,I
. “,O,O,I
Skill and Education Effects on Earnings in 18 Countries: The Role of National Educational Institutions.,B,title,I
” ,O,O,I
Social Science Research,B,source,I
 ,O,O,I
40,B,volume,I
 (,O,O,I
4,B,issue,I
):,O,O,I
1078,B,fpage,I
– ,O,O,I
90,B,lpage,I
".
",O,O,I
