token,tag,label,ref
George,B,author,B
 ,I,author,I
Ginsburgs,I,author,I
": """,O,O,I
Labor policy and foreign workers: The case of North Korean Gastarbeiter in the Soviet Union,B,title,I
""", in: ",O,O,I
ders,B,other,I
". (Ed.): """,O,O,I
Soviet administrative law: Theory and policy,B,source,I
""", ",O,O,I
Dordrecht,B,other,I
 ,O,O,I
1989,B,year,I
", S. ",O,O,I
406,B,fpage,I
"ff..
",O,O,I
Ginsburgs,B,author,B
 ,O,O,I
1989,B,year,I
", S. ",O,O,I
407,B,fpage,I
 [,O,O,I
s. Anm. 1],B,other,I
".
",O,O,I
Ginsburgs,B,author,B
 ,O,O,I
1989,B,year,I
", S. ",O,O,I
409,B,fpage,I
f. [,O,O,I
s. Anm.,B,other,I
" ].
",O,O,I
"""",O,O,I
Former lumberjacks in Sibiria describe work conditions,B,title,B
""", in: ",O,O,I
Yonhap news agency,B,source,I
", ",O,O,I
14.6.,B,other,I
94,B,year,I
", zit. n. ",O,O,I
SWB FE/2023 D/6,B,source,I
", ",O,O,I
16.6.,B,other,I
94,B,year,I
".
",O,O,I
"""",O,O,I
Exodus from North Korea,B,title,B
""", in: ",O,O,I
Vantage Point,B,source,I
", ",O,O,I
17,B,volume,I
(,O,O,I
April,B,other,I
 ,O,O,I
1994,B,year,I
),O,O,I
4,B,issue,I
", S. ",O,O,I
22,B,fpage,I
-,O,O,I
26,B,lpage,I
".
",O,O,I
Ivan,B,author,B
 ,I,author,I
Šomov,I,author,I
: ,O,O,I
"""Moskva i Pchen'jan podpisali očerednoe soglašenie po lesorazrabotkam"" [Moskau und Pjšngjang unterzeichnen Folgeabkommen Ÿber Holzeinschlag]",B,title,I
", in: ",O,O,I
Segodnja,B,source,I
", ",O,O,I
17.3.,B,other,I
1995,B,year,I
", S.",O,O,I
3,B,fpage,I
".
",O,O,I
Aleksandr,B,author,B
 ,I,author,I
Platkovskij,I,author,I
: ,O,O,I
"""Specslužby KNDR ochotjatsja za beglymi lesorubami"" [Sonderdienst der KVDR jagt flŸchtige HolzfŠller]",B,title,I
", in: ",O,O,I
Izvestija,B,source,I
", ",O,O,I
4.3.,B,other,I
1994,B,year,I
", S. ",O,O,I
2,B,fpage,I
".
",O,O,I
Valerij,B,author,B
 ,I,author,I
Golovin,I,author,I
: ,O,O,I
"""Rubili korejcy les v Rossii ..."" [So fŠllen Koreaner in Ru§land Holz ...]",B,title,I
", in: ",O,O,I
Rossijskie vesti,B,source,I
", No. ",O,O,I
193,B,issue,I
", ",O,O,I
6.10.,B,other,I
1993,B,year,I
", ",O,O,I
Delo,B,other,I
", S. ",O,O,I
II,B,fpage,I
".
",O,O,I
KCNA news agency,B,source,B
", ",O,O,I
28.2.,B,other,I
1994,B,year,I
", zit. n.",O,O,I
 SWB FE/1934 D/2-3,B,source,I
", ",O,O,I
1.3.,B,other,I
1994,B,year,I
".
",O,O,I
"""",O,O,I
Lumberjacks interviewed on being 'kidnapped' by South,B,title,B
""", in: ",O,O,I
KCNA news agency,B,source,I
", ",O,O,I
21.6.,B,other,I
1994,B,year,I
", zit. n.",O,O,I
 SWB FE/2029 D/3-4,B,source,I
", ",O,O,I
23.6.,B,other,I
1994,B,year,I
".
",O,O,I
"""",O,O,I
Seoul lŠ§t geflohene nordkoreanische HolzfŠller nicht ins Land,B,title,B
""", in: ",O,O,I
Yonhap news agency,B,source,I
",",O,O,I
 9.4.,B,other,I
1994,B,year,I
", zit. n. ",O,O,I
DW Monitor-Dienst Asien,B,source,I
", 11.4.1994, S.",O,O,I
2,B,fpage,I
. ,O,O,I
"Genaue Zahlen sind nicht bekannt, es ist von 150 bis 200 die Rede.",B,other,I
"
",O,O,I
"""",O,O,I
Nordkorea hat große Anzahl von Holzfällern heimgeholt,B,title,B
""", in: ",O,O,I
Yonhap news agency,B,source,I
", ",O,O,I
10.5.,B,other,I
94,B,year,I
", zit. n.",O,O,I
 DW Monitor-Dienst Asien,B,source,I
",",O,O,I
 13.5.,B,other,I
1994,B,year,I
", S. ",O,O,I
5,B,fpage,I
. ,O,O,I
Danach wurde die Zahl der Arbeiter von 20.000 auf 7.000 bis 8.000 reduziert,B,other,I
".
",O,O,I
Šomov,B,source,B
 ,O,O,I
1995,B,year,I
 [s. Anm. ]. Vgl. auch ,O,O,I
Aleksandr,B,author,I
 ,I,author,I
Čudodeev,I,author,I
: ,O,O,I
"""Import lesorubov iz KNDR budet prodolžen"" [Import von Holzfällern aus der KDVR wird fortgesetzt]",B,title,I
", in: ",O,O,I
Segodnja,B,source,I
", ",O,O,I
27.5.,B,other,I
1994,B,year,I
", S. ",O,O,I
4,B,fpage,I
".
",O,O,I
Ginsburgs,B,source,B
 ,O,O,I
1989,B,year,I
", S. ",O,O,I
407,B,fpage,I
 [,O,O,I
s. Anm.,B,other,I
" ].
",O,O,I
Russia TV,B,source,B
", ",O,O,I
12.1.,B,other,I
1994,B,year,I
", zit. n.",O,O,I
 SWB FE/1900 D/2,B,source,I
", ",O,O,I
20.1.,B,other,I
1994,B,year,I
"
",O,O,I
Čudodeev,B,source,B
 ,O,O,I
1994,B,year,I
 [,O,O,I
s. Anm. 13,B,other,I
"].
",O,O,I
Šomov,B,source,B
 ,O,O,I
1995,B,year,I
 ,O,O,I
[s. Anm. 6,B,other,I
"].
",O,O,I
Russia TV,B,source,B
", ",O,O,I
12.1.,B,other,I
1994,B,year,I
", zit. n. ",O,O,I
SWB FE/1900 D/2,B,source,I
", ",O,O,I
20.1.,B,other,I
1994,B,year,I
