token,tag,label,ref
Bernardi,B,author,B
", ",I,author,I
Laura,I,author,I
", ",O,O,I
Keim,B,author,I
", ",I,author,I
Sylvia,I,author,I
", ",O,O,I
Klärner,B,author,I
", ",I,author,I
Andreas,I,author,I
 ,O,O,I
2014,B,year,I
: ,O,O,I
"Social Networks, Social Influence, and Fertility in Germany: Challenges and Benefits of Applying a Parallel Mixed Methods Research Design",B,title,I
. In ,O,O,I
Betina Hollstein,B,editor,I
 & ,O,O,I
Silvia Dominguez,B,editor,I
" (eds.), ",O,O,I
MixedMethods in Studying Social Networks,B,source,I
. ,O,O,I
Cambridge (UK),B,source,I
: ,O,O,I
Cambridge University Press,B,publisher,I
", ",O,O,I
121,B,fpage,I
-,O,O,I
152,B,lpage,I
".
",O,O,I
Bernardi,B,author,B
", ",I,author,I
Laura,I,author,I
", ",O,O,I
Keim,B,author,I
", ",I,author,I
Sylvia,I,author,I
", ",O,O,I
Lippe,B,author,I
", ",I,author,I
Holger von der,I,author,I
 ,O,O,I
2007,B,year,I
: ,O,O,I
Social Influences on Fertility: A Comparative Mixed Methods Study in Eastern and Western Germany,B,title,I
. ,O,O,I
Journal of Mixed Methods Research,B,source,I
", ",O,O,I
1,B,volume,I
(,O,O,I
1,B,issue,I
"), ",O,O,I
23,B,fpage,I
–,O,O,I
47,B,lpage,I
. DOI: ,O,O,I
10.1177/2345678906292238,B,identifier,I
".
",O,O,I
Blau,B,author,B
",",I,author,I
 Peter M.,I,author,I
 ,O,O,I
1964,B,year,I
. ,O,O,I
Exchange and power in social life,B,title,I
.,O,O,I
 New York,B,other,I
: ,O,O,I
Wiley,B,publisher,I
".
",O,O,I
Boehnke,B,author,B
", ",I,author,I
Mandy,I,author,I
. ,O,O,I
2009,B,year,I
. ,O,O,I
Gut gebildet = kinderlos? Zu feinen deutsch-deutschen Unterschieden im Umgang mit dem Kinderwunsch,B,title,I
.,O,O,I
" Bios - Zeitschrift für Biographieforschung, Oral History und Lebensverlaufsanalysen",B,source,I
 ,O,O,I
22,B,volume,I
(,O,O,I
1,B,issue,I
): ,O,O,I
12,B,fpage,I
-,O,O,I
31,B,lpage,I
".
",O,O,I
Brandt,B,author,B
", ",I,author,I
Martina,I,author,I
. ,O,O,I
2009,B,year,I
. ,O,O,I
Hilfe zwischen Generationen. Ein europäischer Vergleich,B,title,I
. ,O,O,I
Wiesbaden,B,other,I
: ,O,O,I
VS,B,publisher,I
".
",O,O,I
Diewald,B,author,B
", ",I,author,I
Martin,I,author,I
. ,O,O,I
1991,B,year,I
.,O,O,I
 Soziale Beziehungen: Verlust oder Liberalisierung? Soziale Unterstützung in informellen Netzwerken,B,title,I
. ,O,O,I
Berlin,B,other,I
: ,O,O,I
Ed. Sigma,B,publisher,I
".
",O,O,I
Falk,B,author,B
", ",I,author,I
Susanne,I,author,I
", and ",O,O,I
Hildegard,B,author,I
 ,I,author,I
Schaeper,I,author,I
 .,O,O,I
2001,B,year,I
. ,O,O,I
Erwerbsverläufe von ost- und westdeutschen Müttern im Vergleich. Ein Land - ein Muster?,B,title,I
 In ,O,O,I
Individualisierung und Verflechtung: 32 Geschlecht und Generation im deutschen Lebenslaufregime,B,source,I
", edited by ",O,O,I
Claudia Born,B,editor,I
", and ",O,O,I
Helga Krüger,B,editor,I
. ,O,O,I
Weinheim,B,other,I
: ,O,O,I
Juventa,B,publisher,I
".
",O,O,I
Flick,B,author,B
", ",I,author,I
Uwe,I,author,I
. ,O,O,I
2014,B,year,I
.,O,O,I
 An introduction to qualitative research,B,title,I
. ,O,O,I
London,B,other,I
: ,O,O,I
SAGE,B,publisher,I
".
",O,O,I
Fthenakis,B,author,B
",",I,author,I
 Wassilios E.,I,author,I
", ",O,O,I
Bernhard,B,author,I
 ,I,author,I
Kalicki,I,author,I
", and ",O,O,I
Gabriele,B,author,I
 ,I,author,I
Peitz,I,author,I
", ",O,O,I
Gabriele,B,other,I
. ,O,O,I
2002,B,year,I
: ,O,O,I
Paare werden Eltern. Die Ergebnisse der LBS-Familien-Studie,B,title,I
. ,O,O,I
Opladen,B,other,I
: ,O,O,I
Leske & Budrich,B,publisher,I
".
",O,O,I
Giesecke,B,author,B
", ",I,author,I
Johannes,I,author,I
", and ",O,O,I
Roland,B,author,I
 ,I,author,I
Verwiebe,I,author,I
. ,O,O,I
2010,B,year,I
. ,O,O,I
Erwerbschancen und Arbeitsmarktintegration im wiedervereinigten Deutschland,B,title,I
. In ,O,O,I
Leben in Ost- und Westdeutschland,B,source,I
", edited by ",O,O,I
Peter Krause,B,editor,I
", and ",O,O,I
Ilona Ostner,B,editor,I
. ,O,O,I
Frankfurt am Main,B,other,I
: ,O,O,I
Campus,B,publisher,I
".
",O,O,I
Granovetter,B,author,B
",",I,author,I
 Mark S.,I,author,I
 ,O,O,I
1985,B,year,I
.,O,O,I
 Economic action and social structure: the problem of embeddedness,B,title,I
. ,O,O,I
American Journal of Sociology,B,source,I
 ,O,O,I
91,B,volume,I
(,O,O,I
3,B,issue,I
): ,O,O,I
481,B,fpage,I
-,O,O,I
93,B,lpage,I
".
",O,O,I
Heß,B,author,B
", ",I,author,I
Pamela,I,author,I
. ,O,O,I
2010,B,year,I
. ,O,O,I
Geschlechterkonstruktionen nach der Wende. Auf dem Weg einer gemeinsamen Politischen Kultur?,B,title,I
 ,O,O,I
Wiesbaden,B,other,I
: ,O,O,I
VS,B,publisher,I
".
",O,O,I
Holst,B,author,B
", ",I,author,I
Elke,I,author,I
", and ",O,O,I
Jürgen,B,author,I
 ,I,author,I
Schupp,I,author,I
. ,O,O,I
2001,B,year,I
. ,O,O,I
Employment behaviour among women in Germany,B,title,I
. ,O,O,I
Economic Bulletin,B,source,I
 ,O,O,I
38,B,volume,I
(,O,O,I
11,B,issue,I
): ,O,O,I
377,B,fpage,I
-,O,O,I
84,B,lpage,I
".
",O,O,I
"Huinink, Johannes",B,editor,B
", ",O,O,I
Michaela Kreyenfeld,B,editor,I
", and",O,O,I
 Heike Trappe,B,editor,I
 (eds.) ,O,O,I
2012,B,year,I
. ,O,O,I
Familie und Partnerschaft in Ost- und Westdeutschland. Ähnlich und doch immer noch anders,B,title,I
. ,O,O,I
Opladen,B,other,I
: ,O,O,I
Budrich,B,publisher,I
".
",O,O,I
Huinink,B,author,B
", ",I,author,I
Johannes,I,author,I
", and",O,O,I
 ,B,author,I
Dirk,I,author,I
 ,I,author,I
Konietzka,I,author,I
", ",O,O,I
Dirk,B,other,I
. ,O,O,I
2003,B,year,I
. ,O,O,I
Lebensformen und Familiengründung. Nichteheliche Elternschaft in West- und Ostdeutschland in den 1990er Jahren,B,title,I
. In ,O,O,I
Partnerschaft und Familiengründung: Ergebnisse der dritten Welle des Familien-Survey,B,source,I
", edited by ",O,O,I
Walter Bien,B,editor,I
", and ",O,O,I
Jan H. Marbach,B,editor,I
. ,O,O,I
Opladen,B,other,I
: ,O,O,I
Leske & Budrich,B,publisher,I
".
",O,O,I
Hülser,B,author,B
", ",I,author,I
Oliver,I,author,I
. ,O,O,I
1996,B,year,I
. ,O,O,I
Frauenerwerbstätigkeit im Transformationsprozeß der deutschen Vereinigung. Ein Ost-West-Vergleich zu den Bedingungen der Erwerbstätigkeit von Frauen im geteilten und vereinigten Deutschland,B,title,I
. ,O,O,I
Institut für Arbeitsmarkt- und Berufsforschung,B,publisher,I
", ",O,O,I
Nürnberg,B,other,I
".
",O,O,I
Kahlert,B,author,B
", ",I,author,I
Heike,I,author,I
. ,O,O,I
2007,B,year,I
. ,O,O,I
Die Kinderfrage und der halbierte Wandel in den Geschlechterverhältnissen,B,title,I
. In ,O,O,I
Ein Leben ohne Kinder. Kinderlosigkeit in Deutschland,B,source,I
", edited by ",O,O,I
Dirk Konietzka,B,editor,I
", and ",O,O,I
Michaela Kreyenfeld,B,editor,I
. ,O,O,I
Wiesbaden,B,other,I
: ,O,O,I
VS,B,publisher,I
".
",O,O,I
Kahlert,B,author,B
", ",I,author,I
Heike,I,author,I
. ,O,O,I
2010,B,year,I
. ,O,O,I
Wiedervereinigte Geschlechterverhältnisse?,B,title,I
 ,O,O,I
"querelles-net, Rezensionszeitschrift für Frauen- und Geschlechterforschung",B,source,I
 ,O,O,I
11,B,volume,I
(,O,O,I
3,B,issue,I
"), ",O,O,I
http://www.querelles-net.de/index.php/qn/article/view/894/890,B,url,I
".
",O,O,I
Kohli,B,author,B
", ",I,author,I
Martin,I,author,I
", ",O,O,I
Harald,B,author,I
 ,I,author,I
Künemund,I,author,I
", ",O,O,I
Andreas,B,author,I
 ,I,author,I
Motel,I,author,I
", and",O,O,I
 ,B,author,I
Marc,I,author,I
 ,I,author,I
Szydlik,I,author,I
. ,O,O,I
2001,B,year,I
. ,O,O,I
Families apart?: Intergenerational transfers in East and West Germany,B,title,I
. In ,O,O,I
The myth of generational conflict: Family and the state in ageing societies,B,source,I
", edited by ",O,O,I
Sara Arber,B,editor,I
", and ",O,O,I
Claudine Attias-Donfut,B,editor,I
. ,O,O,I
London,B,other,I
: ,O,O,I
Routledge,B,publisher,I
".
",O,O,I
Kohli,B,author,B
", ",I,author,I
Martin,I,author,I
", and ",O,O,I
Harald,B,author,I
 ,I,author,I
Künemund,I,author,I
. ,O,O,I
2001,B,year,I
. ,O,O,I
"Partizipation und Engagement älterer Menschen. Bestandsaufnahme und Zukunftsperspektiven. In Lebenslagen, soziale Ressourcen und gesellschaftliche Integration im Alter",B,title,I
. ,O,O,I
Expertisen zum Dritten Altenbericht der Bundesregierung,B,source,I
 (,O,O,I
3,B,volume,I
"), edited by ",O,O,I
Deutsches Zentrum für Altersfragen,B,editor,I
. ,O,O,I
Opladen,B,other,I
: ,O,O,I
Leske & Budrich,B,publisher,I
".
",O,O,I
Kolinsky,B,author,B
", ",I,author,I
Eva,I,author,I
. ,O,O,I
2003,B,year,I
. ,O,O,I
Gender and the limits of equality in eastern Germany,B,title,I
. In ,O,O,I
Reinventing gender?: Women in eastern Germany since unification,B,source,I
", edited by ",O,O,I
Eva Kolinsky,B,editor,I
", and ",O,O,I
Hildegard M. Nickel,B,editor,I
. ,O,O,I
London,B,other,I
: ,O,O,I
Frank Cass,B,publisher,I
".
",O,O,I
Konietzka,B,author,B
", ",I,author,I
Dirk,I,author,I
", and ",O,O,I
Michaela,B,author,I
 ,I,author,I
Kreyenfeld,I,author,I
. ,O,O,I
2010,B,year,I
. ,O,O,I
"Familienformen und Lebensbedingungen in Ost und West. Zur sozioökonomischen Lage von Müttern in Deutschland, Frankreich und Russland",B,title,I
. In ,O,O,I
Leben in Ost- und Westdeutschland,B,source,I
", edited by ",O,O,I
Peter Krause,B,editor,I
", and ",O,O,I
Ilona Ostner,B,editor,I
. ,O,O,I
Frankfurt am Main,B,other,I
: ,O,O,I
Campus,B,publisher,I
".
",O,O,I
"Krause, Peter",B,editor,B
", and ",O,O,I
Ilona Ostner,B,editor,I
", eds. ",O,O,I
2010,B,year,I
.,O,O,I
Leben in Ost- und Westdeutschland. Eine sozialwissenschaftliche Bilanz der deutschen Einheit 1990 - 2010,B,title,I
. ,O,O,I
Frankfurt am Main,B,other,I
: ,O,O,I
Campus,B,publisher,I
".
",O,O,I
Kreyenfeld,B,author,B
", ",I,author,I
Michaela,I,author,I
", and ",O,O,I
Esther,B,author,I
 ,I,author,I
Geisler,I,author,I
. ,O,O,I
2006,B,year,I
. ,O,O,I
Müttererwerbstätigkeit in Ost- und Westdeutschland: eine Analyse mit den Mikrozensen 1991-2002,B,title,I
. ,O,O,I
Zeitschrift für Familienforschung,B,source,I
 ,O,O,I
18,B,volume,I
(,O,O,I
3,B,issue,I
): ,O,O,I
333,B,fpage,I
-,O,O,I
60,B,lpage,I
".
",O,O,I
Lauterbach,B,author,B
", ",I,author,I
Wolfgang,I,author,I
. ,O,O,I
1995,B,year,I
.,O,O,I
 Die gemeinsame Lebenszeit von Familiengenerationen,B,title,I
. ,O,O,I
Zeitschrift für Soziologie,B,source,I
 ,O,O,I
24,B,volume,I
(,O,O,I
1,B,issue,I
): ,O,O,I
22,B,fpage,I
-,O,O,I
43,B,lpage,I
".
",O,O,I
Lauterbach,B,author,B
", ",I,author,I
Wolfgang,I,author,I
", and ",O,O,I
Thomas,B,author,I
 ,I,author,I
Klein,I,author,I
. ,O,O,I
1997,B,year,I
. ,O,O,I
"Altern im Generationenzusammenhang: Die gemeinsame Lebenszeit von Eltern, Großeltern und Enkeln und Berücksichtigung des Alters bei Familiengründung",B,title,I
. In ,O,O,I
"Generationen-Beziehungen, Austausch und Tradierung",B,source,I
", edited by ",O,O,I
Jürgen Mansel,B,editor,I
", ",O,O,I
Gabriele Rosenthal,B,editor,I
", and ",O,O,I
Andrea Tölke,B,editor,I
. ,O,O,I
Opladen,B,other,I
: ,O,O,I
Leske & Budrich,B,publisher,I
".
",O,O,I
Mahne,B,author,B
", ",I,author,I
Katharina,I,author,I
", and ",O,O,I
Andreas,B,author,I
 ,I,author,I
Motel-Klingebiel,I,author,I
. ,O,O,I
2010,B,year,I
. ,O,O,I
Familiale Generationenbeziehungen,B,title,I
. In ,O,O,I
Altern im Wandel. Befunde des Deutschen Alterssurveys (DEAS),B,source,I
", edited by ",O,O,I
Andreas Motel-Klingebiel,B,editor,I
", ",O,O,I
Susanne Wurm,B,editor,I
", and ",O,O,I
Clemens TeschRömer,B,editor,I
. ,O,O,I
Stuttgart,B,other,I
: ,O,O,I
Kohlhammer,B,publisher,I
".
",O,O,I
Masche,B,author,B
", ",I,author,I
Jan G.,I,author,I
 ,O,O,I
2000,B,year,I
. ,O,O,I
Emotionale Unterstützung zwischen jungen Erwachsenen und ihren Eltern,B,title,I
.,O,O,I
 Zeitschrift für Soziologie der Erziehung und Sozialisation,B,source,I
 ,O,O,I
20,B,volume,I
(,O,O,I
4,B,issue,I
): ,O,O,I
362,B,fpage,I
-,O,O,I
78,B,lpage,I
".
",O,O,I
"Motel-Klingebiel, Andreas",B,editor,B
", ",O,O,I
Susanne Wurm,B,editor,I
", and ",O,O,I
Clemens Tesch-Römer,B,editor,I
", eds. ",O,O,I
2010,B,year,I
. ,O,O,I
Altern im Wandel. Befunde des Deutschen Alterssurveys (DEAS),B,title,I
. ,O,O,I
Stuttgart,B,other,I
: ,O,O,I
Kohlhammer,B,publisher,I
".
",O,O,I
Ostner,B,author,B
", ",I,author,I
Ilona,I,author,I
. ,O,O,I
2006,B,year,I
. ,O,O,I
Paradigmenwechsel in der (west)deutschen Familienpolitik,B,title,I
. In ,O,O,I
Der demographische Wandel: Chancen für die Neuordnung der Geschlechterverhältnisse,B,source,I
", edited by ",O,O,I
Peter A. Berger,B,editor,I
", and ",O,O,I
Heike Kahlert,B,editor,I
.,O,O,I
 Frankfurt am Main,B,other,I
: ,O,O,I
Campus,B,publisher,I
".
",O,O,I
Pfau-Effinger,B,author,B
", ",I,author,I
Birgit,I,author,I
", and ",O,O,I
Birgit,B,author,I
 ,I,author,I
Geissler,I,author,I
. ,O,O,I
2002,B,year,I
. ,O,O,I
Cultural change and family policies in East and West Germany,B,title,I
. In ,O,O,I
Analysing families: Morality and rationality in policy and practice,B,source,I
", edited by ",O,O,I
Alan Carling,B,editor,I
", ",O,O,I
Simon Duncan,B,editor,I
", and ",O,O,I
Rosalind Edwards,B,editor,I
. ,O,O,I
"London, New York",B,other,I
: ,O,O,I
Routledge,B,publisher,I
".
",O,O,I
Pfau-Effinger,B,author,B
", ",I,author,I
Birgit,I,author,I
", and ",O,O,I
Maike,B,author,I
 ,I,author,I
Smidt,I,author,I
. ,O,O,I
2011,B,year,I
. ,O,O,I
Differences in women’s employment patterns and family policies: Eastern and western Germany,B,title,I
. ,O,O,I
"Community, Work & Family",B,source,I
 ,O,O,I
14,B,volume,I
(,O,O,I
2,B,issue,I
): ,O,O,I
217,B,fpage,I
-,O,O,I
32,B,lpage,I
".
",O,O,I
Rosenfeld,B,author,B
", ",I,author,I
Rachel A.,I,author,I
", ",O,O,I
Heike,B,author,I
 ,I,author,I
Trappe,I,author,I
", and ",O,O,I
Janet C.,B,author,I
 ,I,author,I
Gornick,I,author,I
. ,O,O,I
2004,B,year,I
. ,O,O,I
Gender and work in Germany. Before and after re-unification,B,title,I
. ,O,O,I
Annual Review of Sociology,B,source,I
 ,O,O,I
30,B,volume,I
: ,O,O,I
103,B,fpage,I
-,O,O,I
24,B,lpage,I
".
",O,O,I
Rudd,B,author,B
", ",I,author,I
Elizabeth C.,I,author,I
 ,O,O,I
2000,B,year,I
. ,O,O,I
Reconceptualizing gender in postsocialist transformation,B,title,I
. ,O,O,I
Gender & Society,B,source,I
 ,O,O,I
14,B,volume,I
(,O,O,I
4,B,issue,I
): ,O,O,I
517,B,fpage,I
-,O,O,I
39,B,lpage,I
".
",O,O,I
Rüling,B,author,B
", ",I,author,I
Anneli,I,author,I
. ,O,O,I
2007,B,year,I
. ,O,O,I
Jenseits der Traditionalisierungsfallen. Wie Eltern sich Familien- und Erwerbsarbeit teilen,B,title,I
. ,O,O,I
Frankfurt am Main,B,other,I
: ,O,O,I
Campus,B,publisher,I
".
",O,O,I
Salles,B,author,B
", ",I,author,I
Anne,I,author,I
. ,O,O,I
2006,B,year,I
. ,O,O,I
The effects of family policy in the former GDR on nuptiality and births outside marriage,B,title,I
. ,O,O,I
Population,B,source,I
 ,O,O,I
61,B,volume,I
(,O,O,I
1,B,issue,I
").
",O,O,I
Schmitt,B,author,B
", ",I,author,I
Christian,I,author,I
", and ",O,O,I
Heike,B,author,I
 ,I,author,I
Trappe,I,author,I
. ,O,O,I
2010,B,year,I
. ,O,O,I
Die Bedeutung von Geschlechterarrangements für Partnerschaftsdauer und Ehestabilität in Ost- und Westdeutschland,B,title,I
. In ,O,O,I
Leben in Ost und Westdeutschland,B,source,I
", edited by ",O,O,I
Peter Krause,B,editor,I
", and ",O,O,I
Ilona Ostner,B,editor,I
. ,O,O,I
Frankfurt am Main,B,other,I
: ,O,O,I
Campus,B,publisher,I
".
",O,O,I
Statistisches Bundesamt,B,editor,B
. ,O,O,I
2013,B,year,I
a. ,O,O,I
"Daten zu Geburten, Kinderlosigkeit und Familien",B,title,I
. ,O,O,I
https://www.destatis.de/DE/Publikationen/Thematisch/Bevoelkerung/HaushalteMikroze nsus/GeburtentrendsTabellenband5122203129014.pdf?__blob=publicationFile,B,url,I
"
",O,O,I
Statistisches Bundesamt,B,editor,B
. ,O,O,I
2013,B,year,I
b. ,O,O,I
Kindertagesbetreuung regional 2013,B,title,I
. ,O,O,I
https://www.destatis.de/DE/Publikationen/Thematisch/Soziales/KinderJugendhilfe/Kind ertagesbetreuungRegional5225405137004.pdf?__blob=publicationFile,B,url,I
".
",O,O,I
Statistisches Bundesamt,B,editor,B
. ,O,O,I
2014,B,year,I
. ,O,O,I
Statistiken der Kinder- und Jugendhilfe. Kinder und tätige Personen in Tageseinrichtungen und in öffentlich geförderter Kindertagespflege am 01.03.2014,B,title,I
. ,O,O,I
https://www.destatis.de/DE/Publikationen/Thematisch/Soziales/KinderJugendhilfe/Tage seinrichtungenKindertagespflege.html,B,url,I
".
",O,O,I
Szydlik,B,author,B
", ",I,author,I
Marc,I,author,I
. ,O,O,I
2004,B,year,I
. ,O,O,I
Inheritance and inequality: Theoretical reasoning and empirical evidence,B,title,I
. ,O,O,I
European Sociological Review,B,source,I
 ,O,O,I
20,B,volume,I
(,O,O,I
1,B,issue,I
): ,O,O,I
31,B,fpage,I
-,O,O,I
45,B,lpage,I
".
",O,O,I
Thelen,B,author,B
", ",I,author,I
Tatjana,I,author,I
. ,O,O,I
2005,B,year,I
. ,O,O,I
Caring grandfathers: changes in support between generations in East Germany,B,title,I
. In ,O,O,I
"Generations, kinship and care. Gendered provisions of social security in Central Eastern Europe",B,source,I
", edited by ",O,O,I
Haldis Haukanes,B,editor,I
", and ",O,O,I
Frances Pine,B,editor,I
. ,O,O,I
Bergen,B,other,I
: ,O,O,I
University of Bergen,B,publisher,I
".
",O,O,I
Thelen,B,author,B
", ",I,author,I
Tatjana,I,author,I
", and ",O,O,I
Astrid,B,author,I
 ,I,author,I
Baerwolf,I,author,I
. ,O,O,I
2008,B,year,I
. ,O,O,I
Traditionalisierung in der Flexibilisierung: Familiäre Geschlechterrollen in Ostdeutschland,B,title,I
. In ,O,O,I
Flexibilisierung. Folgen für Arbeit und Familie,B,source,I
", edited by ",O,O,I
Marc Szydlik,B,editor,I
", ",O,O,I
Wiesbaden,B,other,I
: ,O,O,I
VS,B,publisher,I
".
",O,O,I
Trappe,B,author,B
", ",I,author,I
Heike,I,author,I
. ,O,O,I
1995,B,year,I
. ,O,O,I
"Emanzipation oder Zwang? Frauen in der DDR zwischen Beruf, Familie und Sozialpolitik",B,title,I
. ,O,O,I
Berlin,B,other,I
: ,O,O,I
Akademie,B,publisher,I
".
",O,O,I
Trappe,B,author,B
", ",I,author,I
Heike,I,author,I
", and ",O,O,I
Annemette,B,author,I
 ,I,author,I
Sørensen,I,author,I
. ,O,O,I
2006,B,year,I
. ,O,O,I
Economic relations between women and their partners: An East and West German comparison after reunification,B,title,I
. ,O,O,I
Feminist Economics,B,source,I
 ,O,O,I
12,B,volume,I
(,O,O,I
4,B,issue,I
): ,O,O,I
643,B,fpage,I
-,O,O,I
665,B,lpage,I
".
",O,O,I
Uhlendorff,B,author,B
", ",I,author,I
Harald,I,author,I
. ,O,O,I
2003,B,year,I
. ,O,O,I
Family and family orientation in East Germany,B,title,I
. In ,O,O,I
Reinventing gender?: Women in Eastern Germany since unification,B,source,I
", edited by ",O,O,I
Eva Kolinsky,B,editor,I
", and ",O,O,I
Hildegard M. Nickel,B,editor,I
. ,O,O,I
London,B,other,I
: ,O,O,I
Frank Cass,B,publisher,I
. ,O,O,I
Vinken,B,author,I
", ",I,author,I
Barbara,I,author,I
. ,O,O,I
2001,B,year,I
. ,O,O,I
Die deutsche Mutter. Der lange Schatten eines Mythos,B,title,I
. ,O,O,I
München,B,other,I
: ,O,O,I
Piper,B,publisher,I
".
",O,O,I
Wenzel,B,author,B
", ",I,author,I
Stefanie,I,author,I
. ,O,O,I
2010,B,year,I
. ,O,O,I
Konvergenz oder Divergenz? Einstellungen zur Erwerbstätigkeit von Müttern in Ost- und Westdeutschland,B,title,I
. ,O,O,I
Gender,B,source,I
 2,B,volume,I
(,O,O,I
3,B,issue,I
): ,O,O,I
59,B,fpage,I
-,O,O,I
76,B,lpage,I
".
",O,O,I
"Werneck, Harald",B,editor,B
", ",O,O,I
Martina Beham,B,editor,I
", and ",O,O,I
Doris Palz,B,editor,I
", eds. ",O,O,I
2006,B,year,I
. ,O,O,I
Aktive Vaterschaft. Männer zwischen Familie und Beruf,B,title,I
. ,O,O,I
Gießen,B,other,I
: ,O,O,I
Psychosozial,B,publisher,I
".
",O,O,I
Witzel,B,author,B
", ",I,author,I
Andreas,I,author,I
", and ",O,O,I
Herwig,B,author,I
 ,I,author,I
Reiter,I,author,I
. ,O,O,I
2012,B,year,I
: ,O,O,I
The Problem-Centred Interview. Principles and Practice,B,title,I
. ,O,O,I
London,B,other,I
: ,O,O,I
SAGE,B,publisher,I
".
",O,O,I
Yodanis,B,author,B
", ",I,author,I
Carrie,I,author,I
. ,O,O,I
2005,B,year,I
. ,O,O,I
Divorce Culture and Marital Gender Equality: A Cross-National Study,B,title,I
. ,O,O,I
Gender & Society,B,source,I
 ,O,O,I
19,B,volume,I
(,O,O,I
5,B,issue,I
): ,O,O,I
644,B,fpage,I
-,O,O,I
59,B,lpage,I
".
",O,O,I
