token,tag,label,ref
Atanasov,B,author,B
", ",I,author,I
P.,I,author,I
 ,I,author,I
Cvetanova,I,author,I
", ",I,author,I
G.,I,author,I
 ,O,O,I
Indicators of Democratic Awareness,B,title,I
. ,O,O,I
European Quarterly of Political Attitudes and Mentalities EQPAM,B,source,I
 Vol. ,O,O,I
2,B,volume,I
", No. ",O,O,I
3,B,issue,I
", July ",O,O,I
2013,B,year,I
 p. ,O,O,I
27,B,fpage,I
-,O,O,I
39,B,lpage,I
. ,O,O,I
http://nbn-resolving.de/urn:nbn:de:0168-ssoar-350098,B,url,I
"
",O,O,I
Baviskar,B,author,B
", ",I,author,I
S.,I,author,I
 and,O,O,I
 ,B,author,I
Malone,I,author,I
", ",I,author,I
M. F. T.,I,author,I
 ,O,O,I
What Democracy Means to Citizens – and Why It Matters,B,title,I
. ,O,O,I
Revista Europea de Estudios Latinoamericanos y del Caribe,B,source,I
 ,O,O,I
76,B,volume,I
", abril de ",O,O,I
2004,B,year,I
 p. ,O,O,I
3,B,fpage,I
 – ,O,O,I
23,B,lpage,I
"
",O,O,I
Cvetanova,B,author,B
", ",I,author,I
G.,I,author,I
 (,O,O,I
2014,B,year,I
). ,O,O,I
Ethnic Policy in the Republic of Macedonia after the Ohrid Framework Agreement,B,title,I
", in ",O,O,I
The Collection of Scientific Articles Presented at All-Russian Research-to-Practice Conference with International Engagement,B,source,I
 ,O,O,I
"(Kemerovo, 17-18 October 2014)",B,other,I
 p. ,O,O,I
34,B,fpage,I
 -,O,O,I
39,B,lpage,I
. ,O,O,I
https://yadi.sk/mail/?hash=YaqqjXMczx2jj8YSGsn8gR0uYT3/ISD5KYAGhxKXGr0%3D,B,url,I
"
",O,O,I
Cvetanova,B,author,B
", ",I,author,I
G.,I,author,I
 ,I,author,I
Naumovska,I,author,I
", ",I,author,I
B.,I,author,I
 ,O,O,I
"Political Attitudes, Values, and Procedures in the Young Eastern European Democracies. A Case Study on the Attitudes toward Democracy of the Macedonian Students",B,title,I
. ,O,O,I
European Quarterly of Political Attitudes and Mentalities EQPAM,B,source,I
 Vol. ,O,O,I
3,B,volume,I
", No. ",O,O,I
3,B,issue,I
", October 2014 p. ",O,O,I
22,B,fpage,I
-,O,O,I
32,B,lpage,I
. ,O,O,I
https://sites.google.com/a/fspub.unibuc.ro/european-quarterly-of-political-attitudes-and-mentalities/Home/pdf--cvetanova-naumovska,B,url,I
"
",O,O,I
Cvetanova,B,author,B
", ",I,author,I
G.,I,author,I
 (,O,O,I
2007,B,year,I
). ,O,O,I
Културните Разлики и општествената интеграција: Македонија пред и по Рамковниот договор,B,title,I
.,O,O,I
Институт за економски стратегии и меѓународни односи. Охрид.,B,other,I
 ,O,O,I
http://oi.org.mk/upload/Ganka-Cvetanova-Kulturnite-Razliki.pdf,B,url,I
"
",O,O,I
Dalton,B,author,B
",",I,author,I
 R. J.,I,author,I
 ,I,author,I
Shin,I,author,I
", ",I,author,I
D. C,I,author,I
 and ,O,O,I
Jou,B,author,I
",",I,author,I
 W.,I,author,I
 ,O,O,I
"Understanding Democracy: Data from Unlikely Placeю, Journal of Democracy",B,title,I
", Volume ",O,O,I
18,B,volume,I
", Number ",O,O,I
4,B,issue,I
", October ",O,O,I
2007,B,year,I
", pp ",O,O,I
142,B,fpage,I
-,O,O,I
156,B,lpage,I
".
",O,O,I
Damon,B,author,B
", ",I,author,I
W.,I,author,I
 (,O,O,I
2001,B,year,I
),O,O,I
 In Making Good Citizens: Education and Civil Society,B,title,I
 edited by ,O,O,I
"Ravitch, D.",B,editor,I
 and ,O,O,I
"Viteritti, J. P.",B,editor,I
 ,O,O,I
New Haven,B,other,I
: ,O,O,I
Yale UP.Making Good Citizens Yale,B,publisher,I
 ,O,O,I
2001,B,year,I
"
",O,O,I
Јакимовски,B,author,B
",",I,author,I
 Ј.,I,author,I
 ,I,author,I
Серафимовска,I,author,I
", ",I,author,I
Е.,I,author,I
 ,I,author,I
Марковиќ,I,author,I
", ",I,author,I
М.,I,author,I
 ,I,author,I
Топузовска Латвиќ,I,author,I
", ",I,author,I
М.,I,author,I
 ,I,author,I
Забијакин Чатлевска,I,author,I
",",I,author,I
 В.,I,author,I
 ,I,author,I
Бабунски,I,author,I
", ",I,author,I
К.,I,author,I
 (,O,O,I
2014,B,year,I
). ,O,O,I
Младински трендови во Република Македонија (Youth Trends in the Republic of Macedonia),B,title,I
. ,O,O,I
"Institute for Sociological, Political and Juridical Research – Skopje and Agency for Youth and Sport",B,other,I
".
",O,O,I
Linz,B,author,B
", ",I,author,I
J. J.,I,author,I
 and ,O,O,I
Stepan,B,author,I
",",I,author,I
 A.,I,author,I
 (,O,O,I
1996,B,year,I
) ,O,O,I
"Problems of Democratic Transition and Consolidation: Southern Europe, South America, and Post-Communist Europe",B,title,I
. ,O,O,I
The Johns Hopkins University Press,B,publisher,I
", ",O,O,I
Baltimore and London,B,other,I
".
",O,O,I
Longo,B,author,B
", ",I,author,I
N.V.,I,author,I
 and ,O,O,I
Meyer,B,author,I
",",I,author,I
 R. P.,I,author,I
 (,O,O,I
2006,B,year,I
). ,O,O,I
College Students and Politics: A Literature Review,B,title,I
 ,O,O,I
http://files.eric.ed.gov/fulltext/ED494037.pdf,B,url,I
"
",O,O,I
Luescher-Mamashela,B,author,B
", ",I,author,I
T. M.,I,author,I
 (,O,O,I
2001,B,year,I
) ,O,O,I
The University in Africa and Democratic Citizenship. Hothouse or Training Ground,B,title,I
. ,O,O,I
Centre for Higher Education Transformation (CHET),B,other,I
".
",O,O,I
Mattes,B,author,B
", ",I,author,I
R.,I,author,I
 ,I,author,I
Davids,I,author,I
", ",I,author,I
Y.D.,I,author,I
 and ,O,O,I
Africa,B,author,I
", ",I,author,I
C.,I,author,I
 (,O,O,I
1999,B,year,I
) ,O,O,I
Views of Democracy in South Africa and the Region: Trends and Comparisons,B,title,I
.,O,O,I
 South African Democracy Barometer,B,source,I
. ,O,O,I
Cape Town,B,other,I
: ,O,O,I
Idasa,B,publisher,I
".
",O,O,I
Nie,B,author,B
",",I,author,I
 N.,I,author,I
 and ,O,O,I
Hillygus,B,author,I
", ",I,author,I
D. S.,I,author,I
 (,O,O,I
2001,B,year,I
). ,O,O,I
In Making Good Citizens: Education and Civil Society,B,title,I
 edited by ,O,O,I
"Ravitch, D.",B,editor,I
 and ,O,O,I
"Viteritti, J. P.",B,editor,I
 New Haven,B,other,I
: ,O,O,I
Yale UP.Making Good Citizens,B,publisher,I
 ,O,O,I
Yale,B,other,I
 ,O,O,I
2001,B,year,I
"
",O,O,I
Ohrid Framework Agreement,B,editor,B
 ,O,O,I
http://www.ucd.ie/ibis/filestore/Ohrid%20Framework%20Agreement.pdf,B,url,I
".
",O,O,I
Topuzovska Latkovic,B,author,B
",",I,author,I
 M.,I,author,I
 ,I,author,I
Borota Popovska,I,author,I
", ",I,author,I
M.,I,author,I
 ,I,author,I
Serafimovska,I,author,I
", ",I,author,I
E.,I,author,I
 ,I,author,I
Cekic,I,author,I
", ",I,author,I
A.,I,author,I
 (,O,O,I
2013,B,year,I
). ,O,O,I
Youth Study Macedonia 2013,B,title,I
", ",O,O,I
"Friedrich-Ebert-Stiftung, Skopje Office",B,publisher,I
 ,O,O,I
www.fes.org.mk http://www.fes.org.mk/pdf/pub-en-13.pdf,B,url,I
"
",O,O,I
Weinrib,B,author,B
", ",I,author,I
J.,I,author,I
 (,O,O,I
2008,B,year,I
). ,O,O,I
Kant on Citizenship and Universal Independence,B,title,I
. ,O,O,I
Australian Journal of Legal Philosophy,B,source,I
 ,O,O,I
33,B,volume,I
(,O,O,I
1,B,issue,I
): ,O,O,I
1,B,fpage,I
– ,O,O,I
25,B,lpage,I
".
",O,O,I
