token,tag,label,ref
Fegert,B,author,B
", ",I,author,I
Jörg M.,I,author,I
; ,O,O,I
Ulrike,B,author,I
 ,I,author,I
Hoffmann,I,author,I
; ,O,O,I
Nina,B,author,I
 ,I,author,I
Spröber,I,author,I
 & ,O,O,I
Hubert,B,author,I
 ,I,author,I
Liebhardt,I,author,I
 (,O,O,I
2013,B,year,I
): „,O,O,I
"Child sexual abuse. Epidemiology, clinical diagnostics, therapy, and prevention",B,title,I
“. In: ,O,O,I
"Bundesgesundheitsblatt, Gesundheitsforschung, Gesundheitsschutz",B,source,I
 ,O,O,I
56,B,volume,I
(,O,O,I
2,B,issue,I
"), ",O,O,I
199,B,fpage,I
–,O,O,I
207,B,lpage,I
".
",O,O,I
Scharmanski,B,author,B
", ",I,author,I
Sara,I,author,I
; ,O,O,I
Katharina,B,author,I
 ,I,author,I
Urbann,I,author,I
", ",O,O,I
Karla,B,author,I
 ,I,author,I
Verlinden,I,author,I
 & ,O,O,I
Pia,B,author,I
 ,I,author,I
Bienstein,I,author,I
 (,O,O,I
2015,B,year,I
): „,O,O,I
Sexueller Missbrauch an Kindern und Jugendlichen mit Hörbehinderung. Teil II: Inhalte und Ergebnisse der SeMB-Fortbildungen für Lehrer/innen an Schulen mit dem Förderschwerpunkt Hören und Kommunikation,B,title,I
“. In: ,O,O,I
Das Zeichen,B,source,I
 ,O,O,I
101,B,volume,I
", ",O,O,I
380,B,fpage,I
–,O,O,I
391,B,lpage,I
".
",O,O,I
Scharmanski,B,author,B
", ",I,author,I
Sara,I,author,I
; ,O,O,I
Karla,B,author,I
 ,I,author,I
Verlinden,I,author,I
; ,O,O,I
Katharina,B,author,I
 ,I,author,I
Urbann,I,author,I
 & ,O,O,I
Pia,B,author,I
 ,I,author,I
Bienstein,I,author,I
 (,O,O,I
2015,B,year,I
): „,O,O,I
Prävention von sexuellem Missbrauch an Kindern und Jugendlichen mit Behinderung. Erste Ergebnisse der bundesweiten SeMB-online-Befragung von Mitarbeiter/innen an Förderschulen,B,title,I
“. In: ,O,O,I
Kinder- und Jugendschutz in Wissenschaft und Praxis,B,source,I
 ,O,O,I
60,B,volume,I
", ",O,O,I
133,B,fpage,I
–,O,O,I
138,B,lpage,I
".
",O,O,I
Unabhängiger Beauftragter für Fragen des sexuellen Kindesmiss - brauchs,B,editor,B
 (,O,O,I
2013,B,year,I
): ,O,O,I
Handbuch Schutzkonzepte sexueller Missbrauch. Befragungen zum Umsetzungsstand der Empfehlungen des Runden Tisches „Sexueller Kindesmissbrauch“ – Bericht mit Praxisbeispielen zum Monitoring 2012–2013,B,title,I
. ,O,O,I
UBSKM,B,publisher,I
: ,O,O,I
Berlin,B,other,I
".
",O,O,I
Urbann,B,author,B
", ",I,author,I
Katharina,I,author,I
; ,O,O,I
Karla,B,author,I
 ,I,author,I
Verlinden,I,author,I
 & ,O,O,I
Pia,B,author,I
 ,I,author,I
Bienstein,I,author,I
 (,O,O,I
2015,B,year,I
): „,O,O,I
Sexueller Missbrauch an Kindern und Jugendlichen mit Hörbehinderung. Teil I: Eine Einführung,B,title,I
“. In: ,O,O,I
Das Zeichen,B,source,I
 ,O,O,I
99,B,volume,I
", ",O,O,I
36,B,fpage,I
–,O,O,I
46,B,lpage,I
".
",O,O,I
