token,tag,label,ref
Sergei,B,author,B
 ,I,author,I
Lunew,I,author,I
: ,O,O,I
Rußlands Politik gegenüber Indien und Südasien,B,title,I
", in: ",O,O,I
Klaus Fritsche,B,editor,I
 (Hrsg.): ,O,O,I
Rußland und die Dritte Welt,B,source,I
",",O,O,I
 Baden-Baden,B,other,I
 1996,B,year,I
", insbesondere S. ",O,O,I
144,B,fpage,I
-,O,O,I
154,B,lpage,I
".
",O,O,I
The Hindu,B,source,B
", ",O,O,I
26.3.,B,other,I
1997,B,year,I
".
",O,O,I
Interfax,B,source,B
",",O,O,I
 12.2.,B,other,I
1997,B,year,I
",",O,O,I
 zit. n.,B,other,I
 ,O,O,I
SWB SU/2843 B/13,B,source,I
", ",O,O,I
14.2.,B,other,I
1997,B,year,I
".
",O,O,I
Interfax,B,source,B
",",O,O,I
 8.10.,B,other,I
1997,B,year,I
", ",O,O,I
zit. n.,B,other,I
 ,O,O,I
FBIS-SOV-97-281,B,source,I
".
",O,O,I
NZZ,B,source,B
", ",O,O,I
24.12.,B,other,I
1997,B,year,I
", S. ",O,O,I
10,B,fpage,I
".
",O,O,I
OMRI Daily Digest,B,source,B
", No. ",O,O,I
44,B,volume,I
", Part ",O,O,I
I,B,issue,I
", ",O,O,I
1. März,B,other,I
 ,O,O,I
1996,B,year,I
".
",O,O,I
Michael R.,B,author,B
 ,I,author,I
Gordon,I,author,I
: ,O,O,I
Russia Selling Atomic Plants to India; U.S. Protest Deal,B,title,I
", in: ",O,O,I
The New York Times,B,source,I
", ",O,O,I
6.2.,B,other,I
1997,B,year,I
; ,O,O,I
Andrei,B,author,I
 ,I,author,I
Waganow,I,author,I
: ,O,O,I
„Rossija postroit AES v Kudamkulame“ (Rußland baut AKW in Kudamkulam),B,title,I
", in: ",O,O,I
Nezavisimaja Gazeta,B,source,I
", ",O,O,I
21.3.,B,other,I
1997,B,year,I
", S. ",O,O,I
4,B,fpage,I
".
",O,O,I
Deutsche Welle Monitor Dienst Asien,B,source,B
", ",O,O,I
9.10,B,other,I
.,O,O,I
1997,B,year,I
", S. ",O,O,I
1,B,fpage,I
". 4
",O,O,I
Deutsche Welle Monitor Dienst Asien,B,source,B
", ",O,O,I
15.1.,B,other,I
1997,B,year,I
", S. ",O,O,I
10,B,fpage,I
".
",O,O,I
SIPRI Yearbook,B,source,B
 ,O,O,I
1997,B,year,I
", S. ",O,O,I
309,B,fpage,I
".
",O,O,I
OMRI Daily Digest,B,source,B
", No. ",O,O,I
60,B,volume,I
", Part ",O,O,I
I,B,issue,I
", ",O,O,I
26.3.,B,other,I
1997,B,year,I
" .
",O,O,I
Vladimir,B,author,B
 ,O,O,I
Radyuhin,B,year,I
: „,O,O,I
Tanks for Pak. Getting Russian Spares,B,title,I
"“, in: ",O,O,I
The Hindu,B,source,I
",",O,O,I
 10.3.,B,other,I
1997,B,year,I
.,O,O,I
