token,tag,label,ref
Cernea ,B,author,B
M.M.,I,author,I
", ",O,O,I
Putting people first: Sociological variables in rural development,B,title,I
",",O,O,I
 World Bank & Oxford University Press,B,publisher,I
",",O,O,I
 Oxford-Washington,B,other,I
", ",O,O,I
1985,B,year,I
", (",O,O,I
1991,B,year,I
").
",O,O,I
Chakrabati ,B,author,B
A.,I,author,I
",",O,O,I
 ,B,author,I
Dhar ,I,author,I
A.,I,author,I
", ",O,O,I
Dislocation and Resettlement in Development: From third world to the world of the third,B,title,I
", ",O,O,I
Routledge,B,publisher,I
",",O,O,I
 Abingdon Oxon,B,other,I
", ",O,O,I
2010,B,year,I
".
",O,O,I
Hansen A.,B,editor,B
", ",O,O,I
Oliver-Smith A,B,editor,I
", (eds.), ",O,O,I
Involuntary Migration and Resettlement: The Problems and Responses of Dislocated People,B,title,I
",",O,O,I
 Westview Press,B,publisher,I
", ",O,O,I
"Boulder, Colorado",B,other,I
", ",O,O,I
1982,B,year,I
".
",O,O,I
Hart ,B,author,B
D.,I,author,I
", ",O,O,I
The Volta River Project: A case study in politics and technology,B,title,I
" , ",O,O,I
Edinburgh University Press,B,publisher,I
", ",O,O,I
Edinburgh,B,other,I
", ",O,O,I
1980,B,year,I
".
",O,O,I
Heggelund ,B,author,B
G.,I,author,I
", ",O,O,I
Environment and resettlement politics in China: The Three Gorges Project,B,title,I
", ",O,O,I
Ashgate Publishing Ltd.,B,publisher,I
", ",O,O,I
London,B,other,I
", ",O,O,I
2004,B,year,I
".
",O,O,I
Holtzman ,B,author,B
S.B.,I,author,I
",",O,O,I
 Living in limbo: Conflict-induced displacement in Europe and Central Asia,B,title,I
", ",O,O,I
World Bank Publications,B,publisher,I
", ",O,O,I
Washington,B,other,I
", ",O,O,I
2004,B,year,I
".
",O,O,I
Mahapatra ,B,author,B
L.K.,I,author,I
", ",O,O,I
"Resettlement, Impoverishment and Reconstruction in India: Development for the Deprived",B,title,I
", ",O,O,I
Vikas Publishing House,B,publisher,I
", ",O,O,I
New Delhi,B,other,I
", ",O,O,I
1999,B,year,I
".
",O,O,I
McDowell ,B,author,B
Ch.,I,author,I
",",O,O,I
 Understanding impoverishment. The consequences of development-induced displacement,B,title,I
", ",O,O,I
Berghahn Books,B,publisher,I
", ",O,O,I
New York,B,other,I
", ",O,O,I
1996,B,year,I
".
",O,O,I
McDowell Ch.,B,editor,B
", ",O,O,I
Morrell G.,B,editor,I
" (ed.), ",O,O,I
Displacement Beyond Conflict. Challenges for the 21st century,B,title,I
", ",O,O,I
Berghahn Books,B,publisher,I
",",O,O,I
 New York,B,other,I
", ",O,O,I
2010,B,year,I
".
",O,O,I
Mehta,B,author,B
 L.,I,author,I
", ",O,O,I
Displaced By Development: Confronting Marginalisation And Gender Injustice,B,title,I
", ",O,O,I
SAGE Publications Ltd,B,publisher,I
", ",O,O,I
New Delhi,B,other,I
", ",O,O,I
2009,B,year,I
".
",O,O,I
Oleschak ,B,author,B
R.,I,author,I
", ",O,O,I
The international law of development-induced displacement,B,title,I
", ",O,O,I
University of St. Gallen,B,publisher,I
", ",O,O,I
St Gallen,B,other,I
", ",O,O,I
2009,B,year,I
".
",O,O,I
Oliver-Smith,B,author,B
 ,I,author,I
A.,I,author,I
", ",O,O,I
Defying Displacement. Grassroots Resistance and the Critique of Development,B,title,I
", ",O,O,I
University of Texas Press,B,publisher,I
", ",O,O,I
Houston,B,other,I
", ",O,O,I
2010,B,year,I
".
",O,O,I
Oliver-Smith,B,author,B
 ,I,author,I
A.,I,author,I
", ",O,O,I
"Displacement, resistance and the critique of development. From the grass-roots to the global",B,title,I
",",O,O,I
" Queen Elizabeth Refugees Centre, Oxford University, Oxford",B,other,I
", ",O,O,I
2002,B,year,I
".
",O,O,I
Penz,B,author,B
 P.,I,author,I
", ",O,O,I
Drydyk,B,author,I
 J.,I,author,I
", ",O,O,I
Bose ,B,author,I
P.S.,I,author,I
", ",O,O,I
"Displacement by Development: Ethics, Rights and Responsibilities",B,title,I
", ",O,O,I
Cambridge University Press,B,publisher,I
", ",O,O,I
Cambridge,B,other,I
", ",O,O,I
2011,B,year,I
".
",O,O,I
Phuong ,B,author,B
C.,I,author,I
",",O,O,I
 The international protection of internally displaced persons,B,title,I
", ",O,O,I
Cambridge University Press,B,publisher,I
", ",O,O,I
Cambridge,B,other,I
", ",O,O,I
2004,B,year,I
".
",O,O,I
Piguet F.,B,editor,B
", ",O,O,I
Pankhurst A.,B,editor,I
" (eds.),",O,O,I
" Moving People in Ethiopia: Development, Displacement & the State (Eastern Africa Series)",B,title,I
", ",O,O,I
James Currey,B,publisher,I
", ",O,O,I
2009,B,year,I
".
",O,O,I
Rahman ,B,author,B
K.N.,I,author,I
", ",O,O,I
Adversities of development: A case study of involuntary resettlement,B,title,I
",",O,O,I
 Academic Press and Publishers,B,publisher,I
", ",O,O,I
2004,B,year,I
".
",O,O,I
Terminski,B,author,B
 B.,I,author,I
", ",O,O,I
Environmentally-Induced Displacement: Theoretical Frameworks and Current Challenges,B,title,I
", ",O,O,I
CEDEM Research Paper,B,source,I
", ",O,O,I
University of Liege,B,publisher,I
", ",O,O,I
Liege,B,other,I
", Septemeber ",O,O,I
2012,B,year,I
".
",O,O,I
Thukral,B,author,B
 E,I,author,I
":, ",O,O,I
"Big Dams, Displaced Peoples: Rivers of Sorrow, Rivers of Joy",B,title,I
", ",O,O,I
Sage Publications,B,publisher,I
", ",O,O,I
New Delhi,B,other,I
", ",O,O,I
1992,B,year,I
".
",O,O,I
Wali,B,author,B
 ,I,author,I
A.,I,author,I
", ",O,O,I
Kilowatts and crisis: Hydroelectric power and social dislocation in eastern Panama,B,title,I
", ",O,O,I
Westview Press,B,publisher,I
", ",O,O,I
Boulder,B,other,I
", ",O,O,I
1989,B,year,I
".
",O,O,I
Weiss,B,author,B
 ,I,author,I
T.G.,I,author,I
", ",O,O,I
Korn,B,author,I
 ,I,author,I
D.A.,I,author,I
", ",O,O,I
Internal displacement: conceptualization and its consequences,B,title,I
", ",O,O,I
Taylor & Francis,B,publisher,I
", ",O,O,I
London-New York,B,other,I
", ",O,O,I
2006,B,year,I
".
",O,O,I
Vandergeest,B,author,B
 ,I,author,I
P.,I,author,I
", ",O,O,I
Bose,B,author,I
 ,I,author,I
P.S.,I,author,I
", ",O,O,I
Idahosa,B,author,I
 ,I,author,I
P,I,author,I
.,I,author,I
", ",O,O,I
"Development's displacements: Ecologies, economies, and cultures at risk",B,title,I
", ",O,O,I
UBC Press,B,publisher,I
", ",O,O,I
Vancouver,B,other,I
", ",O,O,I
2007,B,year,I
".
",O,O,I
Verma,B,author,B
 ,I,author,I
M.K.,I,author,I
", ",O,O,I
"Development, displacement, and resettlement",B,title,I
", ",O,O,I
Rawat Publications,B,publisher,I
", ",O,O,I
New Delhi,B,other,I
", ",O,O,I
2004,B,year,I
".
",O,O,I
Vora,B,author,B
 ,I,author,I
R.,I,author,I
", ",O,O,I
World`s First Anti-Dam Movement: Mulshi Satyagraha 1920-1924,B,title,I
", ",O,O,I
Orient Blackswan,B,publisher,I
", ",O,O,I
New Delhi,B,other,I
", ",O,O,I
2009,B,year,I
".
",O,O,I
