token,tag,label,ref
ACHENBACH,B,author,B
", ",I,author,I
H.,I,author,I
 (,O,O,I
1981,B,year,I
): ,O,O,I
Nationale und regionale Entwicklungsmerkmale des Bevölkerungsprozesses in Italien,B,title,I
. ,O,O,I
Kieler Geographische Schriften,B,source,I
", Band ",O,O,I
54,B,volume,I
".
",O,O,I
BARTALETTI,B,author,B
", ",I,author,I
F.,I,author,I
 (,O,O,I
1996,B,year,I
): ,O,O,I
Le aree metropolitane italiane. Modifiche ai criteri di delimitazione e situazione in base ai dati censuari del 1991,B,title,I
. In: ,O,O,I
Rivista Geografica Italiana,B,source,I
 ,O,O,I
103,B,volume,I
", S. ",O,O,I
155,B,fpage,I
 - ,O,O,I
189,B,lpage,I
".
",O,O,I
BATHELT,B,author,B
", ",I,author,I
H.,I,author,I
 (,O,O,I
1998,B,year,I
): ,O,O,I
Regionales Wachstum in vernetzten Strukturen: Konzeptioneller Überblick und kritische Bewertung des Phänomens „Drittes Italien“,B,title,I
. In: ,O,O,I
Die Erde,B,source,I
 ,O,O,I
129,B,volume,I
", S. ",O,O,I
247,B,fpage,I
 - ,O,O,I
271,B,lpage,I
".
",O,O,I
CAPELLO,B,author,B
", ",I,author,I
R.,I,author,I
 (,O,O,I
2002,B,year,I
): ,O,O,I
Urban rent and urban dynamics: The determinants of urban development in Italy,B,title,I
. In: ,O,O,I
The Annals of Regional Science,B,source,I
 ,O,O,I
36,B,volume,I
", S. ",O,O,I
593,B,fpage,I
 - ,O,O,I
611,B,lpage,I
".
",O,O,I
COSTANZO,B,author,B
", ",I,author,I
S.,I,author,I
 (,O,O,I
1999,B,year,I
): ,O,O,I
Migration aus dem Maghreb nach Italien,B,title,I
. ,O,O,I
Passau,B,other,I
. ,O,O,I
Münchner Geographische Hefte,B,source,I
", ",O,O,I
Heft,B,other,I
 ,O,O,I
80,B,other,I
".
",O,O,I
Eurostat,B,editor,B
. ,O,O,I
Jahrbuch,B,other,I
 ,O,O,I
2002,B,year,I
. ,O,O,I
Der statistische Wegweiser durch Europa. Daten aus den Jahren 1990 - 2000,B,title,I
. ,O,O,I
Luxemburg,B,other,I
".
",O,O,I
HILLMANN,B,author,B
", ",I,author,I
F.,I,author,I
 u. ,O,O,I
T.,B,author,I
 ,I,author,I
KRINGS,I,author,I
 (,O,O,I
1996,B,year,I
): ,O,O,I
Einwanderer aus Entwicklungsländern nach Italien,B,title,I
. In: ,O,O,I
Die Erde,B,source,I
 ,O,O,I
127,B,volume,I
", S. ",O,O,I
127,B,fpage,I
 - ,O,O,I
143,B,lpage,I
".
",O,O,I
HINZ,B,author,B
", ",I,author,I
M.,I,author,I
 (,O,O,I
2001,B,year,I
): ,O,O,I
Italiens Zentralismus und die Kompetenzen seiner Regionen. Eine historisch-politische Perspektive,B,title,I
. In: ,O,O,I
Geographische Rundschau,B,source,I
 ,O,O,I
53/4,B,volume,I
", S. ",O,O,I
10,B,fpage,I
 - ,O,O,I
15,B,lpage,I
".
",O,O,I
ISTAT,B,author,B
 (,O,O,I
2001,B,year,I
): ,O,O,I
Popolazione e movimento anagrafico dei comuni,B,title,I
. Anno ,O,O,I
2000,B,year,I
. ,O,O,I
Roma,B,other,I
".
",O,O,I
ISTAT,B,author,B
 (,O,O,I
2002,B,year,I
a): ,O,O,I
Primi resultati. 14o Censimento generale della popolazione e delle abitazioni,B,title,I
. ,O,O,I
Roma,B,other,I
".
",O,O,I
ISTAT,B,author,B
 (,O,O,I
2002,B,year,I
b): ,O,O,I
L’Italia in cifre,B,title,I
. ,O,O,I
Roma,B,other,I
".
",O,O,I
ISTAT,B,author,B
 (,O,O,I
2002,B,year,I
c): ,O,O,I
Movimento migratorio della popolazione residente. Iscrizioni e cancellazioni anagrafiche,B,title,I
. Anno ,O,O,I
1999,B,year,I
. ,O,O,I
Roma,B,other,I
".
",O,O,I
KING,B,author,B
", ",I,author,I
R.,I,author,I
 (,O,O,I
1992,B,year,I
): ,O,O,I
Italy: from sick man to rich man of Europe,B,title,I
. In: ,O,O,I
Geography,B,source,I
 ,O,O,I
67,B,volume,I
", S. ",O,O,I
221,B,fpage,I
 - ,O,O,I
234,B,lpage,I
".
",O,O,I
LODA,B,author,B
", ",I,author,I
M.,I,author,I
 (,O,O,I
1997,B,year,I
): ,O,O,I
Neue regionale Entwicklungsstrategien für den Mezzogiorno. Von der Cassa per il Mezzogiorno zu den patti territoriali,B,title,I
. In:,O,O,I
 Geographische Zeitschrift,B,source,I
 ,O,O,I
85,B,volume,I
", S. ",O,O,I
174,B,fpage,I
 - ,O,O,I
186,B,lpage,I
".
",O,O,I
LOSI,B,author,B
", ",I,author,I
N.,I,author,I
 (,O,O,I
1996,B,year,I
): ,O,O,I
Italien – vom Auswanderungsland zum Einwanderungsland,B,title,I
. In: ,O,O,I
"FASSMANN, H.",B,editor,I
 u. ,O,O,I
R. MÜNZ,B,editor,I
 (Hrsg.): ,O,O,I
Migration in Europa,B,source,I
. ,O,O,I
Frankfurt a. M./New York,B,other,I
", S. ",O,O,I
119,B,fpage,I
 - ,O,O,I
138,B,lpage,I
".
",O,O,I
MONHEIM,B,author,B
", ",I,author,I
R.,I,author,I
 (,O,O,I
1981,B,year,I
): ,O,O,I
Beobachtungen zur economia sommersa in Italien,B,title,I
. In: ,O,O,I
"PLETSCH, A.",B,editor,I
 u. ,O,O,I
W. DÖPP,B,editor,I
 (Hrsg.): ,O,O,I
Beiträ- ge zur Kulturgeographie der Mittelmeerländer IV,B,source,I
. ,O,O,I
Marburger Geographische Schriften,B,publisher,I
", ",O,O,I
Heft,B,other,I
 ,O,O,I
84,B,other,I
".
",O,O,I
ROTHER,B,author,B
", ",I,author,I
K.,I,author,I
 (,O,O,I
2001,B,year,I
): ,O,O,I
Italien am Beginn des 21. Jahrhunderts,B,title,I
. In: ,O,O,I
Geographische Rundschau,B,source,I
 ,O,O,I
53/4,B,volume,I
", S. ",O,O,I
4 ,B,fpage,I
- ,O,O,I
9,B,lpage,I
".
",O,O,I
ROTHER,B,author,B
", ",I,author,I
K.,I,author,I
 u. ,O,O,I
F.,B,author,I
 ,I,author,I
TICHY,I,author,I
 (,O,O,I
2000,B,year,I
): ,O,O,I
Italien. Wissenschaftliche Länderkunden,B,title,I
. ,O,O,I
Darmstadt,B,other,I
".
",O,O,I
StatBu (Statistisches Bundesamt),B,editor,B
 (,O,O,I
2002,B,year,I
): ,O,O,I
Statistisches Jahrbuch 2002. Für das Ausland,B,title,I
. ,O,O,I
Wiesbaden,B,other,I
".
",O,O,I
TÖMMEL,B,author,B
", ",I,author,I
I.,I,author,I
 (,O,O,I
1999,B,year,I
): ,O,O,I
Italien: Transformation des Staates im Rahmen der EU,B,title,I
. In: ,O,O,I
"KNAPP, L.",B,editor,I
 u. ,O,O,I
I. TÖMMEL,B,editor,I
 (Hrsg.): ,O,O,I
Italien an der Wende zum 21. Jahrhundert: Politik – Wirtschaft – Kultur,B,source,I
. ,O,O,I
Osnabrück,B,other,I
", S. ",O,O,I
33,B,fpage,I
 - ,O,O,I
47,B,lpage,I
".
",O,O,I
WAGNER,B,author,B
", ",I,author,I
H.-G.,I,author,I
 (,O,O,I
1985,B,year,I
): ,O,O,I
Der urbane Verdichtungsraum am Golf von Neapel. Trends und Chancen einer wirtschaftsräumlichen Entwicklung,B,title,I
. In: ,O,O,I
"POPP, H.",B,editor,I
 u. ,O,O,I
F. TICHY,B,editor,I
 (Hrsg.): ,O,O,I
"Möglichkeiten, Grenzen und Schäden der Entwicklung in den Küstenräumen des Mittelmeergebietes",B,source,I
. ,O,O,I
Erlanger Geographische Arbeiten,B,publisher,I
", ",O,O,I
Sonderband,B,other,I
 ,O,O,I
17,B,volume,I
"..
",O,O,I
WAGNER,B,author,B
", ",I,author,I
H.-G.,I,author,I
 (,O,O,I
2001,B,year,I
): ,O,O,I
Mittelmeerraum. Wissenschaftl. Länderkdn,B,title,I
. ,O,O,I
Darmstadt,B,other,I
".
",O,O,I
