token,tag,label,ref
Bellows,B,author,B
", ",I,author,I
John,I,author,I
", und ",O,O,I
Edward,B,author,I
Miguel ,I,author,I
(,O,O,I
2009,B,year,I
"),",O,O,I
War and Local Collective Action in Sierra Leone,B,title,I
", in: ",O,O,I
Journal of Public Economics,B,source,I
", ",O,O,I
93,B,volume,I
", ",O,O,I
11,B,issue,I
", ",O,O,I
1144,B,fpage,I
-,O,O,I
1157,B,lpage,I
".
",O,O,I
Ebertz,B,author,B
", ",I,author,I
Utz,I,author,I
", und ",O,O,I
Marie,B,author,I
Müller ,I,author,I
(,O,O,I
2013,B,year,I
"), ",O,O,I
Legacy of a Resource-Fuelled War: The Role of Generals in Angola’s Mining Sector,B,title,I
", ",O,O,I
Bonn,B,other,I
: ,O,O,I
Bonn International Center for Conversion,B,publisher,I
", ",O,O,I
www.bicc.de/uploads/tx_bicctools/BICC_FOCUS_12.pdf,B,url,I
 (,O,O,I
26. Februar 2014,B,other,I
").
",O,O,I
Englebert,B,author,B
", ",I,author,I
Pierre,I,author,I
(,O,O,I
2003,B,year,I
"), ",O,O,I
"Why Congo Persists: Sovereignty, Globalization and the Violent Reproduction of a Weak State",B,title,I
" , ",O,O,I
QEH Working Paper,B,source,I
", ",O,O,I
95,B,volume,I
", ",O,O,I
www3.qeh.ox.ac. uk/pdf/qehwp/qehwps95.pdf,B,url,I
 (,O,O,I
11. April 2014,B,other,I
").
",O,O,I
Fearon,B,author,B
", ",I,author,I
James D.,I,author,I
 (,O,O,I
2004,B,year,I
"),",O,O,I
Why Do Some Civil Wars Last So Much Longer than Others?,B,title,I
", in: ",O,O,I
Journal of Peace Research,B,source,I
", ",O,O,I
41,B,volume,I
", ",O,O,I
3,B,issue,I
", ",O,O,I
275,B,fpage,I
-,O,O,I
301,B,lpage,I
".
",O,O,I
Kramer,B,author,B
", ",I,author,I
Tom,I,author,I
(,O,O,I
2007,B,year,I
"), ",O,O,I
The United Wa State Party: Narco-Army or Ethnic Nationa - list Party?,B,title,I
", ",O,O,I
Washington,B,other,I
", ",O,O,I
DC,B,other,I
: ,O,O,I
East-West Center Washington,B,publisher,I
".
",O,O,I
Kreutz,B,author,B
", ",I,author,I
Joakim,I,author,I
(,O,O,I
2010,B,year,I
"), ",O,O,I
How and When Armed Conflicts End: Introducing the UCDP Conflict Termination Dataset,B,title,I
", in: ",O,O,I
Journal of Peace Research,B,source,I
", ",O,O,I
47,B,volume,I
", ",O,O,I
2,B,issue,I
", ",O,O,I
243,B,fpage,I
-,O,O,I
250,B,lpage,I
".
",O,O,I
Licklider,B,author,B
", ",O,O,I
Roy,B,author,I
(,O,O,I
1995,B,year,I
"), ",O,O,I
"The Consequences of Negotiated Settlements in Civil Wars, 1945-1993",B,title,I
", in: ",O,O,I
The American Political Science Review,B,source,I
", ",O,O,I
89,B,volume,I
", ",O,O,I
3,B,issue,I
", ",O,O,I
681,B,fpage,I
-,O,O,I
690,B,lpage,I
".
",O,O,I
Lujala,B,author,B
", ",O,O,I
Päivi,B,author,I
(,O,O,I
2010,B,year,I
"), ",O,O,I
The Spoils of Nature: Armed Civil Conflict and Rebel Access to Natural Resources,B,title,I
", in: ",O,O,I
Journal of Peace Research,B,source,I
", ",O,O,I
47,B,volume,I
", ",O,O,I
1,B,issue,I
", ",O,O,I
15,B,fpage,I
-,O,O,I
28,B,lpage,I
".
",O,O,I
Marques,B,author,B
", ",I,author,I
Rafael,I,author,I
(,O,O,I
2011,B,year,I
"), ",O,O,I
Diamantes de Sangue: Corrupção e Tortura em Angola,B,title,I
", ",O,O,I
Lissabon,B,other,I
: ,O,O,I
Tinta da China,B,publisher,I
".
",O,O,I
Ngoie,B,author,B
", ",I,author,I
Germain Tshibambe,I,author,I
", und ",O,O,I
Kenneth,B,author,I
Omeje ,I,author,I
(,O,O,I
2008,B,year,I
"), ",O,O,I
Rentier Politics and LowLevel Conflict in the DRC: The Case of Kasai and Katanga Provinces,B,title,I
", in: ",O,O,I
Kenneth,B,author,I
Omeje,I,author,I
", ",O,O,I
Extractive Economies and Conflicts in the Global South: Multi-Regional Perspectives on Rentier Politics,B,source,I
", ",O,O,I
Hampshire,B,other,I
; ,O,O,I
Burlington,B,other,I
", ",O,O,I
VT,B,other,I
: ,O,O,I
Ashgate,B,publisher,I
", ",O,O,I
135,B,fpage,I
-,O,O,I
148,B,lpage,I
".
",O,O,I
Oo,B,author,B
", ",I,author,I
Zaw,I,author,I
", und ",O,O,I
Win,B,author,I
Min ,I,author,I
(,O,O,I
2007,B,year,I
"), ",O,O,I
Assessing Burma’s Ceasefire Accords,B,title,I
" , ",O,O,I
Washington,B,other,I
", ",O,O,I
DC,B,other,I
: ,O,O,I
East-West Center Washington,B,publisher,I
".
",O,O,I
Roy,B,author,B
", ",I,author,I
Vita,I,author,I
"(im Erscheinen),",O,O,I
Managing Resource-Related Conflict: A Framework of Lootable Resource Management and Post-Conflict Stabilization,B,title,I
", in: ",O,O,I
Journal of Conflict Resolution,B,source,I
".
",O,O,I
Roy,B,author,B
", ",I,author,I
Vita,I,author,I
"(in Begutachtung), ",O,O,I
The Impact of Natural Resource Production on the Risk of Conflict Recurrence,B,title,I
".
",O,O,I
Rustad,B,author,B
", ",I,author,I
Siri A.,I,author,I
", und ",O,O,I
Helga M.,B,author,I
 ,I,author,I
Binningsbø ,I,author,I
(,O,O,I
2012,B,year,I
"),",O,O,I
A Price Worth Fighting for? Natural Resources and Conflict Recurrence,B,title,I
", in: ",O,O,I
Journal of Peace Research,B,source,I
", ",O,O,I
49,B,volume,I
", ",O,O,I
4,B,issue,I
", ",O,O,I
531,B,fpage,I
-,O,O,I
546,B,lpage,I
.,O,O,I
