token,tag,label,ref
BEHR,B,author,B
", ",I,author,I
A.,I,author,I
 (,O,O,I
1994,B,year,I
): ,O,O,I
Konflikte und Defizite zwischen Denkmalpflege und Innenstadtentwicklung,B,title,I
. In: ,O,O,I
Informationen zur Raumentwicklung,B,source,I
", Heft ",O,O,I
3,B,issue,I
", ",O,O,I
S.,B,author,I
 223,B,fpage,I
-,O,O,I
228,B,lpage,I
".
",O,O,I
Bundesforschungsanstalt für Landeskunde und Raumordnung (BfLR),B,editor,B
 (Hrsg.) (,O,O,I
1996,B,year,I
): ,O,O,I
Revitalisierung historischer Stadtkerne in den neuen Bundesländern – städtebaulicher Denkmalschutz,B,title,I
. ,O,O,I
ExWoSt-Informationen zum Forschungsfeld Städtebauliche Erneuerung,B,source,I
 ,O,O,I
10.14,B,volume,I
. ,O,O,I
Bonn,B,other,I
".
",O,O,I
BMBau ,B,editor,B
(Hrsg.) (,O,O,I
1992,B,year,I
): ,O,O,I
Förderprogramm Städtebaulicher Denkmalschutz in den neuen Ländern – Städteporträts,B,title,I
. ,O,O,I
Bonn,B,other,I
".
",O,O,I
CANISIUS,B,author,B
", ",I,author,I
P.,I,author,I
 (,O,O,I
1996,B,year,I
),O,O,I
: Historische Städte als Teil des Weltkulturerbes,B,title,I
. In: ,O,O,I
BMBau,B,source,I
 (,O,O,I
1996,B,year,I
): ,O,O,I
Dokumentation des 5. Quedlinburger Städtebaukongresses – Urbanität und Mobilität,B,source,I
. ,O,O,I
Berlin/Bonn,B,other,I
".
",O,O,I
Deutsches Nationalkomitee für Denkmalschutz,B,editor,B
 (Hrsg.) (,O,O,I
1994,B,year,I
): ,O,O,I
Denkmalpflege als Standort- und Wirtschaftsfaktor,B,title,I
. ,O,O,I
Schriftenreihe des Deutschen Nationalkomitees für Denkmalschutz,B,source,I
", Band ",O,O,I
49,B,volume,I
. ,O,O,I
Bonn,B,other,I
".
",O,O,I
Die Zeit,B,editor,B
 (,O,O,I
1996,B,year,I
): ,O,O,I
"Ruin im Reichtum. Obwohl seit zwei Jahren als Weltkulturerbe anerkannt, verfällt Quedlinburg weiter",B,title,I
. ,O,O,I
"Die Zeit, 15.11.1996",B,source,I
".
",O,O,I
FAKHIM-HASCHEMI,B,author,B
", ",I,author,I
S.,I,author,I
", ",O,O,I
J.,B,author,I
 ,I,author,I
NIPPER,I,author,I
 u. ,O,O,I
M.,B,author,I
 ,I,author,I
NUTZ,I,author,I
 (,O,O,I
1992,B,year,I
): ,O,O,I
Versorgungssituation und Städtekonkurrenz – Ergebnisse einer Projektarbeit im ehemaligen deutsch-deutschen Grenzraum,B,title,I
. In: ,O,O,I
Standort,B,other,I
", Heft ",O,O,I
2,B,issue,I
", S. ",O,O,I
19,B,fpage,I
-,O,O,I
24,B,lpage,I
".
",O,O,I
FARENHOLTZ,B,author,B
", ",I,author,I
C.,I,author,I
 (,O,O,I
1995,B,year,I
): ,O,O,I
Nutzungsmischung und bauliche Gestaltung,B,title,I
. In: ,O,O,I
Informationen zur Raumentwicklung,B,source,I
", Heft ",O,O,I
6/7,B,volume,I
", S. ",O,O,I
435,B,fpage,I
-,O,O,I
442,B,lpage,I
".
",O,O,I
Frankfurter Allgemeine Zeitung,B,editor,B
 (,O,O,I
1995,B,year,I
): ,O,O,I
Unterhalb des Stiftsbergs Fachwerkromantik – Aber dem „Erbe der Menschheit“ droht der Verfall,B,title,I
. ,O,O,I
"FAZ, 6.04.1995",B,source,I
".
",O,O,I
ICOMOS ,B,editor,B
(Hrsg.) (,O,O,I
1994,B,year,I
): ,O,O,I
World Heritage List – Quedlinburg,B,title,I
. ,O,O,I
Bonn,B,other,I
".
",O,O,I
KIESOW,B,author,B
", ",I,author,I
G.,I,author,I
 (,O,O,I
1975,B,year,I
): ,O,O,I
Restaurierung und moderne Nutzung historischer Profanbauten,B,title,I
. In: ,O,O,I
Der Landkreis,B,source,I
", Heft ",O,O,I
8-9,B,issue,I
", S. ",O,O,I
329,B,fpage,I
-,O,O,I
331,B,lpage,I
".
",O,O,I
KIESOW,B,author,B
", ",I,author,I
G.,I,author,I
 (,O,O,I
1989,B,year,I
),O,O,I
: Einführung in die Denkmalpflege,B,title,I
. ,O,O,I
Darmstadt,B,other,I
".
",O,O,I
KOWALKE,B,author,B
", ",I,author,I
H.,I,author,I
 (,O,O,I
1996,B,year,I
): ,O,O,I
Die Rolle der Städte beim wirtschaftlichen Transformationsprozess in Ostdeutschland,B,title,I
. In: ,O,O,I
"STEINECKE, A.",B,editor,I
 (Hrsg.): ,O,O,I
Stadt und Wirtschaftsraum. = Berliner Geographische Studien,B,source,I
", Band ",O,O,I
44,B,volume,I
. ,O,O,I
Berlin,B,other,I
".
",O,O,I
Landesamt für Denkmalpflege SachsenAnhalt,B,editor,B
 (Hrsg.) (,O,O,I
1996,B,year,I
): ,O,O,I
Denkmalschutzgesetz des Landes Sachsen-Anhalt,B,title,I
. ,O,O,I
Halle,B,other,I
".
",O,O,I
LANGHAMMER,B,author,B
", ",I,author,I
R.,I,author,I
 (,O,O,I
1995,B,year,I
),O,O,I
: Stadterneuerung in Quedlinburg,B,title,I
. In: ,O,O,I
BBauBI,B,source,I
", Heft ",O,O,I
10,B,issue,I
", S. ",O,O,I
748,B,fpage,I
-,O,O,I
750,B,lpage,I
".
",O,O,I
NIPPER,B,author,B
",",I,author,I
J.,I,author,I
 u. ,O,O,I
M.,B,author,I
 ,I,author,I
NUTZ,I,author,I
 (,O,O,I
1995,B,year,I
): ,O,O,I
Um-Bruch oder Um-Entwicklung? Veränderungen der Einzelhandelssituation in den Mittelstädten des Harzvorlandes sechs Jahre nach der Wende,B,title,I
. In: ,O,O,I
Europa Regional,B,source,I
 ,O,O,I
3,B,volume,I
", Heft/",O,O,I
1995,B,issue,I
", S. ",O,O,I
15,B,fpage,I
-,O,O,I
24,B,lpage,I
".
",O,O,I
OLLENIK,B,author,B
", ",I,author,I
W.,I,author,I
 (,O,O,I
1995,B,year,I
): ,O,O,I
Denkmalschutz als weicher Standortfaktor,B,title,I
. In: ,O,O,I
Städte- und Gemeinderat,B,source,I
", Heft ",O,O,I
7,B,issue,I
", S. ",O,O,I
239,B,fpage,I
-,O,O,I
244,B,lpage,I
".
",O,O,I
PRESSOUYRE,B,author,B
", ",I,author,I
L.,I,author,I
 (,O,O,I
1996,B,year,I
): ,O,O,I
"The World Heritage Convention, twenty years later",B,title,I
. ,O,O,I
UNESCO,B,source,I
. ,O,O,I
Paris,B,other,I
".
",O,O,I
SACK,B,author,B
", ",I,author,I
M.,I,author,I
 (,O,O,I
1996,B,year,I
),O,O,I
: Bauen in der alten Stadt,B,title,I
. In: ,O,O,I
Die alte Stadt,B,source,I
", Heft ",O,O,I
4,B,issue,I
", S. ",O,O,I
332,B,fpage,I
- ,O,O,I
341,B,lpage,I
".
",O,O,I
SCHAUER,B,author,B
", ",I,author,I
H.,I,author,I
 (,O,O,I
1990,B,year,I
): ,O,O,I
Quedlinburg. Das städtebauliche Denkmal und seine Fachwerkbauten,B,title,I
. ,O,O,I
Berlin,B,other,I
".
",O,O,I
SCHAUER,B,author,B
", ",I,author,I
H.,I,author,I
 (,O,O,I
1998,B,year,I
): ,O,O,I
Viele Hände regen sich für Quedlinburg. Zur Erhaltung einer Fachwerkstadt,B,title,I
. In: ,O,O,I
"Monumente, Sonderausgabe „Tag des offenen Denkmals“",B,source,I
 ,O,O,I
1998,B,year,I
", S. ",O,O,I
23,B,fpage,I
-,O,O,I
25,B,lpage,I
".
",O,O,I
Stadt Quedlinburg,B,editor,B
 (,O,O,I
1991,B,year,I
): ,O,O,I
Örtliche Bauvorschrift über die Gestaltung für die Altstadt Quedlinburg gemäß § 12 und § 13 der Bauordnung vom 20.07.1990,B,title,I
. In: ,O,O,I
"Quedlinburger Zeitung, Amtliches Bekanntmachungsblatt der Stadt Quedlinburg",B,source,I
", ",O,O,I
Extra-Ausgabe,B,other,I
".
",O,O,I
Stadt Quedlinburg,B,editor,B
 (,O,O,I
1992,B,year,I
),O,O,I
: Quedlinburg – Sanierung eines Flächendenkmals,B,title,I
. ,O,O,I
Quedlinburg,B,other,I
".
",O,O,I
Stadt Quedlinburg,B,editor,B
 (,O,O,I
1993,B,year,I
): ,O,O,I
Stadt Quedlinburg. Innenstadtsanierung – Städtebaulicher Rahmenplan Konzept – Nutzung,B,title,I
. ,O,O,I
Bremen,B,other,I
".
",O,O,I
Stadt Quedlinburg,B,editor,B
 (,O,O,I
1996,B,year,I
a): ,O,O,I
Weltkulturerbestadt Quedlinburg. Stadtsanierung Quedlinburg,B,title,I
. ,O,O,I
Quedlinburg,B,other,I
".
",O,O,I
Stadt Quedlinburg – Amt für Wirtschaftsförderung,B,editor,B
 (,O,O,I
1996,B,year,I
b): ,O,O,I
Tourismus-Konzeption der Stadt Quedlinburg,B,title,I
. ,O,O,I
Quedlinburg,B,other,I
".
",O,O,I
UNESCO,B,editor,B
 (Hrsg.) (,O,O,I
1996,B,year,I
a): ,O,O,I
Operational Guidelines for the Implementation of the World Heritage Convention,B,title,I
. ,O,O,I
Paris,B,other,I
".
",O,O,I
UNESCO,B,editor,B
 (Hrsg.) (,O,O,I
1996,B,year,I
b): ,O,O,I
"Convention concerning the protection of the world cultural and natural heritage – adopted by the General Conference at its seventeenth session, 16.11.1972",B,title,I
. ,O,O,I
Paris,B,other,I
".
",O,O,I
UNESCO,B,editor,B
 (Hrsg.)(,O,O,I
1997,B,year,I
): ,O,O,I
Report of the World Heritage Committee Meeting,B,title,I
", ",O,O,I
Naples,B,other,I
 ,O,O,I
1,B,volume,I
 – ,O,O,I
6.12.1997,B,other,I
. ,O,O,I
Paris,B,other,I
".
",O,O,I
VON DROSTE ZU HÜLSHOFF,B,author,B
", ",I,author,I
B.,I,author,I
 (,O,O,I
1995,B,year,I
): ,O,O,I
Weltweiter Schutz des Kultur- und Naturerbes. Die Welterbekonvention der UNESCO von 1972,B,title,I
. In: ,O,O,I
Geographische Rundschau,B,source,I
 ,O,O,I
47,B,volume,I
", Heft ",O,O,I
6,B,issue,I
", S. ",O,O,I
336,B,fpage,I
-,O,O,I
342,B,lpage,I
".
",O,O,I
