token,tag,label,ref
Dillman,B,author,B
",",I,author,I
 D.A.,I,author,I
 (,O,O,I
2000,B,year,I
):,O,O,I
 Mail and Internet Surveys. The Tailored Design Method,B,title,I
. ,O,O,I
2,B,issue,I
. Edition.,O,O,I
 New York,B,other,I
: ,O,O,I
Wiley,B,publisher,I
".
",O,O,I
Harkness,B,author,B
", ",I,author,I
J.,I,author,I
", ",O,O,I
Langfeldt,B,author,I
", ",I,author,I
B.,I,author,I
 and ,O,O,I
Scholz,B,author,I
", ",I,author,I
E.,I,author,I
 (,O,O,I
2001,B,year,I
):,O,O,I
 ISSP Study Monitoring 1996-1998,B,title,I
", ",O,O,I
Reports to the ISSP General Assembly on monitoring work undertaken for the ISSP by ZUMA,B,source,I
", ",O,O,I
"Germany, Mai 2001. (available online with the 1996-1998 codebooks)",B,other,I
"
",O,O,I
Park,B,author,B
",",I,author,I
 A.,I,author,I
 and ,O,O,I
Jowell,B,author,I
", ",I,author,I
R.,I,author,I
 (,O,O,I
1997,B,year,I
):,O,O,I
 Consistencies and differences in a cross-national survey. The International Social Survey Programme (1995),B,title,I
. (,O,O,I
available online with the 1995 codebook,B,other,I
")
",O,O,I
