token,tag,label,ref
BELEC,B,author,B
", ",O,O,I
B.,B,author,I
 (,O,O,I
1992,B,year,I
): ,O,O,I
Denationalisierung und ihre Konsequenzen für die Agrarwirtschaft in Slowenien,B,title,I
. In: ,O,O,I
Arbeitsmaterialien zur Raumordnung und Raumplanung der Universität Bayreuth,B,source,I
", Heft ",O,O,I
108,B,issue,I
", S. ",O,O,I
19,B,fpage,I
-,O,O,I
23,B,lpage,I
".
",O,O,I
Der Fischer Weltalmanach,B,title,B
 ,O,O,I
1992,B,year,I
".
",O,O,I
Die Zwölfergemeinschaft (,B,title,B
1991,B,year,I
): Schlüsselzahlen,B,title,I
. ,O,O,I
Luxemburg,B,other,I
".
",O,O,I
GAMS,B,author,B
", ",I,author,I
I.,I,author,I
 (,O,O,I
1991,B,year,I
): ,O,O,I
The Republic of Slovenia – Geographical Constants of the New CentralEuropean State,B,title,I
. In: ,O,O,I
GeoJournal,B,source,I
 ,O,O,I
24,B,volume,I
", Heft ",O,O,I
4,B,issue,I
".
",O,O,I
HORVAT,B,author,B
", ",I,author,I
F.,I,author,I
 (,O,O,I
1992,B,year,I
): ,O,O,I
Am Kreuzweg von Europa,B,title,I
. In: ,O,O,I
Zentrum für Internationale Zusammenarbeit und Entwicklung: Slowenien Ihr Wirtschaftspartner,B,source,I
. ,O,O,I
Ljubljana,B,other,I
", S. ",O,O,I
7,B,fpage,I
".
",O,O,I
JERAJ,B,author,B
", ",I,author,I
J.,I,author,I
 (,O,O,I
1992,B,year,I
): ,O,O,I
Slowenien – Handelspartner Mitteleuropas,B,title,I
. In: ,O,O,I
Regionale wirtschaftliche Zusammenarbeit in Mitteleuropa,B,source,I
. ,O,O,I
Z-Länderbank Austria AG,B,publisher,I
. ,O,O,I
Wien,B,other,I
".
",O,O,I
JERSIC,B,author,B
", ",I,author,I
M.,I,author,I
 (,O,O,I
1992,B,year,I
): ,O,O,I
The port of Koper,B,title,I
. In: ,O,O,I
Slovenia – Geographic Aspects of a New Independent european Nation,B,source,I
. ,O,O,I
Ljubljana,B,other,I
".
",O,O,I
KlEMENCIC,B,author,B
", ",I,author,I
V.,I,author,I
 (,O,O,I
1992,B,year,I
): ,O,O,I
"Gegenwärtige politische, sozial- und wirtschaftsgeographische Probleme als Ausgangsbasis für die Integration Sloweniens in Europa",B,title,I
. In: ,O,O,I
Arbeitsmaterialien zur Raumordnung und Raumplanung der Universität Bayreuth,B,source,I
", Heft ",O,O,I
108,B,issue,I
", S. ",O,O,I
4,B,fpage,I
-,O,O,I
18,B,lpage,I
".
",O,O,I
MAIER,B,author,B
", ",I,author,I
J.,I,author,I
 (,O,O,I
1992,B,year,I
): ,O,O,I
Slowenien – ein neuer unabhängiger Staat ist entstanden!,B,title,I
 In: ,O,O,I
Arbeitsmaterialien zur Raumordnung und Raumplanung der Univ. Bayreuth,B,source,I
", Heft ",O,O,I
108,B,issue,I
", S. ",O,O,I
1,B,fpage,I
-,O,O,I
4,B,lpage,I
".
",O,O,I
MANSKE,B,author,B
", ",I,author,I
D. J.,I,author,I
 (,O,O,I
1992,B,year,I
): ,O,O,I
Der Krieg im auseinanderbrechenden Jugoslawien – ein Religionskonflikt?,B,title,I
 In: ,O,O,I
Geoökodynamik,B,source,I
", Band ",O,O,I
XIII,B,volume,I
", S. ",O,O,I
173,B,fpage,I
-,O,O,I
195,B,lpage,I
".
",O,O,I
MEIER,B,author,B
",",I,author,I
 V.,I,author,I
 (,O,O,I
1993,B,year,I
): ,O,O,I
Nach der Trennung die Abrechnung,B,title,I
. In: ,O,O,I
Frankfurter Allgemeine Zeitung v,B,source,I
. ,O,O,I
2.03.1993,B,other,I
".
",O,O,I
MERSOL,B,author,B
", ",I,author,I
M.,I,author,I
 (,O,O,I
1988,B,year,I
): ,O,O,I
Willkommen in Slowenien,B,title,I
. ,O,O,I
Kranj,B,other,I
".
",O,O,I
Munzinger-Archiv,B,editor,B
 (,O,O,I
1992,B,year,I
): ,O,O,I
Internationales Handbuch – Länder,B,title,I
 ,O,O,I
aktuell,B,other,I
 ,O,O,I
11/92,B,volume,I
. ,O,O,I
Ravensburg.,B,source,I
"
",O,O,I
PLESSER,B,author,B
", ",I,author,I
W.,I,author,I
 (,O,O,I
1992,B,year,I
): ,O,O,I
Der österreichische Unternehmer und die slowenische Wirtschaft,B,title,I
. ,O,O,I
ZLänderbank Austria AG,B,source,I
. ,O,O,I
Wien,B,other,I
".
",O,O,I
"REHDER, P.",B,editor,B
 (Hg.) (,O,O,I
1992,B,year,I
): ,O,O,I
Das neue Osteuropa von A -Z,B,title,I
".
",O,O,I
Wirtschaftskammer Sloweniens (,B,title,B
"1991, 1992",B,year,I
): Informationsmaterial,B,title,I
. ,O,O,I
Ljubljana,B,other,I
".
",O,O,I
Zentrum für Internationale Zusammenarbeit und Entwicklung,B,editor,B
 (,O,O,I
1992,B,year,I
): S,O,O,I
lowenien Ihr Wirtschaftspartner,B,title,I
. ,O,O,I
Ljubljana,B,other,I
".
",O,O,I
