token,tag,label,ref
Antonucci,B,author,B
", ",I,author,I
T. C.,I,author,I
", & ",O,O,I
Akiyama,B,author,I
", ",I,author,I
H.,I,author,I
 (,O,O,I
1987,B,year,I
). ,O,O,I
An examinaƟ - on of sex diī erences in social support among older men and women,B,title,I
. ,O,O,I
Sex roles,B,source,I
", ",O,O,I
17,B,volume,I
(,O,O,I
11,B,fpage,I
-,O,O,I
12,B,lpage,I
"), ",O,O,I
737,B,fpage,I
-,O,O,I
749,B,lpage,I
. ,O,O,I
doi: 10.1007/BF00287685,B,identifier,I
".
",O,O,I
Baumeister,B,author,B
", ",I,author,I
R. F.,I,author,I
", & ",O,O,I
Leary,B,author,I
", ",I,author,I
M. R.,I,author,I
 (,O,O,I
1995,B,year,I
). ,O,O,I
The need to belong: desire for interpersonal aƩ achments as a fundamental human moƟ vaƟ on,B,title,I
. ,O,O,I
Psychological BulleƟ n,B,source,I
", ",O,O,I
117,B,volume,I
(,O,O,I
3,B,issue,I
"), ",O,O,I
497,B,fpage,I
-,O,O,I
529,B,lpage,I
. ,O,O,I
doi: 10.1037/0033-2909.117.3.497,B,identifier,I
".
",O,O,I
Berkman,B,author,B
", ",I,author,I
L. F.,I,author,I
", ",O,O,I
Glass,B,author,I
", ",I,author,I
T.,I,author,I
", ",O,O,I
BrisseƩ e,B,author,I
", ",I,author,I
I.,I,author,I
", & ",O,O,I
Seeman,B,author,I
", ",I,author,I
T. E.,I,author,I
 (,O,O,I
2000,B,year,I
). ,O,O,I
From social integraƟ on to health: Durkheim in the new millennium,B,title,I
. ,O,O,I
Social Science & Medicine,B,source,I
", ",O,O,I
51,B,volume,I
(,O,O,I
6,B,issue,I
"), ",O,O,I
843,B,fpage,I
-,O,O,I
857,B,lpage,I
. ,O,O,I
doi: 10.1016/s0277-9536(00)00065-4,B,identifier,I
".
",O,O,I
Böger,B,author,B
", ",I,author,I
A.,I,author,I
", & ",O,O,I
Huxhold,B,author,I
", ",I,author,I
O.,I,author,I
 (,O,O,I
2016,B,year,I
). ,O,O,I
Do antecedents and consequences of loneliness change across the second half of life? (eingereichtes Manuskript),B,title,I
".
",O,O,I
Carstensen,B,author,B
", ",I,author,I
L. L.,I,author,I
", ",O,O,I
Isaacowitz,B,author,I
", ",I,author,I
D. M.,I,author,I
", & ",O,O,I
Charles,B,author,I
", ",I,author,I
S. T.,I,author,I
 (,O,O,I
1999,B,year,I
). ,O,O,I
Taking Ɵ me seriously - A theory of socioemoƟ onal selecƟ vity,B,title,I
. ,O,O,I
American Psychologist,B,source,I
", ",O,O,I
54,B,volume,I
(,O,O,I
3,B,issue,I
"), ",O,O,I
165,B,fpage,I
- ,O,O,I
181,B,lpage,I
. ,O,O,I
doi: 10.1037//0003-066x.54.3.165,B,identifier,I
".
",O,O,I
Engstler,B,author,B
", ",I,author,I
H.,I,author,I
", & ",O,O,I
Huxhold,B,author,I
", ",I,author,I
O.,I,author,I
 (,O,O,I
2010,B,year,I
). ,O,O,I
"BeeinŇ usst die Beziehung älterer Menschen zu ihren erwachsenen Kindern die räumliche Nähe zwischen den GeneraƟ onen? Wechselbeziehungen zwischen Wohnenƞ ernung, KontakthäuĮ gkeit und Beziehungsenge im LängsschniƩ",B,title,I
 . In: ,O,O,I
A. EƩ e,B,editor,I
", ",O,O,I
K. Ruckdeschel,B,editor,I
 & ,O,O,I
R. Unger,B,editor,I
 (Hrsg.) ,O,O,I
Potenziale intergeneraƟ onaler Beziehungen: Chancen und Herausforderungen für die Gestaltung des demograĮ - schen Wandels,B,source,I
 (S. ,O,O,I
175,B,fpage,I
-,O,O,I
197,B,lpage,I
). ,O,O,I
Würzburg,B,other,I
: ,O,O,I
Ergon,B,publisher,I
".
",O,O,I
Engstler,B,author,B
", ",I,author,I
H.,I,author,I
", & ",O,O,I
Tesch-Roemer,B,author,I
", ",I,author,I
C.,I,author,I
 (,O,O,I
2010,B,year,I
). ,O,O,I
Lebensformen und PartnerschaŌ,B,title,I
 . In: ,O,O,I
A. Motel-Klingebiel,B,editor,I
", ",O,O,I
S. Wurm,B,editor,I
 & ,O,O,I
C. Tesch-Roemer,B,editor,I
 (Hrsg.) ,O,O,I
Altern im Wandel: Befunde des Deutschen Alterssurveys (DEAS) (S,B,title,I
. ,O,O,I
163,B,fpage,I
-,O,O,I
187,B,lpage,I
). ,O,O,I
StuƩ gart,B,other,I
: ,O,O,I
Kohlhammer,B,publisher,I
".
",O,O,I
Fiori,B,author,B
", ",I,author,I
K. L.,I,author,I
", ",O,O,I
Antonucci,B,author,I
", ",I,author,I
T. C.,I,author,I
", & ",O,O,I
CorƟ na,B,author,I
", ",I,author,I
K. S.,I,author,I
 (,O,O,I
2006,B,year,I
). ,O,O,I
Social network typologies and mental health among older adults,B,title,I
. ,O,O,I
The Journals of Gerontology Series B: Psychological Sciences and Social Sciences,B,source,I
", ",O,O,I
61,B,volume,I
(,O,O,I
1,B,issue,I
"), ",O,O,I
P25,B,fpage,I
-,O,O,I
P32,B,lpage,I
. ,O,O,I
doi: 10.1093/geronb/61.1.P25,B,identifier,I
".
",O,O,I
Fors,B,author,B
", ",I,author,I
S.,I,author,I
", & ",O,O,I
Lennartsson,B,author,I
", ",I,author,I
C.,I,author,I
 (,O,O,I
2008,B,year,I
). ,O,O,I
"Social mobility, geographical proximity and intergeneraƟ onal family contact in Sweden",B,title,I
. ,O,O,I
Ageing and Society,B,source,I
", ",O,O,I
28,B,volume,I
(,O,O,I
02,B,issue,I
"), ",O,O,I
253,B,fpage,I
-,O,O,I
270,B,lpage,I
. ,O,O,I
doi: 10.1017/S0144686X07006617,B,identifier,I
".
",O,O,I
Groenou,B,author,B
", ",I,author,I
"M. I. B. van,",I,author,I
 & ,O,O,I
Tilburg,B,author,I
", ",I,author,I
T. van,I,author,I
 (,O,O,I
2003,B,year,I
). ,O,O,I
Network size and support in old age: diī erenƟ als by socio-economic status in childhood and adulthood,B,title,I
. ,O,O,I
Ageing and Society,B,source,I
", ",O,O,I
23,B,volume,I
", ",O,O,I
625,B,fpage,I
-,O,O,I
645,B,lpage,I
. ,O,O,I
doi: 10.1017/ s0144686x0300134x,B,identifier,I
".
",O,O,I
Huxhold,B,author,B
", ",I,author,I
O.,I,author,I
", ",O,O,I
Mahne,B,author,I
", ",I,author,I
K.,I,author,I
", & ",O,O,I
Naumann,B,author,I
", ",I,author,I
D.,I,author,I
 (,O,O,I
2010,B,year,I
). ,O,O,I
Soziale IntegraƟ on,B,title,I
. In: ,O,O,I
A. Motel-Klingebiel,B,editor,I
", ",O,O,I
S. Wurm,B,editor,I
 & ,O,O,I
C. Tesch-Roemer,B,editor,I
 (Hrsg.) ,O,O,I
Altern im Wandel. Befunde des Deutschen Alterssurveys (DEAS).,B,title,I
 (S. ,O,O,I
215,B,fpage,I
-,O,O,I
233,B,lpage,I
). ,O,O,I
StuƩ - gart,B,other,I
: ,O,O,I
Kohlhammer,B,publisher,I
".
",O,O,I
Huxhold,B,author,B
", ",I,author,I
O.,I,author,I
", ",O,O,I
Miche,B,author,I
", ",I,author,I
M.,I,author,I
", & ",O,O,I
Schüz,B,author,I
", ",I,author,I
B.,I,author,I
 (,O,O,I
2014,B,year,I
). ,O,O,I
BeneĮ ts of having friends in older ages: Diī erenƟ al eī ects of informal social acƟ viƟ es on well-being in middle-aged and older adults,B,title,I
. ,O,O,I
The Journals of Gerontology - Series B: Psychological Sciences and Social Sciences,B,source,I
", ",O,O,I
69,B,volume,I
(,O,O,I
3,B,issue,I
"), ",O,O,I
366,B,fpage,I
-,O,O,I
375,B,lpage,I
. ,O,O,I
doi: 10.1093/geronb/gbt029,B,identifier,I
".
",O,O,I
Ikkink,B,author,B
", ",I,author,I
K. K.,I,author,I
", & ",O,O,I
Tilburg,B,author,I
", ",I,author,I
T. van,I,author,I
 (,O,O,I
1998,B,year,I
). ,O,O,I
Do older adults’ network members conƟ nue to provide instrumental support in unbalanced relaƟ onships? Journal of Social and Personal RelaƟ onships,B,title,I
", ",O,O,I
15,B,volume,I
(,O,O,I
1,B,issue,I
"), ",O,O,I
59,B,fpage,I
-,O,O,I
75,B,lpage,I
. ,O,O,I
doi: 10.1177/0265407598151004,B,identifier,I
".
",O,O,I
Inglehart,B,author,B
", ",I,author,I
R. F.,I,author,I
 (,O,O,I
2008,B,year,I
). ,O,O,I
Changing values among western publics from 1970 to 2006,B,title,I
. ,O,O,I
West European PoliƟ cs,B,source,I
", ",O,O,I
31,B,volume,I
(,O,O,I
1-2,B,issue,I
"), ",O,O,I
130,B,fpage,I
-,O,O,I
146,B,lpage,I
. ,O,O,I
doi: 10.1080/01402380701834747,B,identifier,I
".
",O,O,I
Kroh,B,author,B
", ",I,author,I
M.,I,author,I
 (,O,O,I
2008,B,year,I
). ,O,O,I
Wertewandel: Immer mehr Ost-und Westdeutsche Ɵ cken postmaterialisƟ sch,B,title,I
. ,O,O,I
DIW Wochenbericht,B,source,I
", ",O,O,I
75,B,volume,I
(,O,O,I
34,B,issue,I
"), ",O,O,I
480,B,fpage,I
-,O,O,I
486,B,lpage,I
".
",O,O,I
Lin,B,author,B
", ",I,author,I
N.,I,author,I
", & ",O,O,I
Dumin,B,author,I
", ",I,author,I
M.,I,author,I
 (,O,O,I
1986,B,year,I
). ,O,O,I
Access to occupaƟ ons through social Ɵ es,B,title,I
. ,O,O,I
Social networks,B,source,I
", ",O,O,I
8,B,volume,I
(,O,O,I
4,B,issue,I
"), ",O,O,I
365,B,fpage,I
-,O,O,I
385,B,lpage,I
. ,O,O,I
doi: 10.1016/0378-8733(86)90003-1,B,identifier,I
"
",O,O,I
Neyer,B,author,B
", ",I,author,I
F. J.,I,author,I
", ",O,O,I
Wrzus,B,author,I
", ",I,author,I
C.,I,author,I
", ",O,O,I
Wagner,B,author,I
", ",I,author,I
J.,I,author,I
", & ",O,O,I
Lang,B,author,I
", ",I,author,I
F. R.,I,author,I
 (,O,O,I
2011,B,year,I
). ,O,O,I
Principles of RelaƟ onship Diī erenƟ aƟ on,B,title,I
. ,O,O,I
European Psychologist,B,source,I
", ",O,O,I
16,B,volume,I
(,O,O,I
4,B,issue,I
"), ",O,O,I
267,B,fpage,I
-,O,O,I
277,B,lpage,I
. ,O,O,I
doi: 10.1027/1016-9040/ a000055,B,identifier,I
".
",O,O,I
Shaw,B,author,B
", ",I,author,I
B. A.,I,author,I
", ",O,O,I
Krause,B,author,I
", ",I,author,I
N.,I,author,I
", ",O,O,I
Liang,B,author,I
", ",I,author,I
J.,I,author,I
", & ",O,O,I
BenneƩ,B,author,I
" , ",I,author,I
J.,I,author,I
 (,O,O,I
2007,B,year,I
). ,O,O,I
Tracking changes in social relaƟ ons throughout late life,B,title,I
. ,O,O,I
The Journals of Gerontology Series B: Psychological Sciences and Social Sciences,B,source,I
", ",O,O,I
62,B,volume,I
(,O,O,I
2,B,issue,I
"), S",O,O,I
90,B,fpage,I
-,O,O,I
S99,B,lpage,I
. ,O,O,I
doi: 10.1093/geronb/62.2.S90,B,identifier,I
".
",O,O,I
Suanet,B,author,B
", ",I,author,I
B.,I,author,I
", ",O,O,I
Tilburg,B,author,I
", ",I,author,I
"T. G. van,",I,author,I
 & ,O,O,I
Groenou,B,author,I
", ",I,author,I
M. I. B. van,I,author,I
 (,O,O,I
2013,B,year,I
). ,O,O,I
Nonkin in Older Adults’ Personal Networks: More Important Among Later Cohorts? The Journals of Gerontology Series B,B,title,I
: ,O,O,I
Psychological Sciences and Social Sciences,B,source,I
", ",O,O,I
68,B,volume,I
(,O,O,I
4,B,issue,I
"), ",O,O,I
633,B,fpage,I
-,O,O,I
643,B,lpage,I
. ,O,O,I
doi: 10.1093/geronb/gbt043,B,identifier,I
".
",O,O,I
Yakubovich,B,author,B
", ",I,author,I
V.,I,author,I
 (,O,O,I
2005,B,year,I
). ,O,O,I
"Weak Ɵ es, informaƟ on, and inŇ uence: How workers Į nd jobs in a local Russian labor market",B,title,I
. ,O,O,I
American sociological review,B,source,I
", ",O,O,I
70,B,volume,I
(,O,O,I
3,B,issue,I
"), ",O,O,I
408,B,fpage,I
-,O,O,I
421,B,lpage,I
. ,O,O,I
doi: 10.1177/000312240507000303,B,identifier,I
".
",O,O,I
