token,tag,label,ref
Amodeo,B,author,B
", ",I,author,I
Maryann,I,author,I
 & ,O,O,I
Griffin,B,author,I
", ",I,author,I
Margaret,I,author,I
 (,O,O,I
2009,B,year,I
). ,O,O,I
Sibling agreement on retrospective reports of parental alcoholism and other childhood events,B,title,I
. ,O,O,I
Substance Use and Misuse,B,source,I
",",O,O,I
44,B,volume,I
", ",O,O,I
943,B,fpage,I
-,O,O,I
964,B,lpage,I
".
",O,O,I
Bell,B,author,B
","" ",I,author,I
Andrew,I,author,I
 (,O,O,I
2005,B,year,I
).,O,O,I
" """"Oh yes"","" I remember it well!"""" Reflections on using the life-grid in qualitative interviews with couples",B,title,I
. ,O,O,I
Qualitative Sociology Review,B,source,I
""", ",O,O,I
1,B,volume,I
(,O,O,I
1,B,issue,I
"), ",O,O,I
51,B,fpage,I
- ,O,O,I
67,B,lpage,I
",",O,O,I
 http://www.qualitativesociologyreview.org/ENG/Volume1/Article3.php,B,url,I
 ,O,O,I
"[Accessed: August 28, 2015]",B,other,I
".
",O,O,I
Berney,B,author,B
", ",I,author,I
Lee,I,author,I
 & ,O,O,I
Blane,B,author,I
", ",I,author,I
David,I,author,I
 (,O,O,I
1997,B,year,I
).,O,O,I
 Collecting retrospective data: Accuracy of recall after 50 years judged against historical records,B,title,I
. ,O,O,I
Social Science and Medicine,B,source,I
",",O,O,I
45,B,volume,I
", ",O,O,I
1519,B,fpage,I
-,O,O,I
1525,B,lpage,I
".
",O,O,I
Berney,B,author,B
", ",I,author,I
Lee,I,author,I
 & ,O,O,I
Blane,B,author,I
", ",I,author,I
David,I,author,I
 (,O,O,I
2003,B,year,I
).,O,O,I
 The lifegrid method of collecting retrospective information from people at older ages,B,title,I
. ,O,O,I
Research Policy and Planning,B,source,I
", ",O,O,I
21,B,volume,I
(,O,O,I
2,B,issue,I
"), ",O,O,I
13,B,fpage,I
-,O,O,I
22,B,lpage,I
".
",O,O,I
Blane,B,author,B
", ",I,author,I
David,I,author,I
 (,O,O,I
1996,B,year,I
). ,O,O,I
Collecting retrospective data: Development of a reliable method and a pilot study of its use,B,title,I
. ,O,O,I
Social Science & Medicine,B,source,I
",",O,O,I
42,B,volume,I
", ",O,O,I
751-,B,fpage,I
757,B,lpage,I
".
",O,O,I
Brown,B,author,B
", ",I,author,I
Steven,I,author,I
 & ,O,O,I
Reavy,B,author,I
", ",I,author,I
Paula,I,author,I
 (,O,O,I
2014,B,year,I
). ,O,O,I
Experience and memory,B,title,I
. In ,O,O,I
Emily Keightley,B,editor,I
 & ,O,O,I
Michael Pickering,B,editor,I
" (Eds.), ",O,O,I
Research methods in memory studies,B,source,I
 (pp.,O,O,I
45,B,fpage,I
-,O,O,I
59,B,lpage,I
). ,O,O,I
Edinburgh,B,other,I
: ,O,O,I
Edinburgh University Press,B,publisher,I
".
",O,O,I
Butler,B,author,B
", ",I,author,I
Rachael,I,author,I
 & ,O,O,I
Bauld,B,author,I
", ",I,author,I
Linda,I,author,I
 (,O,O,I
2005,B,year,I
). ,O,O,I
The parents' experience: Coping with drug use in the family,B,title,I
. ,O,O,I
"Drugs: Education, Prevention and Policy",B,source,I
", ",O,O,I
12,B,volume,I
(,O,O,I
1,B,issue,I
"), ",O,O,I
35,B,fpage,I
-,O,O,I
45,B,lpage,I
".
",O,O,I
Green,B,author,B
", ",I,author,I
Jeffrey,I,author,I
; ,O,O,I
Sedikides,B,author,I
", ",I,author,I
Constantine,I,author,I
 & ,O,O,I
Gregg,B,author,I
", ",I,author,I
Aiden,I,author,I
 (,O,O,I
2007,B,year,I
). ,O,O,I
Forgotten but not gone: The recall and recognition of self-threatening memories,B,title,I
. ,O,O,I
Journal of Experimental Social Psychology,B,source,I
", ",O,O,I
44,B,volume,I
(,O,O,I
3,B,issue,I
"), ",O,O,I
547,B,fpage,I
-,O,O,I
561,B,lpage,I
".
",O,O,I
Guenette,B,author,B
", ",I,author,I
Francis,I,author,I
 & ,O,O,I
Marshall,B,author,I
", ",I,author,I
Anne,I,author,I
 (,O,O,I
2009,B,year,I
). ,O,O,I
Time line drawings: Enhancing participant voice in narrative interviews on sensitive topics,B,title,I
. ,O,O,I
International Journal of Qualitative Methods,B,source,I
", ",O,O,I
8,B,volume,I
(,O,O,I
1,B,issue,I
"), ",O,O,I
85,B,fpage,I
-,O,O,I
92,B,lpage,I
", ",O,O,I
http://ejournals.library.ualberta.ca/index.php/IJQM/article/view/3388/5200,B,url,I
 ,O,O,I
"[Accessed: February 20, 2014]",B,other,I
".
",O,O,I
Harrison,B,author,B
", ",I,author,I
Robert,I,author,I
; ,O,O,I
Veeck,B,author,I
", ",I,author,I
Ann,I,author,I
 & ,O,O,I
Gentry,B,author,I
", ",I,author,I
James,I,author,I
 (,O,O,I
2011,B,year,I
). ,O,O,I
A life course perspective of family meals via the life grid method,B,title,I
. ,O,O,I
Journal of Historical Research in Marketing,B,source,I
", ",O,O,I
3,B,volume,I
(,O,O,I
2,B,issue,I
"), ",O,O,I
214,B,fpage,I
-,O,O,I
233,B,lpage,I
".
",O,O,I
Jackson,B,author,B
", ",I,author,I
Debra,I,author,I
 & ,O,O,I
Mannix,B,author,I
", ",I,author,I
Judie,I,author,I
 (,O,O,I
2003,B,year,I
). ,O,O,I
Then suddenly he went right off the rails: Mothers' stories of adolescent cannabis use,B,title,I
. ,O,O,I
Contemporary Nurse,B,source,I
",",O,O,I
14,B,volume,I
", ",O,O,I
169,B,fpage,I
-,O,O,I
179,B,lpage,I
".
",O,O,I
Jackson,B,author,B
", ",I,author,I
Debra,I,author,I
; ,O,O,I
Usher,B,author,I
", ",I,author,I
Kim,I,author,I
 & ,O,O,I
O'Brien,B,author,I
", ",I,author,I
Louise,I,author,I
 (,O,O,I
2007,B,year,I
). ,O,O,I
Fractured families: Parental perspectives of the effects of adolescent drug use on family life,B,title,I
. ,O,O,I
Contemporary Nurse: a Journal for the Australian Nursing Profession,B,source,I
",",O,O,I
23,B,volume,I
", ",O,O,I
321,B,fpage,I
-,O,O,I
330,B,lpage,I
".
",O,O,I
Kesby,B,author,B
", ",I,author,I
Mike,I,author,I
 (,O,O,I
2000,B,year,I
). ,O,O,I
Participatory diagramming: Deploying qualitative methods through an action research epistemology,B,title,I
. ,O,O,I
Area,B,source,I
", ",O,O,I
32,B,volume,I
(,O,O,I
4,B,issue,I
"), ",O,O,I
427,B,fpage,I
-,O,O,I
436,B,lpage,I
".
",O,O,I
Novogradec,B,author,B
",",I,author,I
 ,O,O,I
Ann,B,fpage,I
 (,O,O,I
2009,B,year,I
). ,O,O,I
The lifecourse on esophageal cancer patients traced by means of the lifegrid,B,title,I
. ,O,O,I
"Poster presented at Conference on Health over the Life Course, Ontario, Canada, October 14-16",B,other,I
",",O,O,I
2009,B,year,I
"
",O,O,I
Parry,B,author,B
", ",I,author,I
Odette,I,author,I
; ,O,O,I
Thomson,B,author,I
", ",I,author,I
Carolyn,I,author,I
 & ,O,O,I
Fowkes,B,author,I
", ",I,author,I
Gerry,I,author,I
 (,O,O,I
1999,B,year,I
).,O,O,I
 Life course data collection: Qualitative interviewing using the Life Grid,B,title,I
. ,O,O,I
Sociological Research Online,B,source,I
", ",O,O,I
4,B,volume,I
(,O,O,I
2,B,issue,I
"), ",O,O,I
http://www.socresonline.org.uk/4/2/parry.html,B,url,I
" [Accessed: February 20, 2014]",B,other,I
".
",O,O,I
Richardson,B,author,B
",",I,author,I
 Jane C.,I,author,I
; ,O,O,I
Ong,B,author,I
", ",I,author,I
Bie,I,author,I
; ,O,O,I
Sim,B,author,I
", ",I,author,I
Julius,I,author,I
 & ,O,O,I
Corbett,B,author,I
", ",I,author,I
Mandy,I,author,I
 (,O,O,I
2009,B,year,I
). ,O,O,I
Begin at the beginning ... Using a lifegrid for exploring illness experience,B,title,I
. ,O,O,I
Social Research Update,B,source,I
",",O,O,I
57,B,volume,I
", ",O,O,I
1,B,fpage,I
-,O,O,I
4,B,lpage,I
",",O,O,I
 http://sru.soc.surrey.ac.uk/SRU57.pdf,B,url,I
" [Accessed: January 25, 2014]",B,other,I
".
",O,O,I
Saunders,B,author,B
", ",I,author,I
Jo,I,author,I
 (,O,O,I
2012,B,year,I
). ,O,O,I
Selective memory bias for self-threatening memories in trait anxiety,B,title,I
. ,O,O,I
Cognition & Emotion,B,source,I
", ",O,O,I
27,B,volume,I
(,O,O,I
1,B,issue,I
"), ",O,O,I
21,B,fpage,I
-,O,O,I
36,B,lpage,I
".
",O,O,I
Sheridan,B,author,B
", ",I,author,I
Joanna,I,author,I
; ,O,O,I
Chamberlain,B,author,I
", ",I,author,I
Kerry,I,author,I
 & ,O,O,I
Dupuis,B,author,I
", ",I,author,I
Ann,I,author,I
 (,O,O,I
2011,B,year,I
). ,O,O,I
Timelining: Visualizing experience,B,title,I
. ,O,O,I
Qualitative Research,B,source,I
", ",O,O,I
11,B,volume,I
(,O,O,I
5,B,issue,I
"), ",O,O,I
552,B,fpage,I
-,O,O,I
569,B,lpage,I
".
",O,O,I
Usher,B,author,B
", ",I,author,I
Kim,I,author,I
; ,O,O,I
Jackson,B,author,I
", ",I,author,I
Debra,I,author,I
 & ,O,O,I
O'Brien,B,author,I
", ",I,author,I
Louise,I,author,I
 (,O,O,I
2007,B,year,I
). ,O,O,I
Shattered dreams: Parental experiences of adolescent substance abuse,B,title,I
. ,O,O,I
International Journal of Mental Health Nursing,B,source,I
",",O,O,I
16,B,volume,I
", ",O,O,I
422,B,fpage,I
-,O,O,I
430,B,lpage,I
".
",O,O,I
Wegner,B,author,B
", ",I,author,I
Lisa,I,author,I
; ,O,O,I
Arend,B,author,I
", ",I,author,I
TeriLee,I,author,I
; ,O,O,I
Bassadien,B,author,I
", ",I,author,I
Raagiema,I,author,I
; ,O,O,I
Bismath,B,author,I
", ",I,author,I
Zulfa,I,author,I
 & ,O,O,I
Cros,B,author,I
", ",I,author,I
Lauren,I,author,I
 (,O,O,I
2014,B,year,I
). ,O,O,I
Experiences of mothering drug-dependent youth: Influences on occupational performance patterns,B,title,I
. ,O,O,I
South African Journal of Occupational Therapy,B,source,I
", ",O,O,I
44,B,volume,I
(,O,O,I
2,B,issue,I
"), ",O,O,I
http://www.scielo.org.za/scielo.php? pid=S2310-38332014000200003&script=sci_arttext,B,url,I
 ,O,O,I
"[Accessed: January 25, 2015]",B,other,I
".
",O,O,I
Wilson,B,author,B
", ",I,author,I
Sarah,I,author,I
; ,O,O,I
Cunningham-Burley,B,author,I
", ",I,author,I
Sarah,I,author,I
; ,O,O,I
Bancroft,B,author,I
", ",I,author,I
Angus,I,author,I
; ,O,O,I
Backett-Milburn,B,author,I
", ",I,author,I
Kathryn,I,author,I
 & ,O,O,I
Masters,B,author,I
", ",I,author,I
Hugh,I,author,I
 (,O,O,I
2007,B,year,I
). ,O,O,I
"Young people, biographical narratives and the life grid: Young people's accounts of parental substance use",B,title,I
. ,O,O,I
Qualitative Research,B,source,I
", ",O,O,I
7,B,volume,I
(,O,O,I
1,B,issue,I
"), ",O,O,I
135,B,fpage,I
-,O,O,I
151,B,lpage,I
".
",O,O,I
