token,tag,label,ref
Carr,B,author,B
", ",I,author,I
L.,I,author,I
", ",O,O,I
Hitchcock,B,author,I
", ",I,author,I
S.,I,author,I
", ",O,O,I
H,B,author,I
"all, ",I,author,I
W.,I,author,I
 &,O,O,I
 ,B,author,I
Harnad,I,author,I
", ",I,author,I
S.,I,author,I
 (,O,O,I
2000,B,year,I
). ,O,O,I
"A usage based analysis of CoRR [A commentary on ""CoRR: a Computing Research Repository"" by Joseph Y. Halpern]",B,title,I
. ,O,O,I
ACM SIGDOC Journal of Computer Documentation,B,source,I
", ",O,O,I
May,B,other,I
 ,O,O,I
2000,B,year,I
. ,O,O,I
http://www.cogsci.soton.ac.uk/~harnad/Papers/Harnad/harnad00.halpern.htm http://www.garfield.library.upenn.edu/papers/cseimpactfactor05092000.html,B,url,I
"
",O,O,I
Duranceau,B,author,B
", ",I,author,I
E.,I,author,I
 &,O,O,I
 ,B,author,I
Harnad,I,author,I
", ",I,author,I
S.,I,author,I
 (,O,O,I
1999,B,year,I
). ,O,O,I
Electronic Journal Forum: Resetting Our Intuition Pumps for the Online-Only Era: A Conversation With Stevan Harnad,B,title,I
. ,O,O,I
Serials Review,B,source,I
", ",O,O,I
25,B,volume,I
(,O,O,I
1,B,url,I
"), ",O,O,I
109,B,fpage,I
-,O,O,I
115,B,lpage,I
. ,O,O,I
http://www.cogsci.soton.ac.uk/~harnad/Papers/Harnad/harnad99.ejforum.html,B,url,I
"
",O,O,I
Garfield,B,author,B
",",I,author,I
 E.,I,author,I
 (,O,O,I
1955,B,year,I
). ,O,O,I
Citation Indexes for Science: A New Dimension in Documentation through Association of Ideas,B,title,I
. ,O,O,I
Science,B,source,I
", ",O,O,I
122,B,volume,I
", ",O,O,I
108,B,fpage,I
-,O,O,I
111,B,lpage,I
 http://www.garfield.library.upenn.edu/papers/science_v122(3159)p108y1955.html,B,url,I
"
",O,O,I
Harnad,B,author,B
", ",I,author,I
S.,I,author,I
 (,O,O,I
1990,B,year,I
).,O,O,I
 Scholarly Skywriting and the Prepublication Continuum of Scientific Inquiry,B,title,I
. ,O,O,I
Psychological Science,B,source,I
", ",O,O,I
1,B,volume,I
", ",O,O,I
342 ,B,fpage,I
- ,O,O,I
343 ,B,lpage,I
(,O,O,I
"reprinted in Current Contents, 45, 9-13, November 11 1991",B,other,I
). ,O,O,I
http://cogsci.soton.ac.uk/~harnad/Papers/Harnad/harnad90.skywriting.html,B,url,I
"
",O,O,I
Harnad,B,author,B
", ",I,author,I
S. ,I,author,I
(,O,O,I
1991,B,year,I
).,O,O,I
 Post-Gutenberg Galaxy: The Fourth Revolution in the Means of Production of Knowledge,B,title,I
.,O,O,I
 Public-Access Computer Systems Review,B,source,I
", ",O,O,I
2,B,volume,I
(,O,O,I
1,B,issue,I
"), ",O,O,I
39,B,fpage,I
-,O,O,I
53 ,B,lpage,I
(also reprinted in,O,O,I
 PACS Annual Review,B,source,I
", ",O,O,I
2,B,volume,I
", ",O,O,I
1992,B,year,I
; and in ,O,O,I
R. D. Mason,B,editor,I
", Ed., ",O,O,I
Computer Conferencing: The Last Word,B,source,I
. ,O,O,I
Beach Holme Publishers,B,publisher,I
", ",O,O,I
1992,B,year,I
; and in,O,O,I
 M. ,B,author,I
Strangelove ,I,author,I
&,O,O,I
 D. ,B,author,I
Kovacs,I,author,I
: ,O,O,I
"Directory of Electronic Journals, Newsletters, and Academic Discussion Lists",B,source,I
", ",O,O,I
A. Okerson,B,editor,I
", Ed., ",O,O,I
2nd ,B,issue,I
edition. ,O,O,I
"Washington, DC",B,other,I
", ",O,O,I
"Association of Research Libraries, Office of Scientific & Academic Publishing",B,publisher,I
", ",O,O,I
1992,B,year,I
); and in Hungarian translation in ,O,O,I
REP110 LIKA,B,source,I
", ",O,O,I
1994,B,year,I
; and in Japanese in ,O,O,I
Research and Development of Scholarly Information Dissemination Systems,B,source,I
", ",O,O,I
1994-1995,B,year,I
. ,O,O,I
http://cogsci.soton.ac.uk/harnad/Papers/Harnad/harnad91.postgutenberg.html,B,url,I
"
",O,O,I
Harnad,B,author,B
", ",I,author,I
S.,I,author,I
 (,O,O,I
1992,B,year,I
). ,O,O,I
Interactive Publication: Extending American Physical Society's Discipline-Specific Model for Electronic Publishing,B,title,I
. ,O,O,I
"Serials Review, Special Issue on Economics Models for Electronic Publishing",B,source,I
", ",O,O,I
58,B,fpage,I
-,O,O,I
61,B,lpage,I
. ,O,O,I
http://cogsci.soton.ac.uk/harnad/Papers/Harnad/harnad92.interactivpub.html,B,url,I
"
",O,O,I
Harnad,B,author,B
", ",I,author,I
S.,I,author,I
 (,O,O,I
1994,B,year,I
). ,O,O,I
A Subversive Proposal,B,title,I
. In,O,O,I
 Ann Okerson,B,editor,I
 & ,O,O,I
James O'Donnell,B,editor,I
" (Eds.), ",O,O,I
Scholarly Journals at the Crossroads: A Subversive Proposal for Electronic Publishing,B,source,I
. ,O,O,I
"Washington, DC.",B,other,I
: ,O,O,I
Association of Research Libraries,B,publisher,I
. ,O,O,I
http://www.arl.org/scomm/subversive/toc.html,B,url,I
"
",O,O,I
Harnad,B,author,B
",",I,author,I
 S. ,I,author,I
(,O,O,I
1995,B,year,I
c). ,O,O,I
Interactive Cognition: Exploring the Potential of Electronic Quote/Commenting,B,title,I
. In ,O,O,I
B. Gorayska,B,editor,I
 & ,O,O,I
J. L. Mey,B,editor,I
" (Eds.), ",O,O,I
Cognitive Technology: In Search of a Humane Interface,B,source,I
 (pp. ,O,O,I
397,B,fpage,I
-,O,O,I
414,B,lpage,I
). ,O,O,I
Elsevier P.,B,publisher,I
 ,O,O,I
http://cogsci.soton.ac.uk/harnad/Papers/Harnad/harnad95.interactive.cognition.html,B,url,I
"
",O,O,I
Harnad,B,author,B
", ",I,author,I
Stevan ,I,author,I
(,O,O,I
2003,B,year,I
) ,O,O,I
Back to the Oral Tradition Through Skywriting at the Speed of Thought,B,title,I
. ,O,O,I
Interdisciplines,B,source,I
. ,O,O,I
http://www.interdisciplines.org/defispublicationweb/papers/6,B,url,I
"
",O,O,I
Harnad,B,author,B
", ",I,author,I
S.,I,author,I
 (,O,O,I
1998,B,year,I
b). ,O,O,I
On-Line Journals and Financial Fire-Walls,B,title,I
. ,O,O,I
Nature,B,source,I
", ",O,O,I
395,B,volume,I
(,O,O,I
6698,B,issue,I
"), ",O,O,I
127,B,fpage,I
-,O,O,I
128,B,lpage,I
.,O,O,I
 http://www.cogsci.soton.ac.uk/~harnad/nature.html,B,url,I
"
",O,O,I
Harnad,B,author,B
",",I,author,I
 S.,I,author,I
 (,O,O,I
1998,B,year,I
/,O,O,I
2000,B,year,I
). ,O,O,I
The invisible hand of peer review,B,title,I
. ,O,O,I
Nature ,B,source,I
[online] (5 Nov. 1998),B,other,I
 http://helix.nature.com/webmatters/invisible/invisible.html,B,url,I
 Longer version in ,O,O,I
Exploit Interactive,B,source,I
 ,O,O,I
5 ,B,volume,I
(,O,O,I
2000,B,year,I
): ,O,O,I
http://www.exploit-lib.org/issue5/peer-review/ http://www.cogsci.soton.ac.uk/~harnad/nature2.html,B,url,I
"
",O,O,I
Harnad,B,author,B
",",I,author,I
 S.,I,author,I
 (,O,O,I
1999,B,year,I
a).,O,O,I
 The Future of Scholarly Skywriting,B,title,I
. In ,O,O,I
A. Scammell,B,editor,I
" (Ed.),",O,O,I
 I in the Sky: Visions of the information future,B,source,I
. ,O,O,I
"Aslib, November 1999",B,other,I
. ,O,O,I
http://www.cogsci.soton.ac.uk/~harnad/Papers/Harnad/harnad99.aslib.html,B,url,I
"
",O,O,I
Harnad,B,author,B
",",I,author,I
 S.,I,author,I
 (,O,O,I
1999,B,year,I
b). ,O,O,I
Free at Last: The Future of Peer-Reviewed Journals,B,title,I
. ,O,O,I
D-Lib Magazine,B,source,I
", ",O,O,I
5,B,volume,I
(,O,O,I
12,B,issue,I
) ,O,O,I
December ,B,other,I
1999,B,year,I
. ,O,O,I
http://www.dlib.org/dlib/december99/12harnad.html,B,url,I
"
",O,O,I
Harnad,B,author,B
", ",I,author,I
S.,I,author,I
 (,O,O,I
1999,B,year,I
c). ,O,O,I
Advancing Science By Self-Archiving Refereed Research,B,title,I
. ,O,O,I
Science dEbates,B,source,I
 [online] ,O,O,I
31 July,B,other,I
 ,O,O,I
1999,B,year,I
. ,O,O,I
http://www.sciencemag.org/cgi/eletters/285/5425/197#EL12,B,url,I
"
",O,O,I
Harnad,B,author,B
",",I,author,I
 S.,I,author,I
 (,O,O,I
2000,B,year,I
a). ,O,O,I
E-Knowledge: Freeing the Refereed Journal Corpus Online,B,title,I
. ,O,O,I
Computer Law & Security Report,B,source,I
", ",O,O,I
16,B,volume,I
(,O,O,I
2,B,issue,I
) ,O,O,I
78,B,fpage,I
-,O,O,I
87 ,B,lpage,I
(,O,O,I
rebuttal to Bloom Editorial in Science and Relman Editorial in New England Journal of Medicine,B,other,I
). ,O,O,I
http://www.cogsci.soton.ac.uk/~harnad/Papers/Harnad/harnad00.scinejm.htm,B,url,I
"
",O,O,I
Harnad,B,author,B
", ",I,author,I
S.,I,author,I
 (,O,O,I
2000,B,year,I
b). ,O,O,I
Ingelfinger Over-Ruled: The Role of the Web in the Future of Refereed Medical Journal Publishing,B,title,I
. ,O,O,I
The Lancet Perspectives,B,source,I
", ",O,O,I
256,B,volume,I
", (",O,O,I
December Supplement,B,other,I
). ,O,O,I
http://www.cogsci.soton.ac.uk/~harnad/Papers/Harnad/harnad00.lancet.htm,B,url,I
"
",O,O,I
Harnad,B,author,B
",",I,author,I
 S.,I,author,I
 ,I,author,I
(,O,O,I
2001,B,year,I
a).,O,O,I
" AAAS's Response: Too Little, Too Late",B,title,I
. ,O,O,I
Science dEbates,B,source,I
 [online] ,O,O,I
2 April,B,other,I
 ,O,O,I
2001,B,year,I
. 111,O,O,I
 http://www.sciencemag.org/cgi/eletters/291/5512/2318b,B,url,I
 Fuller version: ,O,O,I
http://www.cogsci.soton.ac.uk/~harnad/Tp/science2.htm,B,url,I
"
",O,O,I
Harnad,B,author,B
",",I,author,I
 S.,I,author,I
 ,I,author,I
(2001,B,year,I
b). ,O,O,I
The Self-Archiving Initiative,B,title,I
. ,O,O,I
Nature,B,source,I
", ",O,O,I
410,B,volume,I
", ",O,O,I
1024,B,fpage,I
-,O,O,I
1025,B,lpage,I
.,O,O,I
 http://www.cogsci.soton.ac.uk/~harnad/Tp/nature4.htm Nature WebDebatesversion,B,url,I
: ,O,O,I
http://www.nature.com/nature/debates/e-access/ Articles/harnad.html,B,url,I
 Fuller version: ,O,O,I
http://www.cogsci.soton.ac.uk/~harnad/Tp/selfarch.htm,B,url,I
"
",O,O,I
Harnad,B,author,B
", ",I,author,I
S.,I,author,I
 (,O,O,I
2001,B,year,I
c). ,O,O,I
The Self-Archiving Alternative,B,title,I
. ,O,O,I
Nature WebDebates,B,source,I
.,O,O,I
 http://www.nature.com/nature/debates/e-access/index.html http://www.cogsci.soton.ac.uk/~harnad/Tp/nature3.htm,B,url,I
"
",O,O,I
Harnad,B,author,B
",",I,author,I
 S.,I,author,I
 (,O,O,I
2001,B,year,I
d). ,O,O,I
The (Refereed) Literature-Liberation Movement,B,title,I
.,O,O,I
 New Scientist,B,source,I
.,O,O,I
 http://www.cogsci.soton.ac.uk/~harnad/Temp/newsci1.htm,B,url,I
 Fuller version: ,O,O,I
http://www.cogsci.soton.ac.uk/~harnad/Temp/newscientist.htm,B,url,I
"
",O,O,I
Harnad,B,author,B
",",I,author,I
 S.,I,author,I
 (,O,O,I
2001,B,year,I
e). ,O,O,I
"Research Access, Impact and Assessment",B,title,I
. ,O,O,I
Times Higher Education Supplement,B,source,I
.,O,O,I
 http://www.cogsci.soton.ac.uk/~harnad/Tp/thes1.html,B,url,I
"
",O,O,I
Harnad,B,author,B
", ",I,author,I
S.,I,author,I
 & ,O,O,I
Carr,B,author,I
", ",I,author,I
L.,I,author,I
 (,O,O,I
2000,B,year,I
).,O,O,I
" Integrating, Navigating and Analyzing Eprint Archives Through Open Citation Linking (the OpCit Project)",B,title,I
. ,O,O,I
Current Science,B,source,I
. ,O,O,I
79,B,volume,I
(,O,O,I
5,B,issue,I
"), ",O,O,I
629,B,fpage,I
-,O,O,I
638,B,lpage,I
. ,O,O,I
http://www.cogsci.soton.ac.uk/~harnad/Papers/Harnad/harnad00.citation.htm,B,url,I
 ,O,O,I
http://www.iisc.ernet.in/~currsci/sep102000/629.pdf,B,url,I
"
",O,O,I
Harnad,B,author,B
",",I,author,I
 S.,I,author,I
 &,O,O,I
 ,B,author,I
Hemus,I,author,I
",",I,author,I
 M.,I,author,I
 (,O,O,I
1997,B,year,I
). ,O,O,I
All or None: there Are No Stable Hybrid or Half-Way Solutions for Launching the Learned Periodical Literature in the PostGutenberg Galaxy,B,title,I
. In,O,O,I
 I. Butterworth,B,editor,I
" (Ed.), ",O,O,I
The Impact of Electronic Publishing on the Academic Community,B,source,I
. ,O,O,I
London,B,other,I
: ,O,O,I
Portland Press,B,publisher,I
. ,O,O,I
http://cogsci.soton.ac.uk/~harnad/Papers/Harnad/harnad97.hybrid.pub.html,B,url,I
"
",O,O,I
Harnad,B,author,B
", ",I,author,I
S.,I,author,I
", ",O,O,I
Carr,B,author,I
", ",I,author,I
L.,I,author,I
 & ,O,O,I
Brody,B,author,I
", ",I,author,I
T.,I,author,I
 (,O,O,I
2001,B,year,I
).,O,O,I
" How and Why To Free All Refereed Research From Access- and Impact-Barriers Online, Now",B,title,I
. ,O,O,I
http://www.cogsci.soton.ac.uk/~harnad/Tp/science.htm ,B,url,I
Harnad,B,author,I
", ",I,author,I
S.,I,author,I
", ",O,O,I
Carr,B,author,I
", ",I,author,I
L.,I,author,I
",",O,O,I
 ,B,author,I
Brody,I,author,I
", T.",I,author,I
 & ,O,O,I
Oppenheim,B,author,I
", ",I,author,I
C.,I,author,I
 (,O,O,I
2003,B,year,I
),O,O,I
 Mandated online RAE CVs Linked to University Eprint Archives: Improving the UK Research Assessment Exercise whilst making it cheaper and easier,B,title,I
. ,O,O,I
Ariadne ,B,source,I
35 ,B,volume,I
(,O,O,I
April ,B,other,I
2003,B,year,I
). ,O,O,I
http://www.ariadne.ac.uk/issue35/harnad/,B,url,I
"
",O,O,I
Harnad,B,author,B
",",I,author,I
 S.,I,author,I
",",O,O,I
 ,B,author,I
Varian,I,author,I
",",I,author,I
 H.,I,author,I
 & ,O,O,I
Parks,B,author,I
", ",I,author,I
R.,I,author,I
 (,O,O,I
2000,B,year,I
).,O,O,I
 Academic publishing in the online era: What Will Be For-Fee And What Will Be For-Free?,B,title,I
 ,O,O,I
Culture Machine,B,source,I
 ,O,O,I
2 ,B,volume,I
(Online Journal). ,O,O,I
http://www.cogsci.soton.ac.uk/~harnad/Temp/Varian/new1.htm http://culturemachine.tees.ac.uk/frm_f1.htm,B,url,I
"
",O,O,I
Hayes,B,author,B
", ",I,author,I
P.,I,author,I
", ",O,O,I
Harnad,B,author,I
", ",I,author,I
S.,I,author,I
", ",O,O,I
Perlis,B,author,I
", ",I,author,I
D.,I,author,I
 &,O,O,I
 ,B,author,I
Block,I,author,I
",",I,author,I
 N.,I,author,I
 (,O,O,I
1992,B,year,I
) ,O,O,I
Virtual Symposium on Virtual Mind,B,title,I
. ,O,O,I
Minds and Machines,B,source,I
", ",O,O,I
2,B,volume,I
(,O,O,I
3,B,issue,I
) ,O,O,I
217,B,fpage,I
-,O,O,I
238,B,lpage,I
. ,O,O,I
http://cogsci.soton.ac.uk/harnad/Papers/Harnad/harnad92.virtualmind.html,B,url,I
"
",O,O,I
Hitchcock,B,author,B
", ",I,author,I
S.,I,author,I
 ,I,author,I
Carr,I,author,I
", ",I,author,I
L.,I,author,I
", ",O,O,I
Jiao,B,author,I
", ",I,author,I
Z.,I,author,I
", ",O,O,I
Bergmark,B,author,I
", ",I,author,I
D.,I,author,I
",",O,O,I
 ,B,author,I
Hall,I,author,I
", ",I,author,I
W.,I,author,I
", ",O,O,I
Lagoze,B,author,I
", ",I,author,I
C.,I,author,I
 &,O,O,I
 ,B,author,I
Harnad,I,author,I
", ",I,author,I
S.,I,author,I
 (,O,O,I
2000,B,year,I
). ,O,O,I
"Developing services for open eprint archives: globalisation, integration and the impact of links",B,title,I
. ,O,O,I
Proceedings of the 5th ACM Conference on Digital Libraries. San Antonio Texas June 2000,B,other,I
. ,O,O,I
http://www.cogsci.soton.ac.uk/~harnad/Papers/Harnad/harnad00.acm.htm,B,url,I
"
",O,O,I
Lawrence,B,author,B
",",I,author,I
 S.,I,author,I
 (,O,O,I
2001,B,year,I
a) ,O,O,I
Online or Invisible?,B,title,I
 ,O,O,I
Nature,B,source,I
", ",O,O,I
411,B,volume,I
(,O,O,I
6837,B,issue,I
"), 521. 112",O,O,I
 http://www.neci.nec.com/~lawrence/papers/online-nature01/,B,url,I
"
",O,O,I
Lawrence,B,author,B
", ",I,author,I
S.,I,author,I
 (,O,O,I
2001,B,year,I
b) ,O,O,I
Free online availability substantially increases a paper's impact,B,title,I
. ,O,O,I
Nature Web Debates,B,source,I
. ,O,O,I
http://www.nature.com/nature/debates/e-access/Articles/lawrence.html,B,url,I
"
",O,O,I
Light,B,author,B
",",I,author,I
 P.,I,author,I
", ",O,O,I
Light,B,author,I
", ",I,author,I
V.,I,author,I
", ",O,O,I
Nesbitt,B,author,I
", ",I,author,I
E.,I,author,I
 & ,O,O,I
Harnad,B,author,I
", ",I,author,I
S.,I,author,I
 (,O,O,I
2000,B,year,I
). ,O,O,I
Up for Debate: CMC as a support for course related discussion in a campus university setting,B,title,I
. In ,O,O,I
R. Joiner,B,editor,I
" (Ed.), ",O,O,I
Rethinking Collaborative Learning,B,source,I
. ,O,O,I
London,B,other,I
: ,O,O,I
Routledge ,B,publisher,I
(in press).,O,O,I
 http://www.cogsci.soton.ac.uk/~harnad/Papers/Harnad/harnad00.skyteaching.html,B,url,I
"
",O,O,I
Odlyzko,B,author,B
", ",I,author,I
A.M.,I,author,I
 (,O,O,I
1998,B,year,I
). ,O,O,I
The economics of electronic journals,B,title,I
. In ,O,O,I
R. Ekman,B,editor,I
 & ,O,O,I
R. Quandt,B,editor,I
" (Eds.), ",O,O,I
Technology and Scholarly Communication,B,source,I
. ,O,O,I
Univ. Calif. Press. ,B,publisher,I
http://www.dtc.umn.edu/~odlyzko/doc/eworld.html,B,url,I
"
",O,O,I
Odlyzko,B,author,B
",",I,author,I
 A.M.,I,author,I
 (,O,O,I
1999,B,year,I
a). ,O,O,I
Competition and cooperation: Libraries and publishers in the transition to electronic scholarly journals.,B,title,I
 ,O,O,I
Journal of Electronic Publishing,B,source,I
", ",O,O,I
4,B,volume,I
(,O,O,I
4,B,issue,I
) (and in,O,O,I
 J. Scholarly Publishing,B,source,I
", ",O,O,I
30,B,volume,I
(,O,O,I
4,B,issue,I
"), ",O,O,I
July,B,other,I
 ,O,O,I
1999,B,year,I
", ",O,O,I
163,B,fpage,I
-,O,O,I
185,B,lpage,I
; ,O,O,I
the definitive version to appear in The Transition from Paper,B,other,I
: ,O,O,I
A Vision of Scientific Communication in 2020,B,source,I
", ",O,O,I
S. Berry,B,editor,I
 and,O,O,I
 A. Moffat,B,editor,I
", Eds., ",O,O,I
Springer,B,publisher,I
", ",O,O,I
2000,B,year,I
.,O,O,I
 http://www.press.umich.edu/jep/04-04/odlyzko0404.html http://www.research.att.com/~amo/doc/competition.cooperation.pdf,B,url,I
"
",O,O,I
Odlyzko,B,author,B
", ",I,author,I
A.M.,I,author,I
 (,O,O,I
2002,B,year,I
). ,O,O,I
The rapid evolution of scholarly communication,B,title,I
"."" ",O,O,I
Learned Publishing,B,source,I
", ",O,O,I
15,B,volume,I
", ",O,O,I
7,B,fpage,I
-1,O,O,I
9,B,lpage,I
. ,O,O,I
http://rosina.catchword.com/vl=11319436/cl=24/fm=docpdf/nw=1/rpsv/catc hword/alpsp/09531513/v15n1/s2/p7,B,url,I
 ,O,O,I
http://www.si.umich.edu/PEAK-2000/odlyzko.pdf,B,url,I
"
",O,O,I
Oppenheim,B,author,B
", ",I,author,I
C.,I,author,I
 (,O,O,I
2001,B,year,I
). ,O,O,I
The legal and regulatory environment for electronic information,B,title,I
. ,O,O,I
Infonortics,B,source,I
. ,O,O,I
http://www.infonortics.com/publications/legal4.html,B,url,I
"
",O,O,I
