token,tag,label,ref
1. ,O,O,I
Medkov,B,author,B
", ",I,author,I
V. M.,I,author,I
 ,O,O,I
2004,B,year,I
", ",O,O,I
Demografija [Demography],B,title,I
", ",O,O,I
Moscow,B,other,I
".
",O,O,I
2. ,O,O,I
Ermakov,B,author,B
",",I,author,I
 S. P.,I,author,I
",",O,O,I
 ,B,author,I
Kulikova,I,author,I
", ",I,author,I
T. V.,I,author,I
",",O,O,I
 ,B,author,I
Shmakov,I,author,I
",",I,author,I
 N. A.,I,author,I
 ,O,O,I
2010,B,year,I
", ",O,O,I
Demograficheskie rejtingi i rejtingi zdorov'ja naselenija (metodologicheskie aspekty) [Demographic ratings and ratings health (methodological aspects)],B,title,I
. In:,O,O,I
" Shmakov, N. A.",B,editor,I
 (ed.) ,O,O,I
Zdorov'e i social'no-demograficheskie processy v Rossii [Health and socio-demographic processes in Russia],B,source,I
", ",O,O,I
Мoscow,B,other,I
", p. ",O,O,I
157,B,fpage,I
—,O,O,I
172,B,lpage,I
".
",O,O,I
3. ,O,O,I
Ermakov,B,author,B
",",I,author,I
 S. P.,I,author,I
",",O,O,I
 ,B,author,I
Shmakov,I,author,I
",",I,author,I
 N. A.,I,author,I
 ,O,O,I
2011,B,year,I
", ",O,O,I
Vzaimosvjaz' mezhdu demograficheskimi rejtingami polozhenija i tradicionnymi demograficheskimi pokazateljami [The relationship between demographic situation ratings and traditional demographic indicators],B,title,I
", ",O,O,I
Vestnik MGOU,B,other,I
. ,O,O,I
Serija Jekonomika [MGOU Herald. Economy series],B,source,I
", no. ",O,O,I
3,B,issue,I
", p. ",O,O,I
91,B,fpage,I
—,O,O,I
96,B,lpage,I
".
",O,O,I
4.,O,O,I
 ,B,author,B
Ermakov,I,author,I
", ",I,author,I
S. P.,I,author,I
", ",O,O,I
Shmakov,B,author,I
", ",I,author,I
N. A.,I,author,I
 ,O,O,I
2011,B,year,I
",",O,O,I
 Integral'nye demograficheskie rejtingi polozhenija [Integrated ratings demographic situation],B,title,I
", ",O,O,I
Obrazovanie. Nauka. Nauchnye kadry [Education. Science. Brainpower],B,source,I
", no. ",O,O,I
4,B,volume,I
", p. ",O,O,I
25,B,fpage,I
—,O,O,I
28,B,lpage,I
".
",O,O,I
5.,O,O,I
 ,B,author,B
Kuznetsova,I,author,I
",",I,author,I
Т. Yu,I,author,I
. ,O,O,I
2012,B,year,I
",",O,O,I
 Demografija s osnovami jetnografii [Demographics of the basics of Ethnography],B,title,I
", ",O,O,I
Kaliningrad,B,other,I
".
",O,O,I
6.,O,O,I
 ,B,author,B
Sluka,I,author,I
",",I,author,I
 A. Ye.,I,author,I
",",O,O,I
 ,B,author,I
Sluka,I,author,I
", ",I,author,I
N. А.,I,author,I
 ,O,O,I
2000,B,year,I
", ",O,O,I
Geografija naselenija s osnovami demografii [Population geography with the basics of demography],B,title,I
", ",O,O,I
Moscow,B,other,I
".
",O,O,I
7. ,O,O,I
Smirnova,B,author,B
", ",I,author,I
T. L. ,I,author,I
2010,B,year,I
",",O,O,I
 Vosproizvodstvo naselenija i rynok rabochej sily v Rossii [Reproduction of the population and the labor market in Russia],B,title,I
", ",O,O,I
Problemy sovremennoj jekonomiki [Problems of Modern Economics],B,source,I
", no ",O,O,I
1,B,volume,I
", p. ",O,O,I
85,B,fpage,I
—,O,O,I
88,B,lpage,I
".
",O,O,I
8. ,O,O,I
Shmakov,B,author,B
",",I,author,I
 N. A.,I,author,I
 ,O,O,I
2011,B,year,I
", ",O,O,I
Demograficheskie rejtingi polozhenija. Rejtingi regionov RF po urovnju rozhdaemosti [Demographic ratings position. Ratings Russian regions by the level of fertility],B,title,I
", ",O,O,I
Jekonomicheskie nauki [Economics],B,source,I
", no. ",O,O,I
6,B,volume,I
", p. ",O,O,I
47,B,fpage,I
—,O,O,I
50,B,lpage,I
".
",O,O,I
9.,O,O,I
 ,B,author,B
Shmakov,I,author,I
", ",I,author,I
N. A.,I,author,I
 ,O,O,I
2011,B,year,I
", ",O,O,I
"Demograficheskie rejtingi polozhenija. Rejtingi regionov RF po urovnju smertnosti naselenija [Demographic ratings position. Ratings Russian regions by the level of mortality],",B,title,I
" Jekonomika, nalogi, pravo [Economy, taxes, the law]",B,source,I
", no. ",O,O,I
4,B,volume,I
", p. ",O,O,I
18,B,fpage,I
—,O,O,I
22,B,lpage,I
".
",O,O,I
10.,O,O,I
 World population prospects,B,editor,B
", the ",O,O,I
1995,B,year,I
" revision, available at: ",O,O,I
http://esa.un. org/wpp/1995,B,url,I
 ,O,O,I
(accessed: 01.02.2014),B,other,I
".
",O,O,I
11.,O,O,I
 World population prospects,B,editor,B
", the ",O,O,I
2010 ,B,year,I
"revision, available at: ",O,O,I
http://esa.un. org/wpp/ 2010,B,url,I
 ,O,O,I
(accessed: 01.02.2014),B,other,I
".
",O,O,I
12. ,O,O,I
Statistical resources of the World Bank,B,editor,B
", available at:",O,O,I
 http://data.worldbank. org/,B,url,I
 ,O,O,I
(accessed: 01.02.2014),B,other,I
".
",O,O,I
