token,tag,label,ref
Bharadwaj,B,author,B
", ",I,author,I
L K.,I,author,I
 (,O,O,I
1998,B,year,I
). ,O,O,I
Principled versus pragmatic nonviolence,B,title,I
. ,O,O,I
Peace Review,B,source,I
", ",O,O,I
10,B,volume,I
(,O,O,I
1,B,issue,I
"), ",O,O,I
79,B,fpage,I
- ,O,O,I
81,B,lpage,I
".
",O,O,I
Braatz,B,author,B
", ",I,author,I
T.,I,author,I
 (,O,O,I
2014,B,year,I
). ,O,O,I
The limitations of strategic nonviolence,B,title,I
. ,O,O,I
Peace Review,B,source,I
", ",O,O,I
26,B,volume,I
(,O,O,I
1,B,issue,I
"), ",O,O,I
4,B,fpage,I
-,O,O,I
11,B,lpage,I
".
",O,O,I
Clements,B,author,B
", ",I,author,I
K. P.,I,author,I
 (,O,O,I
2015,B,year,I
). ,O,O,I
Rediscovering Gandhi and principled nonviolence: an imperative for the 21st century,B,title,I
. ,O,O,I
Thammasat Review,B,source,I
", ",O,O,I
18,B,volume,I
(,O,O,I
1,B,issue,I
"), ",O,O,I
11,B,fpage,I
-,O,O,I
27,B,lpage,I
".
",O,O,I
Foss,B,author,B
", ",I,author,I
S. K.,I,author,I
", & ",O,O,I
Griffin,B,author,I
", ",I,author,I
C. L.,I,author,I
 (,O,O,I
1995,B,year,I
). ,O,O,I
Beyond persuasion: A proposal for an invitational rhetoric,B,title,I
. ,O,O,I
Communication Monographs,B,source,I
", ",O,O,I
62,B,volume,I
", ",O,O,I
2,B,fpage,I
-,O,O,I
18,B,lpage,I
".
",O,O,I
Galtung,B,author,B
", ",I,author,I
J.,I,author,I
 (,O,O,I
1965,B,year,I
). ,O,O,I
On the meaning of nonviolence,B,title,I
. ,O,O,I
Journal of Peace Studies,B,source,I
", ",O,O,I
2,B,volume,I
(,O,O,I
3,B,issue,I
"), ",O,O,I
228,B,fpage,I
-,O,O,I
257,B,lpage,I
".
",O,O,I
Gandhi,B,author,B
", ",I,author,I
M. K.,I,author,I
 (,O,O,I
1925,B,year,I
", ",O,O,I
January 8,B,other,I
). ,O,O,I
The suppressed classes,B,title,I
. ,O,O,I
Young India,B,source,I
", p. ",O,O,I
15,B,fpage,I
".
",O,O,I
Gandhi,B,author,B
",",I,author,I
 M. K.,I,author,I
 (,O,O,I
1971,B,year,I
). ,O,O,I
Non-violence,B,title,I
. In ,O,O,I
J. G. Murphy,B,editor,I
" (Ed.), ",O,O,I
Civil disobedience and violence,B,source,I
 (pp. ,O,O,I
93,B,fpage,I
-,O,O,I
102,B,lpage,I
). ,O,O,I
"Belmont, CA",B,other,I
: ,O,O,I
Wadsworth,B,publisher,I
".
",O,O,I
Gandhi,B,author,B
", ",I,author,I
M. K,I,author,I
", & ",O,O,I
Dalton,B,author,I
", ",I,author,I
D.,I,author,I
 (,O,O,I
1996,B,year,I
). ,O,O,I
Mahatma Gandhi: Selected political writings,B,title,I
. ,O,O,I
Indianapolis,B,other,I
: ,O,O,I
Hackett Pub. Co,B,publisher,I
".
",O,O,I
Gilbert,B,author,B
", ",I,author,I
M. A.,I,author,I
 (,O,O,I
1995,B,year,I
). ,O,O,I
Coalescent argumentation,B,title,I
. ,O,O,I
Argumentation,B,source,I
", ",O,O,I
9,B,volume,I
", ",O,O,I
837,B,fpage,I
-,O,O,I
852,B,lpage,I
".
",O,O,I
Gorsevski,B,author,B
", ",I,author,I
E. W.,I,author,I
 (,O,O,I
2012,B,year,I
). ,O,O,I
Peaceful persuasion: The geopolitics of nonviolent rhetoric,B,title,I
. ,O,O,I
Albany,B,other,I
: ,O,O,I
State University Of New York Press,B,publisher,I
".
",O,O,I
Herrick,B,author,B
", ",I,author,I
J. A.,I,author,I
 (,O,O,I
2013,B,year,I
). ,O,O,I
History and theory of rhetoric: An introduction,B,title,I
. ,O,O,I
New York,B,other,I
: ,O,O,I
Routledge,B,publisher,I
".
",O,O,I
King,B,author,B
", ",I,author,I
M. L. Jr.,I,author,I
 (,O,O,I
1958,B,year,I
). ,O,O,I
Stride toward freedom: The Montgomery story,B,title,I
. ,O,O,I
New York,B,other,I
: ,O,O,I
Ballantine Books,B,publisher,I
".
",O,O,I
King,B,author,B
", ",I,author,I
"M. L., Jr.",I,author,I
 (,O,O,I
1967,B,year,I
", ",O,O,I
January 25,B,other,I
). ,O,O,I
Nomination of Thich Nhat Hanh for the Nobel Peace Prize,B,title,I
. ,O,O,I
Retrieved from Hartford Web Publishing website,B,other,I
. ,O,O,I
http://www.hartford-hwp.com/ archives/45a/025.html,B,url,I
"
",O,O,I
King,B,author,B
", ",I,author,I
"M. L., Jr.",I,author,I
 (,O,O,I
2012,B,year,I
). ,O,O,I
A gift of love: Sermons from strength to love and other preachings,B,title,I
. ,O,O,I
Boston,B,other,I
: ,O,O,I
Beacon Press,B,publisher,I
".
",O,O,I
King,B,author,B
", ",I,author,I
M. L.,I,author,I
", & ",O,O,I
Washington,B,author,I
", ",I,author,I
J. M.,I,author,I
 (,O,O,I
1986,B,year,I
). ,O,O,I
"A testament of hope: The essential writings of Martin Luther King, Jr",B,title,I
. ,O,O,I
San Francisco,B,other,I
: ,O,O,I
Harper & Row,B,publisher,I
".
",O,O,I
King,B,author,B
", ",I,author,I
R. H.,I,author,I
 (,O,O,I
2003,B,year,I
). ,O,O,I
Thomas Merton and Thich Nhất Hạnh: Engaged spirituality in an age of globalization,B,title,I
. ,O,O,I
New York,B,other,I
: ,O,O,I
Continuum,B,publisher,I
".
",O,O,I
Malkin,B,author,B
", ",I,author,I
J.,I,author,I
 (,O,O,I
2003,B,year,I
", ",O,O,I
July 1,B,other,I
). ,O,O,I
"In engaged Buddhism, peace begins with you",B,title,I
. ,O,O,I
Lions Roar,B,publisher,I
", ",O,O,I
https://www.lionsroar.com/in-engaged-buddhism-peace-begins-with-you/,B,url,I
"
",O,O,I
Martin,B,author,B
",",I,author,I
 B.,I,author,I
", & ",O,O,I
Varney,B,author,I
", ",I,author,I
W.,I,author,I
 (,O,O,I
2003,B,year,I
). ,O,O,I
Nonviolence and communication,B,title,I
. ,O,O,I
Journal of Peace Research,B,source,I
", ",O,O,I
40,B,volume,I
(,O,O,I
2,B,issue,I
"), ",O,O,I
213,B,fpage,I
-,O,O,I
232,B,lpage,I
".
",O,O,I
Nhất Hạnh,B,author,B
", ",I,author,I
T.,I,author,I
 (,O,O,I
1987,B,year,I
). ,O,O,I
Being peace,B,title,I
. ,O,O,I
"Berkeley, CA",B,other,I
: ,O,O,I
Parallax Press,B,publisher,I
".
",O,O,I
Nhất Hạnh,B,author,B
", ",I,author,I
T.,B,other,I
 (,O,O,I
1991,B,year,I
). ,O,O,I
Peace is every step: The path of mindfulness in everyday life,B,title,I
. ,O,O,I
"New York, N.Y",B,other,I
: ,O,O,I
Bantam Books,B,publisher,I
".
",O,O,I
Nhất Hạnh,B,author,B
", ",I,author,I
T.,I,author,I
 (,O,O,I
1993,B,year,I
). ,O,O,I
Love in action: Writings on nonviolent social change,B,title,I
. ,O,O,I
"Berkeley, CA",B,other,I
: ,O,O,I
Parallax Press,B,publisher,I
".
",O,O,I
Nhất Hạnh,B,author,B
", ",I,author,I
T. ,I,author,I
(,O,O,I
1995,B,year,I
). ,O,O,I
"Living Buddha, living Christ",B,title,I
. ,O,O,I
New York,B,other,I
: ,O,O,I
Berkley Publishing Group,B,publisher,I
".
",O,O,I
Nhất Hạnh,B,author,B
", ",I,author,I
T.,I,author,I
 (,O,O,I
1997,B,year,I
). ,O,O,I
Teachings on love,B,title,I
. ,O,O,I
"Berkeley, CA",B,other,I
: ,O,O,I
Parallax Press,B,publisher,I
".
",O,O,I
Nhất Hạnh,B,author,B
", ",I,author,I
T.,I,author,I
 (,O,O,I
1998,B,year,I
). ,O,O,I
The heart of understanding: Commentaries on the Prajñaparamita Heart Sutra,B,title,I
. ,O,O,I
"Berkeley, CA",B,other,I
: ,O,O,I
Parallax Press,B,publisher,I
".
",O,O,I
Nhất Hạnh,B,author,B
",",I,author,I
 T.,I,author,I
 (,O,O,I
1999,B,year,I
). ,O,O,I
"Fragrant palm leaves: Journals, 1962-1966",B,title,I
. ,O,O,I
New York,B,other,I
: ,O,O,I
Riverhead Books,B,publisher,I
".
",O,O,I
Nhất Hạnh,B,author,B
", ",I,author,I
T.,I,author,I
 (,O,O,I
2003,B,year,I
). ,O,O,I
"Creating true peace: Ending violence in yourself, your family, your community, and the world",B,title,I
.,O,O,I
 New York,B,other,I
: ,O,O,I
Free Press,B,publisher,I
".
",O,O,I
Nhất Hạnh,B,author,B
", ",I,author,I
T.,I,author,I
 (,O,O,I
2006,B,year,I
", ",O,O,I
August 8,B,other,I
). ,O,O,I
Letter to President G.W. Bush,B,title,I
. Retrieved from:,O,O,I
 http://plumvillage.org/letters-from-thay/letter-to-president-g-w-bush-august-8-2006/,B,url,I
"
",O,O,I
Nhất Hạnh,B,author,B
",",I,author,I
 T. ,I,author,I
(,O,O,I
2007,B,year,I
).,O,O,I
 Chanting from the heart: Buddhist ceremonies and daily practices,B,title,I
. ,O,O,I
"Berkeley, CA",B,other,I
: ,O,O,I
Parallax Press,B,publisher,I
".
",O,O,I
Nhất Hạnh,B,author,B
", ",I,author,I
T.,I,author,I
 (,O,O,I
2008,B,year,I
", ",O,O,I
Autumn,B,other,I
). ,O,O,I
History of Engaged Buddhism. Mindfulness Bell: A Journal of the Art of Mindful Living,B,title,I
".
",O,O,I
Noam,B,author,B
", ",I,author,I
E. M.,I,author,I
 (,O,O,I
2005,B,year,I
). ,O,O,I
Why the Interent is bad for democracy,B,title,I
. ,O,O,I
Communications of the ACM,B,source,I
", ",O,O,I
48,B,volume,I
(,O,O,I
10,B,issue,I
"), 58. Retrieved from ",O,O,I
https://pdfs.semanticscholar.org/6725/ e56072a10375ee4ecd3414c971262983baf7.pdf,B,url,I
"
",O,O,I
Perelman,B,author,B
", ",I,author,I
C.,I,author,I
", & ",O,O,I
Olbrechts-Tyteca,B,author,I
", ",I,author,I
L.,I,author,I
 (,O,O,I
1969,B,year,I
). ,O,O,I
The New Rhetoric: a Treatise on Argumentation,B,title,I
. (,O,O,I
"J. Wilkinson, & P. Weaver, Trans.",B,other,I
). ,O,O,I
"Notre Dame, IN",B,other,I
: ,O,O,I
University of Notre Dame press,B,publisher,I
".
",O,O,I
Polinska,B,author,B
", ",I,author,I
W.,B,other,I
 (,O,O,I
2007,B,year,I
). ,O,O,I
Christian-Buddhist dialogue on loving the enemy,B,title,I
. ,O,O,I
Buddhist-Christian Studies,B,source,I
", ",O,O,I
27,B,volume,I
", ",O,O,I
89,B,fpage,I
-,O,O,I
107,B,lpage,I
".
",O,O,I
Ratner,B,author,B
", ",I,author,I
M.,I,author,I
 (,O,O,I
2016,B,year,I
", ",O,O,I
Autumn,B,other,I
). ,O,O,I
Aspiring Bodhisattvas,B,title,I
. ,O,O,I
The Mindfulness Bell: A Journal of the Art of Mindful Living,B,source,I
", ",O,O,I
34,B,fpage,I
-,O,O,I
37,B,lpage,I
".
",O,O,I
Schock,B,author,B
", ",I,author,I
K.,I,author,I
 (,O,O,I
2003,B,year,I
", ",O,O,I
October,B,other,I
). ,O,O,I
Nonviolent action and its misconceptions: Insights for social scientists,B,title,I
. ,O,O,I
PS: Political Science and Politics,B,source,I
", ",O,O,I
36,B,volume,I
(,O,O,I
4,B,issue,I
"), ",O,O,I
705,B,fpage,I
-,O,O,I
712,B,lpage,I
".
",O,O,I
Sharp,B,author,B
", ",I,author,I
G.,I,author,I
 (,O,O,I
1973,B,year,I
). ,O,O,I
The politics of nonviolent action,B,title,I
. ,O,O,I
"Boston, MA",B,other,I
: ,O,O,I
Porter Sargent,B,publisher,I
".
",O,O,I
Sharp,B,author,B
", ",I,author,I
G.,I,author,I
 (,O,O,I
2005,B,year,I
a). ,O,O,I
The politics of nonviolent action: Part three. The dynamics of nonviolent action,B,title,I
. ,O,O,I
Boston,B,other,I
: ,O,O,I
Extending Horizons Books,B,publisher,I
".
",O,O,I
Sharp,B,author,B
", ",I,author,I
G.,I,author,I
 (,O,O,I
2005,B,year,I
b). ,O,O,I
Waging nonviolent stuggle: 20th century practice and 21st century potential,B,title,I
. ,O,O,I
Boston,B,other,I
: ,O,O,I
Extending Horizons Books,B,publisher,I
".
",O,O,I
Southern Christian Leadership Conference,B,editor,B
. (,O,O,I
n.d.,B,other,I
). ,O,O,I
The philosophy of nonviolence and the tactic of nonviolent resistance,B,title,I
. Retrieved from: ,O,O,I
http://www.thekingcenter.org/archive/ document/philosophy-nonviolence-and-tactic-nonviolent-resistance#,B,url,I
"
",O,O,I
Terchek,B,author,B
", ",I,author,I
R. J.,I,author,I
 (,O,O,I
2001,B,year,I
). ,O,O,I
Gandhi: Nonviolence and violence,B,title,I
. ,O,O,I
Journal of Power and Ethics,B,source,I
", ",O,O,I
2,B,volume,I
(,O,O,I
3,B,issue,I
"), ",O,O,I
213,B,fpage,I
-,O,O,I
242,B,lpage,I
".
",O,O,I
Ucok-Sayrak,B,author,B
", ",I,author,I
O.,I,author,I
 (,O,O,I
2014,B,year,I
).,O,O,I
 Interbeing and the “ethical echo” of Levinas: Exploring communication ethics beyond willed agency,B,title,I
. ,O,O,I
The Review of Communication,B,source,I
", ",O,O,I
14,B,volume,I
(,O,O,I
3-4,B,issue,I
"), ",O,O,I
245,B,fpage,I
–,O,O,I
269,B,lpage,I
".
",O,O,I
