token,tag,label,ref
[1] ,O,O,I
Besharat,B,author,B
 ,I,author,I
M. A.,I,author,I
", ",O,O,I
Journal of Psychological Studies,B,title,I
 ,O,O,I
3,B,volume,I
(,O,O,I
2,B,issue,I
) ,O,O,I
2007 ,B,year,I
109,B,fpage,I
-,O,O,I
129,B,lpage,I
".
",O,O,I
[2] ,O,O,I
Ghorbani,B,author,B
 ,I,author,I
N.,I,author,I
", ",O,O,I
Journal of Psychological Research,B,title,I
 ,O,O,I
3,B,volume,I
(,O,O,I
4,B,issue,I
) (,O,O,I
1995,B,year,I
) ,O,O,I
76,B,fpage,I
-,O,O,I
92,B,lpage,I
".
",O,O,I
[3],O,O,I
 ,B,author,B
Agha Beigi,I,author,I
 ,I,author,I
L.,I,author,I
", ",O,O,I
Construction and customizing the work holism questionnaire for Tehran University masters,B,title,I
. ,O,O,I
MA degree thesis,B,other,I
. ,O,O,I
Psychological Department of Allame Tabatabai University,B,other,I
", ",O,O,I
2007,B,year,I
".
",O,O,I
[4] ,O,O,I
Ahadi ,B,author,B
M.,I,author,I
", ",O,O,I
Karbakhsh ,B,author,I
M.,I,author,I
", ",O,O,I
BaniJamali ,B,author,I
Sh. S.,I,author,I
", ",O,O,I
Hakimi Rad,B,author,I
 ,I,author,I
E.,I,author,I
", ",O,O,I
Journal of Psychological Studies,B,title,I
 ,O,O,I
4,B,volume,I
(,O,O,I
4,B,issue,I
) (,O,O,I
2008,B,year,I
) ,O,O,I
95,B,fpage,I
-,O,O,I
112,B,lpage,I
".
",O,O,I
[5] ,O,O,I
Ahmadi ,B,author,B
P.,I,author,I
", ",O,O,I
Tahmasbi ,B,author,I
R.,I,author,I
", ",O,O,I
Baba Shahi,B,author,I
 ,I,author,I
J.,I,author,I
", ",O,O,I
Fatahi,B,author,I
", ",I,author,I
M.,I,author,I
", ",O,O,I
Transformation Management Research,B,title,I
 ,O,O,I
3 ,B,volume,I
(,O,O,I
2010,B,year,I
) ,O,O,I
46,B,fpage,I
-,O,O,I
67,B,lpage,I
".
",O,O,I
[6] ,O,O,I
Izkian ,B,author,B
SareShaban,I,author,I
", ",O,O,I
Acomparison ofviolence and hardiness,B,title,I
. ,O,O,I
"MA thesis General Psychology, Tarbiat Moalem University",B,other,I
", ",O,O,I
2001,B,year,I
".
",O,O,I
[7] ,O,O,I
Jomhari ,B,author,B
F,I,author,I
. ,O,O,I
Relationship Hardiness and tendency to anxiety and depression among male and female students of Tehran Universities,B,title,I
. ,O,O,I
PHD thesis. The Psychological Department of Allame Tabatabai University,B,other,I
", ",O,O,I
2002,B,year,I
".
",O,O,I
[8] ,O,O,I
Sabri Nazarzadeh,B,author,B
 ,I,author,I
R.,I,author,I
", ",O,O,I
Abdkhodai,B,author,I
", ",I,author,I
M. S.,I,author,I
", ",O,O,I
Contemporary Psychological Quarterly,B,title,I
 ,O,O,I
5,B,volume,I
(,O,O,I
1,B,issue,I
) (,O,O,I
2010,B,year,I
) ,O,O,I
490,B,fpage,I
-,O,O,I
492,B,lpage,I
".
",O,O,I
[9] ,O,O,I
Asgari ,B,author,B
M.,I,author,I
", ",O,O,I
The relationship of hardiness and involvement with the addicting preparation,B,title,I
. ,O,O,I
The MA thesis. The Psychological Department of Allameh Tabatabai University,B,other,I
", ",O,O,I
2002,B,year,I
".
",O,O,I
[10] ,O,O,I
Majidian ,B,author,B
F.,I,author,I
", ",O,O,I
The relationship of the self-efficacy beliefs and hardiness with the directorjob stress,B,title,I
. ,O,O,I
The MA thesis. The Psychological Department of Allame Tabatabai University,B,other,I
", ",O,O,I
2004,B,year,I
".
",O,O,I
[11] ,O,O,I
Mohammad Talebi,B,author,B
 ,I,author,I
K.,I,author,I
", ",O,O,I
The relationship between the organizational culture and work holism,B,title,I
. ,O,O,I
The MA thesis. The Psychological Department of Shahid Beheshti University,B,other,I
", ",O,O,I
2008,B,year,I
".
",O,O,I
[12] ,O,O,I
Nasiri ,B,author,B
A.,I,author,I
 ,O,O,I
The contemporary psychological seasonal publication,B,title,I
 ,O,O,I
5,B,volume,I
(,O,O,I
1,B,issue,I
) (,O,O,I
2010,B,year,I
) ,O,O,I
761,B,fpage,I
-,O,O,I
763,B,lpage,I
".
",O,O,I
[13] ,O,O,I
Bandura ,B,author,B
A.,I,author,I
", ",O,O,I
Self- Efficacy: The exercise of control,B,title,I
", ",O,O,I
New York,B,other,I
: ,O,O,I
Freeman,B,publisher,I
", ",O,O,I
1997,B,year,I
".
",O,O,I
[14] ,O,O,I
Kobasa ,B,author,B
S. C.,I,author,I
", ",O,O,I
Maddi ,B,author,I
S. R.,I,author,I
", ",O,O,I
Kahn ,B,author,I
S.,I,author,I
", ",O,O,I
Journal of Personality and Social Psychology,B,title,I
 ,O,O,I
42 ,B,volume,I
(,O,O,I
1982,B,year,I
) ,O,O,I
168,B,fpage,I
-,O,O,I
177,B,lpage,I
".
",O,O,I
[15] ,O,O,I
Kobassa ,B,author,B
S. C.,I,author,I
", ",O,O,I
Journal of personality and social psychology,B,title,I
 ,O,O,I
37 ,B,volume,I
(,O,O,I
1979,B,year,I
) ,O,O,I
1,B,fpage,I
-,O,O,I
11,B,lpage,I
".
",O,O,I
[16] ,O,O,I
Kobassa ,B,author,B
S. C.,I,author,I
", ",O,O,I
Maddi ,B,author,I
S. R.,I,author,I
", ",O,O,I
Journal of health and social behavior,B,title,I
 ,O,O,I
22,B,volume,I
(,O,O,I
4,B,issue,I
) (,O,O,I
1982,B,year,I
) ,O,O,I
368,B,fpage,I
-,O,O,I
378,B,lpage,I
".
",O,O,I
[17] ,O,O,I
Lambert ,B,author,B
V. A.,I,author,I
", ",O,O,I
International Nursing Review,B,title,I
 ,O,O,I
54,B,volume,I
(,O,O,I
1,B,issue,I
) (,O,O,I
2007,B,year,I
) ,O,O,I
85,B,fpage,I
-,O,O,I
91,B,lpage,I
".
",O,O,I
[18] ,O,O,I
Issacson ,B,author,B
B.,I,author,I
", ",O,O,I
Characteristics and enhancement of resiliency in young people,B,title,I
. ,O,O,I
"Research (MSc thesis), University of Wisconsin-stout",B,other,I
", ",O,O,I
2002,B,year,I
".
",O,O,I
[19] ,O,O,I
Maddi,B,author,B
 ,I,author,I
S. R.,I,author,I
", ",O,O,I
Kobassa ,B,author,I
S. C.,I,author,I
", ",O,O,I
Journal of Personality Assessment,B,title,I
 ,O,O,I
63,B,volume,I
(,O,O,I
2,B,issue,I
) (,O,O,I
1994,B,year,I
) ,O,O,I
265,B,fpage,I
-,O,O,I
274,B,lpage,I
".
",O,O,I
[20] ,O,O,I
Maddi ,B,author,B
S. R.,I,author,I
", ",O,O,I
Kobassa ,B,author,I
S. C.,I,author,I
", ",O,O,I
Journal of performance studies,B,title,I
 ,O,O,I
3 ,B,volume,I
(,O,O,I
1996,B,year,I
) ,O,O,I
35,B,fpage,I
-,O,O,I
40,B,lpage,I
".
",O,O,I
[21] ,O,O,I
Fergus ,B,author,B
S.,I,author,I
", ",O,O,I
Zemmerman ,B,author,I
M. A.,I,author,I
", ",O,O,I
Adolescent resilience: A framework for understanding healthy development in the face of risk. Proquest health and medical complete,B,title,I
", ",O,O,I
2005,B,year,I
".
",O,O,I
[22] ,O,O,I
Brooks,B,author,B
 ,I,author,I
M. V.,I,author,I
", ",O,O,I
Nursing Forum,B,title,I
 ,O,O,I
38 ,B,volume,I
(,O,O,I
2003,B,year,I
) ,O,O,I
11,B,fpage,I
-,O,O,I
20,B,lpage,I
".
",O,O,I
[23] ,O,O,I
Florian ,B,author,B
V.,I,author,I
", ",O,O,I
Mikulincer ,B,author,I
M.,I,author,I
", ",O,O,I
Journal of Personality and Social Psychology,B,title,I
 (,O,O,I
68,B,volume,I
) (,O,O,I
1995,B,year,I
) ,O,O,I
687,B,fpage,I
-,O,O,I
695,B,lpage,I
".
",O,O,I
[24] ,O,O,I
Sheppard ,B,author,B
J. A.,I,author,I
", ",O,O,I
Kashani ,B,author,I
J. H,I,author,I
", ",O,O,I
Journal of Personality,B,title,I
 ,O,O,I
59,B,volume,I
(,O,O,I
4,B,issue,I
) (,O,O,I
1999,B,year,I
) ,O,O,I
747,B,fpage,I
-,O,O,I
767,B,lpage,I
".
",O,O,I
[25] ,O,O,I
Spence ,B,author,B
J. T.,I,author,I
", ",O,O,I
Robbins ,B,author,I
A. S.,I,author,I
", ",O,O,I
Journal of Personality Assessment,B,title,I
 ,O,O,I
58,B,volume,I
(,O,O,I
1,B,issue,I
) (,O,O,I
1992,B,year,I
) ,O,O,I
160,B,fpage,I
-,O,O,I
178,B,lpage,I
".
",O,O,I
[26] ,O,O,I
Oates ,B,author,B
W.,I,author,I
", ",O,O,I
"Confessions of a workaholic: The Facts about Work Addiction, World Publishing",B,title,I
", ",O,O,I
"New York, NY",B,other,I
", ",O,O,I
1971,B,year,I
".
",O,O,I
[27] ,O,O,I
McMillan ,B,author,B
L. H. W.,I,author,I
", ",O,O,I
O’Driscoll ,B,author,I
M. P.,I,author,I
", ",O,O,I
Burke ,B,author,I
R. J.,I,author,I
", ",O,O,I
International Review of Industrial and Organizational Psychology,B,title,I
 ,O,O,I
18 ,B,volume,I
(,O,O,I
2003,B,year,I
) ,O,O,I
167,B,fpage,I
-,O,O,I
189,B,lpage,I
".
",O,O,I
[28] ,O,O,I
Buelens ,B,author,B
M.,I,author,I
", ",O,O,I
Poelmans ,B,author,I
S. A. Y.,I,author,I
", ",O,O,I
"“Enriching the spence androbbins’ typo- logy of work holism: Demographic, motivational and organizational correlates”",B,title,I
", ",O,O,I
Organizational Change Management,B,source,I
", ",O,O,I
2004,B,year,I
", pp. ",O,O,I
457,B,fpage,I
-,O,O,I
470,B,lpage,I
".
",O,O,I
[29] ,O,O,I
Snir ,B,author,B
R.,I,author,I
", ",O,O,I
Zohar ,B,author,I
D.,I,author,I
", ",O,O,I
Applied Psychology: An International Review,B,title,I
 ,O,O,I
57,B,volume,I
(,O,O,I
1,B,issue,I
) (,O,O,I
2008,B,year,I
) ,O,O,I
109,B,fpage,I
-,O,O,I
127,B,lpage,I
".
",O,O,I
[30] ,O,O,I
Snir ,B,author,B
R.,I,author,I
", ",O,O,I
Harpaz ,B,author,I
I.,I,author,I
", ",O,O,I
Career Development International,B,title,I
 ,O,O,I
11 ,B,volume,I
(,O,O,I
2006,B,year,I
) No ,O,O,I
5,B,issue,I
".
",O,O,I
[31] ,O,O,I
Scott ,B,author,B
K. S.,I,author,I
", ",O,O,I
Moore ,B,author,I
K. S.,I,author,I
", ",O,O,I
Miceli ,B,author,I
M. P.,I,author,I
",",O,O,I
 Human Relations,B,title,I
 ,O,O,I
50,B,volume,I
(,O,O,I
3,B,issue,I
) (,O,O,I
1997,B,year,I
) ,O,O,I
287,B,fpage,I
-,O,O,I
314,B,lpage,I
".
",O,O,I
[32] ,O,O,I
Piotrowski ,B,author,B
C.,I,author,I
", ",O,O,I
Vodanovich ,B,author,I
S.,I,author,I
", ",O,O,I
Journal of Instructional Psychology,B,title,I
 ,O,O,I
35,B,volume,I
(,O,O,I
1,B,issue,I
) (,O,O,I
2008,B,year,I
) ,O,O,I
147,B,fpage,I
-,O,O,I
161,B,lpage,I
".
",O,O,I
[33] ,O,O,I
Schaufeli ,B,author,B
W. B.,I,author,I
", ",O,O,I
Bakker ,B,author,I
A.,I,author,I
", ",O,O,I
Van der Heijden,B,author,I
 ,I,author,I
F.,I,author,I
", ",O,O,I
Prins,B,author,I
 ,I,author,I
J.,I,author,I
", ",O,O,I
Work and Stress,B,title,I
 ,O,O,I
23,B,volume,I
(,O,O,I
2,B,issue,I
) (,O,O,I
2009,B,year,I
) ,O,O,I
155,B,fpage,I
-,O,O,I
172,B,lpage,I
".
",O,O,I
[34] ,O,O,I
King ,B,author,B
L. A.,I,author,I
", ",O,O,I
King ,B,author,I
D. W.,I,author,I
", ",O,O,I
Keane ,B,author,I
T. M.,I,author,I
", ",O,O,I
Faribank ,B,author,I
J. F.,I,author,I
", ",O,O,I
Adams ,B,author,I
G. A.,I,author,I
", ",O,O,I
Journal of Personality and Social Psychology,B,title,I
 ,O,O,I
74,B,volume,I
(,O,O,I
2,B,issue,I
) (,O,O,I
1998,B,year,I
) ,O,O,I
420,B,fpage,I
 - ,O,O,I
434,B,lpage,I
".
",O,O,I
