token,tag,label,ref
[1] ,O,O,I
Tumpf,B,author,B
",",I,author,I
 S.E.,I,author,I
 ,O,O,I
1975,B,year,I
.,O,O,I
 Socrates to Sartre: A History of Philosophy,B,title,I
 ,O,O,I
2,B,issue,I
nd ed. ,O,O,I
McGraw-Hill Book Company,B,publisher,I
.,O,O,I
 United States of America,B,other,I
"
",O,O,I
[2] ,O,O,I
Mandel,B,author,B
", ",I,author,I
E.,I,author,I
 ,O,O,I
2003,B,year,I
. ,O,O,I
Origin and Development of the State in the History of Societies: The Marxist Theory of the State,B,title,I
. ,O,O,I
"Retrieved on March 05, 2013 from",B,other,I
 http://internationalviewpoint.org/spip.php?article187,B,url,I
"
",O,O,I
[3] ,O,O,I
Levine,B,author,B
", ",I,author,I
A.,I,author,I
 ,O,O,I
1924,B,year,I
. ,O,O,I
Sociology: an Introduction,B,title,I
. ,O,O,I
Random House,B,publisher,I
. ,O,O,I
New York,B,other,I
".
",O,O,I
[4] ,O,O,I
Abraham,B,author,B
", ",I,author,I
F.,I,author,I
 & ,O,O,I
Morgan,B,author,I
", ",I,author,I
J.H.,I,author,I
1994,B,year,I
. ,O,O,I
Sociological Thought from Comte to Sorokin,B,title,I
. ,O,O,I
Macmillan India Limited,B,publisher,I
".
",O,O,I
[5] ,O,O,I
Morrision,B,author,B
", ",I,author,I
K.,I,author,I
 ,O,O,I
1998,B,year,I
. ,O,O,I
Formation of Modern Social Thought,B,title,I
. ,O,O,I
SAGE Publication,B,publisher,I
. ,O,O,I
London,B,other,I
".
",O,O,I
[6] ,O,O,I
Constas,B,author,B
", ",I,author,I
H.,I,author,I
 ,O,O,I
1958,B,year,I
. ,O,O,I
Max Weber’s Two Conceptions of Bureaucracy,B,title,I
. ,O,O,I
American Journal of Sociology,B,source,I
. Vol. ,O,O,I
63,B,volume,I
", No. ",O,O,I
4,B,issue,I
".
",O,O,I
[7] ,O,O,I
Rao,B,author,B
", ",I,author,I
C.N.S.,I,author,I
 ,O,O,I
2000,B,year,I
. ,O,O,I
Sociology: Primary Principles of Sociology with an Introduction to Social Thought,B,title,I
. ,O,O,I
S. Chand & Company Ltd.,B,publisher,I
 ,O,O,I
New Delhi,B,other,I
".
",O,O,I
[8] ,O,O,I
Weber,B,author,B
", ",I,author,I
M.,I,author,I
 ,O,O,I
1968,B,year,I
. ,O,O,I
Economy and Society,B,title,I
. ,O,O,I
G. Roth,B,editor,I
", ",O,O,I
C. Wittich,B,editor,I
", Eds. & Trans. ",O,O,I
New York,B,other,I
. ,O,O,I
"Retrieved on March 5, 2013",B,other,I
: ,O,O,I
http://www.faculty.rsu.edu/users/f/felwell/www/TheoryWeb/readings/WeberBurform.ht ml,B,url,I
"
",O,O,I
[9] ,O,O,I
Miller,B,author,B
", ",I,author,I
K.,I,author,I
 ,O,O,I
2008,B,year,I
. ,O,O,I
Organizational Communication: Approaches and Processes,B,title,I
. ,O,O,I
Wadsworth Publishing,B,publisher,I
. ,O,O,I
United States,B,other,I
. ,O,O,I
"Retrieved on March 6, 2013",B,other,I
: ,O,O,I
http://suite101.com/article/maxweber-bureaucracy-theory-a267433,B,url,I
"
",O,O,I
[10] ,O,O,I
Alam,B,author,B
", ",I,author,I
K.,I,author,I
 ,O,O,I
2007,B,year,I
. ,O,O,I
Classical and contemporary Sociological Theory,B,title,I
. ,O,O,I
Kabir Publication,B,publisher,I
. ,O,O,I
Dhaka,B,other,I
".
",O,O,I
[11] ,O,O,I
Sen,B,author,B
", ",I,author,I
A.,I,author,I
 ,O,O,I
2009,B,year,I
. ,O,O,I
"The state, industrialization and class formations in India: A neo-Marxist perspective on colonialism, underdeveloped and developed",B,title,I
. ,O,O,I
Routledge & Kegan Paul,B,publisher,I
. ,O,O,I
London,B,other,I
".
",O,O,I
[12] ,O,O,I
Ahmed,B,author,B
", ",I,author,I
E.,I,author,I
 ,O,O,I
1980,B,year,I
. ,O,O,I
Bureaucratic Elites in segmented economic growth: Pakistan and Bangladesh,B,title,I
. ,O,O,I
University Press Limited,B,publisher,I
. ,O,O,I
Dacca. Bangladesh,B,other,I
".
",O,O,I
[13] ,O,O,I
Obaidullah,B,author,B
", ",I,author,I
A.T.M.,I,author,I
 ,O,O,I
1999,B,year,I
. ,O,O,I
"Bangladesh Public Administration: A Study of Major Reforms, Constraints and Strategies",B,title,I
. ,O,O,I
Academic Press & Publishers Limited,B,publisher,I
. ,O,O,I
Dhaka,B,other,I
"
",O,O,I
[14] ,O,O,I
Jamil,B,author,B
", ",I,author,I
I.,I,author,I
 ,O,O,I
2007,B,year,I
. ,O,O,I
Administrative culture in Bangladesh,B,title,I
. ,O,O,I
A H Development Publishing House,B,publisher,I
. ,O,O,I
Dhaka,B,other,I
"
",O,O,I
[15] ,O,O,I
Khan,B,author,B
", ",I,author,I
S.,I,author,I
 ,O,O,I
2012,B,year,I
. ,O,O,I
State of bureaucracy in Bangladesh and its reform,B,title,I
. ,O,O,I
The Financial Express,B,source,I
. ,O,O,I
Dhaka,B,other,I
.,O,O,I
 Retrieved on 24th March 2013 from,B,other,I
: ,O,O,I
http://www.thefinancialexpressbd.com/index.php?ref=MjBfMTFfMDRfMTJfMV82XzE0ODg0NA==,B,url,I
"
",O,O,I
[16] ,O,O,I
Willem,B,author,B
", ",I,author,I
V. S.,I,author,I
 ,O,O,I
2009,B,year,I
. ,O,O,I
A History of Bangladesh,B,title,I
. ,O,O,I
Cambridge University Press,B,publisher,I
. ,O,O,I
India,B,other,I
".
",O,O,I
[17] ,O,O,I
Sen,B,author,B
", ",I,author,I
A.,I,author,I
 ,O,O,I
1999,B,year,I
. ,O,O,I
Bangladesh: State and Society,B,title,I
. ,O,O,I
Abasar. Dhaka,B,other,I
".
",O,O,I
[18] ,O,O,I
Anisuzzaman,B,author,B
", ",I,author,I
M.,I,author,I
 ,O,O,I
2012,B,year,I
. ,O,O,I
Democracy in Bangladesh: Bureaucracy-Democracy’s RearGurd,B,title,I
 – Edited by ,O,O,I
Mahafuzul H Chowdhury,B,editor,I
. ,O,O,I
A H Development Publishing House,B,publisher,I
. ,O,O,I
Dhaka,B,other,I
".
",O,O,I
[19] ,O,O,I
Zafarullah,B,author,B
", ",I,author,I
H.,I,author,I
 ,O,O,I
1992,B,year,I
. ,O,O,I
Understanding Bureaucracy A Primer,B,title,I
. ,O,O,I
Academic Publishers,B,publisher,I
. ,O,O,I
Dhaka,B,other,I
".
",O,O,I
[20] ,O,O,I
Ahmed,B,author,B
", ",I,author,I
N.,I,author,I
 ,O,O,I
2009,B,year,I
. ,O,O,I
Bureaucracy and Local Politics in Bangladesh: A Study in Roles and Relationships,B,title,I
. ,O,O,I
A H Development Publishing House,B,publisher,I
. ,O,O,I
Dhaka,B,other,I
".
",O,O,I
[21] ,O,O,I
Agrawal,B,author,B
", ",I,author,I
P.K.,I,author,I
 ,O,O,I
1995,B,year,I
. ,O,O,I
Motivation and Indian Bureaucracy,B,title,I
. ,O,O,I
M D Publications PVT LTD,B,publisher,I
. ,O,O,I
New Delhi,B,other,I
".
",O,O,I
[22] ,O,O,I
Jacoby,B,author,B
", ",I,author,I
H.,I,author,I
 ,O,O,I
1976,B,year,I
. ,O,O,I
The Bureaucratization of the world,B,title,I
 ,O,O,I
(Translated by Eveline Kanes),B,other,I
. ,O,O,I
University of California Press,B,publisher,I
. ,O,O,I
London,B,other,I
"
",O,O,I
