token,tag,label,ref
[1] ,O,O,I
Abeshouse,B,author,B
", ",I,author,I
Bob,I,author,I
",",O,O,I
 The Koch Brothers - People & Power: Al Jazeera English,B,title,I
". N.p., 1 Nov., ",O,O,I
2011,B,year,I
. ,O,O,I
http://www.aljazeera.com/programmes/peopleandpower/2011/10/2011102683719370179.html,B,url,I
 [,O,O,I
Accessed on 16 Nov. 2011,B,other,I
".]
",O,O,I
[2] ,O,O,I
Bacevich ,B,author,B
Andrew J.,I,author,I
", ",O,O,I
"""Slow Learner"" Washington rules: America's Path to Permanent War",B,title,I
. ,O,O,I
New York,B,other,I
: ,O,O,I
Metropolitan Books,B,publisher,I
 (,O,O,I
2010,B,year,I
) ,O,O,I
1,B,fpage,I
-,O,O,I
18,B,lpage,I
".
",O,O,I
[3] ,O,O,I
Dietrich,B,author,B
", ",I,author,I
Wolfgang,I,author,I
", ",O,O,I
Wolfgang ,B,author,I
Sutzl,I,author,I
",",O,O,I
" A Call for Many Peaces""Schlu sseltexte der Friedensforschung = Key texts of peace studies = Textos claves de la investigaciónparala paz.",B,title,I
 ,O,O,I
Wien,B,other,I
: ,O,O,I
Lit Verlag,B,publisher,I
 (,O,O,I
2006,B,year,I
) ,O,O,I
282,B,fpage,I
-,O,O,I
301,B,lpage,I
".
",O,O,I
[4] ,O,O,I
Harvey,B,author,B
", ",I,author,I
David,I,author,I
",",O,O,I
" Neoliberalism 'with Chinese Characteristics"" A Brief History of Neoliberalism",B,title,I
. ,O,O,I
Oxford,B,other,I
: ,O,O,I
Oxford University Press,B,publisher,I
 (,O,O,I
2005,B,year,I
) ,O,O,I
120,B,fpage,I
-,O,O,I
151,B,lpage,I
".
",O,O,I
[5] ,O,O,I
Morgan,B,author,B
", ",I,author,I
Michael L.,I,author,I
", ",O,O,I
"Philosophy, Totality, and the Everyday: Discovering Levinas",B,title,I
. ,O,O,I
New York,B,other,I
: ,O,O,I
Cambridge University Press,B,publisher,I
 (,O,O,I
2007,B,year,I
) ,O,O,I
85,B,fpage,I
-,O,O,I
114,B,lpage,I
".
",O,O,I
[6] ,O,O,I
Sachs,B,author,B
", ",I,author,I
Wolfgang,I,author,I
", ",O,O,I
"One World: Schlusseltexte der Friedensforschung, Key texts of peace studies Textos claves de la investigaciónpara la paz",B,title,I
. ,O,O,I
Wien,B,other,I
: ,O,O,I
Lit Verlag,B,publisher,I
 (,O,O,I
2006,B,year,I
) ,O,O,I
209 ,B,fpage,I
-,O,O,I
224,B,lpage,I
".
",O,O,I
[7] ,O,O,I
Truman ,B,author,B
Harry,I,author,I
",",O,O,I
 Truman Inaugural Address: Harry S. Truman Library and Museum,B,title,I
. ,O,O,I
"N.p., January 20",B,other,I
", ",O,O,I
1949,B,year,I
. n.d.,O,O,I
http://www.trumanlibrary.org/whistlestop/50yr_archive/inagural20jan1949.htm,B,url,I
 [,O,O,I
Accessed on 16 Nov. 2011,B,other,I
".]
",O,O,I
[8] ,O,O,I
Williamson,B,author,B
", ",I,author,I
Lucy,I,author,I
", ",O,O,I
Islamic banks 'better in crisis,B,title,I
:,O,O,I
 BBC News,B,source,I
. ,O,O,I
"N.p., 2 Mar.",B,other,I
 ,O,O,I
2009,B,year,I
. ,O,O,I
http://news.bbc.co.uk/2/hi/asia-pacific/7918129.stm,B,url,I
 [,O,O,I
Accessed 16 Nov. 2011,B,other,I
".]
",O,O,I
[9] ,O,O,I
Zizek,B,author,B
", ",I,author,I
Slavoj,I,author,I
", ",O,O,I
"Occupy first, Demands come later",B,title,I
: ,O,O,I
The Guardian,B,source,I
.,O,O,I
"N.p., 26 Oct.",B,other,I
 ,O,O,I
2011,B,year,I
.,O,O,I
 http://www.guardian.co.uk/commentisfree/2011/oct/26/occupy-protesters-billclinton?,B,url,I
fb=native &CMP=FBCNETTXT9038,B,other,I
 [,O,O,I
Accessed on 17 Nov. 2011,B,other,I
".]
",O,O,I
