token,tag,label,ref
1. ,O,O,I
Dealey,B,author,B
 ,I,author,I
C.,I,author,I
 ,O,O,I
Cuidando de feridas: um guia para enfermeiras,B,title,I
. ,O,O,I
3,B,issue,I
. ed. ,O,O,I
São Paulo,B,other,I
: ,O,O,I
Atheneu,B,publisher,I
; ,O,O,I
2008,B,year,I
".
",O,O,I
2. ,O,O,I
Harrison,B,author,B
 ,I,author,I
MB,I,author,I
", ",O,O,I
Ian,B,author,I
 ,I,author,I
ID,I,author,I
", ",O,O,I
Lorimer,B,author,I
 ,I,author,I
K,I,author,I
",",O,O,I
et al.,B,other,I
 ,O,O,I
Nurse clinic versus home delivery of evidence-based community leg ulcer care: A randomized health services trial,B,title,I
. ,O,O,I
BMC Health Services Research.,B,source,I
 ,O,O,I
2008,B,year,I
;,O,O,I
8,B,volume,I
:,O,O,I
243,B,issue,I
".
",O,O,I
3. ,O,O,I
Opromolla,B,author,B
 ,I,author,I
DVA,I,author,I
. ,O,O,I
Úlceras de perna,B,title,I
. In: ,O,O,I
Jorge SA,B,editor,I
", ",O,O,I
Dantas SRPE,B,editor,I
. ,O,O,I
Abordagem multiprofissional no tratamento de feridas,B,source,I
. ,O,O,I
São Paulo,B,other,I
: ,O,O,I
Atheneu,B,publisher,I
; ,O,O,I
2003,B,year,I
. p. ,O,O,I
271,B,fpage,I
-,O,O,I
8,B,lpage,I
".
",O,O,I
4. ,O,O,I
Bevis,B,author,B
 ,I,author,I
P,I,author,I
", ",O,O,I
Earnshaw,B,author,I
 ,I,author,I
J,I,author,I
. ,O,O,I
"Venous ulcer review. Clinical, Cosmetic and Investigational Dermatology",B,title,I
. ,O,O,I
2011,B,year,I
;,O,O,I
4,B,volume,I
:,O,O,I
7,B,fpage,I
–,O,O,I
14,B,lpage,I
".
",O,O,I
5. ,O,O,I
Frade,B,author,B
 ,I,author,I
MAC,I,author,I
", ",O,O,I
Cursi,B,author,I
 ,I,author,I
IB,I,author,I
",",O,O,I
 ,B,author,I
Andrade,I,author,I
 ,I,author,I
FF,I,author,I
", ",O,O,I
Soares,B,author,I
 ,I,author,I
SC,I,author,I
", ",O,O,I
Ribeiro,B,author,I
 ,I,author,I
WS,I,author,I
", ",O,O,I
Santos,B,author,I
 ,I,author,I
WSR,I,author,I
", ",O,O,I
et al,B,other,I
. ,O,O,I
Úlcera de perna: um estudo de casos em Juiz de Fora - MG Brasil e região,B,title,I
. ,O,O,I
An Bras Dermatol,B,source,I
. ,O,O,I
2005,B,year,I
;,O,O,I
80,B,volume,I
(,O,O,I
1,B,issue,I
):,O,O,I
41,B,fpage,I
-,O,O,I
6,B,lpage,I
".
",O,O,I
6. ,O,O,I
Chatterjee,B,author,B
 ,I,author,I
SS,I,author,I
. ,O,O,I
Venous ulcers of the lower limb: Where do we stand?,B,title,I
 ,O,O,I
Indian J Plast Surg,B,source,I
. ,O,O,I
2012,B,year,I
;,O,O,I
45,B,volume,I
(,O,O,I
2,B,issue,I
):,O,O,I
266,B,fpage,I
–,O,O,I
74,B,lpage,I
".
",O,O,I
7. ,O,O,I
Sant'ana ,B,author,B
SMSC,I,author,I
", ",O,O,I
Bachion ,B,author,I
MM,I,author,I
", ",O,O,I
Santos ,B,author,I
QR,I,author,I
", ",O,O,I
Nunes ,B,author,I
CAB,I,author,I
", ",O,O,I
Malaquias ,B,author,I
SG,I,author,I
", ",O,O,I
Oliveira ,B,author,I
BGRG,I,author,I
. ,O,O,I
Úlceras venosas: caracterização clínica e tratamento em usuários atendidos em rede ambulatorial,B,title,I
. ,O,O,I
Rev bras enferm,B,source,I
. ,O,O,I
2012,B,year,I
; ,O,O,I
65,B,volume,I
(,O,O,I
4,B,issue,I
):,O,O,I
637,B,fpage,I
-,O,O,I
44,B,lpage,I
".
",O,O,I
8. ,O,O,I
Heinen ,B,author,B
 ,I,author,I
MM,I,author,I
", ",O,O,I
Persoon ,B,author,I
A,I,author,I
", ",O,O,I
Kerkhof,B,author,I
 ,I,author,I
P,I,author,I
", ",O,O,I
Otero,B,author,I
 ,I,author,I
M,I,author,I
", ",O,O,I
Achterberg ,B,author,I
T,I,author,I
.,I,author,I
 ,O,O,I
"Ulcer-related problems and health care needes in patients with venous leg ulceration: a descriptive, cross-sectional study",B,title,I
. ,O,O,I
Int J Nurs Stud,B,source,I
. ,O,O,I
2006,B,year,I
;,O,O,I
44,B,volume,I
(,O,O,I
8,B,issue,I
):,O,O,I
1296,B,fpage,I
-,O,O,I
303.,B,lpage,I
"
",O,O,I
9. ,O,O,I
Malaquias,B,author,B
 ,I,author,I
SG,I,author,I
", ",O,O,I
Bachion,B,author,I
 ,I,author,I
MM,I,author,I
", ",O,O,I
Sant’Ana,B,author,I
 ,I,author,I
SMCS,I,author,I
", ",O,O,I
Dallarmi,B,author,I
 ,I,author,I
CCB,I,author,I
", ",O,O,I
Lino Júnior,B,author,I
 ,I,author,I
RS,I,author,I
", ",O,O,I
Ferreira,B,author,I
 ,I,author,I
PS,I,author,I
. ,O,O,I
People with vascular ulcers in outpatient nursing care: a study of sociodemographic and clinical variables,B,title,I
. ,O,O,I
Rev Esc Enferm USP,B,source,I
. ,O,O,I
2012,B,year,I
;,O,O,I
46,B,volume,I
(,O,O,I
2,B,issue,I
):,O,O,I
302,B,fpage,I
-,O,O,I
10,B,lpage,I
".
",O,O,I
10.,O,O,I
Alvarado,B,author,B
 ,I,author,I
LC,I,author,I
", ",O,O,I
Silva,B,author,I
 ,I,author,I
FP,I,author,I
", ",O,O,I
Fogaça,B,author,I
 ,I,author,I
V,I,author,I
", ",O,O,I
Beluomini,B,author,I
 ,I,author,I
RDG,I,author,I
", ",O,O,I
Dantas,B,author,I
 ,I,author,I
SRPE,I,author,I
. ,O,O,I
Pain in outpatients with chronic venous ulcer,B,title,I
. ,O,O,I
Rev Estima,B,source,I
. ,O,O,I
2011,B,year,I
 [cited 2013 Jan 03];,O,O,I
9,B,volume,I
(,O,O,I
1,B,issue,I
):,O,O,I
14,B,fpage,I
-,O,O,I
23,B,lpage,I
. Available from: ,O,O,I
http://www.revistaestima.com.br/index.php?option=com_content&view=article&id=274%3A artigo-original-2&catid=18%3Aedicao91&Itemid=43&lang=pt,B,url,I
".
",O,O,I
1.,O,O,I
Lino Junior,B,author,B
 ,I,author,I
RS,I,author,I
", ",O,O,I
Ferreira,B,author,I
 ,I,author,I
PS,I,author,I
",",O,O,I
Etufugh,B,author,I
 ,I,author,I
CN,I,author,I
", ",O,O,I
Phillips,B,author,I
 ,I,author,I
TJ,I,author,I
. ,O,O,I
Venous ulcers,B,title,I
. ,O,O,I
Clin Dermatol,B,source,I
. ,O,O,I
2007,B,year,I
;,O,O,I
25,B,volume,I
(,O,O,I
1,B,issue,I
):,O,O,I
121,B,fpage,I
-,O,O,I
30,B,lpage,I
".
",O,O,I
12. ,O,O,I
Morrell,B,author,B
 ,I,author,I
CJ,I,author,I
", ",O,O,I
Walters,B,author,I
 ,I,author,I
SJ,I,author,I
", ",O,O,I
Dixon,B,author,I
 ,I,author,I
S,I,author,I
",",O,O,I
Collins,B,author,I
 ,I,author,I
KA,I,author,I
", ",O,O,I
Brereton,B,author,I
 ,I,author,I
LML,I,author,I
", ",O,O,I
Peters,B,author,I
 ,I,author,I
J,I,author,I
", ",O,O,I
et al,B,other,I
. ,O,O,I
Cost effectiveness of community leg ulcer clinics: Randomised controlled trial,B,title,I
. ,O,O,I
British Medical Journal,B,source,I
. ,O,O,I
1998,B,year,I
;,O,O,I
316,B,volume,I
(,O,O,I
7261,B,issue,I
):,O,O,I
1487,B,fpage,I
-,O,O,I
91,B,lpage,I
".
",O,O,I
13. ,O,O,I
Martins,B,author,B
 ,I,author,I
MA,I,author,I
", ",O,O,I
Tipple,B,author,I
 ,I,author,I
AFV,I,author,I
", ",O,O,I
Reis,B,author,I
 ,I,author,I
C,I,author,I
", ",O,O,I
Santiago,B,author,I
 ,I,author,I
SB,I,author,I
", ",O,O,I
Bachion,B,author,I
 ,I,author,I
MM,I,author,I
. ,O,O,I
Úlcera crônica de perna de pacientes em tratamento ambulatorial: análise microbiológica e de suscetibilidade antimicrobiana,B,title,I
. ,O,O,I
Cienc Cuid Saude,B,source,I
. ,O,O,I
2010,B,year,I
;,O,O,I
9,B,volume,I
(,O,O,I
3,B,issue,I
):,O,O,I
464,B,fpage,I
-,O,O,I
70,B,lpage,I
".
",O,O,I
14. ,O,O,I
Martins,B,author,B
 ,I,author,I
DA,I,author,I
", ",O,O,I
Souza,B,author,I
 ,I,author,I
AM,I,author,I
. ,O,O,I
O perfil dos portadores de úlcera varicosa cadastrados em programas de saúde pública,B,title,I
. ,O,O,I
Cogitare Enferm,B,source,I
. ,O,O,I
2007,B,year,I
;,O,O,I
12,B,volume,I
(,O,O,I
3,B,issue,I
):,O,O,I
353,B,fpage,I
-,O,O,I
7,B,lpage,I
"
",O,O,I
15. ,O,O,I
Borges,B,author,B
 ,I,author,I
EL,I,author,I
", ",O,O,I
Caliri,B,author,I
 ,I,author,I
MHL,I,author,I
", ",O,O,I
Haas,B,author,I
 ,I,author,I
VJ,I,author,I
. ,O,O,I
Revisão sistemática do tratamento tópico da úlcera venosa,B,title,I
. ,O,O,I
Rev Latino-am Enfermagem,B,source,I
. ,O,O,I
2007,B,year,I
;,O,O,I
15,B,volume,I
(,O,O,I
6,B,issue,I
):,O,O,I
1163,B,fpage,I
-,O,O,I
70,B,lpage,I
".
",O,O,I
16. ,O,O,I
Heit,B,author,B
 ,I,author,I
JA,I,author,I
", ",O,O,I
Rooke,B,author,I
 ,I,author,I
TW,I,author,I
", ",O,O,I
Silverstein,B,author,I
 ,I,author,I
MD,I,author,I
", ",O,O,I
Mohr,B,author,I
 ,I,author,I
DN,I,author,I
", ",O,O,I
Lohse,B,author,I
 ,I,author,I
CM,I,author,I
", ",O,O,I
Petterson,B,author,I
 ,I,author,I
TM,I,author,I
", ",O,O,I
et al,B,other,I
. ,O,O,I
Trends in the incidence of venous stasis syndrome and venous ulcer: a 25-year population-based study,B,title,I
. ,O,O,I
J Vasc Surg,B,source,I
 [Internet]. ,O,O,I
2001 ,B,year,I
[cited 2012 Sept 3],B,other,I
;,O,O,I
33,B,volume,I
(,O,O,I
5,B,issue,I
):,O,O,I
1022,B,fpage,I
-,O,O,I
7,B,lpage,I
. Available from: ,O,O,I
http://www.ncbi.nlm.nih.gov/pubmed/11331844,B,url,I
".
",O,O,I
17. ,O,O,I
Brasil. Ministério da Saúde. Secretaria de Políticas de Saúde. Departamento de Atenção Básica,B,editor,B
. ,O,O,I
Manual de condutas para úlceras neurotróficas e traumáticas,B,title,I
.,O,O,I
Brasília,B,other,I
: ,O,O,I
Ministério da Saúde,B,publisher,I
; ,O,O,I
2002,B,year,I
".
",O,O,I
18. ,O,O,I
Parisi,B,author,B
 ,I,author,I
MCR,I,author,I
. ,O,O,I
Ulceras no pé diabético,B,title,I
. In: ,O,O,I
Jorge SA,B,editor,I
", ",O,O,I
Dantas SRPE,B,editor,I
. ,O,O,I
Abordagem multiprofissional no tratamento de feridas,B,source,I
. ,O,O,I
São Paulo,B,other,I
: ,O,O,I
Atheneu,B,publisher,I
; ,O,O,I
2003,B,year,I
. p. ,O,O,I
279,B,fpage,I
-,O,O,I
86,B,lpage,I
".
",O,O,I
19. ,O,O,I
Nóbrega,B,author,B
 ,I,author,I
WG,I,author,I
. ,O,O,I
Qualidade de vida de pessoas com úlceras venosas atendidos no ambulatório de um hospital universitário,B,title,I
" [dissertação]. Natal (RN): Departamento de Enfermagem, Universidade Federal do Rio Grande do Norte",B,other,I
; ,O,O,I
2009,B,year,I
".
",O,O,I
20. ,O,O,I
Franks,B,author,B
 ,I,author,I
PJ,I,author,I
", ",O,O,I
Moffatt,B,author,I
 ,I,author,I
CJ,I,author,I
. ,O,O,I
Do clinical and social factors predict quality of life in leg ulceration?,B,title,I
 ,O,O,I
Int j low Extreme wounds,B,source,I
. ,O,O,I
2006,B,year,I
; ,O,O,I
5,B,volume,I
(,O,O,I
4,B,issue,I
):,O,O,I
236,B,fpage,I
-,O,O,I
43,B,lpage,I
".
",O,O,I
21. ,O,O,I
Silva,B,author,B
 ,I,author,I
LD,I,author,I
", ",O,O,I
Pazos,B,author,I
 ,I,author,I
AL,I,author,I
. ,O,O,I
A influência da dor na qualidade de vida do paciente com lesão crônica de pele,B,title,I
. ,O,O,I
Rev Enferm UERJ,B,source,I
 [Internet]. ,O,O,I
2005 ,B,year,I
[cited 2013 Jan 03],B,other,I
;,O,O,I
13,B,volume,I
:,O,O,I
375,B,fpage,I
-,O,O,I
81,B,lpage,I
. Available from: ,O,O,I
http://www.scielo.br/pdf/ean/v10n2/a16v10n2.pdf,B,url,I
".
",O,O,I
22. ,O,O,I
Abbade,B,author,B
 ,I,author,I
LPF,I,author,I
", ",O,O,I
Lastoria,B,author,I
 ,I,author,I
S,I,author,I
", ",O,O,I
Rollo,B,author,I
 ,I,author,I
HA,I,author,I
. ,O,O,I
Venous ulcer: clinical characteristics and risk factors,B,title,I
. ,O,O,I
Int J Dermatol,B,source,I
. ,O,O,I
2011,B,year,I
;,O,O,I
50,B,volume,I
:,O,O,I
405,B,fpage,I
-,O,O,I
11,B,lpage,I
".
",O,O,I
23. ,O,O,I
Finlayson,B,author,B
 ,I,author,I
K,I,author,I
", ",O,O,I
Edwards,B,author,I
 ,I,author,I
H,I,author,I
", ",O,O,I
Courtney,B,author,I
 ,I,author,I
M,I,author,I
. ,O,O,I
Factors associated with recurrence of venous leg ulcers: a survey and retrospective chart review,B,title,I
. ,O,O,I
Int J Nurs Stud,B,source,I
. ,O,O,I
2009,B,year,I
;,O,O,I
46,B,volume,I
(,O,O,I
8,B,issue,I
):,O,O,I
1071,B,fpage,I
-,O,O,I
8,B,lpage,I
".
",O,O,I
