token,tag,label,ref
1. ,O,O,I
"Brasil, Ministério da Saúde. Secretaria de Atenção à Saúde. Instituto Nacional de Câncer",B,editor,B
. ,O,O,I
Rio de Janeiro,B,other,I
: ,O,O,I
INCA,B,source,I
", ",O,O,I
2010,B,year,I
. Disponível em: ,O,O,I
WWW.inca.com.br,B,url,I
"
",O,O,I
2. ,O,O,I
Aguillar ,B,author,B
OM,I,author,I
", ",O,O,I
Mendes ,B,author,I
JAC,I,author,I
. ,O,O,I
Viabilidade da aplicação de teorias de enfermagem: relato de experiência no âmbito da pesquisa,B,title,I
. ,O,O,I
Rev. Esc. Enf. USP,B,source,I
", v.",O,O,I
22,B,volume,I
", (n° especial), ",O,O,I
1987,B,year,I
; p.,O,O,I
47,B,fpage,I
-,O,O,I
52,B,lpage,I
".
",O,O,I
3. ,O,O,I
George ,B,author,B
JB,I,author,I
.,O,O,I
 Teorias de enfermagem: os fundamentos para a prática profissional,B,title,I
. ,O,O,I
Porto Alegre,B,other,I
: ,O,O,I
Artmed,B,publisher,I
", ",O,O,I
1993,B,year,I
".
",O,O,I
4. ,O,O,I
Roy,B,author,B
", ",O,O,I
Introduction to Nursing,B,title,I
 (,O,O,I
2nd ,B,issue,I
ed.) ,O,O,I
1984,B,year,I
; p.,O,O,I
30,B,fpage,I
".
",O,O,I
5. ,O,O,I
Acioly ,B,author,B
SC,I,author,I
; ACM. ,O,O,I
Carcinoma Mamário: Orientações fisioterápicas na fase ambulatorial,B,title,I
. Disponível em: ,O,O,I
WWW.fisiotet.com.br,B,url,I
".
",O,O,I
6. ,O,O,I
Mamede ,B,author,B
V M,I,author,I
",",O,O,I
 ,B,author,I
Clapis ,I,author,I
JM,I,author,I
", ",O,O,I
Panobianco ,B,author,I
SM,I,author,I
", ",O,O,I
Biffi ,B,author,I
GR,I,author,I
", ",O,O,I
Bueno ,B,author,I
VL,I,author,I
. ,O,O,I
Orientações Pós mastectomia: O papel da enfermagem,B,title,I
. ,O,O,I
Rev. Bras. de Cancerologia,B,source,I
. ,O,O,I
2000,B,year,I
; ,O,O,I
46 ,B,volume,I
(,O,O,I
1,B,issue,I
): ,O,O,I
57,B,fpage,I
-,O,O,I
62,B,lpage,I
".
",O,O,I
7. ,O,O,I
Figueiredo ,B,author,B
NMA,I,author,I
", ",O,O,I
Tonini ,B,author,I
T.,I,author,I
 ,O,O,I
SUS e PSF para enfermagem: práticas para o cuidado em saúde coletiva,B,title,I
.,O,O,I
" São Caetano do Sul, SP",B,other,I
: ,O,O,I
Yendis Editora,B,publisher,I
", ",O,O,I
2007,B,year,I
".
",O,O,I
8. ,O,O,I
Caetano ,B,author,B
JÁ,I,author,I
", ",O,O,I
Soares,B,author,I
 E.,I,author,I
 ,O,O,I
Mulheres mastectomizadas diante do processo de adaptitação do Self- Fisico e Self- Pessoal,B,title,I
. ,O,O,I
Rev. enferm. UERJ,B,source,I
; ,O,O,I
13,B,volume,I
(,O,O,I
2,B,issue,I
): ,O,O,I
210,B,fpage,I
-,O,O,I
216,B,lpage,I
; ,O,O,I
maio/ago,B,other,I
. ,O,O,I
2005,B,title,I
. ,O,O,I
Disponível na biblioteca virtual de saúde,B,other,I
. ,O,O,I
Acesso em: 29 de Nov. de 2010,B,other,I
".
",O,O,I
9. ,O,O,I
Kisner ,B,author,B
CE,I,author,I
", ",O,O,I
Colby ,B,author,I
L.,I,author,I
 Exercício terapêutico: Fundamentos e técnicas,B,title,I
. ,O,O,I
1,B,issue,I
° ed.,O,O,I
 São Paulo,B,other,I
: ,O,O,I
Ed. Manole,B,publisher,I
: ,O,O,I
1998,B,year,I
".
",O,O,I
10. ,O,O,I
"Brasil, Ministério da Saúde. Instituto Nacional de Câncer",B,editor,B
.,O,O,I
 Parâmetros para o rastreamento do câncer de mama: recomendações para gestores estaduais e municipais,B,title,I
. / ,O,O,I
Instituto Nacional de Câncer,B,other,I
. –,O,O,I
 Rio de Janeiro,B,other,I
: ,O,O,I
INCA,B,publisher,I
", ",O,O,I
2009,B,year,I
".
",O,O,I
11. ,O,O,I
Cavalcante ,B,author,B
LB,I,author,I
.,O,O,I
 “Aplicabilidade da teoria de adaptação de Roy no cuidado de enfermagemrevisão sistemática”,B,title,I
. ,O,O,I
Faculdade de Enfermagem-Universidade do Estado do Rio de Janeiro,B,other,I
. ,O,O,I
2010,B,year,I
".
",O,O,I
12. ,O,O,I
Kurban ,B,author,B
ZI,I,author,I
", ",O,O,I
Lima,B,author,I
 ,I,author,I
CW,I,author,I
. ,O,O,I
Tratamento fisioterápico tardio em mastectomia. Rev. Fisioterapia em movimentos,B,title,I
. v.,O,O,I
16 ,B,volume,I
", n.",O,O,I
1 ,B,issue,I
p. ,O,O,I
29,B,fpage,I
-,O,O,I
34,B,lpage,I
. ,O,O,I
Curitiba,B,other,I
. ,O,O,I
Jan/ Mar,B,other,I
: ,O,O,I
2003,B,year,I
".
",O,O,I
13.,O,O,I
 ,B,author,B
Bacelar ,I,author,I
S,I,author,I
", ",O,O,I
Lucimar ,B,author,I
R,I,author,I
", ",O,O,I
Gonçalves ,B,author,I
M,I,author,I
", ",O,O,I
Tugores ,B,author,I
M,I,author,I
", ",O,O,I
Vargas ,B,author,I
R,I,author,I
. ,O,O,I
Reabilitação em câncer de mama. Revista Fisio e terapia,B,title,I
. Ano ,O,O,I
VI ,B,volume,I
p. ,O,O,I
09,B,fpage,I
-,O,O,I
11,B,lpage,I
", ",O,O,I
Jun/jul,B,other,I
: ,O,O,I
2002,B,year,I
".
",O,O,I
14. ,O,O,I
Camargo ,B,author,B
CM,I,author,I
", ",O,O,I
Marx ,B,author,I
GA,I,author,I
. ,O,O,I
Reabilitação física no câncer de mama,B,title,I
. ,O,O,I
1,B,issue,I
° ed ,O,O,I
Roca,B,other,I
: ,O,O,I
2000,B,year,I
".
",O,O,I
