token,tag,label,ref
American Statistical Association,B,editor,B
. (,O,O,I
2004,B,year,I
). ,O,O,I
"Interviewer falsiﬁcation in survey research: Current best methods for prevention, detection, and repair of its e ects",B,title,I
. ,O,O,I
"Survey Research. Newsletter from the Survey Research Laboratory, College of Urban Planning and Public A airs, University of Illinois at Chicago",B,source,I
. ,O,O,I
35,B,volume,I
(,O,O,I
1,B,issue,I
"), ",O,O,I
1,B,fpage,I
–,O,O,I
5,B,lpage,I
".
",O,O,I
Diekmann,B,author,B
", ",I,author,I
A.,I,author,I
 (,O,O,I
2005,B,year,I
). ,O,O,I
"Betrug und Täuschung in der Wissenschaft. Datenfälschung, Diagnoseverfahren, Konsequenzen",B,title,I
. ,O,O,I
Schweizerische Zeitschrift für Soziologie,B,source,I
", ",O,O,I
31,B,volume,I
(,O,O,I
1,B,issue,I
"), ",O,O,I
7,B,fpage,I
–,O,O,I
29,B,lpage,I
".
",O,O,I
Elmagarmid,B,author,B
", ",I,author,I
A. K.,I,author,I
", ",O,O,I
Ipeirotis,B,author,I
", ",I,author,I
P. G.,I,author,I
", &",O,O,I
 ,B,author,I
Verykios,I,author,I
", ",I,author,I
V. S.,I,author,I
 (,O,O,I
2007,B,year,I
). ,O,O,I
Duplicate record detection: a survey,B,title,I
. ,O,O,I
IEEE Transactions on Knowledge and Data Engineering,B,source,I
", ",O,O,I
19,B,volume,I
(,O,O,I
1,B,issue,I
"), ",O,O,I
1,B,fpage,I
– ,O,O,I
16,B,lpage,I
".
",O,O,I
European Social Survey,B,editor,B
. (,O,O,I
2015,B,year,I
).,O,O,I
 European Social Survey,B,title,I
 round ,O,O,I
6,B,volume,I
. ,O,O,I
Bergen,B,other,I
: ,O,O,I
Norwegian Social Science Data Services,B,publisher,I
".
",O,O,I
Ferrarini,B,author,B
", ",I,author,I
A.,I,author,I
 (,O,O,I
2011,B,year,I
). ,O,O,I
A ﬁtter use of Monte Carlo simulations in regression models,B,title,I
. ,O,O,I
Computational Ecology and Software,B,source,I
", ",O,O,I
1,B,volume,I
(,O,O,I
4,B,issue,I
"), ",O,O,I
240,B,fpage,I
–,O,O,I
243,B,lpage,I
".
",O,O,I
Finn,B,author,B
",",I,author,I
 A.,I,author,I
 & ,O,O,I
Ranchhod,B,author,I
", ",I,author,I
V.,I,author,I
 (,O,O,I
2013,B,year,I
). ,O,O,I
Genuine fakes: The prevalence and implications of ﬁeldworker fraud in a large South African survey,B,title,I
. ,O,O,I
"Working Paper 115 of the Southern Africa Labour and Development Research Unit, University of Cape Town",B,source,I
", 115.
",O,O,I
Fishman,B,author,B
", ",I,author,I
G.,I,author,I
 (,O,O,I
2005,B,year,I
). ,O,O,I
A ﬁrst course in Monte Carlo,B,title,I
. ,O,O,I
Duxbury Press,B,publisher,I
".
",O,O,I
Hassanzadeh,B,author,B
", ",I,author,I
O.,I,author,I
 & ,O,O,I
Miller,B,author,I
", ",I,author,I
R. J.,I,author,I
 (,O,O,I
2009,B,year,I
). ,O,O,I
Creating probabilistic databases from duplicated data,B,title,I
. ,O,O,I
The VLDB Journal–The International Journal on Very Large Data Bases,B,source,I
", ",O,O,I
18,B,volume,I
(,O,O,I
5,B,issue,I
"), ",O,O,I
1141,B,fpage,I
–,O,O,I
1166,B,lpage,I
".
",O,O,I
Hill,B,author,B
", ",I,author,I
T. P.,I,author,I
 (,O,O,I
1999,B,year,I
). ,O,O,I
The di culty of faking data,B,title,I
. ,O,O,I
Chance,B,source,I
", ",O,O,I
12,B,volume,I
(,O,O,I
3,B,issue,I
"), ",O,O,I
27,B,fpage,I
–,O,O,I
31,B,lpage,I
".
",O,O,I
Koczela,B,author,B
", ",I,author,I
S.,I,author,I
",",O,O,I
 ,B,author,I
Furlong,I,author,I
", ",I,author,I
C.,I,author,I
", ",O,O,I
McCarthy,B,author,I
", ",I,author,I
J.,I,author,I
", &",O,O,I
 ,B,author,I
Mushtaq,I,author,I
", ",I,author,I
A.,I,author,I
 (,O,O,I
2015,B,year,I
). ,O,O,I
Curbstoning and beyond: confronting data fabrication in survey research,B,title,I
. ,O,O,I
Statistical Journal of the IAOS,B,source,I
", ",O,O,I
31,B,volume,I
(,O,O,I
3,B,issue,I
"), ",O,O,I
413,B,fpage,I
–,O,O,I
422,B,lpage,I
".
",O,O,I
Kuriakose,B,author,B
", ",I,author,I
N.,I,author,I
 & ,O,O,I
Robbins,B,author,I
",",I,author,I
 M.,I,author,I
 (,O,O,I
2016,B,year,I
). ,O,O,I
Don’t get duped: Fraud through duplication in public opinion surveys,B,title,I
. ,O,O,I
Statistical Journal of the IAOS,B,source,I
", ",O,O,I
32,B,volume,I
(,O,O,I
3,B,issue,I
"), ",O,O,I
283,B,fpage,I
–,O,O,I
291,B,lpage,I
".
",O,O,I
Lessler,B,author,B
", ",I,author,I
J.,I,author,I
 & ,O,O,I
Kalsbeek,B,author,I
",",I,author,I
 W.,I,author,I
 (,O,O,I
1992,B,year,I
). ,O,O,I
Nonsampling error in surveys,B,title,I
.,O,O,I
 New York,B,other,I
: ,O,O,I
Wiley,B,publisher,I
".
",O,O,I
Schnell,B,author,B
", ",I,author,I
R.,I,author,I
 (,O,O,I
1991,B,year,I
). ,O,O,I
Der Einﬂuß gefälschter Interviews auf Survey-Ergebnisse,B,title,I
. ,O,O,I
Zeitschrift für Soziologie,B,source,I
", ",O,O,I
20,B,volume,I
(,O,O,I
1,B,issue,I
"), ",O,O,I
25,B,fpage,I
–,O,O,I
35,B,lpage,I
".
",O,O,I
Schräpler,B,author,B
", ",I,author,I
J.,I,author,I
-.-.-P. & ,O,O,I
Wagner,B,author,I
", ",I,author,I
G. G.,I,author,I
 (,O,O,I
2005,B,year,I
). ,O,O,I
Characteristics and impact of faked interviews in surveys–An analysis of genuine fakes in the raw data of SOEP,B,title,I
. ,O,O,I
Allgemeines Statistisches Archiv,B,source,I
", ",O,O,I
89,B,volume,I
(,O,O,I
1,B,issue,I
"), ",O,O,I
7,B,fpage,I
–,O,O,I
20,B,lpage,I
".
",O,O,I
Schreiner,B,author,B
", ",I,author,I
I.,I,author,I
",",O,O,I
 ,B,author,I
Pennie,I,author,I
", ",I,author,I
K.,I,author,I
", & ",O,O,I
Newbrough,B,author,I
",",I,author,I
 J.,I,author,I
 (,O,O,I
1988,B,year,I
).,O,O,I
 Interviewer falsiﬁcation in Census Bureau surveys,B,title,I
. In ,O,O,I
Proceedings of the American Statistical Association (Survey Research Methods Section),B,source,I
 (pp. ,O,O,I
491,B,fpage,I
–,O,O,I
496,B,lpage,I
").
",O,O,I
Slomczynski,B,author,B
",",I,author,I
 K. M.,I,author,I
", ",O,O,I
Powałko,B,author,I
",",I,author,I
 P.,I,author,I
", & ",O,O,I
Krauze,B,author,I
", ",I,author,I
T.,I,author,I
 (,O,O,I
2017,B,year,I
).,O,O,I
 Nonunique records in International Survey Projects: The need for extending data quality control,B,title,I
. ,O,O,I
Survey Research Methods,B,source,I
", ",O,O,I
11,B,volume,I
(,O,O,I
1,B,issue,I
"), ",O,O,I
1,B,fpage,I
–,O,O,I
16,B,lpage,I
.,O,O,I
 doi:doi:10.18148/srm/ 2017.v11i1.6557,B,identifier,I
"
",O,O,I
Waller,B,author,B
", ",I,author,I
L. G.,I,author,I
 (,O,O,I
2013,B,year,I
). ,O,O,I
Interviewing the surveyors: Factors which contribute to questionnaire falsiﬁcation (curbstoning) among Jamaican ﬁeld surveyors,B,title,I
. ,O,O,I
International Journal of Social Research Methodology,B,source,I
", ",O,O,I
16,B,volume,I
(,O,O,I
2,B,issue,I
"), ",O,O,I
155,B,fpage,I
–,O,O,I
164,B,lpage,I
".
",O,O,I
