token,tag,label,ref
[1] About ,O,O,I
"HEG, Bhopal",B,source,B
", Available from ",O,O,I
www.hegltd.com/,B,url,I
"
",O,O,I
[2],O,O,I
 ,B,author,B
Dave ,I,author,I
Ulrich,I,author,I
", ",O,O,I
Human Resource Management,B,title,I
 ,O,O,I
36,B,volume,I
(,O,O,I
3,B,issue,I
) (,O,O,I
1997,B,year,I
) ,O,O,I
303,B,fpage,I
-,O,O,I
320,B,lpage,I
".
",O,O,I
[3],O,O,I
 Dr.,B,author,B
 Shikha N,I,author,I
. ,I,author,I
Khera,I,author,I
",",O,O,I
 Ms. ,B,author,I
Karishma ,I,author,I
Gulati,I,author,I
", ",O,O,I
Journal of Business and Management,B,title,I
 ,O,O,I
3,B,volume,I
(,O,O,I
6,B,issue,I
) (,O,O,I
2012,B,year,I
) ,O,O,I
06,B,fpage,I
-,O,O,I
13,B,lpage,I
".
",O,O,I
[4] ,O,O,I
Ghazala ,B,author,B
Ishrat,I,author,I
", ",O,O,I
Javed ,B,author,I
Habib,I,author,I
", ",O,O,I
Journal of Business and Management,B,title,I
 ,O,O,I
6,B,volume,I
(,O,O,I
2,B,issue,I
) (,O,O,I
2012,B,year,I
) ,O,O,I
01,B,fpage,I
-,O,O,I
08,B,lpage,I
".
",O,O,I
[5],O,O,I
 ,B,author,B
Gupta,I,author,I
 C. B. ,I,author,I
(,O,O,I
2008,B,year,I
). ,O,O,I
“Human resource management”,B,title,I
", ",O,O,I
Sultan chand and sons educational publishers,B,source,I
", pp.",O,O,I
 5.3,B,fpage,I
-,O,O,I
5.26,B,lpage,I
 & ,O,O,I
34.3,B,fpage,I
-,O,O,I
34.14,B,lpage,I
".
",O,O,I
[6] ,O,O,I
Kothari ,B,author,B
C. R.,I,author,I
 (,O,O,I
2004,B,year,I
). ,O,O,I
“Research methodology – methods and techniques”,B,title,I
", ",O,O,I
new age international publishers,B,source,I
", pp. ",O,O,I
233,B,fpage,I
-,O,O,I
238,B,lpage,I
".
",O,O,I
[7] ,O,O,I
Linda ,B,author,B
O’Brien-Pallas,I,author,I
", ",O,O,I
Stephen ,B,author,I
Birch,I,author,I
", ",O,O,I
Andrea ,B,author,I
Baumann,I,author,I
", ",O,O,I
Gail ,B,author,I
Tomblin Murphy,I,author,I
", ",O,O,I
Human Resources for Health Development Journal,B,title,I
 ,O,O,I
5,B,volume,I
(,O,O,I
1-3,B,issue,I
) (,O,O,I
2001,B,year,I
) ,O,O,I
01,B,fpage,I
-,O,O,I
16,B,lpage,I
".
",O,O,I
[8] ,O,O,I
Mark S.,B,author,B
 Van Clieaf,I,author,I
 (,O,O,I
1992,B,year,I
).,O,O,I
 “Strategy and Structure Follow People: Improving Organizational Performance Through Effective Executive Search”,B,title,I
", ",O,O,I
Human Resource Planning,B,source,I
", Volume ",O,O,I
15,B,volume,I
", No. ",O,O,I
1,B,issue,I
".
",O,O,I
[9] ,O,O,I
Pravin,B,author,B
 ,I,author,I
Durai ,I,author,I
(,O,O,I
2010,B,year,I
). ,O,O,I
Human resource Management,B,title,I
" (Book), ",O,O,I
Pearson education Publications,B,publisher,I
".
",O,O,I
[10] ,O,O,I
Sanjeev K.,B,author,B
 ,I,author,I
Bordoloi,I,author,I
", ",O,O,I
Hirofumi ,B,author,I
Matsuo,I,author,I
", ",O,O,I
European Journal of Operational Research,B,title,I
 ,O,O,I
130 ,B,volume,I
(,O,O,I
2001,B,year,I
) ,O,O,I
169,B,fpage,I
-,O,O,I
189,B,lpage,I
".
",O,O,I
[11] ,O,O,I
Rajesh K.,B,author,B
 ,I,author,I
Yadav,I,author,I
", ",O,O,I
Nishant ,B,author,I
Dabhade,I,author,I
", ",O,O,I
International Letters of Social and Humanistic Sciences,B,source,I
 ,O,O,I
8 ,B,volume,I
(,O,O,I
2013,B,year,I
) ,O,O,I
77,B,fpage,I
-,O,O,I
85,B,lpage,I
".
",O,O,I
