token,tag,label,ref
"Ágh, Attila.",B,editor,B
 (ed.) ,O,O,I
1994,B,year,I
. ,O,O,I
The Emergence of East Central European Parliaments: The First Steps,B,title,I
. ,O,O,I
Budapest,B,other,I
: ,O,O,I
Hungarian Centre of Demoracy Studies Foundation,B,publisher,I
".
",O,O,I
"Ágh,",B,author,B
 ,I,author,I
Attila,I,author,I
 ,O,O,I
1995,B,year,I
. ,O,O,I
“The Experience of the First Democratic Parliaments in East Central Europe”,B,title,I
. ,O,O,I
Communist and Post-Communist Studies,B,source,I
 ,O,O,I
28,B,volume,I
 (,O,O,I
2,B,issue,I
): ,O,O,I
203,B,fpage,I
–,O,O,I
214,B,lpage,I
".
",O,O,I
"Ágh, Attila",B,editor,B
 and ,O,O,I
Gabriela Ilonszki,B,editor,I
. (eds.) ,O,O,I
1996,B,year,I
. ,O,O,I
Parliaments and Organized Interests: The Second Steps,B,title,I
. ,O,O,I
Budapest,B,other,I
: ,O,O,I
Hungarian Centre of Demoracy Studies Foundation,B,publisher,I
".
",O,O,I
"Andeweg,",B,author,B
 ,I,author,I
Rudy B.,I,author,I
 and ,O,O,I
Jacques ,B,author,I
Thomassen,I,author,I
. ,O,O,I
2003,B,year,I
. ,O,O,I
“Between Electorate and Executive: Parliament as a Linchpin.”,B,title,I
 ,O,O,I
"Paper presented the workshop on Delegation in Contemporary Democracies (March 22–April 2, 2003), ECPR Joint Sessions of Workshops, Edinburgh",B,other,I
".
",O,O,I
"Baylis,",B,author,B
 ,I,author,I
Thomas A.,I,author,I
 ,O,O,I
1996,B,year,I
. ,O,O,I
“Presidents versus Prime Ministers. Shaping Executive Authority in Eastern Europe”,B,title,I
. ,O,O,I
World Politics,B,source,I
 ,O,O,I
28,B,volume,I
 (,O,O,I
3,B,issue,I
): ,O,O,I
297,B,fpage,I
–,O,O,I
323,B,lpage,I
".
",O,O,I
"Birch,",B,author,B
 ,I,author,I
Sarah,I,author,I
 ,O,O,I
2001.,B,year,I
 ,O,O,I
“Electoral Systems and Party Systems East and West.”,B,title,I
 ,O,O,I
Perspectives on European Politics and Society,B,source,I
 ,O,O,I
2,B,volume,I
 ,O,O,I
(3):,B,issue,I
 ,O,O,I
355,B,fpage,I
–,O,O,I
377,B,lpage,I
"
",O,O,I
"Blondel, Jean",B,editor,B
 and ,O,O,I
Ferdinand Műller-Rommel,B,editor,I
. (eds.) ,O,O,I
2001,B,year,I
. ,O,O,I
Cabinets in Eastern Europe,B,source,I
. ,O,O,I
Houndmills,B,other,I
: ,O,O,I
Palgrave,B,publisher,I
".
",O,O,I
"Gillespie, Richard",B,editor,B
", ",O,O,I
Lourdes Lopez Nieto,B,editor,I
 and ,O,O,I
Michael Waller.,B,editor,I
 (eds.) ,O,O,I
1995,B,year,I
. ,O,O,I
“Factional Politics and Democratization.” ,B,title,I
Special issue of Democratization,B,source,I
 ,O,O,I
2,B,volume,I
 (,O,O,I
1,B,issue,I
").
",O,O,I
"Goetz,",B,author,B
 ,I,author,I
Klaus H.,I,author,I
 ,O,O,I
2001,B,year,I
. ,O,O,I
"“Making Sense of Post-communist Central Administration: Modernization, Europeanization or Latinization?”",B,title,I
 ,O,O,I
Journal of European Public Policy,B,source,I
 ,O,O,I
8,B,volume,I
 (,O,O,I
6,B,issue,I
): ,O,O,I
1032,B,fpage,I
–,O,O,I
1051,B,lpage,I
".
",O,O,I
"Goetz,",B,author,B
 ,I,author,I
Klaus H.,I,author,I
 and ,O,O,I
Hellmut ,B,author,I
Wollmann,I,author,I
. ,O,O,I
2001,B,year,I
. ,O,O,I
“Governmentalizing Central Executives in Post-communist Europe: A Four-country Comparison.”,B,title,I
 ,O,O,I
Journal of European Public Policy,B,source,I
 ,O,O,I
8,B,volume,I
 (,O,O,I
6,B,issue,I
): ,O,O,I
864,B,fpage,I
–,O,O,I
887,B,lpage,I
".
",O,O,I
Grabbe,B,author,B
", ",I,author,I
Heather,I,author,I
. ,O,O,I
2001,B,year,I
. ,O,O,I
"“How Does Europeanization Affect CEE Governance? Conditionality, Diffusion, and Diversity.”",B,title,I
 ,O,O,I
Journal of European Public Policy,B,source,I
 ,O,O,I
8,B,volume,I
 (,O,O,I
6,B,issue,I
): ,O,O,I
1013,B,fpage,I
–,O,O,I
1031,B,lpage,I
".
",O,O,I
Grzymala-Busse,B,author,B
", ",I,author,I
Anna,I,author,I
. ,O,O,I
2003,B,year,I
. ,O,O,I
“Political Competition and the Politicization of the State in East Central Europe.”,B,title,I
 ,O,O,I
Comparative Political Studies,B,source,I
 ,O,O,I
36:,B,volume,I
 ,O,O,I
1123,B,fpage,I
–,O,O,I
1147,B,lpage,I
".
",O,O,I
"Ilonszki,",B,author,B
 ,I,author,I
Gabriella,I,author,I
 ,O,O,I
2000,B,year,I
. ,O,O,I
"“Parties and Parliamentary Party Groups in the Making: Hungary, 1989–1997.” ",B,title,I
Pp. ,O,O,I
214,B,fpage,I
–,O,O,I
230 ,B,lpage,I
in ,O,O,I
Parliamentary Party Groups in European Democracies: Political Parties Behind Closed Doors,B,source,I
", edited by ",O,O,I
Knut Heidar,B,editor,I
 and,O,O,I
 Ruud Koole,B,editor,I
. ,O,O,I
London:,B,other,I
 ,O,O,I
Routledge,B,publisher,I
".
",O,O,I
Juberías,B,author,B
", ",I,author,I
Carlos Flores,I,author,I
. ,O,O,I
1998,B,year,I
.,O,O,I
 “Electoral Legislation and Ethnic Minorities in Eastern Europe: For or Against?”,B,title,I
 Pp. ,O,O,I
297,B,fpage,I
–,O,O,I
318 ,B,lpage,I
in ,O,O,I
The New Democratic Parliaments: The First Years,B,source,I
", edited by ",O,O,I
Lawrence D. Longley,B,editor,I
 and ,O,O,I
Drago Zajc,B,editor,I
. ,O,O,I
Appleton:,B,other,I
 ,O,O,I
"Research Committee of Legislative Specialists, IPSA",B,publisher,I
".
",O,O,I
"Kask,",B,author,B
 ,I,author,I
Peet,I,author,I
 ,O,O,I
1996,B,year,I
. ,O,O,I
“Institutional Development of the Parliament in Estonia.”,B,title,I
 ,O,O,I
The Journal of Legislative Studies,B,source,I
 ,O,O,I
2,B,volume,I
 (,O,O,I
1,B,issue,I
): ,O,O,I
193,B,fpage,I
–,O,O,I
212,B,lpage,I
".
",O,O,I
"Kopecký,",B,author,B
 ,I,author,I
Petr,I,author,I
 ,O,O,I
2001,B,year,I
. ,O,O,I
Parliaments in the Czech and Slovak Republics: Party Competition and Parliamentary Institutionalization,B,title,I
. ,O,O,I
Aldershot:,B,other,I
 ,O,O,I
Ashgate,B,publisher,I
".
",O,O,I
"Kopecký,",B,author,B
 ,I,author,I
Petr,I,author,I
 ,O,O,I
2003,B,year,I
. ,O,O,I
“Structures of Representation: New Parliaments of Central and Eastern Europe.”,B,title,I
 Pp. ,O,O,I
133,B,fpage,I
–,O,O,I
152 ,B,lpage,I
in ,O,O,I
Developments in Central and East European Politics,B,source,I
", edited by ",O,O,I
Stephen White,B,editor,I
", ",O,O,I
Judy Batt,B,editor,I
 and,O,O,I
 Paul G. Lewis,B,editor,I
. ,O,O,I
Basingstoke,B,other,I
: ,O,O,I
Palgrave,B,publisher,I
".
",O,O,I
"Lewis,",B,author,B
 ,I,author,I
Paul. G.,I,author,I
 ,O,O,I
2000,B,year,I
. ,O,O,I
Political Parties in Post-Communist Eastern Europe,B,title,I
. ,O,O,I
London:,B,other,I
 ,O,O,I
Routledge,B,publisher,I
".
",O,O,I
"Lippert, ",B,author,B
Barbara,I,author,I
", ",O,O,I
Gaby ,B,author,I
Umbach ,I,author,I
and,O,O,I
 ,B,author,I
Wolfgang ,I,author,I
Wessels,I,author,I
. ,O,O,I
2001,B,year,I
. ,O,O,I
“Europeanization of CEE Executives: EU Membership Negotitations as a Shaping Power.”,B,title,I
 ,O,O,I
Journal of European Public Policy,B,source,I
 ,O,O,I
8,B,volume,I
 (,O,O,I
6,B,issue,I
): ,O,O,I
980,B,fpage,I
–,O,O,I
1012,B,lpage,I
".
",O,O,I
"Longley, Lawrence D.",B,editor,B
 and ,O,O,I
Drago Zajc.,B,editor,I
 (eds.) ,O,O,I
1998,B,year,I
. ,O,O,I
The New Democratic Parliaments: The First Years,B,title,I
. ,O,O,I
Appleton,B,other,I
: ,O,O,I
"Research Committee of Legislative Specialists, IPSA",B,publisher,I
".
",O,O,I
"Malová,",B,author,B
 ,I,author,I
Darina,I,author,I
 and ,O,O,I
Danica ,B,author,I
Siváková,I,author,I
. ,O,O,I
1996,B,year,I
.,O,O,I
 “The National Council of the Slovak Republic: Between Democratic Transition and National State-Building.”,B,title,I
 ,O,O,I
The Journal of Legislative Studies,B,source,I
 ,O,O,I
2,B,volume,I
 (,O,O,I
1,B,issue,I
): ,O,O,I
108,B,fpage,I
–,O,O,I
132,B,lpage,I
".
",O,O,I
"Malová,",B,author,B
 ,I,author,I
Darina,I,author,I
 and ,O,O,I
Kevin ,B,author,I
Krause,I,author,I
. ,O,O,I
2000,B,year,I
. ,O,O,I
“Parliamentary Party Groups in Slovakia.”,B,title,I
 Pp. ,O,O,I
195,B,fpage,I
–,O,O,I
213 ,B,lpage,I
in ,O,O,I
Parliamentary Party Groups in European Democracies: Political Parties Behind Closed Doors,B,source,I
", edited by ",O,O,I
Knut Heidar,B,editor,I
 and ,O,O,I
Ruud Koole,B,editor,I
. ,O,O,I
London,B,other,I
: ,O,O,I
Routledge,B,publisher,I
".
",O,O,I
"Nelson, Daniel",B,editor,B
 and ,O,O,I
Stephen White,B,editor,I
. (eds.) ,O,O,I
1982,B,year,I
. ,O,O,I
Communist Legislatures in Comparative Perspective,B,title,I
. ,O,O,I
London,B,other,I
: ,O,O,I
MacMillan,B,publisher,I
".
",O,O,I
"Olson, David M.",B,editor,B
 and ,O,O,I
Philip Norton,B,editor,I
. (eds.) ,O,O,I
1996,B,year,I
. ,O,O,I
The New Parliaments of Central and Eastern Europe,B,title,I
. ,O,O,I
London,B,other,I
: ,O,O,I
Frank Cass,B,publisher,I
".
",O,O,I
"Olson,",B,author,B
 ,I,author,I
David M.,I,author,I
 ,O,O,I
1997,B,year,I
. ,O,O,I
“Paradoxes of Institutional Development: The New Democratic Parliaments of Central Europe.”,B,title,I
 ,O,O,I
International Political Science Review,B,source,I
 ,O,O,I
18,B,volume,I
 (,O,O,I
4,B,issue,I
): ,O,O,I
401,B,fpage,I
–,O,O,I
416,B,lpage,I
".
",O,O,I
"Olson, David M.",B,editor,B
 and ,O,O,I
William E. Crowther.,B,editor,I
 (eds.) ,O,O,I
2002,B,year,I
. ,O,O,I
Committees in Post-Communist Democratic Parliaments. Comparative Institutionalization,B,title,I
. ,O,O,I
Columbus,B,other,I
: ,O,O,I
Ohio State University Press,B,publisher,I
".
",O,O,I
"Remington, Thomas",B,editor,B
. (ed.) ,O,O,I
1994,B,year,I
. ,O,O,I
Parliaments in Transition,B,title,I
. ,O,O,I
Boulder,B,other,I
: ,O,O,I
Westview Press,B,publisher,I
".
",O,O,I
Shvetsova,B,author,B
", ",I,author,I
Olga,I,author,I
. ,O,O,I
1999,B,year,I
. ,O,O,I
“A Survey of Post-communist Electoral Institutions: 1990–1998.”,B,title,I
 ,O,O,I
Electoral Studies,B,source,I
 ,O,O,I
18,B,volume,I
 (,O,O,I
3,B,issue,I
): ,O,O,I
397,B,fpage,I
–,O,O,I
409,B,lpage,I
".
",O,O,I
van der Meer Krok-Paszkowska,B,author,B
", ",I,author,I
Ania,I,author,I
. ,O,O,I
2000,B,year,I
. ,O,O,I
Shaping the Democratic Order. The Institutionalisation of Parliament in Poland,B,title,I
. ,O,O,I
Leuven,B,other,I
: ,O,O,I
Garant,B,publisher,I
".
",O,O,I
"Verheijen, Tony",B,editor,B
. (ed.) ,O,O,I
1999,B,year,I
. ,O,O,I
Civil Service Systems in Central and Eastern Europe,B,title,I
. ,O,O,I
Cheltenham,B,other,I
: ,O,O,I
Edward Elgar,B,publisher,I
".
",O,O,I
