token,tag,label,ref
Cebe,B,author,B
", ",I,author,I
J.,I,author,I
 (,O,O,I
2012,B,year,I
). ,O,O,I
Novinářská organizace v letech 1945– 1948 [Journalists organization 1945–1948],B,title,I
 ,O,O,I
(Unpublished Doctoral dissertation),B,other,I
. ,O,O,I
"Charles University, Prague, Czech Republic",B,other,I
".
",O,O,I
Cebe,B,author,B
", ",I,author,I
J.,I,author,I
 (,O,O,I
2017,B,year,I
). ,O,O,I
Cleansing among Czech journalists after World War II and a comparison with the situation in France and the Netherlands,B,title,I
. ,O,O,I
Media and Communication,B,source,I
", ",O,O,I
5,B,volume,I
(,O,O,I
3,B,issue,I
"), ",O,O,I
70,B,fpage,I
–,O,O,I
78,B,lpage,I
".
",O,O,I
Drápala,B,author,B
", ",I,author,I
M.,I,author,I
 (,O,O,I
2000),B,year,I
. ,O,O,I
Na ztracené vartě Západu: antologie české nesocialistické publicistiky z let 1945–1948 [The lost guard of the West: An anthology of Czech non-Socialist journalism from 1945–1948],B,title,I
. ,O,O,I
Prague,B,other,I
: ,O,O,I
Prostor,B,publisher,I
".
",O,O,I
Emmert,B,author,B
", ",I,author,I
F.,I,author,I
 (,O,O,I
2012,B,year,I
).,O,O,I
 Průvodce českými dějinami 20. století [A guide to Czech history of the 20th century],B,title,I
. ,O,O,I
Brno,B,other,I
: ,O,O,I
Clio,B,publisher,I
".
",O,O,I
Kaplan,B,author,B
",",I,author,I
 K.,I,author,I
", & ",O,O,I
Tomášek,B,author,I
", ",I,author,I
D.,I,author,I
 (,O,O,I
1994,B,year,I
). ,O,O,I
"O cenzuře v Československu v letech 1945–1956: studie [A study of censorship in Czechoslovakia, 1945–1956]",B,title,I
. ,O,O,I
Prague,B,other,I
: ,O,O,I
Institute of Contemporary History of the Academy of Sciences of the Czech Republic,B,publisher,I
".
",O,O,I
Knapík,B,author,B
", ",I,author,I
J.,I,author,I
 (,O,O,I
2006,B,year,I
). ,O,O,I
"V zajetí moci: kulturní politika, její systém a aktéři 1948–1956 [In capture of power: Cultural policy, its system and actors 1948–1956]",B,title,I
. ,O,O,I
Prague,B,other,I
: ,O,O,I
Libri,B,publisher,I
".
",O,O,I
Končelík,B,author,B
", ",I,author,I
J.,I,author,I
", ",O,O,I
Večeřa,B,author,I
", ",I,author,I
P.,I,author,I
", & ",O,O,I
Orság,B,author,I
", ",I,author,I
P.,I,author,I
 (,O,O,I
2010,B,year,I
). ,O,O,I
Dějiny českých médií 20. století [A history of the Czech media of the 20th century],B,title,I
. ,O,O,I
Prague,B,other,I
: ,O,O,I
Portál,B,publisher,I
".
",O,O,I
Nordenstreng,B,author,B
",",I,author,I
 K.,I,author,I
 (,O,O,I
in press,B,other,I
). ,O,O,I
The rise and fall of the International Organization of Journalists based in Czechoslovakia,B,title,I
. ,O,O,I
Useful recollections part III,B,source,I
. ,O,O,I
Prague,B,other,I
: ,O,O,I
Karolinum,B,publisher,I
".
",O,O,I
Nordenstreng,B,author,B
",",I,author,I
 K.,I,author,I
",",O,O,I
 ,B,author,I
Björk,I,author,I
", ",I,author,I
U. J.,I,author,I
", ",O,O,I
Beyersdorf,B,author,I
", ",I,author,I
F.,I,author,I
", ",O,O,I
Høyer,B,author,I
", ",I,author,I
S.,I,author,I
", &",O,O,I
 ,B,author,I
Lauk,I,author,I
", ",I,author,I
E.,I,author,I
 (,O,O,I
2016,B,year,I
). ,O,O,I
A history of the International Movement of Journalists: Professionalism versus politics,B,title,I
. ,O,O,I
Houndmills,B,other,I
: ,O,O,I
Palgrave Macmillan,B,publisher,I
".
",O,O,I
Nordenstreng,B,author,B
",",I,author,I
 K.,I,author,I
", &",O,O,I
 ,B,author,I
Kubka,I,author,I
", ",I,author,I
J.,I,author,I
 (,O,O,I
1988,B,year,I
). ,O,O,I
Useful recollections. Excursion into the history of the International Movement of Journalists,B,title,I
. ,O,O,I
Part II,B,source,I
. ,O,O,I
Prague,B,other,I
: ,O,O,I
IOJ,B,publisher,I
. Retrieved from ,O,O,I
https://books.google.fi/books?id=Bq 3SAwAAQBAJ&redir_esc=y,B,url,I
"
",O,O,I
Prouza,B,author,B
", ",I,author,I
J.,I,author,I
 (,O,O,I
1990,B,year,I
). ,O,O,I
"Mimořádný sjezd Českého svazu novinářů, Praha 6. ledna 1990, Palác kultury ve 13 hod",B,title,I
. ,O,O,I
"Stenografický záznam [Extraordinary Congress of the CUJ, Prague, 6 January 1990, Palace of Culture, 1 P.M., stenographic record]",B,other,I
 ,O,O,I
Praha,B,other,I
: ,O,O,I
ČSN,B,publisher,I
".
",O,O,I
Ševčíková,B,author,B
", ",I,author,I
M.,I,author,I
 (,O,O,I
2015,B,year,I
).,O,O,I
 Mezinárodní organizace novinářů (1946–1995) [International Organization of Journalists (1946–1995)],B,title,I
 ,O,O,I
(Unpublished Doctoral Thesis),B,other,I
".
",O,O,I
