token,tag,label,ref
Alexander,B,author,B
", ",I,author,I
M.,I,author,I
 (,O,O,I
2012,B,year,I
). ,O,O,I
The new Jim Crow: Mass incarceration in the age of colorblindness,B,title,I
.,O,O,I
 The New Press,B,publisher,I
".
",O,O,I
Biles,B,author,B
", ",I,author,I
R.,I,author,I
 (,O,O,I
2011,B,year,I
).,O,O,I
" The fate of cities: Urban America and the Federal Government, 1945–2000",B,title,I
. ,O,O,I
"Lawrence, KS",B,other,I
: ,O,O,I
University of Kansas Press,B,publisher,I
".
",O,O,I
Brenner,B,author,B
", ",O,O,I
N.,B,author,I
", &",O,O,I
 ,B,author,I
Theodore,I,author,I
",",I,author,I
 N.,I,author,I
 (,O,O,I
2002,B,year,I
). ,O,O,I
Cities and the geographies of ‘actually existing neoliberalism’,B,title,I
. ,O,O,I
Antipode,B,source,I
", ",O,O,I
34,B,volume,I
(,O,O,I
3,B,issue,I
"), ",O,O,I
349,B,fpage,I
–,O,O,I
379,B,lpage,I
".
",O,O,I
Coalter,B,author,B
", ",I,author,I
F.,I,author,I
 (,O,O,I
2010,B,year,I
).,O,O,I
 The politics of sport-for-development: Limited focus programmes and broad gauge problems?,B,title,I
 ,O,O,I
International Review for the Sociology of Sport,B,source,I
", ",O,O,I
45,B,volume,I
(,O,O,I
3,B,issue,I
"), ",O,O,I
295,B,fpage,I
–,O,O,I
314,B,lpage,I
".
",O,O,I
Cole,B,author,B
", ",I,author,I
C. L.,I,author,I
 (,O,O,I
1996,B,year,I
).,O,O,I
" American Jordan: P.L.A.Y., consensus, and punishment",B,title,I
.,O,O,I
 Sociology of Sport Journal,B,source,I
", ",O,O,I
13,B,volume,I
(,O,O,I
4,B,issue,I
"), ",O,O,I
366,B,fpage,I
–,O,O,I
397,B,lpage,I
".
",O,O,I
Collins,B,author,B
",",I,author,I
 M.,I,author,I
 (,O,O,I
2014,B,year,I
).,O,O,I
 Sport and social exclusion,B,title,I
. ,O,O,I
London,B,other,I
: ,O,O,I
Routledge,B,publisher,I
".
",O,O,I
Corburn,B,author,B
",",I,author,I
 J.,I,author,I
 (,O,O,I
2009,B,year,I
). ,O,O,I
"Toward the healthy city: People, places, and politics of urban planning",B,title,I
. ,O,O,I
"Cambridge, MA",B,other,I
: ,O,O,I
The MIT Press,B,publisher,I
".
",O,O,I
Crabbe,B,author,B
",",I,author,I
 T.,I,author,I
 (,O,O,I
2007,B,year,I
). ,O,O,I
"Reaching the ‘hard to reach’: Engagement, relationship building and social control in sport based social inclusion work",B,title,I
. ,O,O,I
International Journal of Sport Management and Marketing,B,source,I
", ",O,O,I
2,B,volume,I
(,O,O,I
1/2,B,issue,I
"), ",O,O,I
27,B,fpage,I
–,O,O,I
40,B,lpage,I
".
",O,O,I
Craig,B,author,B
", ",I,author,I
T.,I,author,I
 (,O,O,I
2000,B,year,I
", February 16). ",O,O,I
"Officials, community scramble to save PAL: Mayor forms task force to plan how to staff nine youth centers",B,title,I
. ,O,O,I
The Baltimore Sun,B,source,I
".
",O,O,I
Deppe,B,author,B
",",I,author,I
 T. R.,I,author,I
 (,O,O,I
1986,B,year,I
). ,O,O,I
New federalism—The great federal switch and its effects upon municipal parks and recreation,B,title,I
. ,O,O,I
Journal of Park and Recreation Administration,B,source,I
", ",O,O,I
4,B,volume,I
(,O,O,I
1,B,issue,I
"), ",O,O,I
43,B,fpage,I
–,O,O,I
52,B,lpage,I
".
",O,O,I
Durr,B,author,B
",",I,author,I
 K. D.,I,author,I
 (,O,O,I
2003,B,year,I
).,O,O,I
" Behind the backlash: White workingclass politics in baltimore, 1940–1980",B,title,I
. ,O,O,I
Chapel Hill,B,other,I
: ,O,O,I
University of North Carolina Press,B,publisher,I
".
",O,O,I
Edsall,B,author,B
",",I,author,I
 T. B.,I,author,I
 (,O,O,I
2012,B,year,I
).,O,O,I
 The age of austerity: How scarcity will remake American politics,B,title,I
 (,O,O,I
1st,B,issue,I
. ed.). ,O,O,I
New York,B,other,I
: ,O,O,I
Doubleday,B,publisher,I
".
",O,O,I
Elfenbein,B,author,B
", ",I,author,I
J.,I,author,I
",",O,O,I
 ,B,author,I
Nix,I,author,I
", ",I,author,I
E.,I,author,I
", &",O,O,I
 ,B,author,I
Hollowak,I,author,I
",",I,author,I
 T.,I,author,I
 (,O,O,I
2011,B,year,I
). ,O,O,I
Baltimore ’68: Riots and rebirth in an American city,B,title,I
. ,O,O,I
Philadelphia,B,other,I
: ,O,O,I
Temple University Press,B,publisher,I
".
",O,O,I
Farrey,B,author,B
", ",I,author,I
T.,I,author,I
 (,O,O,I
2008,B,year,I
). ,O,O,I
Game on: The all-American race to make champions of our children,B,title,I
. ,O,O,I
"Bristol, CT",B,other,I
: ,O,O,I
ESPN,B,publisher,I
".
",O,O,I
Harrington,B,author,B
", ",I,author,I
M.,I,author,I
 (,O,O,I
1962,B,year,I
). ,O,O,I
The other America: Poverty in America,B,title,I
. ,O,O,I
New York,B,other,I
: ,O,O,I
MacMillan,B,publisher,I
".
",O,O,I
Hartmann,B,author,B
",",I,author,I
 D. ,I,author,I
(,O,O,I
2001,B,year,I
). ,O,O,I
"Notes on midnight basketball and the cultural politics of recreation, race, and at-risk urban youth",B,title,I
. ,O,O,I
Journal of Sport & Social Issues,B,source,I
", ",O,O,I
25,B,volume,I
(,O,O,I
4,B,issue,I
"), ",O,O,I
339,B,fpage,I
–,O,O,I
371,B,lpage,I
".
",O,O,I
Hartmann,B,author,B
", ",I,author,I
D.,I,author,I
 (,O,O,I
2012,B,year,I
). ,O,O,I
Beyond the sporting boundary: The racial significance of sport through midnight basketball,B,title,I
.,O,O,I
 Ethnic and Racial Studies,B,source,I
", ",O,O,I
35,B,volume,I
(,O,O,I
6,B,issue,I
"), ",O,O,I
1007,B,fpage,I
–,O,O,I
1022,B,lpage,I
".
",O,O,I
Hartmann,B,author,B
",",I,author,I
 D.,I,author,I
 (,O,O,I
2016,B,year,I
).,O,O,I
" Midnight basketball: Race, sports, and neoliberal social policy",B,title,I
. ,O,O,I
Chicago,B,other,I
: ,O,O,I
University of Chicago Press,B,publisher,I
".
",O,O,I
Harvey,B,author,B
",",I,author,I
 D.,I,author,I
 (,O,O,I
1989,B,year,I
). ,O,O,I
From managerialism to entrepreneurialism: The transformation in urban governance in late capitalism,B,title,I
. ,O,O,I
Geografiska Annaler,B,source,I
", ",O,O,I
71,B,volume,I
(,O,O,I
1,B,issue,I
"), ",O,O,I
3,B,fpage,I
–,O,O,I
17,B,lpage,I
".
",O,O,I
Harvey,B,author,B
", ",I,author,I
D.,I,author,I
 (,O,O,I
2001,B,year,I
).,O,O,I
 Spaces of capital: Towards a critical geography,B,title,I
. ,O,O,I
London,B,other,I
: ,O,O,I
Routledge,B,publisher,I
".
",O,O,I
Hermann,B,author,B
", ",I,author,I
P.,I,author,I
 (,O,O,I
1996,B,year,I
", July 1). ",O,O,I
Police recreation program blooms as the city’s fades: PALs’ success leads to criticism of efforts of parks department,B,title,I
. ,O,O,I
The Baltimore Sun,B,source,I
".
",O,O,I
Hermann,B,author,B
", ",O,O,I
P.,B,author,I
 (,O,O,I
2009,B,year,I
", March 19).",O,O,I
 ‘Great day’ for city kids brings 2 PAL closings,B,title,I
. ,O,O,I
The Baltimore Sun,B,source,I
".
",O,O,I
Kelly,B,author,B
",",I,author,I
 L.,I,author,I
 ,I,author,I
(,O,O,I
2011,B,year,I
).,O,O,I
 ‘Social inclusion’ through sports-based interventions?,B,title,I
 ,O,O,I
Critical Social Policy,B,source,I
", ",O,O,I
31,B,volume,I
(,O,O,I
1,B,issue,I
"), ",O,O,I
126,B,fpage,I
–,O,O,I
150,B,lpage,I
".
",O,O,I
Kelly,B,author,B
",",I,author,I
 L.,I,author,I
 ,I,author,I
(,O,O,I
2013,B,year,I
).,O,O,I
 Sports-based interventions and the local governance of youth crime and antisocial behavior,B,title,I
. ,O,O,I
Journal of Sport and Social Issues,B,source,I
", ",O,O,I
37,B,volume,I
(,O,O,I
3,B,issue,I
"), ",O,O,I
261,B,fpage,I
–,O,O,I
283,B,lpage,I
".
",O,O,I
Levine,B,author,B
",",I,author,I
 M. V.,I,author,I
 (,O,O,I
2000,B,year,I
). ,O,O,I
"‘A third world city in the first world’: Social exclusion, racial inequality, and sustainable development in Baltimore",B,title,I
. In ,O,O,I
R. E. S. Mario Polese,B,editor,I
" (Ed.),",O,O,I
 The social sustainability of cities: Diversity and the management of change,B,source,I
. ,O,O,I
Toronto,B,other,I
: ,O,O,I
University of Toronto Press,B,publisher,I
".
",O,O,I
Matthews,B,author,B
",",I,author,I
 R.,I,author,I
 (,O,O,I
1996,B,year,I
", November 12). ",O,O,I
Youth program woes spur study: Recreation centers face budget crunch,B,title,I
.,O,O,I
 The Baltimore Sun,B,source,I
".
",O,O,I
Matthews,B,author,B
", ",I,author,I
R.,I,author,I
 (,O,O,I
1997,B,year,I
"a, May 27). ",O,O,I
"City recreation program has faded fast: Once hailed, agency loses staff, centers: more cuts looming",B,title,I
. ,O,O,I
The Baltimore Sun,B,source,I
".
",O,O,I
Matthews,B,author,B
", ",I,author,I
R.,I,author,I
 (,O,O,I
1997,B,year,I
"b, August 7). ",O,O,I
Schmoke to give Police Athletic League control of 10 more city recreation centers; Change in Baltimore goes into effect Oct. 1,B,title,I
. ,O,O,I
The Baltimore Sun,B,source,I
".
",O,O,I
Ong,B,author,B
", ",I,author,I
A.,I,author,I
 (,O,O,I
2006,B,year,I
).,O,O,I
 Neoliberalism as exception: Mutations in citizenship and sovereignty,B,title,I
.,O,O,I
" Durham, NC",B,other,I
: ,O,O,I
Duke University Press,B,publisher,I
".
",O,O,I
PAL,B,editor,B
. (,O,O,I
2015,B,year,I
). ,O,O,I
History,B,title,I
. Retrieved from ,O,O,I
http://www.palnyc. org/history,B,url,I
"
",O,O,I
Peck,B,author,B
", ",I,author,I
J.,I,author,I
", & ",O,O,I
Tickell,B,author,I
", ",I,author,I
A.,I,author,I
 (,O,O,I
2002,B,year,I
). ,O,O,I
Neoliberalizing space,B,title,I
. ,O,O,I
Antipode,B,source,I
", ",O,O,I
34,B,volume,I
(,O,O,I
3,B,issue,I
"), ",O,O,I
380,B,fpage,I
–,O,O,I
404,B,lpage,I
".
",O,O,I
Pitter,B,author,B
", ",I,author,I
R.,I,author,I
", & ",O,O,I
Andrews,B,author,I
", ",I,author,I
D. L.,I,author,I
 (,O,O,I
1997,B,year,I
). ,O,O,I
Serving America’s underserved youth: Reflections on sport and recreation in an emerging social problems industry,B,title,I
. ,O,O,I
Quest,B,source,I
", ",O,O,I
49,B,volume,I
(,O,O,I
1,B,issue,I
"), ",O,O,I
85,B,fpage,I
–,O,O,I
99,B,lpage,I
".
",O,O,I
Police fil rec center void,B,editor,B
; ,O,O,I
Helping out: Officers assigned to run recreation programs keeping kids out of trouble,B,title,I
. (,O,O,I
1996,B,year,I
", May 10). ",O,O,I
The Baltimore Sun,B,source,I
".
",O,O,I
Reutter,B,author,B
", ",I,author,I
M.,I,author,I
 (,O,O,I
2015,B,year,I
", May 4). ",O,O,I
"Closing rec centers and slashing youth programs were root causes of riot, councilman asserts",B,title,I
. Retrieved from ,O,O,I
baltimorebrew.com,B,url,I
"
",O,O,I
Shivers,B,author,B
", ",I,author,I
J.,I,author,I
", & ",O,O,I
Halpers,B,author,I
", ",I,author,I
J.,I,author,I
 (,O,O,I
1981,B,year,I
). ,O,O,I
The crisis in urban recreational services,B,title,I
. ,O,O,I
"Rutherford, NJ",B,other,I
: ,O,O,I
Fairleigh-Dickinson University Press,B,publisher,I
".
",O,O,I
Slack,B,author,B
", ",I,author,I
J. D.,I,author,I
 (,O,O,I
1996,B,year,I
). ,O,O,I
The theory and method of articulation in cultural studies,B,title,I
. In ,O,O,I
D. Morley,B,editor,I
 &,O,O,I
 K. Chen,B,editor,I
" (Eds.), ",O,O,I
Stuart Hall: Critical dialogues in Cultural Studies,B,source,I
", ",O,O,I
112,B,fpage,I
–,O,O,I
127,B,lpage,I
".
",O,O,I
Spaaij,B,author,B
", ",I,author,I
R.,I,author,I
 (,O,O,I
2009,B,year,I
).,O,O,I
 Sport as a vehicle for social mobility and regulation of disadvantaged urban youth lessons from Rotterdam,B,title,I
. ,O,O,I
International Review for the Sociology of Sport,B,source,I
", ",O,O,I
44,B,volume,I
(,O,O,I
2/3,B,issue,I
"), ",O,O,I
247,B,fpage,I
–,O,O,I
264,B,lpage,I
".
",O,O,I
Subhas,B,author,B
",",I,author,I
 N.,I,author,I
", & ",O,O,I
Chandra,B,author,I
", ",I,author,I
A.,I,author,I
 (,O,O,I
2004,B,year,I
). ,O,O,I
Baltimore City Police Athletic League assessment study,B,title,I
. ,O,O,I
Baltimore,B,other,I
: ,O,O,I
"Center for Adolescent Health, Johns Hopkins Bloomberg School of Public Health",B,publisher,I
".
",O,O,I
Sugrue,B,author,B
",",I,author,I
 T.J.,I,author,I
 (,O,O,I
1996,B,year,I
). ,O,O,I
The Origins of the urban crisis: Race and inequality in postwar Detroit,B,title,I
.,O,O,I
" Princeton, NJ",B,other,I
: ,O,O,I
Princeton University Press,B,publisher,I
".
",O,O,I
Tennberg,B,author,B
",",I,author,I
 M.,I,author,I
", ",O,O,I
Vola,B,author,I
", ",I,author,I
J.,I,author,I
", ",O,O,I
Espiritu,B,author,I
", ",I,author,I
A.,I,author,I
",",O,O,I
 ,B,author,I
Schwenke Fors,I,author,I
", ",I,author,I
B.,I,author,I
", & ",O,O,I
Ejdemo,B,author,I
", ",I,author,I
T.,I,author,I
 (,O,O,I
2014,B,year,I
). ,O,O,I
"Neoliberal governance, sustainable development and local communities in the Barents Region",B,title,I
. ,O,O,I
Barents Studies,B,source,I
", ",O,O,I
1,B,volume,I
(,O,O,I
1,B,issue,I
"), ",O,O,I
41,B,fpage,I
–,O,O,I
71,B,lpage,I
".
",O,O,I
Wacquant,B,author,B
", ",I,author,I
L.,I,author,I
 (,O,O,I
2009,B,year,I
). ,O,O,I
Punishing the poor: The neoliberal government of social insecurity,B,title,I
. ,O,O,I
Duke University Press,B,publisher,I
".
",O,O,I
Wilber,B,author,B
",",I,author,I
 D.Q.,I,author,I
 (,O,O,I
2003,B,year,I
", May 1). ",O,O,I
City police taking over PAL operations,B,title,I
. ,O,O,I
The Baltimore Sun,B,source,I
".
",O,O,I
Wilson,B,author,B
",",I,author,I
 J.,I,author,I
 (,O,O,I
1994,B,year,I
). ,O,O,I
"Playing by the rules: Sport, society and the state",B,title,I
. ,O,O,I
"Detroit, MI",B,other,I
: ,O,O,I
Wayne State University Press,B,publisher,I
.,O,O,I
