token,tag,label,ref
[1],O,O,I
 Abdel-Kader,B,author,B
",",I,author,I
 Magdy G,I,author,I
",",O,O,I
 ,B,author,I
Wadongo,I,author,I
 ,I,author,I
Billy,I,author,I
 (,O,O,I
2011,B,year,I
). ,O,O,I
Performance Management in NGOs: Evidence from Kenya,B,title,I
".
",O,O,I
[2],O,O,I
 ,B,author,B
Abu,I,author,I
 ,I,author,I
Kareem,I,author,I
", ",O,O,I
Ayman,B,author,I
 ,I,author,I
Mohamed,I,author,I
 ,I,author,I
Ahmed,I,author,I
 (,O,O,I
2013,B,year,I
). ,O,O,I
"""The Relationship of Management Information Systems to Improving Administrative Performance - A Field Study on Application to NGOs in the Gaza Strip""",B,title,I
",",O,O,I
" Master Thesis (unpublished), Faculty of Economics and Administrative Sciences, Al-Azhar University, Gaza , Palestine",B,other,I
".
",O,O,I
[3],O,O,I
 ,B,author,B
Abu Naser,I,author,I
", ",I,author,I
S. S.,I,author,I
", & ",O,O,I
Al Shobaki,B,author,I
",",I,author,I
 M. J.,I,author,I
 (,O,O,I
2016,B,year,I
).,O,O,I
 Computerized Management Information Systems Resources and their Relationship to the Development of Performance in the Electricity Distribution Company in Gaza,B,title,I
. ,O,O,I
EUROPEAN ACADEMIC RESEARCH,B,source,I
", ",O,O,I
6,B,volume,I
(,O,O,I
8,B,issue,I
"), ",O,O,I
6969,B,fpage,I
-,O,O,I
7002,B,lpage,I
".
",O,O,I
[4] ,O,O,I
Abu Naser,B,author,B
", ",I,author,I
S. S.,I,author,I
", &",O,O,I
 ,B,author,I
Al Shobaki,I,author,I
",",I,author,I
 M. J.,I,author,I
 (,O,O,I
2016,B,year,I
). ,O,O,I
Enhancing the use of Decision Support Systems for Reengineering of Operations and Business-Applied Study on the Palestinian Universities,B,title,I
. ,O,O,I
Journal of Multidisciplinary Engineering Science Studies (JMESS),B,source,I
", ",O,O,I
2,B,volume,I
(,O,O,I
5,B,issue,I
"), ",O,O,I
505,B,fpage,I
-,O,O,I
512,B,lpage,I
".
",O,O,I
[5],O,O,I
 Abu Naser,B,author,B
", ",I,author,I
S. S.,I,author,I
", & ",O,O,I
Al Shobaki,B,author,I
", ",I,author,I
M. J.,I,author,I
 (,O,O,I
2016,B,year,I
). ,O,O,I
The Impact of Management Requirements and Operations of Computerized Management Information Systems to Improve Performance (Practical Study on the employees of the company of Gaza Electricity Distribution),B,title,I
. ,O,O,I
Paper presented at the First Scientific Conference for Community Development.,B,other,I
"
",O,O,I
[6] ,O,O,I
Abu Naser,B,author,B
",",I,author,I
 S. S.,I,author,I
", & ",O,O,I
Shobaki,B,author,I
",",I,author,I
 M.,I,author,I
 (,O,O,I
2016,B,year,I
). ,O,O,I
Requirements of using Decision Support Systems as an Entry Point for Operations of Re-engineering in the Universities (Applied study on the Palestinian universities in Gaza Strip),B,title,I
. ,O,O,I
World Wide Journal of Multidisciplinary Research and Development,B,source,I
", ",O,O,I
2,B,volume,I
(,O,O,I
4,B,issue,I
"), ",O,O,I
32,B,fpage,I
-,O,O,I
40,B,lpage,I
".
",O,O,I
[7],O,O,I
 ,B,author,B
Abu Sabt,I,author,I
", ",I,author,I
Sabri Fayek Abdel-Jawad,I,author,I
 (,O,O,I
2005,B,year,I
). ,O,O,I
"""Evaluation of the Role of Management Information Systems in Administrative Decision Making in Palestinian Universities in the Gaza Strip""",B,title,I
", ",O,O,I
"Master Thesis (unpublished), Faculty of Commerce, Islamic University, Gaza, Palestine",B,other,I
".
",O,O,I
[8] ,O,O,I
Al Shobaki,B,author,B
", ",I,author,I
M. J.,I,author,I
", &",O,O,I
 ,B,author,I
Abu Naser,I,author,I
", ",I,author,I
S. S.,I,author,I
 (,O,O,I
2016,B,year,I
). ,O,O,I
Decision support systems and its role in developing the universities strategic management: Islamic university in Gaza as a case study,B,title,I
. ,O,O,I
International Journal of Advanced Research and Development,B,source,I
", ",O,O,I
1,B,volume,I
(,O,O,I
10,B,issue,I
"), ",O,O,I
33,B,fpage,I
-,O,O,I
47,B,lpage,I
".
",O,O,I
[9] ,O,O,I
Al Shobaki,B,author,B
", ",I,author,I
M. J.,I,author,I
", & ",O,O,I
Abu Naser,B,author,I
", ",I,author,I
S. S.,I,author,I
 (,O,O,I
2016,B,year,I
). ,O,O,I
Performance development and its relationship to demographic variables among users of computerized management information systems in Gaza electricity Distribution Company,B,title,I
. ,O,O,I
International Journal of Humanities and Social Science Research,B,source,I
", ",O,O,I
2,B,volume,I
(,O,O,I
10,B,issue,I
"), ",O,O,I
21,B,fpage,I
-,O,O,I
30,B,lpage,I
".
",O,O,I
[10],O,O,I
 Al Shobaki,B,author,B
",",I,author,I
 M. J.,I,author,I
", & ",O,O,I
Abu Naser,B,author,I
", ",I,author,I
S. S.,I,author,I
 (,O,O,I
2016,B,year,I
). ,O,O,I
The Dimensions of Organizational Excellence In The Palestinian Higher Education Institutions From The Perspective Of The Students,B,title,I
. ,O,O,I
GLOBAL JOURNAL OF MULTIDISCIPLINARY STUDIES,B,source,I
", ",O,O,I
5,B,volume,I
(,O,O,I
11,B,issue,I
"), ",O,O,I
66,B,fpage,I
-,O,O,I
100,B,lpage,I
".
",O,O,I
[11],O,O,I
 Al Shobaki,B,author,B
", ",I,author,I
M. J.,I,author,I
", & ",O,O,I
Abu Naser,B,author,I
", ",I,author,I
S. S.,I,author,I
 (,O,O,I
2017,B,year,I
). ,O,O,I
Usage Degree of the Capabilities of Decision Support System in Al-Aqsa University of Gaza,B,title,I
. ,O,O,I
International Journal of Engineering and Information Systems (IJEAIS),B,source,I
", ",O,O,I
1,B,volume,I
(,O,O,I
2,B,issue,I
"), ",O,O,I
33,B,fpage,I
- ,O,O,I
48,B,lpage,I
".
",O,O,I
[12],O,O,I
 AL-Arabi,B,author,B
", ",I,author,I
Attia,I,author,I
 (,O,O,I
2012,B,year,I
).,O,O,I
" ""The Effect of Information Technology on the Functioning of Employees in Local Governmental Bodies Field Study at the University of Ouargla, Algeria""",B,title,I
", ",O,O,I
Faculty of Economic and Commercial Sciences and Al-Tayseer University,B,other,I
".
",O,O,I
[13] ,O,O,I
Al-Bashaabsha,B,author,B
", ",I,author,I
Samer,I,author,I
 ,I,author,I
(,O,O,I
2005,B,year,I
).,O,O,I
" ""The Effect of Quality Management Information on Improving the Performance of the Jordanian Social Security Institution""",B,title,I
", ",O,O,I
"Journal of Accounting, Management and Insurance",B,source,I
", ",O,O,I
Amman,B,other,I
", Volume ",O,O,I
1,B,volume,I
", Volume ",O,O,I
10,B,volume,I
".
",O,O,I
[14],O,O,I
 ,B,author,B
Al-Dweik,I,author,I
", ",I,author,I
Mesbah,I,author,I
 (,O,O,I
2010,B,year,I
). ,O,O,I
"""Health Information Systems and Accounting - Applied Study on Gaza European Hospital""",B,title,I
",",O,O,I
" Master Thesis (unpublished), Faculty of Commerce, Islamic University, Gaza, Palestine",B,other,I
".
",O,O,I
[15] ,O,O,I
Al-Gharabawy,B,author,B
", ",I,author,I
Mahmoud Hassan,I,author,I
 (,O,O,I
2014,B,year,I
). ,O,O,I
"""Computerized Health Information Systems and their Relation to Job Performance - Field Study on UNRWA's Primary Health Relief Centers in the Gaza Strip""",B,title,I
",",O,O,I
" MA (Unpublished), Al-Azhar University, Gaza, Palestine",B,other,I
"
",O,O,I
[16] ,O,O,I
Al-Halabi,B,author,B
", ",I,author,I
Diaa Al Haq,I,author,I
 (,O,O,I
2010,B,year,I
). ,O,O,I
"""Management Information Systems, Accountant and its Impact on Decentralization: An Empirical Study on the Ministry of Finance in the Gaza Strip""",B,title,I
", ",O,O,I
"Master Thesis (unpublished), Islamic University, Gaza, Palestine",B,other,I
".
",O,O,I
[17],O,O,I
 Al-Moghrabi,B,author,B
", ",I,author,I
Abdelhamid,I,author,I
 (,O,O,I
2002,B,year,I
). ,O,O,I
"""Management Information Systems (Principles and Principles)""",B,title,I
", ",O,O,I
"Mansoura University, Modern Library, Mansoura, Egypt",B,other,I
".
",O,O,I
[18],O,O,I
 ,B,author,B
Al-Najjar,I,author,I
", ",I,author,I
Fayez Juma Saleh,I,author,I
", (",O,O,I
2005,B,year,I
).,O,O,I
" ""Management Information Systems""",B,title,I
", ",O,O,I
Dar Al-Hamed Publishing and Distribution,B,publisher,I
 ,O,O,I
"Amman, Jordan",B,other,I
".
",O,O,I
[19] ,O,O,I
Al-Omari,B,author,B
", ",I,author,I
Ayman,I,author,I
 (,O,O,I
2009,B,year,I
).,O,O,I
" ""The Impact of Computerized Information Systems on the Performance of Workers in the Palestinian Telecommunications Company""",B,title,I
",",O,O,I
" Master Thesis (unpublished), Islamic University, Gaza, Palestine",B,other,I
".
",O,O,I
[20] ,O,O,I
Al-Otaibi,B,author,B
", ",I,author,I
Aziza,I,author,I
 (,O,O,I
2010,B,year,I
). ,O,O,I
"""The Impact of Information Technology on Human Resource Performance at the Australian Academy in Melbourne, and its Impact on Functionality""",B,title,I
", ",O,O,I
"MA (unpublished), British-Arab Higher Education Academy, London",B,other,I
".
",O,O,I
[21],O,O,I
 Al-Salmi,B,author,B
", ",I,author,I
Alaa Abdel Razek,I,author,I
", and",O,O,I
 ,B,author,I
Al-Salmi,I,author,I
", ",I,author,I
Hussein Alaa,I,author,I
 (,O,O,I
2005,B,year,I
). ,O,O,I
"""Electronic Management Networks""",B,title,I
", ",O,O,I
First,B,issue,I
" Edition, ",O,O,I
Dar Wael Publishing,B,publisher,I
", ",O,O,I
"Amman, Jordan",B,other,I
".
",O,O,I
[22],O,O,I
 ,B,author,B
Al-Saudi,I,author,I
", ",I,author,I
Ahmed,I,author,I
: (,O,O,I
2006,B,year,I
). ,O,O,I
"""The Impact of Management Information Systems on the Performance of Employees of the Social Security Institution""",B,title,I
", ",O,O,I
"Field Study, Studies",B,source,I
", Volume (",O,O,I
33,B,volume,I
"), Issue (",O,O,I
1,B,issue,I
").
",O,O,I
[23] ,O,O,I
Al-Shurafa,B,author,B
", ",I,author,I
Alaa,I,author,I
 (,O,O,I
2004,B,year,I
). ,O,O,I
"""Assessment of Information Systems in the Ministry of Health in the Gaza Strip""",B,title,I
", ",O,O,I
"Master Thesis (unpublished), Faculty of Public Health, Al-Quds University, Abu Dis, Gaza, Palestine",B,other,I
".
",O,O,I
[24],O,O,I
 Al-Shurbagi,B,author,B
", ",I,author,I
Najib,I,author,I
 (,O,O,I
2001,B,year,I
). ,O,O,I
"""Health and Medical Information in the Middle East Region - WHO""",B,title,I
",",O,O,I
 Regional Office for the Middle East,B,publisher,I
", ",O,O,I
Cairo,B,other,I
".
",O,O,I
[25] ,O,O,I
Ammar,B,author,B
",",I,author,I
 Mohamed Gamal,I,author,I
 (,O,O,I
2009,B,year,I
).,O,O,I
" ""The Extent of Applicability of E-Administration in the Gaza Regional Office and its Role in Improving the Performance of Workers""",B,title,I
", ",O,O,I
"Master Thesis (unpublished), Islamic University, Gaza, Palestine",B,other,I
".
",O,O,I
[26] ,O,O,I
Arafat,B,author,B
", ",I,author,I
Mohamed,I,author,I
 (,O,O,I
2007,B,year,I
).,O,O,I
" ""Obstacles of Decision Support Systems in the Ministries of the Palestinian National Authority - Gaza Strip""",B,title,I
",",O,O,I
" Master Thesis (unpublished), Faculty of Commerce, Islamic University, Palestine",B,other,I
".
",O,O,I
[27] ,O,O,I
Beaver,B,author,B
", ",I,author,I
Kevin,I,author,I
 (,O,O,I
2003,B,year,I
). ,O,O,I
"""Healthcare Information Systems""",B,title,I
", ",O,O,I
Second,B,issue,I
" edition, ",O,O,I
best practices series,B,source,I
", ",O,O,I
CRC Press,B,publisher,I
 ,O,O,I
"LLC, Florida, USA",B,other,I
".
",O,O,I
[28] ,O,O,I
Berg,B,author,B
", ",I,author,I
Mrk,I,author,I
 (,O,O,I
2001),B,year,I
. ,O,O,I
"""Health Information Management, Routledge""",B,title,I
", ",O,O,I
"London, UK",B,other,I
".
",O,O,I
[29] ,O,O,I
Bos,B,author,B
", ",I,author,I
Lodewijk,I,author,I
& ,O,O,I
Blobel,B,author,I
", ",I,author,I
Bernd,I,author,I
 (,O,O,I
2007,B,year,I
).,O,O,I
" ""Medical And Care Compunetics 4""",B,title,I
", ",O,O,I
"eHelth Competence Center, University of Regensburg Medical Center",B,source,I
", Germany, Volume ",O,O,I
127,B,volume,I
",",O,O,I
 IOS Press,B,publisher,I
",",O,O,I
" Amestrdam, Netherland",B,other,I
".
",O,O,I
[30] ,O,O,I
Ghoneim,B,author,B
",",I,author,I
 Maher Ahmed,I,author,I
 (,O,O,I
2004,B,year,I
). ,O,O,I
"""The Role of Computerized Information Systems in Decision Making in the Municipalities of the Gaza Strip in Palestine""",B,title,I
", ",O,O,I
"Master Thesis (unpublished), Islamic University, Gaza, Palestine",B,other,I
".
",O,O,I
[31],O,O,I
 ,B,author,B
Hamoud,I,author,I
", ",I,author,I
Khudair,I,author,I
 (,O,O,I
2005,B,year,I
).,O,O,I
" ""Total Quality Management""",B,title,I
", ",O,O,I
2nd,B,issue,I
" edition, ",O,O,I
Dar Al Masirah for Publishing and Distribution,B,publisher,I
", ",O,O,I
"Amman, Jordan",B,other,I
".
",O,O,I
[32] ,O,O,I
Hannah,B,author,B
", ",I,author,I
Kathryn J.,I,author,I
", ",O,O,I
Ball,B,author,I
 ,I,author,I
Marion J.,I,author,I
", (",O,O,I
2003,B,year,I
).,O,O,I
" ""Health Informatics""",B,title,I
", ",O,O,I
Springer Inc.,B,publisher,I
", ",O,O,I
"New York, Inc, USA",B,other,I
". 
",O,O,I
[33] ,O,O,I
"Jad AL-Rab, ",B,author,B
Sayed,I,author,I
 (,O,O,I
2009,B,year,I
). ,O,O,I
"""Administrative Information Systems - The Basics and Administrative Applications""",B,title,I
", ",O,O,I
Al-Ashri Press,B,publisher,I
", ",O,O,I
"Ismailia, Egypt",B,other,I
". 
",O,O,I
[34] ,O,O,I
Jad Al-Rab,B,author,B
", ",I,author,I
Sayed Mohamed,I,author,I
 (,O,O,I
2009,B,year,I
).,O,O,I
" ""Development Strategies for Improving Performance - Methodological Frameworks and Practical Applications""",B,title,I
", ",O,O,I
Suez Canal University,B,publisher,I
", ",O,O,I
Egypt,B,other,I
".
",O,O,I
[35] ,O,O,I
Kundalji,B,author,B
", ",I,author,I
Amer,I,author,I
", ",O,O,I
Al-Janabi,B,author,I
", ",I,author,I
Alaeddin,I,author,I
 ,I,author,I
(,O,O,I
2009,B,year,I
). ,O,O,I
"""Management Information Systems""",B,title,I
", ",O,O,I
I 9,B,other,I
", ",O,O,I
"Dar Al-Massirah for Publishing, Distribution and Printing",B,publisher,I
", ",O,O,I
"Amman, Jordan",B,other,I
".
",O,O,I
[36] ,O,O,I
Ramadan,B,author,B
", ",I,author,I
Fadwa,I,author,I
 (,O,O,I
2009,B,year,I
).,O,O,I
" ""The Effect of Using Decision Support Systems on Performance Development, An Empirical Study on the Ministry of Education - Gaza Strip Governorates""",B,title,I
", ",O,O,I
"unpublished Master Thesis, Islamic University-Gaza-Palestine",B,other,I
".
",O,O,I
[37] ,O,O,I
Tan,B,author,B
", ",I,author,I
Joseph,I,author,I
 (,O,O,I
2005,B,year,I
). ,O,O,I
"""E- Health Care Information Systems – An Introduction for students and profetionals, Jhon Wiley & Sons, Inc""",B,title,I
",",O,O,I
" San Fransisco, CA, USA.",B,other,I
"
",O,O,I
[38],O,O,I
 ,B,author,B
Wager,I,author,I
", ",I,author,I
Karen,I,author,I
", ",O,O,I
Lee,B,author,I
", ",I,author,I
Frances,I,author,I
", ",O,O,I
Glaser,B,author,I
", ",I,author,I
John,I,author,I
 (,O,O,I
2005,B,year,I
). ,O,O,I
"""MANAGING HEALTH CARE INFORMATION SYSTEMS""",B,title,I
", ",O,O,I
"John Wiley & Sons, Inc.",B,publisher,I
", ",O,O,I
"San Francisco, CA, USA",B,other,I
". 
",O,O,I
[39] ,O,O,I
Wickramasinghe,B,author,B
", ",I,author,I
Nilmini,I,author,I
 & ,O,O,I
Geisler,B,author,I
", ",I,author,I
Eliezer,I,author,I
 (,O,O,I
2008,B,year,I
). ,O,O,I
"""Encyclopedia of healthcare information systems, information scince reference (an imprint of IGI Global)",B,title,I
", ",O,O,I
Hershey,B,publisher,I
", ",O,O,I
"New York, USA",B,other,I
".
",O,O,I
