token,tag,label,ref
Alheit,B,author,B
",",I,author,I
 P.,I,author,I
 (,O,O,I
1993,B,year,I
): ,O,O,I
Transitorische Bildungsprozesse: Das ‚biographische Paradigma’ in der Weiterbildung,B,title,I
. In: ,O,O,I
"Mader, W.",B,editor,I
 (Hg.): ,O,O,I
Weiterbildung und Gesellschaft. Grundlagen wissenschaftlicher und beruflicher Praxis in der Bundesrepublik Deutschland,B,source,I
. ,O,O,I
2.,B,issue,I
 erw. Aufl. ,O,O,I
Bremen,B,other,I
: ,O,O,I
Universität Bremen,B,publisher,I
", ",O,O,I
343,B,fpage,I
-,O,O,I
418,B,lpage,I
"
",O,O,I
Dausien,B,author,B
", ",I,author,I
B.,I,author,I
 (,O,O,I
1999,B,year,I
):,O,O,I
"""Geschlechtsspezifische Sozialisation"" - Konstruktiv(istisch)e Ideen zu Karriere und Kritik eines Konzepts",B,title,I
. In: ,O,O,I
dies.,B,other,I
/,O,O,I
"Herrmann, M",B,editor,I
./,O,O,I
"Oechsle, M.",B,editor,I
", ",O,O,I
u.a.,B,other,I
:,O,O,I
 Erkenntnisprojekt Geschlecht,B,source,I
. ,O,O,I
Opladen,B,other,I
: ,O,O,I
Leske & Budrich,B,publisher,I
", ",O,O,I
217,B,fpage,I
-,O,O,I
246,B,lpage,I
"
",O,O,I
Fischer,B,author,B
",",I,author,I
 W.,I,author,I
 (,O,O,I
1978,B,year,I
):,O,O,I
Struktur und Funktion erzählter Lebensgeschichten,B,title,I
. In:,O,O,I
" Kohli, M.",B,editor,I
 (Hg.): ,O,O,I
Soziologie des Lebenslaufs,B,source,I
. ,O,O,I
Darmstadt/Neuwied,B,other,I
: ,O,O,I
Luchterhand,B,publisher,I
", ",O,O,I
311,B,fpage,I
-,O,O,I
336,B,lpage,I
"
",O,O,I
Fischer,B,author,B
", ",I,author,I
W,I,author,I
.,I,author,I
 (,O,O,I
1982,B,year,I
):,O,O,I
Time and Chronic Illness. A Study on the Social Constitution of Temporality,B,title,I
. ,O,O,I
Berkeley (Eigenverlag),B,publisher,I
 – zugleich: ,O,O,I
"Habilitationsschrift. Universität Bielefeld, Fakultät für Soziologie",B,publisher,I
", ",O,O,I
1982,B,year,I
"
",O,O,I
Fischer,B,author,B
", ",I,author,I
W,I,author,I
.,I,author,I
/,O,O,I
Kohli,B,author,I
", ",I,author,I
M,I,author,I
.,I,author,I
 (,O,O,I
1987,B,year,I
): ,O,O,I
Biographieforschung,B,title,I
. In: ,O,O,I
"Voges, W.",B,editor,I
 (Hg.): ,O,O,I
Methoden der Biographie- und Lebenslaufforschung,B,source,I
. ,O,O,I
Opladen,B,other,I
: ,O,O,I
Leske & Budrich,B,publisher,I
", ",O,O,I
25,B,fpage,I
-,O,O,I
50,B,lpage,I
"
",O,O,I
Fischer-Rosenthal,B,author,B
", ",I,author,I
W,I,author,I
.,I,author,I
 (,O,O,I
1999,B,year,I
): ,O,O,I
Biographie und Leiblichkeit. Zur biographischen Arbeit und Artikulation des Körpers,B,title,I
. In: ,O,O,I
"Alheit, P.",B,editor,I
 / ,O,O,I
"Dausien, B.",B,editor,I
 / ,O,O,I
"Fischer-Rosenthal, W.",B,editor,I
 /,O,O,I
" Hanses, A.",B,editor,I
 / ,O,O,I
"Keil, A.",B,editor,I
 (Hg.):,O,O,I
 Biographie und Leib,B,source,I
. ,O,O,I
Giessen,B,other,I
: ,O,O,I
Psychosozial,B,publisher,I
", ",O,O,I
15,B,fpage,I
-,O,O,I
43,B,lpage,I
"
",O,O,I
Fischer-Rosenthal,B,author,B
", ",I,author,I
W,I,author,I
.,I,author,I
 & ,O,O,I
Rosenthal,B,author,I
", ",I,author,I
G,I,author,I
.,I,author,I
 (,O,O,I
1997,B,year,I
): ,O,O,I
Narrationsanalyse biographischer Selbstpräsentationen,B,title,I
. In:,O,O,I
 R. Hitzler,B,editor,I
 & ,O,O,I
A. Honer,B,editor,I
 (Hg.): ,O,O,I
Sozialwissenschaftliche Hermeneutik,B,source,I
. ,O,O,I
Opladen,B,other,I
: ,O,O,I
Leske & Budrich (UTB),B,publisher,I
", ",O,O,I
133,B,fpage,I
-,O,O,I
164,B,lpage,I
".
",O,O,I
Foucault,B,author,B
", ",I,author,I
M,I,author,I
.,I,author,I
 (,O,O,I
1969,B,year,I
/,O,O,I
1988,B,year,I
): ,O,O,I
Archäologie des Wissens,B,title,I
.,O,O,I
 3.,B,issue,I
 Aufl. ,O,O,I
Frankfurt a. M.,B,other,I
: ,O,O,I
Suhrkamp ,B,publisher,I
Gurwitsch,B,author,I
", ",I,author,I
A,I,author,I
.,I,author,I
 (,O,O,I
1959,B,year,I
): ,O,O,I
Beitrag zur phänomenologischen Theorie der Wahrnehmung,B,title,I
. In: ,O,O,I
Zeitschrift für Philosophische Forschung,B,source,I
", ",O,O,I
13,B,issue,I
", ",O,O,I
419,B,fpage,I
-,O,O,I
437,B,lpage,I
"
",O,O,I
Gurwitsch,B,author,B
", ",I,author,I
A,I,author,I
.,I,author,I
 (,O,O,I
1974,B,year,I
): ,O,O,I
Das Bewußtseinsfeld,B,title,I
. ,O,O,I
Berlin/New York,B,other,I
: ,O,O,I
De Gruyter,B,publisher,I
"
",O,O,I
Hanses,B,author,B
", ",I,author,I
A,I,author,I
.,I,author,I
 (,O,O,I
1996,B,year,I
):,O,O,I
Epilepsie als biographische Konstruktion. Eine Analyse von Erkrankungs- und Gesundungsprozessen anfallserkrankter Menschen anhand erzählter Lebensgeschichten,B,title,I
. ,O,O,I
Bremen,B,other,I
: ,O,O,I
Donat,B,publisher,I
"
",O,O,I
Hildenbrand,B,author,B
", ",I,author,I
B,I,author,I
.,I,author,I
 (,O,O,I
1991,B,year,I
):,O,O,I
Fallrekonstruktive Forschung,B,title,I
. In: ,O,O,I
"Flick, U.",B,editor,I
/,O,O,I
"Kardorff, E. v.",B,editor,I
/,O,O,I
"Keupp, H.",B,editor,I
/,O,O,I
"Rosenstiel, L. v",B,editor,I
./,O,O,I
"Wolff, St.",B,editor,I
 (Hg.): ,O,O,I
Handbuch für Qualitative Sozialforschung,B,source,I
. ,O,O,I
München,B,other,I
: ,O,O,I
Beltz,B,publisher,I
", S. ",O,O,I
256,B,fpage,I
-,O,O,I
259,B,lpage,I
".
",O,O,I
Hurrelmann,B,author,B
", ",I,author,I
K,I,author,I
.,I,author,I
 (,O,O,I
1998,B,year,I
): ,O,O,I
Einführung in die Sozialisationstheorie,B,title,I
. ,O,O,I
Weinheim,B,other,I
: ,O,O,I
Beltz,B,publisher,I
"
",O,O,I
Hurrelmann,B,author,B
", ",I,author,I
K,I,author,I
.,I,author,I
 (,O,O,I
2000,B,year,I
): ,O,O,I
Gesundheitssoziologie. Eine Einführung in sozialwissenschaftliche Theorien von Krankheitsprävention und Gesundheitsförderung,B,title,I
. ,O,O,I
Weinheim/München,B,other,I
: ,O,O,I
Juventa,B,publisher,I
"
",O,O,I
Husserl,B,author,B
", ",I,author,I
E,I,author,I
.,I,author,I
 (,O,O,I
1976,B,year,I
): ,O,O,I
Ideen zu einer reinen Phänomenologie und Phänomenologischen Philosophie,B,title,I
. Erstes Buch (= ,O,O,I
Gesammelte Werke III,B,source,I
", ",O,O,I
1,B,issue,I
). Hg. von,O,O,I
 Karl Schuhmann,B,editor,I
. ,O,O,I
Den Haag,B,other,I
: ,O,O,I
Nijhoff,B,publisher,I
"
",O,O,I
Lewin,B,author,B
", ",I,author,I
K,I,author,I
.,I,author,I
 (,O,O,I
1927,B,year,I
/,O,O,I
1967,B,year,I
): ,O,O,I
Gesetz und Experiment in der Psychologie,B,title,I
. ,O,O,I
Darmstadt,B,other,I
: ,O,O,I
Wissenschaftliche Buchgesellschaft,B,publisher,I
"
",O,O,I
Mannheim,B,author,B
", ",I,author,I
K,I,author,I
.,I,author,I
 (,O,O,I
1928,B,year,I
): ,O,O,I
Das Problem der Generationen,B,title,I
. In: ,O,O,I
Kölner Vierteljahreshefte für Soziologie,B,source,I
", ",O,O,I
7,B,volume,I
 (,O,O,I
2,B,issue,I
"), ",O,O,I
157,B,fpage,I
-,O,O,I
185,B,lpage,I
; (,O,O,I
3,B,issue,I
) ,O,O,I
309,B,fpage,I
-,O,O,I
330,B,lpage,I
"
",O,O,I
Miethe,B,author,B
", ",I,author,I
I,I,author,I
.,I,author,I
 (,O,O,I
1999,B,year,I
): ,O,O,I
Frauen in der DDR-Opposition. Lebens- und kollektivgeschichtliche Verläufe in einer Frauenfriedensgruppe,B,title,I
. ,O,O,I
Opladen,B,other,I
: ,O,O,I
Leske & Budrich,B,publisher,I
"
",O,O,I
Oevermann,B,author,B
", ",I,author,I
U,I,author,I
.,I,author,I
 ,O,O,I
u.a.,B,other,I
 (,O,O,I
1979,B,year,I
): ,O,O,I
Die Methodologie einer objektiven Hermeneutik und ihre allgemeine forschungslogische Bedeutung in den Sozialwissenschaften,B,title,I
. In: ,O,O,I
H.-G. Soeffner,B,editor,I
 (Hg.): ,O,O,I
Interpretative Verfahren in den Sozial- und Textwissenschaften,B,source,I
. ,O,O,I
Stuttgart,B,other,I
: ,O,O,I
Metzler,B,publisher,I
", S. ",O,O,I
352,B,fpage,I
-,O,O,I
434,B,lpage,I
"
",O,O,I
Oevermann,B,author,B
", ",I,author,I
U,I,author,I
.,I,author,I
 ,O,O,I
u.a.,B,other,I
 (,O,O,I
1980,B,year,I
): ,O,O,I
Zur Logik der Interpretation von Interviewtexten,B,title,I
. In: ,O,O,I
"Heinze, Th.",B,editor,I
/,O,O,I
"Klusemann, H.W.",B,editor,I
/,O,O,I
"Soeffner, H.-G.",B,editor,I
" (Hg.),",O,O,I
 Interpretationen einer Bildungsgeschichte,B,source,I
. ,O,O,I
Bensheim,B,other,I
: ,O,O,I
päd extra,B,publisher,I
", ",O,O,I
15,B,fpage,I
-,O,O,I
69,B,lpage,I
"
",O,O,I
Rosenthal,B,author,B
", ",I,author,I
G,I,author,I
.,I,author,I
 (,O,O,I
1995,B,year,I
): ,O,O,I
Erlebte und erzählte Lebensgeschichte,B,title,I
. ,O,O,I
Frankfurt a.M.,B,other,I
: ,O,O,I
Campus,B,publisher,I
"
",O,O,I
Rosenthal,B,author,B
", ",I,author,I
G,I,author,I
.,I,author,I
 (,O,O,I
1997,B,year,I
): ,O,O,I
Zur interaktionellen Konstitution von Generationen. Generationenabfolgen in Familien von 1890 - 1970 in Deutschland,B,title,I
. In: ,O,O,I
"Mansel, J.",B,editor,I
/,O,O,I
"Rosenthal, G.",B,editor,I
/,O,O,I
"Tölke, A.",B,editor,I
 (Hg.):,O,O,I
 Generationen-Beziehungen: Austausch und Tradierung,B,source,I
. ,O,O,I
Opladen,B,other,I
: ,O,O,I
Westdeutscher Verlag,B,publisher,I
", ",O,O,I
57,B,fpage,I
-,O,O,I
73,B,lpage,I
"
",O,O,I
Rosenthal,B,author,B
", ",I,author,I
G,I,author,I
.,I,author,I
 (im Druck): ,O,O,I
Erzählte Lebensgeschichten zwischen Fiktion und Wirklichkeit. Zum Phänomen „falscher“ Identitäten,B,title,I
. In: ,O,O,I
"Diekmann, I.",B,editor,I
/,O,O,I
"Schoeps, J. H.",B,editor,I
 (Hg.): ,O,O,I
Das Wilkomirski-Syndrom. Eingebildete Erinnerungen,B,source,I
. ,O,O,I
Zürich,B,other,I
: ,O,O,I
Pendo,B,publisher,I
"
",O,O,I
Rosenthal,B,author,B
", ",I,author,I
G,I,author,I
.,I,author,I
/,O,O,I
Fischer-Rosenthal,B,author,I
", ",I,author,I
W.,I,author,I
 ,I,author,I
(,O,O,I
2000,B,year,I
): ,O,O,I
Analyse narrativ-biographischer Interviews,B,title,I
".
",O,O,I
In: ,O,O,I
"Flick, U.",B,editor,B
/,O,O,I
"Kardorff, E. v.",B,editor,I
/,O,O,I
"Steinke, I.",B,editor,I
 (Hg.):,O,O,I
Qualitative Forschung,B,title,I
. ,O,O,I
Reinbek,B,other,I
: ,O,O,I
Rowohlt,B,publisher,I
", ",O,O,I
456,B,fpage,I
-,O,O,I
467,B,lpage,I
"
",O,O,I
Schütze,B,author,B
", ",I,author,I
F,I,author,I
.,I,author,I
 (,O,O,I
1976,B,year,I
):,O,O,I
Zur Hervorlockung und Analyse von Erzählungen thematisch relevanter Geschichten im Rahmen soziologischer Feldforschung,B,title,I
. In: ,O,O,I
Arbeitsgruppe Bielefelder Soziologen: Kommunikative Sozialforschung,B,source,I
. ,O,O,I
München,B,other,I
: ,O,O,I
Fink,B,publisher,I
", ",O,O,I
159,B,fpage,I
-,O,O,I
260,B,lpage,I
"
",O,O,I
Schütze,B,author,B
", ",I,author,I
F,I,author,I
.,I,author,I
 (,O,O,I
1983,B,year,I
):,O,O,I
Biographieforschung und narratives Interview,B,title,I
. In: ,O,O,I
Neue Praxis,B,source,I
 ,O,O,I
3,B,issue,I
", ",O,O,I
283,B,fpage,I
-,O,O,I
293,B,lpage,I
"
",O,O,I
Schütze,B,author,B
", ",I,author,I
F,I,author,I
.,I,author,I
 (,O,O,I
1994,B,year,I
): ,O,O,I
"Das Paradoxe in Felix' Leben als Ausdruck eines ""wilden"" Wandlungsprozesses",B,title,I
. In: ,O,O,I
"Koller, H.-Ch.",B,editor,I
/,O,O,I
"Kokemohr, R.",B,editor,I
 (Hg.): ,O,O,I
Lebensgeschichte als Text. Zur biographischen Artikulation problematischer Bildungsprozesse,B,source,I
. ,O,O,I
Weinheim,B,other,I
: ,O,O,I
Deutscher Studienverlag,B,publisher,I
", ",O,O,I
13,B,fpage,I
-,O,O,I
60,B,lpage,I
"
",O,O,I
Völter,B,author,B
", ",I,author,I
Bettina,I,author,I
(,O,O,I
2000,B,year,I
): ,O,O,I
Judentum und Kommunismus in Familien- und Lebensgeschichte,B,title,I
. ,O,O,I
Dissertation,B,other,I
. ,O,O,I
Technische Universität Berlin,B,other,I
 (erscheint ,O,O,I
2002 ,B,year,I
bei ,O,O,I
Leske & Budrich,B,publisher,I
")
",O,O,I
Wohlrab-Sahr,B,author,B
", ",I,author,I
M,I,author,I
.,I,author,I
 (,O,O,I
1992,B,year,I
): ,O,O,I
"Biographische Unsicherheit. Formen weiblicher Identität in der ""reflexiven Moderne"". Das Beispiel der Zeitarbeiterinnen",B,title,I
. ,O,O,I
Opladen,B,other,I
: ,O,O,I
Leske & Budrich,B,publisher,I
