token,tag,label,ref
Betz,B,author,B
",",I,author,I
 Hans-Georg,I,author,I
 (,O,O,I
1993,B,year,I
).,O,O,I
The New Politics of Resentment: Radical Right-Wing Populism in Western Europe,B,title,I
", in: ",O,O,I
Comparative Politics,B,source,I
", ",O,O,I
25,B,volume,I
(,O,O,I
4,B,issue,I
"), ",O,O,I
413,B,fpage,I
– ,O,O,I
27,B,lpage,I
".
",O,O,I
Betz,B,author,B
", ",I,author,I
Hans-Georg,I,author,I
 (,O,O,I
2001,B,year,I
). ,O,O,I
"Exclusionary Populism in Austria, Italy, and Switzerland",B,title,I
", in: ",O,O,I
International Journal,B,source,I
", ",O,O,I
56,B,volume,I
(,O,O,I
3,B,issue,I
"), ",O,O,I
393,B,fpage,I
–,O,O,I
420,B,lpage,I
".
",O,O,I
Betz,B,author,B
", ",I,author,I
Hans-Georg,I,author,I
 (,O,O,I
2002,B,year,I
). ,O,O,I
Rechtspopulismus in Westeuropa: Aktuelle Entwicklungen und politische Bedeutung,B,title,I
", in:",O,O,I
 Österreichische Zeitschrift für Politikwissenschaft,B,source,I
", ",O,O,I
32,B,volume,I
(,O,O,I
3,B,issue,I
"), ",O,O,I
251,B,fpage,I
–,O,O,I
264,B,lpage,I
".
",O,O,I
Betz,B,author,B
",",I,author,I
 Hans-Georg,I,author,I
 (,O,O,I
2004,B,year,I
). ,O,O,I
La droite populiste en Europe: Extrême et démocrate,B,title,I
", ",O,O,I
Paris,B,other,I
".
",O,O,I
Burger,B,author,B
", ",I,author,I
Rudolf,I,author,I
(,O,O,I
2000,B,year,I
). ,O,O,I
Romantisches Österreich,B,title,I
", in: ",O,O,I
Leviathan,B,source,I
", ",O,O,I
28,B,volume,I
(,O,O,I
1,B,issue,I
"), ",O,O,I
8,B,fpage,I
–,O,O,I
15,B,lpage,I
".
",O,O,I
Canovan,B,author,B
", ",I,author,I
Margaret,I,author,I
(,O,O,I
1981,B,year,I
). ,O,O,I
Populism,B,title,I
", ",O,O,I
New York,B,other,I
".
",O,O,I
Capoccia,B,author,B
", ",I,author,I
Giovanni,I,author,I
(,O,O,I
2002,B,year,I
). ,O,O,I
Anti-System Parties – A Conceptual Reassessment,B,title,I
", in: ",O,O,I
Journal of Theoretical Politics,B,source,I
", ",O,O,I
14,B,volume,I
(,O,O,I
1,B,issue,I
"), ",O,O,I
9,B,fpage,I
–,O,O,I
35,B,lpage,I
".
",O,O,I
"Czernin, Hubertus",B,editor,B
 (Hg.) (,O,O,I
2000,B,year,I
). ,O,O,I
"Wofür ich mich meinetwegen entschuldige: Haider, beim Wort genommen",B,title,I
", ",O,O,I
Wien,B,other,I
".
",O,O,I
Decker,B,author,B
", ",I,author,I
Frank,I,author,I
(,O,O,I
2000,B,year,I
). ,O,O,I
Parteien unter Druck; Der neue Rechtspopulismus in den westlichen Demokratien,B,title,I
", ",O,O,I
Opladen,B,other,I
".
",O,O,I
Decker,B,author,B
", ",I,author,I
Frank,I,author,I
(,O,O,I
2004,B,year,I
). ,O,O,I
Der neue Rechtspopulismus,B,title,I
", ",O,O,I
Opladen,B,other,I
".
",O,O,I
Eatwell,B,author,B
", ",I,author,I
Roger,I,author,I
(,O,O,I
2000,B,year,I
). ,O,O,I
The Rebirth of the Extreme Right in Western Europe,B,title,I
", in:",O,O,I
 Parliamentary Affairs,B,source,I
", ",O,O,I
53,B,volume,I
", ",O,O,I
407,B,fpage,I
–,O,O,I
25,B,lpage,I
".
",O,O,I
Gibson,B,author,B
", ",I,author,I
Rachel,I,author,I
(,O,O,I
2002,B,year,I
). ,O,O,I
The Growth of Anti-Immigrant Parties in Western Europe,B,title,I
", ",O,O,I
Ceredigion,B,other,I
".
",O,O,I
Grumke,B,author,B
", ",I,author,I
Thomas,I,author,I
(,O,O,I
2001,B,year,I
). ,O,O,I
Rechtsextremismus in den USA,B,title,I
", ",O,O,I
Opladen,B,other,I
".
",O,O,I
Hainsworth,B,author,B
", ",I,author,I
Paul,I,author,I
(,O,O,I
2000,B,year,I
). ,O,O,I
The Politics of the Extreme Right,B,title,I
", ",O,O,I
London,B,other,I
".
",O,O,I
Heinisch,B,author,B
", ",I,author,I
Reinhard,I,author,I
(,O,O,I
2002,B,year,I
). ,O,O,I
"Populism, Proporz, Pariah – Austria Turns Right: Austrian Political Change, Its Causes and Repercussions",B,title,I
", ",O,O,I
New York,B,other,I
".
",O,O,I
Heinisch,B,author,B
", ",I,author,I
Reinhard,I,author,I
(,O,O,I
2003,B,year,I
). ,O,O,I
Success in Opposition – Failure in Government: Exploring the Performance of the Austrian Freedom Party and other European Right-wing Populist Parties in Public Office,B,title,I
", in: ",O,O,I
West European Politics,B,source,I
", ",O,O,I
26,B,volume,I
(,O,O,I
3,B,issue,I
"), ",O,O,I
91,B,fpage,I
–,O,O,I
130,B,lpage,I
".
",O,O,I
Heinisch,B,author,B
", ",I,author,I
Reinhard,I,author,I
(,O,O,I
2004,B,year,I
).,O,O,I
Salvation and Villain – The Role of ‚Europe‘ in Austrian Politics and The Rise of Right-wing Populism“,B,title,I
", in: ",O,O,I
Politique Européenne,B,source,I
" (i.E.).
",O,O,I
Hofinger,B,author,B
", ",I,author,I
Christroph,I,author,I
/,O,O,I
Marcelo,B,author,I
Jenny,I,author,I
/,O,O,I
Günther,B,author,I
Ogris ,I,author,I
(,O,O,I
2000,B,year,I
). ,O,O,I
Steter Tropfen höhlt den Stein. Wählerströme und Wählerwanderungen 1999 im Kontext der 80er und 90er Jahre,B,title,I
", in: ",O,O,I
Fritz Plasser,B,editor,I
/,O,O,I
Peter Ulram,B,editor,I
/,O,O,I
Franz Sommer,B,editor,I
 (Hg.): ,O,O,I
Das österreichische Wahlverhalten,B,source,I
", ",O,O,I
Wien,B,other,I
", ",O,O,I
117,B,fpage,I
–,O,O,I
40,B,lpage,I
".
",O,O,I
Holmes,B,author,B
", ",I,author,I
Douglas,I,author,I
(,O,O,I
2000,B,year,I
). ,O,O,I
"Integral Europe: FastCapitalism, Multiculturalism, Neo-Fascism",B,title,I
", ",O,O,I
Princeton,B,other,I
".
",O,O,I
Horner,B,author,B
", ",I,author,I
Franz,I,author,I
(,O,O,I
1995,B,year,I
).,O,O,I
Politisches Denken in Österreich nach 1945“,B,title,I
", in: ",O,O,I
Österreichische Zeitschrift für Politikwissenschaft,B,source,I
", ",O,O,I
24,B,volume,I
(,O,O,I
1,B,issue,I
"), ",O,O,I
69,B,fpage,I
–,O,O,I
82,B,lpage,I
".
",O,O,I
Ignazi,B,author,B
", ",I,author,I
Piero,I,author,I
(,O,O,I
1996,B,year,I
).,O,O,I
The Crisis of Parties and the Rise of New Political Parties,B,title,I
", in: ",O,O,I
Party Politics,B,source,I
", ",O,O,I
2,B,volume,I
(,O,O,I
4,B,issue,I
"), ",O,O,I
549,B,fpage,I
– ,O,O,I
66,B,lpage,I
".
",O,O,I
Ignazi,B,author,B
", ",I,author,I
Piero,I,author,I
(,O,O,I
2003,B,year,I
). ,O,O,I
Extreme Right-Wing Parties in Western Europe,B,title,I
", ",O,O,I
Oxford,B,other,I
".
",O,O,I
Kitschelt,B,author,B
", ",I,author,I
Herbert,I,author,I
(,O,O,I
1995,B,year,I
). ,O,O,I
The Radical Right in Western Europe. A Comparative Analysis,B,title,I
", ",O,O,I
Ann Arbor,B,other,I
".
",O,O,I
Knigge,B,author,B
", ",I,author,I
Pia,I,author,I
(,O,O,I
1998,B,year,I
). ,O,O,I
The Ecological Correlates of Rightwing Extremism in Western Europe,B,title,I
", in: ",O,O,I
European Journal of Political Research,B,source,I
", ",O,O,I
34,B,volume,I
", ",O,O,I
249,B,fpage,I
–,O,O,I
279,B,lpage,I
".
",O,O,I
Koopmans,B,author,B
", ",I,author,I
Ruud,I,author,I
(,O,O,I
1996,B,year,I
).,O,O,I
Explaining the Rise of Racists and Extremist Violence in Western Europe: Grievances or Opportunities,B,title,I
", in: ",O,O,I
European Journal of Political Research,B,source,I
", ",O,O,I
30,B,volume,I
(,O,O,I
1,B,issue,I
"), ",O,O,I
185,B,fpage,I
–,O,O,I
216,B,lpage,I
".
",O,O,I
Loch,B,author,B
", ",I,author,I
Dietmar,I,author,I
/,O,O,I
Wilhelm,B,author,I
Heitmeyer ,I,author,I
(,O,O,I
2001,B,year,I
).,O,O,I
"Schattenseiten der Globalisierung; Rechtsradikalismus, Rechtspopulismus, und separatistischer Regionalismus in westlichen Demokratien",B,title,I
", ",O,O,I
Frankfurt a. M,B,other,I
".
",O,O,I
Lubbers,B,author,B
", ",I,author,I
Marcel,I,author,I
/,O,O,I
Mérove,B,author,I
Gijsberts,I,author,I
/,O,O,I
Peer,B,author,I
Scheepers ,I,author,I
(,O,O,I
2002,B,year,I
). ,O,O,I
Extreme Right-Wing Voting in Western Europe,B,title,I
", in: ",O,O,I
European Journal of Political Research,B,source,I
", ",O,O,I
41,B,volume,I
", ",O,O,I
345,B,fpage,I
–,O,O,I
378,B,lpage,I
".
",O,O,I
Luther,B,author,B
", ",I,author,I
Kurt Richard,I,author,I
(,O,O,I
1997,B,year,I
). ,O,O,I
Die Freiheitlichen,B,title,I
", in: ",O,O,I
Herbert Dachs,B,editor,I
/,O,O,I
Peter Gerlich,B,editor,I
/,O,O,I
Herbert Gottweis,B,editor,I
 ,O,O,I
et al.,B,other,I
 (Hg.): ,O,O,I
Handbuch des Politischen Systems Österreichs – Die Zweite Republik,B,source,I
", ",O,O,I
Wien,B,other,I
", ",O,O,I
286,B,fpage,I
–,O,O,I
304,B,lpage,I
".
",O,O,I
Luther,B,author,B
", ",I,author,I
Kurt Richard,I,author,I
 (,O,O,I
2003,B,year,I
). ,O,O,I
The self-destruction of a Right-wing Populist Party? The Austrian Parliamentary Election of 2002,B,title,I
", in: ",O,O,I
West European Politics,B,source,I
", ",O,O,I
26,B,volume,I
(,O,O,I
2,B,issue,I
"), ",O,O,I
136,B,fpage,I
–,O,O,I
152,B,lpage,I
".
",O,O,I
Mair,B,author,B
", ",I,author,I
Peter,I,author,I
(,O,O,I
2002,B,year,I
).,O,O,I
Populist Democracy vs. Party Democracy“,B,title,I
", in: ",O,O,I
Yves Mény,B,editor,I
/,O,O,I
Yves Surel,B,editor,I
 (Hg.): ,O,O,I
Democracies and the Populist Challenge,B,source,I
", ",O,O,I
Basingstoke,B,other,I
", ",O,O,I
81,B,fpage,I
–,O,O,I
98,B,lpage,I
".
",O,O,I
Mény,B,author,B
", ",I,author,I
Yves,I,author,I
/,O,O,I
Yves,B,author,I
Surel ,I,author,I
(,O,O,I
2002,B,year,I
). ,O,O,I
The Constitutive Ambiguity of Populism,B,title,I
", in: ",O,O,I
Yves Mény,B,editor,I
/,O,O,I
Yves Surel,B,editor,I
 (Hg.): ,O,O,I
Democracies and the Populist Challenge,B,source,I
", ",O,O,I
Basingstoke,B,other,I
", ",O,O,I
1,B,fpage,I
–,O,O,I
11,B,lpage,I
".
",O,O,I
Minkenberg,B,author,B
", ",I,author,I
Michael,I,author,I
(,O,O,I
2000,B,year,I
). ,O,O,I
The Renewal of the Radical Right: Between Modernity and AntiModernity,B,title,I
", in: ",O,O,I
Government and Opposition,B,source,I
", ",O,O,I
35,B,volume,I
(,O,O,I
2,B,issue,I
"), ",O,O,I
170,B,fpage,I
–,O,O,I
188,B,lpage,I
".
",O,O,I
Minkenberg,B,author,B
", ",I,author,I
Michael,I,author,I
(,O,O,I
2001,B,year,I
). ,O,O,I
The Radical Right in Public Office: Agenda-Setting and Policy Effects,B,title,I
", in: ",O,O,I
West European Politics,B,source,I
", ",O,O,I
24,B,volume,I
(,O,O,I
4,B,issue,I
"), ",O,O,I
1,B,fpage,I
–,O,O,I
21,B,lpage,I
".
",O,O,I
Mudde,B,author,B
", ",I,author,I
Cas,I,author,I
(,O,O,I
1996,B,year,I
).,O,O,I
The Paradox of the Anti-Party,B,title,I
", in:",O,O,I
 Party Politics,B,source,I
", ",O,O,I
2,B,volume,I
(,O,O,I
2,B,issue,I
"), ",O,O,I
265,B,fpage,I
–,O,O,I
76,B,lpage,I
".
",O,O,I
Mudde,B,author,B
", ",I,author,I
Cas,I,author,I
(,O,O,I
2000,B,year,I
). ,O,O,I
The Ideology of the Extreme Right,B,title,I
", ",O,O,I
Manchester,B,other,I
".
",O,O,I
Newell,B,author,B
", ",I,author,I
James,I,author,I
(,O,O,I
2000,B,year,I
).,O,O,I
Italy: The Extreme Rights Comes in from the Cold,B,title,I
", in: ",O,O,I
Parliamentary Affairs,B,source,I
", ",O,O,I
53,B,volume,I
", ",O,O,I
496,B,fpage,I
–,O,O,I
485,B,lpage,I
".
",O,O,I
Østergard-Nielsen,B,author,B
", ",I,author,I
Eva,I,author,I
(,O,O,I
2003,B,year,I
). ,O,O,I
Counting the Cost: Denmark’s Changing Migration Policies,B,title,I
", in: ",O,O,I
International Journal of Urban and Regional Research,B,source,I
", ",O,O,I
27,B,volume,I
(,O,O,I
2,B,issue,I
"), ",O,O,I
448,B,fpage,I
–,O,O,I
54,B,lpage,I
".
",O,O,I
Rose,B,author,B
", ",I,author,I
Richard,I,author,I
/,O,O,I
Thomas T.,B,author,I
 ,I,author,I
Mackie ,I,author,I
(,O,O,I
1988,B,year,I
). ,O,O,I
Do Parties Persist or Fail? The Big Trade-Off Facing Organizations,B,title,I
", in:",O,O,I
 Key Lawson,B,editor,I
/,O,O,I
Peter Merkl,B,editor,I
 (Hg.): ,O,O,I
When Parties Fail: Emerging Alternative Organizations,B,source,I
", ",O,O,I
Princeton,B,other,I
", ",O,O,I
533,B,fpage,I
–,O,O,I
558,B,lpage,I
".
",O,O,I
Schedler,B,author,B
", ",I,author,I
Andreas,I,author,I
(,O,O,I
1996,B,year,I
). ,O,O,I
Anti-Political Establishment Parties,B,title,I
", in:",O,O,I
 Party Politics,B,source,I
", ",O,O,I
2,B,volume,I
(,O,O,I
3,B,issue,I
"), ",O,O,I
211,B,fpage,I
–,O,O,I
312,B,lpage,I
".
",O,O,I
Taggart,B,author,B
", ",I,author,I
Paul,I,author,I
(,O,O,I
2000,B,year,I
). ,O,O,I
Populism,B,title,I
", ",O,O,I
Buckingham,B,other,I
".
",O,O,I
Tarchi,B,author,B
", ",I,author,I
Marci,I,author,I
(,O,O,I
2002,B,year,I
). ,O,O,I
Populism Italian Style,B,title,I
", in:",O,O,I
 Yves Mény,B,editor,I
/,O,O,I
Yves Surel,B,editor,I
 (Hg.): ,O,O,I
Democracies and the Populist Challenge,B,source,I
", ",O,O,I
Basingstoke,B,other,I
", ",O,O,I
62,B,fpage,I
–,O,O,I
80,B,lpage,I
".
",O,O,I
Van Holsteyn,B,author,B
", ",I,author,I
Joop,I,author,I
(,O,O,I
2003,B,year,I
). ,O,O,I
Never a Dull Moment: Pim Fortuyn and the Dutch Parliamentary Elections of 15 May 2002,B,title,I
", in: ",O,O,I
West European Politics,B,source,I
", ",O,O,I
26,B,volume,I
(,O,O,I
2,B,issue,I
"), ",O,O,I
41,B,fpage,I
– ,O,O,I
66,B,lpage,I
.,O,O,I
