token,tag,label,ref
Adler,B,author,B
", ",I,author,I
Emanuel ,I,author,I
(,O,O,I
1997,B,year,I
). ,O,O,I
Seizing the Middle Ground: Constructivism in International Relations,B,title,I
. ,O,O,I
European Journal of International Relations,B,source,I
", ",O,O,I
3,B,volume,I
 (,O,O,I
3,B,issue,I
"), ",O,O,I
319,B,fpage,I
 - ,O,O,I
363,B,lpage,I
".
",O,O,I
Agazzi,B,author,B
", ",I,author,I
Evandro ,I,author,I
(,O,O,I
1988,B,year,I
). ,O,O,I
L'objectivité scientifique,B,title,I
. In ,O,O,I
Evandro Agazzi,B,editor,I
" (Ed.), ",O,O,I
L'objectivité dans les différentes sciences,B,source,I
 (pp.,O,O,I
13,B,fpage,I
-,O,O,I
25,B,lpage,I
). ,O,O,I
Fribourg,B,other,I
: ,O,O,I
Editions Universitaires,B,publisher,I
".
",O,O,I
Alvesson,B,author,B
", ",I,author,I
Mats,I,author,I
 & ,O,O,I
Sköldberg,B,author,I
", ",I,author,I
Kaj,I,author,I
 (,O,O,I
2000,B,year,I
). ,O,O,I
Reflexive Methodology. New Vistas for Qualitative Research,B,title,I
. ,O,O,I
London,B,other,I
: ,O,O,I
Sage,B,publisher,I
".
",O,O,I
Amorim,B,author,B
", ",I,author,I
Marilia,I,author,I
 (,O,O,I
1996,B,year,I
). ,O,O,I
Dialogisme et altérité dans les sciences humaines,B,title,I
. ,O,O,I
Paris,B,other,I
: ,O,O,I
L'Harmattan,B,publisher,I
".
",O,O,I
Ashley,B,author,B
", ",I,author,I
Richard K.,I,author,I
 ,I,author,I
(,O,O,I
1989,B,year,I
).,O,O,I
" Living on Border Lines: Man, Poststructuralism, and War",B,title,I
. In ,O,O,I
James Der Derian,B,editor,I
 & ,O,O,I
Michael J. Shapiro,B,editor,I
" (Eds.), ",O,O,I
International/Intertextual Relations,B,source,I
 (pp.,O,O,I
259,B,fpage,I
-,O,O,I
321,B,lpage,I
). ,O,O,I
Lexington,B,other,I
: ,O,O,I
Lexington Books,B,publisher,I
".
",O,O,I
Bagby,B,author,B
", ",I,author,I
Laurie M.J.,I,author,I
 ,I,author,I
(,O,O,I
1994,B,year,I
). ,O,O,I
The Use and Abuse of Thucydides in International Relations,B,title,I
. ,O,O,I
International Organization,B,source,I
", ",O,O,I
48,B,volume,I
 (,O,O,I
1,B,issue,I
"), ",O,O,I
131,B,fpage,I
 - ,O,O,I
153,B,lpage,I
".
",O,O,I
Bakhtin,B,author,B
", ",I,author,I
Mikhail M.,I,author,I
 (,O,O,I
1981,B,year,I
). ,O,O,I
Discourse in the Novel,B,title,I
. In ,O,O,I
Michael Holquist,B,editor,I
" (Ed.), ",O,O,I
The Dialogic Imagination,B,source,I
 (pp.,O,O,I
259,B,fpage,I
-,O,O,I
422,B,lpage,I
). ,O,O,I
Austin,B,other,I
: ,O,O,I
University of Texas Press,B,publisher,I
 ,O,O,I
(original text written in 1934-1935),B,other,I
".
",O,O,I
Bakhtin,B,author,B
", ",I,author,I
Mikhail M.,I,author,I
 (,O,O,I
1984,B,year,I
). ,O,O,I
Toward a Reworking of the Dostoevsky Book,B,title,I
. In ,O,O,I
Caryl Emerson,B,editor,I
" (Ed.),",O,O,I
 Problems of Dostoevsky's Poetics,B,source,I
 (pp.,O,O,I
283,B,fpage,I
-,O,O,I
302,B,lpage,I
). ,O,O,I
Minneapolis-London,B,other,I
: ,O,O,I
University of Minnesota Press,B,publisher,I
 ,O,O,I
(original text written in 1961),B,other,I
".
",O,O,I
Bakhtin,B,author,B
",",O,O,I
 Mikhail M.,B,author,I
 (,O,O,I
1986,B,year,I
a). ,O,O,I
The Problem of Speech Genre,B,title,I
. In ,O,O,I
Caryl Emerson,B,editor,I
 & ,O,O,I
Michael Holquist,B,editor,I
" (Eds.), ",O,O,I
Speech Genres and Other Late Essays,B,source,I
 (pp.,O,O,I
60,B,fpage,I
-,O,O,I
102,B,lpage,I
). ,O,O,I
Austin,B,other,I
: ,O,O,I
University of Texas Press,B,publisher,I
 ,O,O,I
(original text written in 1952-53),B,other,I
".
",O,O,I
Bakhtin,B,author,B
", ",I,author,I
Mikhail M.,I,author,I
 (,O,O,I
1986,B,year,I
b). ,O,O,I
"The Problem of the Text in Linguistics, Philology, and the Human Sciences: An Experiment in Philosophical Analysis",B,title,I
. In ,O,O,I
Caryl Emerson,B,editor,I
 & ,O,O,I
Michael Holquist,B,editor,I
" (Eds.), ",O,O,I
Speech Genres and Other Late Essays ,B,source,I
(pp.,O,O,I
103,B,fpage,I
-,O,O,I
131,B,lpage,I
). ,O,O,I
Austin,B,other,I
: ,O,O,I
University of Texas Press,B,publisher,I
 ,O,O,I
(original text written in 1959-61),B,other,I
".
",O,O,I
Bakhtin,B,author,B
", ",I,author,I
Mikhail M.,I,author,I
 ,I,author,I
(,O,O,I
1986,B,year,I
c). ,O,O,I
Toward a Methodology for the Human Sciences,B,title,I
. In ,O,O,I
Caryl Emerson,B,editor,I
 & ,O,O,I
Michael Holquist,B,editor,I
" (Eds.), ",O,O,I
Speech Genres and Other Late Essays,B,source,I
 (pp.,O,O,I
159,B,fpage,I
-,O,O,I
172,B,lpage,I
). ,O,O,I
Austin,B,other,I
: ,O,O,I
University of Texas Press,B,publisher,I
 (original text written in 1974),B,other,I
".
",O,O,I
Bakhtin,B,author,B
", ",I,author,I
Mikhail M.,I,author,I
 (,O,O,I
1986,B,year,I
d). ,O,O,I
From Notes made in 1970-71,B,title,I
. In ,O,O,I
Caryl Emerson,B,editor,I
 & ,O,O,I
Michael Holquist,B,editor,I
" (Eds.), ",O,O,I
Speech Genres and Other Late Essays,B,source,I
 (pp.,O,O,I
132,B,fpage,I
-,O,O,I
158,B,lpage,I
). ,O,O,I
Austin,B,other,I
: ,O,O,I
University of Texas Press,B,publisher,I
 (original text written in 1970-1971),B,other,I
".
",O,O,I
Bakhtin,B,author,B
", ",I,author,I
Mikhail M.,I,author,I
 (,O,O,I
1990,B,year,I
). ,O,O,I
Author and Hero in Aesthetic Activity,B,title,I
. In ,O,O,I
Michael Holquist,B,editor,I
 & ,O,O,I
Vadim Liapunov,B,editor,I
" (Eds.),",O,O,I
 Art and Answerability,B,source,I
 (pp.,O,O,I
4,B,fpage,I
-,O,O,I
256,B,lpage,I
). ,O,O,I
Austin,B,other,I
: ,O,O,I
University of Texas Press,B,publisher,I
 ,O,O,I
(original text written in 1920-23),B,other,I
".
",O,O,I
Bakhtin,B,author,B
", ",I,author,I
Mikhail M.,I,author,I
 ,I,author,I
(,O,O,I
1994,B,year,I
). ,O,O,I
Discourse in Life and Discourse in Art,B,title,I
. In ,O,O,I
Pam Morris,B,editor,I
" (Ed.), ",O,O,I
The Bakhtin Reader,B,source,I
 (pp.,O,O,I
161,B,fpage,I
-,O,O,I
174,B,lpage,I
). ,O,O,I
London,B,other,I
: ,O,O,I
Arnold ,B,publisher,I
(original text written in 1926),B,other,I
".
",O,O,I
"Bell, Michael",B,editor,B
 & ,O,O,I
"Gardiner, Michael",B,editor,I
 (Eds.) (,O,O,I
1998,B,year,I
). ,O,O,I
Bakhtin and the Human Sciences,B,title,I
. ,O,O,I
London,B,other,I
: ,O,O,I
Sage,B,publisher,I
".
",O,O,I
Blaney,B,author,B
", ",I,author,I
David L.,I,author,I
 & ,O,O,I
Inayatullah,B,author,I
", ",I,author,I
Naeem,I,author,I
 (,O,O,I
1994,B,year,I
). ,O,O,I
Prelude to a Conversation of Cultures in International Society? Todorov and Nandy on the Possibility of Dialogue,B,title,I
. ,O,O,I
Alternatives,B,source,I
", ",O,O,I
19,B,volume,I
 (,O,O,I
1,B,issue,I
"), ",O,O,I
23,B,fpage,I
 - ,O,O,I
51,B,lpage,I
".
",O,O,I
"Bourdieu, Pierre",B,editor,B
 & ,O,O,I
"Wacquant, Loïc",B,editor,I
 (Eds.) (,O,O,I
1992,B,year,I
). ,O,O,I
Réponses. Pour une anthropologie réflexive,B,title,I
. ,O,O,I
Paris,B,other,I
: ,O,O,I
Seuil,B,publisher,I
".
",O,O,I
Bourdieu,B,author,B
", ",I,author,I
Pierre ,I,author,I
(,O,O,I
1992,B,year,I
a). ,O,O,I
Penser relationnellement,B,title,I
. In ,O,O,I
Pierre Bourdieu,B,editor,I
 & ,O,O,I
Loïc Wacquant,B,editor,I
" (Eds.), ",O,O,I
Réponses. Pour une anthropologie réflexive,B,source,I
 (pp.,O,O,I
196,B,fpage,I
-,O,O,I
206,B,lpage,I
). ,O,O,I
Paris,B,other,I
: ,O,O,I
Seuil,B,publisher,I
".
",O,O,I
Brown,B,author,B
", ",I,author,I
Chris ,I,author,I
(,O,O,I
2001,B,year,I
). ,O,O,I
Understanding International Relations,B,title,I
. ,O,O,I
Second,B,issue,I
 Edition. ,O,O,I
London,B,other,I
: ,O,O,I
Palgrave,B,publisher,I
".
",O,O,I
Brubaker,B,author,B
", ",I,author,I
Rogers ,I,author,I
& ,O,O,I
Cooper,B,author,I
", ",I,author,I
Frederick ,I,author,I
(,O,O,I
2000,B,year,I
).,O,O,I
" Beyond ""identity.""",B,title,I
 ,O,O,I
Theory and Society,B,source,I
", ",O,O,I
29,B,volume,I
 (,O,O,I
1,B,issue,I
"), ",O,O,I
1,B,fpage,I
 - ,O,O,I
47,B,lpage,I
".
",O,O,I
Carr,B,author,B
", ",I,author,I
Edward H.,I,author,I
 (,O,O,I
1939/1964,B,year,I
). ,O,O,I
The Twenty Years Crisis 1919-1939. An Introduction to the Study of International Relations,B,title,I
. ,O,O,I
New York,B,other,I
: ,O,O,I
Harper & Row,B,publisher,I
".
",O,O,I
Dop,B,author,B
", ",I,author,I
Erik,I,author,I
 (,O,O,I
2000,B,year,I
). ,O,O,I
A Dialogic Epistemology: Bakhtin on Truth and Meaning,B,title,I
. ,O,O,I
Dialogism,B,source,I
", ",O,O,I
4,B,volume,I
", ",O,O,I
7,B,fpage,I
 - ,O,O,I
33,B,lpage,I
".
",O,O,I
Doty,B,author,B
", ",I,author,I
Roxanne L.,I,author,I
 (,O,O,I
1996,B,year,I
). ,O,O,I
The Logic of Différance in International Relations. U.S. Colonization of the Philippines,B,title,I
. In ,O,O,I
Francis A. Beer,B,editor,I
 & ,O,O,I
Robert Hariman,B,editor,I
" (Eds.), ",O,O,I
Post-Realism,B,source,I
 (pp.,O,O,I
331,B,fpage,I
-,O,O,I
345,B,lpage,I
).,O,O,I
 East Lansing,B,other,I
:,O,O,I
 Michigan State University Press,B,publisher,I
".
",O,O,I
Emirbayer,B,author,B
", ",I,author,I
Mustafa ,I,author,I
(,O,O,I
1997,B,year,I
). ,O,O,I
Manifesto for a relational sociology,B,title,I
. ,O,O,I
American Journal of Sociology,B,source,I
", ",O,O,I
103,B,volume,I
 (,O,O,I
2,B,issue,I
"), ",O,O,I
281,B,fpage,I
 - ,O,O,I
317,B,lpage,I
".
",O,O,I
Foucault,B,author,B
", ",I,author,I
Michel,I,author,I
 (,O,O,I
1969,B,year,I
). ,O,O,I
L'archéologie du savoir,B,title,I
. ,O,O,I
Paris,B,other,I
: ,O,O,I
Gallimard,B,publisher,I
".
",O,O,I
Ferguson,B,author,B
", ",I,author,I
Niall ,I,author,I
(,O,O,I
1997,B,year,I
). ,O,O,I
"Virtual History: Towards a ""Chaotic"" Theory of the Past",B,title,I
. In ,O,O,I
Niall Ferguson,B,editor,I
" (Ed.), ",O,O,I
Virtual History. Alternatives and Counterfactuals,B,source,I
 (pp.,O,O,I
1,B,fpage,I
-,O,O,I
90,B,lpage,I
). ,O,O,I
London,B,other,I
: ,O,O,I
Papermac,B,publisher,I
".
",O,O,I
Flynn,B,author,B
", ",I,author,I
Thomas ,I,author,I
(,O,O,I
1994,B,year,I
). ,O,O,I
Foucault's Mapping of History,B,title,I
. In ,O,O,I
Gary Gutting,B,editor,I
" (Ed.), ",O,O,I
The Cambridge Companion to Foucault,B,source,I
 (pp.,O,O,I
28,B,fpage,I
-,O,O,I
46,B,lpage,I
). ,O,O,I
Cambridge,B,other,I
: ,O,O,I
Cambridge University Press,B,publisher,I
".
",O,O,I
Gianni,B,author,B
", ",I,author,I
Matteo,I,author,I
 (,O,O,I
1998,B,year,I
). ,O,O,I
Taking Multiculturalism Seriously: Political Claims for a Differentiated Citizenship,B,title,I
. In ,O,O,I
Karen Slawner,B,editor,I
 & ,O,O,I
Mark E. Denham,B,editor,I
" (Eds.), ",O,O,I
Citizenship after Multiculturalism,B,source,I
 (pp.,O,O,I
33,B,fpage,I
-,O,O,I
55,B,lpage,I
). ,O,O,I
New York,B,other,I
: ,O,O,I
Peter Lang,B,publisher,I
".
",O,O,I
Guillaume,B,author,B
", ",I,author,I
Xavier,I,author,I
 (,O,O,I
2002,B,year,I
). ,O,O,I
Foreign Policy and the Politics of Alterity: A Dialogical Understanding of International Relations,B,title,I
. ,O,O,I
"Millennium: Journal of International Studies,",B,source,I
 ,O,O,I
31,B,volume,I
 (,O,O,I
1,B,issue,I
"), ",O,O,I
1,B,fpage,I
 - ,O,O,I
26,B,lpage,I
".
",O,O,I
Guzzini,B,author,B
", ",I,author,I
Stefano ,I,author,I
(,O,O,I
2000,B,year,I
). ,O,O,I
A Reconstruction of Constructivism in International Relations,B,title,I
. ,O,O,I
European Journal of International Relations,B,source,I
", ",O,O,I
6,B,volume,I
 (,O,O,I
2,B,issue,I
"), ",O,O,I
147,B,fpage,I
 - ,O,O,I
182,B,lpage,I
".
",O,O,I
Hall,B,author,B
", ",I,author,I
Rodney B.,I,author,I
 (,O,O,I
1999,B,year,I
). ,O,O,I
National Collective Identity. Social Constructs and International Systems,B,title,I
. ,O,O,I
New York,B,other,I
: ,O,O,I
Columbia University Press,B,publisher,I
".
",O,O,I
"Hitchcock, Peter",B,editor,B
 (Ed.) (,O,O,I
1998,B,year,I
). ,O,O,I
"Bakhtin/""Bakhtin"": Studies in the Archive and Beyond [Special Issue",B,title,I
]. ,O,O,I
"The South Atlantic Quarterly,",B,source,I
 ,O,O,I
97,B,volume,I
 (,O,O,I
3/4,B,issue,I
").
",O,O,I
Holden,B,author,B
", ",I,author,I
Gerard ,I,author,I
(,O,O,I
2002,B,year,I
). ,O,O,I
Who Contextualizes the Contextualizers? Disciplinary History and the Discourse about IR Discourse,B,title,I
. ,O,O,I
Review of International Studies,B,source,I
", ",O,O,I
28,B,volume,I
 (,O,O,I
2,B,issue,I
"), ",O,O,I
253,B,fpage,I
 - ,O,O,I
270,B,lpage,I
".
",O,O,I
Inayatullah,B,author,B
", ",I,author,I
Naeem ,I,author,I
& ,O,O,I
Blaney,B,author,I
", ",I,author,I
David L.,I,author,I
 (,O,O,I
1996,B,year,I
). ,O,O,I
Knowing Encounters: Beyond Parochialism in International Relations Theory,B,title,I
. In ,O,O,I
Yosef Lapid,B,editor,I
 & ,O,O,I
Friedrich Kratochwil,B,editor,I
" (Eds.), ",O,O,I
The Return of Culture and Identity in IR Theory,B,source,I
 (pp.,O,O,I
65,B,fpage,I
-,O,O,I
84,B,lpage,I
). ,O,O,I
Boulder,B,other,I
: ,O,O,I
Lynne Rienner Publishers,B,publisher,I
".
",O,O,I
"Katzenstein, Peter J.",B,editor,B
 (Ed.) (,O,O,I
1996,B,year,I
). ,O,O,I
The Culture of National Security. Norms and Identity in World Politics,B,title,I
. ,O,O,I
New York,B,other,I
: ,O,O,I
Columbia University Press,B,publisher,I
".
",O,O,I
Keohane,B,author,B
", ",I,author,I
Robert O.,I,author,I
 (,O,O,I
1986,B,year,I
). ,O,O,I
"Realism, Neorealism and the Study of World Politics",B,title,I
. In ,O,O,I
Robert O. Keohane,B,editor,I
" (Ed.), ",O,O,I
Neorealism and its Critics,B,source,I
 (pp.,O,O,I
1,B,fpage,I
-,O,O,I
26,B,lpage,I
). ,O,O,I
New York,B,other,I
: ,O,O,I
Columbia University Press,B,publisher,I
".
",O,O,I
Kratochwil,B,author,B
", ",I,author,I
Friedrich,I,author,I
 (,O,O,I
1996,B,year,I
). ,O,O,I
Citizenship: On the Border of Order,B,title,I
. In ,O,O,I
Yosef Lapid,B,editor,I
 & ,O,O,I
Friedrich Kratochwil,B,editor,I
" (Eds.), ",O,O,I
The Return of Culture and Identity in IR Theory,B,source,I
 (pp.,O,O,I
201,B,fpage,I
-,O,O,I
222,B,lpage,I
). ,O,O,I
Boulder,B,other,I
:,O,O,I
 Lynne Rienner Publishers,B,publisher,I
".
",O,O,I
Kristeva,B,author,B
", ",I,author,I
Julia ,I,author,I
(,O,O,I
1986,B,year,I
a). ,O,O,I
"Word, Dialogue and Novel",B,title,I
. In ,O,O,I
Toril Moi ,B,editor,I
"(Ed.), ",O,O,I
The Kristeva Reader,B,source,I
 (pp.,O,O,I
34,B,fpage,I
-,O,O,I
61,B,lpage,I
). ,O,O,I
New York,B,other,I
: ,O,O,I
Columbia University Press,B,publisher,I
 ,O,O,I
(original text written in 1966),B,other,I
".
",O,O,I
Kristeva,B,author,B
", ",I,author,I
Julia ,I,author,I
(,O,O,I
1986,B,year,I
b). ,O,O,I
Revolution in Poetic Language,B,title,I
. In ,O,O,I
Toril Moi,B,editor,I
" (Ed.), ",O,O,I
The Kristeva Reader,B,source,I
 (pp.,O,O,I
89,B,fpage,I
-,O,O,I
136,B,lpage,I
). ,O,O,I
New York,B,other,I
: ,O,O,I
Columbia University Press,B,publisher,I
 ,O,O,I
(original text written in 1974),B,other,I
".
",O,O,I
Lakatos,B,author,B
", ",I,author,I
Imre ,I,author,I
(,O,O,I
1970,B,year,I
). ,O,O,I
Falsification and the Methodology of Scientific Research Programmes,B,title,I
. In ,O,O,I
John Worrall,B,editor,I
 & ,O,O,I
Gregory Currie,B,editor,I
" (Eds.), ",O,O,I
The Methodology of Scientific Research Programmes,B,source,I
 (pp.,O,O,I
8,B,fpage,I
-,O,O,I
101,B,lpage,I
). ,O,O,I
Cambridge,B,other,I
: ,O,O,I
Cambridge University Press,B,publisher,I
".
",O,O,I
Lapid,B,author,B
", ",I,author,I
Yosef ,I,author,I
(,O,O,I
1989,B,year,I
). ,O,O,I
The Third Debate: On the Prospects of International Theory in a Post-Positivist Era,B,title,I
. ,O,O,I
International Studies Quarterly,B,source,I
", ",O,O,I
33,B,volume,I
 (,O,O,I
3,B,issue,I
"), ",O,O,I
235,B,fpage,I
 - ,O,O,I
254,B,lpage,I
".
",O,O,I
"Lapid, Yosef",B,editor,B
 & ,O,O,I
"Kratochwil, Friedrich",B,editor,I
 (Eds.) (,O,O,I
1996,B,year,I
). ,O,O,I
The Return of Culture and Identity in IR Theory,B,title,I
. ,O,O,I
Boulder,B,other,I
: ,O,O,I
Lynne Rienner Publishers,B,publisher,I
".
",O,O,I
Lebow,B,author,B
", ",I,author,I
Richard N.,I,author,I
 (,O,O,I
2000,B,year,I
). ,O,O,I
What's so Different About a Counterfactual,B,title,I
? ,O,O,I
World Politics,B,source,I
", ",O,O,I
52,B,volume,I
 (,O,O,I
4,B,issue,I
"), ",O,O,I
550,B,fpage,I
 - ,O,O,I
585,B,lpage,I
".
",O,O,I
Lebow,B,author,B
", ",I,author,I
Richard N.,I,author,I
 ,I,author,I
(,O,O,I
2001,B,year,I
). ,O,O,I
Thucydides the Constructivist,B,title,I
. ,O,O,I
American Political Science Review,B,source,I
", ",O,O,I
95,B,volume,I
 (,O,O,I
3,B,issue,I
"), ",O,O,I
547,B,fpage,I
 - ,O,O,I
560,B,lpage,I
".
",O,O,I
Levy,B,author,B
", ",I,author,I
Jack S. ,I,author,I
(,O,O,I
2001,B,year,I
). ,O,O,I
"Explaining Events and Developing Theories: History, Political Science, and the Analysis of International Relations",B,title,I
. In ,O,O,I
Colin Elman,B,editor,I
 & ,O,O,I
Miriam Fendius Elman,B,editor,I
" (Eds.), ",O,O,I
"Bridges and Boundaries. Historians, Political Scientists, and the Study of International Relations",B,source,I
 (pp.,O,O,I
39,B,fpage,I
-,O,O,I
83,B,lpage,I
). ,O,O,I
Cambridge,B,other,I
:,O,O,I
 The MIT Press,B,publisher,I
".
",O,O,I
"Mandelker, Amy",B,editor,B
 (Ed.) (,O,O,I
1995,B,year,I
). ,O,O,I
Bakhtin in Contexts. Across the Disciplines,B,title,I
. ,O,O,I
Evanston,B,other,I
: ,O,O,I
Northwestern University Press,B,publisher,I
".
",O,O,I
Melucci,B,author,B
", ",I,author,I
Alberto ,I,author,I
(,O,O,I
1995,B,year,I
). ,O,O,I
The Process of Collective Identity,B,title,I
. In ,O,O,I
Hank Johnston,B,editor,I
 & ,O,O,I
Bert Klandermans,B,editor,I
" (Eds.), ",O,O,I
Social Movements and Culture,B,source,I
 (pp.,O,O,I
41,B,fpage,I
-,O,O,I
63,B,lpage,I
). ,O,O,I
London,B,other,I
: ,O,O,I
UCL Press,B,publisher,I
".
",O,O,I
Meyer,B,author,B
", ",I,author,I
Michel ,I,author,I
(,O,O,I
1986,B,year,I
). ,O,O,I
"De la problématologie. Philosophie, science et langage",B,title,I
. ,O,O,I
Paris,B,other,I
: ,O,O,I
Pierre Mardaga,B,publisher,I
".
",O,O,I
Morgenthau,B,author,B
", ",I,author,I
Hans J.,I,author,I
 (,O,O,I
1967,B,year,I
). ,O,O,I
"Politics among Nations. The Struggle for Power and Peace. Fourth Edition, Revised and Reset",B,title,I
. ,O,O,I
New York,B,other,I
: ,O,O,I
Alfred A. Knopf,B,publisher,I
".
",O,O,I
Nadeau,B,author,B
", ",I,author,I
Robert ,I,author,I
(,O,O,I
1999,B,year,I
). ,O,O,I
Vocabulaire technique et analytique de l'épistémologie,B,title,I
. ,O,O,I
Paris,B,other,I
: ,O,O,I
Presses Universitaires de France,B,publisher,I
".
",O,O,I
Neufeld,B,author,B
", ",I,author,I
Mark ,I,author,I
(,O,O,I
1995,B,year,I
). ,O,O,I
The Restructuring of International Relations Theory,B,title,I
. ,O,O,I
Cambridge,B,other,I
: ,O,O,I
Cambridge University Press,B,publisher,I
".
",O,O,I
Neumann,B,author,B
", ",I,author,I
Iver B.,I,author,I
 (,O,O,I
1996,B,year,I
). ,O,O,I
Self and Other in International Relations,B,title,I
. ,O,O,I
European Journal of International Relations,B,source,I
", ",O,O,I
2,B,volume,I
 (,O,O,I
2,B,issue,I
"), ",O,O,I
139,B,fpage,I
 - ,O,O,I
174,B,lpage,I
".
",O,O,I
Ringmar,B,author,B
", ",I,author,I
Erik ,I,author,I
(,O,O,I
1996,B,year,I
). ,O,O,I
"Identity, interest and action. A cultural explanation of Sweden's intervention in the Thirty Years War",B,title,I
. ,O,O,I
Cambridge,B,other,I
: ,O,O,I
Cambridge University Press,B,publisher,I
".
",O,O,I
Russett,B,author,B
", ",I,author,I
Bruce ,I,author,I
with the collaboration of,O,O,I
 ,B,author,I
Antholis,I,author,I
",",I,author,I
William,I,author,I
; ,O,O,I
Ember,B,author,I
", ",I,author,I
Carol R.,I,author,I
; ,O,O,I
Ember,B,author,I
", ",I,author,I
Melvin ,I,author,I
& ,O,O,I
Maoz,B,author,I
", ",I,author,I
Zeev ,I,author,I
(,O,O,I
1993,B,year,I
). ,O,O,I
Grasping the Democratic Peace. Principles for a Post-Cold War World,B,title,I
. ,O,O,I
Princeton,B,other,I
: ,O,O,I
Princeton University Press,B,publisher,I
".
",O,O,I
Shapiro,B,author,B
", ",I,author,I
Michael J.,I,author,I
 (,O,O,I
1989,B,year,I
). ,O,O,I
Representing World Politics: The Sport/War Intertext,B,title,I
. In ,O,O,I
James Der Derian,B,editor,I
 & ,O,O,I
Michael J. Shapiro,B,editor,I
" (Eds.), ",O,O,I
International/Intertextual Relations,B,source,I
 (pp.,O,O,I
69,B,fpage,I
-,O,O,I
96,B,lpage,I
). ,O,O,I
Lexington,B,other,I
:,O,O,I
 Lexington Books,B,publisher,I
".
",O,O,I
Spegele,B,author,B
", ",I,author,I
Roger D.,I,author,I
 (,O,O,I
1996,B,year,I
). ,O,O,I
Political Realism in International Theory,B,title,I
. ,O,O,I
Cambridge,B,other,I
: ,O,O,I
Cambridge University Press,B,publisher,I
".
",O,O,I
Tetlock,B,author,B
", ",I,author,I
Philip E.,I,author,I
 & ,O,O,I
Belkin,B,author,I
", ",I,author,I
Aaron ,I,author,I
(,O,O,I
1996,B,year,I
). ,O,O,I
"Couterfactual Thought Experiments in World Politics. Logical, Methodological, and Psychological Perspectives",B,title,I
. In ,O,O,I
Philip E. Tetlock,B,editor,I
 & ,O,O,I
Aaron Belkin,B,editor,I
" (Eds.), ",O,O,I
Counterfactual Thought Experiments in World Politics,B,source,I
 (pp.,O,O,I
3,B,fpage,I
-,O,O,I
38,B,lpage,I
). ,O,O,I
Princeton,B,other,I
: ,O,O,I
Princeton University Press,B,publisher,I
".
",O,O,I
Thies,B,author,B
", ",I,author,I
Cameron G.,I,author,I
 (,O,O,I
2002,B,year,I
). ,O,O,I
"Progress, History and Identity in International Relations Theory: The Case of the Idealist-Realist Debate",B,title,I
. ,O,O,I
European Journal of International Relations,B,source,I
", ",O,O,I
8,B,volume,I
 (,O,O,I
2,B,issue,I
"), ",O,O,I
147,B,fpage,I
 - ,O,O,I
185,B,lpage,I
".
",O,O,I
Todorov,B,author,B
", ",I,author,I
Tzvetan,I,author,I
 (,O,O,I
1981,B,year,I
). ,O,O,I
Mikhaïl Bakhtine. Le principe dialogique suivi de Écrits du Cercle de Bakhtine,B,title,I
. ,O,O,I
Paris,B,other,I
: ,O,O,I
Seuil,B,publisher,I
".
",O,O,I
Todorov,B,author,B
", ",I,author,I
Tzvetan,I,author,I
 (,O,O,I
1982,B,year,I
). ,O,O,I
La conquête de l'Amérique,B,title,I
. ,O,O,I
Paris,B,other,I
: ,O,O,I
Seuil,B,publisher,I
".
",O,O,I
Walker,B,author,B
",",I,author,I
 Robert B. J.,I,author,I
 (,O,O,I
1993,B,year,I
). ,O,O,I
Inside/outside: International as Political Theory,B,title,I
. ,O,O,I
Cambridge,B,other,I
: ,O,O,I
Cambridge University Press,B,publisher,I
".
",O,O,I
Waltz,B,author,B
",",I,author,I
 Kenneth N.,I,author,I
 (,O,O,I
1979,B,year,I
). ,O,O,I
Theory of International Politics,B,title,I
. ,O,O,I
New York,B,other,I
: ,O,O,I
McGraw-Hill,B,publisher,I
".
",O,O,I
Weber,B,author,B
", ",I,author,I
Cynthia,I,author,I
 (,O,O,I
2001,B,year,I
). ,O,O,I
International Relations Theory. A Critical Introduction,B,title,I
. ,O,O,I
London,B,other,I
: ,O,O,I
Routledge,B,publisher,I
".
",O,O,I
Weber,B,author,B
", ",O,O,I
Steven,B,author,I
 (,O,O,I
1996,B,year,I
). ,O,O,I
"Counterfactuals, Past and Future",B,title,I
. In ,O,O,I
Philip E. Tetlock,B,editor,I
 & ,O,O,I
Aaron Belkin,B,editor,I
" (Eds.), ",O,O,I
Counterfactual Thought Experiments in World Politics,B,source,I
 (pp.,O,O,I
268,B,fpage,I
-,O,O,I
288,B,lpage,I
). ,O,O,I
Princeton,B,other,I
:,O,O,I
 Princeton University Press,B,publisher,I
".
",O,O,I
Wendt,B,author,B
", ",I,author,I
Alexander ,I,author,I
(,O,O,I
1992,B,year,I
). ,O,O,I
Anarchy is what States Make of it: The Social Construction of Power Politics,B,title,I
. ,O,O,I
International Organization,B,source,I
", ",O,O,I
46,B,volume,I
 (,O,O,I
2,B,issue,I
"), ",O,O,I
391,B,fpage,I
 - ,O,O,I
425,B,lpage,I
".
",O,O,I
Wendt,B,author,B
", ",I,author,I
Alexander ,I,author,I
(,O,O,I
1999,B,year,I
). ,O,O,I
Social Theory of International Politics,B,title,I
. ,O,O,I
Cambridge,B,other,I
: ,O,O,I
Cambridge University Press,B,publisher,I
".
",O,O,I
