token,tag,label,ref
Carvajal,B,author,B
", ",I,author,I
Diógenes ,I,author,I
(,O,O,I
2001,B,year,I
).,O,O,I
 Herramientas informáticas para el análisis cualitativo,B,title,I
. ,O,O,I
Nómadas,B,source,I
", ",O,O,I
14,B,volume,I
", ",O,O,I
252,B,fpage,I
-,O,O,I
259,B,lpage,I
".
",O,O,I
Coffey,B,author,B
", ",I,author,I
Amanda,I,author,I
; ,O,O,I
Holbrook,B,author,I
", ",I,author,I
Beverley ,I,author,I
& ,O,O,I
Atkinson,B,author,I
", ",I,author,I
Paul ,I,author,I
(,O,O,I
1996,B,year,I
).,O,O,I
 Qualitative Data Analysis: Technologies and Representations,B,title,I
. ,O,O,I
Sociological Research Online,B,source,I
", ",O,O,I
1,B,volume,I
(,O,O,I
1,B,issue,I
). ,O,O,I
http://www.socresonline.org.uk/socresonline/1/1/4.html,B,url,I
".
",O,O,I
Dey,B,author,B
", ",I,author,I
Ian ,I,author,I
(,O,O,I
1993,B,year,I
). ,O,O,I
Qualitative Data Analysis: A User-friendly Guide for Social Scientists,B,title,I
. ,O,O,I
London,B,other,I
: ,O,O,I
Routledge,B,publisher,I
".
",O,O,I
Fielding,B,author,B
", ",I,author,I
Nigel ,I,author,I
& ,O,O,I
Lee,B,author,I
", ",I,author,I
Ray ,I,author,I
(,O,O,I
2002,B,year,I
). ,O,O,I
New Patterns in the Adoption and Use of Qualitative Software,B,title,I
. ,O,O,I
Field Methods,B,source,I
", ",O,O,I
14,B,volume,I
(,O,O,I
2,B,issue,I
"), ",O,O,I
206,B,fpage,I
-,O,O,I
225,B,lpage,I
".
",O,O,I
Fielding,B,author,B
", ",I,author,I
Nigel ,I,author,I
& ,O,O,I
Lee,B,author,I
", ",I,author,I
Ray ,I,author,I
(,O,O,I
1998,B,year,I
). ,O,O,I
Computer Analysis and Qualitative Research,B,title,I
. ,O,O,I
London,B,other,I
: ,O,O,I
Sage,B,publisher,I
".
",O,O,I
Giddens,B,author,B
", ",I,author,I
Anthony ,I,author,I
(,O,O,I
1976,B,year,I
). ,O,O,I
New Rules of Sociological Methods: A Positive Critique of Interpretive Sociologies,B,title,I
. ,O,O,I
London,B,other,I
: ,O,O,I
Hutchinson,B,publisher,I
".
",O,O,I
Kelle,B,author,B
", ",I,author,I
Udo ,I,author,I
(,O,O,I
1996,B,year,I
). ,O,O,I
Computer-aided Qualitative Data Analysis: An Overview,B,title,I
. In ,O,O,I
Cornelia Zuell,B,editor,I
", ",O,O,I
Janet Harkness,B,editor,I
", & ",O,O,I
Juergen H.P. Hoffmeyer-Zlotnik,B,editor,I
" (Eds.), ",O,O,I
Text Analysis and Computers,B,source,I
 (pp.,O,O,I
33,B,fpage,I
-,O,O,I
63,B,lpage,I
). ,O,O,I
Mannheim,B,other,I
: ,O,O,I
Durk & Kopie Hanel,B,publisher,I
".
",O,O,I
Lee,B,author,B
", ",I,author,I
Raymond ,I,author,I
& ,O,O,I
Fielding,B,author,I
", ",I,author,I
Nigel ,I,author,I
(,O,O,I
1996,B,year,I
). ,O,O,I
"Qualitative Data Analysis: Representations of a Technology: A Comment on Coffey, Holbrook and Atkinson",B,title,I
.,O,O,I
 Sociological Research Online,B,source,I
", ",O,O,I
1,B,volume,I
(,O,O,I
4,B,issue,I
"),",O,O,I
 http://www.socresonline.org.uk/socresonline/1/4/lf.html,B,url,I
".
",O,O,I
Mangabeira,B,author,B
", ",I,author,I
Wilma,I,author,I
; ,O,O,I
Lee,B,author,I
", ",I,author,I
Raymond ,I,author,I
& ,O,O,I
Fielding,B,author,I
", ",I,author,I
Nigel,I,author,I
 (,O,O,I
2001 ,B,year,I
January-June). ,O,O,I
"Padrões de adoção, modos de uso e representações sobre tecnologia: usuários do CAQDAS no Reino Unido, em meados da década de 90",B,title,I
. ,O,O,I
Sociologias,B,source,I
", ",O,O,I
3,B,volume,I
(,O,O,I
5,B,issue,I
"), ",O,O,I
20,B,fpage,I
-,O,O,I
57,B,lpage,I
".
",O,O,I
Turnbull,B,author,B
", ",I,author,I
Bernardo ,I,author,I
(,O,O,I
2001,B,year,I
). ,O,O,I
QUAL-Software mailing list,B,title,I
", ",O,O,I
January 19,B,other,I
".
",O,O,I
Weitzman,B,author,B
", ",I,author,I
Eben A.,I,author,I
 & ,O,O,I
Miles,B,author,I
", ",I,author,I
Matthew B.,I,author,I
 (,O,O,I
1995,B,year,I
). ,O,O,I
Computer Programs for Qualitative Data Analysis: A Software Sourcebook,B,title,I
. ,O,O,I
London,B,other,I
: ,O,O,I
Sage,B,publisher,I
".
",O,O,I
