token,tag,label,ref
Benjamin,B,author,B
", ",I,author,I
Jules R.,I,author,I
 (,O,O,I
1990,B,year,I
). ,O,O,I
The United States and the origins of the Cuban revolution: An empire of liberty in an age of national liberation,B,title,I
. ,O,O,I
Princeton,B,other,I
: ,O,O,I
Princeton University Press,B,publisher,I
".
",O,O,I
Bonachea,B,author,B
", ",I,author,I
Ramon L.,I,author,I
 & ,O,O,I
San Martin,B,author,I
", ",I,author,I
Marta ,I,author,I
(,O,O,I
1974,B,year,I
).,O,O,I
 The Cuban insurrection 1952-1959,B,title,I
. ,O,O,I
"New Brunswick, NJ",B,other,I
: ,O,O,I
Transaction Publishers,B,publisher,I
".
",O,O,I
Castro,B,author,B
", ",I,author,I
Max ,I,author,I
(,O,O,I
2000,B,year,I
). ,O,O,I
The trouble with collusion: Paradoxes of the Cuban-American way,B,title,I
. In ,O,O,I
Damian J. Fernandez,B,editor,I
 & ,O,O,I
Madeline C. Betancourt,B,editor,I
" (Eds.), ",O,O,I
"Cuba, the elusive nation: Interpretations of national identity",B,source,I
 (pp.,O,O,I
292,B,fpage,I
-,O,O,I
309,B,lpage,I
). ,O,O,I
"Gainesville, FL",B,other,I
: ,O,O,I
University Press of Florida,B,publisher,I
".
",O,O,I
Chaitin,B,author,B
", ",I,author,I
Julia,I,author,I
; ,O,O,I
Linstroth,B,author,I
", ",I,author,I
J.P.,I,author,I
 & ,O,O,I
Hiller,B,author,I
", ",I,author,I
Patrick T.,I,author,I
 (,O,O,I
2009,B,year,I
). ,O,O,I
"Ethnicity and belonging: An overview of a study of Cuban, Haitian and Guatemalan immigrants to Florida",B,title,I
 . ,O,O,I
Forum Qualitative Sozialforschung / Forum: Qualitative Social Research,B,source,I
", ",O,O,I
10,B,volume,I
(,O,O,I
3,B,issue,I
"), ",O,O,I
Art. 12,B,other,I
", ",O,O,I
http://nbn-resolving.de/urn:nbn:de:0114- fqs0903122,B,identifier,I
".
",O,O,I
Copeland,B,author,B
", ",I,author,I
Ronald ,I,author,I
(,O,O,I
1983,B,year,I
). ,O,O,I
The Cuban boatlift of 1980: Strategies in federal crisis management,B,title,I
. ,O,O,I
Annals of the American Academy of Political and Social Science,B,source,I
", ",O,O,I
467,B,volume,I
", ",O,O,I
138,B,fpage,I
-,O,O,I
150,B,lpage,I
".
",O,O,I
Duany,B,author,B
", ",I,author,I
Jorge,I,author,I
 (,O,O,I
2000),B,year,I
.,O,O,I
 Reconstructing Cubanness: Changing discourses of national identity on the island and in the diaspora during the twentieth century,B,title,I
. In ,O,O,I
Damian J. Fernandez,B,editor,I
 & ,O,O,I
Madeline C. Betancourt,B,editor,I
" (Eds.),",O,O,I
" Cuba, the elusive nation: Interpretations of national identity",B,source,I
 (pp.,O,O,I
17,B,fpage,I
-,O,O,I
42,B,lpage,I
). ,O,O,I
"Gainesville, FL",B,other,I
: ,O,O,I
University Press of Florida,B,publisher,I
".
",O,O,I
Eckstein,B,author,B
", ",I,author,I
Susan ,I,author,I
& ,O,O,I
Barberia,B,author,I
", ",I,author,I
Lorena ,I,author,I
(,O,O,I
2002,B,year,I
). ,O,O,I
Grounding immigrant generations in history: Cuban Americans and their transnational ties,B,title,I
. ,O,O,I
International Migration Review,B,source,I
", ",O,O,I
36,B,volume,I
(,O,O,I
3,B,issue,I
"), ",O,O,I
799,B,fpage,I
-,O,O,I
837,B,lpage,I
".
",O,O,I
Encinosa,B,author,B
", ",I,author,I
Enrique G. ,I,author,I
(,O,O,I
1988,B,year,I
). ,O,O,I
Cuba: The unfinished revolution,B,title,I
. ,O,O,I
"Austin, TX",B,other,I
: ,O,O,I
Eakin Press,B,publisher,I
".
",O,O,I
Farber,B,author,B
", ",I,author,I
Samuel ,I,author,I
(,O,O,I
2006,B,year,I
). ,O,O,I
The origins of the Cuban revolution reconsidered,B,title,I
. ,O,O,I
"Chapel Hill, NC",B,other,I
: ,O,O,I
North Carolina University Press,B,publisher,I
".
",O,O,I
Fernandez,B,author,B
", ",I,author,I
Damian J.,I,author,I
 & ,O,O,I
Betancourt,B,author,I
", ",I,author,I
Madeline C.,I,author,I
 (,O,O,I
2000,B,year,I
). ,O,O,I
Interpretations of national identity,B,title,I
. In ,O,O,I
Damian J. Fernandez,B,editor,I
 &,O,O,I
 Madeline C. Betancourt,B,editor,I
" (Eds.), ",O,O,I
"Cuba, the elusive nation: Interpretations of national identity",B,source,I
 (pp.,O,O,I
1,B,fpage,I
-,O,O,I
13,B,lpage,I
). ,O,O,I
"Gainesville, FL",B,other,I
: ,O,O,I
University Press of Florida,B,publisher,I
".
",O,O,I
Fouron,B,author,B
", ",O,O,I
Georges E.,B,author,I
 & ,O,O,I
Glick-Schiller,B,author,I
", ",O,O,I
Nina ,B,author,I
(,O,O,I
2002,B,year,I
). ,O,O,I
The generation of identity: Redefining the second generation within a transnational social field,B,title,I
. In ,O,O,I
Peggy Levitt,B,editor,I
 & ,O,O,I
Mary C. Waters,B,editor,I
" (Eds.), ",O,O,I
The changing face of home: The transnational lives of the second generation,B,source,I
 (pp.,O,O,I
168,B,fpage,I
-,O,O,I
208,B,lpage,I
). ,O,O,I
New York,B,other,I
: ,O,O,I
Russell Sage Foundation,B,publisher,I
".
",O,O,I
Herrera,B,author,B
", ",I,author,I
Andrea O.,I,author,I
 (,O,O,I
2007,B,year,I
). ,O,O,I
"The politics of mis-remembering: History, imagination, and the recovery of the lost generation",B,title,I
. In ,O,O,I
Andrea O. Herrera,B,editor,I
" (Ed.), ",O,O,I
Cuba: Idea of a nation displaced,B,source,I
 (pp.,O,O,I
176,B,fpage,I
-,O,O,I
193,B,lpage,I
). ,O,O,I
"Albany, NY",B,other,I
:,O,O,I
 State University of New York Press,B,publisher,I
".
",O,O,I
Kasinitz,B,author,B
", ",I,author,I
Philip,I,author,I
;,O,O,I
 ,B,author,I
Waters,I,author,I
",",I,author,I
 Mary C.,I,author,I
; ,O,O,I
Mollenkopf,B,author,I
", ",I,author,I
John H.,I,author,I
 & ,O,O,I
Anil,B,author,I
", ",I,author,I
Merih ,I,author,I
(,O,O,I
2002,B,year,I
). ,O,O,I
Transnationalism and the children of immigrants in contemporary New York,B,title,I
. In ,O,O,I
Peggy Levitt,B,editor,I
 & ,O,O,I
Mary C. Waters,B,editor,I
" (Eds.), ",O,O,I
The changing face of home: The transnational lives of the second generation,B,source,I
 (pp.,O,O,I
96,B,fpage,I
-,O,O,I
122,B,lpage,I
). ,O,O,I
New York,B,other,I
: ,O,O,I
Russell Sage Foundation,B,publisher,I
".
",O,O,I
Leonard,B,author,B
", ",I,author,I
Thomas M.,I,author,I
 (,O,O,I
1999,B,year,I
). ,O,O,I
Castro and Cuban revolution,B,title,I
. ,O,O,I
"Westport, CT",B,other,I
: ,O,O,I
Greenwood Press,B,publisher,I
".
",O,O,I
Maingot,B,author,B
", ",I,author,I
Anthony P.,I,author,I
 (,O,O,I
1992,B,year,I
).,O,O,I
 Immigration from the Caribbean basin,B,title,I
. In ,O,O,I
Guillermo J. Grenier,B,editor,I
 & ,O,O,I
Alex Stepick,B,editor,I
" (Eds.), ",O,O,I
"Miami now!: Immigration, ethnicity, and social change",B,source,I
 (pp.,O,O,I
18,B,fpage,I
-,O,O,I
40,B,lpage,I
). ,O,O,I
"Gainesville, FL",B,other,I
: ,O,O,I
University Press of Florida,B,publisher,I
".
",O,O,I
Medina,B,author,B
", ",I,author,I
Pablo ,I,author,I
(,O,O,I
2007,B,year,I
). ,O,O,I
Exile is a forgetting,B,title,I
. In ,O,O,I
Andrea O. Herrera,B,editor,I
" (Ed.), ",O,O,I
Cuba: Idea of a nation displaced,B,source,I
 (pp.,O,O,I
3,B,fpage,I
-,O,O,I
11,B,lpage,I
). ,O,O,I
"Albany, NY",B,other,I
: ,O,O,I
State University of New York Press,B,publisher,I
".
",O,O,I
Moreno,B,author,B
", ",I,author,I
Dario,I,author,I
 (n.d.). ,O,O,I
Exile political power: Cubans in the United States political system,B,title,I
", ",O,O,I
http://metropolitan.fiu.edu/downloads/exile%20political%20power.doc,B,url,I
 [,O,O,I
"Date of access: April 3, 2009",B,other,I
"].
",O,O,I
Nackerud,B,author,B
", ",I,author,I
Larry,I,author,I
; ,O,O,I
Springer,B,author,I
", ",I,author,I
Alyson,I,author,I
; ,O,O,I
Larrison,B,author,I
", ",I,author,I
Christopher ,I,author,I
& ,O,O,I
Isaac,B,author,I
", ",I,author,I
Alicia ,I,author,I
(,O,O,I
1999,B,year,I
). ,O,O,I
The end of the Cuban contradiction in U.S. refugee policy,B,title,I
. ,O,O,I
International Migration Review,B,source,I
", ",O,O,I
33,B,volume,I
(,O,O,I
1,B,issue,I
"), ",O,O,I
176,B,fpage,I
-,O,O,I
192,B,lpage,I
".
",O,O,I
Olsen,B,author,B
", ",I,author,I
James S.,I,author,I
 & ,O,O,I
Olsen,B,author,I
", ",I,author,I
Judith E.,I,author,I
 (,O,O,I
1995,B,year,I
). ,O,O,I
Cuban Americans: From trauma to triumph,B,title,I
. ,O,O,I
New York,B,other,I
: ,O,O,I
Twayne Publishers,B,publisher,I
".
",O,O,I
Pedraza-Bailey,B,author,B
", ",I,author,I
Sylvia ,I,author,I
(,O,O,I
1985,B,year,I
). ,O,O,I
Cuba's exiles: Portrait of a refugee migration,B,title,I
. ,O,O,I
International Migration Review,B,source,I
", ",O,O,I
19,B,volume,I
(,O,O,I
1,B,issue,I
"), ",O,O,I
4,B,fpage,I
-,O,O,I
34,B,lpage,I
".
",O,O,I
Perez,B,author,B
", ",I,author,I
Lisandro ,I,author,I
(,O,O,I
1992,B,year,I
). ,O,O,I
Cuban Miami,B,title,I
. In ,O,O,I
Guillermo J. Grenier,B,editor,I
 & ,O,O,I
Alex Stepick,B,editor,I
" (Eds.), ",O,O,I
"Miami now! Immigration, ethnicity, and social change",B,source,I
 (pp.,O,O,I
83,B,fpage,I
-,O,O,I
108,B,lpage,I
). ,O,O,I
"Gainesville, FL",B,other,I
: ,O,O,I
University Press of Florida,B,publisher,I
".
",O,O,I
Perez,B,author,B
", ",I,author,I
Louis A.,I,author,I
", Jr. (",O,O,I
1990,B,year,I
). ,O,O,I
Cuba and the United States: Ties of singular intimacy,B,title,I
.,O,O,I
" Athens, GA",B,other,I
: ,O,O,I
The University of Georgia Press,B,publisher,I
".
",O,O,I
Perez,B,author,B
", ",I,author,I
Louis A.,I,author,I
", Jr. (",O,O,I
1999,B,year,I
). ,O,O,I
"On becoming Cuban: Identity, nationality, and culture",B,title,I
. ,O,O,I
"Chapel Hill, N.C.",B,other,I
: ,O,O,I
The University of North Carolina Press,B,publisher,I
".
",O,O,I
Perez-Stable,B,author,B
", ",I,author,I
Marifeli ,I,author,I
(,O,O,I
1999,B,year,I
).,O,O,I
" The Cuban revolution origins, course and legacy",B,title,I
. ,O,O,I
"New York, NY",B,other,I
: ,O,O,I
Oxford University Press,B,publisher,I
".
",O,O,I
Portes,B,author,B
", ",I,author,I
Alejandro ,I,author,I
& ,O,O,I
Stepick,B,author,I
", ",I,author,I
Alex ,I,author,I
(,O,O,I
1993,B,year,I
). ,O,O,I
City on the edge: The transformation of Miami,B,title,I
. ,O,O,I
"Berkeley, CA",B,other,I
: ,O,O,I
University of California Press,B,publisher,I
".
",O,O,I
Rumbaut,B,author,B
", ",I,author,I
Ruben G.,I,author,I
 (,O,O,I
2002,B,year,I
).,O,O,I
" Severed or sustained attachments? Language, identity, and imagined communities in the post-immigrant generation",B,title,I
. In ,O,O,I
Peggy Levitt,B,editor,I
 & ,O,O,I
Mary C. Waters,B,editor,I
" (Eds.), ",O,O,I
The changing face of home: The transnational lives of the second generation,B,source,I
 (pp.,O,O,I
43,B,fpage,I
-,O,O,I
95,B,lpage,I
). ,O,O,I
New York,B,other,I
: ,O,O,I
Russell Sage Foundation,B,publisher,I
".
",O,O,I
Selsky,B,author,B
", ",I,author,I
Andrew ,I,author,I
(,O,O,I
2006,B,year,I
", July 3).",O,O,I
 Cubans find a back door to freedom,B,title,I
. ,O,O,I
Sun Sentinel,B,source,I
", pp.",O,O,I
1,B,fpage,I
-,O,O,I
3,B,lpage,I
".
",O,O,I
Stepick,B,author,B
", ",I,author,I
Alex,I,author,I
; ,O,O,I
Grenier,B,author,I
", ",I,author,I
Guillermo,I,author,I
; ,O,O,I
Castro,B,author,I
", ",I,author,I
Max ,I,author,I
&,O,O,I
 ,B,author,I
Dunn,I,author,I
", ",I,author,I
Marvin,I,author,I
 (,O,O,I
2003,B,year,I
). ,O,O,I
This land is our land: Immigrants and power in Miami,B,title,I
. ,O,O,I
"Berkeley, CA",B,other,I
: ,O,O,I
University of California Press,B,publisher,I
".
",O,O,I
Thomas,B,author,B
", ",I,author,I
Hugh ,I,author,I
(,O,O,I
1998,B,year,I
). ,O,O,I
"Cuba, or, The pursuit of freedom",B,title,I
 (,O,O,I
updated edition,B,other,I
). ,O,O,I
New York,B,other,I
:,O,O,I
 Da Capo Press,B,publisher,I
".
",O,O,I
Volkan,B,author,B
", ",I,author,I
Vamik D.,I,author,I
 (,O,O,I
1991,B,year,I
). ,O,O,I
On chosen trauma. Mind and Human Interaction,B,title,I
", ",O,O,I
4,B,volume,I
", ",O,O,I
3,B,fpage,I
-,O,O,I
19,B,lpage,I
".
",O,O,I
Volkan,B,author,B
", ",I,author,I
Vamik D.,I,author,I
 &,O,O,I
 ,B,author,I
Itzkowitz,I,author,I
", ",I,author,I
Norman ,I,author,I
(,O,O,I
2000,B,year,I
). ,O,O,I
Modern Greek and Turkish identities and the psychodynamics of Greek-Turkish relations,B,title,I
. In ,O,O,I
Antonius C.G.M. Robben,B,editor,I
 &,O,O,I
 Marcelo M. SuarezOrozco,B,editor,I
" (Eds.), ",O,O,I
Cultures under siege: Collective violence and trauma,B,source,I
 (pp.,O,O,I
227,B,fpage,I
-,O,O,I
247,B,lpage,I
). ,O,O,I
Cambridge,B,other,I
: ,O,O,I
Cambridge University Press,B,publisher,I
".
",O,O,I
Whitney,B,author,B
", ",I,author,I
Robert ,I,author,I
(,O,O,I
2001,B,year,I
). ,O,O,I
"State and revolution in Cuba: Mass mobilization and political change, 1920-1940",B,title,I
. ,O,O,I
"Chapel Hill, NC",B,other,I
: ,O,O,I
University of North Carolina Press,B,publisher,I
".
",O,O,I
Wolf,B,author,B
", ",I,author,I
Diane L.,I,author,I
 (,O,O,I
1997,B,year,I
). ,O,O,I
Family secrets: Transnational struggles among children of Filipino immigrants,B,title,I
", ",O,O,I
Sociological Perspectives,B,source,I
", ",O,O,I
40,B,volume,I
(,O,O,I
3,B,issue,I
"), ",O,O,I
457,B,fpage,I
-,O,O,I
482,B,lpage,I
".
",O,O,I
