token,tag,label,ref
BERTSCHI,B,author,B
 ,I,author,I
M,I,author,I
. (,O,O,I
2001,B,year,I
"), ",O,O,I
"Die Umsetzung von Art. 15 lit. b RPG über die Dimensionierung der Bauzonen: Bundesrecht, föderalistische Realität und ihre Wechselwirkungen",B,title,I
".
",O,O,I
BIAGGINI,B,author,B
 ,I,author,I
G,I,author,I
. (,O,O,I
1996,B,year,I
"), ",O,O,I
Theorie und Praxis des Verwaltungsrechts im Bundesstaat,B,title,I
".
",O,O,I
BIANCHI,B,author,B
 ,I,author,I
M,I,author,I
. (,O,O,I
1989,B,year,I
"), ",O,O,I
"Pour une gestion mesurée de la zone à bâtir dans les communes rurales... ou l'art de jouer aux «D», Rapport 24 du Programme national «Sol»",B,title,I
".
",O,O,I
DOBLER ALTORFER,B,author,B
 ,I,author,I
K,I,author,I
"., ",O,O,I
VETTORI,B,author,I
 ,I,author,I
U,I,author,I
. (,O,O,I
1990,B,year,I
"), ",O,O,I
Die Erweiterung der Bauzone,B,title,I
", Bericht ",O,O,I
60,B,volume,I
 des ,O,O,I
Nationalen Forschungsprogrammes «Boden»,B,source,I
".
",O,O,I
FLÜCKIGER,B,author,B
 ,I,author,I
A,I,author,I
. (,O,O,I
1999,B,year,I
"), ",O,O,I
Art. 15,B,title,I
. In: ,O,O,I
AEMISEGGER H.,B,editor,I
", ",O,O,I
 KUTTLER A.,B,editor,I
", ",O,O,I
MOOR P.,B,editor,I
", ",O,O,I
RUCH A.,B,editor,I
" (Hrsg.), ",O,O,I
Kommentar zum Bundesgesetz über die Raumplanung,B,source,I
".
",O,O,I
HUBER,B,author,B
 ,I,author,I
M,I,author,I
. (,O,O,I
1999,B,year,I
"), ",O,O,I
Reichen klassisch ordnungsrechtliche Planungsinstrumente zur Siedlungsbegrenzung aus? Erfahrungen im Kanton Basel-Landschaft,B,title,I
. In: ,O,O,I
BERGMANN A.,B,editor,I
", ",O,O,I
EINIG K.,B,editor,I
", ",O,O,I
HUTTER G.,B,editor,I
", ",O,O,I
MÜLLER B.,B,editor,I
", ",O,O,I
SIEDENTOP S.,B,editor,I
" (Hrsg.), ",O,O,I
Siedlungspolitik auf neuen Wegen,B,source,I
", S. ",O,O,I
311,B,fpage,I
-,O,O,I
328,B,lpage,I
".
",O,O,I
JOST,B,author,B
 ,I,author,I
F,I,author,I
. (,O,O,I
2000,B,year,I
"), ",O,O,I
Grösse und Lage von Bauzonen nach Art. 15 RPG und dem weiteren raumrelevanten Recht,B,title,I
".
",O,O,I
KELLER,B,author,B
 ,I,author,I
B,I,author,I
. (,O,O,I
1990,B,year,I
"), ",O,O,I
Bauzone und Siedlungsgebiet,B,title,I
", Bericht ",O,O,I
59,B,volume,I
 des ,O,O,I
Nationalen Forschungsprogramms «Boden»,B,source,I
".
",O,O,I
KETTIGER,B,author,B
 ,I,author,I
D,I,author,I
. (,O,O,I
2000,B,year,I
"), ",O,O,I
Gesetzescontrolling,B,title,I
".
",O,O,I
LENDI,B,author,B
 ,I,author,I
M,I,author,I
. (,O,O,I
1985,B,year,I
"), ",O,O,I
Redimensionierung der Bauzonen - Rechtsgrundlagen und Vollzug,B,title,I
. In: ,O,O,I
ZBI (Schweizerisches Zentralblatt für Staats- und Gemeindeverwaltung),B,source,I
 ,O,O,I
1985,B,year,I
", S. ",O,O,I
377,B,fpage,I
-,O,O,I
391,B,lpage,I
".
",O,O,I
MOOR,B,author,B
 ,I,author,I
P,I,author,I
. (,O,O,I
1996,B,year,I
"), ",O,O,I
Du modèle de la séparation des pouvoirs à l'évaluation des politiques publiques,B,title,I
. In: ,O,O,I
"De la constitution, Etudes en l´honneur de Jean-François Aubert",B,source,I
", S. ",O,O,I
627,B,fpage,I
-,O,O,I
646,B,lpage,I
".
",O,O,I
MORAND,B,author,B
 ,I,author,I
C.-A.,I,author,I
 (,O,O,I
2001,B,year,I
"), ",O,O,I
 L'évaluation des effets des mesures étatiques,B,title,I
. In: ,O,O,I
THÜRER D.,B,editor,I
", ",O,O,I
AUBERT J.-F.,B,editor,I
", ",O,O,I
MÜLLER J. P.,B,editor,I
" (Hrsg.), ",O,O,I
Verfassungsrecht der Schweiz,B,source,I
", S. ",O,O,I
1119,B,fpage,I
-,O,O,I
1129,B,lpage,I
". 
",O,O,I
Perspektiven des Raumplanungs- und des Bodenrechts,B,title,B
 (,O,O,I
1990,B,year,I
). ,O,O,I
Beihefte zur ZSR (Zeitschrift für Schweizerisches Recht),B,source,I
", Heft ",O,O,I
11,B,issue,I
".
",O,O,I
RUCH,B,author,B
 ,I,author,I
A,I,author,I
. (,O,O,I
1998,B,year,I
"), ",O,O,I
Kooperation und Konsens in der Raumplanung,B,title,I
. In: ,O,O,I
"Das Recht in Raum und Zeit, Festschrift Martin Lendi",B,source,I
", S. ",O,O,I
425,B,fpage,I
-,O,O,I
444,B,lpage,I
".
",O,O,I
SCHRADE,B,author,B
 ,I,author,I
A,I,author,I
. (,O,O,I
1995,B,year,I
"), ",O,O,I
Wieso will niemand auszonen? Vollzugsprobleme bei der Begrenzung der Bauzonen nach Artikel 15 RPG an Fallbeispielen aus dem Kanton Bern,B,title,I
. ,O,O,I
