token,tag,label,ref
Boesch,B,author,B
 ,I,author,I
H,I,author,I
"., ",O,O,I
Die sinnliche Stadt: Essays zur modernen Urbanistik,B,title,I
", ",O,O,I
Zürich,B,other,I
 ,O,O,I
2001,B,year,I
"
",O,O,I
Botta,B,author,B
 ,I,author,I
H,I,author,I
"., ",O,O,I
Berdier,B,author,I
 ,I,author,I
Ch,I,author,I
"., ",O,O,I
Deleuil,B,author,I
 ,I,author,I
J.-M.,I,author,I
", ",O,O,I
Enjeux de la propreté urbaine,B,title,I
", ",O,O,I
Lausanne,B,other,I
 ,O,O,I
2002,B,year,I
"
",O,O,I
Da Cunha,B,author,B
 ,I,author,I
A,I,author,I
"., ",O,O,I
Both,B,author,I
 ,I,author,I
J.-F.,I,author,I
", ",O,O,I
Mager,B,author,I
 ,I,author,I
Ch,I,author,I
"., ",O,O,I
"Evaluation du territoire, développement durable et prospective - les lignes directrices du canton de Vaud",B,title,I
", ",O,O,I
Lausanne,B,other,I
 ,O,O,I
2002,B,year,I
"
",O,O,I
"Eidg. Departement für Umwelt, Verkehr, Energie und Kommunikation, Bundesamt für Strassen",B,editor,B
" (Hrsg.), ",O,O,I
Parkplatzbewirtschaftung Bei «Publikumsintensiven Einrichtungen»: Auswirkungsanalyse,B,title,I
", ",O,O,I
Bern,B,other,I
 ,O,O,I
2002,B,year,I
"
",O,O,I
Fritzsche,B,author,B
 ,I,author,I
B,I,author,I
. ,O,O,I
et al.,B,other,I
", ",O,O,I
Historischer Strukturatlas der Schweiz,B,title,I
", ",O,O,I
Baden,B,other,I
 ,O,O,I
2001,B,year,I
"
",O,O,I
Güller,B,author,B
 ,I,author,I
P,I,author,I
"., ",O,O,I
Maibach,B,author,I
 ,I,author,I
M,I,author,I
"., ",O,O,I
Neuenschwander,B,author,I
 ,I,author,I
R,I,author,I
"., ",O,O,I
Sauber... und rasch ans Ziel - Lernpfad zu umweltgerechtem städtischem Verkehr,B,title,I
", ",O,O,I
Bern,B,other,I
 ,O,O,I
2002,B,year,I
"
",O,O,I
Güller,B,author,B
 ,I,author,I
P,I,author,I
"., ",O,O,I
Maibach,B,author,I
 ,I,author,I
M,I,author,I
"., ",O,O,I
Neuenschwander,B,author,I
 ,I,author,I
R,I,author,I
"., ",O,O,I
Mieux respirer... et gagner du temps - Guide pour une politique environnementale des transports urbains,B,title,I
", ",O,O,I
Berne,B,other,I
 ,O,O,I
2002,B,year,I
"
",O,O,I
Häberli,B,author,B
 ,I,author,I
R,I,author,I
. ,O,O,I
et al.,B,other,I
", ",O,O,I
"Vision Lebensqualität: Nachhaltige Entwicklung - ökologisch notwendig, wirtschaftlich klug, gesellschaftlich möglich. Schlussbericht Schwerpunktprogramm Umwelt Schweiz",B,title,I
", ",O,O,I
Zürich,B,other,I
 ,O,O,I
2002,B,year,I
"
",O,O,I
Kircher,B,author,B
 ,I,author,I
A,I,author,I
"., ",O,O,I
Untersuchungen zum Tier-Fressplatz-Verhältnis bei der Fütterung von Aufzuchtferkeln und Mastschweinen an Rohrbreiautomaten unter dem Aspekt der Tiergerechtheit,B,title,I
", ",O,O,I
Tänikon,B,other,I
 ,O,O,I
2001,B,year,I
"
",O,O,I
Koechlin,B,author,B
 ,I,author,I
R,I,author,I
"., ",O,O,I
Stadtmarketing in der Schweiz: eine Zwischenbilanz,B,title,I
", ",O,O,I
Zürich,B,other,I
 ,O,O,I
2002,B,year,I
"
",O,O,I
Professur für Landschaftsarchitektur ETH Zürich,B,editor,B
" (Hrsg.), ",O,O,I
Dieter Kienast - Die Poetik des Gartens: Über Chaos und Ordnung in der Landschaftsarchitektur,B,title,I
", ",O,O,I
Basel,B,other,I
 ,O,O,I
2002,B,year,I
"
",O,O,I
Thalmann,B,author,B
 ,I,author,I
Ph,I,author,I
"., ",O,O,I
Favarger,B,author,I
 ,I,author,I
Ph,I,author,I
"., ",O,O,I
Locataire ou propriétaire? Enjeux et mythes de l'accession á la Propriété en Suisse,B,title,I
", ",O,O,I
Lausanne,B,other,I
 ,O,O,I
2002,B,year,I
"
",O,O,I
Weilacher,B,author,B
 ,I,author,I
U,I,author,I
"., ",O,O,I
Visionäre Gärten: Die modernen Landschaften von Ernst Cramer,B,title,I
", ",O,O,I
Basel,B,other,I
 ,O,O,I
2001,B,year,I
"
",O,O,I
Abers,B,author,B
 ,I,author,I
R. N.,I,author,I
", ",O,O,I
Inventing Local Democracy: Grassroots Politics in Brazil,B,title,I
", ",O,O,I
Boulder,B,other,I
 ,O,O,I
2000,B,year,I
"
",O,O,I
Akademie für Raumforschung und Landesplanung ARL,B,editor,B
" (Hrsg.), ",O,O,I
Deutsch-Österreichisches Handbuch der Planungsbegriffe,B,title,I
", ",O,O,I
Hannover,B,other,I
 ,O,O,I
2001,B,year,I
"
",O,O,I
Akademie für Raumforschung und Landesplanung ARL,B,editor,B
" (Hrsg.), ",O,O,I
Zukunftsforum RaumPlanung - gemeinsamer Kongress 2001 von ARL und BBR,B,title,I
", ",O,O,I
Hannover,B,other,I
 ,O,O,I
2002,B,year,I
"
",O,O,I
Alisch,B,author,B
 ,I,author,I
M,I,author,I
"., ",O,O,I
"Soziale Stadtentwicklung - Widersprüche, Kausalitäten und Lösungen",B,title,I
", ",O,O,I
Opladen,B,other,I
 ,O,O,I
2002,B,year,I
"
",O,O,I
Bayerisches Staatsministerium für Landwirtschaft und Forsten,B,editor,B
" (Hrsg.), ",O,O,I
Dorferneuerung in Bayern 1981-2001,B,title,I
", ",O,O,I
München,B,other,I
 ,O,O,I
2001,B,year,I
"
",O,O,I
Beck-Bornholdt,B,author,B
 ,I,author,I
H.-P.,I,author,I
", ",O,O,I
Dubben,B,author,I
 ,I,author,I
H.-H.,I,author,I
", ",O,O,I
Der Schein der Weisen - Irrtümer und Fehlurteile im täglichen Denken,B,title,I
", ",O,O,I
Hamburg,B,other,I
 ,O,O,I
2001,B,year,I
"
",O,O,I
Borden I.,B,editor,B
", ",O,O,I
McCreery S.,B,editor,I
" (Eds.), ",O,O,I
New Babylonians,B,title,I
", ",O,O,I
London,B,other,I
 ,O,O,I
2001,B,year,I
"
",O,O,I
Bundesamt für Bauwesen und Raumordnung,B,editor,B
" (Hrsg.), ",O,O,I
Ausgewählte Aspekte zum Arbeitsmarkt,B,title,I
", ",O,O,I
Bonn,B,other,I
 ,O,O,I
2001,B,year,I
"
",O,O,I
Bundesamt für Bauwesen und Raumordnung,B,editor,B
" (Hrsg.), ",O,O,I
Deutsche Einheit - die erste Dekade im Rückblick,B,title,I
", ",O,O,I
Bonn,B,other,I
 ,O,O,I
2001,B,year,I
"
",O,O,I
"Bundesministerium für Verkehr, Bau- und Wohnungswesen",B,editor,B
" (Hrsg.), ",O,O,I
"Baulandbereitstellung: Rechtstatsachenforschung zur Entwicklung, Erschliessung und Finanzierung von Bauland",B,title,I
", ",O,O,I
Berlin,B,other,I
 ,O,O,I
2000,B,year,I
"
",O,O,I
"Bundesministerium für Verkehr, Bau- und Wohnungswesen",B,editor,B
" (Hrsg.), ",O,O,I
Läuft die Platte leer? Möglichkeiten und Grenzen von Strategien zur Leerstandbekämpfung in Grosssiedlungen,B,title,I
", ",O,O,I
Berlin,B,other,I
 ,O,O,I
2001,B,year,I
"
",O,O,I
Bunschoten,B,author,B
 ,I,author,I
R,I,author,I
"., ",O,O,I
Hoshino,B,author,I
 ,I,author,I
T,I,author,I
"., ",O,O,I
Binet,B,author,I
 ,I,author,I
H,I,author,I
"., ",O,O,I
Urban Flotsam: Stirring the City,B,title,I
", ",O,O,I
Rotterdam,B,other,I
 ,O,O,I
2001,B,year,I
"
",O,O,I
Domanski B.,B,editor,B
" (Ed.), ",O,O,I
Studies in Local and Regional Development,B,title,I
", ",O,O,I
Cracow,B,other,I
 ,O,O,I
2000,B,year,I
"
",O,O,I
Fischer,B,author,B
 ,I,author,I
M,I,author,I
"., ",O,O,I
Revilla Diez,B,author,I
 ,I,author,I
J,I,author,I
"., ",O,O,I
Snickars,B,author,I
 ,I,author,I
F,I,author,I
"., ",O,O,I
Metropolitan Innovation Systems: Theory and Evidence from Three Metropolitan Regions in Europe,B,title,I
", ",O,O,I
Heidelberg,B,other,I
 ,O,O,I
2001,B,year,I
"
",O,O,I
Fuchs,B,author,B
 ,I,author,I
S,I,author,I
"., ",O,O,I
Keiler,B,author,I
 ,I,author,I
M,I,author,I
"., ",O,O,I
Zischg,B,author,I
 ,I,author,I
A,I,author,I
"., ",O,O,I
Risikoanalyse Oberes Suldental Vinschgau - Konzepte und Methoden zur Erstellung eines Naturgefahrenhinweis-Informationssystems,B,title,I
", ",O,O,I
Innsbruck,B,other,I
 ,O,O,I
2001,B,year,I
"
",O,O,I
Gorsler,B,author,B
 ,I,author,I
D,I,author,I
"., ",O,O,I
Informelle räumliche Planung - Stand der aktuellen Forschung und Forschungsbedarf,B,title,I
", ",O,O,I
Hannover,B,other,I
 ,O,O,I
2002,B,year,I
"
",O,O,I
Grosse,B,author,B
 ,I,author,I
E,I,author,I
"., ",O,O,I
Zur Bedeutung der Neuen Technologiemessen der Neuen Messe München für ausgewählte Hightech-Betriebe in der Region München,B,title,I
", ",O,O,I
Augsburg/Kaiserslautern,B,other,I
 ,O,O,I
2002,B,year,I
"
",O,O,I
Hauger G.,B,editor,B
" (Hrsg.), ",O,O,I
Perspektiven der Verkehrssystemplanung - Festschrift für Peter Cerwenka,B,title,I
", ",O,O,I
Wien,B,other,I
 ,O,O,I
2002,B,year,I
" 
",O,O,I
Hazemi R.,B,editor,B
", ",O,O,I
Hailes S.,B,editor,I
" (Eds.), ",O,O,I
The Digital University - Building a Learning Community,B,title,I
", ",O,O,I
London,B,other,I
 ,O,O,I
2002,B,year,I
"
",O,O,I
Hechtel,B,author,B
 ,I,author,I
D,I,author,I
"., ",O,O,I
Defizite und Verbesserungsmöglichkeiten beim Ensatz städtebaulicher Verträge - Zur Anwendbarkeit «weicher» Methoden,B,title,I
", ",O,O,I
Augsburg,B,other,I
 ,O,O,I
1999,B,year,I
"
",O,O,I
Höhl,B,author,B
 ,I,author,I
W,I,author,I
"., ",O,O,I
MedienStädte: Stadtplanung und Kommunikationstheorie,B,title,I
", ",O,O,I
Wien,B,other,I
 ,O,O,I
2000,B,year,I
"
",O,O,I
Ibelings H.,B,editor,B
" (Hrsg.), ",O,O,I
"Die Gebaute Landschaft: Zeitgenössische Architektur, Landschaftsarchitektur und Städtebau in den Niederlanden",B,title,I
", ",O,O,I
München,B,other,I
 ,O,O,I
2000,B,year,I
"
",O,O,I
Innsbrucker Geographische Gesellschaft,B,editor,B
"(Hrsg.), ",O,O,I
Innsbrucker Jahresbericht 1999 2000,B,title,I
 ,O,O,I
Innsbruck,B,other,I
 ,O,O,I
2001,B,year,I
" 
",O,O,I
Institut für Geographie der Universität Innsbruck,B,editor,B
" (Hrsg.), ",O,O,I
Lateinamerika im Umbruch: Geistige Strömungen im Globalisierungsstress,B,title,I
", ",O,O,I
Innsbruck,B,other,I
 ,O,O,I
2001,B,year,I
"
",O,O,I
Institut für Mobilitätsforschung ifmo,B,editor,B
" (Hrsg.),",O,O,I
Freizeitverkehr: Aktuelle und künftige Herausforderungen und Chancen,B,title,I
", ",O,O,I
Berlin,B,other,I
 ,O,O,I
2000,B,year,I
"
",O,O,I
Institute of Geography of the Jagiellonian University Cracow,B,editor,B
" (Ed.), ",O,O,I
Geography at the Jagiellonian University 1849-1999,B,title,I
", ",O,O,I
Cracow,B,other,I
 ,O,O,I
2000,B,year,I
"
",O,O,I
Kaydon,B,author,B
 ,I,author,I
J. S.,I,author,I
", ",O,O,I
Privately Owned Public Space: The New York City Experience,B,title,I
", ",O,O,I
New York,B,other,I
 ,O,O,I
2000,B,year,I
" 
",O,O,I
Keim,B,author,B
 ,I,author,I
K.-D.,I,author,I
", ",O,O,I
Umbau der Städte zwischen Modernisierung und Denkmalschutz - Konfliktlinien der ostdeutschen Städtebaupolitik,B,title,I
", ",O,O,I
Cottbus,B,other,I
 ,O,O,I
1997,B,year,I
"
",O,O,I
Kistenmacher H.,B,editor,B
" (Hrsg.), ",O,O,I
Einsatzfelder der Informationstechnologie (IT) in der Regionalplanung - dargestellt am Beispiel der Fortschreibung des regionalen Raumordnungsplans (RROP) Westpfalz,B,title,I
 ,O,O,I
Kaiserslautern,B,other,I
 ,O,O,I
2001,B,year,I
"
",O,O,I
Kopfmüller,B,author,B
 ,I,author,I
M,I,author,I
"., ",O,O,I
Das regionale Landschaftsentwicklungskonzept - ein neuer Ansatz im Bereich der Fachplanung Natur und Landschaft und seine Einsatzmöglichkeiten in der Raumordnung,B,title,I
", ",O,O,I
Augsburg/Kaiserslautern,B,other,I
 ,O,O,I
2001,B,year,I
"
",O,O,I
Krätke,B,author,B
 ,I,author,I
S,I,author,I
"., ",O,O,I
Borst,B,author,I
 ,I,author,I
R,I,author,I
"., ",O,O,I
Berlin: Metropole zwischen Boom und Krise,B,title,I
", ",O,O,I
Opladen,B,other,I
 ,O,O,I
2000,B,year,I
"
",O,O,I
Krebs,B,author,B
 ,I,author,I
Ph,I,author,I
"., ",O,O,I
Seiss,B,author,I
 ,I,author,I
R,I,author,I
"., ",O,O,I
Frei-Räume: Modelle für einen qualitätvollen Wohnbau (Video),B,title,I
", ",O,O,I
Wien,B,other,I
 ,O,O,I
2000,B,year,I
"
",O,O,I
Leipprand,B,author,B
 ,I,author,I
E,I,author,I
"., ",O,O,I
"Lebensmodell Stadt: Über den verlorenen Zusammenhang von Stadtleben, Stadtgesellschaft und Städtebau",B,title,I
", ",O,O,I
Tübingen/Berlin,B,other,I
 ,O,O,I
 2000,B,year,I
"
",O,O,I
Leitz,B,author,B
 ,I,author,I
A,I,author,I
"., ",O,O,I
"Zur Ausweisung gemeinsamer Zentraler Orte - Chancen, Probleme und denkbare Lösungsansätze anhand ausgewählter Beispiele in Bayern",B,title,I
", ",O,O,I
Augsburg/Kaiserslautern,B,other,I
 ,O,O,I
2001,B,year,I
"
",O,O,I
Mair F.,B,editor,B
" (Hrsg.), ",O,O,I
Salzburger Raumordnungsbericht 2001,B,title,I
", ",O,O,I
Salzburg,B,other,I
 ,O,O,I
2001,B,year,I
"
",O,O,I
Mertins,B,author,B
 ,I,author,I
G,I,author,I
"., ",O,O,I
Nuhn,B,author,I
 ,I,author,I
H,I,author,I
"., ",O,O,I
Kubas Weg aus der Krise: Neuorganisation der Produktion von Gütern und Dienstleistungen für den Export,B,title,I
", ",O,O,I
Marburg/Lahn,B,other,I
 ,O,O,I
2001,B,year,I
" 
",O,O,I
"Ministerium für Arbeit, Soziales und Stadtentwicklung, Kultur und Sport des Landes Nordrhein-Westfalen",B,editor,B
" (Hrsg.), ",O,O,I
Mulitiplex-Kinos in der Stadtentwicklung - Beurteilungskriterien und Handlungsmöglichkeiten: Eine Arbeitshilfe,B,title,I
", ",O,O,I
Düsseldorf,B,other,I
 ,O,O,I
1999,B,year,I
" 
",O,O,I
"Ministerium für Arbeit, Soziales und Stadtentwicklung, Kultur und Sport des Landes Nordrhein-Westfalen",B,editor,B
" (Hrsg.), ",O,O,I
Stadtplanung als Deal? Urban Entertainment Center und private Stadtplanung: Beispiele aus den USA und Nordrhein-Westfalen,B,title,I
", ",O,O,I
Düsseldorf,B,other,I
 ,O,O,I
1999,B,year,I
" 
",O,O,I
"Ministerium für Arbeit, Soziales und Stadtentwicklung, Kultur und Sport des Landes Nordrhein-Westfalen",B,editor,B
" (Hrsg.), ",O,O,I
Nachhaltige Stadtentwicklungsprojekte umsetzen: Landesweiter Wettbewerb 1999 in Nordrhein-Westfalen,B,title,I
", ",O,O,I
Düsseldorf,B,other,I
 ,O,O,I
1999,B,year,I
"
",O,O,I
Niedersächsisches Innenministerium,B,editor,B
" (Hrsg.), ",O,O,I
Wo wohnt es sich «frauen- und familiengerecht»? Befunde aus der Wohnanlage Hermann-Tempel-Strasse in Oldenburg,B,title,I
", ",O,O,I
Hannover,B,other,I
 ,O,O,I
2001,B,year,I
" 
",O,O,I
Obrebska-Starkel B.,B,editor,B
" (Ed.), ",O,O,I
Studies in Physical Geography,B,title,I
", ",O,O,I
Cracow,B,other,I
 ,O,O,I
2000,B,year,I
" 
",O,O,I
Raith,B,author,B
 ,I,author,I
E,I,author,I
"., ",O,O,I
"Stadtmorphologie: Annäherungen, Umsetzungen, Aussichten",B,title,I
", ",O,O,I
Wien,B,other,I
 ,O,O,I
2000,B,year,I
" 
",O,O,I
Rennwald,B,author,B
 ,I,author,I
E,I,author,I
"., ",O,O,I
Verzeichnis und Rote Liste der Pflanzengesellschaften Deutschlands,B,title,I
", ",O,O,I
Bonn/Bad Godesberg,B,other,I
 ,O,O,I
2000,B,year,I
" 
",O,O,I
Rudolph,B,author,B
 ,I,author,I
R,I,author,I
"., ",O,O,I
Grosszentren russischer Grossstädte in der Transformation - St. Petersburg und Jekaterinburg,B,title,I
", ",O,O,I
Leipzig,B,other,I
 ,O,O,I
 2001,B,year,I
" 
",O,O,I
Säfken,B,author,B
 ,I,author,I
A,I,author,I
"., ",O,O,I
Der Event in Regionen und Städtekooperationen - ein neuer Ansatz des Regionalmarketings?,B,title,I
", ",O,O,I
Augsburg,B,other,I
 ,O,O,I
1999,B,year,I
"
",O,O,I
Sieverts,B,author,B
 ,I,author,I
T.,I,author,I
", ",O,O,I
Fünfzig Jahre Städtebau - Reflexionen und Praxis,B,title,I
", ",O,O,I
"Stuttgart, Leipzig",B,other,I
 ,O,O,I
2001,B,year,I
" 
",O,O,I
Spannowsky,B,author,B
 ,I,author,I
W,I,author,I
"., ",O,O,I
Mitschang,B,author,I
 ,I,author,I
S,I,author,I
"., ",O,O,I
Fach- und Rechtsprobleme der Nachverdichtung und Baulandmobilisierung,B,title,I
", ",O,O,I
Köln,B,other,I
 ,O,O,I
2002,B,year,I
"
",O,O,I
Turowski,B,author,B
 ,I,author,I
G,I,author,I
"., ",O,O,I
Spatial Planning in Germany: Structures and Concepts,B,title,I
", ",O,O,I
Hannover,B,other,I
 ,O,O,I
2002,B,year,I
" 
",O,O,I
Vogt,B,author,B
 ,I,author,I
S,I,author,I
"., ",O,O,I
Neue Wege der Stadtplanung in Japan,B,title,I
", ",O,O,I
München,B,other,I
 ,O,O,I
2001,B,year,I
"
",O,O,I
von Urff W.,B,editor,B
", ",O,O,I
Ahrens H.,B,editor,I
", ",O,O,I
Neander E.,B,editor,I
" (Hrsg.), ",O,O,I
Landbewirtschaftung und nachhaltige Entwicklung ländlicher Räume,B,title,I
", ",O,O,I
Hannover,B,other,I
 ,O,O,I
2002,B,year,I
" 
",O,O,I
Ward,B,author,B
 ,I,author,I
St.,I,author,I
", ",O,O,I
Planning the Twentieth-Century City - The Advanced Capitalist World,B,title,I
", ",O,O,I
Chichester,B,other,I
 ,O,O,I
2002,B,year,I
" 
",O,O,I
Wüstenrot Stiftung,B,editor,B
" (Hrsg.), ",O,O,I
Umnutzungen im Bestand: Neue Zwecke für alte Gebäude,B,title,I
", ",O,O,I
"Stuttgart, Zürich",B,other,I
 ,O,O,I
2000,B,year,I
"
",O,O,I
Zhang,B,author,B
 ,I,author,I
L,I,author,I
"., ",O,O,I
"Strangers in the City: Reconfigurations of Space, Power, and Social Networks within China´s Floating Population",B,title,I
", ",O,O,I
Stanford,B,other,I
 ,O,O,I
2001,B,year,I
"
",O,O,I
