token,tag,label,ref
ALTWEGG,B,author,B
", ",I,author,I
M,I,author,I
"., ",O,O,I
2001,B,year,I
: ,O,O,I
Warum investiert die Wirtschaft auch heute noch in der Schweiz,B,title,I
? In: ,O,O,I
"FLÜCKIGER, H.",B,editor,I
; ,O,O,I
"FREY, R.L.",B,editor,I
 ,O,O,I
2001,B,year,I
", ",O,O,I
Eine neue Raumordnungspolitik für neue Räume. Beiträge aus dem Forum für Raumordnung 1999/2001,B,source,I
. ,O,O,I
"ORL-ETHZ, Zürich; WWZ",B,publisher,I
", ",O,O,I
Basel,B,other,I
".
",O,O,I
BOESCH,B,author,B
", ",I,author,I
M,I,author,I
"., ",O,O,I
1989,B,year,I
: ,O,O,I
Engagierte Geographie,B,title,I
. ,O,O,I
Franz Steiner,B,publisher,I
", ",O,O,I
Stuttgart,B,other,I
".
",O,O,I
BRUNN,B,author,B
", ",I,author,I
G,I,author,I
"., ",O,O,I
1996,B,year,I
: ,O,O,I
Region und Regionsbildung in Europa: Konzeptionen der Forschung und empirische Befunde,B,title,I
. ,O,O,I
Schriftenreihe des Instituts für Europäische Regionalforschungen,B,source,I
. ,O,O,I
Nomos,B,publisher,I
", ",O,O,I
Baden-Baden,B,other,I
".
",O,O,I
CAMAGNI,B,author,B
", ",I,author,I
R,I,author,I
.; ,O,O,I
CAPELLO,B,author,I
", ",I,author,I
R,I,author,I
.; ,O,O,I
NIJKAMP,B,author,I
", ",I,author,I
P,I,author,I
 ,O,O,I
1998,B,year,I
: ,O,O,I
Towards Sustainable City Policy: An Economy-Environment Technology,B,title,I
. In: ,O,O,I
Ecological Economics,B,source,I
. Nr. ,O,O,I
24,B,volume,I
. S. ,O,O,I
103,B,fpage,I
-,O,O,I
118,B,lpage,I
".
",O,O,I
CREVOISIER,B,author,B
", ",I,author,I
O,I,author,I
.; ,O,O,I
CORPATAUX,B,author,I
", ",I,author,I
J,I,author,I
.; ,O,O,I
THIERSTEIN,B,author,I
", ",I,author,I
A,I,author,I
"., ",O,O,I
2001,B,year,I
: ,O,O,I
 Intégration monétaire et régions: des gagnants et des perdants,B,title,I
. ,O,O,I
L'Harmattan,B,publisher,I
", ",O,O,I
Paris,B,other,I
".
",O,O,I
DREWE,B,author,B
", ",I,author,I
P,I,author,I
.; ,O,O,I
JANSSEN,B,author,I
", ",I,author,I
B,I,author,I
"., ",O,O,I
2000,B,year,I
: ,O,O,I
Seaports and Airports in Europe. What port for the future,B,title,I
. ,O,O,I
Delft University of Technology,B,editor,I
", ",O,O,I
Delft,B,other,I
". 
",O,O,I
EISENSTADT,B,author,B
", ",I,author,I
S. N.,I,author,I
", ",O,O,I
2000,B,year,I
: ,O,O,I
Die Vielfalt der Moderne,B,title,I
. ,O,O,I
Erste Auflage,B,other,I
. ,O,O,I
Velbrück,B,publisher,I
", ",O,O,I
Weilerswist,B,other,I
". 
",O,O,I
EUROPÄISCHE UNION,B,editor,B
", ",O,O,I
1999,B,year,I
: ,O,O,I
EUREK - Europäisches Raumentwicklungskonzept: Auf dem Wege zu einer ausgewogenen und nachhaltigen Entwicklung der Europäischen Union,B,title,I
. ,O,O,I
Amt für amtliche Veröffentlichungen der Europäischen Gemeinschaft,B,publisher,I
", ",O,O,I
Luxemburg,B,other,I
".
",O,O,I
FISCHER,B,author,B
", ",I,author,I
G,I,author,I
.; ,O,O,I
WILHELM,B,author,I
", ",I,author,I
B,I,author,I
"., ",O,O,I
2001,B,year,I
: ,O,O,I
Die Universität St. Gallen als Wirtschafts- und Standortfaktor. Ergebnisse einer regionalen Inzidenzanalyse,B,title,I
. ,O,O,I
Schriftenreihe des Instituts für öffentliche Dienstleistungen und Tourismus. Beiträge zur Regionalwirtschaft,B,source,I
. ,O,O,I
Haupt,B,publisher,I
", ",O,O,I
Bern/Stuttgart/Wien,B,other,I
".
",O,O,I
FREY,B,author,B
", ",I,author,I
R. L.,I,author,I
", ",O,O,I
2000,B,year,I
: ,O,O,I
Privatisierung der Infrastruktur und Raumordnungspolitik,B,title,I
. In: ,O,O,I
Geographica Helvetica,B,source,I
. Jg. ,O,O,I
55,B,volume,I
. Nr. ,O,O,I
3,B,issue,I
. S. ,O,O,I
184,B,fpage,I
-,O,O,I
191,B,lpage,I
".
",O,O,I
GILLY,B,author,B
", ",I,author,I
J.-P.,I,author,I
; ,O,O,I
TORRE,B,author,I
", ",I,author,I
A,I,author,I
"., ",O,O,I
2000,B,year,I
: ,O,O,I
Dynamiques de proximité,B,title,I
. ,O,O,I
L'Harmattan,B,publisher,I
", ",O,O,I
Paris,B,other,I
".
",O,O,I
GLANZMANN,B,author,B
", ",I,author,I
J.,I,author,I
; ,O,O,I
THIERSTEIN,B,author,I
", ",I,author,I
A.,I,author,I
", ",O,O,I
2002,B,year,I
: ,O,O,I
Zürich West. Nachhaltige Entwicklung auf Quartierebene,B,title,I
. ,O,O,I
Discussion Paper,B,source,I
 Nr. ,O,O,I
02- 2002,B,volume,I
. ,O,O,I
ORL-ETHZ,B,publisher,I
", ",O,O,I
Zürich,B,other,I
".
",O,O,I
GNEST,B,author,B
", ",I,author,I
H,I,author,I
.; ,O,O,I
ROGGENDORF,B,author,I
", ",I,author,I
W,I,author,I
.; ,O,O,I
FÜRST,B,author,I
", ",I,author,I
D,I,author,I
"., ",O,O,I
2000,B,year,I
: ,O,O,I
Tendenzen in der raumbezogenen Forschung,B,title,I
. In: ,O,O,I
Raumforschung und Raumordnung,B,source,I
. ,O,O,I
1/2000,B,volume,I
. S. ,O,O,I
63,B,fpage,I
-,O,O,I
69,B,lpage,I
".
",O,O,I
HORAN,B,author,B
", ",I,author,I
T,I,author,I
"., ",O,O,I
2001,B,year,I
: ,O,O,I
Digital Places: Design Considerations for Integrating Electronic Space with Physical Space,B,title,I
. In: ,O,O,I
DISP,B,source,I
. Jg. ,O,O,I
37,B,volume,I
. Nr. ,O,O,I
144,B,issue,I
. S. ,O,O,I
12,B,fpage,I
-,O,O,I
19,B,lpage,I
".
",O,O,I
LENDI,B,author,B
", ",I,author,I
M.,I,author,I
", ",O,O,I
1998,B,year,I
: ,O,O,I
"Politisch, sachlich und ethisch indizierte Raumplanung - am Beispiel der Schweiz",B,title,I
. ,O,O,I
TU Wien,B,editor,I
", ",O,O,I
Wien,B,other,I
".
",O,O,I
MAILLAT,B,author,B
", ",I,author,I
D,I,author,I
. ,O,O,I
1998,B,year,I
: ,O,O,I
Vom «Industrial District» zum innovativen Milieu: Ein Beitrag zur Theorie der lokalisierten Produktionssysteme,B,title,I
. In: ,O,O,I
Geographische Zeitschrift,B,source,I
. Jg. ,O,O,I
86,B,volume,I
. Nr. ,O,O,I
1,B,issue,I
. S. ,O,O,I
1,B,fpage,I
-,O,O,I
15,B,lpage,I
".
",O,O,I
NEWMAN,B,author,B
", ",I,author,I
P,I,author,I
.; ,O,O,I
KENWORTHY,B,author,I
", ",I,author,I
J,I,author,I
"., ",O,O,I
1999,B,year,I
: ,O,O,I
Sustainability and Cities: overcoming automobile dependence,B,title,I
. ,O,O,I
Island Press,B,publisher,I
", ",O,O,I
Washington D.C./Covelo,B,other,I
". 
",O,O,I
OECD,B,editor,B
 ,O,O,I
2001,B,year,I
: ,O,O,I
OECD Territorial Outlook,B,title,I
. ,O,O,I
OECD Publications,B,publisher,I
", ",O,O,I
Paris,B,other,I
".
",O,O,I
OINAS,B,author,B
", ",I,author,I
P,I,author,I
"., ",O,O,I
2000,B,year,I
: ,O,O,I
Distance and Learning: Does Proximity Matter,B,title,I
? In: ,O,O,I
"BOEKEMA, F.",B,editor,I
; ,O,O,I
"MORGAN, K.",B,editor,I
; ,O,O,I
"BARKERS, S.",B,editor,I
; ,O,O,I
"RUTTEN, R.",B,editor,I
: ,O,O,I
"Knowledge, Innovation and Economic Growth",B,source,I
. ,O,O,I
Edward Elgar,B,publisher,I
", ",O,O,I
Cheltenham,B,other,I
. S. ,O,O,I
57,B,fpage,I
-,O,O,I
72,B,lpage,I
".
",O,O,I
RATTI,B,author,B
", ",I,author,I
R,I,author,I
.; ,O,O,I
BRAMANTI,B,author,I
", ",I,author,I
A,I,author,I
.; ,O,O,I
GORDON,B,author,I
", ",I,author,I
R,I,author,I
"., ",O,O,I
1997,B,year,I
: ,O,O,I
The Dynamics of Innovative Regions. The GREMI Approach,B,title,I
. ,O,O,I
Ashgate,B,publisher,I
", ",O,O,I
Aldershot,B,other,I
".
",O,O,I
REUTER,B,author,B
", ",I,author,I
W,I,author,I
. ,O,O,I
2001,B,year,I
: ,O,O,I
"Öffentlich-privates Partnerschaftsprojekt «Stuttgart 21». Konflikte, Krisen, Machtkalküle",B,title,I
. In: ,O,O,I
Disp,B,source,I
. Jg. ,O,O,I
37,B,volume,I
. Nr. ,O,O,I
145,B,issue,I
 (,O,O,I
2/2001,B,other,I
). S. ,O,O,I
29,B,fpage,I
-,O,O,I
40,B,lpage,I
".
",O,O,I
SCHEDLER,B,author,B
", ",I,author,I
K,I,author,I
.; ,O,O,I
PROELLER,B,author,I
", ",I,author,I
I,I,author,I
"., ",O,O,I
2000,B,year,I
: ,O,O,I
 New Public Management,B,title,I
. ,O,O,I
Haupt,B,publisher,I
", ",O,O,I
Bern/Stuttgart/Wien,B,other,I
".
",O,O,I
STORPER,B,author,B
", ",I,author,I
M,I,author,I
"., ",O,O,I
1997,B,year,I
: ,O,O,I
The Regional World. Territorial Development in a Global Economy,B,title,I
. Nr. ,O,O,I
1,B,volume,I
. ,O,O,I
Guilford Press,B,publisher,I
", ",O,O,I
New York/London,B,other,I
".
",O,O,I
TAYLOR,B,author,B
", ",I,author,I
P. J.,I,author,I
", ",O,O,I
2001,B,year,I
: ,O,O,I
Being Economical with the Geography,B,title,I
. In: ,O,O,I
Research Bulletin,B,source,I
. Nr. ,O,O,I
39,B,volume,I
", ",O,O,I
2001,B,year,I
".
",O,O,I
THIERSTEIN,B,author,B
", ",I,author,I
A,I,author,I
"., ",O,O,I
1999,B,year,I
: ,O,O,I
Standortmanagement - Alter Wein in neuen Schläuchen oder wie macht man aus einem Gürtel einen Hosenträger,B,title,I
? Nr. ,O,O,I
1,B,volume,I
", ",O,O,I
Discussion Paper,B,source,I
", ",O,O,I
IDT-HSG,B,editor,I
", ",O,O,I
St. Gallen,B,other,I
".
",O,O,I
THIERSTEIN,B,author,B
", ",I,author,I
A,I,author,I
.; ,O,O,I
WILHELM,B,author,I
", ",I,author,I
B,I,author,I
.; ,O,O,I
BEHRENDT,B,author,I
", ",I,author,I
H,I,author,I
. (,O,O,I
2002,B,year,I
): ,O,O,I
Gründerzeit. Gründungen von Unternehmen durch Absolventen der Ostschweizer Hochschulen,B,title,I
. ,O,O,I
Schriftenreihe des Institutes für öffentliche Dienstleistungen und Tourismus IDT-HSG,B,source,I
. ,O,O,I
Haupt,B,publisher,I
", ",O,O,I
Bern/Stuttgart/Wien,B,other,I
".
",O,O,I
THIERSTEIN,B,author,B
", ",I,author,I
A,I,author,I
.; ,O,O,I
ABEGG,B,author,I
", ",I,author,I
C,I,author,I
"., ",O,O,I
2001,B,year,I
: ,O,O,I
Service Public zwischen internationaler Wettbewerbsfähigkeit und regionaler Entwicklung,B,title,I
. In: ,O,O,I
Die Volkswirtschaft,B,source,I
. Nr. ,O,O,I
2,B,volume,I
. S. ,O,O,I
46,B,fpage,I
-,O,O,I
49,B,lpage,I
".
",O,O,I
THIERSTEIN,B,author,B
", ",I,author,I
A,I,author,I
.; ,O,O,I
SCHERER,B,author,I
", ",I,author,I
R,I,author,I
"., ",O,O,I
2000,B,year,I
: ,O,O,I
Zwischen Effizienz und Ausgleich. Eine volkswirtschaftliche Sicht auf Stadt und Land am Beispiel der Schweiz,B,title,I
. In: ,O,O,I
Raumforschung und Raumordnung,B,source,I
. Nr. ,O,O,I
1,B,volume,I
. S. ,O,O,I
13,B,fpage,I
-,O,O,I
23,B,lpage,I
".
",O,O,I
THIERSTEIN,B,author,B
", ",I,author,I
A,I,author,I
.; ,O,O,I
SCHULER,B,author,I
", ",I,author,I
M,I,author,I
.;,O,O,I
 WACHTER,B,author,I
", ",I,author,I
D,I,author,I
"., ",O,O,I
2000,B,year,I
: ,O,O,I
Grossregionen. Wunschvorstellung oder Lösungsansatz,B,title,I
? ,O,O,I
Haupt,B,publisher,I
", ",O,O,I
Bern/Stuttgart/Wien,B,other,I
".
",O,O,I
THIERSTEIN,B,author,B
", ",I,author,I
A,I,author,I
.; ,O,O,I
WALSER,B,author,I
", ",I,author,I
M,I,author,I
"., ",O,O,I
2000,B,year,I
: ,O,O,I
Die nachhaltige Region. Ein Handlungsmodell,B,title,I
. ,O,O,I
Schriftenreihe des Instituts für öffentliche Dienstleistungen und Tourismus. Beiträge zur Regionalwirtschaft,B,source,I
. ,O,O,I
Haupt,B,publisher,I
", ",O,O,I
Bern/Stuttgart/ Wien,B,other,I
.,O,O,I
