token,tag,label,ref
"Bundesamt für Umwelt, Wald und Landschaft BUWAL, Schweizerische Vogelwarte Sempach",B,editor,B
" (Hrsg.), ",O,O,I
Rote Liste der gefährdeten Brutvogelarten in der Schweiz,B,title,I
", ",O,O,I
Bern,B,other,I
 ,O,O,I
2001,B,year,I
"
",O,O,I
Gerheuser,B,author,B
 ,I,author,I
F. W.,I,author,I
", ",O,O,I
Mietbelastungen und Wohnverhältnisse,B,title,I
", ",O,O,I
Grenchen,B,other,I
 ,O,O,I
2001,B,year,I
"
",O,O,I
Gerheuser,B,author,B
 ,I,author,I
F. W.,I,author,I
", ",O,O,I
Charges locatives et conditions de logement,B,title,I
", ",O,O,I
Grenchen,B,other,I
 ,O,O,I
2001,B,year,I
"
",O,O,I
Hauser,B,author,B
 ,I,author,I
A,I,author,I
"., ",O,O,I
Das öffentliche Bauwesen in Zürich,B,source,I
 - ,O,O,I
Erster Teil: Das kantonale Bauamt 1798-1895,B,title,I
", ",O,O,I
Zürich/Egg,B,other,I
 ,O,O,I
2001,B,year,I
"
",O,O,I
Hauser,B,author,B
 ,I,author,I
A,I,author,I
"., ",O,O,I
Das öffentliche Bauwesen in Zürich,B,source,I
 - ,O,O,I
Dritter Teil: Das städtische Bauamt 1798-1907,B,title,I
", ",O,O,I
Zürich/Egg,B,other,I
 ,O,O,I
2000,B,year,I
"
",O,O,I
Kurz,B,author,B
 ,I,author,I
D,I,author,I
"., ",O,O,I
Morra-Barrelet,B,author,I
 ,I,author,I
Ch,I,author,I
"., ",O,O,I
Weidmann,B,author,I
 ,I,author,I
R,I,author,I
"., ",O,O,I
Das öffentliche Bauwesen in Zürich,B,source,I
 - ,O,O,I
Vierter Teil: Das städtische Bauamt 1907-1957,B,title,I
", ",O,O,I
Zürich/Egg,B,other,I
 ,O,O,I
2000,B,year,I
"
",O,O,I
Helbling & Lichtenhahn Verlag,B,editor,B
" (Hrsg.), ",O,O,I
Wirtschaftsstudie Nordwestschweiz 2000/2001,B,title,I
", ",O,O,I
Basel,B,other,I
 ,O,O,I
2001,B,year,I
"
",O,O,I
Jäggi V.,B,editor,B
", ",O,O,I
Müder U.,B,editor,I
", ",O,O,I
Windisch K.,B,editor,I
" (Hrsg.), ",O,O,I
"Entwicklung, Recht, sozialer Wandel - Festschrift für Paul Trappe",B,title,I
", ",O,O,I
Bern,B,other,I
 ,O,O,I
2002,B,year,I
"
",O,O,I
Marengo,B,author,B
 ,I,author,I
M,I,author,I
"., ",O,O,I
"Les trajectoires migratoires: entre flux, filières et mythes - le cas des Italiens du canton de Vaud",B,title,I
", ",O,O,I
Lausanne,B,other,I
 ,O,O,I
2001,B,year,I
"
",O,O,I
Mühlinghaus,B,author,B
 ,I,author,I
S,I,author,I
"., ",O,O,I
"Eigenständige Regionalentwicklung im Schweizer Berggebiet - Umsetzungsprozesse, Erfolgsaussichten und Förderansätze",B,title,I
", ",O,O,I
St. Gallen,B,other,I
 ,O,O,I
2002,B,year,I
"
",O,O,I
Müller,B,author,B
 ,I,author,I
T,I,author,I
"., ",O,O,I
Das öffentliche Bauwesen in Zürich,B,source,I
 - ,O,O,I
Zweiter Teil: Das kantonale Bauamt 1896-1958,B,title,I
", ",O,O,I
Zürich/Egg,B,other,I
 ,O,O,I
2001,B,year,I
"
",O,O,I
Statistisches Amt des Kantons Zürich,B,editor,B
" (Hrsg.), ",O,O,I
Statistisches Jahrbuch des Kantons Zürich 2002,B,title,I
", ",O,O,I
Zürich,B,other,I
 ,O,O,I
2001,B,year,I
"
",O,O,I
Strohschneider,B,author,B
 ,I,author,I
S,I,author,I
"., ",O,O,I
von der Weth,B,author,I
 ,I,author,I
R,I,author,I
"., ",O,O,I
"Ja, mach nur einen Plan. Pannen und Fehlschläge - Ursachen, Beispiele, Lösungen",B,title,I
", ",O,O,I
Bern,B,other,I
 ,O,O,I
2002,B,year,I
"
",O,O,I
Zumstein,B,author,B
 ,I,author,I
B,I,author,I
" ., ",O,O,I
Die Anwendung der ästhetischen Generalklauseln des kantonalen Baurechts,B,title,I
", ",O,O,I
St. Gallen,B,other,I
 ,O,O,I
2001,B,year,I
"
",O,O,I
Akademie für Raumforschung und Landesplanung,B,editor,B
" (Hrsg.), ",O,O,I
Deutsch-Polnisches Handbuch der Planungsbegriffe,B,title,I
", ",O,O,I
Hannover,B,other,I
 ,O,O,I
2001,B,year,I
"
",O,O,I
Akademie für Raumforschung und Landesplanung,B,editor,B
" (Hrsg.), ",O,O,I
Deutsch-Schwedisches Handbuch der Planungsbegriffe,B,title,I
", ",O,O,I
Hannover,B,other,I
 ,O,O,I
2001,B,year,I
"
",O,O,I
Akademie für Raumforschung und Landesplanung ARL,B,editor,B
" (Hrsg.), ",O,O,I
Wohin steuert die Raumplanung?,B,title,I
", ",O,O,I
Hannover,B,other,I
 ,O,O,I
2001,B,year,I
"
",O,O,I
Akademie für Raumforschung und Landesplanung ARL,B,editor,B
" (Hrsg.), ",O,O,I
Fernerkundung durch Satelliten- und Flugzeugaufnahmen für die Raumordnung: Kolloquium 2000 der LAG Bayern in Bayreuth,B,title,I
", ",O,O,I
Hannover,B,other,I
 ,O,O,I
2001,B,year,I
" 
",O,O,I
Akademie für Raumforschung und Landesplanung ARL,B,editor,B
" (Hrsg.), ",O,O,I
Stadt-Umland-Probleme und Entwicklung des grossflächigen Einzelhandels in den Ländern Mittel- und Südosteuropas,B,title,I
", ",O,O,I
Hannover,B,other,I
 ,O,O,I
2001,B,year,I
"
",O,O,I
Akademie für Raumforschung und Landesplanung ARL,B,editor,B
" (Hrsg.), ",O,O,I
GIS in der Regionalplanung,B,title,I
", ",O,O,I
Hannover,B,other,I
 ,O,O,I
2001,B,year,I
"
",O,O,I
Banse,B,author,B
 ,I,author,I
J,I,author,I
. ,O,O,I
et al.,B,other,I
", ",O,O,I
Nutzbarkeit des älteren Geschosswohnungsbestandes,B,title,I
", ",O,O,I
Dresden,B,other,I
 ,O,O,I
2001,B,year,I
"
",O,O,I
Bischoff,B,author,B
 ,I,author,I
C. A.,I,author,I
", ",O,O,I
Kreuzfahrt- und Ökotourismus in Dominica: Auswirkungen auf die Nutzungsstruktur der Hauptstadt eines karibischen Mikrostaates,B,title,I
", ",O,O,I
Münster,B,other,I
 ,O,O,I
2000,B,year,I
" 
",O,O,I
Bundesamt für Bauwesen und Raumordnung,B,editor,B
" (Hrsg.), ",O,O,I
Hemmnisse der Wohneigentumsbildung,B,title,I
", ",O,O,I
Bonn,B,other,I
 ,O,O,I
2001,B,year,I
"
",O,O,I
Bundesamt für Bauwesen und Raumordnung,B,editor,B
" (Hrsg.), ",O,O,I
Perspektiven der Wohnungsbauinvestition in den neuen Ländern,B,title,I
", ",O,O,I
Bonn,B,other,I
 ,O,O,I
2001,B,year,I
"
",O,O,I
Hise,B,author,B
 ,I,author,I
G,I,author,I
"., ",O,O,I
Magnetic Los Angeles: Planning the Twentieth-Century Metropolis,B,title,I
", ",O,O,I
Baltimore,B,other,I
 ,O,O,I
1997,B,year,I
"
",O,O,I
Informationsforum von Städten mit Entwicklungsmassnahmen in Nordrhein-Westfalen,B,editor,B
" (Hrsg.), ",O,O,I
Stand der Entwicklungsmassnahmen in Nordrhein-Westfalen,B,title,I
", ",O,O,I
Dortmund,B,other,I
 ,O,O,I
2001,B,year,I
"
",O,O,I
Institut für Landes- und Stadtentwicklungsforschung des Landes Nordrhein-Westfalen ILS,B,editor,B
" (Hrsg.), ",O,O,I
Fussverkehr: Eine Planungshilfe für die Praxis,B,title,I
", ",O,O,I
Dortmund,B,other,I
 ,O,O,I
2001,B,year,I
"
",O,O,I
Institut für Landes- und Stadtentwicklungsforschung des Landes Nordrhein-Westfalen ILS,B,editor,B
" (Hrsg.), ",O,O,I
Nachhaltigkeitsindikatoren: Wegweiser für die räumliche Entwicklung in Nordrhein-Westfalen,B,title,I
", ",O,O,I
Dortmund,B,other,I
 ,O,O,I
2001,B,year,I
" 
",O,O,I
Institut für Landes- und Stadtentwicklungsforschung des Landes Nordrhein-Westfalen ILS,B,editor,B
" (Hrsg.), ",O,O,I
Nachhaltige Erneuerung von Grosswohnsiedlungen: Das Beispiel der Umweltinitiative Dortmund-Scharnhorst-Ost,B,title,I
", ",O,O,I
Dortmund,B,other,I
 ,O,O,I
2001,B,year,I
"
",O,O,I
Institut für Landes- und Stadtentwicklungsforschung des Landes Nordrhein-Westfalen ILS,B,editor,B
" (Hrsg.), ",O,O,I
Qualitätsgeprüft: Standards für Mobilitätszentralen,B,title,I
", ",O,O,I
Dortmund,B,other,I
 ,O,O,I
2001,B,year,I
"
",O,O,I
Institut für Landes- und Stadtentwicklungsforschung des Landes Nordrhein-Westfalen ILS,B,editor,B
" (Hrsg.), ",O,O,I
"Bewegung in der Stadt: Bewegung, Spiel und Sport im Wohnungsnahbereich",B,title,I
", ",O,O,I
Dortmund,B,other,I
 ,O,O,I
2001,B,year,I
"
",O,O,I
Institut für Landes- und Stadtentwicklungsforschung des Landes Nordrhein-Westfalen ILS,B,editor,B
" (Hrsg.), ",O,O,I
Integration von Migrantinnen und Migranten im Wohnbereich,B,title,I
", ",O,O,I
Dortmund,B,other,I
 ,O,O,I
2001,B,year,I
" 
",O,O,I
Janetschek,B,author,B
 ,I,author,I
H,I,author,I
"., ",O,O,I
Bewertungsergebnisse der einzelbetrieblichen Investitionsförderung,B,title,I
", ",O,O,I
Wien,B,other,I
 ,O,O,I
2001,B,year,I
"
",O,O,I
Judd D.,B,editor,B
", ",O,O,I
Fainstein S.,B,editor,I
" (Eds.), ",O,O,I
The Tourist City,B,title,I
", ",O,O,I
"New Haven, London",B,other,I
 ,O,O,I
1999,B,year,I
" 
",O,O,I
Kögel E.,B,editor,B
", ",O,O,I
Meyer U.,B,editor,I
" (Hrsg.), ",O,O,I
Die chinesische Stadt - The Chinese City,B,title,I
", ",O,O,I
Berlin,B,other,I
 ,O,O,I
2000,B,year,I
"
",O,O,I
Moulaert F.,B,editor,B
", ",O,O,I
Scott A.,B,editor,I
" (Eds.), ",O,O,I
" Cities, Enterprises and Society on the Eve of the 2Ist Century",B,title,I
", ",O,O,I
London/Washington,B,other,I
 ,O,O,I
1997,B,year,I
"
",O,O,I
Österreichische Raumordnungskonferenz ÖROK,B,editor,B
" (Hrsg.), ",O,O,I
"Soziale Infraststruktur, Aufgabenfeld der Gemeinden",B,title,I
", ",O,O,I
Wien,B,other,I
 ,O,O,I
2001,B,year,I
"
",O,O,I
Österreichische Raumordnungskonferenz ÖROK,B,editor,B
" (Hrsg.), ",O,O,I
Freiflächenschutz in Stadtregionen,B,title,I
", ",O,O,I
Wien,B,other,I
 ,O,O,I
2001,B,year,I
"
",O,O,I
Schader-Stiftung,B,editor,B
" (Hrsg.), ",O,O,I
Die Zukunft der Daseinsvorsorge: Öffentliche Unternehmen im Wettbewerb,B,title,I
", ",O,O,I
Darmstadt,B,other,I
 ,O,O,I
2001,B,year,I
"
",O,O,I
Scholl,B,author,B
 ,I,author,I
B,I,author,I
"., ",O,O,I
Flughafen- und Raumentwicklung,B,title,I
", ",O,O,I
Karlsruhe,B,other,I
 ,O,O,I
2001,B,year,I
"
",O,O,I
Schwarz,B,author,B
 ,I,author,I
W,I,author,I
"., ",O,O,I
"Industrieräumliche Prozesse, Standortbonität und Regionalpolitik",B,title,I
", ",O,O,I
Klagenfurt,B,other,I
 ,O,O,I
2001,B,year,I
"
",O,O,I
Umweltbundesamt,B,editor,B
" (Hrsg.), ",O,O,I
Strategien der Popularisierung des Leitbildes «Nachhaltige Entwicklung» aus sozialwissenschaftlicher Perspektive,B,source,I
. ,O,O,I
Band 1: Systematische Auswertung,B,title,I
", ",O,O,I
Berlin,B,other,I
 ,O,O,I
2000,B,year,I
"
",O,O,I
Umweltbundesamt,B,editor,B
" (Hrsg.), ",O,O,I
Strategien der Popularisierung des Leitbildes «Nachhaltige Entwicklung» aus sozialwissenschaftlicher Perspektive,B,source,I
. ,O,O,I
Band 2: Tagungsbeiträge,B,title,I
", ",O,O,I
Berlin,B,other,I
 ,O,O,I
2000,B,year,I
"
",O,O,I
Umweltbundesamt,B,editor,B
" (Hrsg.), ",O,O,I
Formulierung regionaler Umweltqualitätsziele - Ein Leitfaden,B,title,I
", ",O,O,I
Berlin,B,other,I
 ,O,O,I
2001,B,year,I
"
",O,O,I
Umweltbundesamt,B,editor,B
" (Hrsg.), ",O,O,I
Zum Stellenwert der Regionalplanung in der nachhaltigen Entwicklung,B,title,I
", ",O,O,I
Berlin,B,other,I
 ,O,O,I
1997,B,year,I
"
",O,O,I
Umweltbundesamt,B,editor,B
" (Hrsg.), ",O,O,I
Ansätze für ökonomische Anreize zum sparsamen und schonenden Umgang mit Bodenflächen,B,title,I
", ",O,O,I
Berlin,B,other,I
 ,O,O,I
2000,B,year,I
"
",O,O,I
Umweltbundesamt,B,editor,B
" (Hrsg.), ",O,O,I
"Stand und Weiterentwicklung von Umweltqualitätszielen, Umwelthandlungszielen und Umweltindikatoren der Raum- und Siedlungsentwicklung",B,title,I
", ",O,O,I
Berlin,B,other,I
 ,O,O,I
2000,B,year,I
"
",O,O,I
Umweltbundesamt,B,editor,B
" (Hrsg.), ",O,O,I
Weiterentwicklung und Präzisierung des Leitbildes der nachhaltigen Entwicklung in der Regionalplanung und regionalen Entwicklungskonzepten,B,title,I
", ",O,O,I
Berlin,B,other,I
 ,O,O,I
2000,B,year,I
"
",O,O,I
Wagner,B,author,B
 ,I,author,I
K,I,author,I
"., ",O,O,I
Landwirtschaft und ÖPUL in den Porengrundwassergebieten - aktuelle Daten,B,title,I
", ",O,O,I
Wien,B,other,I
 ,O,O,I
2001,B,year,I
"
",O,O,I
