token,tag,label,ref
BARTELS,B,author,B
", ",I,author,I
G,I,author,I
. (,O,O,I
1973,B,year,I
): ,O,O,I
Jahreszeitlich bedingte Strukturböden auf den Kanaren,B,title,I
. — ,O,O,I
Die Erde,B,source,I
", ",O,O,I
104,B,volume,I
 ( ,O,O,I
3 — 4,B,issue,I
 ) : ,O,O,I
314,B,fpage,I
—,O,O,I
319,B,lpage,I
; ,O,O,I
Berlin,B,other,I
". 
",O,O,I
FISCHER,B,author,B
", ",I,author,I
K,I,author,I
. (,O,O,I
1970,B,year,I
): ,O,O,I
Frostmusterböden in den Dolomiten,B,title,I
. — ,O,O,I
Der Schlern,B,source,I
", ",O,O,I
44,B,volume,I
: ,O,O,I
136,B,fpage,I
—,O,O,I
142,B,lpage,I
; ,O,O,I
Bozen,B,other,I
". 
",O,O,I
KINZL,B,author,B
", ",I,author,I
H,I,author,I
. (,O,O,I
1928,B,year,I
): ,O,O,I
Beobachtungen über Strukturböden in den Ostalpen,B,title,I
. — ,O,O,I
Pet. Mitt.,B,source,I
", ",O,O,I
74,B,volume,I
: ,O,O,I
261,B,fpage,I
—,O,O,I
265,B,lpage,I
; ,O,O,I
Gotha,B,other,I
". 
",O,O,I
MEINARDUS,B,author,B
", ",I,author,I
W,I,author,I
 . (,O,O,I
1912,B,year,I
): ,O,O,I
Beobachtungen über Detritussortierung und Strukturböden auf Spitzbergen,B,title,I
. — ,O,O,I
Z. Ges. Erdkde.,B,source,I
: ,O,O,I
250,B,fpage,I
—,O,O,I
259,B,lpage,I
; ,O,O,I
Berlin,B,other,I
". 
",O,O,I
ROHDENBURG,B,author,B
", ",I,author,I
H,I,author,I
. & ,O,O,I
WALTHER,B,author,I
", ",I,author,I
D,I,author,I
. (,O,O,I
1968,B,year,I
): ,O,O,I
Rezente Strukturböden in Gießen,B,title,I
. — ,O,O,I
Eiszeitalter u. Gegenwart,B,source,I
", ",O,O,I
19,B,volume,I
: ,O,O,I
279,B,fpage,I
—,O,O,I
282,B,lpage,I
; ,O,O,I
Öhringen/Württ,B,other,I
". 
",O,O,I
STINGL,B,author,B
", ",I,author,I
H,I,author,I
. (,O,O,I
1971,B,year,I
): ,O,O,I
Zur Verteilung von Groß- und Miniaturformen von Strukturböden in den Ostalpen,B,title,I
. — ,O,O,I
Nachr. Akad. Wiss. Göttingen II. Math.-Physikal. Kl.,B,source,I
", ",O,O,I
2,B,volume,I
: ,O,O,I
25,B,fpage,I
 — ,O,O,I
40,B,lpage,I
 ; ,O,O,I
Göttingen,B,other,I
". 
",O,O,I
STINGL,B,author,B
", ",I,author,I
H,I,author,I
"., ",O,O,I
HERRMANN,B,author,I
", ",I,author,I
R,I,author,I
. (,O,O,I
1976,B,year,I
): ,O,O,I
Untersuchungen zum Strukturbodenproblem auf Island. Geländebeobachtungen und statistische Auswertung,B,title,I
. — ,O,O,I
Z. Geomorph. N. F.,B,source,I
", ",O,O,I
20,B,volume,I
 ( ,O,O,I
2,B,issue,I
 ) : ,O,O,I
205,B,fpage,I
—,O,O,I
226,B,lpage,I
; ,O,O,I
Berlin,B,other,I
". 
",O,O,I
VORNDRAN,B,author,B
", ",I,author,I
G,I,author,I
. (,O,O,I
1972,B,year,I
): ,O,O,I
Kryopedologische Untersuchungen mit Hilfe von Bodentemperaturmessungen,B,title,I
. — ,O,O,I
Münchener Geogr. Abh.,B,source,I
", ",O,O,I
6,B,volume,I
: 70 S.; ,O,O,I
München,B,other,I
". 
",O,O,I
WASHBURN,B,author,B
", ",I,author,I
A. L.,I,author,I
", ",O,O,I
SMITH,B,author,I
", ",I,author,I
D,I,author,I
. & ,O,O,I
GODDARD,B,author,I
", ",I,author,I
R,I,author,I
. (,O,O,I
1963,B,year,I
): ,O,O,I
Frost cracking in a middle-latitude climate,B,title,I
. — ,O,O,I
Biuletyn Periglacjalny,B,source,I
", ",O,O,I
12,B,volume,I
: ,O,O,I
175,B,fpage,I
—,O,O,I
189,B,lpage,I
; ,O,O,I
Lodz,B,other,I
. ,O,O,I
