token,tag,label,ref
BAKELESS,B,author,B
", ",I,author,I
J,I,author,I
.: ,O,O,I
The Eyes of Discovery. The pageant of North America as seen by the first explorers,B,title,I
 (,O,O,I
Übersetzung,B,other,I
: „,O,O,I
Schimmernde Berge und weite Prärien,B,title,I
""" von ",O,O,I
"H. G. SOMMERWERCK, G. STALLING, Oldenburg i. Oldbg.",B,other,I
"). 
",O,O,I
HAARNAGEL,B,author,B
", ",I,author,I
W,I,author,I
.: ,O,O,I
Die spätbronze-früheisenzeitliche Gehöftsiedlung Jemgum bei Leer auf dem linken Ufer der Ems,B,title,I
. - ,O,O,I
"Die Kunde, Mitt. nieders. Landesver. Urgesch. N.F.",B,source,I
 ,O,O,I
8,B,volume,I
", S. ",O,O,I
2,B,fpage,I
-,O,O,I
44,B,lpage,I
", ",O,O,I
Hannover,B,other,I
 ,O,O,I
1957,B,year,I
". 
",O,O,I
HEMPEL,B,author,B
", ",I,author,I
Ludwig,I,author,I
: ,O,O,I
Über Alter und Herkunftsgebiet von Auelehmen im Leinetal,B,title,I
. - ,O,O,I
E. u. G.,B,source,I
 ,O,O,I
7,B,volume,I
", S. ",O,O,I
35,B,fpage,I
-,O,O,I
42,B,lpage,I
", ",O,O,I
1956,B,year,I
".
",O,O,I
HÖVERMANN,B,author,B
", ",I,author,I
J,I,author,I
.: ,O,O,I
Studien über die Genesis der Formen im Talgrund südhannoverscher Flüsse,B,title,I
. - ,O,O,I
"Nachr. Akad. Wissensch. Göttingen, math.-phys. Kl. IIb",B,source,I
", S. ",O,O,I
1,B,fpage,I
-,O,O,I
14,B,lpage,I
", ",O,O,I
1953,B,year,I
". 
",O,O,I
JAKOB,B,author,B
", ",I,author,I
H,I,author,I
.: ,O,O,I
"Zur Datierung des „Rannenhorizontes"" und der sog. „Pfahlbauten"" im Main-Regnitz-Gebiet um Bamberg",B,title,I
. - ,O,O,I
Ber. natf. Ges. Bamberg,B,source,I
 ,O,O,I
35,B,volume,I
", S. ",O,O,I
1,B,fpage,I
-,O,O,I
20,B,lpage,I
", ",O,O,I
1956,B,year,I
". 
",O,O,I
MENSCHING,B,author,B
", ",I,author,I
H,I,author,I
.: ,O,O,I
Die Entstehung der Auelehmdecken in Nordwestdeutschland,B,title,I
. - ,O,O,I
Proceed. III. Intern. Congr. Sedimentology,B,source,I
", ",O,O,I
Groningen-Wageningen,B,other,I
", ",O,O,I
1951,B,year,I
". 
",O,O,I
MÜLLER,B,author,B
", ",I,author,I
H,I,author,I
.: ,O,O,I
Ein Beitrag zur holozänen Emstalentwicklung zwischen Meppen und Dörpen auf Grund von pollenanalytischen Untersuchungen,B,title,I
. - ,O,O,I
Geol. Jb.,B,source,I
 ,O,O,I
71,B,volume,I
", S. ",O,O,I
491,B,fpage,I
-,O,O,I
504,B,lpage,I
", ",O,O,I
Hann.,B,other,I
 ,O,O,I
1956,B,year,I
". 
",O,O,I
NATERMANN,B,author,B
", ",I,author,I
E,I,author,I
.: ,O,O,I
Zur Geologie der Wesermarsch oberhalb Achim,B,title,I
. - ,O,O,I
Abh. natw. Ver. Bremen,B,source,I
 ,O,O,I
31,B,volume,I
", S. ",O,O,I
154,B,fpage,I
-,O,O,I
167,B,lpage,I
", ",O,O,I
1939/40,B,year,I
". 
",O,O,I
NIETSCH,B,author,B
", ",I,author,I
H,I,author,I
.: ,O,O,I
Zur spät- und nacheiszeitlichen Entwicklung einiger Flußtäler im nordwestlichen Deutschland,B,title,I
. - ,O,O,I
"Z. deutsch, geol. Ges.",B,source,I
 ,O,O,I
104,B,volume,I
", S. ",O,O,I
29,B,fpage,I
-,O,O,I
40,B,lpage,I
", ",O,O,I
Hannover,B,other,I
 ,O,O,I
1952,B,year,I
". 
",O,O,I
NIETSCH,B,author,B
", ",I,author,I
H,I,author,I
.: ,O,O,I
"Hochwasser, Auenlehm und vorgeschichtliche Siedlung",B,title,I
. - ,O,O,I
Erdkunde,B,source,I
 ,O,O,I
9,B,volume,I
", S. ",O,O,I
20,B,fpage,I
-,O,O,I
39,B,lpage,I
", ",O,O,I
Bonn,B,other,I
 ,O,O,I
1955,B,year,I
" (a). 
",O,O,I
NIETSCH,B,author,B
", ",I,author,I
H,I,author,I
.: ,O,O,I
Untersuchungen über die jüngere Talgeschichte der Weser bei Schlüsselburg und das Alter des Niederterrassenlehms bei Stolzenau,B,title,I
. - ,O,O,I
Jb. geogr. Ges. Hannover für 1954 und 1955,B,source,I
", S. ",O,O,I
19,B,fpage,I
-,O,O,I
28,B,lpage,I
", ",O,O,I
Hannover,B,other,I
 ,O,O,I
1955,B,year,I
". (b) 
",O,O,I
NIETSCH,B,author,B
", ",I,author,I
H,I,author,I
.: ,O,O,I
Pollenanalytischer Beitrag zur Geschichte der Wesermarsch bei Bremen,B,title,I
. - ,O,O,I
Die Kunde N . F.,B,source,I
 ,O,O,I
9,B,volume,I
" (1958), S. ",O,O,I
72,B,fpage,I
-,O,O,I
83,B,lpage,I
", ",O,O,I
Hannover,B,other,I
 ,O,O,I
1959,B,year,I
". 
",O,O,I
NORDENSKIÖLD,B,author,B
", ",I,author,I
A. E. Frh. VON,I,author,I
: ,O,O,I
Die Umsegelung Asiens und Europas auf der Vega,B,title,I
. - ,O,O,I
Reisen und Abenteuer,B,source,I
 ,O,O,I
9,B,volume,I
", ",O,O,I
Leipzig,B,other,I
 (,O,O,I
F. A. Brockhaus,B,publisher,I
) ,O,O,I
1921,B,year,I
". 
",O,O,I
OVERBECK,B,author,B
", ",I,author,I
F,I,author,I
. & ,O,O,I
SCHMITZ,B,author,I
", ",I,author,I
H,I,author,I
.: ,O,O,I
"Zur Geschichte der Moore, Marschen und Wälder Nordwestdeutschlands. I.",B,title,I
 - ,O,O,I
Mitt. Prov. St. Naturdenkmalpfl. Hannover,B,source,I
 ,O,O,I
3,B,volume,I
", S. ",O,O,I
1,B,fpage,I
-,O,O,I
179,B,lpage,I
", ",O,O,I
1931,B,year,I
". 
",O,O,I
SCHÜTTE,B,author,B
", ",I,author,I
H,I,author,I
.: ,O,O,I
Sinkendes Land an der Nordsee,B,title,I
. - ,O,O,I
"Schr, dtsch. Natkdever. N . F.",B,source,I
 ,O,O,I
9,B,volume,I
", ",O,O,I
1939,B,year,I
. ,O,O,I
