token,tag,label,ref
ABELE,B,author,B
", ",I,author,I
G,I,author,I
. (,O,O,I
1977,B,year,I
): ,O,O,I
Morphologie und Entwicklung des Rheinsystems aus der Sicht des Mainzer Raums,B,title,I
. — ,O,O,I
Mainzer Geogr. Studien,B,source,I
", ",O,O,I
11,B,volume,I
 : ,O,O,I
245,B,fpage,I
—,O,O,I
259,B,lpage,I
; ,O,O,I
Mainz,B,other,I
". 
",O,O,I
BARTZ,B,author,B
", ",I,author,I
J,I,author,I
. (,O,O,I
1976,B,year,I
): ,O,O,I
Quartär und Jungquartär im Raum Rastatt,B,title,I
. ,O,O,I
(Mit Beiträgen von G. VON DER BRELIE und H. MAUS),B,other,I
. — ,O,O,I
Jh . geol. Landesamt Baden-Württemberg,B,source,I
", ",O,O,I
18,B,volume,I
: ,O,O,I
121,B,fpage,I
—,O,O,I
178,B,lpage,I
; ,O,O,I
Freiburg/Brsg,B,other,I
". 
",O,O,I
BARTZ,B,author,B
", ",I,author,I
J,I,author,I
. (,O,O,I
1982,B,year,I
): ,O,O,I
Quartär und Jungtertiär II im Oberrheingraben im Raum Karlsruhe,B,title,I
. — ,O,O,I
"Geol. Jb., A",B,source,I
 ,O,O,I
63,B,volume,I
: ,O,O,I
3,B,fpage,I
—,O,O,I
237,B,lpage,I
; ,O,O,I
Hannover,B,other,I
". 
",O,O,I
BIBUS,B,author,B
", ",I,author,I
E,I,author,I
. (,O,O,I
1989,B,year,I
): ,O,O,I
"8. Tagung des Arbeitskreises „Paläoböden "" der Deutschen Bodenkundlichen Gesellschaft vom 25.5.—27.5.1989 in Heilbronn. Programm und Exkursionsführer",B,title,I
: 27 S.; ,O,O,I
Tübingen,B,other,I
". 
",O,O,I
BLEICH,B,author,B
", ",I,author,I
K. E.,I,author,I
 (,O,O,I
1978,B,year,I
): ,O,O,I
Erosion von Böden infolge Bodennutzung,B,title,I
 . — ,O,O,I
"Daten, Dokumente, Umweltschutz",B,source,I
", ",O,O,I
22,B,volume,I
: ,O,O,I
109,B,fpage,I
—,O,O,I
112,B,lpage,I
; ,O,O,I
Stuttgart-Hohenheim,B,other,I
". 
",O,O,I
BOENIGK,B,author,B
", ",I,author,I
W,I,author,I
. (,O,O,I
1982,B,year,I
): ,O,O,I
Der Einfluß des Rheingraben-Systems auf die Flußgeschichte des Rheins,B,title,I
. — ,O,O,I
"Z. Geomorph., N . F .",B,source,I
" , Suppl.-Bd. ",O,O,I
42,B,volume,I
 : ,O,O,I
167,B,fpage,I
—,O,O,I
175,B,lpage,I
; ,O,O,I
Berlin/Stuttgart,B,other,I
". 
",O,O,I
BRELIE,B,author,B
", ",I,author,I
G. VON DER,I,author,I
 (,O,O,I
1976,B,year,I
): ,O,O,I
Die Pollenuntersuchungen,B,title,I
. — in: ,O,O,I
"BARTZ, J.",B,editor,I
 (,O,O,I
1976,B,year,I
): ,O,O,I
Quartär und Jungquartär im Raum Rastatt. — Jh. geol. Landesamt Baden-Württemberg,B,source,I
", ",O,O,I
18,B,volume,I
: ,O,O,I
154,B,fpage,I
—,O,O,I
166,B,lpage,I
; ,O,O,I
Freiburg/Brsg,B,other,I
". 
",O,O,I
BRELIE,B,author,B
", ",I,author,I
G. VON DER,I,author,I
 (,O,O,I
1982,B,year,I
): ,O,O,I
Pollenuntersuchungen,B,title,I
. — in: ,O,O,I
"BARTZ, J .",B,editor,I
 (,O,O,I
1982,B,year,I
): ,O,O,I
Quartär und Jungquartär II im Oberrheingraben im Raum Karlsruhe. — Geol. Jb.,B,source,I
", ",O,O,I
A 63,B,volume,I
 : ,O,O,I
199,B,fpage,I
—,O,O,I
227,B,lpage,I
; ,O,O,I
Hannover,B,other,I
". 
",O,O,I
EITEL,B,author,B
", ",I,author,I
B,I,author,I
. (,O,O,I
1989,B,year,I
): ,O,O,I
Morphogenese im südlichen Kraichgau unter besonderer Berücksichtigung tertiärer und pleistozäner Decksedimente. Ein Beitrag zur Landschaftsgeschichte Südwestdeutschlands,B,title,I
. — ,O,O,I
Stuttgarter Geographische Studien,B,source,I
", ",O,O,I
111,B,volume,I
", 205 S.; ",O,O,I
Stuttgart,B,other,I
". 
",O,O,I
GEISSERT,B,author,B
", ",I,author,I
F,I,author,I
. & ,O,O,I
MENILLET,B,author,I
", ",I,author,I
F,I,author,I
. (,O,O,I
1976,B,year,I
): ,O,O,I
"Carte Géologique de la France à 1 : 50000, f. XXXIX — 13—14 Seltz-Wissembourg",B,title,I
", mit Erläuterungen: ",O,O,I
Pliocène d'Alsace,B,source,I
. — 59 S.; ,O,O,I
Orleáns,B,other,I
". 
",O,O,I
LIEDTKE,B,author,B
", ",I,author,I
H,I,author,I
. (,O,O,I
1986,B,year,I
): ,O,O,I
Stand und Aufgabe der Eiszeitforschung,B,title,I
. — ,O,O,I
Geogr. Rdsch.,B,source,I
", ",O,O,I
38,B,volume,I
" , ",O,O,I
7/8,B,issue,I
 : ,O,O,I
412,B,fpage,I
—,O,O,I
419,B,lpage,I
; ,O,O,I
Braunschweig,B,other,I
". 
",O,O,I
LINIGER,B,author,B
", ",I,author,I
H,I,author,I
. (,O,O,I
1966,B,year,I
): ,O,O,I
Das Pliozän-Altpleistozäne Flußnetz der Nordschweiz,B,title,I
. — ,O,O,I
Regio basilensis,B,source,I
", ",O,O,I
7,B,volume,I
: ,O,O,I
158,B,fpage,I
—,O,O,I
177,B,lpage,I
; ,O,O,I
Basel,B,other,I
". 
",O,O,I
MAUS,B,author,B
", ",I,author,I
H,I,author,I
 . (,O,O,I
1976,B,year,I
): ,O,O,I
Die Schwerminerale,B,title,I
", in: ",O,O,I
"BARTZ, J.",B,editor,I
 (,O,O,I
1976,B,year,I
): — ,O,O,I
Quartär und Jungtertiär im Raum Rastatt. — Jh . geol. Landesamt Baden-Württemberg,B,source,I
", ",O,O,I
18,B,volume,I
: ,O,O,I
141,B,fpage,I
—,O,O,I
145,B,lpage,I
; ,O,O,I
Freiburg/Brsg,B,other,I
". 
",O,O,I
MONNINGER,B,author,B
", ",I,author,I
R,I,author,I
. (,O,O,I
1985,B,year,I
): ,O,O,I
Neotektonische Bewegungsmechanismen im mittleren Oberrheingraben,B,title,I
. — Diss. Geol. Inst. Karlsruhe: 219 S.; ,O,O,I
Karlsruhe,B,other,I
". 
",O,O,I
PLEWE,B,author,B
", ",I,author,I
E,I,author,I
. (,O,O,I
1938,B,year,I
): ,O,O,I
Geomorphologische Studien am Pfälzer Rheingrabenrand,B,title,I
. — ,O,O,I
Bad. Geogr. Abh .,B,source,I
" , ",O,O,I
19,B,volume,I
: ,O,O,I
1,B,fpage,I
—,O,O,I
70,B,lpage,I
; ,O,O,I
Karlsruhe,B,other,I
". 
",O,O,I
RÖSNER,B,author,B
", ",I,author,I
U,I,author,I
 . (,O,O,I
1988,B,year,I
): ,O,O,I
"Die mainfränkische Lößprovinz. Sedimentologische, pedologische und morphodynamische Prozesse der Lößbildung während des Pleistozäns in Mainfranken",B,title,I
". — Diss., Inst. f. Geogr., Univ. Erlangen-Nürnberg : 498 S.; ",O,O,I
Erlangen,B,other,I
". 
",O,O,I
SANDBERGER,B,author,B
", ",I,author,I
F,I,author,I
. (,O,O,I
1868,B,year,I
): ,O,O,I
Bemerkungen über die Diluvialgerölle des Rheintals bei Karlsruhe,B,title,I
. — ,O,O,I
Verh. naturwiss. Ver. Karlsruhe,B,source,I
", ",O,O,I
3,B,volume,I
: ,O,O,I
51,B,fpage,I
—,O,O,I
58,B,lpage,I
; ,O,O,I
Karlsruhe,B,other,I
". 
",O,O,I
SCHLICKUM,B,author,B
", ",I,author,I
W. R.,I,author,I
 & ,O,O,I
GEISSERT,B,author,I
", ",I,author,I
F,I,author,I
. (,O,O,I
1980,B,year,I
): ,O,O,I
Die pliozäne Land- und Süßwassermolluskenfauna von Sessenheim/Krs. Haguenau (Unterelsaß),B,title,I
. — ,O,O,I
Arch. f. Molluskenkunde,B,source,I
" , ",O,O,I
110,B,volume,I
: ,O,O,I
225,B,fpage,I
—,O,O,I
259,B,lpage,I
; ,O,O,I
Frankfurt/M. ,B,other,I
"
",O,O,I
SCHMIDT,B,author,B
", ",I,author,I
K. G.,I,author,I
 (,O,O,I
1941,B,year,I
): ,O,O,I
Über bohnetzführendes Tertiär und Diluvium im Kraichgau,B,title,I
. — ,O,O,I
"Jber. Mitt. Oberrh. Geol. Ver., N. F.",B,source,I
 ,O,O,I
30,B,volume,I
: ,O,O,I
48,B,fpage,I
—,O,O,I
91,B,lpage,I
; ,O,O,I
Karlsruhe,B,other,I
". 
",O,O,I
SCHREINER,B,author,B
", ",I,author,I
A,I,author,I
. (,O,O,I
1968,B,year,I
): ,O,O,I
Eiszeitliche Rinnen und Becken und deren Füllung im Hegau und westlichen Bodenseegebiet,B,title,I
. — ,O,O,I
Jh . geol. Landesamt Baden-Württemberg,B,source,I
", ",O,O,I
10,B,volume,I
: ,O,O,I
79,B,fpage,I
—,O,O,I
104,B,lpage,I
; ,O,O,I
Freiburg/Brsg,B,other,I
". 
",O,O,I
SCHREINER,B,author,B
", ",I,author,I
A,I,author,I
. (,O,O,I
1979,B,year,I
): ,O,O,I
Zur Entstehung des Bodenseebeckens,B,title,I
. — ,O,O,I
Eiszeitalter und Gegenwart,B,source,I
", ",O,O,I
29,B,volume,I
: ,O,O,I
71,B,fpage,I
—,O,O,I
76,B,lpage,I
; ,O,O,I
Stuttgart,B,other,I
". 
",O,O,I
SCHREINER,B,author,B
", ",I,author,I
A,I,author,I
. (,O,O,I
1983,B,year,I
): ,O,O,I
"Erläuterungen zur Geologischen Karte 1: 25 000 von Baden-Württemberg, Blatt 8218 Gottmadingen",B,title,I
: 124 S.; ,O,O,I
Stuttgart,B,other,I
 (,O,O,I
Geol. L.-Amt Baden-Württemberg,B,publisher,I
"). 
",O,O,I
SINDOWSKI,B,author,B
",",I,author,I
 K. H .,I,author,I
 (,O,O,I
1937,B,year,I
): ,O,O,I
Zur Sedimentpetrographie des Oberpliozäns und Altdiluviums der mittleren Oberrheinebene,B,title,I
. — ,O,O,I
Z. dt. geol. Ges .,B,source,I
" , ",O,O,I
89,B,volume,I
: ,O,O,I
409,B,fpage,I
—,O,O,I
418,B,lpage,I
; ,O,O,I
Hannover,B,other,I
". 
",O,O,I
VILLINGER,B,author,B
", ",I,author,I
E,I,author,I
. (,O,O,I
1986,B,year,I
): ,O,O,I
Untersuchungen zur Flußgeschichte von Aare-Donau/Alpenrhein und zur Entwicklung des Malm-Karstes in Südwestdeutschland,B,title,I
. — ,O,O,I
Jh . geol. Landesamt Baden-Württemberg,B,source,I
", ",O,O,I
28,B,volume,I
: ,O,O,I
297,B,fpage,I
—,O,O,I
362,B,lpage,I
; ,O,O,I
Freiburg/Brsg,B,other,I
". 
",O,O,I
WAGNER,B,author,B
", ",I,author,I
G,I,author,I
. (,O,O,I
1962,B,year,I
): ,O,O,I
Zur Geschichte des Bodensees,B,title,I
. — ,O,O,I
Jb . Ver. z. Schutze d. Alpenpflanzen u . -tiere,B,source,I
", ",O,O,I
27,B,volume,I
: ,O,O,I
98,B,fpage,I
—,O,O,I
113,B,lpage,I
; ,O,O,I
München /Bamberg,B,other,I
". 
",O,O,I
WAGNER,B,author,B
", ",I,author,I
G,I,author,I
. (,O,O,I
1963,B,year,I
): ,O,O,I
Danubische und rheinische Abtragung im Neckar- und im Tauberland,B,title,I
. — ,O,O,I
Ber. dt. Landeskde,B,source,I
", ",O,O,I
31,B,volume,I
 : ,O,O,I
1,B,fpage,I
—,O,O,I
11,B,lpage,I
; ,O,O,I
Trier,B,other,I
". 
",O,O,I
WITTMANN,B,author,B
", ",I,author,I
O,I,author,I
. (,O,O,I
1962,B,year,I
): ,O,O,I
Hochrhein und Oberrhein bis Karlsruhe,B,title,I
", in: ",O,O,I
"QUITZOW, H. W.",B,editor,I
 ,O,O,I
et al.,B,other,I
 (,O,O,I
1962,B,year,I
): ,O,O,I
Die Entstehung des Rheintales vom Austritt des Flusses aus dem Bodensee bis zur Mündung . — Beitr. z. Rheinkde.,B,source,I
", ",O,O,I
14,B,volume,I
: ,O,O,I
10,B,fpage,I
—,O,O,I
21,B,lpage,I
; ,O,O,I
Koblenz,B,other,I
". 
",O,O,I
ZINK,B,author,B
", ",I,author,I
F,I,author,I
. (,O,O,I
1940,B,year,I
): ,O,O,I
Zur diluvialen Geschichte des Hochrheins und zur Alterstellung der paläolithischen Station Murg,B,title,I
.— ,O,O,I
Mitt. Reichsst. Bodenforsch. Freiburg/Brsg.,B,source,I
", ",O,O,I
1,B,volume,I
: 51 S.; ,O,O,I
Freiburg/Brsg,B,other,I
. ,O,O,I
