token,tag,label,ref
DUBOIS,B,author,B
", ",I,author,I
A,I,author,I
. & ,O,O,I
STEHLIN,B,author,I
", ",I,author,I
H. G.,I,author,I
: ,O,O,I
"La grotte de Cotencher, station moustérienne",B,title,I
. - ,O,O,I
Mém. Soc. Paléont. Suisse,B,source,I
", vol. ",O,O,I
52 / 53,B,volume,I
" , ",O,O,I
Bâle,B,other,I
 ,O,O,I
1933,B,year,I
". 
",O,O,I
"EHRENBERG, K .",B,other,B
 in: ,O,O,I
ABEL,B,editor,I
 & ,O,O,I
KYRLE,B,editor,I
", ",O,O,I
etc,B,other,I
.: ,O,O,I
Die Drachenhöhle bei Mixnitz,B,title,I
. - ,O,O,I
Speläologische Monographien,B,source,I
", Bd.",O,O,I
 7/8,B,volume,I
", ",O,O,I
1931,B,year,I
". 
",O,O,I
FRIANT,B,author,B
", ",I,author,I
M,I,author,I
.: ,O,O,I
Contribution à l'étude de la différenciation des dents jugales chez les Mammifères,B,title,I
", ",O,O,I
1933,B,year,I
". 
",O,O,I
KOBY,B,author,B
", ",I,author,I
F.-Ed.,I,author,I
: ,O,O,I
La dentition lactéale d'Ursus spelaeus,B,title,I
. - ,O,O,I
" Rev. Suisse Zool., T",B,source,I
. ,O,O,I
59,B,volume,I
" , No. ",O,O,I
27,B,issue,I
", ",O,O,I
1952,B,year,I
". 
",O,O,I
KORMOS,B,author,B
", ",I,author,I
Th,I,author,I
.: ,O,O,I
Die Felsnische Pilisszánto,B,title,I
. - ,O,O,I
Mitt. Jahrb. Kgl. ungar. Geol. Reichsanst.,B,source,I
 ,O,O,I
23,B,volume,I
", ",O,O,I
Budapest,B,other,I
 ,O,O,I
1916,B,year,I
". 
",O,O,I
MOTTL,B,author,B
", ",I,author,I
M,I,author,I
.: ,O,O,I
Über Stamm- und Artmerkmale der Bären,B,title,I
. - ,O,O,I
Ung. Geol. Ges.,B,source,I
 ,O,O,I
21,B,volume,I
", ",O,O,I
II,B,issue,I
", ",O,O,I
Budapest,B,other,I
 ,O,O,I
1934,B,year,I
". 
",O,O,I
MOTTL,B,author,B
", ",I,author,I
M,I,author,I
.: ,O,O,I
Subalyuk-Höhle bei Cserepfalu,B,title,I
. - ,O,O,I
"Geol. Hung., Ser. Palaeont., fasc.",B,source,I
 ,O,O,I
14,B,volume,I
", ",O,O,I
Budapest,B,other,I
 ,O,O,I
1939,B,year,I
". 
",O,O,I
NORDMANN,B,author,B
", ",I,author,I
A. v.,I,author,I
: ,O,O,I
Palaeontologie Südrußlands,B,title,I
. - ,O,O,I
Helsingfors,B,other,I
 ,O,O,I
1858,B,year,I
". 
",O,O,I
OWEN,B,author,B
", ",I,author,I
R,I,author,I
.: ,O,O,I
A History of British Fossil Mammals and Birds,B,title,I
. - ,O,O,I
London,B,other,I
 ,O,O,I
1846,B,year,I
". 
",O,O,I
POHLE,B,author,B
", ",I,author,I
H,I,author,I
.: ,O,O,I
Über den Zahnwechsel der Bären,B,title,I
. - ,O,O,I
Zool. Anz.,B,source,I
 ,O,O,I
55,B,volume,I
" , ",O,O,I
Leipzig,B,other,I
 ,O,O,I
1923,B,year,I
". 
",O,O,I
REYNOLDS,B,author,B
", ",I,author,I
S,I,author,I
.: ,O,O,I
The Bears,B,title,I
 — ,O,O,I
A Monograph of the British Pleistocene Mammalia,B,source,I
", vol. ",O,O,I
II,B,volume,I
", Part. ",O,O,I
II,B,issue,I
" , ",O,O,I
London,B,other,I
 ,O,O,I
1906,B,year,I
". 
",O,O,I
ROSKA,B,author,B
", ",I,author,I
M,I,author,I
.: ,O,O,I
"Traces de l'homme diluvien dans la caverne ""Cholnoky"" à Csoklovina",B,title,I
. - ,O,O,I
Dolgozatok az Erdélyi nemzeti Muzéum Ėrem — ás Régiségtárábol,B,source,I
", ",O,O,I
3,B,volume,I
" , ",O,O,I
2,B,issue,I
", ",O,O,I
Kolozsvar,B,other,I
 ,O,O,I
1912,B,year,I
". 
",O,O,I
SCHLOSSER,B,author,B
", ",I,author,I
M,I,author,I
.: ,O,O,I
Die Bären- oder Tischoferhöhle im Kaisertal bei Kufstein,B,title,I
. - ,O,O,I
"Abh. kgl. Bayer. Akad. d. Wiss., math.-phys. KL",B,source,I
", ",O,O,I
24,B,volume,I
", ",O,O,I
2,B,issue,I
", ",O,O,I
München,B,other,I
 ,O,O,I
1909,B,year,I
". 
",O,O,I
SIMIONESCU,B,author,B
", ",I,author,I
I,I,author,I
: ,O,O,I
 Ursus spelaeus BLUMB. din peştera Cioclovina (Hunedoara),B,title,I
. -,O,O,I
" Ann. Acad. Rom.; Mem. Sect. St., Ser. III, t. 17, Mem. 7",B,source,I
", ",O,O,I
Bucureşti,B,other,I
 ,O,O,I
1942,B,year,I
". 
",O,O,I
SOERGEL,B,author,B
", ",I,author,I
W,I,author,I
.: ,O,O,I
Der Bär von Süssenborn,B,title,I
. - ,O,O,I
"N.Jahrb. Min. Geol. u. Pal. 54BB, Abt. B.",B,source,I
", ",O,O,I
Stuttgart,B,other,I
 ,O,O,I
1926,B,year,I
". 
",O,O,I
SPAHNI,B,author,B
", ",I,author,I
J.-Chr.,I,author,I
: ,O,O,I
Méthode graphique appliquée à l'étude de la variabilité des dents de quelques Ursidés,B,title,I
. - ,O,O,I
Eclogae Geol. Helv.,B,source,I
 ,O,O,I
48,B,volume,I
", ",O,O,I
2,B,issue,I
", ",O,O,I
Basel,B,other,I
 ,O,O,I
1955,B,year,I
.,O,O,I
