token,tag,label,ref
BODE,B,author,B
" , ",I,author,I
A,I,author,I
. & ,O,O,I
SCHROEDER,B,author,I
", ",I,author,I
H,I,author,I
. (,O,O,I
1926,B,year,I
): ,O,O,I
"Erläuterung zur Geologischen Karte von Preußen und benachbarten deutschen Landen, Blatt Goslar",B,title,I
. – 113 S.; ,O,O,I
Berlin,B,other,I
".
",O,O,I
BOMBIEN,B,author,B
", ",I,author,I
H,I,author,I
. (,O,O,I
1983,B,year,I
): ,O,O,I
"Untersuchungen zur petrographischen Zusammensetzung und Verteilung glaziärer, periglaziärer und ﬂuviatiler Ablagerungen des Pleistozäns zwischen Langelsheim, Bad Harzburg und Vienenburg (nördliches Harzvorland)",B,title,I
". – Dipl.-Arb. u. selbst. Geol. Kart. I. Studiengang Geol./Paläont. Fachber. Erdwiss. Univ. Hannover: 130 S., ",O,O,I
Hannover,B,other,I
" [unveröﬀ.].
",O,O,I
BOMBIEN,B,author,B
", ",I,author,I
H,I,author,I
. (,O,O,I
1987,B,year,I
): ,O,O,I
Geologisch-petrographische Untersuchungen zur quartären (früh-Saale-zeitlichen) Flußgeschichte im nördlichen Harzvorland,B,title,I
. – ,O,O,I
Mitt. geol. Inst. Univ. Hannover,B,source,I
", ",O,O,I
26,B,volume,I
: 131 S.; ,O,O,I
Hannover,B,other,I
".
",O,O,I
CHRISTOFZIK,B,author,B
", ",I,author,I
H,I,author,I
. (,O,O,I
1983,B,year,I
): ,O,O,I
"Untersuchungen zur petrographischen Zusammensetzung und Verteilung glaziärer, periglaziärer und ﬂuviatiler Ablagerungen des Pleistozäns im Raum Vienenburg - Schladen (nördliches Harzvorland)",B,title,I
". – Dipl.-Arb. u. selbst. Geol. Kart. I. Studiengang Geol./Paläont. Fachber. Erdwiss. Univ. Hannover: 81 S., ",O,O,I
Hannover,B,other,I
". [unveröﬀ.].
",O,O,I
BÜDEL,B,author,B
", ",I,author,I
J,I,author,I
. (,O,O,I
1969,B,year,I
): ,O,O,I
Der Eisrinden-Eﬀekt als Motor der Tiefenerosion in der exessiven Talbildungszone,B,title,I
. – ,O,O,I
Würzb. Geogr. Arb.,B,source,I
", ",O,O,I
25,B,volume,I
: 41 S.; ,O,O,I
Würzburg,B,other,I
".
",O,O,I
DAHLGRÜN,B,author,B
", ",I,author,I
F,I,author,I
. (,O,O,I
1929,B,year,I
): ,O,O,I
Beobachtungen über das Diluvium des Unterharzes,B,title,I
. – ,O,O,I
Sitzungsber. geol. L.-Anst,B,source,I
", ",O,O,I
4,B,volume,I
: ,O,O,I
30,B,fpage,I
-,O,O,I
38,B,lpage,I
; ,O,O,I
Berlin,B,other,I
".
",O,O,I
DUPHORN,B,author,B
", ",I,author,I
K,I,author,I
. (,O,O,I
1968,B,year,I
): ,O,O,I
Ist der Ostharz im Pleistozän vergletschert gewesen?,B,title,I
 – ,O,O,I
Eiszeitalter u. Gegenwart,B,source,I
", ",O,O,I
19,B,volume,I
: ,O,O,I
164,B,fpage,I
-,O,O,I
174,B,lpage,I
; ,O,O,I
Öhringen/Württ,B,other,I
".
",O,O,I
DUPHORN,B,author,B
", ",I,author,I
K,I,author,I
. (,O,O,I
1976,B,year,I
): ,O,O,I
Quartär,B,title,I
. – In: ,O,O,I
"HINZE, C.",B,editor,I
: ,O,O,I
"Geologische Karte von Niedersachsen 1:25.000, Erläuterungen zu Blatt Seesen Nr. 4127",B,source,I
: ,O,O,I
52,B,fpage,I
-,O,O,I
61,B,lpage,I
; ,O,O,I
Hannover,B,other,I
".
",O,O,I
EISSMANN,B,author,B
", ",I,author,I
L,I,author,I
. (,O,O,I
1975,B,year,I
): ,O,O,I
Das Quartär der Leipziger Tieﬂandsbucht und angrenzender Gebiete um Saale und Elbe – Modell einer Landschaftsentwicklung am Rand der europäischen Kontinentalvereisung,B,title,I
. – ,O,O,I
Schriftr. geol. Wiss.,B,source,I
", ",O,O,I
2,B,volume,I
: 263 S.; ,O,O,I
Berlin,B,other,I
".
",O,O,I
EISSMANN,B,author,B
", ",I,author,I
L,I,author,I
. (,O,O,I
1994,B,year,I
): ,O,O,I
"Grundzüge der Quartärgeologie Mitteldeutschlands (Sachsen, Sachsen-Anhalt, Südbrandenburg, Thüringen)",B,title,I
. – ,O,O,I
"Altenburger nat. wiss. Forsch.,",B,source,I
 ,O,O,I
7,B,volume,I
", ",O,O,I
(DEUQUA-Tagung Leipzig 1994),B,source,I
: ,O,O,I
55,B,fpage,I
-,O,O,I
135,B,lpage,I
; ,O,O,I
Altenburg,B,other,I
".
",O,O,I
EISSMANN,B,author,B
", ",I,author,I
L,I,author,I
. (,O,O,I
1997,B,year,I
): ,O,O,I
Das quartäre Eiszeitalter in Sachsen und Nordostthüringen,B,title,I
. – ,O,O,I
Altenburger nat. wiss. Forsch.,B,source,I
", ",O,O,I
8,B,volume,I
: 98 S. + Beil.-Bd.; ,O,O,I
Altenburg,B,other,I
".
",O,O,I
ELBRACHT,B,author,B
", ",I,author,I
J,I,author,I
. (,O,O,I
2002,B,year,I
): ,O,O,I
Karbonatische Zementation pleistzäner Lockersedimente NW-Deutschlands,B,title,I
. – Diss. Univ. Hannover: 111 S.; ,O,O,I
Hannover,B,other,I
".
",O,O,I
ELSNER,B,author,B
", ",I,author,I
H,I,author,I
. (,O,O,I
2003,B,year,I
): ,O,O,I
Verbreitung und Ausbildung Ester-zeitlicher Ablagerungen zwischen Elm und Flechtinger Höhenzug,B,title,I
. – ,O,O,I
Eiszeitalter u. Gegenwart,B,source,I
", ",O,O,I
52,B,volume,I
: ,O,O,I
91,B,fpage,I
-,O,O,I
116,B,lpage,I
; ,O,O,I
Hannover,B,other,I
".
",O,O,I
FELDMANN,B,author,B
", ",I,author,I
L,I,author,I
. (,O,O,I
1997,B,year,I
): ,O,O,I
Drenthezeitliche Eisrandlagen zwischen Harz und Allertal,B,title,I
. – ,O,O,I
Z. geol. Wiss.,B,source,I
", ",O,O,I
25,B,volume,I
 (,O,O,I
1/2,B,issue,I
): ,O,O,I
181,B,fpage,I
-,O,O,I
190,B,lpage,I
; ,O,O,I
Berlin,B,other,I
".
",O,O,I
FELDMANN,B,author,B
", ",I,author,I
L,I,author,I
. (,O,O,I
2002,B,year,I
): ,O,O,I
Das Quartär zwischen Harz und Allertal mit einem Beitrag zur Landschaftsgeschichte im Tertiär,B,title,I
. – ,O,O,I
Clausthaler Geowissenschaften,B,source,I
", ",O,O,I
1,B,volume,I
: 149 S.; ,O,O,I
Clausthal-Zellerfeld,B,other,I
".
",O,O,I
FELDMANN,B,author,B
", ",I,author,I
L,I,author,I
. & ,O,O,I
GROETZNER,B,author,I
", ",I,author,I
J.-P.,I,author,I
 (,O,O,I
1998,B,year,I
): ,O,O,I
Quartär im Harzvorland – Einführung in das Exkursionsgebiet,B,title,I
. – In: ,O,O,I
"FELDMANN, L.",B,editor,I
 & ,O,O,I
"MEYER, K.-D.",B,editor,I
 (Hrsg.): ,O,O,I
"Quartär in Niedersachsen. – Exk.-Führer DEUQUA Hannover, Exkursion B",B,source,I
: ,O,O,I
38,B,fpage,I
-,O,O,I
42,B,lpage,I
; ,O,O,I
Hannover,B,other,I
".
",O,O,I
FELDMANN,B,author,B
", ",I,author,I
L,I,author,I
"., ",O,O,I
GROETZNER,B,author,I
", ",I,author,I
J.-P.,I,author,I
 & ,O,O,I
WEYMANN,B,author,I
", ",I,author,I
H.-J.,I,author,I
 (,O,O,I
2001,B,year,I
): ,O,O,I
Zur pleistozänen Geschichte des “Großen Bruch” im nördlichen Harzvorland,B,title,I
. – ,O,O,I
Geol. Beitr. Hannover,B,source,I
", ",O,O,I
2,B,volume,I
: ,O,O,I
127,B,fpage,I
-,O,O,I
137,B,lpage,I
; ,O,O,I
Hannover,B,other,I
" [Henningsen-Festschrift].
",O,O,I
GROETZNER,B,author,B
", ",I,author,I
J.-P.,I,author,I
 (,O,O,I
1998,B,year,I
): ,O,O,I
Gletschertöpfe im Huy,B,title,I
. – In: ,O,O,I
"FELDMANN, L.",B,editor,I
 & ,O,O,I
"MEYER, K.-D.",B,editor,I
 (Hrsg.): ,O,O,I
"Quartär in Niedersachsen. – Exk.-Führer DEUQUA Hannover, Exkursion B",B,source,I
: ,O,O,I
79,B,fpage,I
-,O,O,I
80,B,lpage,I
; ,O,O,I
Hannover,B,other,I
".
",O,O,I
GROETZNER,B,author,B
", ",I,author,I
J.-P.,I,author,I
 & ,O,O,I
WEYMANN,B,author,I
", ",I,author,I
H.-J.,I,author,I
 (,O,O,I
1998,B,year,I
): ,O,O,I
Petrographie und Strukturen Saale-zeitlicher Sedimente bei Großalsleben,B,title,I
. – In: ,O,O,I
"FELDMANN, L.",B,editor,I
 & ,O,O,I
"MEYER, K.-D.",B,editor,I
 (Hrsg.): ,O,O,I
"Quartär in Niedersachsen. – Exk.-Führer DEUQUA Hannover, Exkursion B",B,source,I
: ,O,O,I
75,B,fpage,I
-,O,O,I
78,B,lpage,I
; ,O,O,I
Hannover,B,other,I
".
",O,O,I
GROETZNER,B,author,B
", ",I,author,I
J.-P.,I,author,I
 & ,O,O,I
WINTER,B,author,I
", ",I,author,I
S,I,author,I
. (,O,O,I
1998,B,year,I
): ,O,O,I
Das Quartärproﬁl von Hoym,B,title,I
. – In: ,O,O,I
"FELDMANN, L.",B,editor,I
 & ,O,O,I
"MEYER, K.-D.",B,editor,I
 (Hrsg.): ,O,O,I
"Quartär in Niedersachsen. – Exk.-Führer DEUQUA Hannover, Exkursion B",B,source,I
: ,O,O,I
71,B,fpage,I
-,O,O,I
74,B,lpage,I
; ,O,O,I
Hannover,B,other,I
".
",O,O,I
GRUPE,B,author,B
", ",I,author,I
O,I,author,I
. (,O,O,I
1921,B,year,I
): ,O,O,I
Ausdehnung der ältesten (drittletzten) Vereisung in Mitteldeutschland,B,title,I
. – ,O,O,I
Jb. preuß. geol. L.-Anst.,B,source,I
", ",O,O,I
42,B,volume,I
: ,O,O,I
161,B,fpage,I
-,O,O,I
174,B,lpage,I
; ,O,O,I
Berlin,B,other,I
".
",O,O,I
HINZE,B,author,B
", ",I,author,I
C,I,author,I
"., ",O,O,I
JORDAN,B,author,I
", ",I,author,I
H,I,author,I
"., ",O,O,I
KNOTH,B,author,I
", ",I,author,I
W,I,author,I
"., ",O,O,I
KRIEBEL,B,author,I
", ",I,author,I
U,I,author,I
. & ,O,O,I
MARTIKLOS,B,author,I
", ",I,author,I
G,I,author,I
. (,O,O,I
1998,B,year,I
): ,O,O,I
Geologische Karte Harz 1:100.000. – 1. Kt.; Halle (GLA-LSA u. NLfB),B,title,I
".
",O,O,I
HOFFMANN,B,author,B
", ",I,author,I
K,I,author,I
. & ,O,O,I
MEYER,B,author,I
", ",I,author,I
K.-D.,I,author,I
 (,O,O,I
1997,B,year,I
): ,O,O,I
"Leitgeschiebezählungen von elster- und saalezeitlichen Ablagerungen aus Sachsen, Sachsen-Anhalt und dem östlichen Niedersachsen",B,title,I
. ,O,O,I
Leipziger Geowiss.,B,source,I
", ",O,O,I
5,B,volume,I
: ,O,O,I
115,B,fpage,I
-,O,O,I
128,B,lpage,I
; ,O,O,I
Leipzig,B,other,I
" [Eißmann-Festschrift].
",O,O,I
HÖFLE,B,author,B
", ",I,author,I
H.-Ch.,I,author,I
 (,O,O,I
1991,B,year,I
): ,O,O,I
Über die innere Struktur und die stratigraphische Stellung mehrerer Endmoränenwälle im Bereich der Nordheide bis östlich Lüneburg,B,title,I
. – ,O,O,I
"Geol. Jb., A",B,source,I
 ,O,O,I
126,B,volume,I
: ,O,O,I
151,B,fpage,I
-,O,O,I
169,B,lpage,I
; ,O,O,I
Hannover,B,other,I
".
",O,O,I
JORDAN,B,author,B
", ",I,author,I
H,I,author,I
. (,O,O,I
1995,B,year,I
): ,O,O,I
"Quartäre Tektonik und Gipskarst am Südharz, Niedersachsen",B,title,I
. – ,O,O,I
"Beitr. z. Geol. v. Thüringen, N. F.",B,source,I
", ",O,O,I
2,B,volume,I
: ,O,O,I
75,B,fpage,I
-,O,O,I
96,B,lpage,I
; ,O,O,I
Jena,B,other,I
".
",O,O,I
KALTWANG,B,author,B
", ",I,author,I
J,I,author,I
. (,O,O,I
1992,B,year,I
): ,O,O,I
Die pleistozäne Vereisungsgrenze im südlichen Niedersachsen und im östlichen Westfalen,B,title,I
. – ,O,O,I
Mitt. geol. Inst. Univ. Hannover,B,source,I
", ",O,O,I
33,B,volume,I
: 161 S.; ,O,O,I
Hannover,B,other,I
".
",O,O,I
KNOTH,B,author,B
", ",I,author,I
W,I,author,I
. (,O,O,I
1964,B,year,I
): ,O,O,I
Zur Kenntnis der pleistozänen Mittelterrassen der Saale und Mulde nördlich Halle,B,title,I
. – ,O,O,I
Geologie,B,source,I
", ",O,O,I
13,B,volume,I
: ,O,O,I
599,B,fpage,I
-,O,O,I
616,B,lpage,I
; ,O,O,I
Berlin,B,other,I
".
",O,O,I
KNOTH,B,author,B
", ",I,author,I
W,I,author,I
. (,O,O,I
1995,B,year,I
): ,O,O,I
Sachsen-Anhalt,B,title,I
. – In: ,O,O,I
"BENDA, L.",B,editor,I
 (Hrsg): ,O,O,I
Das Quartär Deutschlands,B,source,I
: ,O,O,I
148,B,fpage,I
-,O,O,I
170,B,lpage,I
; ,O,O,I
Berlin,B,other,I
".
",O,O,I
KOENIGSWALD,B,author,B
", ",I,author,I
W. von,I,author,I
 (,O,O,I
1972,B,year,I
): ,O,O,I
"Sudmerberg-2, eine Fauna des frühen Mittelpleistozäns aus dem Harz",B,title,I
. – ,O,O,I
"N. Jb. Geol. Paläont., Abh.",B,source,I
", ",O,O,I
141,B,volume,I
", (",O,O,I
2,B,issue,I
): ,O,O,I
194,B,fpage,I
-,O,O,I
221,B,lpage,I
; ,O,O,I
Stuttgart,B,other,I
".
",O,O,I
KOENIGSWALD,B,author,B
", ",I,author,I
W. von,I,author,I
 & ,O,O,I
HEINRICH,B,author,I
", ",I,author,I
W.-D.,I,author,I
 (,O,O,I
1998,B,year,I
): ,O,O,I
Säugetierstratigraphische Gliederung im Mittelpleistozäns in Korrelation zu den nordischen Verisungen,B,title,I
. – In: ,O,O,I
"FELDMANN, L.",B,editor,I
", ",O,O,I
"BENDA, L.",B,editor,I
 & ,O,O,I
"LOOK, E.-R.",B,editor,I
 (Hrsg.): ,O,O,I
"50 Jahre DEUQUA, 50 Jahre Forschung in Eiszeitalter und Gegenwart. – Kurzfass. Vorträge u. Poster, DEUQUA-Tagung Hannover",B,source,I
 ,O,O,I
1998,B,volume,I
: ,O,O,I
37,B,fpage,I
-,O,O,I
38,B,lpage,I
; ,O,O,I
Hannover,B,other,I
".
",O,O,I
LOOK,B,author,B
", ",I,author,I
E.-R.,I,author,I
 (,O,O,I
1984,B,year,I
): ,O,O,I
Geologische Wanderkarte 1:100.000,B,title,I
. – ,O,O,I
Hannover,B,other,I
" (NLfB).
",O,O,I
LUDWIG,B,author,B
", ",I,author,I
A,I,author,I
. (,O,O,I
1958,B,year,I
): ,O,O,I
Beobachtungen im Pleistozän des nordöstlichen Harzvorlandes,B,title,I
. – ,O,O,I
Geologie,B,source,I
", ",O,O,I
7,B,volume,I
: ,O,O,I
769,B,fpage,I
-,O,O,I
793,B,lpage,I
; ,O,O,I
Berlin,B,other,I
".
",O,O,I
LÜTTIG,B,author,B
", ",I,author,I
G,I,author,I
. (,O,O,I
1954,B,year,I
): ,O,O,I
Alt- und mittelpleistozäne Eisrandlagen zwischen Harz und Weser,B,title,I
. – ,O,O,I
Geol. Jb.,B,source,I
", ",O,O,I
70,B,volume,I
: ,O,O,I
43,B,fpage,I
-,O,O,I
125,B,lpage,I
; ,O,O,I
Hannover,B,other,I
".
",O,O,I
LÜTTIG,B,author,B
", ",I,author,I
G,I,author,I
. (,O,O,I
1958,B,year,I
): ,O,O,I
Heisterbergphase und Vollgliederung des Drenthe-Stadiums,B,title,I
. – ,O,O,I
Geol. Jb.,B,source,I
", ",O,O,I
75,B,volume,I
: ,O,O,I
419,B,fpage,I
-,O,O,I
430,B,lpage,I
; ,O,O,I
Hannover,B,other,I
".
",O,O,I
LÜTTIG,B,author,B
", ",I,author,I
G,I,author,I
. (,O,O,I
1960,B,year,I
): ,O,O,I
Neue Ergebnisse quartär-geologischer Forschung im Raume Alfeld-Hameln-Elze,B,title,I
. – ,O,O,I
Geol. Jb.,B,source,I
", ",O,O,I
77,B,volume,I
: ,O,O,I
337,B,fpage,I
-,O,O,I
390,B,lpage,I
; ,O,O,I
Hannover,B,other,I
".
",O,O,I
LÜTTIG,B,author,B
", ",I,author,I
G,I,author,I
. (,O,O,I
1964,B,year,I
): ,O,O,I
Prinzipielles zur Quartär-Stratigraphie,B,title,I
. – ,O,O,I
Geol. Jb.,B,source,I
", ",O,O,I
82,B,volume,I
:,O,O,I
177,B,fpage,I
-,O,O,I
202,B,lpage,I
; ,O,O,I
Hannover,B,other,I
".
",O,O,I
MANIA,B,author,B
", ",I,author,I
D,I,author,I
. (,O,O,I
1967,B,year,I
): ,O,O,I
Das Quartär der Ascherslebener Depression im Harzvorland,B,title,I
. – ,O,O,I
Hercynia,B,source,I
", ",O,O,I
4,B,volume,I
: ,O,O,I
51,B,fpage,I
-,O,O,I
82,B,lpage,I
; ,O,O,I
Leipzig,B,other,I
".
",O,O,I
MARRIOTT,B,author,B
", ",I,author,I
S. B.,I,author,I
 (,O,O,I
1999,B,year,I
): ,O,O,I
The use of models in the interpretation of the eﬀects of base-level change on alluvial architecture,B,title,I
. – ,O,O,I
Spec. Pupl. int. Ass. Sediment.,B,source,I
", ",O,O,I
28,B,volume,I
: ,O,O,I
271,B,fpage,I
-,O,O,I
281,B,lpage,I
" [Ort unbekannt].
",O,O,I
PAUL,B,author,B
", ",I,author,I
J,I,author,I
. (,O,O,I
1993,B,year,I
): ,O,O,I
Anatomie und Entwicklung eines permo-triassischen Hochgebietes: die Eichsfeld-Altmark-Schwelle,B,title,I
. – ,O,O,I
"Geol. Jb., A",B,source,I
 ,O,O,I
131,B,volume,I
: ,O,O,I
197,B,fpage,I
-,O,O,I
218,B,lpage,I
; ,O,O,I
Hannover,B,other,I
".
",O,O,I
PILGER,B,author,B
", ",I,author,I
A,I,author,I
. (,O,O,I
1991,B,year,I
) ,O,O,I
mit Beiträgen von,B,other,I
 ,O,O,I
MOCHA,B,author,I
", ",I,author,I
P,I,author,I
"., ",O,O,I
PETZOLD,B,author,I
", ",I,author,I
B,I,author,I
. & ,O,O,I
RÖSLER,B,author,I
", ",I,author,I
A,I,author,I
.: ,O,O,I
Die nordischen Gletscher am nordwestlichen Harzrand und ihre Stauseen,B,title,I
. – ,O,O,I
Clausthaler geol. Abh.,B,source,I
", ",O,O,I
48,B,volume,I
: 159 S.; ,O,O,I
Köln,B,other,I
".
",O,O,I
PREUL,B,author,B
", ",I,author,I
F,I,author,I
. (,O,O,I
1968,B,year,I
): ,O,O,I
Die Subrosion am Salzstock von Salzgitter-Lebenstedt,B,title,I
. – ,O,O,I
Geol. Jb.,B,source,I
", ",O,O,I
85,B,volume,I
: ,O,O,I
809,B,fpage,I
-,O,O,I
816,B,lpage,I
; ,O,O,I
Hannover,B,other,I
".
",O,O,I
RAUSCH,B,author,B
", ",I,author,I
M,I,author,I
. (,O,O,I
1977,B,year,I
): ,O,O,I
"Fluß-, Schmelzwasser- und Soliﬂuktionsablagerungen im Terrassengebiet der Leine und Innerste - ein Beitrag zur pleistozänen Flußgeschichte Südniedersachsens",B,title,I
. – ,O,O,I
Mitt. geol. Inst. Univ. Hannover,B,source,I
", ",O,O,I
14,B,volume,I
: 84 S.; ,O,O,I
Hannover,B,other,I
".
",O,O,I
ROHDENBURG,B,author,B
", ",I,author,I
H,I,author,I
. & ,O,O,I
MEYER,B,author,I
", ",I,author,I
B,I,author,I
. (,O,O,I
1966,B,year,I
): ,O,O,I
Zur Feinstratigraphie und Paläopedologie des Jungpleistozäns nach Untersuchungen an südniedersächsischen und nordhessischen Lößproﬁlen,B,title,I
. – ,O,O,I
Mitt. dt. bodenkdl. Ges.,B,source,I
", ",O,O,I
5,B,volume,I
: ,O,O,I
1,B,fpage,I
-,O,O,I
135,B,lpage,I
; ,O,O,I
Göttingen,B,other,I
".
",O,O,I
ROSENBERGER,B,author,B
", ",I,author,I
G,I,author,I
. & ,O,O,I
ALTERMANN,B,author,I
", ",I,author,I
M,I,author,I
. (,O,O,I
1975,B,year,I
): ,O,O,I
Ein Pleistozänproﬁl aus dem nördlichen Harzvorland,B,title,I
. – ,O,O,I
Z. geol. Wiss.,B,source,I
", ",O,O,I
3,B,volume,I
: ,O,O,I
1617,B,fpage,I
-,O,O,I
1621,B,lpage,I
; ,O,O,I
Berlin,B,other,I
".
",O,O,I
RUSKE,B,author,B
", ",I,author,I
R,I,author,I
. (,O,O,I
1963,B,year,I
): ,O,O,I
Zur Entstehung des Gewässernetzes in der Umgebung von Halle/Saale,B,title,I
. – ,O,O,I
Hercynia. N. F.,B,source,I
", ",O,O,I
1,B,volume,I
: ,O,O,I
40,B,fpage,I
-,O,O,I
50,B,lpage,I
; ,O,O,I
Leipzig,B,other,I
".
",O,O,I
RUSKE,B,author,B
", ",I,author,I
R,I,author,I
. (,O,O,I
1964,B,year,I
): ,O,O,I
"Das Pleistozän zwischen Halle (a.d.S.), Bernburg und Dessau",B,title,I
. – ,O,O,I
Geologie,B,source,I
", ",O,O,I
13,B,volume,I
: ,O,O,I
570,B,fpage,I
-,O,O,I
597,B,lpage,I
; ,O,O,I
Berlin,B,other,I
".
",O,O,I
RUSKE,B,author,B
", ",I,author,I
R,I,author,I
. (,O,O,I
1965,B,year,I
): ,O,O,I
Zur Gliederung der Holstein- und Saalezeit im östlichen Harzvorland,B,title,I
. – ,O,O,I
Eiszeitalter u. Gegenwart,B,source,I
", ",O,O,I
16,B,volume,I
: ,O,O,I
88,B,fpage,I
-,O,O,I
96,B,lpage,I
;,O,O,I
Öhringen/Württ,B,other,I
".
",O,O,I
SCHROEDER,B,author,B
", ",I,author,I
H,I,author,I
. (,O,O,I
1919,B,year,I
): ,O,O,I
"Süßwasserkalke, Hercynschotter und Glazialbildungen am Huy und Fallstein",B,title,I
. – ,O,O,I
Jb. preuß. geol. L.-Anst.,B,source,I
", ",O,O,I
40,B,volume,I
 (,O,O,I
2,B,issue,I
): ,O,O,I
1,B,fpage,I
-,O,O,I
45,B,lpage,I
; ,O,O,I
Berlin,B,other,I
 [,O,O,I
1922,B,year,I
"].
",O,O,I
SCHROEDER,B,author,B
", ",I,author,I
H,I,author,I
. (,O,O,I
1930,B,year,I
): ,O,O,I
Geologische Übersichtskarte der subherzynen Kreidemulde 1:100.000. – 1 Kt.,B,title,I
; ,O,O,I
Berlin,B,other,I
".
",O,O,I
SPREITZER,B,author,B
", ",I,author,I
H,I,author,I
. (,O,O,I
1931,B,year,I
): ,O,O,I
Die Talgeschichte und Oberﬂächengestaltung im Flußgebiet der Innerste,B,title,I
. – ,O,O,I
Jb. geogr. Ges. Hannover,B,source,I
", ",O,O,I
1931,B,volume,I
: 115 S.; ,O,O,I
Hannover,B,other,I
".
",O,O,I
STEINER,B,author,B
", ",I,author,I
W,I,author,I
. (,O,O,I
1957,B,year,I
): ,O,O,I
Spuren der Eiszeit im Huy,B,title,I
.- ,O,O,I
Wissen u. Leben,B,source,I
", ",O,O,I
12,B,volume,I
: ,O,O,I
923,B,fpage,I
-,O,O,I
925,B,lpage,I
; ,O,O,I
Stuttgart,B,other,I
".
",O,O,I
TRAUPE,B,author,B
", ",I,author,I
J,I,author,I
. (,O,O,I
1990,B,year,I
): ,O,O,I
"Hydrogeologische und ingenieurgeologische Untersuchungen der Deponie Leinde der Stahlwerke Peine-Salzgitter AG bei Leinde, Südost-Niedersachsen",B,title,I
". – Dipl.-Arb. TU Clausthal: 104 S., 133 Anl.; ",O,O,I
Clausthal-Zellerfeld,B,other,I
" [unveröﬀ.].
",O,O,I
URBAN,B,author,B
", ",I,author,I
B,I,author,I
. (,O,O,I
1991,B,year,I
): ,O,O,I
"Zusammenfassung biostratigraphischer Ergebnisse holstein- und saalezeitlicher Vorkommen im Tagebau Schöningen, Ldkrs. Helmstedt",B,title,I
. – ,O,O,I
Sonderveröﬀ. geol. Inst. Univ. Köln,B,source,I
", ",O,O,I
82,B,volume,I
: ,O,O,I
329,B,fpage,I
-,O,O,I
342,B,lpage,I
; ,O,O,I
Köln,B,other,I
".
",O,O,I
VANDENBERGHE,B,author,B
", ",I,author,I
J,I,author,I
. (,O,O,I
1993,B,year,I
): ,O,O,I
Changing ﬂuvial processes under changing periglacial conditions,B,title,I
. – ,O,O,I
"Z. f. Geomorph N. F., Suppl.-Bd.",B,source,I
 ,O,O,I
88,B,volume,I
: ,O,O,I
17,B,fpage,I
-,O,O,I
28,B,lpage,I
; ,O,O,I
"Berlin, Stuttgart",B,other,I
".
",O,O,I
WAGENBRETH,B,author,B
", ",I,author,I
O,I,author,I
. (,O,O,I
1970,B,year,I
): ,O,O,I
Beobachtungen und Probleme im Quartär des Salzsattels von Staßfurt – Egeln – Oschersleben und seiner Randsenken,B,title,I
. – ,O,O,I
Geologie,B,source,I
", ",O,O,I
19,B,volume,I
: ,O,O,I
412,B,fpage,I
-,O,O,I
433,B,lpage,I
; ,O,O,I
Berlin,B,other,I
".
",O,O,I
WEISSERMEL,B,author,B
", ",I,author,I
W,I,author,I
. (,O,O,I
1926,B,year,I
): ,O,O,I
"Erläuterungen zur Geologischen Karte von Preußen und benachbarten deutschen Ländern, Bl. Wegeleben",B,title,I
. – 54 S.; ,O,O,I
Berlin,B,other,I
".
",O,O,I
WEISSERMEL,B,author,B
", ",I,author,I
W,I,author,I
. (,O,O,I
1930,B,year,I
): ,O,O,I
Zur Stratigraphie und Tektonik des östlichen Teiles der Subhercynen Mulde und ihrer nordöstlichen Nachbargebiete: I. Das Diluvium und seine Stellung im norddeutschen Gesamtdiluvium,B,title,I
. – ,O,O,I
"Abh. preuß. geol. L.-Anst., N.F.",B,source,I
", ",O,O,I
125,B,volume,I
: 93 S.; ,O,O,I
Berlin,B,other,I
".
",O,O,I
WEISSERMEL,B,author,B
", ",I,author,I
W,I,author,I
"., ",O,O,I
GRUPE,B,author,I
", ",I,author,I
O,I,author,I
"., ",O,O,I
DAHLGRÜN,B,author,I
", ",I,author,I
F,I,author,I
. & ,O,O,I
SCHRIEL,B,author,I
", ",I,author,I
W,I,author,I
. (,O,O,I
1932,B,year,I
): ,O,O,I
Zum Problem des Harzranddiluviums,B,title,I
. – ,O,O,I
Z. dt. geol. Ges.,B,source,I
", ",O,O,I
84,B,volume,I
: ,O,O,I
173,B,fpage,I
-,O,O,I
192,B,lpage,I
; ,O,O,I
Berlin,B,other,I
".
",O,O,I
WEYMANN,B,author,B
",",I,author,I
 H.-J.,I,author,I
 (,O,O,I
2004,B,year,I
): ,O,O,I
"Die mittelpleistozäne Flußentwicklung im nordöstlichen Harzvorland – Petrographie, Terrassenstratigraphie",B,title,I
. – ,O,O,I
Geol. Beitr. Hannover,B,source,I
", ",O,O,I
6,B,volume,I
: 116 S.; ,O,O,I
Hannover,B,other,I
". 
",O,O,I
WOLDSTEDT,B,author,B
", ",I,author,I
P,I,author,I
. (,O,O,I
1928,B,year,I
): ,O,O,I
Über eine Innerste-Terrasse zwischen Derneburg und Broistedt,B,title,I
. – ,O,O,I
Jber. niedersächs. geol. Ver.,B,source,I
", ",O,O,I
21,B,volume,I
: ,O,O,I
1,B,fpage,I
-,O,O,I
9,B,lpage,I
; ,O,O,I
Hannover,B,other,I
.,O,O,I
