token,tag,label,ref
ANRICK,B,author,B
", ",I,author,I
C. J.,I,author,I
: ,O,O,I
Karta över Sveriges äkerareal,B,title,I
. ,O,O,I
Stockholm,B,other,I
", ",O,O,I
Akad. Avhandling,B,publisher,I
 ,O,O,I
1921,B,year,I
".
",O,O,I
Die Bundesrepublik Deutschland in Karten,B,title,B
", hrsg. vom ",O,O,I
Statistischen Bundesamt,B,editor,I
 (,O,O,I
Wiesbaden,B,other,I
"), ",O,O,I
Institut für Landeskunde und Institut für Raumforschung,B,editor,I
 (,O,O,I
Bad Godesberg,B,other,I
). ,O,O,I
Mainz,B,other,I
", ",O,O,I
W. Kohlhammer Verl.,B,publisher,I
", ",O,O,I
1966,B,year,I
ff,B,other,I
".
",O,O,I
TROLL,B,author,B
", ",I,author,I
C,I,author,I
.: ,O,O,I
The International Map of the World on the Millionth Scale and its Fundamental Importance in Geography,B,title,I
. ,O,O,I
"U.N. Technical Conference on the Int. Map of the World etc. Bonn 3 to 22 August, 1962",B,source,I
", ",O,O,I
Frankfurt,B,other,I
 ,O,O,I
1962,B,year,I
", S. ",O,O,I
9,B,fpage,I
—,O,O,I
11,B,lpage,I
".
",O,O,I
KAYSER,B,author,B
", ",I,author,I
K,I,author,I
"., ",O,O,I
W,B,author,I
. ,I,author,I
MANSHARD,I,author,I
", ",O,O,I
H,B,author,I
. ,I,author,I
MENSCHING,I,author,I
", ",O,O,I
J. H.,B,author,I
 ,I,author,I
SCHULTZE,I,author,I
: ,O,O,I
Das Afrika-Kartenwerk. Ein Schwerpunktprogramm der Deutschen Forschungsgemeinschaft,B,title,I
. ,O,O,I
Die Erde,B,source,I
 ,O,O,I
97,B,volume,I
 (,O,O,I
1966,B,year,I
"), S. ",O,O,I
85,B,fpage,I
—,O,O,I
95,B,lpage,I
.,O,O,I
