token,tag,label,ref
Arizona Department of Water Resources,B,editor,B
 (ed.) ,O,O,I
1996,B,year,I
: ,O,O,I
Hydrographie Survey Report for the Gila River Indian Reservation. Watershed File Report No. L8-58-001. In Re The General Adjudication of the Gila River System and Source,B,title,I
.- ,O,O,I
"Phoenix, Ariz",B,other,I
". 
",O,O,I
Burton,B,author,B
", ",I,author,I
L,I,author,I
. ,O,O,I
1991,B,year,I
: ,O,O,I
American Indian Water Rights and the Limits of Law,B,title,I
.- In: ,O,O,I
"Lawrence, K.",B,editor,I
 ,O,O,I
E. Checchio,B,editor,I
 and ,O,O,I
B.G. Colby,B,editor,I
 ,O,O,I
1993,B,year,I
: ,O,O,I
Indian Water Rights: Negotiating the Future,B,source,I
.- ,O,O,I
"Tucson, Ariz",B,other,I
". 
",O,O,I
Collins,B,author,B
", ",I,author,I
R.B.,I,author,I
 ,O,O,I
1985,B,year,I
: ,O,O,I
The Future Course of the Winters Doctrine,B,title,I
.- ,O,O,I
Univ. of Col. Law Rev.,B,source,I
 ,O,O,I
56,B,volume,I
 (,O,O,I
3,B,issue,I
): ,O,O,I
481,B,fpage,I
-,O,O,I
494,B,lpage,I
"
",O,O,I
Comeaux,B,author,B
", ",I,author,I
M.L.,I,author,I
 ,O,O,I
1991,B,year,I
: ,O,O,I
Creating Indian Lands: the Boundary of the Salt River Indian Community,B,title,I
. - ,O,O,I
J.of Hist. Geography,B,source,I
: ,O,O,I
17,B,volume,I
 (,O,O,I
3,B,issue,I
): ,O,O,I
241,B,fpage,I
-,O,O,I
256,B,lpage,I
" 
",O,O,I
"Gila River Indian Community u. EcoPlan Associates, Inc.",B,editor,B
 (eds.) ,O,O,I
1997,B,year,I
: ,O,O,I
Final Programmatic Environmental Impact Statement. Pima-Maricopa Irrigation Project,B,title,I
.- ,O,O,I
"Phoenix, Ariz.",B,other,I
"
",O,O,I
Humlum,B,author,B
", ",I,author,I
J,I,author,I
. ,O,O,I
1969,B,year,I
: ,O,O,I
Water Development and Water Planning in the Southwestern United States,B,title,I
.- ,O,O,I
Arhus,B,other,I
"
",O,O,I
Lieder,B,author,B
", ",I,author,I
M,I,author,I
. ,O,O,I
1983,B,year,I
: ,O,O,I
Adjudication of Indian Water Rights under the Mc Carran Amendment: Two Courts are better than one,B,title,I
.- ,O,O,I
Georgetown Law J.,B,source,I
 ,O,O,I
71,B,volume,I
 (,O,O,I
3,B,issue,I
): ,O,O,I
1023,B,fpage,I
-,O,O,I
1061,B,lpage,I
"
",O,O,I
Mc Cool,B,author,B
", ",I,author,I
D,I,author,I
. ,O,O,I
1981,B,year,I
: ,O,O,I
"Indian Water Rights, the Central Arizona Project and Water Policy in the Lower Colorado River Basin",B,title,I
.- ,O,O,I
J. of Energy Law and Policy,B,source,I
 ,O,O,I
2,B,volume,I
 (,O,O,I
2,B,issue,I
): ,O,O,I
107,B,fpage,I
-,O,O,I
121,B,lpage,I
"
",O,O,I
McGovern,B,author,B
", ",I,author,I
G,I,author,I
. ,O,O,I
1994,B,year,I
: ,O,O,I
Settlement or Adjudication: Resolving Indian reserved Rights,B,title,I
.- ,O,O,I
Ariz. Law Rev.,B,source,I
 ,O,O,I
36,B,volume,I
 (,O,O,I
1,B,issue,I
): ,O,O,I
195,B,fpage,I
-,O,O,I
222,B,lpage,I
"
",O,O,I
Membrino,B,author,B
", ",I,author,I
J.R.,I,author,I
 ,O,O,I
1992,B,year,I
: ,O,O,I
"Indian reserved Water Rights, Federalism and the Trust Responsibility",B,title,I
.- ,O,O,I
Land and Water Law Rev.,B,source,I
 ,O,O,I
27,B,volume,I
 (,O,O,I
1,B,issue,I
): ,O,O,I
1,B,fpage,I
-,O,O,I
31,B,lpage,I
" 
",O,O,I
Rogers,B,author,B
", ",I,author,I
P,I,author,I
. ,O,O,I
1993,B,year,I
 ,O,O,I
America’s Water. Federal Roles and Responsibilities,B,title,I
.- ,O,O,I
"Cambridge, Mass.",B,other,I
" 
",O,O,I
Sommer,B,author,B
", ",I,author,I
K.A.,I,author,I
 ,O,O,I
1983,B,year,I
: ,O,O,I
Ninth Circuit rules that Disclaimer States lack Jurisdiction over Indian Water Rights under the Mc Carran Amendment,B,title,I
. - ,O,O,I
Nat. Res. J.,B,source,I
 ,O,O,I
23,B,volume,I
 (,O,O,I
1,B,issue,I
): ,O,O,I
255,B,fpage,I
-,O,O,I
267,B,lpage,I
"
",O,O,I
Starler,B,author,B
", ",I,author,I
N.H.,I,author,I
 and ,O,O,I
K.G.,B,author,I
 ,I,author,I
Maxey,I,author,I
 ,O,O,I
1993,B,year,I
: ,O,O,I
"Equity, Liability, and the Salt River Settlement",B,title,I
. In: ,O,O,I
"McGuire, Th.R.",B,editor,I
", ",O,O,I
W.B. Lord,B,editor,I
 and ,O,O,I
M.G. Wallace,B,editor,I
 (eds.): ,O,O,I
Indian Water in the New West.,B,source,I
- ,O,O,I
"Tucson, Ariz.",B,other,I
"
",O,O,I
Storey,B,author,B
", ",I,author,I
L.H.,I,author,I
 ,O,O,I
1988,B,year,I
: ,O,O,I
Leasing Indian Water off the Reservation: A Use consistent with the Reservation’s Purpose,B,title,I
.- ,O,O,I
Cal. Law Rev.,B,source,I
76,B,volume,I
 (,O,O,I
1,B,issue,I
): ,O,O,I
179,B,fpage,I
-,O,O,I
220,B,lpage,I
" 
",O,O,I
"Struckmeyer, Jr.",B,author,B
", ",I,author,I
F.C.,I,author,I
 and ,O,O,I
J.E.,B,author,I
 ,I,author,I
Butler,I,author,I
", LL.B. ",O,O,I
1960,B,year,I
: ,O,O,I
A Review of Rights in Water - Arizona,B,title,I
.- ,O,O,I
"Phoenix, Ariz.",B,other,I
"
",O,O,I
Swan,B,author,B
", ",I,author,I
W.H.,I,author,I
 ,O,O,I
1993,B,year,I
: ,O,O,I
The Salt River Pima-Maricopa Settlement: An OverView,B,title,I
.- In: ,O,O,I
"McGuire, Th.R.",B,editor,I
", ",O,O,I
W. B. Lord,B,editor,I
 and ,O,O,I
M.G. Wallace,B,editor,I
 (eds.): ,O,O,I
Indian Water in the New West,B,source,I
.- ,O,O,I
"Tucson, Ariz.",B,other,I
"
",O,O,I
U.S. Congress,B,editor,B
 (ed.) ,O,O,I
1988,B,year,I
: ,O,O,I
The Salt River Pima - Maricopa Indian Community Water Rights Settlement Act of 1988,B,title,I
.- ,O,O,I
"Washington, D.C.",B,other,I
"
",O,O,I
U.S. Congress,B,editor,B
 (ed.) ,O,O,I
1990,B,year,I
: ,O,O,I
The Fort McDowell Indian Community Water Rights Settlement of 1990,B,title,I
.- ,O,O,I
"Washington, D.C.",B,other,I
"
",O,O,I
Wehmeier,B,author,B
", ",I,author,I
E,I,author,I
. ,O,O,I
1975,B,year,I
: ,O,O,I
"Die Bewässerungsoase Phoenix, Arizona",B,title,I
.- ,O,O,I
Stuttgarter Geogr. Studien,B,source,I
 ,O,O,I
89,B,volume,I
" 
",O,O,I
Wehmeier,B,author,B
", ",I,author,I
E,I,author,I
. ,O,O,I
1980,B,year,I
: ,O,O,I
"The Salt River Project (SRP), Central Arizona and the Area of Greater Phoenix - a Study in Urbanization and Trends of Water Consumption",B,title,I
.- ,O,O,I
Geoforum,B,source,I
 ,O,O,I
11,B,volume,I
: ,O,O,I
107,B,fpage,I
-,O,O,I
121,B,lpage,I
"
",O,O,I
"Decision and Decree, No 4564 (Hurley against Abbott)",B,title,B
 ,O,O,I
1910,B,year,I
: ,O,O,I
"In the District Court of the Third Judicial District of the Territory of Arizona, in and for the County of Maricopa",B,editor,I
", ",O,O,I
Phoenix,B,other,I
".
",O,O,I
"In the District Court of the United States, in and for the District of Arizona",B,editor,B
 ,O,O,I
1935,B,year,I
: ,O,O,I
"Globe Equity Decree No.59 (The U. S. v. Gila Valley Irrigation District, et al.)",B,title,I
", ",O,O,I
"Washington, D.C.",B,other,I
"
",O,O,I
"State of Arizona, Department of State",B,editor,B
 (ed.) diverse Jahrgänge: ,O,O,I
"Arizona Revised Statutes, Annotated",B,title,I
".
",O,O,I
U.S. House of Representatives,B,editor,B
 (ed.) diverse Jahrgänge: ,O,O,I
The United States Code,B,title,I
.,O,O,I
