token,tag,label,ref
KARMON,B,author,B
", ",I,author,I
Y,I,author,I
.: ,O,O,I
A Geography of Settlement in Eastern Nigeria,B,title,I
. ,O,O,I
Scripta Hierosolymitana,B,source,I
 ,O,O,I
15,B,issue,I
", ",O,O,I
2.Jerusalem,B,other,I
 ,O,O,I
1966,B,year,I
".
",O,O,I
UDO,B,author,B
", ",I,author,I
R. K.,I,author,I
: ,O,O,I
Disintegration of Nucleated Settlement in Eastern Nigeria,B,title,I
. ,O,O,I
Geogr. Rev.,B,source,I
 ,O,O,I
55,B,volume,I
 (,O,O,I
1965,B,year,I
"), S. ",O,O,I
53,B,fpage,I
—,O,O,I
67,B,lpage,I
.,O,O,I
