token,tag,label,ref
Autrement,B,editor,B
 (Hrsg.) ,O,O,I
1994,B,year,I
: ,O,O,I
"Pays du Sahel. Du Tchad au Sénégal, du Mali au Niger",B,title,I
. - ,O,O,I
Série Monde,B,source,I
 ,O,O,I
72,B,volume,I
. - ,O,O,I
Paris,B,other,I
"
",O,O,I
Banque Mondiale,B,editor,B
 ,O,O,I
1989,B,year,I
: ,O,O,I
L’Afrique subsaharienne. De la crise à une croissance durable. Etude de prospective à long terme,B,title,I
. - ,O,O,I
Washington,B,other,I
"
",O,O,I
Bierschenk,B,author,B
", ",I,author,I
T,I,author,I
"., ",O,O,I
G,B,author,I
. ,I,author,I
Elwert,I,author,I
 und ,O,O,I
D,B,author,I
. ,I,author,I
Kohnert,I,author,I
 ,O,O,I
1991,B,year,I
: ,O,O,I
Langzeitfolgen der Entwicklungshilfe. Empirische Untersuchungen im ländlichen Westafrika,B,title,I
. - ,O,O,I
Afrika Spectrum,B,source,I
 ,O,O,I
26,B,volume,I
 (,O,O,I
2,B,issue,I
): ,O,O,I
155,B,fpage,I
-,O,O,I
180,B,lpage,I
"
",O,O,I
Blenck,B,author,B
", ",I,author,I
J,I,author,I
"., ",O,O,I
S,B,author,I
. ,I,author,I
Tröger,I,author,I
 und ,O,O,I
S,B,author,I
. ,I,author,I
Wingwiri,I,author,I
 ,O,O,I
1985,B,year,I
: ,O,O,I
Geographische Entwicklungsforschung und Verflechtungsanalyse,B,title,I
. - ,O,O,I
Zeitschrift für Wirtschaftsgeographie,B,source,I
 ,O,O,I
29,B,volume,I
 (,O,O,I
2,B,issue,I
): ,O,O,I
65,B,fpage,I
-,O,O,I
72,B,lpage,I
"
",O,O,I
Chambers,B,author,B
", ",I,author,I
R,I,author,I
. ,O,O,I
1994,B,year,I
. ,O,O,I
"Participatory Rural Appraisal PRA. Analysis of Experience, Potentials and Paradigm",B,title,I
. - ,O,O,I
World Development,B,source,I
 ,O,O,I
22,B,volume,I
 (,O,O,I
9,B,issue,I
): ,O,O,I
1253,B,fpage,I
-,O,O,I
1268,B,lpage,I
 and (,O,O,I
10,B,issue,I
): ,O,O,I
1437,B,fpage,I
-,O,O,I
1454,B,lpage,I
"
",O,O,I
Club du Sahel,B,editor,B
 ,O,O,I
1995,B,year,I
: ,O,O,I
West Africa Long Term Perspectives. Regional Opportunities and Policy Issues. Perspectives à long terme en Afrique de l’Ouest. Une réflexion régionale sur les politiques de développement,B,title,I
. - ,O,O,I
Paris,B,other,I
"
",O,O,I
Dei,B,author,B
", ",I,author,I
G.J.S.,I,author,I
 ,O,O,I
1993,B,year,I
: ,O,O,I
Sustainable Development in the African Context. Revisiting Some Theoretical and Methodological Issues,B,title,I
. - ,O,O,I
Africa Development,B,source,I
 ,O,O,I
18,B,volume,I
 (,O,O,I
2,B,issue,I
): ,O,O,I
97,B,fpage,I
-,O,O,I
110,B,lpage,I
"
",O,O,I
Dumont,B,author,B
", ",I,author,I
R,I,author,I
. ,O,O,I
1962,B,year,I
: ,O,O,I
L’Afrique noire est mal partie,B,title,I
. - ,O,O,I
Paris,B,other,I
"
",O,O,I
Dumont,B,author,B
", ",I,author,I
R,I,author,I
. ,O,O,I
1986,B,year,I
: ,O,O,I
"Pour l’Afrique, j’accuse. Le journal d’un agronome au Sahel en voie de destruction",B,title,I
. - ,O,O,I
Paris,B,other,I
"
",O,O,I
Elwert,B,author,B
", ",I,author,I
G,I,author,I
. ,O,O,I
1985,B,year,I
: ,O,O,I
Überlebensökonomien und Verflechtungsanalyse,B,title,I
. - ,O,O,I
Zeitschrift für Wirtschaftsgeographie,B,source,I
 ,O,O,I
29,B,volume,I
 (,O,O,I
2,B,issue,I
): ,O,O,I
73,B,fpage,I
-,O,O,I
84,B,lpage,I
"
",O,O,I
ENDA GRAF Sahel,B,editor,B
 ,O,O,I
1993,B,year,I
: ,O,O,I
"La ressource humaine, avenir des terroirs. Recherches paysannes au Sénégal. Environnement et Développement Africain",B,title,I
. - ,O,O,I
Dakar et Paris,B,other,I
"
",O,O,I
Fino,B,author,B
", ",I,author,I
D,I,author,I
. et ,O,O,I
Ghinet,B,author,I
", ",I,author,I
S,I,author,I
. ,O,O,I
1995,B,year,I
: ,O,O,I
Démarche d’appui institutionnel. De l’analyse des acteurs à un processus de renforcement institutionnel,B,title,I
. - ,O,O,I
IUED,B,publisher,I
 ,O,O,I
Genève,B,other,I
"
",O,O,I
Gado,B,author,B
", ",I,author,I
B.A.,I,author,I
", ",O,O,I
A,B,author,I
. ,I,author,I
Chalare,I,author,I
 et ,O,O,I
A,B,author,I
. ,I,author,I
Issa,I,author,I
 ,O,O,I
1994,B,year,I
: ,O,O,I
"Développement à la base et participation populaire au Sahel. - Discours et pratiques, Etudes et Recherches Sahéliennes",B,title,I
. - ,O,O,I
Niamey,B,other,I
"
",O,O,I
Giri,B,author,B
", ",I,author,I
J,I,author,I
. ,O,O,I
1989,B,year,I
: ,O,O,I
Le Sahel au XXIe siècle. Un essai de réflexion prospective sur les sociétés sahéliennes,B,title,I
. - ,O,O,I
Pairs,B,other,I
"
",O,O,I
Giri,B,author,B
", ",I,author,I
J,I,author,I
. ,O,O,I
1994,B,year,I
: ,O,O,I
Histoire économique du Sahel. Des empires à la colonisation,B,title,I
. - ,O,O,I
Paris,B,other,I
"
",O,O,I
Habermas,B,author,B
", ",I,author,I
J,I,author,I
. ,O,O,I
1981,B,year,I
: ,O,O,I
Theorie des kommunikativen Handelns,B,title,I
. - ,O,O,I
Frankfurt a.M.,B,other,I
"
",O,O,I
Hammer,B,author,B
", ",I,author,I
T,I,author,I
. ,O,O,I
1995,B,year,I
: ,O,O,I
Nachhaltige ländliche Entwicklung in Westafrika. Neue Forschungsperspektiven,B,title,I
. - In: ,O,O,I
"Sottas, B.",B,editor,I
 et ,O,O,I
L. Roost Vischer,B,editor,I
 (Hrsg.) ,O,O,I
1995,B,year,I
: ,O,O,I
L’Afrique part tous les matins. Stratégies pour dépasser le bricolage quotidien - Überleben im afrikanischen Alltag. Improvisationstechniken im ländlichen und städtischen Kontext,B,source,I
: ,O,O,I
379,B,fpage,I
-,O,O,I
392,B,lpage,I
. - ,O,O,I
Bern,B,other,I
"
",O,O,I
Hammer,B,author,B
", ",I,author,I
T,I,author,I
. ,O,O,I
1997,B,year,I
a: ,O,O,I
Aufbruch im Sahel. Fallstudien zur nachhaltigen ländlichen Entwicklung,B,title,I
.- ,O,O,I
Hamburg,B,other,I
"
",O,O,I
Hammer,B,author,B
", ",I,author,I
T,I,author,I
. ,O,O,I
1997,B,year,I
b: ,O,O,I
Raumplanung im Sahel. Landnutzungsplanung als Ausweg aus der sozio-ökologischen Krise?,B,title,I
 - In: ,O,O,I
"Sottas, B.",B,editor,I
", ",O,O,I
T. Hammer,B,editor,I
", ",O,O,I
L. Roost Vischer,B,editor,I
 und ,O,O,I
A. Mayor,B,editor,I
 (Hrsg.): ,O,O,I
Werkschau Afrikastudien - Le forum suisse des africanistes,B,source,I
: ,O,O,I
273,B,fpage,I
-,O,O,I
283,B,lpage,I
. - ,O,O,I
Hamburg,B,other,I
"
",O,O,I
Hammer,B,author,B
", ",I,author,I
T,I,author,I
. ,O,O,I
1998,B,year,I
: ,O,O,I
Erfolgsfaktoren ländlicher Entwicklungsstrategien im westafrikanischen Sahel,B,title,I
. - ,O,O,I
Zeitschrift für Wirtschaftsgeographie,B,source,I
 ,O,O,I
42,B,volume,I
(,O,O,I
1,B,issue,I
): ,O,O,I
11,B,fpage,I
-,O,O,I
21,B,lpage,I
"
",O,O,I
Hammer,B,author,B
", ",I,author,I
T,I,author,I
. ,O,O,I
1999,B,year,I
a: ,O,O,I
Sécurité alimentaire et gestion de ressources dans les pays du Sahel. Essai d’évaluation de la stratégie du CILSS,B,title,I
. - In: ,O,O,I
"Sottas, B.",B,editor,I
 et ,O,O,I
N. Stäuble-Tercier,B,editor,I
 (Hrsg.): ,O,O,I
Dilemmes alimentaires en Afrique. Constats et controverses,B,source,I
. - ,O,O,I
Paris,B,other,I
"
",O,O,I
Hammer,B,author,B
", ",I,author,I
T,I,author,I
. ,O,O,I
1999,B,year,I
b: ,O,O,I
Nachhaltige Entwicklung im Lebensraum Sahel. Ein Beitrag zur Strategietheorie nachhaltiger ländlicher Entwicklung,B,title,I
. - ,O,O,I
Hamburg,B,other,I
"
",O,O,I
Hochet,B,author,B
", ",I,author,I
A.-M.,I,author,I
 et ,O,O,I
Aliba,B,author,I
", ",I,author,I
N,I,author,I
. ,O,O,I
1995,B,year,I
: ,O,O,I
"Développement rural et méthodes participatives en Afrique. La Recherche-Action-Développement, une écoute, un engagement, une pratique",B,title,I
. - ,O,O,I
Paris,B,other,I
"
",O,O,I
Jacob,B,author,B
", ",I,author,I
J.-P.,I,author,I
 ,O,O,I
1991,B,year,I
: ,O,O,I
Entre décentralisation et désengagement. Principes et problèmes de l’autoorganisation paysanne en Afrique,B,title,I
. - In: ,O,O,I
Kwan Kaï Hong,B,editor,I
 (Hrsg.): ,O,O,I
Jeux et enjeux de l'autopromotion. Vers d'autres formes de doopération au développement,B,source,I
. - ,O,O,I
Paris et Geneve,B,other,I
: ,O,O,I
41,B,fpage,I
-,O,O,I
48,B,lpage,I
"
",O,O,I
Krings,B,author,B
", ",I,author,I
T,I,author,I
. ,O,O,I
1994,B,year,I
a: ,O,O,I
Theoretische Ansätze zur Erklärung der ökologischen Krise in der Sahelzone Afrikas,B,title,I
. - ,O,O,I
Zeitschrift für Wirtschaftsgeographie,B,source,I
 ,O,O,I
38,B,volume,I
 (,O,O,I
1-2,B,issue,I
): ,O,O,I
1,B,fpage,I
-,O,O,I
10,B,lpage,I
"
",O,O,I
Krings,B,author,B
", ",I,author,I
T,I,author,I
. ,O,O,I
1994,B,year,I
b: ,O,O,I
Probleme der Nachhaltigkeit in der Desertifikationsbekämpfung. Zwischenbilanz nach 20 Jahren Entwicklungszusammenarbeit im Sahel,B,title,I
. - ,O,O,I
Geographische Rundschau,B,source,I
 ,O,O,I
46,B,volume,I
 (,O,O,I
10,B,issue,I
): ,O,O,I
546,B,fpage,I
-,O,O,I
552,B,lpage,I
"
",O,O,I
Kwan Kaï Hong,B,editor,B
 (Hrsg.) ,O,O,I
1991,B,year,I
: ,O,O,I
Jeux et enjeux de l’auto-promotion. Vers d'autres formes de coopération au développement,B,title,I
. - ,O,O,I
Paris et Genève,B,other,I
"
",O,O,I
OCDE,B,editor,B
", ",O,O,I
Club du Sahel,B,editor,I
", ",O,O,I
BAD,B,editor,I
", ",O,O,I
CILSS,B,editor,I
 ,O,O,I
1994,B,year,I
: ,O,O,I
Pour préparer l’avenir de l’Afrique de l’Ouest. Une vision à l’horizon 2020. Synthèse de l’étude des perspectives à long terme en Afrique de l’Ouest,B,title,I
. - ,O,O,I
Abidjan et Paris,B,other,I
"
",O,O,I
OCDE,B,editor,B
", ",O,O,I
Club du Sahel,B,editor,I
", ",O,O,I
CILSS,B,editor,I
 ,O,O,I
1988,B,year,I
: ,O,O,I
Le Sahel face aux futurs. Dépendance croissante ou transformation structurelle. Etüde prospective des pays sahéliens 1985-2010,B,title,I
. - ,O,O,I
Paris,B,other,I
"
",O,O,I
Ouedraogo,B,author,B
", ",I,author,I
B.L.,I,author,I
 ,O,O,I
1990,B,year,I
: ,O,O,I
Entraide villageoise et développement. Groupements paysans au Burkina Faso,B,title,I
. - ,O,O,I
Paris,B,other,I
"
",O,O,I
"Pilz, B.",B,editor,B
 (Hrsg.) ,O,O,I
1992,B,year,I
: ,O,O,I
Zum Beispiel Selbsthilfe,B,title,I
. - ,O,O,I
Göttingen,B,other,I
"
",O,O,I
Rauch,B,author,B
", ",I,author,I
T,I,author,I
. ,O,O,I
1996,B,year,I
: ,O,O,I
"Ländliche Regionalentwicklung im Spannungsfeld zwischen Weltmarkt, Staatsmacht und kleinräumigen Strategien",B,title,I
. - ,O,O,I
Sozialwissenschaftliche Studien zu internationalen Problemen,B,source,I
 ,O,O,I
202,B,volume,I
. - ,O,O,I
Saarbrücken,B,other,I
"
",O,O,I
Rauch,B,author,B
", ",I,author,I
T,I,author,I
. und ,O,O,I
A,B,author,I
. ,I,author,I
Redder,I,author,I
 ,O,O,I
1987,B,year,I
: ,O,O,I
Autozentrierte Entwicklung in ressourcenarmen ländlichen Regionen durch kleinräumige Wirtschaftskreisläufe. Theorie und Methodik,B,title,I
. - ,O,O,I
DIE ERDE,B,source,I
 ,O,O,I
118,B,volume,I
 (,O,O,I
2,B,issue,I
): ,O,O,I
109,B,fpage,I
-,O,O,I
126,B,lpage,I
"
",O,O,I
Ritter,B,author,B
", ",I,author,I
W,I,author,I
. ,O,O,I
1994,B,year,I
: ,O,O,I
Welthandel. Geographische Strukturen und Umbrüche im internationalen Warenaustausch,B,title,I
. - ,O,O,I
Erträge der Forschung,B,source,I
 ,O,O,I
284,B,volume,I
. - ,O,O,I
Darmstadt,B,other,I
"
",O,O,I
"Schamp, E.W.",B,editor,B
 (Hrsg.) ,O,O,I
1989,B,year,I
: ,O,O,I
Der informelle Sektor. Geographische Perspektiven eines umstrittenen Konzepts,B,title,I
. - ,O,O,I
Aachen,B,other,I
"
",O,O,I
"Schamp, E.W.",B,editor,B
 (Hrsg.) ,O,O,I
1993,B,year,I
: ,O,O,I
African Small-scale Industries in Rural and Urban Environments. Challenges for Development,B,title,I
. - ,O,O,I
Frankfurter Wirtschafts- und Sozialgeographische Schriften,B,source,I
 ,O,O,I
63,B,volume,I
"
",O,O,I
Schmidt-Wulffen,B,author,B
", ",I,author,I
W.D.,I,author,I
 ,O,O,I
1985,B,year,I
: ,O,O,I
Dürre- und Hungerkatastrophen im Sahel,B,title,I
. - ,O,O,I
"Kasseler Schriften zur Geographie und Planung, Gesellschaft und Natur, Urbs et Regio",B,source,I
 ,O,O,I
37,B,volume,I
"
",O,O,I
"Schneider, H.",B,editor,B
 et ,O,O,I
"Libercier, M.-H.",B,editor,I
 (Hrsg.) ,O,O,I
1995,B,year,I
: ,O,O,I
"Mettre en oeuvre le développement participatif. - Séminaires du Centre de Développement CD, OCDE",B,title,I
. - ,O,O,I
Paris,B,other,I
"
",O,O,I
Scholz,B,author,B
", ",I,author,I
F,I,author,I
. ,O,O,I
1995,B,year,I
: ,O,O,I
Nomadismus. Theorie und Wandel einer sozio-ökologischen Kulturweise,B,title,I
. - ,O,O,I
Erdkundliches Wissen,B,source,I
 ,O,O,I
118,B,volume,I
. - ,O,O,I
Stuttgart,B,other,I
"
",O,O,I
Seck,B,author,B
", ",I,author,I
W,I,author,I
. ,O,O,I
1993,B,year,I
: ,O,O,I
La réforme d’une politique agricole. La Nouvelle Politique Agricole du Sénégal (NPA),B,title,I
. - ,O,O,I
IUED,B,publisher,I
. - ,O,O,I
Geneve,B,other,I
"
",O,O,I
"Sy, C.T.",B,editor,B
 (Hrsg.) ,O,O,I
1988,B,year,I
: ,O,O,I
Crise du développement rural et désengagement de l’Etat au Sénégal,B,title,I
. - ,O,O,I
"Dakar, Abidjan, Lomé",B,other,I
"
",O,O,I
Watts,B,author,B
", ",I,author,I
M.J.,I,author,I
 ,O,O,I
1989,B,year,I
: ,O,O,I
The Agrarian Question in Africa: Debating the Crisis,B,title,I
. - ,O,O,I
Progress in Human Geography,B,source,I
 ,O,O,I
13,B,volume,I
 (,O,O,I
1,B,issue,I
): ,O,O,I
1,B,fpage,I
-,O,O,I
41,B,lpage,I
"
",O,O,I
Watts,B,author,B
", ",I,author,I
M.J.,I,author,I
 ,O,O,I
1993,B,year,I
: ,O,O,I
"Development. Power, Knowledge, Discursive Practice",B,title,I
. - ,O,O,I
Progress in Human Geography,B,source,I
 ,O,O,I
17,B,volume,I
 (,O,O,I
2,B,issue,I
): ,O,O,I
257,B,fpage,I
-,O,O,I
272,B,lpage,I
"
",O,O,I
Werlen,B,author,B
", ",I,author,I
B,I,author,I
. ,O,O,I
1987,B,year,I
: ,O,O,I
"Gesellschaft, Handlung und Raum. Grundlagen handlungstheoretischer Sozialgeographie",B,title,I
. - ,O,O,I
Erdkundliches Wissen,B,source,I
 ,O,O,I
89,B,volume,I
. - ,O,O,I
Stuttgart,B,other,I
