token,tag,label,ref
Bird,B,author,B
", ",I,author,I
J. B.,I,author,I
 ,O,O,I
1980,B,year,I
: ,O,O,I
The Natural Landscapes of Canada,B,title,I
. 2nd ed. — ,O,O,I
Toronto etc,B,other,I
".
",O,O,I
Bostock,B,author,B
", ",I,author,I
H. H.,I,author,I
 ,O,O,I
1969,B,year,I
: ,O,O,I
Precambrian Sedimentary Rocks of the Hudson Bay Lowlands,B,title,I
. — Pp. ,O,O,I
206,B,fpage,I
 — ,O,O,I
214,B,lpage,I
 in: ,O,O,I
Earth Science Symp. on Hudson Bay,B,source,I
. — ,O,O,I
Ottawa,B,other,I
. —,O,O,I
Geol. Survey of Canada,B,source,I
", Paper. ",O,O,I
68,B,volume,I
 — ,O,O,I
53,B,issue,I
".
",O,O,I
Brown,B,author,B
", ",I,author,I
R. J. E.,I,author,I
 ,O,O,I
1973,B,year,I
: ,O,O,I
Permafrost-distribution and relation to environmental factors in the Hudson Bay Lowland,B,title,I
. — Pp. ,O,O,I
35,B,fpage,I
—,O,O,I
68,B,lpage,I
 in: ,O,O,I
Proc. Symp. Physical. Environment of the Hudson Bay Lowland. Univ. Guelph,B,source,I
", ",O,O,I
"March 30—31, 1973",B,volume,I
. — ,O,O,I
Guelph,B,other,I
".
",O,O,I
Brown,B,author,B
", ",I,author,I
R. J. E.,I,author,I
 ,O,O,I
1977,B,year,I
: ,O,O,I
Muskeg and Permafrost,B,title,I
. — Pp. ,O,O,I
148,B,fpage,I
 — ,O,O,I
163,B,lpage,I
 in: ,O,O,I
Muskeg and the Northern Environment in Canada,B,source,I
. Ed. by ,O,O,I
N. W. Radforth,B,editor,I
 & ,O,O,I
C. O. Brawner,B,editor,I
. — ,O,O,I
"Toronto, Buffalo",B,other,I
".
",O,O,I
Chapman,B,author,B
", ",I,author,I
L. J.,I,author,I
", & ",O,O,I
M. K.,B,author,I
 ,I,author,I
Thomas,I,author,I
 ,O,O,I
1968,B,year,I
: ,O,O,I
"The Climate of Northern Ontario, Canada",B,title,I
". — Dept. of Transport, Meteorol. Branch, ",O,O,I
Climatological Studies,B,source,I
. ,O,O,I
6,B,volume,I
 (,O,O,I
1968,B,year,I
"), pp. ",O,O,I
1,B,fpage,I
 — ,O,O,I
58,B,lpage,I
".
",O,O,I
Coombs,B,author,B
", ",I,author,I
D. B.,I,author,I
 ,O,O,I
1954,B,year,I
: ,O,O,I
The Physiographic Subdivisions of the Hudson Bay Lowlands South of 60 Degrees North,B,title,I
. — ,O,O,I
"Geographical Bull., Ottawa",B,source,I
. ,O,O,I
6,B,volume,I
 (,O,O,I
1954,B,year,I
"), pp. ",O,O,I
1,B,fpage,I
 — ,O,O,I
16,B,lpage,I
".
",O,O,I
Craig,B,author,B
", ",I,author,I
B. G.,I,author,I
 ,O,O,I
1969,B,year,I
: ,O,O,I
Late-Glacial and Postglacial History of the Hudson Bay Region,B,title,I
. — Pp. ,O,O,I
63,B,fpage,I
—,O,O,I
77,B,lpage,I
 in: ,O,O,I
Earth Science Symp. on Hudson Bay,B,source,I
. — ,O,O,I
Ottawa,B,other,I
. — ,O,O,I
Geol. Survey of Canada,B,source,I
", Paper ",O,O,I
68,B,volume,I
 — ,O,O,I
53,B,issue,I
".
",O,O,I
Cumming,B,author,B
", ",I,author,I
L. M.,I,author,I
 ,O,O,I
1969,B,year,I
: ,O,O,I
Rivers of the Hudson Bay Lowlands,B,title,I
. — Pp. ,O,O,I
144,B,fpage,I
—,O,O,I
164,B,lpage,I
 in: ,O,O,I
Earth Science Symp. on Hudson Bay,B,source,I
. — ,O,O,I
Ottawa,B,other,I
. — ,O,O,I
Geol. Survey of Canada,B,source,I
", Paper ",O,O,I
68,B,volume,I
 — ,O,O,I
53,B,issue,I
".
",O,O,I
Hare,B,author,B
", ",I,author,I
F. K.,I,author,I
 ,O,O,I
1950,B,year,I
: ,O,O,I
Climate and zonal divisions of the boreal forest formation in eastern Canada,B,title,I
. — ,O,O,I
Geogr. Rev.,B,source,I
 ,O,O,I
40,B,volume,I
 (,O,O,I
1950,B,year,I
"), pp. ",O,O,I
615,B,fpage,I
 — ,O,O,I
635,B,lpage,I
".
",O,O,I
Hare,B,author,B
", ",I,author,I
F. K.,I,author,I
 ,O,O,I
1954,B,year,I
: ,O,O,I
The boreal conifer Zone,B,title,I
. — ,O,O,I
Geogr. Studies,B,source,I
", ",O,O,I
London,B,other,I
. ,O,O,I
1,B,volume,I
 (,O,O,I
1954,B,year,I
"), pp. ",O,O,I
4,B,fpage,I
—,O,O,I
18,B,lpage,I
".
",O,O,I
Hustich,B,author,B
", ",I,author,I
I,I,author,I
. ,O,O,I
1957,B,year,I
: ,O,O,I
On the phytogeography of the subarctic Hudson Bay Lowland,B,title,I
. - ,O,O,I
Acta Geogr.Fenn,B,source,I
. ,O,O,I
16,B,volume,I
 (,O,O,I
1957,B,year,I
"), pp. ",O,O,I
1,B,fpage,I
-,O,O,I
48,B,lpage,I
".
",O,O,I
Jeglum,B,author,B
", ",I,author,I
J. K.,I,author,I
", ",O,O,I
A. N.,B,author,I
 ,I,author,I
Boissonneau,I,author,I
 & ,O,O,I
V. F.,B,author,I
 ,I,author,I
Haavisto,I,author,I
 ,O,O,I
1974,B,year,I
: ,O,O,I
Toward a Wetland Classification for Ontario,B,title,I
". — Sault Ste. Marie. — Great Lakes Forest Research Centre Sault Ste. Marie, ",O,O,I
Information Report,B,source,I
 ,O,O,I
0 —X —215,B,volume,I
", ",O,O,I
"Canadian Forestry Service, Departm. of the Environment, Dec. 1974",B,source,I
".
",O,O,I
Kozlovic,B,author,B
", ",I,author,I
N. J.,I,author,I
", & ",O,O,I
P. J.,B,author,I
 ,I,author,I
Howarth,I,author,I
 ,O,O,I
1977,B,year,I
: ,O,O,I
Biophysical Mapping in Northwestern Ontario from Aircraft and Satellite Remote Sensing Data,B,title,I
. ,O,O,I
"4th Canad. Symp. on Remote Sensing, May 16—18, 1977",B,source,I
.-,O,O,I
Quebec,B,other,I
. Pp. ,O,O,I
27,B,fpage,I
-,O,O,I
36,B,lpage,I
".
",O,O,I
Kuhn,B,author,B
", ",I,author,I
L,I,author,I
"., & ",O,O,I
R. A.,B,author,I
 ,I,author,I
Myers,I,author,I
 ,O,O,I
1979,B,year,I
: ,O,O,I
Ink-Jet Printing,B,title,I
. — ,O,O,I
Scientific American,B,source,I
. ,O,O,I
240,B,volume,I
 (,O,O,I
1979,B,year,I
"), pp. ",O,O,I
162,B,fpage,I
—,O,O,I
178,B,lpage,I
". 
",O,O,I
Pala,B,author,B
", ",I,author,I
S,I,author,I
"., & ",O,O,I
A,B,author,I
. ,I,author,I
Boissonneau,I,author,I
 ,O,O,I
1981,B,year,I
: ,O,O,I
Production of Wetland Classification Maps for the Hudson Bay/James Bay Lowlands,B,title,I
. — ,O,O,I
Guelph,B,other,I
. — ,O,O,I
"Proc. Hudson/James Bay Symp., Univ. of Guelph, April 28-30, 1981",B,source,I
". 
",O,O,I
Pala,B,author,B
", ",I,author,I
S,I,author,I
"., & ",O,O,I
W,B,author,I
. ,I,author,I
Weischet,I,author,I
 ,O,O,I
1981,B,year,I
: ,O,O,I
A Model for the Physiographic Analysis of the Hudson Bay/James Bay Lowlands,B,title,I
. — ,O,O,I
Guelph,B,other,I
. — ,O,O,I
"Proc. Hudson/James Bay Symp., Univ. of Guelph, April 28 — 30, 1981",B,source,I
".
",O,O,I
Radforth,B,author,B
", ",I,author,I
N. W.,I,author,I
 ,O,O,I
1969,B,year,I
: ,O,O,I
Classification of muskeg,B,title,I
. — In: ,O,O,I
Muskeg Engineering Handbook,B,source,I
", ed. by ",O,O,I
I. C. Farlane,B,editor,I
. — ,O,O,I
Toronto,B,other,I
".
",O,O,I
"Radforth, N. W.",B,editor,B
", & ",O,O,I
C. O. Brawner,B,editor,I
 (Eds.) ,O,O,I
1977,B,year,I
: ,O,O,I
Muskeg and the Northern Environment in Canada,B,title,I
. — ,O,O,I
"Toronto, Buffalo",B,other,I
".
",O,O,I
Railton,B,author,B
", ",I,author,I
J. B.,I,author,I
", & ",O,O,I
J. H.,B,author,I
 ,I,author,I
Sparling,I,author,I
 ,O,O,I
1973,B,year,I
: ,O,O,I
Preliminary studies on the ecology of palsa mounds in northern Ontario,B,title,I
. — ,O,O,I
Canad. J. Botany,B,source,I
. ,O,O,I
51,B,volume,I
 (,O,O,I
1973,B,year,I
"), pp. ",O,O,I
1037,B,fpage,I
—,O,O,I
1044,B,lpage,I
".
",O,O,I
Riley,B,author,B
", ",I,author,I
J,I,author,I
. ,O,O,I
1981,B,year,I
 a: ,O,O,I
The Flora of the Hudson Bay Lowland,B,title,I
. — ,O,O,I
Guelph,B,other,I
. — ,O,O,I
"Proc. Hudson/James Bay Symp., Guelph, April 28 — 30, 1981",B,source,I
".
",O,O,I
Riley,B,author,B
", ",I,author,I
J,I,author,I
. ,O,O,I
1981,B,year,I
 b: ,O,O,I
Provisional Wetland Classification for the Hudson Bay Lowland and the Major Regional Themes,B,title,I
. ,O,O,I
"Parks and Recreation Section, Ontario Ministry of Natural Resources, Northern Region",B,editor,I
. — ,O,O,I
Cochrane (Ontario),B,other,I
".
",O,O,I
Shilts,B,author,B
", ",I,author,I
W,I,author,I
. ,O,O,I
1981,B,year,I
: ,O,O,I
Quaternary Evolution of the Hudson/James Bay Region,B,title,I
. — ,O,O,I
Guelph,B,other,I
. — ,O,O,I
"Proc. Hudson/James Bay Symp., Guelph, April 28 — 30, 1981",B,source,I
".
",O,O,I
Sims,B,author,B
", ",I,author,I
R. A.,I,author,I
", & ",O,O,I
G. M.,B,author,I
 ,I,author,I
Wickware,I,author,I
 ,O,O,I
1981,B,year,I
: ,O,O,I
"Using Vegetational Physiognomy to Classify Treed Peatlands Near Southern James Bay, Ontario",B,title,I
. — ,O,O,I
Guelph,B,other,I
. — ,O,O,I
"Proc. Hudson/James Bay Symp., Guelph, April 28-30, 1981",B,source,I
". 
",O,O,I
Sjörs,B,author,B
", ",I,author,I
H,I,author,I
. ,O,O,I
1959,B,year,I
: ,O,O,I
Bogs and Fens in the Hudson Bay Lowlands,B,title,I
. — ,O,O,I
Arctic,B,source,I
. ,O,O,I
12,B,volume,I
 (,O,O,I
1959,B,year,I
"), pp. ",O,O,I
1,B,fpage,I
-,O,O,I
19,B,lpage,I
".
",O,O,I
Sjörs,B,author,B
", ",I,author,I
H,I,author,I
. ,O,O,I
1961,B,year,I
: ,O,O,I
Oberflächenmuster in den borealen Torfgebieten,B,title,I
. — ,O,O,I
Endeavour,B,source,I
. ,O,O,I
20,B,volume,I
 (,O,O,I
1961,B,year,I
"), pp. ",O,O,I
217,B,fpage,I
—,O,O,I
224,B,lpage,I
".
",O,O,I
Sjörs,B,author,B
", ",I,author,I
H,I,author,I
. ,O,O,I
1963,B,year,I
: ,O,O,I
"Bogs and Fens on Attawapiskat River, Northern Ontario",B,title,I
. — ,O,O,I
National Museum of Canada. Bull.,B,source,I
 ,O,O,I
186,B,volume,I
 (,O,O,I
1963,B,year,I
"), pp. ",O,O,I
45,B,fpage,I
—,O,O,I
133,B,lpage,I
".
",O,O,I
Thie,B,author,B
", ",I,author,I
J,I,author,I
. ,O,O,I
1976,B,year,I
: ,O,O,I
An Evaluation of Remote Sensing Techniques for Ecological (Biophysical) Land Classification in Northern Canada,B,title,I
. — ,O,O,I
Petawawa,B,other,I
. — ,O,O,I
"Proc. Ist. Meeting Canad. Comm. on Ecological (Bio-physical) Land Classification. Petawawa, May 25 —28, 1976",B,source,I
. Pp. ,O,O,I
129,B,fpage,I
—,O,O,I
147,B,lpage,I
".
",O,O,I
Zoltai,B,author,B
", ",I,author,I
S. C.,I,author,I
 ,O,O,I
1973,B,year,I
: ,O,O,I
"Vegetation, surficial deposits and permafrost relationships in the Hudson Bay Lowlands",B,title,I
. — ,O,O,I
Guelph,B,other,I
. — ,O,O,I
"Proc. Symp. on the Physical Environment of the Hudson Bay Lowland, Guelph, March 30 — 31, 1973",B,source,I
. Pp. ,O,O,I
17,B,fpage,I
—,O,O,I
34,B,lpage,I
.,O,O,I
