token,tag,label,ref
STEN,B,author,B
 ,I,author,I
DEGEER,I,author,I
: „,O,O,I
The American Manufacturing Belt,B,title,I
"“, ",O,O,I
Geografiska Annaler,B,source,I
", ",O,O,I
9,B,volume,I
: ,O,O,I
233,B,fpage,I
—,O,O,I
359,B,lpage,I
 (,O,O,I
1927,B,year,I
").
",O,O,I
E. J.,B,author,B
 ,I,author,I
FOSCUE,I,author,I
: „,O,O,I
Industrialization of the Texas Gulf Coast Region,B,title,I
"“, ",O,O,I
The Southwestern Social Science Quarterly,B,source,I
", ",O,O,I
30,B,volume,I
: ,O,O,I
1,B,fpage,I
—,O,O,I
18,B,lpage,I
 (,O,O,I
1950,B,year,I
"). 
",O,O,I
Eric,B,author,B
 ,I,author,I
 LARRABEE,I,author,I
", „",O,O,I
The Gulf South at Mid-Morning,B,title,I
"“, ",O,O,I
Harper’s Magazine,B,source,I
", ",O,O,I
Sept. 1951,B,volume,I
", ",O,O,I
35,B,fpage,I
—,O,O,I
42,B,lpage,I
". 
",O,O,I
James J.,B,author,B
 ,I,author,I
PARSONS,I,author,I
", „",O,O,I
Recent Industrial Development in the Gulf South,B,title,I
"“, ",O,O,I
Geographical Review,B,source,I
", ",O,O,I
40,B,volume,I
: ,O,O,I
67,B,fpage,I
—,O,O,I
83,B,lpage,I
 (,O,O,I
1950,B,year,I
").
",O,O,I
"„Industrial Expansion, 1945—1951",B,title,B
"“, ",O,O,I
Territorial Information Department,B,editor,I
", ",O,O,I
Commonwealth Edison Co.,B,publisher,I
", ",O,O,I
Chicago,B,other,I
", ",O,O,I
Oct,B,other,I
. ,O,O,I
1951,B,year,I
".
",O,O,I
W. A.,B,author,B
 ,I,author,I
CUNNINGHAM,I,author,I
: „,O,O,I
A Survey of the Texas Chemical Industry,B,title,I
"“, in „",O,O,I
Basic Industries in Texas and Northern Mexico,B,source,I
"“, ",O,O,I
Univ. of Texas Latin American Studies,B,editor,I
", ",O,O,I
9,B,volume,I
: ,O,O,I
16,B,fpage,I
—,O,O,I
30,B,lpage,I
", ",O,O,I
"Austin, Tex.",B,other,I
", ",O,O,I
1950,B,year,I
".
",O,O,I
„The Chemical Century,B,title,B
"“, ",O,O,I
Fortune,B,source,I
", ",O,O,I
41,B,volume,I
: ,O,O,I
69,B,fpage,I
—,O,O,I
76,B,lpage,I
", ",O,O,I
114,B,fpage,I
—,O,O,I
122,B,lpage,I
", ",O,O,I
March,B,other,I
", ",O,O,I
1950,B,year,I
".
",O,O,I
JAMES J.,B,author,B
 ,I,author,I
PARSONS,I,author,I
: „,O,O,I
The Geography of Natural Gas in the United States,B,title,I
"“, ",O,O,I
Economic Geography,B,source,I
", ",O,O,I
26,B,volume,I
: ,O,O,I
162,B,fpage,I
—,O,O,I
78,B,lpage,I
 (,O,O,I
1950,B,year,I
"). 
",O,O,I
„Aluminum Land: Huge U. S. Expansion in Light Metalmaking is Led by the Southwest,B,title,B
"“, ",O,O,I
Wall Street Journal,B,source,I
", ",O,O,I
"Nov. 6, 1951",B,volume,I
".
",O,O,I
W. H.,B,author,B
 ,I,author,I
"SHERATON, Jr.",I,author,I
: „,O,O,I
Chlorine and Alkali Production in the Southwest,B,title,I
"“, ",O,O,I
Chemical and Engineering News,B,source,I
", ",O,O,I
26,B,volume,I
: ,O,O,I
3474,B,fpage,I
—,O,O,I
5,B,lpage,I
 (,O,O,I
1948,B,year,I
").
",O,O,I
W. H.,B,author,B
 ,I,author,I
"SHERATON, Jr.",I,author,I
 : „,O,O,I
Oyster-Shell Chemistry,B,title,I
"“, ",O,O,I
Chemical and Engineering News,B,source,I
", ",O,O,I
29,B,volume,I
: ,O,O,I
3078,B,fpage,I
—,O,O,I
80,B,lpage,I
 (,O,O,I
1951,B,year,I
").
",O,O,I
„Planes and Texas: Fort Worth-Dallas Area Flies High as a Center of Aircraft Production,B,title,B
"“, ",O,O,I
Wall Street Journal,B,source,I
", ",O,O,I
"Nov. 8, 1951",B,volume,I
".
",O,O,I
Economist (London),B,title,B
", ",O,O,I
"Nov. 3, 1951",B,volume,I
", p. ",O,O,I
1047,B,fpage,I
.,O,O,I
