token,tag,label,ref
Muskett,B,author,B
", ",I,author,I
A. E.,I,author,I
", und ",O,O,I
Morrison,B,author,I
", ",I,author,I
J,I,author,I
.: ,O,O,I
Agriculture,B,title,I
", in: ",O,O,I
Belfast in its Regional Setting,B,source,I
""", ",O,O,I
Belfast,B,other,I
 ,O,O,I
1952,B,year,I
", p. ",O,O,I
139,B,fpage,I
".
",O,O,I
Agricultural Statistics,B,title,B
", ",O,O,I
 Stats.,B,source,I
 ,O,O,I
22,B,volume,I
", ",O,O,I
1953,B,year,I
".
",O,O,I
D. A.,B,author,B
 ,I,author,I
Hill,I,author,I
: ,O,O,I
Land Use,B,title,I
. in: „,O,O,I
Belfast in its Regional Setting,B,source,I
""", ",O,O,I
Belfast,B,other,I
 ,O,O,I
1952,B,year,I
", p. ",O,O,I
159,B,fpage,I
". 
",O,O,I
Excursions Guide for the Meeting of the Brit. Ass. for the Advancement of Science,B,title,B
", ",O,O,I
Belfast,B,other,I
 ,O,O,I
1952,B,year,I
".
",O,O,I
F,B,author,B
. ,I,author,I
Firbas,I,author,I
: ,O,O,I
Einige Berechnungen über die Ernährung der Hochmoore,B,title,I
. In: ,O,O,I
Die Pflanzenwelt Irlands,B,source,I
. ,O,O,I
Bern,B,other,I
 ,O,O,I
1952,B,year,I
", p. ",O,O,I
177,B,fpage,I
". 
",O,O,I
K,B,author,B
. ,I,author,I
Jessen,I,author,I
: ,O,O,I
Studies in Late Quaternary Deposits and Flora History of Ireland,B,title,I
. ,O,O,I
Proc. R. I. A.,B,source,I
 Vol. ,O,O,I
52,B,volume,I
", ",O,O,I
B 6,B,issue,I
", ",O,O,I
1949,B,year,I
", p. ",O,O,I
98,B,fpage,I
 ,O,O,I
ff,B,lpage,I
.,O,O,I
