token,tag,label,ref
ACQUAYE,B,author,B
", ",I,author,I
D,I,author,I
. a. ,O,O,I
TINSLEY,B,author,I
", ",I,author,I
J,I,author,I
. (,O,O,I
1965,B,year,I
): ,O,O,I
Soluble silica in soils,B,title,I
. In: ,O,O,I
"HALLSWORTH, E. G.",B,editor,I
 a. ,O,O,I
"CRAWFORD, D. V.",B,editor,I
 (Eds.): ,O,O,I
Experimental Pedology,B,source,I
. ,O,O,I
London,B,other,I
", ",O,O,I
126,B,fpage,I
–,O,O,I
148,B,lpage,I
".
",O,O,I
ALLAN,B,author,B
", ",I,author,I
R. J.,I,author,I
 (,O,O,I
1990,B,year,I
): ,O,O,I
Climate,B,title,I
. In: ,O,O,I
"TYLER, M. J.",B,editor,I
; ,O,O,I
"TWIDALE, C. R.",B,editor,I
; ,O,O,I
"DAVIES, M.",B,editor,I
 a. ,O,O,I
"WELLS, C. B.",B,editor,I
 (Eds.): ,O,O,I
Natural History of the North East Deserts,B,source,I
. ,O,O,I
Adelaide,B,other,I
", ",O,O,I
81,B,fpage,I
–,O,O,I
84,B,lpage,I
".
",O,O,I
BENNETT,B,author,B
", ",I,author,I
P. C.,I,author,I
 (,O,O,I
1991,B,year,I
): ,O,O,I
Quartz dissolution in organic-rich aqueous systems,B,title,I
. In: ,O,O,I
Geochemica Cosmochemica Acta,B,source,I
 ,O,O,I
55,B,volume,I
", ",O,O,I
1781,B,fpage,I
–,O,O,I
1797,B,lpage,I
".
",O,O,I
BLACKWELDER,B,author,B
", ",I,author,I
E,I,author,I
. (,O,O,I
1933,B,year,I
): ,O,O,I
The insolation hypothesis of rock weathering,B,title,I
. In: ,O,O,I
American Journal of Science,B,source,I
 ,O,O,I
26,B,volume,I
", ",O,O,I
97,B,fpage,I
–,O,O,I
113,B,lpage,I
".
",O,O,I
BONYTHON,B,author,B
", ",I,author,I
C. W.,I,author,I
 a. ,O,O,I
MASON,B,author,I
", ",I,author,I
B,I,author,I
. (,O,O,I
1953,B,year,I
): ,O,O,I
The filling and drying of Lake Eyre,B,title,I
. In: ,O,O,I
Geographical Journal,B,source,I
 ,O,O,I
119,B,volume,I
", ",O,O,I
321,B,fpage,I
–,O,O,I
330,B,lpage,I
".
",O,O,I
BOURNE,B,author,B
", ",I,author,I
J. A.,I,author,I
 a. ,O,O,I
TWIDALE,B,author,I
", ",I,author,I
C. R.,I,author,I
 (,O,O,I
1998,B,year,I
): ,O,O,I
"Pediments and fans: genesis and relationships in the western piedmont of the Flinders Ranges, South Australia",B,title,I
. In: ,O,O,I
Australian Journal of Earth Sciences,B,source,I
 ,O,O,I
45,B,volume,I
", ",O,O,I
123,B,fpage,I
–,O,O,I
135,B,lpage,I
".
",O,O,I
BROWN,B,author,B
", ",I,author,I
D.A.,I,author,I
; ,O,O,I
CAMPBELL,B,author,I
", ",I,author,I
K.S.W.,I,author,I
 a. ,O,O,I
CROOK,B,author,I
", ",I,author,I
K.A.W.,I,author,I
 (,O,O,I
1968,B,year,I
): ,O,O,I
Geological Evolution of Australia and New Zealand,B,title,I
. ,O,O,I
Oxford,B,other,I
".
",O,O,I
BRYAN,B,author,B
", ",I,author,I
K,I,author,I
. (,O,O,I
1940,B,year,I
): ,O,O,I
Gully gravure – a method of slope retreat,B,title,I
. In: ,O,O,I
Journal of Geomorphology,B,source,I
 ,O,O,I
3,B,volume,I
", ",O,O,I
89,B,fpage,I
–,O,O,I
107,B,lpage,I
".
",O,O,I
CARTER,B,author,B
", ",I,author,I
E. K.,I,author,I
 a. ,O,O,I
ÖPIK,B,author,I
", ",I,author,I
A. A.,I,author,I
 (,O,O,I
1959,B,year,I
): ,O,O,I
Geological Map of Northwestern Queensland,B,title,I
. ,O,O,I
"Bureau of Mineral Resources, Canberra",B,editor,I
 / ,O,O,I
Geological Survey of Queensland,B,source,I
", ",O,O,I
Brisbane,B,other,I
".
",O,O,I
CHEPIL,B,author,B
",",I,author,I
W. S.,I,author,I
 (,O,O,I
1950,B,year,I
): ,O,O,I
Properties of soil which influence wind erosion: the governing principle of surface roughness,B,title,I
. In: ,O,O,I
Soil Science,B,source,I
 ,O,O,I
69,B,volume,I
", ",O,O,I
149,B,fpage,I
–,O,O,I
162,B,lpage,I
".
",O,O,I
COATS,B,author,B
", ",I,author,I
R. P.,I,author,I
; ,O,O,I
HORWITZ,B,author,I
", ",I,author,I
R. C.,I,author,I
; ,O,O,I
CRAWFORD,B,author,I
", ",I,author,I
A. R.,I,author,I
; ,O,O,I
CAMPANA,B,author,I
", ",I,author,I
B,I,author,I
. a. ,O,O,I
THATCHER,B,author,I
", ",I,author,I
D,I,author,I
. (,O,O,I
1969,B,year,I
): ,O,O,I
Mount Painter Province,B,title,I
. ,O,O,I
"Geological Atlas Special 1:125,000 Series, South Australia",B,source,I
".
",O,O,I
COOKE,B,author,B
", ",I,author,I
R,I,author,I
.; ,O,O,I
WARREN,B,author,I
", ",I,author,I
A,I,author,I
. a. ,O,O,I
GOUDIE,B,author,I
", ",I,author,I
A,I,author,I
. (,O,O,I
1993,B,year,I
): ,O,O,I
Desert Geomorphology,B,title,I
. ,O,O,I
London,B,other,I
".
",O,O,I
DAVIS,B,author,B
", ",I,author,I
S. N.,I,author,I
 (,O,O,I
1964,B,year,I
): ,O,O,I
Silica in streams and groundwater,B,title,I
. In: ,O,O,I
American Journal of Science,B,source,I
 ,O,O,I
262,B,volume,I
", ",O,O,I
870,B,fpage,I
–,O,O,I
891,B,lpage,I
".
",O,O,I
DENNY,B,author,B
", ",I,author,I
C. S.,I,author,I
 (,O,O,I
1967,B,year,I
): ,O,O,I
Fans and pediments,B,title,I
. In: ,O,O,I
American Journal of Science,B,source,I
 ,O,O,I
256,B,volume,I
", ",O,O,I
81,B,fpage,I
–,O,O,I
105,B,lpage,I
".
",O,O,I
DOUGLAS,B,author,B
", ",I,author,I
I,I,author,I
. (,O,O,I
1978,B,year,I
): ,O,O,I
Denudation in silicate rocks in the humid tropics,B,title,I
. In: ,O,O,I
"DAVIES, J. L.",B,editor,I
 a. ,O,O,I
"WILLIAMS, M. A. J.",B,editor,I
 (Eds.): ,O,O,I
Landform Evolution in Australasia,B,source,I
. ,O,O,I
Canberra,B,other,I
", ",O,O,I
216,B,fpage,I
–,O,O,I
237,B,lpage,I
".
",O,O,I
DULHUNTY,B,author,B
", ",I,author,I
J. A.,I,author,I
 (,O,O,I
1987,B,year,I
): ,O,O,I
"Salina-bed instability and geodetic studies at Lake Eyre, South Australia",B,title,I
. In: ,O,O,I
Transactions of the Royal Society of South Australia,B,source,I
 ,O,O,I
111,B,volume,I
", ",O,O,I
183,B,fpage,I
–,O,O,I
188,B,lpage,I
".
",O,O,I
DURY,B,author,B
", ",I,author,I
G. H.,I,author,I
 (,O,O,I
1970,B,year,I
): ,O,O,I
"Morphometry of gibber gravel at Mt Sturt, New South Wales",B,title,I
. In: ,O,O,I
Journal of the Geological Society of Australia,B,source,I
 ,O,O,I
16,B,volume,I
", ",O,O,I
655,B,fpage,I
–,O,O,I
666,B,lpage,I
".
",O,O,I
ELVIDGE,B,author,B
", ",I,author,I
C. D.,I,author,I
 a. ,O,O,I
IVERSON,B,author,I
", ",I,author,I
R. M.,I,author,I
 (,O,O,I
1983,B,year,I
): ,O,O,I
Regeneration of desert pavement and varnish,B,title,I
. In: ,O,O,I
"WEBB, R.H.",B,editor,I
 a. ,O,O,I
"WILSHIRE, H. G.",B,editor,I
 (Eds.): ,O,O,I
Environmental Effects of Off-Road Vehicles. Impacts and Management in Arid Regions,B,source,I
. ,O,O,I
New York,B,other,I
", ",O,O,I
245,B,fpage,I
–,O,O,I
264,B,lpage,I
".
",O,O,I
ENGEL,B,author,B
", ",I,author,I
C. G.,I,author,I
 a. ,O,O,I
SHARP,B,author,I
", ",I,author,I
R. P.,I,author,I
 (,O,O,I
1958,B,year,I
): ,O,O,I
Chemical data on desert varnish,B,title,I
. In: ,O,O,I
Geological Society of America Bulletin,B,source,I
 ,O,O,I
69,B,volume,I
", ",O,O,I
487,B,fpage,I
–,O,O,I
518,B,lpage,I
".
",O,O,I
FALCONER,B,author,B
", ",I,author,I
J. D.,I,author,I
 (,O,O,I
1911,B,year,I
): ,O,O,I
The Geology and Geography of Northern Nigeria,B,title,I
. ,O,O,I
London,B,other,I
".
",O,O,I
FORBES,B,author,B
", ",I,author,I
B. G.,I,author,I
 (,O,O,I
1974,B,year,I
): ,O,O,I
Kopperamanna. Sheet SH 54–1 Zones 5 & 6,B,title,I
. ,O,O,I
"Geological Atlas 1:250,000 Series, South Australia",B,source,I
".
",O,O,I
FRAKES,B,author,B
", ",I,author,I
L. A.,I,author,I
 (,O,O,I
1979,B,year,I
): ,O,O,I
Climates Through Geologic Time,B,title,I
. ,O,O,I
Amsterdam,B,other,I
".
",O,O,I
FRAKES,B,author,B
", ",I,author,I
L. A.,I,author,I
; ,O,O,I
FRANCIS,B,author,I
", ",I,author,I
J. E.,I,author,I
 a. ,O,O,I
SYKTUS,B,author,I
", ",I,author,I
J. I.,I,author,I
 (,O,O,I
1992,B,year,I
): ,O,O,I
Climate Modes of the Phanerozoic,B,title,I
. ,O,O,I
Cambridge,B,other,I
".
",O,O,I
FRANKEL,B,author,B
", ",I,author,I
J. J.,I,author,I
 a. ,O,O,I
KENT,B,author,I
", ",I,author,I
L. E.,I,author,I
 (,O,O,I
1937,B,year,I
): ,O,O,I
Grahamstown surface quartzites (silcretes),B,title,I
. In: ,O,O,I
Transactions of the Geological Society of South Africa,B,source,I
 ,O,O,I
40,B,volume,I
", ",O,O,I
1,B,fpage,I
–,O,O,I
42,B,lpage,I
".
",O,O,I
GRIGGS,B,author,B
", ",I,author,I
D. T.,I,author,I
 (,O,O,I
1936,B,year,I
): ,O,O,I
The factor of fatigue in rock exfoliation,B,title,I
. In: ,O,O,I
Journal of Geology,B,source,I
 ,O,O,I
44,B,volume,I
", ",O,O,I
783,B,fpage,I
–,O,O,I
796,B,lpage,I
".
",O,O,I
HALLSWORTH,B,author,B
", ",I,author,I
E. G.,I,author,I
; ,O,O,I
ROBERTSON,B,author,I
", ",I,author,I
G. K.,I,author,I
 a. ,O,O,I
GIBBONS,B,author,I
", ",I,author,I
F. R.,I,author,I
 (,O,O,I
1955,B,year,I
): ,O,O,I
Studies in pedogenesis in New South Wales. VII. The gilgai soils,B,title,I
. In: ,O,O,I
Journal of Soil Science,B,source,I
 ,O,O,I
6,B,volume,I
", ",O,O,I
1,B,fpage,I
–,O,O,I
31,B,lpage,I
".
",O,O,I
HOWARD,B,author,B
", ",I,author,I
A,I,author,I
. (,O,O,I
1939,B,year,I
): ,O,O,I
"Crab-hole, gilgai and self-mulching soils of the Murrumbidgee Irrigation Area",B,title,I
. In: ,O,O,I
Pedology,B,source,I
 ,O,O,I
8,B,volume,I
", ",O,O,I
14,B,fpage,I
–,O,O,I
18,B,lpage,I
".
",O,O,I
HUBBLE,B,author,B
", ",I,author,I
G. D.,I,author,I
; ,O,O,I
ISBELL,B,author,I
", ",I,author,I
R. F.,I,author,I
 a. ,O,O,I
NORTHCOTE,B,author,I
", ",I,author,I
K. H.,I,author,I
 (,O,O,I
1983,B,year,I
): ,O,O,I
Features of Australian soils,B,title,I
. In: ,O,O,I
Soils. An Australian Viewpoint,B,source,I
. ,O,O,I
"Melbourne, London",B,other,I
", ",O,O,I
17,B,fpage,I
–,O,O,I
47,B,lpage,I
".
",O,O,I
HUTTON,B,author,B
", ",I,author,I
J. T.,I,author,I
; ,O,O,I
TWIDALE,B,author,I
", ",I,author,I
C. R.,I,author,I
; ,O,O,I
MILNES,B,author,I
", ",I,author,I
A. R.,I,author,I
 a. ,O,O,I
ROSSER,B,author,I
 ,I,author,I
H,I,author,I
. (,O,O,I
1972,B,year,I
): ,O,O,I
"Composition and genesis of silcretes and silcrete skins from the Beda valley, southern Arcoona Plateau, South Australia",B,title,I
. In: ,O,O,I
Journal of the Geological Society of Australia,B,source,I
 ,O,O,I
19,B,volume,I
", ",O,O,I
31,B,fpage,I
–,O,O,I
39,B,lpage,I
".
",O,O,I
HUTTON,B,author,B
", ",I,author,I
J. T.,I,author,I
; ,O,O,I
TWIDALE,B,author,I
", ",I,author,I
C. R.,I,author,I
 a. ,O,O,I
MILNES,B,author,I
", ",I,author,I
A. R.,I,author,I
 (,O,O,I
1978,B,year,I
): ,O,O,I
Characteristics and origin of some Australian silcretes,B,title,I
. In: ,O,O,I
"LANGFORD-SMITH, T.",B,editor,I
 (Ed.): ,O,O,I
Silcrete in Australia,B,source,I
. ,O,O,I
"Armidale, NSW",B,other,I
", ",O,O,I
19,B,fpage,I
–,O,O,I
39,B,lpage,I
".
",O,O,I
JESSUP,B,author,B
", ",I,author,I
R. W.,I,author,I
 (,O,O,I
1970,B,year,I
): ,O,O,I
The Stony Tableland soils of the southeastern portion of the Australian arid zone and their evolutionary history,B,title,I
. In: ,O,O,I
Journal of Soil Science,B,source,I
 ,O,O,I
11,B,volume,I
", ",O,O,I
188,B,fpage,I
–,O,O,I
196,B,lpage,I
".
",O,O,I
JOLY,B,author,B
", ",I,author,I
J,I,author,I
. (,O,O,I
1901,B,year,I
): ,O,O,I
Expériences sur la dénudation par dissolution dans l’eau douce et l’eau de mer,B,title,I
. In: ,O,O,I
Proceedings of the 8th International Geological Congress,B,source,I
 (,O,O,I
Paris,B,other,I
"), ",O,O,I
774,B,fpage,I
–,O,O,I
784,B,lpage,I
".
",O,O,I
JUTSON,B,author,B
", ",I,author,I
J. T.,I,author,I
 (,O,O,I
1914,B,year,I
): ,O,O,I
An outline of the physiographical geology (physiography) of Western Australia,B,title,I
. In: ,O,O,I
Geological Survey of Western Australia Bulletin,B,source,I
 ,O,O,I
61,B,volume,I
".
",O,O,I
KOTWICKI,B,author,B
", ",I,author,I
V,I,author,I
. (,O,O,I
1986,B,year,I
): ,O,O,I
Floods of Lake Eyre,B,title,I
. ,O,O,I
Engineering and Water Supply Department,B,publisher,I
", ",O,O,I
Adelaide,B,other,I
", ",O,O,I
1986,B,year,I
".
",O,O,I
LEEPER,B,author,B
", ",I,author,I
G. W.,I,author,I
 (,O,O,I
1947,B,year,I
): ,O,O,I
Introduction to Soil Science,B,title,I
. ,O,O,I
Melbourne,B,other,I
".
",O,O,I
LIVINGSTONE,B,author,B
", ",I,author,I
D. A.,I,author,I
 (,O,O,I
1963,B,year,I
): ,O,O,I
Chemical composition of rivers and lakes,B,title,I
. In: ,O,O,I
United States Geological Survey Professional Paper,B,source,I
 ,O,O,I
4409,B,volume,I
".
",O,O,I
LOVERING,B,author,B
", ",I,author,I
T. S.,I,author,I
 (,O,O,I
1959,B,year,I
): ,O,O,I
Significance of accumulator plants in rock weathering,B,title,I
. In: ,O,O,I
Geological Society of America Bulletin,B,source,I
 ,O,O,I
70,B,volume,I
", ",O,O,I
781,B,fpage,I
–,O,O,I
800,B,lpage,I
".
",O,O,I
LUDBROOK,B,author,B
", ",I,author,I
N. H.,I,author,I
 (,O,O,I
1969,B,year,I
): ,O,O,I
Tertiary Period,B,title,I
. In: ,O,O,I
"PARKIN, L. W.",B,editor,I
 (Ed.): ,O,O,I
Handbook of South Australian Geology,B,source,I
. ,O,O,I
Adelaide,B,other,I
", ",O,O,I
172,B,fpage,I
–,O,O,I
203,B,lpage,I
".
",O,O,I
MABBUTT,B,author,B
", ",I,author,I
J. A.,I,author,I
 (,O,O,I
1961,B,year,I
): ,O,O,I
‘Basal surface’ or ‘weathering front’,B,title,I
. In: ,O,O,I
Proceedings of the Geologists’ Association London,B,source,I
 ,O,O,I
72,B,volume,I
", ",O,O,I
357,B,fpage,I
–,O,O,I
358,B,lpage,I
".
",O,O,I
MABBUTT,B,author,B
", ",I,author,I
J. A.,I,author,I
 (,O,O,I
1965,B,year,I
): ,O,O,I
The weathered land surface in central Australia,B,title,I
. In: ,O,O,I
Zeitschrift für Geomorphologie,B,source,I
 ,O,O,I
9,B,volume,I
", ",O,O,I
82,B,fpage,I
–,O,O,I
114,B,lpage,I
".
",O,O,I
MABBUTT,B,author,B
", ",I,author,I
J. A.,I,author,I
 (,O,O,I
1977,B,year,I
):,O,O,I
 Desert Landforms,B,title,I
. ,O,O,I
Canberra,B,other,I
".
",O,O,I
MCFADDEN,B,author,B
", ",I,author,I
L. D.,I,author,I
; ,O,O,I
WELLS,B,author,I
", ",I,author,I
S. G.,I,author,I
 a. ,O,O,I
JERCINOVICH,B,author,I
", ",I,author,I
M. J.,I,author,I
 (,O,O,I
1987,B,year,I
): ,O,O,I
Influences of eolian and pedogenic processes on the origin and evolution of desert pavements,B,title,I
. In: ,O,O,I
Geology,B,source,I
 ,O,O,I
15,B,volume,I
", ",O,O,I
504,B,fpage,I
–,O,O,I
508,B,lpage,I
".
",O,O,I
MOOREHEAD,B,author,B
", ",I,author,I
A,I,author,I
. (,O,O,I
1963,B,year,I
): ,O,O,I
Cooper’s Creek,B,title,I
. ,O,O,I
London,B,other,I
".
",O,O,I
NORRISH,B,author,B
", ",I,author,I
K,I,author,I
. a. ,O,O,I
PICKERING,B,author,I
", ",I,author,I
J. G.,I,author,I
 (,O,O,I
1983,B,year,I
): ,O,O,I
Clay minerals,B,title,I
. In: ,O,O,I
"Soils, An Australian Viewpoint",B,source,I
. ,O,O,I
"Melbourne, London",B,other,I
", ",O,O,I
281,B,fpage,I
–,O,O,I
308,B,lpage,I
".
",O,O,I
ÖPIK,B,author,B
", ",I,author,I
A. A.,I,author,I
 (,O,O,I
1954,B,year,I
): ,O,O,I
"Mesozoic plant-bearing sandstones of the Camooweal region and the origin of freshwater quartzite (Abstract of talk presented Bureau of Mineral Resources, Canberra)",B,title,I
".
",O,O,I
ÖPIK,B,author,B
", ",I,author,I
A. A.,I,author,I
; ,O,O,I
CARTER,B,author,I
", ",I,author,I
E. K.,I,author,I
 a. ,O,O,I
RANDAL,B,author,I
", ",I,author,I
M. A.,I,author,I
 (,O,O,I
1973,B,year,I
): ,O,O,I
"Notes on the First Edition Camooweal Geological Sheet Queensland, 1961",B,title,I
. In: ,O,O,I
Bureau of Mineral Resources,B,editor,I
", ",O,O,I
Geology and Geophysics Record,B,source,I
 ,O,O,I
1973/83,B,year,I
".
",O,O,I
OLLIER,B,author,B
", ",I,author,I
C. D.,I,author,I
 (,O,O,I
1963,B,year,I
): ,O,O,I
Insolation weathering: examples from central Australia,B,title,I
. In: ,O,O,I
American Journal of Science,B,source,I
 ,O,O,I
261,B,volume,I
", ",O,O,I
376,B,fpage,I
–,O,O,I
381,B,lpage,I
".
",O,O,I
OLLIER,B,author,B
", ",I,author,I
C. D.,I,author,I
 (,O,O,I
1966,B,year,I
): ,O,O,I
Desert gilgai,B,title,I
. In: ,O,O,I
Nature,B,source,I
 ,O,O,I
212,B,volume,I
", ",O,O,I
581,B,fpage,I
–,O,O,I
583,B,lpage,I
".
",O,O,I
PANDASTICO,B,author,B
", ",I,author,I
E. B.,I,author,I
 a. ,O,O,I
ASHAYE,B,author,I
", ",I,author,I
T. I.,I,author,I
 (,O,O,I
1956,B,year,I
): ,O,O,I
Demonstration of the effect of stone layer on soil transport and accretion,B,title,I
. In: ,O,O,I
"HALLSWORTH, E. G.",B,editor,I
 a. ,O,O,I
"CRAWFORD, D. V.",B,editor,I
 (Eds.): ,O,O,I
Experimental Pedology,B,source,I
. ,O,O,I
London,B,other,I
", ",O,O,I
384,B,fpage,I
–,O,O,I
390,B,lpage,I
".
",O,O,I
PARTRIDGE,B,author,B
", ",I,author,I
T. C.,I,author,I
 a. ,O,O,I
MAUD,B,author,I
", ",I,author,I
R. R.,I,author,I
 (,O,O,I
1987,B,year,I
): ,O,O,I
Geomorphic evolution of southern Africa since the Mesozoic,B,title,I
. In: ,O,O,I
Transactions of the Geological Society of South Africa,B,source,I
 ,O,O,I
90,B,volume,I
", ",O,O,I
179,B,fpage,I
–,O,O,I
208,B,lpage,I
".
",O,O,I
PIRSA (Primary Industries and Resources South Australia),B,editor,B
 (,O,O,I
2001,B,year,I
): ,O,O,I
Cordillo. Sheet 7044,B,title,I
. ,O,O,I
"1:100,000 Geological Survey, South Australia",B,source,I
".
",O,O,I
PRESCOTT,B,author,B
", ",I,author,I
J. A.,I,author,I
 (,O,O,I
1931,B,year,I
): ,O,O,I
The Soils of Australia in Relation to Vegetation and Climate,B,title,I
. ,O,O,I
Council for Scientific and Industrial Research Bulletin,B,source,I
 ,O,O,I
52,B,volume,I
".
",O,O,I
RUSSELL,B,author,B
", ",I,author,I
M. B.,I,author,I
 (,O,O,I
1957,B,year,I
): ,O,O,I
Physical properties,B,title,I
. In: ,O,O,I
Soil. The Yearbook of Agriculture USDA,B,source,I
. ,O,O,I
Washington D.C.,B,other,I
", ",O,O,I
31,B,fpage,I
–,O,O,I
38,B,lpage,I
".
",O,O,I
SHARON,B,author,B
", ",I,author,I
D,I,author,I
. (,O,O,I
1962,B,year,I
): ,O,O,I
On the nature of hamadas in Israel,B,title,I
. In: ,O,O,I
Zeitschrift für Geomorphologie,B,source,I
 ,O,O,I
6,B,volume,I
", ",O,O,I
129,B,fpage,I
–,O,O,I
147,B,lpage,I
".
",O,O,I
SPRIGG,B,author,B
", ",I,author,I
R. C.,I,author,I
 (,O,O,I
1963,B,year,I
): ,O,O,I
Geology and petroleum prospects of the Simpson Desert,B,title,I
. In: ,O,O,I
Transactions of the Royal Society of South Australia,B,source,I
 ,O,O,I
86,B,volume,I
", ",O,O,I
35,B,fpage,I
–,O,O,I
66,B,lpage,I
".
",O,O,I
SPRINGER,B,author,B
", ",I,author,I
M,I,author,I
. (,O,O,I
1958,B,year,I
): ,O,O,I
"Desert pavement and vesicular layer of some soils of the Lahontan Basin, Nevada",B,title,I
. In: ,O,O,I
Proceedings of the Soil Scientific Society of America,B,source,I
 ,O,O,I
22,B,volume,I
", ",O,O,I
63,B,fpage,I
–,O,O,I
66,B,lpage,I
".
",O,O,I
STEPHENS,B,author,B
", ",I,author,I
C. G.,I,author,I
 (,O,O,I
1964,B,year,I
): ,O,O,I
Silcretes of central Australia,B,title,I
. In: ,O,O,I
Nature,B,source,I
 ,O,O,I
203,B,volume,I
", ",O,O,I
1407,B,issue,I
".
",O,O,I
STIRTON,B,author,B
", ",I,author,I
R. A.,I,author,I
; ,O,O,I
TEDFORD,B,author,I
", ",I,author,I
R. H.,I,author,I
 a. ,O,O,I
MILLER,B,author,I
", ",I,author,I
A. H.,I,author,I
 (,O,O,I
1961,B,year,I
): ,O,O,I
"Cainozoic stratigraphy and vertebrate palaeontology of the Tirari Desert, South Australia",B,title,I
. In: ,O,O,I
Records of the South Australian Museum,B,source,I
 ,O,O,I
14,B,volume,I
", ",O,O,I
19,B,fpage,I
–,O,O,I
61,B,lpage,I
".
",O,O,I
STURT,B,author,B
", ",I,author,I
C,I,author,I
. (,O,O,I
1849,B,year,I
): ,O,O,I
"Narrative of an Expedition into Central Australia performed under the Authority of Her Majesty’s Government during the years 1844, 5, and 6",B,title,I
. ,O,O,I
London,B,other,I
".
",O,O,I
SYMMONS,B,author,B
",",I,author,I
 P. M.,I,author,I
 a. ,O,O,I
HEMMING,B,author,I
", ",I,author,I
C. F.,I,author,I
 (,O,O,I
1968,B,year,I
): ,O,O,I
A note on wind stable stone mantles in the southern Sahara,B,title,I
. In: ,O,O,I
Geographical Journal,B,source,I
 ,O,O,I
134,B,volume,I
", ",O,O,I
60,B,fpage,I
–,O,O,I
64,B,lpage,I
".
",O,O,I
TAYLOR,B,author,B
", ",I,author,I
G,I,author,I
.; ,O,O,I
TAYLOR,B,author,I
", ",I,author,I
G. R.,I,author,I
; ,O,O,I
BINK,B,author,I
", ",I,author,I
M,I,author,I
.; ,O,O,I
FOUDOULIS,B,author,I
", ",I,author,I
C,I,author,I
.; ,O,O,I
GORDON,B,author,I
", ",I,author,I
I,I,author,I
.; ,O,O,I
HEDSTROM,B,author,I
", ",I,author,I
J,I,author,I
.; ,O,O,I
MINELLO,B,author,I
", ",I,author,I
J,I,author,I
. a. ,O,O,I
WHIPPY,B,author,I
", ",I,author,I
F,I,author,I
. (,O,O,I
1985,B,year,I
): ,O,O,I
Pre-basaltic topography of the northern Monaro and its implications,B,title,I
. In: ,O,O,I
Australian Journal of Earth Sciences,B,source,I
 ,O,O,I
32,B,volume,I
", ",O,O,I
65,B,fpage,I
–,O,O,I
71,B,lpage,I
".
",O,O,I
TOWNSEND,B,author,B
", ",I,author,I
R. J.,I,author,I
 a. ,O,O,I
THORNTON,B,author,I
", ",I,author,I
R. C. N.,I,author,I
 (,O,O,I
1975,B,year,I
): ,O,O,I
Innamincka. Sheet SG 54–14 Zone 6,B,title,I
. ,O,O,I
"Geological Atlas 1:250,000 Series, South Australia",B,source,I
".
",O,O,I
TWIDALE,B,author,B
", ",I,author,I
C. R.,I,author,I
 (,O,O,I
1972,B,year,I
): ,O,O,I
"Landform development in the Lake Eyre region, Australia",B,title,I
. In: ,O,O,I
Geographical Review,B,source,I
 ,O,O,I
62,B,volume,I
", ",O,O,I
40,B,fpage,I
–,O,O,I
70,B,lpage,I
".
",O,O,I
TWIDALE,B,author,B
", ",I,author,I
C. R.,I,author,I
 (,O,O,I
1978,B,year,I
): ,O,O,I
On the origin of pediments in different structural settings,B,title,I
. In: ,O,O,I
American Journal of Science,B,source,I
 ,O,O,I
278,B,volume,I
", ",O,O,I
1138,B,fpage,I
–,O,O,I
1176,B,lpage,I
".
",O,O,I
TWIDALE,B,author,B
", ",I,author,I
C. R.,I,author,I
 (,O,O,I
1983,B,year,I
): ,O,O,I
Australian laterites and silcretes: ages and significance,B,title,I
. In: ,O,O,I
Revue de Géologie Dynamique et Géographie Physique,B,source,I
 ,O,O,I
24,B,volume,I
", ",O,O,I
35,B,fpage,I
–,O,O,I
45,B,lpage,I
".
",O,O,I
TWIDALE,B,author,B
", ",I,author,I
C. R.,I,author,I
 (,O,O,I
1985,B,year,I
): ,O,O,I
Old land surfaces and their implications for models of landscape evolution,B,title,I
. In: ,O,O,I
Revue de Géomorphologie Dynamique,B,source,I
 ,O,O,I
34,B,volume,I
", ",O,O,I
131,B,fpage,I
–,O,O,I
147,B,lpage,I
".
",O,O,I
TWIDALE,B,author,B
", ",I,author,I
C. R.,I,author,I
 (,O,O,I
1990,B,year,I
): ,O,O,I
The origin and implications of some erosional landforms,B,title,I
. In: ,O,O,I
Journal of Geology,B,source,I
 ,O,O,I
98,B,volume,I
", ",O,O,I
343,B,fpage,I
–,O,O,I
364,B,lpage,I
".
",O,O,I
TWIDALE,B,author,B
", ",I,author,I
C. R.,I,author,I
 (,O,O,I
2002,B,year,I
): ,O,O,I
"The two-stage concept of landform and landscape development involving etching: origin, development and implications of an idea",B,title,I
. In: ,O,O,I
Earth-Science Reviews,B,source,I
 ,O,O,I
57,B,volume,I
", ",O,O,I
37,B,fpage,I
–,O,O,I
74,B,lpage,I
".
",O,O,I
TWIDALE,B,author,B
", ",I,author,I
C. R.,I,author,I
 a. ,O,O,I
BOURNE,B,author,I
", ",I,author,I
J. A.,I,author,I
 (,O,O,I
1996,B,year,I
): ,O,O,I
Development of the land surface,B,title,I
. In: ,O,O,I
"DAVIES, M.",B,editor,I
; ,O,O,I
"TWIDALE, C. R.",B,editor,I
 a. ,O,O,I
"TYLER, M. J.",B,editor,I
 (Eds.): ,O,O,I
Natural History of the Flinders Ranges,B,source,I
. ,O,O,I
Adelaide,B,other,I
", ",O,O,I
46,B,fpage,I
–,O,O,I
62,B,lpage,I
".
",O,O,I
TWIDALE,B,author,B
", ",I,author,I
C. R.,I,author,I
 a. ,O,O,I
CAMPBELL,B,author,I
", ",I,author,I
E. M.,I,author,I
 (,O,O,I
1986,B,year,I
): ,O,O,I
Localised inversion on steep hillslopes: gully gravure in weak and in resistant rocks,B,title,I
. In: ,O,O,I
Zeitschrift für Geomorphologie,B,source,I
 ,O,O,I
30,B,volume,I
", ",O,O,I
35,B,fpage,I
–,O,O,I
46,B,lpage,I
".
",O,O,I
TWIDALE,B,author,B
",",I,author,I
 C. R.,I,author,I
 a. ,O,O,I
MILNES,B,author,I
", ",I,author,I
A. R.,I,author,I
 (,O,O,I
1983,B,year,I
a): ,O,O,I
Slope processes active late in arid scarp retreat,B,title,I
. In: ,O,O,I
Zeitschrift für Geomorphologie,B,source,I
 ,O,O,I
27,B,volume,I
", ",O,O,I
343,B,fpage,I
–,O,O,I
361,B,lpage,I
".
",O,O,I
TWIDALE,B,author,B
",",I,author,I
 C. R.,I,author,I
 a. ,O,O,I
MILNES,B,author,I
", ",I,author,I
A. R.,I,author,I
 (,O,O,I
1983,B,year,I
b): ,O,O,I
An overview of silicification in Cainozoic landscapes of arid central and southern Australia,B,title,I
. In: ,O,O,I
Australian Journal of Soil Research,B,source,I
 ,O,O,I
21,B,volume,I
", ",O,O,I
387,B,fpage,I
–,O,O,I
410,B,lpage,I
".
",O,O,I
TWIDALE,B,author,B
", ",I,author,I
C. R.,I,author,I
; ,O,O,I
PRESCOTT,B,author,I
", ",I,author,I
J. R.,I,author,I
; ,O,O,I
BOURNE,B,author,I
", ",I,author,I
J. A.,I,author,I
 a. ,O,O,I
WILLIAMS,B,author,I
", ",I,author,I
F. M.,I,author,I
 (,O,O,I
2001,B,year,I
): ,O,O,I
"Age of desert dunes near Birdsville, southwest Queensland",B,title,I
. In: ,O,O,I
Quaternary Science Reviews,B,source,I
 ,O,O,I
20,B,volume,I
 (,O,O,I
12,B,issue,I
"), ",O,O,I
81,B,fpage,I
–,O,O,I
91,B,lpage,I
".
",O,O,I
VAN DIJK,B,author,B
", ",I,author,I
D. C.,I,author,I
 a. ,O,O,I
BECKMANN,B,author,I
", ",I,author,I
G. G.,I,author,I
 (,O,O,I
1978,B,year,I
): ,O,O,I
"The Yuleba Hardpan and its relationship to soil-geomorphic history, in the Yuleba-Tara region, southeast Queensland",B,title,I
. In: ,O,O,I
"LANG-FORD-SMITH, T.",B,editor,I
 (Ed.): ,O,O,I
Silcrete in Australia,B,source,I
. ,O,O,I
"Armidale, NSW",B,other,I
", ",O,O,I
73,B,fpage,I
–,O,O,I
91,B,lpage,I
".
",O,O,I
WEBB,B,author,B
", ",I,author,I
R. H.,I,author,I
 (,O,O,I
1983,B,year,I
): ,O,O,I
Compaction of desert soils by off-road vehicles,B,title,I
. In: ,O,O,I
"WEBB, R. H.",B,editor,I
 a. ,O,O,I
"WILSHIRE, H. G.",B,editor,I
 (Eds.): ,O,O,I
Environmental Effects of Off-Road Vehicles. Impacts and Management in Arid Regions,B,source,I
. ,O,O,I
New York,B,other,I
", ",O,O,I
51,B,fpage,I
–,O,O,I
79,B,lpage,I
".
",O,O,I
WHITEHOUSE,B,author,B
", ",I,author,I
F. W.,I,author,I
 (,O,O,I
1941,B,year,I
): ,O,O,I
The surface of western Queensland,B,title,I
. In: ,O,O,I
Proceedings of the Royal Society of Queensland,B,source,I
 ,O,O,I
53,B,volume,I
", ",O,O,I
1,B,fpage,I
–,O,O,I
22,B,lpage,I
".
",O,O,I
WILLIAMS,B,author,B
", ",I,author,I
A. F.,I,author,I
 (,O,O,I
1973,B,year,I
): ,O,O,I
Pandie Pandie. Sheet SG 54–9 Zones 5 & 6,B,title,I
. ,O,O,I
"Geological Atlas 1:250,000 Series, South Australia",B,source,I
".
",O,O,I
WILLIAMS,B,author,B
", ",I,author,I
A. F.,I,author,I
 a. ,O,O,I
MOND,B,author,I
 ,I,author,I
A,I,author,I
. (,O,O,I
1973,B,year,I
): ,O,O,I
Gason. Sheet SG 54–13  Zones 5 & 6,B,title,I
. ,O,O,I
"Geological Atlas 1:250,000 Series, South  Australia",B,source,I
".
",O,O,I
"WILLS, W.",B,editor,B
 (Ed.) (,O,O,I
1863,B,year,I
): ,O,O,I
"A successful exploration through the interior of Australia, from Melbourne to the Gulf of Carpentaria; from the journals and letters of William John Wills",B,title,I
. ,O,O,I
London,B,other,I
".
",O,O,I
WOPFNER,B,author,B
", ",I,author,I
H,I,author,I
. (,O,O,I
1960,B,year,I
): ,O,O,I
On some structural development in the central part of the Great Australian Artesian Basin,B,title,I
. In: ,O,O,I
Transactions of the Royal Society of South Australia,B,source,I
 ,O,O,I
83,B,volume,I
", ",O,O,I
179,B,fpage,I
–,O,O,I
194,B,lpage,I
".
",O,O,I
WOPFNER,B,author,B
", ",I,author,I
H,I,author,I
. (,O,O,I
1974,B,year,I
): ,O,O,I
Post-Eocene history and stratigraphy of northeastern South-Australia,B,title,I
. In: ,O,O,I
Transactions of the Royal Society of South Australia,B,source,I
 ,O,O,I
98,B,volume,I
", ",O,O,I
1,B,fpage,I
–,O,O,I
12,B,lpage,I
".
",O,O,I
WOPFNER,B,author,B
", ",I,author,I
H,I,author,I
. (,O,O,I
1978,B,year,I
): ,O,O,I
Silcretes of northern South Australia and adjacent regions,B,title,I
. In: ,O,O,I
"LANGFORD-SMITH, T.",B,editor,I
 (Ed.): ,O,O,I
Silcrete in Australia,B,source,I
. ,O,O,I
"Armidale, NSW",B,other,I
", ",O,O,I
93,B,fpage,I
–,O,O,I
141,B,lpage,I
".
",O,O,I
WOPFNER,B,author,B
", ",I,author,I
H,I,author,I
. a. ,O,O,I
TWIDALE,B,author,I
", ",I,author,I
C. R.,I,author,I
 (,O,O,I
1967,B,year,I
): ,O,O,I
Geomorphological History of the Lake Eyre Basin,B,title,I
. In: ,O,O,I
"JENNINGS, J. N.",B,editor,I
 a. ,O,O,I
"MABBUTT, J. A.",B,editor,I
 (Eds.): ,O,O,I
Landform Studies from Australia and New Guinea,B,source,I
. ,O,O,I
Canberra,B,other,I
", ",O,O,I
117,B,fpage,I
–,O,O,I
143,B,lpage,I
".
",O,O,I
WRIGHT,B,author,B
",",I,author,I
 M. J.,I,author,I
; ,O,O,I
FITZPATRICK,B,author,I
", ",I,author,I
R. W.,I,author,I
 a. ,O,O,I
WELLS,B,author,I
", ",I,author,I
C. B.,I,author,I
 (,O,O,I
1990,B,year,I
): ,O,O,I
Soils,B,title,I
. In: ,O,O,I
"TYLER, M. J.",B,editor,I
; ,O,O,I
"TWIDALE, C. R.",B,editor,I
; ,O,O,I
"DAVIES, M.",B,editor,I
 a. ,O,O,I
"WELLS, C. B.",B,editor,I
 (Eds.): ,O,O,I
Natural History of the North East Deserts,B,source,I
. ,O,O,I
Adelaide,B,other,I
", ",O,O,I
61,B,fpage,I
–,O,O,I
74,B,lpage,I
".
",O,O,I
WRIGHT,B,author,B
", ",I,author,I
R. L.,I,author,I
 (,O,O,I
1963,B,year,I
): ,O,O,I
"Deep weathering and erosion surfaces in the Daly River Basin, Northern Territory",B,title,I
. In: ,O,O,I
Journal of the Geological Society of Australia,B,source,I
 ,O,O,I
10,B,volume,I
", ",O,O,I
151,B,fpage,I
–,O,O,I
164,B,lpage,I
".
",O,O,I
YOUNG,B,author,B
", ",I,author,I
R. W.,I,author,I
 (,O,O,I
1985,B,year,I
): ,O,O,I
Silcrete distribution in eastern Australia,B,title,I
. In: ,O,O,I
Zeitschrift für Geomorphologie,B,source,I
 ,O,O,I
29,B,volume,I
", ",O,O,I
21,B,fpage,I
–,O,O,I
36,B,lpage,I
".
",O,O,I
YOUNG,B,author,B
", ",I,author,I
R. W.,I,author,I
 a. ,O,O,I
MCDOUGALL,B,author,I
", ",I,author,I
I,I,author,I
. (,O,O,I
1993,B,year,I
): ,O,O,I
"Long-term landsacope evolution, Early Miocene and modern rivers in southern New South Wales",B,title,I
. In: ,O,O,I
Journal of Geology,B,source,I
 ,O,O,I
101,B,volume,I
", ",O,O,I
35,B,fpage,I
–,O,O,I
49,B,lpage,I
".
",O,O,I
YOUNGS,B,author,B
", ",I,author,I
B. C.,I,author,I
 a. ,O,O,I
WOPFNER,B,author,I
", ",I,author,I
H,I,author,I
. (,O,O,I
1972,B,year,I
): ,O,O,I
Subsurface faults and recent earthquakes in the Simpson Desert,B,title,I
. ,O,O,I
Geological Survey of South Australia Quarterly Geological Notes,B,source,I
 ,O,O,I
43,B,volume,I
", ",O,O,I
8,B,fpage,I
–,O,O,I
11,B,lpage,I
.,O,O,I
