token,tag,label,ref
ABBONYI,B,author,B
", ",I,author,I
A,I,author,I
. (,O,O,I
1915,B,year,I
): ,O,O,I
Experimentelle Daten zur Erkennung der Artemiagattung,B,title,I
. ,O,O,I
Z. wiss. Zool.,B,source,I
 ,O,O,I
114,B,volume,I
", S. ",O,O,I
95,B,fpage,I
". 
",O,O,I
BEUCK,B,author,B
", ",I,author,I
H,I,author,I
. (,O,O,I
1916,B,year,I
): ,O,O,I
"Der Urmiasee in Persien, 1 : 500 000",B,title,I
", ",O,O,I
Petermanns Mitt. Tafel B.,B,source,I
"
",O,O,I
GRASSL,B,author,B
", ",I,author,I
J,I,author,I
. (,O,O,I
1855,B,year,I
): ,O,O,I
Neueste Spezialkarte von Persien,B,title,I
. ,O,O,I
MEYERS Handatlas,B,source,I
". 
",O,O,I
HEDIN,B,author,B
", ",I,author,I
S,I,author,I
. (,O,O,I
1951,B,year,I
): ,O,O,I
Transhimalaya,B,title,I
. ,O,O,I
Brockhaus,B,source,I
". 
",O,O,I
KAEHNE,B,author,B
", ",I,author,I
K,I,author,I
. (,O,O,I
1923,B,year,I
): ,O,O,I
Beiträge zur physischen Geographie des Urmiabeckens,B,title,I
. ,O,O,I
Z. Ges. Erdk. Berlin,B,source,I
", No ",O,O,I
3-4,B,volume,I
", Seite ",O,O,I
104,B,fpage,I
-,O,O,I
131,B,lpage,I
". 
",O,O,I
Karte des Russischen Generalstabes 1 : 420 000,B,title,B
", ",O,O,I
1914,B,year,I
". 
",O,O,I
KHANIKOFF,B,author,B
", ",I,author,I
N,I,author,I
. (,O,O,I
1862,B,year,I
): ,O,O,I
Map of Azerbaidjan 1 : 800 000,B,title,I
", ",O,O,I
Berlin,B,other,I
". 
",O,O,I
MORGAN,B,author,B
", ",I,author,I
J. de,I,author,I
 (,O,O,I
1894-1905,B,year,I
): ,O,O,I
Mission scientifique en Perse,B,title,I
", ",O,O,I
Paris,B,other,I
". 
",O,O,I
PLATTNER,B,author,B
", ",I,author,I
F,I,author,I
. (,O,O,I
1955,B,year,I
a): ,O,O,I
Der osmotische Druck von Artemia salina,B,title,I
. ,O,O,I
Pfügers Archiv,B,source,I
 ,O,O,I
261,B,volume,I
", S. ",O,O,I
172,B,fpage,I
-,O,O,I
182,B,lpage,I
". 
",O,O,I
PLATTNER,B,author,B
", ",I,author,I
F,I,author,I
. (,O,O,I
1955,B,year,I
b): ,O,O,I
Über den Salzgehalt des Urmiasees,B,title,I
. ,O,O,I
Petermanns Mitt.,B,source,I
 S. ,O,O,I
276,B,fpage,I
-,O,O,I
278,B,lpage,I
". 
",O,O,I
PLATTNER,B,author,B
", ",I,author,I
F,I,author,I
. (,O,O,I
1960,B,year,I
): ,O,O,I
Provitamin A in Sea Weeds of Lake Rezayeh,B,title,I
 ,O,O,I
Acta medica Iranica,B,source,I
 S. ,O,O,I
26,B,fpage,I
-,O,O,I
29,B,lpage,I
", Vol. ",O,O,I
III,B,volume,I
". 
",O,O,I
PLATTNER,B,author,B
", ",I,author,I
F,I,author,I
. (,O,O,I
1963,B,year,I
): ,O,O,I
Klimatologische Beobachtungen in Nordwest-Iran,B,title,I
 ,O,O,I
Meteorol. Rundschau,B,source,I
 S. ,O,O,I
13,B,fpage,I
-,O,O,I
15,B,lpage,I
", Bd. ",O,O,I
16,B,volume,I
". 
",O,O,I
POCHMANN,B,author,B
", ",I,author,I
A,I,author,I
. (,O,O,I
1959,B,year,I
): ,O,O,I
"Über Choanogaster, einen neuen farblosen Salzflagellaten vom Urmiasee",B,title,I
", ",O,O,I
Arch. f. Protistenkunde,B,source,I
 ,O,O,I
103,B,volume,I
", S. ",O,O,I
507,B,fpage,I
-,O,O,I
530,B,lpage,I
". 
",O,O,I
SCHMIDT-NIELSON,B,author,B
 ,O,O,I
et al.,B,other,I
 (,O,O,I
1958,B,year,I
): ,O,O,I
Extrarenal Salt Excretion in Birds,B,title,I
. ,O,O,I
Am. J. Physiol.,B,source,I
 ,O,O,I
193,B,volume,I
", S. ",O,O,I
101,B,fpage,I
-,O,O,I
107,B,lpage,I
". 
",O,O,I
SIEGER,B,author,B
", ",I,author,I
R,I,author,I
. (,O,O,I
1888,B,year,I
): ,O,O,I
Die Schwankungen der hocharmenischen Seen seit 1800,B,title,I
 ... ,O,O,I
Miet. d. k. k. geograph. Ges. Wien,B,source,I
", S. ",O,O,I
95,B,fpage,I
-,O,O,I
159,B,lpage,I
. ,O,O,I
