token,tag,label,ref
Amtliches Gemeindeverzeichnis für das Deutsche Reich,B,title,B
 (,O,O,I
1941,B,year,I
). ,O,O,I
Berlin,B,other,I
".
",O,O,I
BARRAN,B,author,B
", ",I,author,I
F,I,author,I
. (,O,O,I
1991,B,year,I
): ,O,O,I
Städte-Atlas Ostpreußen,B,title,I
. ,O,O,I
Leer,B,other,I
".
",O,O,I
BARRAN,B,author,B
", ",I,author,I
F,I,author,I
. (,O,O,I
1992,B,year,I
): ,O,O,I
Nördliches Ostpreußen – Königsberger Gebiet und Memelland. Ortsnamenverzeichnis und Karte,B,title,I
. ,O,O,I
Leer,B,other,I
".
",O,O,I
BILTSCHAK,B,author,B
", ",I,author,I
W. S.,I,author,I
 (,O,O,I
BILCAK,B,author,I
", ",I,author,I
V. S.,I,author,I
) (,O,O,I
1991,B,year,I
): ,O,O,I
Ucet regionalnyh faktorov v formirovanij sozialnyh program,B,title,I
. In: ,O,O,I
Geograficeskie problemy ekonomiceskoi samostojatelnosti Kaliningradskoi oblasti,B,source,I
. S. ,O,O,I
23,B,fpage,I
-,O,O,I
28,B,lpage,I
".
",O,O,I
JEREMEJEW,B,author,B
", ",I,author,I
W. G.,I,author,I
 (,O,O,I
EREMEEV,B,author,I
", ",I,author,I
V. G.,I,author,I
) (,O,O,I
1990,B,year,I
): ,O,O,I
Perspektivy razvitija stroitelnovo kompleksa Kaliningradskoi oblasti,B,title,I
. In: ,O,O,I
Geograficeskoe prognosirovanie sozialno-ekono-miceskovo razvitija Kaliningradskoi oblasti,B,source,I
".
",O,O,I
DREVES,B,author,B
", ",I,author,I
E,I,author,I
. (,O,O,I
1933,B,year,I
): ,O,O,I
Führer von Insterburg und Umgegend und durch Ostpreußen,B,title,I
. ,O,O,I
Insterburg,B,other,I
".
",O,O,I
FJODOROW,B,author,B
", ",I,author,I
G. M.,I,author,I
", & ",O,O,I
U. M.,B,author,I
 ,I,author,I
SWEREW,I,author,I
 (,O,O,I
FEDOROV,B,author,I
", ",I,author,I
G. M.,I,author,I
", &",O,O,I
 U. M.,B,author,I
 ,I,author,I
ZVEREV,I,author,I
) (,O,O,I
1992,B,year,I
): ,O,O,I
"Kalinin gradskaja oblast – SEZ ,Jantar“",B,title,I
. ,O,O,I
Kaliningrad,B,other,I
".
",O,O,I
FJODOROW,B,author,B
", ",I,author,I
G. M.,I,author,I
", ",O,O,I
et al.,B,other,I
  (,O,O,I
FEDOROV,B,author,I
", ",I,author,I
G. M.,I,author,I
", ",O,O,I
et al.,B,other,I
) (,O,O,I
1993,B,year,I
): ,O,O,I
Strategija razvitija regiona,B,title,I
. ,O,O,I
Kaliningrad,B,other,I
".
",O,O,I
HENNIG,B,author,B
",  ",I,author,I
K,I,author,I
. (,O,O,I
1981,B,year,I
): ,O,O,I
Der Landkreis Insterburg – ein Ortsnamenlexikon,B,title,I
".
",O,O,I
HEYNIKE,B,author,B
", ",I,author,I
H,I,author,I
. (,O,O,I
1931,B,year,I
): ,O,O,I
Entwicklung der ostpreußischen Städte – eine wirtschaftshistorische Untersuchung,B,title,I
. ,O,O,I
Königsberg,B,other,I
".
",O,O,I
KNAPPE,B,author,B
", ",I,author,I
E,I,author,I
. (,O,O,I
1993,B,year,I
): ,O,O,I
Der Wandel der Landnutzung im Kaliningrader Gebiet,B,title,I
. In: ,O,O,I
Europa Regional,B,source,I
  ,O,O,I
2/93,B,volume,I
 S. ,O,O,I
22,B,fpage,I
-,O,O,I
30,B,lpage,I
".
",O,O,I
KORNEEWEZ,B,author,B
", ",I,author,I
W. S.,I,author,I
 (,O,O,I
KORNEEVEC,B,author,I
", ",I,author,I
V. S.,I,author,I
) ( ,O,O,I
1994,B,year,I
): ,O,O,I
Zur Prognose der Bevölkerungsentwicklung in Zeiten extremer Veränderungsprozesse,B,title,I
. ,O,O,I
Kaliningrad,B,other,I
".
",O,O,I
"MÜLLER-HERMANN, E.",B,editor,B
  (Hrsg.) (,O,O,I
1994,B,year,I
): ,O,O,I
Königsberg/Kaliningrad unter europäischen Perspektiven,B,title,I
. ,O,O,I
Bremen,B,other,I
".
",O,O,I
NISNEWITSCH,B,author,B
", ",I,author,I
B,I,author,I
. (,O,O,I
NISNEVIC,B,author,I
", ",I,author,I
B,I,author,I
.) (,O,O,I
1994,B,year,I
): ,O,O,I
I est voprosy bez otvetov,B,title,I
. In: ,O,O,I
Kaliningradskaja Pravda,B,source,I
 ,O,O,I
24.09.1994,B,volume,I
. ,O,O,I
Kaliningrad,B,other,I
".
",O,O,I
OBGARTEL,B,author,B
", ",I,author,I
W,I,author,I
. (,O,O,I
1931,B,year,I
): ,O,O,I
Die Kreise Insterburg Stadt und Land Insterburg,B,title,I
".
",O,O,I
ORLOWA,B,author,B
",",I,author,I
T. O.,I,author,I
 (,O,O,I
ORLOVA,B,author,I
", ",I,author,I
T. O.,I,author,I
) (,O,O,I
1991,B,year,I
): ,O,O,I
Razvitie obsestvenovo samoupravlenija kak metod soversenstvovanija upravlenija gorodom,B,title,I
. In: ,O,O,I
Geograficeskie problemy ekonomiceskoi samostojatenosti Kalininkradskoi oblasti,B,source,I
", S. ",O,O,I
94,B,fpage,I
 -,O,O,I
98,B,lpage,I
".
",O,O,I
PANOW,B,author,B
", ",I,author,I
W. K.,I,author,I
 (,O,O,I
PANOV,B,author,I
", ",I,author,I
V. K.,I,author,I
) (,O,O,I
1948,B,year,I
): ,O,O,I
K voprosu o specialisacij selskovo hozaistva Kaliningradskoi oblasti,B,title,I
", S. ",O,O,I
94,B,fpage,I
-,O,O,I
98,B,lpage,I
".
",O,O,I
RICHTER,B,author,B
", ",I,author,I
F,I,author,I
. (,O,O,I
1984,B,year,I
): ,O,O,I
Industriepolitik im agrarischen Osten,B,title,I
. ,O,O,I
Wiesbaden,B,other,I
".
",O,O,I
SACHAROW,B,author,B
", ",I,author,I
E,I,author,I
. (,O,O,I
SACHAROV,B,author,I
", ",I,author,I
E,I,author,I
.) (,O,O,I
1968,B,year,I
): ,O,O,I
Kaliningradskaja oblast v cifrah,B,title,I
. ,O,O,I
Kaliningrad,B,other,I
".
",O,O,I
SCHEU,B,author,B
", ",I,author,I
E,I,author,I
. (,O,O,I
1936,B,year,I
): ,O,O,I
Ostpreußen – Eine wirtschaftsgeographische Landeskunde,B,title,I
. ,O,O,I
Königsberg,B,other,I
".
",O,O,I
UTUKIN,B,author,B
", ",I,author,I
N. M.,I,author,I
 (,O,O,I
1992,B,year,I
): ,O,O,I
Razvitie  malyh gorodov i rayonov Kaliningradskoi oblasti v usloviah rynocnyh otnosenij,B,title,I
. In: ,O,O,I
Regionalnye issledovanija Kaliningradskoi oblasti itogi i perspektivij,B,source,I
", S. ",O,O,I
80,B,fpage,I
-,O,O,I
91,B,lpage,I
".
",O,O,I
VON BATOCKI,B,author,B
", & ",O,O,I
G,B,author,I
. ,I,author,I
SCHACK,I,author,I
 (,O,O,I
1929,B,year,I
): ,O,O,I
Bevölkerung und Wirtschaft in Ostpreußen,B,title,I
. ,O,O,I
Jena,B,other,I
".
",O,O,I
WAACK,B,author,B
", ",I,author,I
CH,I,author,I
. (,O,O,I
1994,B,year,I
): ,O,O,I
Die ländlichen Siedlungen und ihre zentralen Orte im polnisch-russischen Grenzgebiet – ein zeitlicher und räumlicher Vergleich,B,title,I
. Diplomarbeit ,O,O,I
Hannover,B,other,I
".
",O,O,I
SWEREW,B,author,B
 ,I,author,I
J. M.,I,author,I
 (,O,O,I
ZVEREV,B,author,I
", ",I,author,I
J. M.,I,author,I
) (,O,O,I
1994,B,year,I
): ,O,O,I
Formulation of Infrastructure of the Free Economic zone Jantar as an Element of Activzation of over the Border-Cooperation,B,title,I
. In: ,O,O,I
Podstawy rozwoju zachodnich i wschodnich obszarow przygranicznych Polski.,B,source,I
 ,O,O,I
Warschau,B,other,I
.,O,O,I
