token,tag,label,ref
AUDRETSCH,B,author,B
", ",I,author,I
D,I,author,I
. u. ,O,O,I
P,B,author,I
. ,I,author,I
COOKE,I,author,I
 (,O,O,I
2001,B,year,I
): ,O,O,I
Die Entwicklung regionaler Biotechnologie-Cluster in den USA und Großbritannien,B,title,I
. In: ,O,O,I
Akademie für Technologiefolgenabschätzung Baden-Württemberg,B,editor,I
 (Hrsg.): ,O,O,I
Arbeitsberichte,B,source,I
", Bd. ",O,O,I
107,B,volume,I
. ,O,O,I
Stuttgart,B,other,I
".
",O,O,I
COOKE,B,author,B
", ",I,author,I
P,I,author,I
. (,O,O,I
2001,B,year,I
): ,O,O,I
Biotechnology Clusters in the U.K.: Lessons from Localisation in the Commercialisation of Science,B,title,I
. In: ,O,O,I
Small Business Economics,B,source,I
", Bd. ",O,O,I
17,B,volume,I
", S. ",O,O,I
43,B,fpage,I
 - ,O,O,I
59,B,lpage,I
".
",O,O,I
COOKE,B,author,B
", ",I,author,I
P,I,author,I
. (,O,O,I
2002,B,year,I
): ,O,O,I
Regional Innovation Systems: General Findings and Some New Evidence from Biotechnology Clusters,B,title,I
. In: ,O,O,I
Journal of Technology Transfer,B,source,I
", Bd. ",O,O,I
27,B,volume,I
", S. ",O,O,I
133,B,fpage,I
 - ,O,O,I
145,B,lpage,I
".
",O,O,I
COOKE,B,author,B
", ",I,author,I
P,I,author,I
. (,O,O,I
2004,B,year,I
): ,O,O,I
Integrating global knowledge flows for generative growth iScotland: life sciences as a knowledge economy exemplar,B,title,I
. In: ,O,O,I
OECD,B,editor,I
 (Hrsg.): ,O,O,I
Global Knowledge Flows and Economic Development,B,source,I
. ,O,O,I
Paris,B,other,I
", S. ",O,O,I
73,B,fpage,I
 - ,O,O,I
95,B,lpage,I
".
",O,O,I
DE LA MOTHE,B,author,B
", ",I,author,I
J,I,author,I
. (,O,O,I
2004,B,year,I
): ,O,O,I
"The innovation solution: some lessons from Scotland, theory and Canadian cities",B,title,I
. In: ,O,O,I
OECD,B,editor,I
 (Hrsg.): ,O,O,I
Global Knowledge Flows and Economic Development,B,source,I
. ,O,O,I
Paris,B,other,I
", S. ",O,O,I
97,B,fpage,I
-,O,O,I
111.,B,lpage,I
"
",O,O,I
Department of Trade and Industry,B,editor,B
 (Hrsg.) (,O,O,I
1999,B,year,I
a): ,O,O,I
Biotechnology Clusters. Report of a team led by Lord Sainsbury,B,title,I
. ,O,O,I
London,B,other,I
".
",O,O,I
Department of Trade and Industry,B,editor,B
 (Hrsg.) (,O,O,I
1999,B,year,I
b): ,O,O,I
Genome Valley. The Economic Potential and Strategic Importance of Biotechnology in the UK,B,title,I
. ,O,O,I
London,B,other,I
".
",O,O,I
Department of Trade and Industry,B,editor,B
 (Hrsg.) (,O,O,I
2000,B,year,I
a): ,O,O,I
Business Clusters in the UK: A First Assessment,B,title,I
", Bd. ",O,O,I
1,B,volume,I
. ,O,O,I
London,B,other,I
".
",O,O,I
Department of Trade and Industry,B,editor,B
 (Hrsg.) (,O,O,I
2000,B,year,I
b): ,O,O,I
Business Clusters in the UK: A First Assessment,B,title,I
", Bd. ",O,O,I
2,B,volume,I
. ,O,O,I
London,B,other,I
".
",O,O,I
Department of Trade and Industry,B,editor,B
 (Hrsg.) (,O,O,I
2003,B,year,I
): ,O,O,I
"Bioscience 2015. Improving National Health, Improving National Wealth",B,title,I
. ,O,O,I
London,B,other,I
".
",O,O,I
DIERKES,B,author,B
", ",I,author,I
M,I,author,I
. u. ,O,O,I
A,B,author,I
. ,I,author,I
BERTHOIN ANTAL,I,author,I
 (,O,O,I
1999,B,year,I
): ,O,O,I
Lernen als sozialer Prozess,B,title,I
. In: ,O,O,I
INFO. Mitteilungsblatt der Gottlieb Daimler- und Karl Benz Stiftung,B,source,I
", Heft ",O,O,I
19,B,issue,I
", S. ",O,O,I
1,B,fpage,I
 - ,O,O,I
4,B,lpage,I
".
",O,O,I
GASKELL,B,author,B
", ",I,author,I
G,I,author,I
"., ",O,O,I
N,B,author,I
. ,I,author,I
ALLUM,I,author,I
 u. ,O,O,I
S,B,author,I
. ,I,author,I
STARES,I,author,I
 (,O,O,I
2003,B,year,I
): ,O,O,I
Europeans and Biotechnology in 2002. A report to the EC Directorate General for Research from the project ‘Life Sciences in European Society’,B,title,I
. In: ,O,O,I
Eurobarometer,B,source,I
 ,O,O,I
58.0,B,volume,I
. ,O,O,I
London,B,other,I
".
",O,O,I
HILPERT,B,author,B
", ",I,author,I
M,I,author,I
. (,O,O,I
2000,B,year,I
): ,O,O,I
"High-Tech-Regionen. Tragfähigkeit, Lebenszyklen und Arbeitsmärkte",B,title,I
. In: ,O,O,I
"SCHAFFER, F.",B,editor,I
 u. ,O,O,I
K. THIEME,B,editor,I
 (Hrsg.): ,O,O,I
Innovative Regionen. Umsetzung in die Praxis,B,source,I
. ,O,O,I
Augsburg,B,other,I
", S. ",O,O,I
105,B,fpage,I
-,O,O,I
124,B,lpage,I
".
",O,O,I
HILPERT,B,author,B
", ",I,author,I
M,I,author,I
. (,O,O,I
2001,B,year,I
): ,O,O,I
Regionaldarwinismus – Evolution von High-Tech-Regionen,B,title,I
. In: ,O,O,I
Zeitschrift für Wirtschaftsgeographie,B,source,I
", Heft ",O,O,I
2,B,issue,I
", S. ",O,O,I
73,B,fpage,I
 - ,O,O,I
84,B,lpage,I
".
",O,O,I
HILPERT,B,author,B
", ",I,author,I
M,I,author,I
. (,O,O,I
2002,B,year,I
): ,O,O,I
"Schatten über Silicon Glen? Aufstieg, Glanz und Krise der schottischen High-Tech-Region",B,title,I
. In: ,O,O,I
Europa Regional,B,source,I
", Heft ",O,O,I
1,B,issue,I
", S. ",O,O,I
21,B,fpage,I
 - ,O,O,I
27,B,lpage,I
".
",O,O,I
HILPERT,B,author,B
", ",I,author,I
M,I,author,I
. u. ,O,O,I
B,B,author,I
. ,I,author,I
KRÄUSSLICH,I,author,I
 (,O,O,I
2004,B,year,I
): ,O,O,I
Schottland. Eine sozial- und wirtschaftsgeographische Exkursion,B,title,I
. In: ,O,O,I
"HILPERT, M.",B,editor,I
", ",O,O,I
W. POSCHWATTA,B,editor,I
 u. ,O,O,I
K. THIEME,B,editor,I
 (Hrsg.): ,O,O,I
Tellus Facta. Beiträge zur angewandten Sozial- und Wirtschaftsgeographie,B,source,I
", Bd. ",O,O,I
5,B,volume,I
. ,O,O,I
Augsburg,B,other,I
".
",O,O,I
HILPERT,B,author,B
", ",I,author,I
M,I,author,I
. u. ,O,O,I
W,B,author,I
. ,I,author,I
HUBER,I,author,I
 (,O,O,I
2001,B,year,I
): ,O,O,I
Silicon Glen – Schottlands High-Tech-Region,B,title,I
. In: ,O,O,I
Geographie und Schule,B,source,I
", Heft ",O,O,I
134,B,issue,I
", S. ",O,O,I
43,B,fpage,I
 - ,O,O,I
46,B,lpage,I
".
",O,O,I
KRUGMAN,B,author,B
", ",I,author,I
P,I,author,I
. (,O,O,I
1996,B,year,I
): ,O,O,I
The Self-organizing Economy,B,title,I
. ,O,O,I
Cambridge,B,other,I
".
",O,O,I
LEIBOVITZ,B,author,B
", ",I,author,I
J,I,author,I
. (,O,O,I
2004,B,year,I
): ,O,O,I
‘Embryonic’ Knowledge-based Clusters and Cities: The Case of Biotechnology in Scotland,B,title,I
. In: ,O,O,I
Urban Studies,B,source,I
", Heft ",O,O,I
5/6,B,issue,I
", S. ",O,O,I
1133,B,fpage,I
 - ,O,O,I
1155,B,lpage,I
". 
",O,O,I
O.V.,B,author,B
 (,O,O,I
2004,B,year,I
): ,O,O,I
BASF erwägt Verlagerung der Genforschung,B,title,I
. In: ,O,O,I
Süddeutsche Zeitung vom 28.09.2004,B,source,I
", S. ",O,O,I
22,B,fpage,I
".
",O,O,I
PIORE,B,author,B
", ",I,author,I
M. J.,I,author,I
 u. ,O,O,I
C. F.,B,author,I
 ,I,author,I
SABEL,I,author,I
 (,O,O,I
1984,B,year,I
): ,O,O,I
The Second Industrial Divide,B,title,I
. ,O,O,I
New York,B,other,I
".
",O,O,I
PORTER,B,author,B
", ",I,author,I
M,I,author,I
. (,O,O,I
2000,B,year,I
): ,O,O,I
"Location, competition and economic development: local clusters in a global economy",B,title,I
. In: ,O,O,I
Economic Development Quarterly,B,source,I
", Heft ",O,O,I
14,B,issue,I
", S. ",O,O,I
15,B,fpage,I
-,O,O,I
34,B,lpage,I
".
",O,O,I
Scottish Enterprise,B,editor,B
 (,O,O,I
1999,B,year,I
): ,O,O,I
Biotechnology Report,B,title,I
. ,O,O,I
Edinburgh,B,other,I
".
",O,O,I
Scottish Enterprise,B,editor,B
 (,O,O,I
2003,B,year,I
a): ,O,O,I
2003/2004 Operating Plan: Growing Businesses,B,title,I
. Online: ,O,O,I
www.Scottish-enterprise.com,B,url,I
".
",O,O,I
Scottish Enterprise,B,editor,B
 (,O,O,I
2003,B,year,I
b): ,O,O,I
Biotechnology Scotland. Framework for Action 2003 - 2004,B,title,I
. ,O,O,I
Edinburgh,B,other,I
".
",O,O,I
Scottish Enterprise,B,editor,B
 (,O,O,I
2003,B,year,I
c): ,O,O,I
Biotechnology Scotland. Source Book 2003,B,title,I
. ,O,O,I
Edinburgh,B,other,I
".
",O,O,I
Scottish Enterprise,B,editor,B
 (,O,O,I
2004,B,year,I
): ,O,O,I
Operating Plan 2004-2007. Ambitious for Scotland,B,title,I
. ,O,O,I
Edinburgh,B,other,I
".
",O,O,I
Scottish Executive,B,editor,B
 (,O,O,I
2001,B,year,I
): ,O,O,I
"A Smart, Successful Scotland: Ambitions for the Enterprise Networks",B,title,I
. ,O,O,I
Edinburgh,B,other,I
.,O,O,I
