token,tag,label,ref
ANDRLE,B,author,B
", ",I,author,I
A,I,author,I
. (,O,O,I
2000,B,year,I
): ,O,O,I
Zur Besiedlungskonzeption der Tschechischen Republik,B,title,I
", ",O,O,I
Prag,B,other,I
".
",O,O,I
"Bundesministerium für Raumordnung, Bauwesen und Städtebau (BMBau)",B,editor,B
 (Hrsg.) (,O,O,I
1993,B,year,I
): ,O,O,I
Internationales Forschungsseminar Große Neubaugebiete vom 1.12.-3.12.1992. Dokumentation,B,title,I
. ,O,O,I
Bonn/Berlin,B,other,I
".
",O,O,I
"Bundesministerium für Verkehr, Bau- und Wohnungswesen (BMVBW)",B,editor,B
 (Hrsg.) (,O,O,I
1999,B,year,I
): ,O,O,I
Eine Zukunft für die Plattenbausiedlungen. Abschlussbericht der Forschungsbegleitung zum Bund-Länder-Förderprogramm „Städtebauliche Weiterentwicklung großer Neubaugebiete in den neuen Ländern und im Ostteil Berlins“,B,title,I
. ,O,O,I
Bonn/Berlin,B,other,I
".
",O,O,I
"Bundesministerium für Verkehr, Bau- und Wohnungswesen, Sächsisches Staatsministerium des Innern, Stadt Leipzig (BMVBW)",B,editor,B
 (Hrsg.) (,O,O,I
2000,B,year,I
): ,O,O,I
Nationale Referenz- und internationale Vergleichsprojekte,B,title,I
".
",O,O,I
BURDACK,B,author,B
", ",I,author,I
J,I,author,I
. u. ,O,O,I
G,B,author,I
. ,I,author,I
HERFERT,I,author,I
 (,O,O,I
1998,B,year,I
): ,O,O,I
Neue Entwicklungen an der Peripherie europäischer Großstädte. Ein Überblick,B,title,I
. In: ,O,O,I
Europa Regional,B,source,I
", H. ",O,O,I
2,B,issue,I
", S. ",O,O,I
26,B,fpage,I
-,O,O,I
44,B,lpage,I
".
",O,O,I
Europäische Kommission (EUREK),B,editor,B
 (,O,O,I
1999,B,year,I
): ,O,O,I
Europäisches Raumentwicklungskonzept. Auf dem Wege zu einer räumlich ausgewogenen und nachhaltigen Entwicklung der Europäischen Union,B,title,I
. ,O,O,I
Luxemburg,B,other,I
".
",O,O,I
FASSMANN,B,author,B
", ",I,author,I
H,I,author,I
. u. ,O,O,I
E,B,author,I
. ,I,author,I
LICHTENBERGER,I,author,I
 (,O,O,I
1995,B,year,I
): ,O,O,I
Phänomene der Transformation: Eine Zusammenfassung,B,title,I
. In: ,O,O,I
"FASSMANN, H.",B,editor,I
u. ,O,O,I
E. LICHTENBERGER,B,editor,I
 (Hrsg.): ,O,O,I
Märkte in Bewegung,B,source,I
. ,O,O,I
"Wien, Köln, Weimar",B,other,I
", ",O,O,I
Böhlau,B,publisher,I
", S. ",O,O,I
227,B,fpage,I
-,O,O,I
244,B,lpage,I
".
",O,O,I
FASSMANN,B,author,B
", ",I,author,I
H,I,author,I
. (,O,O,I
1997,B,year,I
): ,O,O,I
Veränderungen des Städtesystems in Ostmitteleuropa,B,title,I
. In: ,O,O,I
"KOVÁCS, Z.",B,editor,I
 u. ,O,O,I
R. WIESSNER,B,editor,I
 (Hrsg.): ,O,O,I
Prozesse und Perspektiven der Stadtentwicklung in Ostmitteleuropa. (Münchener Geographische Hefte,B,source,I
 Nr.,O,O,I
76,B,volume,I
"), ",O,O,I
L.I.S Verlag,B,publisher,I
", ",O,O,I
Passau,B,other,I
", S. ",O,O,I
49,B,fpage,I
-,O,O,I
62,B,lpage,I
".
",O,O,I
GRAUTE,B,author,B
", ",I,author,I
U,I,author,I
. (,O,O,I
1998,B,year,I
): ,O,O,I
Interreg IIC (CADSES) und Interreg III,B,title,I
. ,O,O,I
Institut für ökologische Raumentwicklung Dresden,B,publisher,I
".
",O,O,I
Institut für Regionalentwicklung und Strukturplanung (IRS),B,editor,B
 (Hrsg.) (,O,O,I
1994,B,year,I
): ,O,O,I
Großsiedlungen in Mittel- und Osteuropa,B,title,I
. (,O,O,I
Beiträge des IRS Regio,B,source,I
 Nr. ,O,O,I
4,B,volume,I
"),",O,O,I
Erkner,B,other,I
".
",O,O,I
"RIETDORF, W.",B,editor,B
", ",O,O,I
H. LIEBMANN,B,editor,I
 u. ,O,O,I
"SCHMIGOTZKI, B.",B,editor,I
 (Hrsg.) (,O,O,I
2001,B,year,I
): ,O,O,I
"Weiterentwicklung großer Neubaugebiete in Ostmitteleuropa als Bestandteil einer ausgeglichenen, nachhaltigen Siedlungsstruktur- und Stadtentwicklung",B,title,I
. ,O,O,I
Institut für Regionalentwicklung und Strukturplanung (IRS),B,publisher,I
. ,O,O,I
Erkner,B,other,I
".
",O,O,I
KORCELLI,B,author,B
", ",I,author,I
P,I,author,I
. (,O,O,I
1997,B,year,I
): ,O,O,I
Perspektiven für Städte und Städtesysteme im östlichen Mitteleuropa. Strukturen und Funktionen im Wandel,B,title,I
. In: ,O,O,I
"MAYR, A.",B,editor,I
 (Hrsg.): ,O,O,I
Regionale Transformationsprozesse in Europa. Beiträge zur Regionalen Geographie,B,source,I
", Bd. ",O,O,I
44,B,volume,I
", S. ",O,O,I
48,B,fpage,I
-,O,O,I
56,B,lpage,I
".
",O,O,I
LICHTENBERGER,B,author,B
", ",I,author,I
E,I,author,I
. (,O,O,I
1995,B,year,I
a): ,O,O,I
Vorsozialistische Siedlungsmuster. Effekte der sozialistischen Planwirtschaft und die Segmentierung der Märkte,B,title,I
. In: ,O,O,I
"FASSMANN, H.",B,editor,I
 u. ,O,O,I
E. LICHTENBERGER,B,editor,I
 (Hrsg.): ,O,O,I
Märkte in Bewegung,B,source,I
. ,O,O,I
"Wien, Köln, Weimar",B,other,I
", ",O,O,I
Böhlau,B,publisher,I
", S. ",O,O,I
28,B,fpage,I
-,O,O,I
35,B,lpage,I
".
",O,O,I
LICHTENBERGER,B,author,B
", ",I,author,I
E,I,author,I
. (,O,O,I
1995,B,year,I
b): ,O,O,I
"Strukturen und Prozesse auf den Wohnungsmärkten in Wien, Budapest und Prag",B,title,I
. In: ,O,O,I
"FASSMANN, H.",B,editor,I
 u. ,O,O,I
E. LICHTENBERGER,B,editor,I
", E. (Hrsg.): ",O,O,I
Märkte in Bewegung,B,source,I
; ,O,O,I
"Wien, Köln, Weimar",B,other,I
", ",O,O,I
Böhlau,B,publisher,I
", S. ",O,O,I
214,B,fpage,I
-,O,O,I
225,B,lpage,I
".
",O,O,I
LIEBMANN,B,author,B
", ",I,author,I
H,I,author,I
. u. ,O,O,I
W,B,author,I
. ,I,author,I
RIETDORF,I,author,I
 (,O,O,I
1998,B,year,I
): ,O,O,I
Städtebauliche Weiterentwicklung der großen Neubaugebiete in den neuen Bundesländern – Erkenntnisse aus der Forschungsbegleitung des Bund-Länder-Förderprogramms,B,title,I
. In: ,O,O,I
Bundesbaublatt,B,source,I
 Nr. ,O,O,I
5,B,volume,I
/,O,O,I
98,B,year,I
", S. ",O,O,I
38,B,fpage,I
-,O,O,I
41,B,lpage,I
".
",O,O,I
MUSIL,B,author,B
", ",I,author,I
J,I,author,I
. u. ,O,O,I
W,B,author,I
.  ,I,author,I
STRUBELT,I,author,I
 (Hrsg.) (,O,O,I
1997,B,year,I
): ,O,O,I
Räumliche Auswirkungen des Transformationsprozesses in Deutschland und bei den östlichen Nachbarn,B,title,I
. ,O,O,I
Opladen,B,other,I
. (,O,O,I
Transformationsprozesse,B,source,I
", Bd. ",O,O,I
25,B,volume,I
").
",O,O,I
Österreichisches Institut für Raumplanung (ÖIR),B,editor,B
 (,O,O,I
1998,B,year,I
): ,O,O,I
Vision Planet. Working paper: Second seminar on the project panel,B,title,I
. ,O,O,I
Zakopane,B,other,I
", ",O,O,I
12.- 13.11.1998,B,other,I
".
",O,O,I
RIETDORF,B,author,B
", ",I,author,I
W,I,author,I
. (,O,O,I
1997,B,year,I
a): ,O,O,I
Zur Situation der Großsiedlungen ehemals sozialistischer Länder und zur weiteren Entwicklung der Großwohnsiedlungen im östlichen Deutschland,B,title,I
. In: ,O,O,I
"MÜLLER, E.",B,editor,I
 (Hrsg.): ,O,O,I
Großwohnsiedlungen in europäischen Städten. Beiträge zur Regionalen Geographie,B,source,I
", Bd. ",O,O,I
45,B,volume,I
".
",O,O,I
RIETDORF,B,author,B
", ",I,author,I
W,I,author,I
. (Hrsg.) (,O,O,I
1997,B,year,I
b): ,O,O,I
Weiter wohnen in der Platte,B,title,I
. ,O,O,I
Berlin,B,other,I
".
",O,O,I
SAILER-FLIEGE,B,author,B
", ",I,author,I
U,I,author,I
. (,O,O,I
1999,B,year,I
): ,O,O,I
Wohnungsmärkte in Transformation: Das Beispiel Ostmitteleuropa,B,title,I
. In: ,O,O,I
"PÜTZ, R.",B,editor,I
 (Hrsg.): ,O,O,I
Ostmitteleuropa im Umbruch. Wirtschafts und sozialgeographische Aspekte der Transformation. (Mainzer Kontaktstudium Geographie,B,source,I
 Bd. ,O,O,I
5,B,volume,I
"), ",O,O,I
Mainz,B,other,I
".
",O,O,I
Statistical Office of the European Communities (SOEC),B,editor,B
 (Hrsg.) (,O,O,I
1998,B,year,I
): ,O,O,I
Statistical Yearbook on Central European Countries,B,title,I
. ,O,O,I
Belgium,B,other,I
: (,O,O,I
Eurostat,B,publisher,I
 ,O,O,I
Theme 1: General Statistics,B,source,I
").
",O,O,I
Statistisches Bundesamt,B,editor,B
 (,O,O,I
2000,B,year,I
): ,O,O,I
"50 Jahre Wohnen in Deutschland. Ergebnisse aus Gebäude- und Wohnungszählungen, -stichproben, Mikrozensus-Ergänzungserhebungen und Bautätigkeitsstatistiken",B,title,I
", ",O,O,I
Wiesbaden,B,other,I
".
",O,O,I
TSENKOVA,B,author,B
", ",I,author,I
S,I,author,I
. (,O,O,I
1996,B,year,I
): ,O,O,I
Bulgarian Housing reform and forms of housing provision,B,title,I
. In: ,O,O,I
Urban studies,B,source,I
 Vol ,O,O,I
33,B,volume,I
 (,O,O,I
1996,B,year,I
"), No ",O,O,I
7,B,issue,I
", S.",O,O,I
1205,B,fpage,I
 – ,O,O,I
1219,B,lpage,I
".
",O,O,I
United Nations Economic Commission for Europe (UN/ECE),B,editor,B
 (,O,O,I
1999,B,year,I
): ,O,O,I
Country Profiles on the housing Sector – Slovakia,B,title,I
. ,O,O,I
"New York, Geneva",B,other,I
".
",O,O,I
Urbanproiect,B,editor,B
 (,O,O,I
2000,B,year,I
): ,O,O,I
Development of large residential areas – specific aspects in Romania,B,title,I
"; unveröffentlicht; Bukarest.
",O,O,I
"VESTERGAARD, H.",B,editor,B
 (ed.) (,O,O,I
1997,B,year,I
): ,O,O,I
Housing in Europe,B,title,I
", ",O,O,I
Hosholm,B,other,I
.,O,O,I
