token,tag,label,ref
AMIN,B,author,B
", ",I,author,I
A,I,author,I
. (,O,O,I
1993,B,year,I
): ,O,O,I
The globalization of the economy,B,title,I
. In: ,O,O,I
"GRABHER, G.",B,editor,I
 (ed.): ,O,O,I
The embedded firm,B,source,I
. ,O,O,I
"London, New York",B,other,I
".
",O,O,I
BERTRAM,B,author,B
", ",I,author,I
H,I,author,I
. (,O,O,I
1993,B,year,I
): ,O,O,I
Werkzeugmaschinenbau in Deutschland und die globale Konkurrenz,B,title,I
. In: ,O,O,I
Geographische Rundschau,B,source,I
 ,O,O,I
45,B,volume,I
", H. ",O,O,I
9,B,issue,I
".
",O,O,I
BLANKENSTEIN,B,author,B
", ",I,author,I
H,I,author,I
. (,O,O,I
1993,B,year,I
): ,O,O,I
Werkbank Europas,B,title,I
. In: ,O,O,I
Die Zeit,B,source,I
 ,O,O,I
49,B,volume,I
/,O,O,I
1993,B,year,I
".
",O,O,I
BLÜTHMANN,B,author,B
", ",I,author,I
H,I,author,I
. (,O,O,I
1994,B,year,I
): ,O,O,I
Aufholjagt aus der dritten Reihe,B,title,I
. In: ,O,O,I
Die Zeit,B,source,I
 ,O,O,I
4,B,volume,I
/,O,O,I
1994,B,year,I
".
",O,O,I
BUCHER,B,author,B
", ",I,author,I
H,I,author,I
. (,O,O,I
1993,B,year,I
): ,O,O,I
Die Raumordnungsprognose 2010,B,title,I
. ,O,O,I
Geographische Rundschau,B,source,I
 ,O,O,I
45,B,volume,I
", H. ",O,O,I
12,B,issue,I
".
",O,O,I
Bundesforschungsanstalt für Landeskunde und Raumordnung,B,editor,B
: ,O,O,I
Ergebnisse der laufenden Raumbeobachtung 1983 bis 1993,B,title,I
".
",O,O,I
Bundesinstitut für Berufsbildung,B,editor,B
 & ,O,O,I
Institut für Arbeitsmarkt und Berufsforschung,B,editor,I
 (,O,O,I
1993,B,year,I
): ,O,O,I
Technikstufen. Die wichtigsten Eckdaten u.a.,B,title,I
 In: ,O,O,I
Materialien zur Arbeitsbildung,B,source,I
 ,O,O,I
2,B,volume,I
/,O,O,I
1993,B,year,I
".
",O,O,I
"Bundesministerium für Raumordnung, Bauwesen und Städtebau",B,editor,B
 (,O,O,I
1991,B,year,I
): ,O,O,I
Raumordnerisches Konzept für den Aufbau in den neuen Ländern,B,title,I
. ,O,O,I
Bonn – Bad Godesberg,B,other,I
".
",O,O,I
"Bundesministerium für Raumordnung, Bauwesen und Städtebau",B,editor,B
 (,O,O,I
1993,B,year,I
): ,O,O,I
Raumordnungspolitischer Orientierungsrahmen,B,title,I
. ,O,O,I
Bonn – Bad Godesberg,B,other,I
".
",O,O,I
FRIEDRICH,B,author,B
", ",I,author,I
H,I,author,I
"., & ",O,O,I
M,B,author,I
. ,I,author,I
WIEDEMEYER,I,author,I
 (,O,O,I
1992,B,year,I
): ,O,O,I
Arbeitslosigkeit – ein Dauerproblem im vereinten Deutschland,B,title,I
. ,O,O,I
Opladen,B,other,I
".
",O,O,I
GATZWEILER,B,author,B
", ",I,author,I
H.P.,I,author,I
", ",O,O,I
IRMEN,B,author,I
", ",I,author,I
E,I,author,I
"., & ",O,O,I
H,B,author,I
. ,I,author,I
JANIK,I,author,I
 (,O,O,I
1991,B,year,I
): ,O,O,I
Regionale Infrastrukturausstattung,B,title,I
. ,O,O,I
Forschungen zur Raumentwicklung,B,source,I
", Band ",O,O,I
20,B,volume,I
", ",O,O,I
Bonn – Bad Godesberg,B,other,I
".
",O,O,I
GATZWEILER,B,author,B
", ",I,author,I
H.P.,I,author,I
 (,O,O,I
1993,B,year,I
): ,O,O,I
Metropolen oder Mittelstädte? Siedlungspolitik für Agglomerationsräume in den 90er Jahren,B,title,I
. In:,O,O,I
Raumforschung und Raumordnung,B,source,I
 ,O,O,I
51,B,volume,I
", H. ",O,O,I
4,B,issue,I
".
",O,O,I
GRÄBE,B,author,B
", ",I,author,I
W,I,author,I
. (,O,O,I
1993,B,year,I
): ,O,O,I
Neue räumliche Organisationsstrukturen in der Automobilindustrie,B,title,I
. In: ,O,O,I
Geographische Rundschau,B,source,I
 ,O,O,I
45,B,volume,I
", H. ",O,O,I
9,B,issue,I
".
",O,O,I
HEALEY,B,author,B
", ",I,author,I
M.J.,I,author,I
", & ",O,O,I
B.W.,B,author,I
 ,I,author,I
ILBERY,I,author,I
 (,O,O,I
1990,B,year,I
): ,O,O,I
Location and Change,B,title,I
. ,O,O,I
Oxford,B,other,I
".
",O,O,I
HEIDE,B,author,B
 ,I,author,I
V. D.,I,author,I
", ",O,O,I
H.J.,B,author,I
 (,O,O,I
1993,B,year,I
): ,O,O,I
Raumordnungspolitischer Orientierungsrahmen des Bundes,B,title,I
. In: ,O,O,I
Raumforschung und Raumordnung,B,source,I
 ,O,O,I
51,B,volume,I
", H. ",O,O,I
1,B,issue,I
".
",O,O,I
JOCHIMSEN,B,author,B
", ",I,author,I
R,I,author,I
. (,O,O,I
1993,B,year,I
): ,O,O,I
"Raumentwicklung in Deutschland – Deutsche Einheit und europäischer Einigungsprozeß als neue Herausforderung für Politik, Wirtschaft, Umwelt",B,title,I
. In: ,O,O,I
"Bundesforschungsanstalt für Landeskunde und Raumordnung, Raumentwicklung",B,editor,I
. ,O,O,I
"Politik für den Standort Deutschland, Materialien zur Raumentwicklung",B,source,I
", H. ",O,O,I
57,B,issue,I
".
",O,O,I
KRAKOWSKI,B,author,B
", ",I,author,I
M,I,author,I
"., & ",O,O,I
W,B,author,I
. ,I,author,I
HENNE,I,author,I
 ,O,O,I
et al.,B,other,I
 (,O,O,I
1992,B,year,I
): ,O,O,I
"Die deutsche Wirtschaft im Anpassungsschock. Strukturbericht 1991, Forschungsauftrag des Bundesministers für Wirtschaft",B,title,I
", ",O,O,I
Hamburg,B,other,I
".
",O,O,I
KUNZ,B,author,B
", ",I,author,I
D,I,author,I
. (,O,O,I
1986,B,year,I
): ,O,O,I
Anfänge und Ursachen der Nord-Süd-Drift,B,title,I
. ,O,O,I
Informationen zur Raumentwicklung,B,source,I
", H. ",O,O,I
11/12,B,issue,I
".
",O,O,I
LEBORGNE,B,author,B
", ",I,author,I
D,I,author,I
"., & ",O,O,I
A,B,author,I
. ,I,author,I
LIPIETZ,I,author,I
 (,O,O,I
1992,B,year,I
): ,O,O,I
Conceptual Fallacies and Open Questiones on Post-Fordism,B,title,I
. – In: ,O,O,I
"STORPER, M.",B,editor,I
", & ",O,O,I
A.J. SCOTT,B,editor,I
 (eds.): ,O,O,I
Pathways to Industrialisation and Regional Development,B,source,I
. ,O,O,I
"London, New York",B,other,I
".
",O,O,I
LINK,B,author,B
", ",I,author,I
F.J.,I,author,I
 (,O,O,I
1993,B,year,I
): ,O,O,I
De-Industrialisierung stoppen. Zur Lohnpolitik in Ostdeutschland,B,title,I
. In: ,O,O,I
Arbeit und Sozialpolitik,B,source,I
 ,O,O,I
5 – 6,B,volume,I
".
",O,O,I
LIPIETZ,B,author,B
", ",I,author,I
A,I,author,I
. (,O,O,I
1986,B,year,I
): ,O,O,I
New tendencies in the international division of labor: regimes of accumulation and modes of regulation,B,title,I
. In: ,O,O,I
"SCOTT, A.J.",B,editor,I
", & ",O,O,I
M. STORPER,B,editor,I
 (eds.): ,O,O,I
"Production, work, territory: the geographical anatomy of industrial capitalism",B,source,I
. ,O,O,I
London,B,other,I
".
",O,O,I
LORIAT,B,author,B
", ",I,author,I
B,I,author,I
. (,O,O,I
1992,B,year,I
): ,O,O,I
The Revitalization of Mass Production in the Computer Age,B,title,I
. In: ,O,O,I
"STORPER, M.",B,editor,I
", & ",O,O,I
A.J. SCOTT,B,editor,I
 (eds.): ,O,O,I
Pathways to Industrialisation and Regional Development,B,source,I
. ,O,O,I
"London, New York",B,other,I
".
",O,O,I
OFFERMANN,B,author,B
", ",I,author,I
V,I,author,I
. (,O,O,I
1993,B,year,I
): ,O,O,I
Angleichung ade. Die Auswirkungen der Rezession in Westdeutschland auf die Lebensverhältnisse in Ostdeutschland,B,title,I
. In: ,O,O,I
Arbeit und Sozialpolitik,B,source,I
 ,O,O,I
7 – 8,B,volume,I
".
",O,O,I
PORTER,B,author,B
", ",I,author,I
M.E.,I,author,I
 (,O,O,I
1992,B,year,I
): ,O,O,I
The competitive advantage of nations,B,title,I
. ,O,O,I
New York,B,other,I
".
",O,O,I
SCHÄTZEL,B,author,B
", ",I,author,I
L,I,author,I
. (,O,O,I
1993,B,year,I
): ,O,O,I
Wirtschaftsgeographie der Europäischen Gemeinschaft,B,title,I
. ,O,O,I
UTB,B,source,I
 ,O,O,I
1767,B,volume,I
", ",O,O,I
"Paderborn, München, Wien, Zürich",B,other,I
".
",O,O,I
STEINBACH,B,author,B
", ",I,author,I
J,I,author,I
"., & ",O,O,I
D,B,author,I
. ,I,author,I
ZUMKELLER,I,author,I
 (,O,O,I
1992,B,year,I
): ,O,O,I
Integrierte Planung von Hochgeschwindigkeitsverkehr in Europa,B,title,I
. In: ,O,O,I
Informationen zur Raumentwicklung,B,source,I
", H. ",O,O,I
4,B,issue,I
".
",O,O,I
STEINBACH,B,author,B
", ",I,author,I
J,I,author,I
"., & ",O,O,I
D,B,author,I
. ,I,author,I
ZUMKELLER,I,author,I
 ,O,O,I
et al.,B,other,I
 (,O,O,I
1992,B,year,I
): ,O,O,I
"Raumordnung und europäische Hochgeschwindigkeitsbahn. Abschlußbericht eines Forschungsauftrages für das Bundesministerium für Raumordnung, Bauwesen und Städtebau",B,title,I
".
",O,O,I
STIENS,B,author,B
", ",I,author,I
G,I,author,I
. (,O,O,I
1992,B,year,I
): ,O,O,I
Großräume und Regionen unter dem Druck neuer Zeitregime,B,title,I
. In: ,O,O,I
Raumforschung und Raumordnung,B,source,I
 ,O,O,I
50,B,volume,I
", H. ",O,O,I
6,B,issue,I
".
",O,O,I
WATRIN,B,author,B
", ",I,author,I
C,I,author,I
. (,O,O,I
1993,B,year,I
): ,O,O,I
Zur Arbeitsmarktkrise in den neuen Bundesländern,B,title,I
. In: ,O,O,I
Arbeit und Sozialpolitik,B,source,I
 ,O,O,I
9 – 10,B,volume,I
".
",O,O,I
WOLLMANN,B,author,B
", ",I,author,I
H,I,author,I
. (,O,O,I
1993,B,year,I
): ,O,O,I
East Germany heading towards becoming an impoverished border region?,B,title,I
 ,O,O,I
"Paper prepared for the Conference: Regional Development – The Challenge of the Frontier, Dead Sea, December 27 – 30, 1993",B,source,I
.,O,O,I
