token,tag,label,ref
AHVENJÄRVI,B,author,B
", ",I,author,I
H,I,author,I
. (,O,O,I
1996,B,year,I
): ,O,O,I
Luonnonmukaisen tuotannon alueellinen leviäminen Suomessa,B,title,I
". Pro gradu-Arbeit, Geographisches Institut der Universität Oulu.
",O,O,I
ALA-RÄMI,B,author,B
", ",I,author,I
K,I,author,I
"., ",O,O,I
J,B,author,I
. ,I,author,I
RUSANEN,I,author,I
", ",O,O,I
M,B,author,I
. ,I,author,I
HÄKKILÄ,I,author,I
 (,O,O,I
1998,B,year,I
): ,O,O,I
Suurten aineistojen luokittelu – esimerkkinä aktiivitilat Suomessa vuonna 1992. (Classification of large bodies of data: active farms in Finland in 1992),B,title,I
. In: ,O,O,I
Terra,B,source,I
 ,O,O,I
110,B,volume,I
: ,O,O,I
1,B,issue,I
", S. ",O,O,I
13,B,fpage,I
-,O,O,I
21,B,lpage,I
".
",O,O,I
BROWN,B,author,B
", ",I,author,I
L,I,author,I
. (,O,O,I
1997,B,year,I
): ,O,O,I
Facing the Prospect of Food Scarcity,B,title,I
. In: ,O,O,I
"State of the World 1997, A Worldwatch Institute Report on Progress Toward a Sustainable Society",B,source,I
", S. ",O,O,I
23,B,fpage,I
-,O,O,I
41,B,lpage,I
", ",O,O,I
New York- London,B,other,I
".
",O,O,I
EHLERS,B,author,B
", ",I,author,I
E,I,author,I
. (,O,O,I
1967,B,year,I
): ,O,O,I
Das boreale Waldland in Finnland und Kanada als Siedlungs- und Wirtschaftsraum,B,title,I
. In: ,O,O,I
Geographische Zeitschrift,B,source,I
 ,O,O,I
1967,B,year,I
", S. ",O,O,I
279,B,fpage,I
-,O,O,I
322,B,lpage,I
".
",O,O,I
EHLERS,B,author,B
", ",I,author,I
E,I,author,I
. (,O,O,I
1984,B,year,I
): ,O,O,I
Bevölkerungswachstum – Nahrungsspielraum – Siedlungsgrenzen der Erde,B,title,I
. ,O,O,I
Studienbücher Geographie,B,source,I
", ",O,O,I
Frankfurt am Main und Aarau,B,other,I
".
",O,O,I
Farm Register,B,title,B
 ,O,O,I
1996,B,year,I
. ,O,O,I
National Board of Agriculture,B,editor,I
", ",O,O,I
Helsinki,B,other,I
".
",O,O,I
GARDNER,B,author,B
", ",I,author,I
G,I,author,I
. (,O,O,I
1997,B,year,I
): ,O,O,I
Preserving Global Cropland,B,title,I
. In: ,O,O,I
"State of the World 1997, A Worldwatch Institute Report on Progress Toward a Sustainable Society",B,source,I
", S. ",O,O,I
43,B,fpage,I
-,O,O,I
59,B,lpage,I
".
",O,O,I
HÄKKILÄ,B,author,B
", ",I,author,I
M,I,author,I
. (,O,O,I
1984,B,year,I
a): ,O,O,I
"The recent development of agriculture with special reference to Kainuu, Finland",B,title,I
. In: ,O,O,I
Nordia,B,source,I
 ,O,O,I
18,B,volume,I
: ,O,O,I
2,B,issue,I
", S. ",O,O,I
123,B,fpage,I
-,O,O,I
133,B,lpage,I
".
",O,O,I
HÄKKILÄ,B,author,B
", ",I,author,I
M,I,author,I
. (,O,O,I
1984,B,year,I
b): ,O,O,I
Geographical aspects of the development and utilization of arable land area in Finland,B,title,I
. In: ,O,O,I
Fennia,B,source,I
 ,O,O,I
162,B,volume,I
", S. ",O,O,I
217,B,fpage,I
-,O,O,I
235,B,lpage,I
".
",O,O,I
HÄKKILÄ,B,author,B
", ",I,author,I
M,I,author,I
. (,O,O,I
1986,B,year,I
): ,O,O,I
The expansion and retreat of agricultural settlement in Northern Finland after World War II,B,title,I
. In: ,O,O,I
Nordia,B,source,I
 ,O,O,I
20,B,volume,I
: ,O,O,I
1,B,issue,I
", S. ",O,O,I
27,B,fpage,I
-,O,O,I
39,B,lpage,I
".
",O,O,I
HÄKKILÄ,B,author,B
", ",I,author,I
M,I,author,I
. (,O,O,I
1987,B,year,I
): ,O,O,I
Regional development of dairy farming in Finland,B,title,I
. In: ,O,O,I
Nordia,B,source,I
 ,O,O,I
21,B,volume,I
: ,O,O,I
1,B,issue,I
", S. ",O,O,I
27,B,fpage,I
-,O,O,I
38,B,lpage,I
".
",O,O,I
HÄKKILÄ,B,author,B
", ",I,author,I
M,I,author,I
. (,O,O,I
1988,B,year,I
): ,O,O,I
"Agriculture and forestry in rural development of Kainuu, Finland",B,title,I
. In: ,O,O,I
Nordia,B,source,I
 ,O,O,I
22,B,volume,I
: ,O,O,I
2,B,issue,I
", S. ",O,O,I
79,B,fpage,I
-,O,O,I
92,B,lpage,I
".
",O,O,I
HÄKKILÄ,B,author,B
", ",I,author,I
M,I,author,I
. (,O,O,I
1990,B,year,I
): ,O,O,I
Über die regionale Entwicklung der Betriebsstruktur der finnischen Landwirtschaft,B,title,I
. In: ,O,O,I
Wissenschaftliche Mitteilungen,B,source,I
 ,O,O,I
34,B,volume,I
", S. ",O,O,I
137,B,fpage,I
-,O,O,I
160,B,lpage,I
".
",O,O,I
HÄKKILÄ,B,author,B
", ",I,author,I
M,I,author,I
. (,O,O,I
1991,B,year,I
): ,O,O,I
Some regional trends in Finnish farming with special reference to agricultural policy,B,title,I
. In: ,O,O,I
Fennia,B,source,I
 ,O,O,I
169,B,volume,I
: ,O,O,I
1,B,issue,I
", S. ",O,O,I
39,B,fpage,I
-,O,O,I
56,B,lpage,I
".
",O,O,I
HÄKKILÄ,B,author,B
", ",I,author,I
M,I,author,I
. (,O,O,I
1993,B,year,I
): ,O,O,I
Perspectives of Finnish Agriculture in the Integrating Europe,B,title,I
. In: ,O,O,I
"University of Oulu, Research Institute of Northern Finland",B,editor,I
", ",O,O,I
Research Reports,B,source,I
 ,O,O,I
114,B,volume,I
", S. ",O,O,I
51,B,fpage,I
-,O,O,I
78,B,lpage,I
".
",O,O,I
HÄKKILÄ,B,author,B
", ",I,author,I
M,I,author,I
"., ",O,O,I
K,B,author,I
. ,I,author,I
NIEMINEN,I,author,I
 (,O,O,I
1992,B,year,I
): ,O,O,I
Peltoviljelyn ja karjatalouden alueellinen jakaantuminen Suomessa. (Regional distribution of the production of field cultivation and animal husbandry in Finland.),B,title,I
 In: ,O,O,I
"University of Oulu, Research Institute of Northern Finland",B,editor,I
", ",O,O,I
Working papers,B,source,I
 ,O,O,I
84,B,volume,I
".
",O,O,I
HÄKKILÄ,B,author,B
", ",I,author,I
M,I,author,I
. (,O,O,I
1997,B,year,I
): ,O,O,I
Geographical aspects of the use of arable land in Finland,B,title,I
. In: ,O,O,I
Nordia Geographical Publications,B,source,I
 ,O,O,I
26,B,volume,I
: ,O,O,I
1,B,issue,I
", S. ",O,O,I
3,B,fpage,I
-,O,O,I
16,B,lpage,I
".
",O,O,I
JAATINEN,B,author,B
", ",I,author,I
S,I,author,I
"., ",O,O,I
P,B,author,I
. ,I,author,I
ALALAMMI,I,author,I
 (,O,O,I
1978,B,year,I
): ,O,O,I
The field reservation scheme in Finland 1969-1977,B,title,I
. In: ,O,O,I
Nordia,B,source,I
 ,O,O,I
12,B,volume,I
: ,O,O,I
1,B,issue,I
", S. ",O,O,I
15,B,fpage,I
-,O,O,I
30,B,lpage,I
".
",O,O,I
JÄRVENPÄÄ,B,author,B
", ",I,author,I
M,I,author,I
"., ",O,O,I
H,B,author,I
. ,I,author,I
SANKARI,I,author,I
", ",O,O,I
L,B,author,I
. ,I,author,I
TUUNANEN,I,author,I
", ",O,O,I
T,B,author,I
. ,I,author,I
MAUNU,I,author,I
 (,O,O,I
1994,B,year,I
): ,O,O,I
Bioenergian tuotanto elintarviketuotannosta vapautuvalla peltoalalla (Biomass Energy Production on Set-Aside Agricultural Land),B,title,I
. ,O,O,I
Työtehoseuran julkaisuja,B,source,I
 ,O,O,I
333,B,volume,I
".
",O,O,I
KETTUNEN,B,author,B
", ",I,author,I
L,I,author,I
. (,O,O,I
1989,B,year,I
): ,O,O,I
Finnish agriculture in 1988,B,title,I
. In: ,O,O,I
Publications of the Agricultural Economics Research Institute,B,source,I
 ,O,O,I
56a,B,volume,I
".
",O,O,I
KETTUNEN,B,author,B
", ",I,author,I
L,I,author,I
. (,O,O,I
1997,B,year,I
): ,O,O,I
Finnish agriculture in 1996,B,title,I
. In: ,O,O,I
Publications of the Agricultural Economics Research Institute,B,source,I
 ,O,O,I
82a,B,volume,I
". 
",O,O,I
Maatilahallitus,B,editor,B
 (,O,O,I
1991,B,year,I
): ,O,O,I
Maatilatalouden rakenneohjelma,B,title,I
. ,O,O,I
Helsinki,B,other,I
".
",O,O,I
MEAD,B,author,B
", ",I,author,I
W,I,author,I
. (,O,O,I
1951,B,year,I
): ,O,O,I
The cold farms in Finland: Resettlement of Finlands displaced farmers,B,title,I
. In: ,O,O,I
Geogr. Rev.,B,source,I
 ,O,O,I
41,B,volume,I
", S. ",O,O,I
429,B,fpage,I
-,O,O,I
543,B,lpage,I
".
",O,O,I
Ökologischer Landbau in Westeuropa,B,title,B
 (,O,O,I
1996,B,year,I
): In: ,O,O,I
Ökologie und Landbau,B,source,I
 ,O,O,I
98,B,volume,I
", S. ",O,O,I
2,B,fpage,I
".
",O,O,I
PALOMÄKI,B,author,B
", ",I,author,I
M,I,author,I
. (,O,O,I
1960,B,year,I
): ,O,O,I
"Post War Pioneering in Finland, with special reference to the role of the Settlement areas",B,title,I
. In: ,O,O,I
Fennia,B,source,I
 ,O,O,I
84,B,volume,I
", S. ",O,O,I
43,B,fpage,I
-,O,O,I
96,B,lpage,I
".
",O,O,I
PENTZ,B,author,B
", ",I,author,I
H,I,author,I
. (,O,O,I
1995,B,year,I
): ,O,O,I
Österreichs Landwirtschaft in der Herausforderung der EU,B,title,I
. In: ,O,O,I
Geographische Rundschau,B,source,I
 ,O,O,I
47,B,volume,I
", S. ",O,O,I
25,B,fpage,I
-,O,O,I
29,B,lpage,I
".
",O,O,I
ROSENQVIST,B,author,B
", ",I,author,I
O,I,author,I
. (,O,O,I
1997,B,year,I
): ,O,O,I
Maatalouden alueellinen erikoistuminen Suomessa,B,title,I
. In: ,O,O,I
"Proceedings of the University of Vaasa, Research papers",B,source,I
 ,O,O,I
219,B,volume,I
".
",O,O,I
SANKARI,B,author,B
", ",I,author,I
H,I,author,I
. (,O,O,I
1993,B,year,I
): ,O,O,I
Bioenergian tuotantoon soveltuvat peltokasvit. Kirjallisuuskatsaus. (Suitability of cultivated plants for bioenergy production. Literaly survey),B,title,I
 In: ,O,O,I
Maatalouden tutkimuskeskus,B,editor,I
", ",O,O,I
Tiedote,B,source,I
 ,O,O,I
8,B,volume,I
/,O,O,I
93,B,year,I
".
",O,O,I
SCHLENGER,B,author,B
", ",I,author,I
H,I,author,I
. (,O,O,I
1957,B,year,I
): ,O,O,I
Der Siedlungsbau Finnlands nach dem 2. Weltkrieg,B,title,I
. In: ,O,O,I
"Festschrift zur 100-Jahr Feier der Geogr. Ges. Wien, 1856-1956",B,source,I
", S. ",O,O,I
374,B,fpage,I
-,O,O,I
413,B,lpage,I
".
",O,O,I
SELBY,B,author,B
", ",I,author,I
A,I,author,I
. (,O,O,I
1980,B,year,I
): ,O,O,I
Field afforestation in Finland and its regional variations,B,title,I
. In: ,O,O,I
Communicationes Instituti Forestalis Fenniae,B,source,I
 ,O,O,I
99,B,volume,I
: ,O,O,I
1,B,issue,I
".
",O,O,I
SIURUAINEN,B,author,B
", ",I,author,I
E,I,author,I
. (,O,O,I
1978,B,year,I
): ,O,O,I
On the history of rural settlement in Finland,B,title,I
. In: ,O,O,I
Nordia,B,source,I
 ,O,O,I
12,B,volume,I
: ,O,O,I
1,B,issue,I
", S. ",O,O,I
67,B,fpage,I
-,O,O,I
78,B,lpage,I
".
",O,O,I
VALLE,B,author,B
", ",I,author,I
O,I,author,I
. (,O,O,I
1952,B,year,I
): ,O,O,I
Agriculture,B,title,I
. In: ,O,O,I
A General Handbook of the Geography of Finland. Fennia,B,source,I
 ,O,O,I
72,B,volume,I
", S. ",O,O,I
448,B,fpage,I
-,O,O,I
473,B,lpage,I
".
",O,O,I
VARJO,B,author,B
", ",I,author,I
U,I,author,I
. (,O,O,I
1977,B,year,I
): ,O,O,I
Finnish farming. Typology and economics,B,title,I
. ,O,O,I
Geography of World Agriculture,B,source,I
 ,O,O,I
6,B,volume,I
. ,O,O,I
Budapest,B,other,I
".
",O,O,I
VARJO,B,author,B
", ",I,author,I
U,I,author,I
. (,O,O,I
1986,B,year,I
): ,O,O,I
High-latitude climate impacts and effects,B,title,I
. In: ,O,O,I
Nordia,B,source,I
 ,O,O,I
20,B,volume,I
: ,O,O,I
1,B,issue,I
", S. ",O,O,I
113,B,fpage,I
-,O,O,I
126,B,lpage,I
".
",O,O,I
Yearbook of Farm Statistics 1997,B,title,B
. ,O,O,I
National Board of Agriculture,B,editor,I
. ,O,O,I
Helsinki,B,other,I
.,O,O,I
