token,tag,label,ref
Bechmann,B,author,B
", ",I,author,I
A,I,author,I
.: ,O,O,I
Bewertungsverfahren - der handlungsbezogene Kern von Umweltverträglichkeitsprüfungen,B,title,I
. In: ,O,O,I
"Hübler, K.-H.",B,editor,I
 u. ,O,O,I
K. Otto-Zimmermann,B,editor,I
: ,O,O,I
Bewertung der Umweltverträglichkeit,B,source,I
. ,O,O,I
Taunusstein,B,other,I
: ,O,O,I
Eberhard Blottner,B,publisher,I
", ",O,O,I
1989,B,year,I
", S. ",O,O,I
84,B,fpage,I
-,O,O,I
103,B,lpage,I
"
",O,O,I
Bechmann,B,author,B
", ",I,author,I
A,I,author,I
.: ,O,O,I
Grundlagen der Bewertung von Umweltauswirkungen,B,title,I
. In: ,O,O,I
"Storm, P.-Chr.",B,editor,I
 und ,O,O,I
Th. Bunge,B,editor,I
 (Hrsg.): ,O,O,I
Handbuch der Umweltverträglichkeitsprüfung,B,source,I
. ,O,O,I
Berlin,B,other,I
: ,O,O,I
E. Schmidt,B,publisher,I
", ",O,O,I
1988,B,year,I
ff,B,other,I
"
",O,O,I
Bechmann,B,author,B
", ",I,author,I
A,I,author,I
.: ,O,O,I
Die Nutzwertanalyse,B,title,I
. In: ,O,O,I
"Storm, P.-Chr.",B,editor,I
 und ,O,O,I
Th. Bunge,B,editor,I
 (Hrsg.): ,O,O,I
Handbuch der Umweltverträglichkeitsprüfung,B,source,I
. ,O,O,I
Berlin,B,other,I
: ,O,O,I
E. Schmidt,B,publisher,I
", ",O,O,I
1988,B,year,I
ff,B,other,I
"
",O,O,I
Buchwald,B,author,B
", ",I,author,I
K,I,author,I
. u. ,O,O,I
W,B,author,I
 ,I,author,I
Engelhardt,I,author,I
: ,O,O,I
Bewertung und Planung im Umweltschutz,B,title,I
. ,O,O,I
Bonn,B,other,I
: ,O,O,I
Economica-Verlag,B,publisher,I
", ",O,O,I
1996,B,year,I
"
",O,O,I
Claus,B,author,B
", ",I,author,I
F,I,author,I
. u. ,O,O,I
P,B,author,I
. ,I,author,I
Wiedemann,I,author,I
: ,O,O,I
Umweltkonflikte. Vermittlungsverfahren zu ihrer Lösung,B,title,I
. ,O,O,I
Taunusstein,B,other,I
: ,O,O,I
Eberhard Blottner,B,publisher,I
", ",O,O,I
1994,B,year,I
"
",O,O,I
Dörner,B,author,B
", ",I,author,I
D,I,author,I
.: ,O,O,I
Die Logik des Misslingens. Strategisches Denken in komplexen Situationen,B,title,I
. ,O,O,I
Reinbek bei Hamburg,B,other,I
", ",O,O,I
1989,B,year,I
"
",O,O,I
Enquete-Kommission „Schutz des Menschen und der Umwelt“ des Deutschen Bundestages,B,editor,B
 (Hrsg.): ,O,O,I
Umweltverträgliches Stoffmanagement,B,source,I
. Bd. ,O,O,I
3,B,volume,I
 ,O,O,I
Bewertung,B,title,I
. ,O,O,I
Bonn,B,other,I
: ,O,O,I
Economica-Verlag,B,publisher,I
", ",O,O,I
1995,B,year,I
"
",O,O,I
Finke,B,author,B
", ",I,author,I
L,I,author,I
.: ,O,O,I
Landschaftsökologie,B,title,I
. ,O,O,I
Braunschweig,B,other,I
: ,O,O,I
Westermann,B,publisher,I
", ",O,O,I
1993,B,year,I
"
",O,O,I
Fürst,B,author,B
", ",I,author,I
D,I,author,I
.: ,O,O,I
Stellenwert von Umweltqualitätszielen innerhalb der Umweltplanung,B,title,I
. In: ,O,O,I
UVP-report,B,source,I
", H.",O,O,I
3,B,issue,I
", ",O,O,I
1990,B,year,I
", S. ",O,O,I
56,B,fpage,I
-,O,O,I
60,B,lpage,I
"
",O,O,I
Gatzemeier,B,author,B
", ",I,author,I
M,I,author,I
.: ,O,O,I
Verantwortung in Wissenschaft und Technik,B,title,I
. ,O,O,I
Mannheim/Wien/Zürich,B,other,I
: ,O,O,I
Bl-Wissenschaftsverlag,B,publisher,I
", ",O,O,I
1989,B,year,I
"
",O,O,I
Hübler,B,author,B
", ",I,author,I
K.-H,I,author,I
: ,O,O,I
"Bewertungsanspruch zwischen Qualitätsanspruch, Angebot und Anwendbarkeit",B,title,I
. In: ,O,O,I
"Hübler, K.-H.",B,editor,I
 u. ,O,O,I
K. Otto-Zimmermann,B,editor,I
 (Hrsg.): ,O,O,I
Bewertungsmaßstäbe und Bewertungsverfahren für die Umweltverträglichkeitsprüfung,B,source,I
. ,O,O,I
Taunusstein,B,other,I
: ,O,O,I
Eberhard Blottner,B,publisher,I
", ",O,O,I
1989,B,year,I
"
",O,O,I
"Hübler, K.-H.",B,editor,B
 u. ,O,O,I
K. Otto-Zimmermann,B,editor,I
 (Hrsg.): ,O,O,I
Bewertung der Umweltverträglichkeit. Bewertungsmaßstäbe und Bewertungsverfahren für die Umweltverträglichkeitsprüfung,B,title,I
. ,O,O,I
Taunusstein,B,other,I
: ,O,O,I
Eberhard Blottner,B,publisher,I
", ",O,O,I
1989,B,year,I
"
",O,O,I
"Hübler, K.-H.",B,editor,B
 u. ,O,O,I
M. Zimmermann,B,editor,I
 (Hrsg.): ,O,O,I
UVP am Wendepunkt - Wege zu einer vorsorgenden Umweltpolitik,B,title,I
. ,O,O,I
Bonn,B,other,I
: ,O,O,I
Economica,B,publisher,I
", ",O,O,I
1992,B,year,I
"
",O,O,I
Knauer,B,author,B
", ",I,author,I
P,I,author,I
: ,O,O,I
"Umweltqualitätsziele, Umweltstandards und „ökologische Eckwerte“",B,title,I
. In: ,O,O,I
"Hübler, K.-H.",B,editor,I
 u. ,O,O,I
K. Otto-Zimmermann,B,editor,I
 (Hrsg.): ,O,O,I
Bewertung der Umweltverträglichkeit,B,source,I
. ,O,O,I
Taunusstein,B,other,I
: ,O,O,I
Eberhard Blottner,B,publisher,I
", ",O,O,I
1989,B,year,I
", S. ",O,O,I
45,B,fpage,I
-,O,O,I
67,B,lpage,I
"
",O,O,I
Leser,B,author,B
", ",I,author,I
H,I,author,I
: ,O,O,I
Landschaftsökologie,B,title,I
. ,O,O,I
Stuttgart,B,other,I
: ,O,O,I
Ulmer,B,publisher,I
", ",O,O,I
1991,B,year,I
 (,O,O,I
UTB,B,publisher,I
 ,O,O,I
Nr. 521,B,volume,I
")
",O,O,I
Otto-Zimmermann,B,author,B
", ",I,author,I
K,I,author,I
.: ,O,O,I
Beispiele angewandter Bewertungsverfahren,B,title,I
. In: ,O,O,I
"Hübler, K.-H.",B,editor,I
 u. ,O,O,I
K. Otto-Zimmermann,B,editor,I
 (Hrsg.): ,O,O,I
Bewertungsmaßstäbe und Bewertungsverfahren für die Umweltverträglichkeitsprüfung,B,source,I
. ,O,O,I
Taunusstein,B,other,I
: ,O,O,I
Eberhard Blottner,B,publisher,I
", ",O,O,I
1989,B,year,I
", S. ",O,O,I
143,B,fpage,I
-,O,O,I
198,B,lpage,I
"
",O,O,I
Poschmann,B,author,B
", ",I,author,I
Chr,I,author,I
", ",O,O,I
Riebenstahl,B,author,I
", ",I,author,I
Chr,I,author,I
. und ,O,O,I
Schmidt-Kallert,B,author,I
", ",I,author,I
E,I,author,I
.: ,O,O,I
Umweltplanung und -bewertung,B,title,I
. ,O,O,I
Gotha,B,other,I
: ,O,O,I
Klett-Perthes,B,publisher,I
", ",O,O,I
1998,B,year,I
"
",O,O,I
Priebs,B,author,B
", ",I,author,I
A,I,author,I
.: ,O,O,I
Von der Planung zur Moderation,B,title,I
. In: ,O,O,I
Geographische Rundschau,B,source,I
 Jg. ,O,O,I
47,B,volume,I
 (,O,O,I
1995,B,year,I
"), H. ",O,O,I
10,B,issue,I
", S. ",O,O,I
546,B,fpage,I
-,O,O,I
550,B,lpage,I
"
",O,O,I
Schemel,B,author,B
", ",I,author,I
H.-J.,I,author,I
. ,O,O,I
Thesen zur Glaubwürdigkeit von UVP-Gutachtern,B,title,I
. In: ,O,O,I
UVP-report,B,source,I
", H. ",O,O,I
2,B,issue,I
", ",O,O,I
1992,B,year,I
"
",O,O,I
Schneeweiß,B,author,B
", ",I,author,I
Chr,I,author,I
.: ,O,O,I
Planung,B,source,I
. Bd.,O,O,I
l,B,volume,I
: ,O,O,I
Systematische und entscheidungstheoretische Grundlagen,B,title,I
: Bd. ,O,O,I
2,B,volume,I
: ,O,O,I
Konzepte der Prozeß- und Modellgestaltung,B,title,I
. ,O,O,I
Berlin,B,other,I
: ,O,O,I
Springer,B,publisher,I
", ",O,O,I
1991,B,year,I
 und ,O,O,I
1992,B,year,I
"
",O,O,I
Scholles,B,author,B
", ",I,author,I
F,I,author,I
: ,O,O,I
Umweltqualitätsziele und -standards: Begriffsdefinitionen,B,title,I
. In: ,O,O,I
UVP-report,B,source,I
", H. ",O,O,I
3,B,issue,I
", ",O,O,I
1990,B,year,I
", S. ",O,O,I
35,B,fpage,I
-,O,O,I
37,B,lpage,I
"
",O,O,I
Summerer,B,author,B
", ",I,author,I
S,I,author,I
: ,O,O,I
Umweltethik und UVP,B,title,I
. In: ,O,O,I
"Hübler, K.-H.",B,editor,I
 u. ,O,O,I
K. Otto-Zimmermann,B,editor,I
: ,O,O,I
Bewertung der Umweltverträglichkeit,B,source,I
. ,O,O,I
Taunusstein,B,other,I
: ,O,O,I
Eberhard Blottner,B,publisher,I
", ",O,O,I
1989,B,year,I
", S. ",O,O,I
18,B,fpage,I
-,O,O,I
30,B,lpage,I
"
",O,O,I
Weber,B,author,B
", ",I,author,I
K,I,author,I
.: ,O,O,I
Mehrkriterielle Entscheidungen,B,title,I
. ,O,O,I
München,B,other,I
: ,O,O,I
Oldenbourg,B,publisher,I
", ",O,O,I
1993,B,year,I
"
",O,O,I
Zimmermann,B,author,B
", ",I,author,I
H.-J.,I,author,I
 u. ,O,O,I
L,B,author,I
. ,I,author,I
Gutsche,I,author,I
: ,O,O,I
Multi-Criteria Analyse. Einführung in die Theorie der Entscheidungen bei Mehrfachzielsetzungen,B,title,I
. ,O,O,I
Berlin,B,other,I
: ,O,O,I
Springer,B,publisher,I
", ",O,O,I
1991,B,year,I
