token,tag,label,ref
Albrecht,B,author,B
", ",I,author,I
A,I,author,I
./,O,O,I
Kohnle,B,author,I
", ",I,author,I
U,I,author,I
./ ,O,O,I
Hanewinkel,B,author,I
", ",I,author,I
M,I,author,I
/ ,O,O,I
Bauhus,B,author,I
", ",I,author,I
J,I,author,I
. (,O,O,I
2011,B,year,I
): ,O,O,I
Sturmrisiko von Fichte versus Douglasie auf baden-württembergischen Versuchsflächen,B,title,I
. In: ,O,O,I
"Tagungsband der Jahrestagung 2011 des DeutschenVerbands Forstlicher Forschungsanstalten (DVFFA), Sektion Ertragskunde",B,source,I
", ",O,O,I
21,B,fpage,I
-,O,O,I
31,B,lpage,I
. URL:,O,O,I
http://www.nw-fva.de/~nagel/SektionErtragskunde/band201lZTag2011_03.pdf,B,url,I
" [13.09.2015]
",O,O,I
Albrecht,B,author,B
", ",I,author,I
A,I,author,I
./,O,O,I
Hanewinkel,B,author,I
", ",I,author,I
M,I,author,I
. /,O,O,I
Bauhus,B,author,I
", ",I,author,I
J,I,author,I
/ ,O,O,I
Kohnle,B,author,I
. ,I,author,I
U,I,author,I
. (,O,O,I
2015,B,year,I
): ,O,O,I
Sturmstabilität der Douglasie: schlechter als ihr Ruf,B,title,I
. URL: ,O,O,I
http://www.waldwissen.net/waldwirtschaft/schaden/sturm_schnee_eis/fva_douglasie_windwurf/index_DE,B,url,I
" [13.09.2015]
",O,O,I
BMEL - Bundesministerium für Ernährung und Landwirtschaft,B,editor,B
 (Hrsg.) (,O,O,I
2014,B,year,I
): ,O,O,I
"Der Wald in Deutschland, Ausgewählte Ergebnisse der dritten Bundeswaldinventur",B,title,I
. URL: ,O,O,I
https://www.bundeswaldinventur.de/fileadmin/SITE_MASTER/content/Dokumente/Downloads/BMEL_Wald_Broschuere.pdf,B,url,I
" [13.09.2015]
",O,O,I
BMEL - Bundesministerium für Ernährung und Landwirtschaft,B,editor,B
 (Hrsg.) (,O,O,I
2015,B,year,I
): ,O,O,I
"Entdecke den Wald, die kleine Waldfibel",B,title,I
. URL: ,O,O,I
https://www.bmel.de/SharedDocs/Downloads/Broschueren/WaldfibeLhtmlhttp,B,url,I
" [13.09.2015]
",O,O,I
"BMELV - Bundesministerium für Ernährung, Landwirtschaft und Verbraucherschutz",B,editor,B
 (Hrsg.) (,O,O,I
2011,B,year,I
): ,O,O,I
"Waldstrategie 2020, Nachhaltige Waldbewirtschaftung - eine gesellschaftliche Chance und Herausforderung",B,title,I
. ,O,O,I
URL://www.bmel.de/SharedDocs/Downloads/Broschueren/Waldstrategie2020,B,url,I
". pdf [13.09.2015]
",O,O,I
Bolte,B,author,B
", ",I,author,I
A,I,author,I
./,O,O,I
Hertel,B,author,I
", ",I,author,I
D,I,author,I
./,O,O,I
Ammer,B,author,I
", ",I,author,I
C,I,author,I
./,O,O,I
Schmid,B,author,I
", ",I,author,I
I,I,author,I
./,O,O,I
Nörr,B,author,I
", ",I,author,I
R,I,author,I
./,O,O,I
Kuhr,B,author,I
", ",I,author,I
M,I,author,I
./,O,O,I
N,B,author,I
. ,I,author,I
Redde,I,author,I
 (,O,O,I
2003,B,year,I
): ,O,O,I
Freilandmethoden zur Untersuchung von Baumwurzeln,B,title,I
. In: ,O,O,I
Forstarchiv,B,source,I
 ,O,O,I
74,B,volume,I
", S. ",O,O,I
240,B,fpage,I
-,O,O,I
262,B,lpage,I
".
",O,O,I
Bräuning,B,author,B
", ",I,author,I
A,I,author,I
./,O,O,I
Kaminske,B,author,I
", ",I,author,I
V,I,author,I
. (,O,O,I
2007,B,year,I
): ,O,O,I
Die Arbeit an Jahrringen. Dendrochronologie in der Schule,B,title,I
. In: ,O,O,I
Praxis Geographie,B,source,I
", Jg. ",O,O,I
37,B,volume,I
", H. ",O,O,I
7/8,B,issue,I
",",O,O,I
48,B,fpage,I
-,O,O,I
51,B,lpage,I
".
",O,O,I
Brockmüller,B,author,B
", ",I,author,I
S,I,author,I
./,O,O,I
Jungkunst,B,author,I
", ",I,author,I
H. F.,I,author,I
 (,O,O,I
2015,B,year,I
): ,O,O,I
"Was tun, wenn der Boden sich vom Acker macht?! Einflussfaktoren erkennen und verstehen, Schutzstrategien beurteilen",B,title,I
. In: ,O,O,I
Praxis Geographie,B,source,I
 ,O,O,I
45,B,volume,I
",",O,O,I
5,B,issue,I
",",O,O,I
36,B,fpage,I
—,O,O,I
41,B,lpage,I
".
",O,O,I
Bundesregierung,B,editor,B
 (,O,O,I
2008,B,year,I
): ,O,O,I
Deutsche Anpassungsstrategie an den Klimawandel. Vom Bundeskabinett am 17. Dezember 2008 beschlossen,B,title,I
", 78 S. URL: ",O,O,I
www.bmu.de/klimaschutz/downloads/doc/42783.php,B,url,I
" [13.09.2015]
",O,O,I
Eikmeier,B,author,B
", ",I,author,I
C,I,author,I
./,O,O,I
Kirchner,B,author,I
", ",I,author,I
W. H.,I,author,I
/,O,O,I
Otto,B,author,I
", ",I,author,I
K.-H.,I,author,I
 (,O,O,I
2015,B,year,I
): ,O,O,I
"Der Treibhauseffekt im Becherglas, Experimentieren und Modellieren über die Prozesse der globalen Erwärmung",B,title,I
. In: ,O,O,I
geographie heute,B,source,I
 H. ,O,O,I
332,B,issue,I
",",O,O,I
24,B,fpage,I
—,O,O,I
27,B,lpage,I
".
",O,O,I
Endlicher,B,author,B
", ",I,author,I
W,I,author,I
. (,O,O,I
2007,B,year,I
): ,O,O,I
Das Unbeherrschbare vermeiden und das Unvermeidbare beherrschen - Strategien gegen die gefährlichen Auswirkungen des Klimawandels,B,title,I
. In: ,O,O,I
"Endlicher, W.",B,editor,I
/,O,O,I
"Gerstengarbe, F.-W.",B,editor,I
 (Hrsg.): ,O,O,I
"Der Klimawandel - Einblicke, Rückblicke und Ausblicke",B,source,I
"-, ",O,O,I
119,B,fpage,I
-,O,O,I
131,B,lpage,I
. URL: ,O,O,I
https://www.pik-potsdam.de/services/infbthek/buecher_broschueren/.images/broschuere_cms_100.pdf,B,url,I
" [13.09.2015]
",O,O,I
Fischer,B,author,B
", ",I,author,I
H. W.,I,author,I
 (,O,O,I
2011,B,year,I
): ,O,O,I
Das Holz der Douglasie - vielseitig verwendbar. -Vortrag im Rahmen des Seminars 2.4.6 „Douglasie-Neophyt oder Baum der Zukunft?“ der Landesforsten Rheinland-Pfalz,B,title,I
. URL ,O,O,I
http://www.wald-rlp.de/fileadmin/website/fawfseiten/fawf/downloads/Veroeffentlichungen/fischer-dougl.pdf,B,url,I
"[13.09.2015]
",O,O,I
Jentsch,B,author,B
", ",I,author,I
A,I,author,I
./,O,O,I
Beierkuhnlein,B,author,I
", ",I,author,I
C,I,author,I
. (,O,O,I
2010,B,year,I
): ,O,O,I
"Simulating the Future - Responses of Ecosystems, Key Species, and European Provenances to Expected Climatic Trends and Events",B,title,I
. In: ,O,O,I
Nova Acta Leopoldina,B,source,I
", NF ",O,O,I
112,B,volume,I
", Nr. ",O,O,I
384,B,issue,I
",",O,O,I
89,B,fpage,I
-,O,O,I
98,B,lpage,I
. URL: ,O,O,I
http://www.bayceer.uni-bayreuth.de/bayceer/de/pub/pub/90118/Jentsch_Beierkuhnlein.pdf,B,url,I
" [13.09.2015]
",O,O,I
Kölling,B,author,B
", ",I,author,I
C,I,author,I
. (,O,O,I
2007,B,year,I
): ,O,O,I
Klimahüllen fur 27 Waldbaumarten,B,title,I
. In: ,O,O,I
AFZ-Der Wald,B,source,I
", H. ",O,O,I
23,B,issue,I
",",O,O,I
1242,B,fpage,I
-,O,O,I
1245,B,lpage,I
. ,O,O,I
URL: http://www.Iwf.bayern.de/mam/cms04/boden-klima/dateien/a69_klimah__llen.pdf,B,url,I
" [13.09.2015]
",O,O,I
Kölling,B,author,B
", ",I,author,I
C,I,author,I
./,O,O,I
Knoke,B,author,I
", ",I,author,I
T,I,author,I
./,O,O,I
Schall,B,author,I
", ",I,author,I
P,I,author,I
./,O,O,I
Ammer,B,author,I
", ",I,author,I
C,I,author,I
. (,O,O,I
2009,B,year,I
): ,O,O,I
Überlegungen zum Risiko des Fichtenanbaus in Deutschland vor dem Hintergrund des Klimawandels,B,title,I
. In: ,O,O,I
Forstarchiv,B,source,I
 ,O,O,I
80,B,volume,I
", S. ",O,O,I
42,B,fpage,I
-,O,O,I
54,B,lpage,I
. URL: ,O,O,I
http://www.waldundklima.de/klima/klima_docs/forstarchiv_2009_fichte_01.pdf,B,url,I
" [13.09.2015]
",O,O,I
Kownatzki,B,author,B
", ",I,author,I
D,I,author,I
./,O,O,I
Kriebitzsch,B,author,I
", ",I,author,I
W.-U.,I,author,I
 /,O,O,I
Bolte,B,author,I
", ",I,author,I
A,I,author,I
./,O,O,I
Liesebach,B,author,I
", ",I,author,I
H,I,author,I
./,O,O,I
Schmitt,B,author,I
", ",I,author,I
U,I,author,I
./,O,O,I
Elsasser,B,author,I
", ",I,author,I
P,I,author,I
. (,O,O,I
2011,B,year,I
): ,O,O,I
Zum Douglasienanbau in Deutschland,B,title,I
. In: ,O,O,I
Johann Heinrich von Thünen Institut,B,editor,I
 (Hrsg.): ,O,O,I
"Landbauforschung, Sonderheft",B,source,I
 ,O,O,I
344,B,volume,I
".
",O,O,I
Licht,B,author,B
", ",I,author,I
W,I,author,I
. (,O,O,I
2013,B,year,I
): ,O,O,I
Zeigerpflanzen erkennen und bestimmen,B,title,I
".
",O,O,I
Liebig,B,author,B
", ",I,author,I
G,I,author,I
. (,O,O,I
2012,B,year,I
): ,O,O,I
Entdeckendes Lernen - ein Unterrichtsprinzip,B,title,I
. In: ,O,O,I
"Liebig, H.",B,editor,I
 (Hrsg.): ,O,O,I
Entdeckendes Lernen,B,source,I
. ,O,O,I
Baltmannsweiler,B,other,I
", S. ",O,O,I
1,B,fpage,I
-,O,O,I
15,B,lpage,I
".
",O,O,I
"LUBW - Landesanstalt für Umwelt, Messungen und Naturschutz Baden-Württemberg",B,editor,B
 (Hrsg.) (,O,O,I
2013,B,year,I
): ,O,O,I
"Zukünftige Klimaentwicklung in Baden-Württemberg, Perspektiven aus regionalen Klimamodellen (Kurzfassung)",B,title,I
. URL: ,O,O,I
http://www.lubw.baden-wuerttemberg.de/servlet/is/229985/,B,url,I
" [13.09.2015]
",O,O,I
Mönter,B,author,B
", ",I,author,I
L,I,author,I
./,O,O,I
S,B,author,I
. ,I,author,I
Hof,I,author,I
 (,O,O,I
2012,B,year,I
): ,O,O,I
Experimente,B,title,I
. In: ,O,O,I
"Haversath,J.-B.",B,editor,I
 (Hrsg.): ,O,O,I
Geographiedidaktik. Theorie - Themen - Forschung,B,source,I
. ,O,O,I
Braunschweig,B,other,I
", S. ",O,O,I
289,B,fpage,I
-,O,O,I
313,B,lpage,I
".
",O,O,I
Otto,B,author,B
", ",I,author,I
K.-H.,I,author,I
 (,O,O,I
2009,B,year,I
): ,O,O,I
Experimentieren als Arbeitsweise im Geographieunterricht,B,title,I
. In: ,O,O,I
Geographie und Schule,B,source,I
 ,O,O,I
31,B,volume,I
", ",O,O,I
180,B,issue,I
", S. ",O,O,I
4,B,fpage,I
-,O,O,I
15,B,lpage,I
".
",O,O,I
Otto,B,author,B
", ",I,author,I
K.-H.,I,author,I
", ",O,O,I
Mönter,B,author,I
/,I,author,I
L,I,author,I
", ",O,O,I
Hof,B,author,I
", ",I,author,I
S,I,author,I
./,O,O,I
J,B,author,I
. ,I,author,I
Wirth,I,author,I
 (,O,O,I
2010,B,year,I
): ,O,O,I
Das geographische Experiment im Kontext empirischer Lehr-/Lemforschung,B,title,I
. In: ,O,O,I
Geographie und ihre Didaktik. Journal of Geography Education,B,source,I
 ,O,O,I
38,B,volume,I
", ",O,O,I
3,B,issue,I
", S. ",O,O,I
133,B,fpage,I
-,O,O,I
145,B,lpage,I
".
",O,O,I
Otto,B,author,B
", ",I,author,I
K.-H.,I,author,I
 /,O,O,I
L,B,author,I
. ,I,author,I
Mönter,I,author,I
 (,O,O,I
2015,B,year,I
): ,O,O,I
Scientific Literacy im Geographieunterricht fördern. Experimentelle Lehr-/Lernformen und Modellexperimente,B,title,I
. In: ,O,O,I
geographie heute,B,source,I
", H. ",O,O,I
322,B,issue,I
", S. ",O,O,I
2,B,fpage,I
-,O,O,I
7,B,lpage,I
".
",O,O,I
Peter,B,author,B
", ",I,author,I
C,I,author,I
. (,O,O,I
2013,B,year,I
): ,O,O,I
Problemlösendes Lernen und Experimentieren in der geographiedidaktischen Forschung: Eine Interventions- und Evaluationsstudie zur naturwissenschaftlichen Kompetenzentwicklung im Geographieunterricht,B,title,I
. Dissertation an der Justus-Liebig-Universität ,O,O,I
Gießen,B,other,I
. URL: b ,O,O,I
http://geb.uni-giessen.de/geb/volltexte/2014/10703/pdf/PeterCarina_2014_01_15.pdf,B,url,I
" [15.09.2015]
",O,O,I
Prietzel,B,author,B
", ",I,author,I
J,I,author,I
./,O,O,I
Bachmann,B,author,I
", ",I,author,I
S,I,author,I
. (,O,O,I
2011,B,year,I
): ,O,O,I
Verändern Douglasien Wasser und Boden?,B,title,I
In: ,O,O,I
LWF aktuell,B,source,I
", H. ",O,O,I
84,B,issue,I
",",O,O,I
50,B,fpage,I
-,O,O,I
52,B,lpage,I
. URL: ,O,O,I
http://www.lwf.bayern.de/mam/cms04/service/dateien/a84-bergwaldwirtschaft.pdf,B,url,I
" [13.09.2015]
",O,O,I
Rinschede,B,author,B
", ",I,author,I
G,I,author,I
. (,O,O,I
2007,B,year,I
): ,O,O,I
Geographiedidaktik,B,title,I
. ,O,O,I
Paderborn,B,other,I
".
",O,O,I
Roloff,B,author,B
", ",I,author,I
A,I,author,I
./,O,O,I
Grundmann,B,author,I
", ",I,author,I
B,I,author,I
. (,O,O,I
2008,B,year,I
): ,O,O,I
Klimawandel und Baumarten-Verwendung für Waldökosysteme (Forschungsstudie),B,title,I
. ,O,O,I
Dresden,B,other,I
. URL: ,O,O,I
http://www.wald-in-not.de/download/KLAM.pdf,B,url,I
" [15.09.2015]
",O,O,I
Ruthe,B,author,B
", ",I,author,I
C,I,author,I
. (,O,O,I
1981,B,year,I
): ,O,O,I
"Erstellung einer Handlungsanleitung zur Schadbildanalyse und -bewertung an Bäumen, sowie Beurteilung ihres Gefährdungspotentials im Hinblick auf die Verkehrssicherungspflicht im Zuständigkeitsbereich des Forstamtes Driburg",B,title,I
. URL: ,O,O,I
http://download.ble.de/07BM003/Abschlussbericht_2_Kapitel%202_%20Anlage_l.pdf,B,url,I
" [15.09.2015]
",O,O,I
SDW - Schutzgemeinschaft Deutscher Wald,B,editor,B
 (Hrsg. ,O,O,I
o. J.,B,other,I
): ,O,O,I
Waldlehrpfad Baumarten,B,title,I
. URL: ,O,O,I
http://www.sdw-brandenburg.de/cms/upload/waldlehrpfad/inhalt_baumarten.swf,B,url,I
"[15.09.2015]
",O,O,I
Siegmund,B,author,B
", ",I,author,I
A,I,author,I
. /,O,O,I
Volz,B,author,I
", ",I,author,I
D,I,author,I
. (,O,O,I
2015,B,year,I
): ,O,O,I
Dem Wandel begegnen - Anpassung an die regionalen Folgen des Klimawandels,B,title,I
. In: ,O,O,I
Praxis Geographie,B,source,I
 ,O,O,I
45,B,volume,I
",",O,O,I
5,B,issue,I
", S. ",O,O,I
4,B,fpage,I
—,O,O,I
7,B,lpage,I
".
",O,O,I
Stiftung Wald in Not,B,editor,B
 (Hrsg. ,O,O,I
2008,B,year,I
): ,O,O,I
Wald im Klimastress: Fakten-Folgen-Strategien,B,title,I
. URL: ,O,O,I
http://www.wald-in-not.de/download/Klima_061008.pdf,B,url,I
" [15.09.2015]
",O,O,I
UBA - Umweltbundesamt,B,editor,B
 (Hrsg.) (,O,O,I
2015,B,year,I
a): ,O,O,I
"Monitoringbericht 2015 zur Deutschen Anpassungsstrategie an den Klimawandel, Bericht der Interministeriellen Arbeitsgruppe Anpassungsstrategie der Bundesregierung",B,title,I
. URL: ,O,O,I
http://www.umweltbundesamt.de/sites/default/files/medien/376/publikationen/monitoringbericht_2015_zur_deutschen_anpassungsstrategie_an_den_klimawandel.pdf,B,url,I
" [13.09.2015]
",O,O,I
UBA - Umweltbundesamt,B,editor,B
 (Hrsg.) (,O,O,I
2015,B,year,I
b): ,O,O,I
Nachhaltige Waldwirtschaft. Die vielfältigen Funktionen des Waldes,B,title,I
. URL: ,O,O,I
http://www.umweltbundesamt.de/daten/land-forstwirtschaft/forstwirtschaft/nachhaltige-waldwirtschaft,B,url,I
" [15.09.2015]
",O,O,I
"UM BW - Ministerium für Umwelt, Klima und Energiewirtschaft Baden-Württemberg",B,editor,B
 (Hrsg.) (,O,O,I
2015,B,year,I
): ,O,O,I
"Strategie zur Anpassung an den Klimawandel in Baden-Württemberg, Vulnerabilitäten und Anpassungsmaßnahmen in relevanten Handlungsfeldern",B,title,I
. URL: ,O,O,I
http://um.baden-wuerttemberg.de/fileadmin/redaktion/m-um/intern/Dateien/Dokumente/4_Klima/Klimawandel/Anpassungsstrategie.pdf,B,url,I
" [13.09.2015]
",O,O,I
Unseld,B,author,B
", ",I,author,I
R,I,author,I
. (,O,O,I
2013,B,year,I
): ,O,O,I
"Anpassungsstrategie Baden-Württemberg an die Folgen des Klimawandels, Fachgutachten für das Handlungsfeld Wald und Forstwirtschaft, Teil A: Langfassung",B,title,I
.URL: ,O,O,I
http://www.fachdokumente.lubw.baden-wuerttemberg.de/servlet/is/109165/U13-W04-N12.pdf?command=downloadContent&filename~U13-W04-N12.pdf,B,url,I
"
",O,O,I
Wullschleger,B,author,B
", ",I,author,I
S.D.,I,author,I
/,O,O,I
Strahl,B,author,I
", ",I,author,I
M,I,author,I
. (,O,O,I
2010,B,year,I
): ,O,O,I
"Erde 3.0, Klimawandel im Freilandexperiment",B,title,I
. In: ,O,O,I
Spektrum der Wissenschaft,B,source,I
" Juli 2OlO, ",O,O,I
80,B,fpage,I
-,O,O,I
85,B,lpage,I
. URL: ,O,O,I
http://www.spektrum.de/pdf/sdw-10-07-s080-pdf/1036786,B,url,I
" [13.09.2015]
",O,O,I
Zocher,B,author,B
", ",I,author,I
U,I,author,I
. (,O,O,I
2000,B,year,I
): ,O,O,I
Entdeckendes Lernen lernen. Zur praktischen Umsetzung eines pädagogischen Konzepts in Unterricht und Lehrerfortbildung,B,title,I
. ,O,O,I
Donauwörth,B,other,I
.,O,O,I
