token,tag,label,ref
Dollinger,B,author,B
", ",I,author,I
F,I,author,I
 (,O,O,I
1998,B,year,I
): ,O,O,I
Die Naturräume im Bundesland Salzburg,B,title,I
 - ,O,O,I
Flensburg,B,other,I
. (,O,O,I
Forschungen zur deutschen Landeskunde,B,source,I
. Band ,O,O,I
245,B,volume,I
")
",O,O,I
Grunewald,B,author,B
", ",I,author,I
K,I,author,I
./,O,O,I
Schulze,B,author,I
", ",I,author,I
W,I,author,I
./,O,O,I
Steinhardt,B,author,I
", ",I,author,I
U,I,author,I
. (,O,O,I
1995,B,year,I
): ,O,O,I
Döberitzer Heide und Ferbitzer Bruch - Das Naturerbe eines Truppenübungsplatzes,B,title,I
. In: ,O,O,I
"Grunewald, K.",B,editor,I
/,O,O,I
Marcinek. J.,B,editor,I
 (Hrsg. ,O,O,I
1995,B,year,I
): ,O,O,I
Berlin-Potsdamer Stadtrandlandschaften,B,source,I
. ,O,O,I
Berlin,B,other,I
", S. ",O,O,I
63,B,fpage,I
-,O,O,I
75,B,lpage,I
".
",O,O,I
Gütter,B,author,B
", ",I,author,I
R,I,author,I
. (,O,O,I
1993,B,year,I
): ,O,O,I
Pläne oder Projekte,B,title,I
. In: ,O,O,I
Raumplanung,B,source,I
", ",O,O,I
60,B,volume,I
", S. ",O,O,I
56,B,fpage,I
-,O,O,I
62,B,lpage,I
".
",O,O,I
Haber,B,author,B
", ",I,author,I
W,I,author,I
. (,O,O,I
1998,B,year,I
): ,O,O,I
Nachhaltigkeit als Leitbild der Umwelt- und Raumentwicklung in Europa,B,title,I
. In. ,O,O,I
"Heinritz, G.",B,editor,I
/,O,O,I
"Wiesinger, R.",B,editor,I
/,O,O,I
"Winiger, M.",B,editor,I
 (Hrsg.): ,O,O,I
51. Deutscher Geographentag Bonn 1997. Tagungsbericht und Wissenschaftliche Abhandlungen,B,source,I
", Bd. ",O,O,I
2,B,volume,I
", S. ",O,O,I
11,B,fpage,I
-,O,O,I
30,B,lpage,I
".
",O,O,I
Hard,B,author,B
", ",I,author,I
G,I,author,I
. (,O,O,I
1972,B,year,I
): ,O,O,I
„Landschaft“ - Folgerungen aus einigen Ergebnissen einer semantischen Analyse,B,title,I
. In: ,O,O,I
Landschaft + Stadt,B,source,I
", H. ",O,O,I
2,B,issue,I
", S. ",O,O,I
77,B,fpage,I
-,O,O,I
84,B,lpage,I
".
",O,O,I
Honorarordnung für Leistungen der Architekten und Ingenieure (HOAI) - in der Fassung der Fünften Änderungsverordnung vom 21. September 1995.,B,source,B
 Teil ,O,O,I
VI,B,volume,I
: ,O,O,I
Landschaftsplanerische Leistungen,B,title,I
). ,O,O,I
Wiesbaden,B,other,I
 und ,O,O,I
Berlin,B,other,I
".
",O,O,I
IBA Fürst-Pückler-Land Vorbereitungsgesellschaft mbH,B,editor,B
 (,O,O,I
1998,B,year,I
): ,O,O,I
Projekte der Internationalen Bauausstellung Fürst-Pückler-Land,B,title,I
. - ,O,O,I
Großräschen,B,other,I
".
",O,O,I
Jessel,B,author,B
", ",I,author,I
B,I,author,I
. (,O,O,I
1998,B,year,I
): ,O,O,I
Landschaften als Gegenstand von Planung,B,title,I
.- ,O,O,I
Berlin,B,other,I
. (,O,O,I
Beiträge zur Umweltgestaltung,B,source,I
 ,O,O,I
A 139,B,volume,I
")
",O,O,I
Leser,B,author,B
", ",I,author,I
H,I,author,I
. (,O,O,I
1991,B,year,I
): ,O,O,I
Landschaftsökologie,B,title,I
. - ,O,O,I
Stuttgart,B,other,I
. (,O,O,I
Uni-Taschenbücher,B,source,I
 ,O,O,I
521,B,volume,I
")
",O,O,I
Mannsfeld,B,author,B
", ",I,author,I
K,I,author,I
. (,O,O,I
1998,B,year,I
): ,O,O,I
Geographische Überlegungen zu einer Nachhaltigkeit sichernden Zukunftsplanung in den Ländern des „Nordens“,B,title,I
. In. ,O,O,I
"Heinritz, G.",B,editor,I
/,O,O,I
"Wiesinger, R.",B,editor,I
/,O,O,I
"Winiger, M.",B,editor,I
 (Hrsg.): ,O,O,I
51. Deutscher Geographentag Bonn 1997. Tagungsbericht und Wissenschaftliche Abhandlungen,B,source,I
", Bd. ",O,O,I
2,B,volume,I
", S. ",O,O,I
79,B,fpage,I
-,O,O,I
86,B,lpage,I
".
",O,O,I
Mannsfeld,B,author,B
", ",I,author,I
K,I,author,I
./,O,O,I
Richter,B,author,I
", ",I,author,I
H,I,author,I
. (,O,O,I
1995,B,year,I
): ,O,O,I
Naturräume in Sachsen,B,title,I
. - ,O,O,I
Trier,B,other,I
. (,O,O,I
Forschungen zur deutschen Landeskunde,B,source,I
. Band ,O,O,I
238,B,volume,I
")
",O,O,I
"Meynen, E.",B,editor,B
/,O,O,I
"Schmithüsen, J.",B,editor,I
/,O,O,I
"Gellert, J. F.",B,editor,I
/ ,O,O,I
"Neef, E.",B,editor,I
/,O,O,I
"Müller-Miny, H.",B,editor,I
/,O,O,I
"Schultze, J. H.",B,editor,I
 (Hrsg. ,O,O,I
1953—1961,B,year,I
): ,O,O,I
Handbuch der naturräumlichen Gliederung Deutschlands,B,title,I
. 8 Lieferungen. - ,O,O,I
Remagen-Bad Godesberg,B,other,I
".
",O,O,I
Neffe,B,author,B
", ",I,author,I
J,I,author,I
. (,O,O,I
1999,B,year,I
): ,O,O,I
Aufbau West im Pott,B,title,I
. In: ,O,O,I
Der Spiegel,B,source,I
", H. ",O,O,I
16,B,issue,I
", S. ",O,O,I
234,B,fpage,I
-,O,O,I
237,B,lpage,I
".
",O,O,I
Neumann,B,author,B
", ",I,author,I
K,I,author,I
/,O,O,I
Sieverts,B,author,I
", ",I,author,I
T,I,author,I
 (,O,O,I
1997,B,year,I
): ,O,O,I
Vom bösen Bauen und der guten Natur,B,title,I
. In: ,O,O,I
"Dokumente und Informationen zur Schweizerischen Orts-, Regional- und Landesplanung (DISP)",B,source,I
 ,O,O,I
128,B,volume,I
", S. ",O,O,I
44,B,fpage,I
-,O,O,I
48,B,lpage,I
".
",O,O,I
Rossé,B,author,B
", ",I,author,I
F,I,author,I
 (,O,O,I
1993,B,year,I
): ,O,O,I
Das Ruhrgebiet zwischen Industriekultur und Ökologie: Die IBA Emscher Park wird konkret,B,title,I
. In: ,O,O,I
"Dokumente und Informationen zur Schweizerischen Orts-, Regional und Landesplanung (DISP)",B,source,I
 ,O,O,I
112,B,volume,I
", S. ",O,O,I
18,B,fpage,I
-,O,O,I
22,B,lpage,I
".
",O,O,I
Saupe,B,author,B
", ",I,author,I
G,I,author,I
./,O,O,I
Barsch,B,author,I
. ,I,author,I
H,I,author,I
./,O,O,I
Carstensen,B,author,I
", ",I,author,I
I,I,author,I
./,O,O,I
Geldmacher,B,author,I
", ",I,author,I
K,I,author,I
./,O,O,I
Giering,B,author,I
", ",I,author,I
G,I,author,I
./,O,O,I
Hering,B,author,I
", ",I,author,I
F,I,author,I
/,O,O,I
Jeserigk,B,author,I
", ",I,author,I
H,I,author,I
./,O,O,I
Knothe,B,author,I
", ",I,author,I
D,I,author,I
./,O,O,I
Ziener,B,author,I
", ",I,author,I
K,I,author,I
. (,O,O,I
1999,B,year,I
): ,O,O,I
Entwicklung und Gestaltung von Erholungsgebieten in Bergbaufolgelandschaften. Abschlußbericht zum Forschungsprojekt,B,title,I
 ,O,O,I
(mit Mitteln des Bundesministers für Wissenschaft und Bildung unter dem Förderkennzeichen 033 9682 gefördert),B,other,I
 - ,O,O,I
Potsdam,B,other,I
".
",O,O,I
Schmid,B,author,B
", ",I,author,I
W. A.,I,author,I
 (,O,O,I
1997,B,year,I
): ,O,O,I
Grundzüge der ökologischen Planung und Nachhaltigkeit,B,title,I
. In: ,O,O,I
"Dokumente und Informationen zur Schweizerischen Orts-, Regional- und Landesplanung (DISP)",B,source,I
 ,O,O,I
128,B,volume,I
", S. ",O,O,I
3,B,fpage,I
-,O,O,I
7,B,lpage,I
".
",O,O,I
Scholles,B,author,B
", ",I,author,I
F,I,author,I
 (,O,O,I
1998,B,year,I
): ,O,O,I
Stand und Perspektiven der Umweltplanung in Deutschland,B,title,I
. In. In. ,O,O,I
"Heinritz, G.",B,editor,I
/,O,O,I
"Wiesinger, R.",B,editor,I
/,O,O,I
"Winiger, M.",B,editor,I
 (Hrsg.): ,O,O,I
51. Deutscher Geographentag Bonn 1997. Tagungsbericht und Wissenschaftliche Abhandlungen,B,source,I
", Bd. ",O,O,I
2,B,volume,I
", S. ",O,O,I
181,B,fpage,I
-,O,O,I
195,B,lpage,I
".
",O,O,I
Sieverts,B,author,B
", ",I,author,I
T,I,author,I
/,O,O,I
Ganser,B,author,I
", ",I,author,I
K,I,author,I
. (,O,O,I
1993,B,year,I
): ,O,O,I
Vom Aufbaustab Speer bis zur Internationalen Bauaustellung Emscher Park und darüber hinaus - Planungskulturen in der Bundesrepublik Deutschland,B,title,I
. In: ,O,O,I
"Dokumente und Informationen zur Schweizerischen Orts-, Regional- und Landesplanung (DISP)",B,source,I
 ,O,O,I
115,B,volume,I
", S. ",O,O,I
31,B,fpage,I
-,O,O,I
37,B,lpage,I
".
",O,O,I
Tomerius,B,author,B
", ",I,author,I
H,I,author,I
. (,O,O,I
1995,B,year,I
): ,O,O,I
Informelles Verwaltungshandeln im deutschen Verwaltungsrecht,B,title,I
. ,O,O,I
Baden-Baden,B,other,I
".
",O,O,I
WCED: The World Commission on Environment and Development,B,editor,B
 (,O,O,I
1987,B,year,I
). ,O,O,I
Our Common Future (Brundtland Report),B,title,I
. ,O,O,I
Oxford/New York,B,other,I
".
",O,O,I
WIB PlanData,B,editor,B
 (,O,O,I
1998,B,year,I
): ,O,O,I
Entwurf eines Landschaftspflegerischen Begleitplanes für den Ausbau des Flughafens Schönefeld,B,title,I
. Unveröffentlicht. ,O,O,I
Berlin,B,other,I
.,O,O,I
