token,tag,label,ref
Anzaldúa,B,author,B
", ",I,author,I
G,I,author,I
. (,O,O,I
1999,B,year,I
): ,O,O,I
Borderlands/La Frontera: The New Mestiza,B,title,I
. 2. Aufl. ,O,O,I
San Francisco,B,other,I
"
",O,O,I
Berndt,B,author,B
", ",I,author,I
C,I,author,I
. (,O,O,I
2004,B,year,I
): ,O,O,I
"Stadtgeographien an der Schwelle zwischen Nord und Süd: Globale Bewegungen und territoriale Ordnung in Ciudad Juárez, Mexiko",B,title,I
. In: ,O,O,I
Erdkunde,B,source,I
 ,O,O,I
58,B,volume,I
 (,O,O,I
3,B,issue,I
"), S. ",O,O,I
221,B,fpage,I
-,O,O,I
234,B,lpage,I
"
",O,O,I
Berndt,B,author,B
", ",O,O,I
C,B,volume,I
. (,O,O,I
2007,B,year,I
): ,O,O,I
Frontera/Borderlands: Labor einer Welt in Bewegung,B,title,I
. In: ,O,O,I
Geographische Rundschau,B,source,I
 ,O,O,I
59,B,volume,I
 (,O,O,I
1,B,issue,I
"), S. ",O,O,I
20,B,fpage,I
-,O,O,I
27,B,lpage,I
"
",O,O,I
Freytag,B,author,B
", ",I,author,I
T,I,author,I
. (,O,O,I
2003,B,year,I
.1): ,O,O,I
"Bildungswesen, Bildungsverhalten und kulturelle Identität: Ursachen für das unterdurchschnittliche Ausbildungsniveau der hispanischen Bevölkerung in New Mexico",B,title,I
. ,O,O,I
Heidelberg,B,other,I
. (= ,O,O,I
Heidelberger Geographische Arbeiten,B,source,I
", ",O,O,I
118,B,volume,I
")
",O,O,I
Freytag,B,author,B
", ",I,author,I
T,I,author,I
. (,O,O,I
2003,B,year,I
.2): ,O,O,I
Grenzüberschreitendes Bildungsverhalten zwischen Ciudad Juárez (Mexiko) und El Paso (USA),B,title,I
. In: ,O,O,I
"Schulte, A.",B,editor,I
", ",O,O,I
"Gamerith, W.",B,editor,I
 und ,O,O,I
K. Sachs,B,editor,I
" (Hrsg., ",O,O,I
2003,B,year,I
): ,O,O,I
Geographie in Heidelberg: Ein Überblick anläßlich des Jahres der Geowissenschaften 2002,B,source,I
. ,O,O,I
Heidelberg,B,other,I
", S. ",O,O,I
74,B,fpage,I
-,O,O,I
75,B,lpage,I
"
",O,O,I
Hofmeister,B,author,B
", ",I,author,I
B,I,author,I
. (,O,O,I
1970,B,year,I
): ,O,O,I
Nordamerika,B,title,I
. ,O,O,I
Frankfurt a. M.,B,other,I
 (= ,O,O,I
Fischer Länderkunde,B,source,I
", ",O,O,I
6,B,volume,I
")
",O,O,I
Hyams,B,author,B
", ",I,author,I
M,I,author,I
. (,O,O,I
2002,B,year,I
): ,O,O,I
'Over there’and 'back then’: an odyssey in national subjectivity,B,title,I
. In: ,O,O,I
Environment and Planning D: Society and Space,B,source,I
 ,O,O,I
20,B,volume,I
 (,O,O,I
4,B,issue,I
"), S. ",O,O,I
459,B,fpage,I
-,O,O,I
476,B,lpage,I
"
",O,O,I
Kirchner,B,author,B
", ",I,author,I
P,I,author,I
. (,O,O,I
2008,B,year,I
): ,O,O,I
¡Viva Tejas! Eine arbeitsteilige Gruppenarbeit über legale und illegale mexikanische Einwanderung nach Texas,B,title,I
. In: ,O,O,I
Geographie heute,B,source,I
 ,O,O,I
29,B,volume,I
 (,O,O,I
261/262,B,issue,I
"), S. ",O,O,I
20,B,fpage,I
—,O,O,I
29,B,lpage,I
"
",O,O,I
Parnreiter,B,author,B
", ",I,author,I
C,I,author,I
. (,O,O,I
2008,B,year,I
): ,O,O,I
Von Mauern und Löchern: Zuwanderung in die USA,B,title,I
. In: ,O,O,I
Geographische Rundschau,B,source,I
 ,O,O,I
60,B,volume,I
 (,O,O,I
6,B,issue,I
"), S. ",O,O,I
40,B,fpage,I
—,O,O,I
47,B,lpage,I
"
",O,O,I
Pries,B,author,B
", ",I,author,I
L,I,author,I
. (,O,O,I
1999,B,year,I
): ,O,O,I
Mexikanische Arbeitswanderung in die USA,B,title,I
. In: ,O,O,I
Geographische Rundschau,B,source,I
 ,O,O,I
51,B,volume,I
 (,O,O,I
7/8,B,issue,I
"), S. ",O,O,I
382,B,fpage,I
-,O,O,I
387,B,lpage,I
