token,tag,label,ref
Bevan,B,author,B
", ",I,author,I
S,I,author,I
. (,O,O,I
2007,B,year,I
): ,O,O,I
Zimbabwe Farmers wait out Robert Mugabe,B,title,I
. In: ,O,O,I
Telegraph.co.uk,B,source,I
", online: ",O,O,I
http://www.telegraph.co.uk/news/worldnews/1558860/Zimbabwe-farmers-wait-out-Robert-Mugabe.html,B,url,I
" (letzter Zugriff: 18.9.2008).
",O,O,I
Bierschenk,B,author,B
", ",I,author,I
T,I,author,I
. und ,O,O,I
Olivier de Sardan,B,author,I
", ",I,author,I
J,I,author,I
. (,O,O,I
2003,B,year,I
): ,O,O,I
Powers in the Village. Rural Benin between Democratisation and Decentralisation,B,title,I
. In: ,O,O,I
Africa,B,source,I
 (,O,O,I
73,B,volume,I
"), No. ",O,O,I
2,B,issue,I
", S. ",O,O,I
145,B,fpage,I
-,O,O,I
173,B,lpage,I
".
",O,O,I
Bock,B,author,B
", ",I,author,I
J,I,author,I
. (,O,O,I
1998,B,year,I
): ,O,O,I
Economic Development and Cultural Change among the Okavango Delta Peoples of Botswana,B,title,I
. In: ,O,O,I
Botswana Notes and Records,B,source,I
 (,O,O,I
30,B,volume,I
"), S. ",O,O,I
27,B,fpage,I
-,O,O,I
44,B,lpage,I
".
",O,O,I
Doevenspeck,B,author,B
", ",I,author,I
M,I,author,I
. (,O,O,I
2005,B,year,I
): ,O,O,I
Migration im ländlichen Benin,B,title,I
. ,O,O,I
Studien zur Geographischen Entwicklungsforschung,B,source,I
 ,O,O,I
30,B,volume,I
. ,O,O,I
Saarbrücken,B,other,I
".
",O,O,I
Duval Smith,B,author,B
", ",I,author,I
A,I,author,I
. (,O,O,I
2008,B,year,I
): ,O,O,I
Is this the end of the rainbow nation?,B,title,I
 In: ,O,O,I
Mail & Guardian Online,B,source,I
", ",O,O,I
25.5.2008,B,volume,I
. (,O,O,I
http://www.mg.co.za/article/2008-05-25-is-thisthe-end-of-rainbow-nation,B,url,I
"; letzter Zugriff: 16.9.08)
",O,O,I
IDMC (International Displacement Monitoring Centre,B,editor,B
; ,O,O,I
2008,B,year,I
): ,O,O,I
Internal Displacement. Global Overview of Trends and Developments 2007,B,title,I
. ,O,O,I
Châtelaine/Genf,B,other,I
. (online verfügbar: ,O,O,I
www.internal-displacement.org,B,url,I
" )
",O,O,I
Eiwert,B,author,B
", ",I,author,I
G,I,author,I
. (,O,O,I
1997,B,year,I
): ,O,O,I
Gewaltmärkte: Beobachtungen zur Zweckrationalität von Gewalt,B,title,I
. In: ,O,O,I
"Von Trotha, T.",B,editor,I
 (Hrsg.): ,O,O,I
Soziologie der Gewalt,B,source,I
. ,O,O,I
Wiesbaden,B,other,I
", S. ",O,O,I
86,B,fpage,I
-,O,O,I
101,B,lpage,I
".
",O,O,I
"Hahn, H.",B,editor,B
 und ,O,O,I
"Klute, G.",B,editor,I
" (Hrsg., ",O,O,I
2007,B,year,I
): ,O,O,I
Cultures of Migration,B,title,I
. ,O,O,I
Münster,B,other,I
".
",O,O,I
Klepp,B,author,B
", ",I,author,I
S,I,author,I
. (,O,O,I
2008,B,year,I
): ,O,O,I
Zwischen Skylla und Charybdis. Der Weg der Flüchtlinge von Libyen nach Europa,B,title,I
. In: ,O,O,I
Geographische Rundschau,B,source,I
 (,O,O,I
60,B,volume,I
"), Heft ",O,O,I
6,B,issue,I
", S. ",O,O,I
48,B,fpage,I
-,O,O,I
52,B,lpage,I
".
",O,O,I
Knoll,B,author,B
", ",I,author,I
S,I,author,I
. (,O,O,I
2008,B,year,I
): ,O,O,I
Das Ende des Regenbogens?,B,title,I
 In: ,O,O,I
Afrika Süd,B,source,I
", ",O,O,I
37,B,volume,I
".Jg., Nr. ",O,O,I
3,B,issue,I
", S. ",O,O,I
8,B,fpage,I
-,O,O,I
11,B,lpage,I
".
",O,O,I
Krings,B,author,B
", ",I,author,I
T,I,author,I
. und ,O,O,I
Schneider,B,author,I
", ",I,author,I
H,I,author,I
. (,O,O,I
2007,B,year,I
): ,O,O,I
"Neue Kriege, Gewaltökonomien und Geographien der Gewalt",B,title,I
. In: ,O,O,I
Zeitschrift für Wirtschaftsgeographie,B,source,I
", Jg. ",O,O,I
51,B,volume,I
", Heft ",O,O,I
3—4,B,issue,I
", S. ",O,O,I
145,B,fpage,I
—,O,O,I
149,B,lpage,I
".
",O,O,I
Manzi,B,author,B
", ",I,author,I
T,I,author,I
. und ,O,O,I
Bond,B,author,I
", ",I,author,I
P,I,author,I
. (,O,O,I
2008,B,year,I
): ,O,O,I
Das Elend der Fremden,B,title,I
. In: ,O,O,I
Afrika Süd,B,source,I
", ",O,O,I
37,B,volume,I
".Jg., Nr. ",O,O,I
3,B,issue,I
", S. ",O,O,I
14,B,fpage,I
-,O,O,I
16,B,lpage,I
".
",O,O,I
Murphy,B,author,B
", ",I,author,I
Z,I,author,I
. (,O,O,I
2008,B,year,I
): ,O,O,I
Zimbabwe farmers struggle in new life,B,title,I
. In: ,O,O,I
BBC News,B,source,I
", online: ",O,O,I
http://news.bbc.co.uk/2/hi/africa/7140428.stm,B,url,I
" (letzter Zugriff: 19.8.2008).
",O,O,I
Pries,B,author,B
", ",I,author,I
L,I,author,I
. (,O,O,I
2008,B,year,I
): ,O,O,I
Internationale Migration,B,title,I
. In: ,O,O,I
Geographische Rundschau,B,source,I
 (,O,O,I
60,B,volume,I
"), Heft ",O,O,I
6,B,issue,I
", S. ",O,O,I
4,B,fpage,I
-,O,O,I
10,B,lpage,I
".
",O,O,I
Samimi,B,author,B
", ",I,author,I
C,I,author,I
. und ,O,O,I
Krüger,B,author,I
", ",I,author,I
F,I,author,I
. (,O,O,I
2006,B,year,I
): ,O,O,I
Miombo - Ökologische und soziale Veränderungen im größten Trockenwald der Erde,B,title,I
. In: ,O,O,I
Geographische Rundschau,B,source,I
 (,O,O,I
58,B,volume,I
"), Heft ",O,O,I
10,B,issue,I
", ",O,O,I
2006,B,year,I
", S. ",O,O,I
40,B,fpage,I
-,O,O,I
47,B,lpage,I
".
",O,O,I
UNHCR,B,editor,B
 (,O,O,I
2008,B,year,I
.1): ,O,O,I
UNHCR Statistical Online Population Database,B,title,I
", (",O,O,I
http://www.unhcr.org,B,url,I
"; letzter Zugriff: 16.9.08)
",O,O,I
UNHCR,B,editor,B
 (,O,O,I
2008,B,year,I
.2): ,O,O,I
UNHCR Global Report 2007 South Africa,B,title,I
. ,O,O,I
Genf,B,other,I
".
",O,O,I
UNHCR,B,editor,B
 (,O,O,I
2008,B,year,I
.3): ,O,O,I
"2007 Global Trends-. Refugees, Asylum-seekers, Returnees, Internally Displaced and Stateless Persons",B,title,I
. ,O,O,I
Genf,B,other,I
".
",O,O,I
UNHCR,B,editor,B
 (,O,O,I
2008,B,year,I
.4): ,O,O,I
"UNHCR - The UN Refugee Agency, Homepage",B,title,I
", (",O,O,I
http://www.unhcr.org,B,url,I
; letzter Zugriff: 16.9.08),O,O,I
