token,tag,label,ref
Becker,B,author,B
", ",I,author,I
N,I,author,I
. (,O,O,I
2006,B,year,I
): ,O,O,I
Die neurowissenschaftliche Herausforderung der Pädagogik,B,title,I
. ,O,O,I
Bad Heilbrunn,B,other,I
", 244 S.
",O,O,I
Becker,B,author,B
", ",I,author,I
N,I,author,I
. (,O,O,I
2014,B,year,I
): ,O,O,I
"Mehr verstehen, besser handeln? Zum Verhältnis von Pädagogik und Neurowissenschaften",B,title,I
. ,O,O,I
"Z. f. Pädagogik, Beiheft",B,source,I
 ,O,O,I
60,B,volume,I
", S. ",O,O,I
208,B,fpage,I
—,O,O,I
225,B,lpage,I
".
",O,O,I
Beyer,B,author,B
", ",I,author,I
L,I,author,I
. (,O,O,I
1989,B,year,I
): ,O,O,I
Erdkundeunterricht im Gelände,B,title,I
. In: ,O,O,I
Arbeitskreis Südtiroler Mittelschullehrer,B,editor,I
 (Hg.): ,O,O,I
Erdkundeunterricht im Gelände,B,source,I
. ,O,O,I
Bozen,B,other,I
", S. ",O,O,I
147,B,fpage,I
-,O,O,I
150,B,lpage,I
".
",O,O,I
Beyer,B,author,B
", ",I,author,I
L,I,author,I
./,O,O,I
Hemmer,B,author,I
", ",I,author,I
M,I,author,I
. (,O,O,I
1997,B,year,I
): ,O,O,I
Perspektivenwechsel - Geographische Exkursionen im Lehramtsstudiengang,B,title,I
. ,O,O,I
Rundbrief Geogr. April,B,source,I
 ,O,O,I
1997,B,year,I
", S. ",O,O,I
1,B,fpage,I
—,O,O,I
4,B,lpage,I
".
",O,O,I
Böhn,B,author,B
", ",I,author,I
D,I,author,I
./,O,O,I
Obermaier,B,author,I
", ",I,author,I
G,I,author,I
. (,O,O,I
2013,B,year,I
): ,O,O,I
Lernen mit allen Sinnen,B,title,I
. In ,O,O,I
Dies,B,other,I
. (Hg): ,O,O,I
Wörterbuch der Geographiedidaktik. Begriffe von A-Z,B,source,I
. ,O,O,I
Braunschweig,B,other,I
", S. ",O,O,I
178,B,fpage,I
—,O,O,I
179,B,lpage,I
".
",O,O,I
Daum,B,author,B
", ",I,author,I
E,I,author,I
. (,O,O,I
1988,B,year,I
 a): ,O,O,I
Lernen mit allen Sinnen. Zur Konkretisierung eines handlungsorientierten Unterrichts,B,title,I
. ,O,O,I
Praxis Geographie,B,source,I
 ,O,O,I
18,B,volume,I
", Heft ",O,O,I
7/8,B,issue,I
", S. ",O,O,I
18,B,fpage,I
—,O,O,I
21,B,lpage,I
".
",O,O,I
Daum,B,author,B
", ",I,author,I
E,I,author,I
. (,O,O,I
1988,B,year,I
 b): ,O,O,I
Der neue Gefühlskult in der Umwelterziehung,B,title,I
. ,O,O,I
Oldenburg,B,other,I
", 24 S. (",O,O,I
Oldenburger Vor-Drucke,B,source,I
 H. ,O,O,I
32,B,issue,I
").
",O,O,I
Daum,B,author,B
", ",I,author,I
E,I,author,I
. (,O,O,I
1993,B,year,I
): ,O,O,I
Geographie mit allen Sinnen,B,title,I
. ,O,O,I
GW-Unterricht,B,source,I
 H. ,O,O,I
49,B,issue,I
", S. ",O,O,I
1,B,fpage,I
-,O,O,I
7,B,lpage,I
".
",O,O,I
Dickel,B,author,B
", ",I,author,I
M,I,author,I
. (,O,O,I
2006,B,year,I
): ,O,O,I
"Reisen. Zur Erkenntnistheorie, Praxis und Reflexion für die Geographiedidaktik",B,title,I
. ,O,O,I
Berlin,B,other,I
", 431S. (",O,O,I
Praxis Neue Kulturgeographie,B,source,I
 Bd. ,O,O,I
2,B,volume,I
").
",O,O,I
Dittmann,B,author,B
", ",I,author,I
A,I,author,I
. (,O,O,I
2009,B,year,I
): ,O,O,I
Blind durch Berlin,B,title,I
. In: ,O,O,I
"Budke, A.",B,editor,I
/,O,O,I
"M. Wienecke, M.",B,editor,I
 (Hg.): ,O,O,I
Exkursion selbst gemacht. Innovative Exkursionsmethoden für den Geographieunterricht,B,source,I
. ,O,O,I
Potsdam,B,other,I
", S. ",O,O,I
85,B,fpage,I
-,O,O,I
98,B,lpage,I
 (,O,O,I
Praxis Kultur- und Sozialgeographie,B,source,I
 Bd. ,O,O,I
47,B,volume,I
").
",O,O,I
Engelhardt,B,author,B
", ",I,author,I
W,I,author,I
. (,O,O,I
1991,B,year,I
): ,O,O,I
Lernen mit allen Sinnen - im Erdkundeunterricht,B,title,I
", ",O,O,I
geographie heute,B,source,I
 ,O,O,I
12,B,volume,I
", Heft ",O,O,I
96,B,issue,I
", S. ",O,O,I
4,B,fpage,I
-,O,O,I
7,B,lpage,I
".
",O,O,I
Hasse,B,author,B
", ",I,author,I
J,I,author,I
. (,O,O,I
2005,B,year,I
): ,O,O,I
Fundsachen der Sinne. Eine phänomenologische Revision alltäglichen Erlebens,B,title,I
. ,O,O,I
"Freiburg, München",B,other,I
", 432 S. (",O,O,I
Neue Phänomenologie,B,source,I
 Bd. ,O,O,I
4,B,volume,I
").
",O,O,I
Hasse,B,author,B
", ",I,author,I
J,I,author,I
. (,O,O,I
2010,B,year,I
a): ,O,O,I
Ästhetische Bildung. „Lernen mit allen Sinnen“ und vollem Verstand. Mit einem Exkurs zur geographischen Exkursionsdidaktik,B,title,I
. In: ,O,O,I
"Egger, R.",B,editor,I
/,O,O,I
"Hack, B.",B,editor,I
 (Hg.): ,O,O,I
Sinnliche Bildung? Pädagogische Prozesse zwischen vorprädikativer Situierung und reflexivem Anspruch,B,source,I
. ,O,O,I
Wiesbaden,B,other,I
", S. ",O,O,I
37,B,fpage,I
-,O,O,I
56,B,lpage,I
".
",O,O,I
Hasse,B,author,B
", ",I,author,I
J,I,author,I
. (,O,O,I
2010,B,year,I
b): ,O,O,I
Umwelt und Pädagogik,B,title,I
. In: ,O,O,I
"Rießland, M.",B,editor,I
/,O,O,I
"Borst, E.",B,editor,I
/,O,O,I
"Bernhard, A.",B,editor,I
 (Hg.): ,O,O,I
Die Wiedergewinnung des Pädagogischen,B,source,I
. ,O,O,I
Baltmannsweiler,B,other,I
", S. ",O,O,I
118,B,fpage,I
-,O,O,I
130,B,lpage,I
 (,O,O,I
Pädagogik und Politik,B,source,I
 Bd. ,O,O,I
3,B,volume,I
").
",O,O,I
Haubrich,B,author,B
", ",I,author,I
H,I,author,I
. (,O,O,I
1984,B,year,I
): ,O,O,I
Geographische Erziehung für die Welt von morgen,B,title,I
. ,O,O,I
Geogr. Rdsch.,B,source,I
 ,O,O,I
36,B,volume,I
 (,O,O,I
10,B,issue,I
"), S. ",O,O,I
520,B,fpage,I
—,O,O,I
526,B,lpage,I
".
",O,O,I
Hemmer,B,author,B
", ",I,author,I
M,I,author,I
. (,O,O,I
1996,B,year,I
): ,O,O,I
Grundzüge der Exkursionsdidaktik und -methodik,B,title,I
. In: ,O,O,I
"Bauch,J.",B,editor,I
/,O,O,I
"Bezold, A.",B,editor,I
 ,O,O,I
u.a.,B,editor,I
: ,O,O,I
Exkursionen im Naturpark Altmühltal,B,source,I
. ,O,O,I
Eichstätt,B,other,I
", S. ",O,O,I
9,B,fpage,I
-,O,O,I
16,B,lpage,I
".
",O,O,I
Hemmer,B,author,B
", ",I,author,I
M,I,author,I
. (,O,O,I
1997,B,year,I
): ,O,O,I
Einstiege ins Gelände,B,title,I
. ,O,O,I
Geographie heute,B,source,I
 ,O,O,I
18,B,volume,I
", H. ",O,O,I
157,B,issue,I
", S. ",O,O,I
39,B,fpage,I
-,O,O,I
41,B,lpage,I
".
",O,O,I
Hemmer,B,author,B
", ",I,author,I
M,I,author,I
. (,O,O,I
1999,B,year,I
): ,O,O,I
Aktives lernen auf Schülerexkursionen,B,title,I
. In: ,O,O,I
"Hemmer, I.",B,editor,I
/,O,O,I
"Selzer, H. M.",B,editor,I
 (Hg): ,O,O,I
Für eine Schule der Zukunft,B,source,I
. ,O,O,I
Dettelbach,B,other,I
", S. ",O,O,I
167,B,fpage,I
—,O,O,I
172,B,lpage,I
".
",O,O,I
Hemmer,B,author,B
", ",I,author,I
M,I,author,I
. (,O,O,I
2004,B,year,I
): ,O,O,I
"Schülerexkursionen in Berlin und Umgebung - Grundlagen, Konzepte, Beispiele",B,title,I
. ,O,O,I
Berliner Geogr. Arbeiten,B,source,I
 ,O,O,I
97,B,volume,I
", S. ",O,O,I
213,B,fpage,I
-,O,O,I
217,B,lpage,I
".
",O,O,I
Hemmer,B,author,B
", ",I,author,I
M,I,author,I
. (,O,O,I
2011,B,year,I
): ,O,O,I
Schülerexkursionen im Geographieunterricht - Grundzüge der Exkursionsdidaktik und -methodik,B,title,I
. In: ,O,O,I
"Gehring, W.",B,editor,I
/ ,O,O,I
"Michler, A.",B,editor,I
 (Hg.): ,O,O,I
Außerschulische Lernorte bilingual,B,source,I
. ,O,O,I
Göttingen,B,other,I
", S. ",O,O,I
85,B,fpage,I
-,O,O,I
100,B,lpage,I
".
",O,O,I
Hemmer,B,author,B
", ",I,author,I
M,I,author,I
./,O,O,I
Mehren,B,author,I
", ",I,author,I
R,I,author,I
. (,O,O,I
2014,B,year,I
): ,O,O,I
Konzeptionelle Ansätze der Exkursionsdidaktik - aufgezeigt am Studienprojekt „Zwischen Kiez und Metropole: Geographische Schülerexkursionen in Berlin“,B,title,I
. In: ,O,O,I
"Brovelli, D.",B,editor,I
/,O,O,I
"Fuchs,K.",B,editor,I
/,O,O,I
"Rempfler, A.",B,editor,I
/,O,O,I
"Sommer Haller, B.",B,editor,I
 (Hg.): ,O,O,I
Außerschulische Lernorte - Impulse aus der Praxis.,B,source,I
 ,O,O,I
"Münster, Wien, Zürich",B,other,I
", S. ",O,O,I
15,B,fpage,I
-,O,O,I
39,B,lpage,I
".
",O,O,I
Hemmer,B,author,B
", ",I,author,I
M,I,author,I
 /,O,O,I
Miener,B,author,I
", ",I,author,I
K,I,author,I
. (,O,O,I
2013,B,year,I
): ,O,O,I
Exkursionsdidaktik,B,title,I
. In: ,O,O,I
"Böhn, D.",B,editor,I
/,O,O,I
"Obermaier, G.",B,editor,I
 (Hg.): ,O,O,I
Wörterbuch der Geographiedidaktik. Begriffe von A bis Z,B,source,I
. ,O,O,I
Braunschweig,B,other,I
", S. ",O,O,I
72,B,fpage,I
-,O,O,I
74,B,lpage,I
".
",O,O,I
Hemmer,B,author,B
", ",I,author,I
M,I,author,I
./,O,O,I
Uphues,B,author,I
", ",I,author,I
R,I,author,I
. (,O,O,I
2006,B,year,I
): ,O,O,I
Mallorca zwischen Massen- und Qualitätstourismus. Konzepte und Erprobung einer geographisch ausgerichteten Studienfahrt für die Sek. II,B,title,I
. ,O,O,I
Münster,B,other,I
 (,O,O,I
Institut für Didaktik der Geographie,B,editor,I
").
",O,O,I
Hemmer,B,author,B
", ",I,author,I
M,I,author,I
./,O,O,I
Uphues,B,author,I
", ",I,author,I
R,I,author,I
. (,O,O,I
2009,B,year,I
): ,O,O,I
Zwischen passiver Rezeption und aktiver Konstruktion. Varianten der Standortarbeit aufgezeigt am Beispiel der Großwohnsiedlung Berlin-Marzahn,B,title,I
. In: ,O,O,I
"Dickel, M.",B,editor,I
/,O,O,I
"Glasze, G.",B,editor,I
 (Hg.):,O,O,I
Vielperspektivität und Teilnehmerzentrierung - Richtungsweiser der Exkursionsdidaktik,B,source,I
. ,O,O,I
Münster,B,other,I
 (,O,O,I
Praxis Neue Kulturgeographie,B,source,I
 Bd. ,O,O,I
6,B,volume,I
"), S. ",O,O,I
39,B,fpage,I
-,O,O,I
51,B,lpage,I
".
",O,O,I
ISB - Staatsinstitut für Schulpädagogik und Bildungsforschung,B,editor,B
 (Hg.) (,O,O,I
1995,B,year,I
): ,O,O,I
Handreichungen zur Exkursionsdidaktik Erdkunde am Gymnasium,B,title,I
. ,O,O,I
München,B,other,I
", 323 S.
",O,O,I
Kahlert,B,author,B
 ,I,author,I
J,I,author,I
. (,O,O,I
1997,B,year,I
): ,O,O,I
Vielseitigkeit statt Ganzheit. Zur erkenntnistheoretischen Kritik an einer pädagogischen Illusion,B,title,I
. In: ,O,O,I
"Duncker, L.",B,editor,I
/,O,O,I
"Popp, W.",B,editor,I
 (Hg.): ,O,O,I
Über Fachgrenzen hinaus: Chancen und Schwierigkeiten des fächerübergreifenden Lehrens und Lernens. Bd.l: Grundlagen und Begründungen,B,source,I
. ,O,O,I
Heinsberg,B,other,I
", S. ",O,O,I
92,B,fpage,I
-,O,O,I
118,B,lpage,I
".
",O,O,I
Kahlert,B,author,B
 ,I,author,I
J,I,author,I
. (,O,O,I
2000,B,year,I
): ,O,O,I
Ganzheitliches Lernen mit allen Sinnen? Plädoyer für einen Abschied von unergiebigen Begriffen,B,title,I
. ,O,O,I
Grundschulmagazin,B,source,I
 Heft ,O,O,I
12,B,issue,I
", S. ",O,O,I
37,B,fpage,I
—,O,O,I
40,B,lpage,I
".
",O,O,I
Kestler,B,author,B
", ",I,author,I
F,I,author,I
. (,O,O,I
2005,B,year,I
): ,O,O,I
Der Tölzer Lobus des würmeiszeitlichen Isar-Loisach-Gletschers als Gegenstand einer geodidaktischen Exkursion,B,title,I
. ,O,O,I
München,B,other,I
", 260 S. (Dissertation Ludwig-Maximilians-Universität München).
",O,O,I
Klein,B,author,B
", ",I,author,I
S,I,author,I
./,O,O,I
Menton,B,author,I
", ",I,author,I
E,I,author,I
./,O,O,I
Falk,B,author,I
", ",I,author,I
G. C.,I,author,I
 (,O,O,I
2009,B,year,I
): ,O,O,I
Schülerinnen und Schüler lernen physisch geographische Aspekte ihrer Heimatregion kennen,B,title,I
. In ,O,O,I
"Flath, M.",B,editor,I
/,O,O,I
"Schockemöhle,J.",B,editor,I
" (Hg.), ",O,O,I
Regionales Lernen - Kompetenzen fördern und Partizipation stärken,B,source,I
. ,O,O,I
Weingarten,B,other,I
", S. ",O,O,I
63,B,fpage,I
-,O,O,I
70,B,lpage,I
 (,O,O,I
Geographiedidaktische Forschungen,B,source,I
 Bd. ,O,O,I
45,B,volume,I
").
",O,O,I
Köck,B,author,B
", ",I,author,I
H,I,author,I
. (,O,O,I
2004,B,year,I
): ,O,O,I
Ansprüche der Lerner - entwicklungsphysiologische und -psychologische Aspekte,B,title,I
. In: ,O,O,I
"Schallhorn, E.",B,editor,I
 (Hg.): ,O,O,I
Erdkunde Didaktik. Praxishandbuch für die Sekundarstufe I und II,B,source,I
. ,O,O,I
Berlin,B,other,I
", S. ",O,O,I
77,B,fpage,I
-,O,O,I
92,B,lpage,I
".
",O,O,I
Köck,B,author,B
", ",I,author,I
H,I,author,I
./,O,O,I
Rempfler,B,author,I
", ",I,author,I
A,I,author,I
. (,O,O,I
2004,B,year,I
): ,O,O,I
Erkenntnisleitende Ansätze - Schlüssel zur Profilierung des Geographieunterrichts. Mit erprobten Unterrichtsvorschlägen,B,title,I
. ,O,O,I
Köln,B,other,I
", 212 S.
",O,O,I
Kühnen,B,author,B
", ",I,author,I
F,I,author,I
. (,O,O,I
2001,B,year,I
): ,O,O,I
Standorte für Erkundungen in den südlichen Baumbergen,B,title,I
. In: ,O,O,I
"Beyer, L.",B,editor,I
 (Hg.): ,O,O,I
Geographische Erkundungen im Umfeld von Münster. Schüler lernen im Gelände,B,source,I
. ,O,O,I
Münster,B,other,I
", S. ",O,O,I
161,B,fpage,I
-,O,O,I
213,B,lpage,I
 (,O,O,I
Siedlung und Landschaft in Westfalen,B,source,I
 Bd. ,O,O,I
301,B,volume,I
").
",O,O,I
Lenz,B,author,B
", ",I,author,I
Th,I,author,I
. (,O,O,I
2003,B,year,I
): ,O,O,I
Handlungsorientierung im Geographieunterricht,B,title,I
", ",O,O,I
geographie heute,B,source,I
 ,O,O,I
24,B,volume,I
", H. ",O,O,I
210,B,issue,I
", S. ",O,O,I
2,B,fpage,I
—,O,O,I
7,B,lpage,I
".
",O,O,I
Looß,B,author,B
", ",I,author,I
M,I,author,I
. (,O,O,I
1997,B,year,I
): ,O,O,I
"„Man lernt, was Schmerz ist“ - Kritische Anmerkungen zu Frederic Vesters Lerntypentheorie",B,title,I
. ,O,O,I
Päd-Forum,B,source,I
 Februar ,O,O,I
1997,B,year,I
", S. ",O,O,I
17,B,fpage,I
-,O,O,I
21,B,lpage,I
".
",O,O,I
Looß,B,author,B
", ",I,author,I
M,I,author,I
. (,O,O,I
2001,B,year,I
): ,O,O,I
Lerntypen? Ein pädagogisches Konstrukt auf dem Prüfstand,B,title,I
. ,O,O,I
Die Deutsche Schule,B,source,I
 ,O,O,I
93,B,volume,I
", Heft ",O,O,I
2,B,issue,I
", S. ",O,O,I
186,B,fpage,I
-,O,O,I
198,B,lpage,I
".
",O,O,I
Looß,B,author,B
", ",I,author,I
M,I,author,I
. (,O,O,I
2002,B,year,I
): ,O,O,I
Praxishilfen zum Lernen auf (bio-)logischem Fundament. Das Beispiel „Lerntypen“ kritisch gesehen,B,title,I
. ,O,O,I
Praxis Schule,B,source,I
 ,O,O,I
5-1013,B,volume,I
", Heft ",O,O,I
5,B,issue,I
", S. ",O,O,I
16,B,fpage,I
-,O,O,I
21,B,lpage,I
".
",O,O,I
Looß,B,author,B
", ",I,author,I
M,I,author,I
. (,O,O,I
2007,B,year,I
): ,O,O,I
"Lernstrategien, Lernorientierungen, Lern(er)typen",B,title,I
. In: ,O,O,I
"Krüger, D.",B,editor,I
/,O,O,I
"Vogt, H.",B,editor,I
 (Hrsg.): ,O,O,I
Theorien in der biologiedidaktischen Forschung,B,source,I
. ,O,O,I
"Berlin, Heidelberg",B,other,I
", S. ",O,O,I
141,B,fpage,I
-,O,O,I
152,B,lpage,I
".
",O,O,I
Lößner,B,author,B
", ",I,author,I
M,I,author,I
. (,O,O,I
2010,B,year,I
): ,O,O,I
Exkursionen im Erdkundeunterricht: didaktisch gewünscht und in der Realität verschmäht?,B,title,I
 ,O,O,I
Gießen,B,other,I
", 189 S. (Dissertation Universität Gießen).
",O,O,I
Miener,B,author,B
", ",I,author,I
K,I,author,I
./,O,O,I
Hemmer,B,author,I
", ",I,author,I
M,I,author,I
. (,O,O,I
2014,B,year,I
): ,O,O,I
The promotion ofteaching competences in fieldwork in geography teacher training,B,title,I
. In: ,O,O,I
"Schmeinck, D.",B,editor,I
/,O,O,I
"Lidstone, J.",B,editor,I
 (Eds.): ,O,O,I
Standards and Research in Geography Education - Current Trends and International Issues,B,source,I
. ,O,O,I
Berlin,B,other,I
", pp. ",O,O,I
61,B,fpage,I
-,O,O,I
72,B,lpage,I
".
",O,O,I
Miller,B,author,B
", ",I,author,I
M,I,author,I
./,O,O,I
Drescher,B,author,I
", ",I,author,I
K.-J.,I,author,I
 (,O,O,I
1995,B,year,I
): ,O,O,I
Zum Bluff der Handlungsorientierung und Ganzheitlichkeit,B,title,I
. ,O,O,I
Hessische Lehrerinnen- und Lehrerzeitung,B,source,I
 H. ,O,O,I
1,B,issue,I
", S. ",O,O,I
20,B,fpage,I
—,O,O,I
21,B,lpage,I
".
",O,O,I
"Müller, M.X.",B,editor,B
 (Red.) (,O,O,I
2013,B,year,I
): ,O,O,I
Geowissenschaftliche Inhalte im Erlebnis-Geotop Lindle handlungsorientiert lernen. Lehrerhandreichung für den Nationalen GeoparkRies,B,title,I
. ,O,O,I
Donauwörth,B,other,I
", 61 S.
",O,O,I
Neeb,B,author,B
", ",I,author,I
K,I,author,I
. (,O,O,I
2010,B,year,I
): ,O,O,I
Exkursionen zwischen Instruktion Instruktion und Konstruktion. Potential und Perspektiven einer kognitivistischen und konstruktivistischen Exkursionsdidaktik für die Schule,B,title,I
. ,O,O,I
Gießen,B,other,I
", 486 S. (Dissertation Universität Gießen)
",O,O,I
Oelkers,B,author,B
J,I,author,I
. (,O,O,I
1989,B,year,I
): ,O,O,I
Ist Ökologie lehrbar?,B,title,I
 In: ,O,O,I
"Cribliz, L.",B,editor,I
/,O,O,I
"Gonon, P.",B,editor,I
 (Hq.): ,O,O,I
Ist Ökologie lehrbar?,B,source,I
 ,O,O,I
Bern,B,other,I
", S. ",O,O,I
64,B,fpage,I
-,O,O,I
83,B,lpage,I
".
",O,O,I
Ohl,B,author,B
", ",I,author,I
U,I,author,I
./,O,O,I
Neeb,B,author,I
", ",I,author,I
K,I,author,I
. (,O,O,I
2012,B,year,I
): ,O,O,I
Exkursionsdidaktik: Methodenvielfalt im Spektrum von Kognitivismus und Konstruktivismus,B,title,I
. In: ,O,O,I
"Haversath, J.-B.",B,editor,I
 (Mod.): ,O,O,I
Geographiedidaktik,B,source,I
. ,O,O,I
Braunschweig,B,other,I
", S. ",O,O,I
259,B,fpage,I
—,O,O,I
288,B,lpage,I
".
",O,O,I
Osterwalder,B,author,B
", ",I,author,I
F,I,author,I
 (,O,O,I
1992,B,year,I
):,O,O,I
",Kopf Herz Hand’ - Slogan oder Argument?",B,title,I
 In: ,O,O,I
"Paschen, H.",B,editor,I
/,O,O,I
"Wigger, L.",B,editor,I
 (Hg.): ,O,O,I
Pädagogisches Argumentieren,B,source,I
. ,O,O,I
Weinheim,B,other,I
", S. ",O,O,I
191,B,fpage,I
—,O,O,I
219,B,lpage,I
".
",O,O,I
Otto,B,author,B
", ",I,author,I
K.-H.,I,author,I
 (,O,O,I
2001,B,year,I
): ,O,O,I
Boden - die geheimnisvolle Haut unserer Erde,B,title,I
. In: ,O,O,I
"Gärtner, H.",B,editor,I
/,O,O,I
"Hellberg-Rode, G.",B,editor,I
 (Hg.): ,O,O,I
"Umweltbildung & nachhaltige Entwicklung, Bd.2: Praxisbeispiele",B,source,I
. ,O,O,I
Hohengehren,B,other,I
", S. ",O,O,I
13,B,fpage,I
-,O,O,I
46,B,lpage,I
".
",O,O,I
Roth,B,author,B
", ",I,author,I
G,I,author,I
. (,O,O,I
2004,B,year,I
): ,O,O,I
Warum sind Lehren und Lernen so schwierig?,B,title,I
 ,O,O,I
Z. f. Pädagogik,B,source,I
 ,O,O,I
50,B,volume,I
", H. ",O,O,I
4,B,issue,I
", S. ",O,O,I
496,B,fpage,I
—,O,O,I
506,B,lpage,I
".
",O,O,I
Roth,B,author,B
", ",I,author,I
G,I,author,I
. (,O,O,I
2011,B,year,I
): ,O,O,I
Bildung braucht Persönlichkeit. Wie Lernen gelingt,B,title,I
. ,O,O,I
Stuttgart,B,other,I
", 356 S.
",O,O,I
Scheunpflug,B,author,B
", ",I,author,I
A,I,author,I
. (,O,O,I
2001,B,year,I
): ,O,O,I
Biologische Grundlagen des Lernens,B,title,I
. ,O,O,I
Berlin,B,other,I
", 208 S. (",O,O,I
Studium kompakt,B,source,I
").
",O,O,I
Stern,B,author,B
", ",I,author,I
E,I,author,I
. (,O,O,I
2012,B,year,I
): ,O,O,I
Jenseits von Lerntypen: Unterschiede als Herausforderung - wie kann Differenzierung aussehen?,B,title,I
 In: ,O,O,I
"Hellbrügge, Th.",B,editor,I
/,O,O,I
"Schneeweiss, B.",B,editor,I
 (Hg.): ,O,O,I
Kinder im Schulalter. Verhaltensstörungen - Lernprobleme - Normabweichungen,B,source,I
. ,O,O,I
Stuttgart,B,other,I
", S. ",O,O,I
25,B,fpage,I
-,O,O,I
35,B,lpage,I
".
",O,O,I
Stern,B,author,B
", ",I,author,I
E,I,author,I
./,O,O,I
Grabner,B,author,I
", ",I,author,I
R,I,author,I
./,O,O,I
Schumacher,B,author,I
", ",I,author,I
R,I,author,I
.(,O,O,I
2005,B,year,I
): ,O,O,I
"Lehr - Lern-Forschung und Neurowissenschaften - Erwartungen, Befunde, Forschungsperspektiven",B,title,I
. ,O,O,I
Berlin,B,other,I
", 149 S. (",O,O,I
Bildungsreform,B,source,I
 Bd. ,O,O,I
13,B,volume,I
")
",O,O,I
Uhlenwinkel,B,author,B
", ",I,author,I
A,I,author,I
. (,O,O,I
2008,B,year,I
): ,O,O,I
Binnendifferenzierung im Geoqraphieunterricht,B,title,I
. ,O,O,I
Praxis Geoqraphie,B,source,I
 ,O,O,I
38,B,volume,I
", Heft ",O,O,I
3,B,issue,I
", S. ",O,O,I
4,B,fpage,I
—,O,O,I
8,B,lpage,I
".
",O,O,I
Vester,B,author,B
", ",I,author,I
F,I,author,I
 (,O,O,I
1978,B,year,I
/,O,O,I
2014,B,year,I
): ,O,O,I
"Denken, Lernen, Vergessen",B,title,I
. ,O,O,I
München,B,other,I
", 272 S. (36. Aufl.).
",O,O,I
Wilhelmi,B,author,B
", ",I,author,I
V,I,author,I
 (,O,O,I
1993,B,year,I
): ,O,O,I
Didaktik und Methodik der Umwelterziehung - eine praxisorientierte Gesamtkonzeption,B,title,I
. ,O,O,I
Mitt. Pollichia,B,source,I
 ,O,O,I
80,B,volume,I
", S. ",O,O,I
347,B,fpage,I
-,O,O,I
380,B,lpage,I
".
",O,O,I
Wilhelmi,B,author,B
", ",I,author,I
V,I,author,I
. (,O,O,I
2006,B,year,I
): ,O,O,I
Nachhaltigkeit und Umwelterziehung,B,title,I
. ,O,O,I
Praxis Geographie,B,source,I
 ,O,O,I
36,B,volume,I
", Heft ",O,O,I
2,B,issue,I
", S. ",O,O,I
4,B,fpage,I
-,O,O,I
8,B,lpage,I
".
",O,O,I
Hoffmann,B,author,B
", ",I,author,I
N. M.,I,author,I
 (,O,O,I
2009,B,year,I
): ,O,O,I
Ganzheitlichkeit der Erlebnispädagogik? Kritik einer Semantik,B,title,I
. ,O,O,I
www.in-tensivo.de,B,url,I
" (Zugriff: 2014-12-19).
",O,O,I
Looß,B,author,B
", ",I,author,I
M,I,author,I
. (,O,O,I
2009,B,year,I
): ,O,O,I
Die Lerntypentheorie,B,title,I
", ",O,O,I
http:www.forschung-und-lehre.de/wordpress/?p=3275,B,url,I
" (Zugriff: 2014-11-05)
",O,O,I
OECD,B,editor,B
 (,O,O,I
2002,B,year,I
): ,O,O,I
Neuromyths,B,title,I
. ,O,O,I
http://oecd.org/fi/sites/educeri/neuromyths.htm,B,url,I
 (Zugriff: 2014-11-05),O,O,I
