token,tag,label,ref
Arbeitskreis Forstliche Landespflege (AFL),B,editor,B
 (,O,O,I
1993,B,year,I
):,O,O,I
 Biotoppflege im Wald,B,title,I
. - ,O,O,I
Greven,B,other,I
"
",O,O,I
BauGB,B,source,B
 - ,O,O,I
Baugesetzbuch i. d. F. der Neubekanntmachung v. 27.08.1997,B,volume,I
. ,O,O,I
BGBl. I S. 2141,B,title,I
"
",O,O,I
BbgNatSchG,B,source,B
 - ,O,O,I
Brandenburgisches Gesetz über Naturschutz und Landschaftpflege i. d. F. v. 25. Juni 1992,B,volume,I
. ,O,O,I
"Gesetz- und Verordnungsblatt für das Land Brandenburg I, Nr. 13",B,title,I
"
",O,O,I
Blab,B,author,B
", ",I,author,I
J,I,author,I
. (,O,O,I
1993,B,year,I
): ,O,O,I
Grundlagen des Biotopschutzes für Tiere,B,title,I
. - ,O,O,I
Bonn-Bad Godesberg,B,other,I
"
",O,O,I
BNatSchG - Gesetz über Naturschutz und Landschaftspflege,B,source,B
 - ,O,O,I
Bundesnaturschutzgesetz i. d. F. der Neubekanntmachung v. 21.09.1998,B,volume,I
. ,O,O,I
"BGBl. I, S. 2994",B,title,I
"
",O,O,I
Flade,B,author,B
", ",I,author,I
M,I,author,I
. (,O,O,I
1994,B,year,I
): ,O,O,I
Die Brutvogelgemeinschaften Mittel- und Norddeutschlands,B,title,I
. - ,O,O,I
Eching,B,other,I
"
",O,O,I
Landkreis Havelland,B,editor,B
 (Hrsg.) (,O,O,I
1995,B,year,I
): ,O,O,I
" Landschaftsrahmenplan des Landkreises Havelland, ehern. Kr. Rathenow",B,title,I
. (Band ,O,O,I
I,B,volume,I
 und ,O,O,I
II,B,volume,I
")
",O,O,I
Scheffer,B,author,B
", ",I,author,I
F,I,author,I
/,O,O,I
Schachtschabel,B,author,I
", ",I,author,I
P,I,author,I
. (,O,O,I
1984,B,year,I
): ,O,O,I
Lehrbuch der Bodenkunde,B,title,I
. - ,O,O,I
Stuttgart,B,other,I
