token,tag,label,ref
Aebli,B,author,B
", ",I,author,I
H,I,author,I
. (,O,O,I
1980,B,year,I
): ,O,O,I
Denken: das Ordnens des Tuns,B,source,I
. Band ,O,O,I
1,B,volume,I
: ,O,O,I
Kognitive Aspekte der Handlungstheorie,B,title,I
. ,O,O,I
Stuttgart,B,other,I
".
",O,O,I
Aebli,B,author,B
", ",I,author,I
H,I,author,I
. (,O,O,I
1981,B,year,I
): ,O,O,I
Denken: das Ordnens des Tuns,B,source,I
. Band ,O,O,I
2,B,volume,I
: ,O,O,I
Denkprozesse,B,title,I
. ,O,O,I
Stuttgart,B,other,I
".
",O,O,I
"Albert, M.",B,editor,B
 ,O,O,I
et al.,B,other,I
 (Hrsg.) (,O,O,I
2010,B,year,I
): ,O,O,I
16. Shell Jugendstudie. Jugend 2010,B,title,I
. ,O,O,I
Frankfurt/Main,B,other,I
". 
",O,O,I
"Birkenhauer, J. H.",B,editor,B
 (Hrsg.) (,O,O,I
1995,B,year,I
): ,O,O,I
Außerschulische Lernorte. HGD Symposium Benediktbeuren 1993,B,title,I
. ,O,O,I
Nürnberg,B,other,I
".
",O,O,I
Bohl,B,author,B
", ",I,author,I
T,I,author,I
. (,O,O,I
2009,B,year,I
): ,O,O,I
Prüfen und Bewerten im Offenen Unterricht,B,title,I
. ,O,O,I
Neuwied,B,other,I
".
",O,O,I
Böing,B,author,B
", ",I,author,I
M,I,author,I
. und ,O,O,I
U,B,author,I
. ,I,author,I
Sachs,I,author,I
 (,O,O,I
2007,B,year,I
): ,O,O,I
Ekursionsdidaktik zwischen Tradition un Innovation. Eine Bestandsaufnahme,B,title,I
. In: ,O,O,I
Geographie und Schule,B,source,I
 H. ,O,O,I
167,B,issue,I
", S. ",O,O,I
36,B,fpage,I
—,O,O,I
44,B,lpage,I
".
",O,O,I
"Brovelli, D.",B,editor,B
", ",O,O,I
K. Fuchs,B,editor,I
 ,O,O,I
et al.,B,other,I
 (Hrsg.) (,O,O,I
2014,B,year,I
): ,O,O,I
Ausserschulische Lernorte - Impulse aus der Praxis,B,title,I
. ,O,O,I
Ausserschulische Lernorte - Beiträge zur Didaktik,B,source,I
", B. ",O,O,I
3,B,volume,I
. ,O,O,I
Münster,B,other,I
".
",O,O,I
Brühne,B,author,B
", ",I,author,I
T,I,author,I
. (,O,O,I
2011,B,year,I
): ,O,O,I
Zur Didaktik des außerschulischen Lernens. Lernen zwischen Primärerfahrung und Handlungsorientierung,B,title,I
. In.,O,O,I
Praxis Schule 5-10,B,source,I
 H. ,O,O,I
2,B,issue,I
", S. ",O,O,I
4,B,fpage,I
-,O,O,I
7,B,lpage,I
".
",O,O,I
Bruner,B,author,B
", ",I,author,I
J,I,author,I
. (,O,O,I
1961,B,year,I
): ,O,O,I
The act of discovery,B,title,I
. In: ,O,O,I
Harvard Educational Review,B,source,I
 H. ,O,O,I
1,B,issue,I
", S. ",O,O,I
21,B,fpage,I
-,O,O,I
32,B,lpage,I
".
",O,O,I
Budke,B,author,B
", ",I,author,I
A,I,author,I
. und ,O,O,I
M. H.,B,author,I
 ,I,author,I
Wienecke,I,author,I
 (,O,O,I
2009,B,year,I
): ,O,O,I
Exkursion selbst gemacht: innovative Exkursionsmethoden für den Geographieunterricht,B,title,I
. ,O,O,I
Praxis Kultur- und Sozialgeographie,B,source,I
", B. ",O,O,I
47,B,volume,I
. ,O,O,I
Potsdam,B,other,I
".
",O,O,I
Burk,B,author,B
", ",I,author,I
K,I,author,I
. ,O,O,I
et al.,B,other,I
 (,O,O,I
2008,B,year,I
): ,O,O,I
Schule außerhalb der Schule. Lehren und Lernen an außerschulischen Lernorten,B,title,I
. ,O,O,I
Frankfurt/Main,B,other,I
".
",O,O,I
Burk,B,author,B
", ",I,author,I
K,I,author,I
. und ,O,O,I
C,B,author,I
. ,I,author,I
Claussen,I,author,I
 (,O,O,I
1980,B,year,I
): ,O,O,I
Lernorte außerhalb des Klassenzimmers I: Didaktische Grundlegung und Beispiele,B,title,I
. ,O,O,I
Beiträge zur Reform der Grundschule,B,source,I
", B. ",O,O,I
45,B,volume,I
. ,O,O,I
Frankfurt/Main,B,other,I
".
",O,O,I
Burk,B,author,B
", ",I,author,I
K,I,author,I
. und ,O,O,I
C,B,author,I
. ,I,author,I
Claussen,I,author,I
 (,O,O,I
1981,B,year,I
). ,O,O,I
Lernorte außerhalb des Klassenzimmers II: Methoden - Berichte -Hintergründe,B,title,I
. ,O,O,I
Beiträge zur Reform der Grundschule,B,source,I
", B. ",O,O,I
49,B,volume,I
. ,O,O,I
Frankfurt/Main,B,other,I
".
",O,O,I
Claussen,B,author,B
", ",I,author,I
C,I,author,I
. (,O,O,I
2004,B,year,I
): ,O,O,I
Lernorte außerhalb der Schule,B,title,I
. In: ,O,O,I
Lernchancen,B,source,I
 H. ,O,O,I
7,B,issue,I
", S. ",O,O,I
4,B,fpage,I
-,O,O,I
5,B,lpage,I
".
",O,O,I
Deci,B,author,B
", ",I,author,I
E,I,author,I
. und ,O,O,I
R,B,author,I
. ,I,author,I
Ryan,I,author,I
 (,O,O,I
1993,B,year,I
): ,O,O,I
Die Selbstbestimmungstheorie der Motivation und ihre Bedeutung für die Pädagogik,B,title,I
. In: ,O,O,I
Zeitschrift für Pädagogik,B,source,I
 H ,O,O,I
2,B,issue,I
", S. ",O,O,I
223,B,fpage,I
—,O,O,I
238,B,lpage,I
".
",O,O,I
DGfG,B,editor,B
 (,O,O,I
2014,B,year,I
): ,O,O,I
Bildungsstandards im Fach Geographie für den Mittleren Schulabschluss mit Aufgabenbeispielen,B,title,I
. ,O,O,I
Bonn,B,other,I
" (8. Auflage).
",O,O,I
Dickel,B,author,B
", ",I,author,I
M,I,author,I
. (,O,O,I
2006,B,year,I
): ,O,O,I
Zur Philosophie von Exkursionen,B,title,I
. In: ,O,O,I
"Hennings, W.",B,editor,I
 ,O,O,I
et al.,B,other,I
 (Hrsg.): ,O,O,I
Exkursionsdidaktik - innovativ!? Erweiterte Dokumentation zum HGD-Symposium 2005 in Bielefeld. Geographiedidaktische Forschungen,B,source,I
", B. ",O,O,I
40,B,volume,I
. ,O,O,I
Weingarten,B,other,I
", S. ",O,O,I
31,B,fpage,I
-,O,O,I
50,B,lpage,I
".
",O,O,I
Dickel,B,author,B
", ",I,author,I
M,I,author,I
. ,O,O,I
et al.,B,other,I
 (,O,O,I
2009,B,year,I
): ,O,O,I
Vielperspektivität und Teilnehmerzentrierung. Wegeweise der Exkursionsdidaktik,B,title,I
. ,O,O,I
Praxis Neue Kulturgeographie,B,source,I
",B. ",O,O,I
6,B,volume,I
. ,O,O,I
Münster,B,other,I
".
",O,O,I
Dühlmeier,B,author,B
", ",I,author,I
B,I,author,I
. (,O,O,I
2010,B,year,I
): ,O,O,I
Mehr Außerschulische Lernorte in der Grundschule,B,title,I
. ,O,O,I
Baltmannsweiler,B,other,I
".
",O,O,I
"Flath, M.",B,editor,B
 und ,O,O,I
J. H. Schockemöhle,B,editor,I
 (Hrsg.)(,O,O,I
2009,B,year,I
): ,O,O,I
Regionales Lernen - Kompetenzen fördern und Partizipation stärken,B,title,I
. ,O,O,I
Geographiedidaktische Forschungen,B,source,I
", B. ",O,O,I
45,B,volume,I
. ,O,O,I
Weingarten,B,other,I
".
",O,O,I
Gerbaulet,B,author,B
", ",I,author,I
S,I,author,I
. (,O,O,I
1990,B,year,I
): ,O,O,I
Weiterlernen durch Handeln - Selbsthilfe und Fortbildung in Lernwerkstätten,B,title,I
. In: ,O,O,I
Die Grundschulzeitschrift,B,source,I
 H. ,O,O,I
4,B,issue,I
", S.",O,O,I
27,B,fpage,I
-,O,O,I
28,B,lpage,I
".
",O,O,I
Glasze,B,author,B
", ",I,author,I
G,I,author,I
. und ,O,O,I
M,B,author,I
. ,I,author,I
Dickel,I,author,I
 (,O,O,I
2009,B,year,I
): ,O,O,I
Rethinking Excursions,B,title,I
. In: ,O,O,I
"Glasze, G.",B,editor,I
 und ,O,O,I
M. Dickel,B,editor,I
 (Hrsg.): ,O,O,I
Vielperspektivität & Teilnehmerzentrierung - Richtungsweiser der Exkursionsdidaktik,B,source,I
. ,O,O,I
Münster,B,other,I
", S. ",O,O,I
3,B,fpage,I
-,O,O,I
15,B,lpage,I
".
",O,O,I
Groenemeyer,B,author,B
", ",I,author,I
A,I,author,I
. (,O,O,I
2001,B,year,I
): ,O,O,I
Soziologische Konstruktionen sozialer Probleme und gesellschaftliche Herausforderungen: eine Einführung,B,title,I
. In: ,O,O,I
Soziale Probleme,B,source,I
 H. ,O,O,I
1/2,B,issue,I
", S, ",O,O,I
5,B,fpage,I
-,O,O,I
27,B,lpage,I
".
",O,O,I
Groß,B,author,B
", ",I,author,I
J,I,author,I
. (,O,O,I
2011,B,year,I
): ,O,O,I
Orte zum Lernen - ein kritischer Blick auf außerschulische Lehr-/Lernprozesse,B,title,I
. In: ,O,O,I
"Messmer, K.",B,editor,I
 ,O,O,I
et al,B,other,I
 (Hrsg.): ,O,O,I
"Ausserschulische Lernorte-Position aus Geographie, Geschichte und Naturwissenschaften. Ausserschulische Lernorte - Beiträge zur Didaktik",B,source,I
", B. ",O,O,I
1,B,volume,I
. ,O,O,I
Münster,B,other,I
", S. ",O,O,I
25,B,fpage,I
-,O,O,I
49,B,lpage,I
".
",O,O,I
Gudjons,B,author,B
", ",I,author,I
H,I,author,I
. (,O,O,I
2014,B,year,I
): ,O,O,I
Handlungsorientiert lehren und lernen: Schüleraktivierung - Selbsttätigkeit - Projektarbeit,B,title,I
. ,O,O,I
Bad Heilbrunn,B,other,I
".
",O,O,I
Hemmer,B,author,B
", ",I,author,I
M,I,author,I
. und ,O,O,I
R,B,author,I
. ,I,author,I
Uphues,I,author,I
 (,O,O,I
2006,B,year,I
): ,O,O,I
"Geographische Schülerexkursionen in Berlin-Theoretische Grundlagen, Skizzierung und Ergebnisse eines Studienprojekts",B,title,I
. ,O,O,I
"Hennings, W.",B,editor,I
 ,O,O,I
et al.,B,other,I
 (Hrsg.): ,O,O,I
Exkursionsdidaktik - innovativ!? Erweiterte Dokumentation zum HGD-Symposium 2005 in Bielefeld,B,source,I
. ,O,O,I
Weingarten,B,other,I
", S. ",O,O,I
71,B,fpage,I
-,O,O,I
81,B,lpage,I
". 
",O,O,I
Hemmer,B,author,B
", ",I,author,I
M,I,author,I
. und ,O,O,I
R,B,author,I
. ,I,author,I
Uphues,I,author,I
 (,O,O,I
2009,B,year,I
): ,O,O,I
Zwischen passiver Rezeption und aktiver Konstruktion. Varianten der Standortarbeit aufgezeigt am Beispiel der Großwohnsiedlung Berlin-Marzahn,B,title,I
. In: ,O,O,I
"Dickel, M.",B,editor,I
 und ,O,O,I
G. Glasze,B,editor,I
 (Hrsg.): ,O,O,I
Vielperspektivität und Teilnehmerzentrierung - Richtungsweiser der Exkursionsdidaktik. Praxis Neue Kulturgeographie,B,source,I
", B ",O,O,I
6,B,volume,I
. ,O,O,I
Münster,B,other,I
", S. ",O,O,I
39,B,fpage,I
-,O,O,I
51,B,lpage,I
". 
",O,O,I
Hoffmann,B,author,B
", ",I,author,I
K. W.,I,author,I
 (,O,O,I
2015,B,year,I
): ,O,O,I
Die komplexe Lernaufgabe im Geographieunterricht -Wege zur Schüleraktivierung mit didaktisch sinnvollen Aufgaben,B,title,I
. In: ,O,O,I
Geographie aktuell & Schule,B,source,I
 H. ,O,O,I
216,B,issue,I
", S. ",O,O,I
21,B,fpage,I
—,O,O,I
36,B,lpage,I
".
",O,O,I
Kanwischer,B,author,B
", ",I,author,I
D,I,author,I
. (,O,O,I
2008,B,year,I
): ,O,O,I
Gesellschaft schafft (Un-)Sicherheit. Über neue Perspektiven didaktischen Denkens im Geographieunterricht,B,title,I
. In: ,O,O,I
GW-Untericht,B,source,I
 H. ,O,O,I
110,B,issue,I
", S. ",O,O,I
34,B,fpage,I
-,O,O,I
41,B,lpage,I
".
",O,O,I
"Karpa, D.",B,editor,B
 ,O,O,I
et al.,B,other,I
 (Hrsg.) (,O,O,I
2015,B,year,I
a): ,O,O,I
"Außerschulische lernorte. Theorie, Praxis und Erforschung außerschulischer Lerngelegenheiten",B,title,I
. ,O,O,I
Kassel,B,other,I
". 
",O,O,I
Karpa,B,author,B
", ",I,author,I
D,I,author,I
. ,O,O,I
et al.,B,other,I
 (,O,O,I
2015,B,year,I
b): ,O,O,I
Außerschulische Lernorte-Theoretische Grundlagen und praktische Beispiele,B,title,I
. In: ,O,O,I
"Karpa, D.",B,editor,I
 (Hrsg.): ,O,O,I
"Außerschulische Lernorte-Theorie, Praxis und Erforschung außerschulischer Lerngelegenheiten",B,source,I
. ,O,O,I
Kassel,B,other,I
", S. ",O,O,I
11,B,fpage,I
-,O,O,I
28,B,lpage,I
".
",O,O,I
Kirch,B,author,B
", ",I,author,I
P,I,author,I
. (,O,O,I
1999,B,year,I
): ,O,O,I
Vom Kopf auf die Füße. Belebung des Faches Geographie durch Lernen vor Ort,B,title,I
. In: ,O,O,I
Praxis Geographie,B,source,I
 H. ,O,O,I
1,B,issue,I
", S. ",O,O,I
4,B,fpage,I
-,O,O,I
5,B,lpage,I
".
",O,O,I
Klein,B,author,B
", ",I,author,I
M,I,author,I
. (,O,O,I
2015,B,year,I
): ,O,O,I
"Exkursionsdidaktik. Eine Arbeitshilfe für Lehrer, Studenten und Dozenten",B,title,I
. ,O,O,I
Baltmannsweiler,B,other,I
".
",O,O,I
Klein,B,author,B
", ",I,author,I
R,I,author,I
. (,O,O,I
2010,B,year,I
): ,O,O,I
Die Exkursion in der zweiten Lehrerausbildungsphase im Fach Geographie: Explorative Fallstudien zur Wirksamkeit von Ausbildungsmaßnahmen,B,title,I
. ,O,O,I
Trier,B,other,I
".
",O,O,I
Köck,B,author,B
", ",I,author,I
H,I,author,I
. (,O,O,I
2015,B,year,I
): ,O,O,I
Raumkonzepte in der Geographie - methodologisch analysiert,B,title,I
. In: ,O,O,I
Geographie aktuell & Schule,B,source,I
 H. ,O,O,I
209,B,issue,I
", S. ",O,O,I
3,B,fpage,I
-,O,O,I
14,B,lpage,I
".
",O,O,I
Lößner,B,author,B
", ",I,author,I
M,I,author,I
. (,O,O,I
2011,B,year,I
): ,O,O,I
Exkursionsdidaktik in Theorie und Praxis. Forschungsergebnisse und Strategien zur Überwindung von hemmenden Faktoren. Ergebnisse einer empirischen Untersuchung an mittelhessischen Gymnasien,B,title,I
. ,O,O,I
Geographiedidaktische Forschungen,B,source,I
", B. ",O,O,I
48,B,volume,I
. ,O,O,I
Weingarten,B,other,I
".
",O,O,I
Messmer,B,author,B
", ",I,author,I
K,I,author,I
. ,O,O,I
et al.,B,other,I
 (,O,O,I
2011,B,year,I
): ,O,O,I
"Ausserschulische Lernorte-Positionen aus Geographie, Geschichte und Naturwissenschaften",B,title,I
. ,O,O,I
Ausserschulische Lernorte-Beiträge zur Didaktik,B,source,I
", Bd. ",O,O,I
1,B,volume,I
. ,O,O,I
Münster,B,other,I
".
",O,O,I
Mitzlaff,B,author,B
", ",I,author,I
H,I,author,I
. (,O,O,I
2004,B,year,I
): ,O,O,I
Exkursionen im Sachunterricht - Der Königsweg zu den „Sachen“?,B,title,I
 In: ,O,O,I
"Kaiser, A.",B,editor,I
 und ,O,O,I
D. Peck,B,editor,I
 (Hrsg.): ,O,O,I
Basiswissen Sachunterricht. Bd. 5: Unterrichtsplanung und Methoden,B,source,I
. ,O,O,I
Baltmannsweiler,B,other,I
", S. ",O,O,I
136,B,fpage,I
-,O,O,I
144,B,lpage,I
".
",O,O,I
Neeb,B,author,B
", ",I,author,I
K,I,author,I
. (,O,O,I
2012,B,year,I
a): ,O,O,I
Geographische Exkursionen im Fokus empirischer Forschung. Analyse von Lernprozessen und Lernqualitäten kognitivistisch und konstruktivistisch konzeptionierter Schülerexkursionen,B,title,I
. ,O,O,I
Geographiedidaktische Forschungen,B,source,I
", B. ",O,O,I
50,B,volume,I
. ,O,O,I
Weingarten,B,other,I
". 
",O,O,I
Rhode-Jüchtern,B,author,B
", ",I,author,I
T,I,author,I
. (,O,O,I
2006,B,year,I
): ,O,O,I
Exkursionsdidaktik zwischen Grundsätzen und subjektivem Faktor,B,title,I
. In: ,O,O,I
"Hennings, W.",B,editor,I
 ,O,O,I
et al.,B,other,I
 (Hrsg.): ,O,O,I
Exkursionsdidaktik - innovativ!? Erweiterte Dokumentation zum HGD-Symposium 2005 in Bielefeld. Geographiedidaktische Forschungen,B,source,I
", B. ",O,O,I
40,B,volume,I
. ,O,O,I
Weingarten,B,other,I
", S. ",O,O,I
8,B,fpage,I
-,O,O,I
30,B,lpage,I
".
",O,O,I
Rhode-Jüchtern,B,author,B
", ",I,author,I
T,I,author,I
. (,O,O,I
2015,B,year,I
): ,O,O,I
Kreative Geographie: Bausteine zur Geographie und ihrer Didaktik,B,title,I
. ,O,O,I
Schwalbach/Ts.,B,other,I
"
",O,O,I
Roth,B,author,B
", ",I,author,I
H,I,author,I
. (,O,O,I
1965,B,year,I
): ,O,O,I
Die „originale Begegnung“ als methodisches Prinzip,B,title,I
. In: ,O,O,I
"Roth, H.",B,editor,I
 (Hrsg.): ,O,O,I
Pädagogische Psychologie des Lehrens und Lernens,B,source,I
. ,O,O,I
Hannover,B,other,I
", S. ",O,O,I
107,B,fpage,I
-,O,O,I
117,B,lpage,I
".
",O,O,I
"Salzmann, C.",B,editor,B
 ,O,O,I
et al.,B,other,I
 (Hrsg.) (,O,O,I
1995,B,year,I
): ,O,O,I
Theorie und Praxis des Regionalen Lernens. Umweltpädagogische Impulse für außerschulisches Lernen - Das Beispiel des Regionalen Umweltbildungszentrum Lernstandort Noller Schlucht,B,title,I
. ,O,O,I
Frankfurt/Main,B,other,I
".
",O,O,I
Sauerborn,B,author,B
", ",I,author,I
P,I,author,I
. und ,O,O,I
T,B,author,I
. ,I,author,I
Brühne,I,author,I
 (,O,O,I
2011,B,year,I
). ,O,O,I
Didaktik des außerschulischen Lernens,B,title,I
. ,O,O,I
Baltmannsweiler,B,other,I
". 
",O,O,I
Schäfer,B,author,B
", ",I,author,I
H,I,author,I
. (,O,O,I
2006,B,year,I
): ,O,O,I
Besucherforschung und Psychologie,B,title,I
. In: ,O,O,I
"Schuster, M.",B,editor,I
 und ,O,O,I
H. Ameln-Haffke,B,editor,I
 (Hrsg.): ,O,O,I
Museumspsychologie,B,source,I
. ,O,O,I
Göttingen,B,other,I
", S. ",O,O,I
49,B,fpage,I
-,O,O,I
60,B,lpage,I
".
",O,O,I
Schiefele,B,author,B
", ",I,author,I
U,I,author,I
. und ,O,O,I
L,B,author,I
. ,I,author,I
Streblow,I,author,I
 (,O,O,I
2005,B,year,I
). ,O,O,I
Intrinsische Motivation - Theorien und Befunde,B,title,I
. In: ,O,O,I
"Vollmeyer, R.",B,editor,I
 und ,O,O,I
J. Brunstein,B,editor,I
 (Hrsg.): ,O,O,I
Motivationspsychologie und ihre Anwendung,B,source,I
. ,O,O,I
Stuttgart,B,other,I
", S. ",O,O,I
39,B,fpage,I
-,O,O,I
58,B,lpage,I
".
",O,O,I
Schneider,B,author,B
", ",I,author,I
H. R.,I,author,I
 und ,O,O,I
U,B,author,I
. ,I,author,I
Wienholt,I,author,I
 (,O,O,I
1982,B,year,I
): ,O,O,I
Soziale Probleme und öffentliche Investitionsformen im Stadtteil,B,title,I
. In.,O,O,I
"Vaskovics, L.",B,editor,I
 (Hrsg.): ,O,O,I
Zur Raumbezogenheit sozialer Probleme Jugendlicher und junger Erwachsener,B,source,I
. ,O,O,I
Opladen,B,other,I
", S. ",O,O,I
58,B,fpage,I
-,O,O,I
95,B,lpage,I
". 
",O,O,I
Schockemöhle,B,author,B
", ",I,author,I
J,I,author,I
. (,O,O,I
2009,B,year,I
): ,O,O,I
Außerschulisches regionales Lernen als Bildungsstrategie für eine nachhaltige Entwicklung,B,title,I
. ,O,O,I
Geographiedidaktische Forschungen,B,source,I
", B. ",O,O,I
44,B,volume,I
. ,O,O,I
Weingarten,B,other,I
".
",O,O,I
Schratz,B,author,B
", ",I,author,I
M,I,author,I
. (,O,O,I
2009,B,year,I
): ,O,O,I
"„Lernseits“ von Unterricht. Alte Muster, neue Lebenswelten - was für Schulen?",B,title,I
 In: ,O,O,I
Lernende Schule,B,source,I
 H. ,O,O,I
12,B,issue,I
", S. ",O,O,I
16,B,fpage,I
-,O,O,I
21,B,lpage,I
".
",O,O,I
Stock,B,author,B
", ",I,author,I
H,I,author,I
. (,O,O,I
1988,B,year,I
): ,O,O,I
Außerschulische Lernorte. Zu ihrer Bedeutung in Erziehung und Unterricht,B,title,I
. ,O,O,I
Pädagogische Welt,B,source,I
 H. ,O,O,I
2,B,issue,I
", S. ",O,O,I
50,B,fpage,I
-,O,O,I
54,B,lpage,I
".
",O,O,I
Suchman,B,author,B
", ",I,author,I
L,I,author,I
. (,O,O,I
1987,B,year,I
): ,O,O,I
Plans and situated actions: The Problem ofHuman-Machine Communication,B,title,I
. ,O,O,I
New York,B,other,I
".
",O,O,I
Thomas,B,author,B
", ",I,author,I
B,I,author,I
. (,O,O,I
2009,B,year,I
): ,O,O,I
Lernorte außerhalb der Schule,B,title,I
. In: ,O,O,I
"Arnold, K.-H.",B,editor,I
 ,O,O,I
et al.,B,other,I
(Hrsg.): ,O,O,I
Handbuch Unterricht,B,source,I
. ,O,O,I
Bad Heilbrunn,B,other,I
", S. ",O,O,I
283,B,fpage,I
-,O,O,I
287,B,lpage,I
". 
",O,O,I
Tulodziecki,B,author,B
", ",I,author,I
G,I,author,I
. ,O,O,I
et al.,B,other,I
 (,O,O,I
2004,B,year,I
): ,O,O,I
Gestaltung von Unterricht. Eine Einführung in die Didaktik,B,title,I
. ,O,O,I
Bad Heilbrunn,B,other,I
".
",O,O,I
Wardenga,B,author,B
", ",I,author,I
U,I,author,I
. (,O,O,I
2002,B,year,I
): ,O,O,I
Alte und neue Raumkonzepte im Geographieunterricht,B,title,I
. In: ,O,O,I
geographie heute,B,source,I
 H. ,O,O,I
200,B,issue,I
", S. ",O,O,I
8,B,fpage,I
-,O,O,I
13,B,lpage,I
".
",O,O,I
Westphal,B,author,B
", ",I,author,I
K,I,author,I
. und ,O,O,I
N,B,author,I
. ,I,author,I
Hoffmann,I,author,I
 (,O,O,I
2007,B,year,I
): ,O,O,I
Orte des Lernens. Beiträge zu einer Pädagogik des Raums,B,title,I
. ,O,O,I
Weinheim,B,other,I
".
",O,O,I
Winter,B,author,B
", ",I,author,I
F,I,author,I
. (,O,O,I
2012,B,year,I
): ,O,O,I
Leistungsbewertung: Eine neue Lernkultur braucht einen anderen Umgang mit den Schülerleistungen,B,title,I
. ,O,O,I
Baltmannsweiler,B,other,I
". 
",O,O,I
Winter,B,author,B
", ",I,author,I
F,I,author,I
. (,O,O,I
2015,B,year,I
): ,O,O,I
Lerndialog statt Noten: Neue Formen der Leistungsbeurteilung,B,title,I
. ,O,O,I
Weinheim,B,other,I
.,O,O,I
