token,tag,label,ref
Abberger,B,author,B
", ",I,author,I
K,I,author,I
"., ",O,O,I
C,B,author,I
. ,I,author,I
Hainz,I,author,I
 und ,O,O,I
A,B,author,I
. ,I,author,I
Kunkel,I,author,I
 (,O,O,I
2009,B,year,I
): ,O,O,I
 Kreditvergabepolitik der Banken: Warum leiden große Unternehmen besonders?,B,title,I
 ,O,O,I
ito Schnelldienst,B,source,I
 ,O,O,I
62,B,volume,I
(,O,O,I
14,B,issue,I
"), S. ",O,O,I
3,B,fpage,I
-,O,O,I
5,B,lpage,I
"
",O,O,I
Agarwal,B,author,B
", ",I,author,I
S,I,author,I
. und ,O,O,I
R,B,author,I
. ,I,author,I
Hauswald,I,author,I
 (,O,O,I
2007,B,year,I
): ,O,O,I
Distance and Information Asymmetries in Lending,B,title,I
. ,O,O,I
Chicago,B,other,I
 (,O,O,I
Federal Reserve Bank of Chicago Working Paper,B,source,I
")
",O,O,I
Alessandrini,B,author,B
", ",I,author,I
P,I,author,I
. und ,O,O,I
A,B,author,I
. ,I,author,I
Zazzaro,I,author,I
 (,O,O,I
1999,B,year,I
): ,O,O,I
A 'Possibilis´ Approach to Local Financial Systems and Regional Development: The Italian Experience,B,title,I
. In: ,O,O,I
R. Martin,B,editor,I
 (Hrsg.): ,O,O,I
Money and the Space Economy,B,source,I
. ,O,O,I
London,B,other,I
", S. ",O,O,I
71,B,fpage,I
-,O,O,I
92,B,lpage,I
"
",O,O,I
Alessandrini,B,author,B
", ",I,author,I
P,I,author,I
", ",O,O,I
A.F.,B,author,I
 ,I,author,I
Presbitero,I,author,I
 und ,O,O,I
A,B,author,I
. ,I,author,I
Zazzaro,I,author,I
 (,O,O,I
2009,B,year,I
): ,O,O,I
Geographical Organisation of Banking Systems and Innovation Diffusion,B,title,I
. In: ,O,O,I
P. Alessandrini,B,editor,I
", ",O,O,I
M. Fratianni,B,editor,I
 und ,O,O,I
A. Zazzaro,B,editor,I
" (Hrsg.), ",O,O,I
The changing geography of banking and finance,B,source,I
.,O,O,I
 New York,B,other,I
", S. ",O,O,I
75,B,fpage,I
-,O,O,I
108,B,lpage,I
"
",O,O,I
Beck,B,author,B
", ",I,author,I
T,I,author,I
", ",O,O,I
H,B,author,I
. ,I,author,I
Hesse,I,author,I
", ",O,O,I
T,B,author,I
. ,I,author,I
Kick,I,author,I
 und ,O,O,I
N,B,author,I
. ,I,author,I
Westernhagen,I,author,I
 (,O,O,I
2009,B,year,I
): ,O,O,I
Bank ownership and stability: Evidence from Germany,B,title,I
. ,O,O,I
Tiburg,B,other,I
" (Working Paper, Tilburg Univ.)
",O,O,I
Behr,B,author,B
", ",I,author,I
P,I,author,I
", ",O,O,I
L,B,author,I
. ,I,author,I
Norden,I,author,I
 und ,O,O,I
F,B,author,I
. ,I,author,I
Noth,I,author,I
 (,O,O,I
2012,B,year,I
): ,O,O,I
Financial Constraints of Private Firms and Bank Lending Behavior,B,title,I
. 31.01 2012 (Working Paper). ,O,O,I
"http://papers.ssrn,com/sol3/papers.cfm?abstractjd=1713129",B,url,I
"
",O,O,I
Berger,B,author,B
", ",I,author,I
A,I,author,I
"., ",O,O,I
N,B,author,I
. ,I,author,I
Miller,I,author,I
", ",O,O,I
M,B,author,I
. ,I,author,I
Petersen,I,author,I
", ",O,O,I
R,B,author,I
. ,I,author,I
Raghuram,I,author,I
 und ,O,O,I
J,B,author,I
. ,I,author,I
Stein,I,author,I
 (,O,O,I
2005,B,year,I
): ,O,O,I
Does Function Follow Organizational Form? Evidence from the Lending Practices of Large and Small Banks,B,title,I
. ,O,O,I
Journal of Financial Economics,B,source,I
 ,O,O,I
76,B,volume,I
. S. ,O,O,I
237,B,fpage,I
-,O,O,I
269,B,lpage,I
"
",O,O,I
Bülbül,B,author,B
", ",I,author,I
D,I,author,I
"., ",O,O,I
R.H.,B,author,I
 ,I,author,I
Schmidt,I,author,I
 und ,O,O,I
U,B,author,I
. ,I,author,I
Schüwer,I,author,I
 (,O,O,I
2013,B,year,I
): ,O,O,I
Caisses d'Epargne et Banque en Europe,B,title,I
. ,O,O,I
Revue d'Èconomie Financière,B,source,I
 ,O,O,I
111,B,volume,I
", S. ",O,O,I
159,B,fpage,I
-,O,O,I
188,B,lpage,I
 (englische Version erschienen als ,O,O,I
SAFE-White Paper Series,B,source,I
 No. ,O,O,I
5,B,volume,I
. ,O,O,I
Universität Frankfurt,B,editor,I
 ,O,O,I
2013,B,year,I
")
",O,O,I
Chick,B,author,B
", ",I,author,I
V,I,author,I
. und ,O,O,I
S.C,B,author,I
 ,I,author,I
Dow,I,author,I
 (,O,O,I
1988,B,year,I
): ,O,O,I
A post-Keynesian perspective on the relation between Banking and Regional Development,B,title,I
. In: ,O,O,I
P. Arestis,B,editor,I
 (Hrsg.): ,O,O,I
Post-Keynesian monetary economies,B,source,I
. ,O,O,I
"Alderhots, Hants",B,other,I
", S. ",O,O,I
219,B,fpage,I
-,O,O,I
250,B,lpage,I
"
",O,O,I
Christians,B,author,B
", ",I,author,I
U,I,author,I
. (,O,O,I
2010,B,year,I
): ,O,O,I
Zur Ertragslage der Sparkassen und Genossenschaftsbanken in den strukturarmen Regionen Ostdeutschlands,B,title,I
. In: ,O,O,I
U. Christians,B,editor,I
 und ,O,O,I
K. Hempel,B,editor,I
 (Hrsg.): ,O,O,I
Unternehmensfinanzierung und Region. Finanzierungsprobleme mittelständischer Unternehmen und Bankpolitik in peripheren Wirtschaftsräumen,B,source,I
. ,O,O,I
Hamburg,B,other,I
", S. ",O,O,I
231,B,fpage,I
-,O,O,I
253,B,lpage,I
 (,O,O,I
Schriftenreihe Finanzmanagement,B,source,I
 ,O,O,I
70,B,volume,I
")
",O,O,I
Conrad,B,author,B
", ",I,author,I
A,I,author,I
. (,O,O,I
2010,B,year,I
): ,O,O,I
Banking in schrumpfenden Regionen. Auswirkungen von Alterung und Abwanderung auf Regionalbanken unter besonderer Berücksichtigung der Sparkassen,B,title,I
. ,O,O,I
Hamburg,B,other,I
"
",O,O,I
Deakins,B,author,B
", ",I,author,I
D,I,author,I
"., ",O,O,I
G,B,author,I
. ,I,author,I
Whittam,I,author,I
 und ,O,O,I
J,B,author,I
. ,I,author,I
Wyper,I,author,I
 (,O,O,I
2010,B,year,I
): ,O,O,I
SMEs' access to bank finance in Scotland: an analysis of bank manager decision making,B,title,I
. ,O,O,I
Venture Capital,B,source,I
 ,O,O,I
12,B,volume,I
 (,O,O,I
3,B,issue,I
"), S. ",O,O,I
193,B,fpage,I
-,O,O,I
209,B,lpage,I
"
",O,O,I
DSGV,B,editor,B
 und ,O,O,I
BVR,B,editor,I
 (,O,O,I
2013,B,year,I
): ,O,O,I
Daten auf Anfrage beim Deutschen Sparkassen und Giroverband und Bundesverband der Deutschen Volksbanken und Raiffeisenbanken,B,title,I
"
",O,O,I
Engerer,B,author,B
", ",I,author,I
H,I,author,I
. und ,O,O,I
M,B,author,I
. ,I,author,I
Schrooten,I,author,I
 (,O,O,I
2004,B,year,I
): ,O,O,I
Untersuchung der Grundlagen und Entwicklungsperspektiven des Bankensektors in Deutschland (Dreisäulensystem) - im Auftrag des Bundesministeriums der Finanzen,B,title,I
. ,O,O,I
Deutsches Institut für Wirtschaftsforschung,B,publisher,I
", ",O,O,I
Berlin,B,other,I
"
",O,O,I
European Central Bank,B,editor,B
 (,O,O,I
2013,B,year,I
): ,O,O,I
Survey on the Access to Finance of Small and Medium-Sized Enterprises in the Euro Area,B,title,I
. ,O,O,I
Frankfurt a.M.,B,other,I
"
",O,O,I
Ferrando,B,author,B
", ",I,author,I
A,I,author,I
. und ,O,O,I
N,B,author,I
. ,I,author,I
Griesshaber,I,author,I
 (,O,O,I
2011,B,year,I
/,O,O,I
2013,B,year,I
): ,O,O,I
 Financing obstacles among euro area firms: Who suffers the most?,B,title,I
 ,O,O,I
Europäische Zentralbank,B,publisher,I
", ",O,O,I
Frankfurt a.M.,B,other,I
 (,O,O,I
EZB Working Paper Series,B,source,I
", ",O,O,I
1293,B,volume,I
")
",O,O,I
Gärtner,B,author,B
", ",I,author,I
S,I,author,I
. (,O,O,I
2008,B,year,I
): ,O,O,I
Ausgewogene Strukturpolitik: Sparkassen aus regionalökonomischer Perspektive,B,title,I
. ,O,O,I
Münster,B,other,I
"
",O,O,I
Gärtner,B,author,B
", ",I,author,I
S,I,author,I
. (,O,O,I
2009,B,year,I
): ,O,O,I
Lehren aus der Finanzkrise: räumliche Nähe als stabilisierender Faktor,B,title,I
. Internet-Dokument. ,O,O,I
Gelsenkirchen,B,other,I
 (,O,O,I
Inst. Arbeit und Technik. Forschung Aktuell,B,source,I
", Nr. ",O,O,I
08,B,volume,I
")
",O,O,I
Gärtner,B,author,B
", ",I,author,I
S,I,author,I
.(,O,O,I
2011,B,year,I
): ,O,O,I
Die Zukunft von New York London HongKong und Cayman Jersey Schweiz Liechtenstein: eine räumliche Forschungsskizze in Postkrisenzeiten,B,title,I
. In: ,O,O,I
C. Scheuplein,B,editor,I
 und ,O,O,I
G. Wood,B,editor,I
 (Hrsg.): ,O,O,I
Nach der Weltwirtschaftskrise: Neuanfänge in der Region?,B,source,I
 ,O,O,I
Berlin,B,other,I
", S. ",O,O,I
49,B,fpage,I
-,O,O,I
83,B,lpage,I
"
",O,O,I
Gärtner,B,author,B
", ",I,author,I
S,I,author,I
. (,O,O,I
2013,B,year,I
) ,O,O,I
Varianten institutioneller Arrangements am Beispiel regionaler Finanzregime,B,title,I
. In: ,O,O,I
0. Brand,B,editor,I
", ",O,O,I
S. Dörhöfer,B,editor,I
 und ,O,O,I
P. Eser,B,editor,I
 (Hrsg.): ,O,O,I
"Die konflikthafte Konstitution der Region: Kultur, Politik. Ökonomie",B,source,I
. ,O,O,I
Münster,B,other,I
. S. ,O,O,I
233,B,fpage,I
-,O,O,I
263,B,lpage,I
"
",O,O,I
Gärtner,B,author,B
", ",I,author,I
S,I,author,I
. und ,O,O,I
F,B,author,I
. ,I,author,I
Flögel,I,author,I
 (,O,O,I
2013,B,year,I
): ,O,O,I
Dezentrale versus zentrale Bankensysteme? Geographische Marktorientierung und Ort der Entscheidungsfindung als Dimensionen zur Unterteilung von Bankensystemen,B,title,I
. ,O,O,I
Zeitschrift für Wirtschaftsgeographie,B,source,I
 ,O,O,I
57,B,volume,I
 (,O,O,I
3,B,issue,I
). S. ,O,O,I
34,B,fpage,I
-,O,O,I
50,B,lpage,I
"
",O,O,I
Handelsblatt,B,source,B
 (,O,O,I
05.08.2012,B,volume,I
): ,O,O,I
"Eine Liebeserklärung. Deutschland, deine Sparkassen",B,title,I
. ,O,O,I
www.handelsblatt.com,B,url,I
" (gesichtet am: 10.10.2012)
",O,O,I
Handke,B,author,B
", ",I,author,I
M,I,author,I
. (,O,O,I
2011,B,year,I
): ,O,O,I
Die Hausbankbeziehung. Institutionalisierte Finanzlösungen für kleine und mittlere Unternehmen in räumlicher Perspektive,B,title,I
. ,O,O,I
Berlin,B,other,I
"
",O,O,I
"Hardie, I.",B,editor,B
 und ,O,O,I
D. Howarth,B,editor,I
 (Hrsg.) (,O,O,I
2013,B,year,I
): ,O,O,I
Market-Based Banking and the Intern Financial Crisis,B,title,I
. ,O,O,I
Oxford,B,other,I
"
",O,O,I
Hesse,B,author,B
", ",I,author,I
H,I,author,I
. und ,O,O,I
M,B,author,I
. ,I,author,I
Cihák,I,author,I
 (,O,O,I
2007,B,year,I
): ,O,O,I
Cooperative Banks and Financial Stability,B,title,I
. ,O,O,I
Washington D.C.,B,other,I
 (,O,O,I
IMF Working Paper,B,source,I
 ,O,O,I
WP/07/2,B,volume,I
")
",O,O,I
Klagge,B,author,B
", ",I,author,I
B,I,author,I
. und ,O,O,I
R,B,author,I
. ,I,author,I
Martin,I,author,I
 (,O,O,I
2005,B,year,I
): ,O,O,I
Decentralized versus centralized financial Systems: is there a case for local Capital markets?,B,title,I
 ,O,O,I
Journal of Economics Geography,B,source,I
 ,O,O,I
14,B,volume,I
 (,O,O,I
3,B,issue,I
"), S. ",O,O,I
387,B,fpage,I
-,O,O,I
421,B,lpage,I
"
",O,O,I
Klagge,B,author,B
", ",I,author,I
B,I,author,I
. (,O,O,I
1995,B,year,I
): ,O,O,I
Strukturwandel im Bankenwesen und Regionalwirtschaftliche Implikationen. Konzeptionelle Ansätze und empirische Befunde,B,title,I
. ,O,O,I
Erdkunde,B,source,I
 ,O,O,I
49,B,volume,I
 (,O,O,I
1,B,issue,I
). S. ,O,O,I
285,B,fpage,I
-,O,O,I
304,B,lpage,I
"
",O,O,I
Klagge,B,author,B
. ,I,author,I
B,I,author,I
. (,O,O,I
2010,B,year,I
): ,O,O,I
Das deutsche Banken- und Finanzsystem im Spannungsfeld von internationalen Finanzmärkten und regionaler Orientierung,B,title,I
. In: ,O,O,I
E. Kulke,B,editor,I
 (Hrsg.): ,O,O,I
Wirtschaftsgeographie Deutschlands,B,source,I
. ,O,O,I
Heidelberg,B,other,I
", S. ",O,O,I
287,B,fpage,I
-,O,O,I
302,B,lpage,I
"
",O,O,I
Myrdal,B,author,B
", ",I,author,I
G,I,author,I
. (,O,O,I
1959,B,year,I
): ,O,O,I
Ökonomische Theorie und unterentwickelte Region,B,title,I
. ,O,O,I
Stuttgart,B,other,I
"
",O,O,I
Stein,B,author,B
", ",I,author,I
J,I,author,I
. (,O,O,I
2002,B,year,I
): ,O,O,I
Information Production and Capital Allocation: Decentralized versus Hierarchical Firms,B,title,I
. ,O,O,I
The Journal of Finance,B,source,I
 ,O,O,I
57,B,volume,I
 (,O,O,I
5,B,issue,I
"), S. ",O,O,I
1891,B,fpage,I
-,O,O,I
1921,B,lpage,I
