token,tag,label,ref
Augar,B,author,B
", ",I,author,I
P,I,author,I
. (,O,O,I
2000,B,year,I
): ,O,O,I
The Death of Gentlemanly Capitalism: The Rise And Fall of London's Investment Banks,B,title,I
. ,O,O,I
London,B,other,I
"
",O,O,I
Bindemann,B,author,B
", ",I,author,I
K,I,author,I
. (,O,O,I
1999,B,year,I
): ,O,O,I
The Future of European Financial Centres,B,title,I
. ,O,O,I
London ,B,other,I
"
",O,O,I
"BIS, Bank for International Settlement",B,editor,B
 (,O,O,I
2013,B,year,I
): ,O,O,I
Triennial Central Bank Survey. Foreign exchange turnover in April 2013: preliminary global results,B,title,I
. ,O,O,I
Basel,B,other,I
", ",O,O,I
www.bis.org/publ/rpfx13fx.pdf,B,url,I
"
",O,O,I
Boschma,B,author,B
", ",I,author,I
R,I,author,I
. und ,O,O,I
K,B,author,I
. ,I,author,I
Frenken,I,author,I
 (,O,O,I
2011,B,year,I
): ,O,O,I
The emerging empirics of evolutionary economic geography,B,title,I
. ,O,O,I
Journal of Economic Geography,B,source,I
 ,O,O,I
11,B,volume,I
 (,O,O,I
2,B,issue,I
"), S. ",O,O,I
295,B,fpage,I
-,O,O,I
307,B,lpage,I
"
",O,O,I
Cassis,B,author,B
", ",I,author,I
Y,I,author,I
. (,O,O,I
2006,B,year,I
): ,O,O,I
"Capitals of capital. A history of international financial centres, 1780-2005",B,title,I
. ,O,O,I
Cambridge,B,other,I
"
",O,O,I
Dörry,B,author,B
", ",I,author,I
S,I,author,I
. (,O,O,I
2014,B,year,I
): ,O,O,I
Strategic nodes in investment fund global production networks: The example of the financial centre Luxembourg,B,title,I
. ,O,O,I
Journal of Economic Geography,B,source,I
". Online first (28. Juli), doi: ",O,O,I
10.1093/jeg/lbu031,B,identifier,I
"
",O,O,I
Engelen,B,author,B
", ",I,author,I
E,I,author,I
. und ,O,O,I
 M.H.,B,author,I
 ,I,author,I
Grote,I,author,I
 (,O,O,I
2009,B,year,I
): ,O,O,I
Stock exchange virtualisation and the decline of second-tier financial centres - the cases of Amsterdam and Frankfurt,B,title,I
. ,O,O,I
Journal of Economic Geography,B,source,I
 ,O,O,I
9,B,volume,I
 (,O,O,I
5,B,issue,I
"), S.",O,O,I
679,B,fpage,I
-,O,O,I
696,B,lpage,I
"
",O,O,I
Faulconbridge,B,author,B
", ",I,author,I
J,I,author,I
"., ",O,O,I
E,B,author,I
. ,I,author,I
Engelen,I,author,I
", ",O,O,I
M,B,author,I
. ,I,author,I
Hoylerund,I,author,I
 und ,O,O,I
J,B,author,I
. ,I,author,I
Beaverstock,I,author,I
 (,O,O,I
2007,B,year,I
): ,O,O,I
Analysing the Changing Landscape of European Financial Centres: The Role of Financial Products and the Case of Amsterdam,B,title,I
. ,O,O,I
Growth and Change,B,source,I
 ,O,O,I
38,B,volume,I
 (,O,O,I
2,B,issue,I
"), S. ",O,O,I
279,B,fpage,I
-,O,O,I
303,B,lpage,I
"
",O,O,I
Financial Times,B,editor,B
 (,O,O,I
2012,B,year,I
): ,O,O,I
Special Report: Vienna as a Financial Centre,B,title,I
", ",O,O,I
16. Mai,B,volume,I
", S. ",O,O,I
1,B,fpage,I
-,O,O,I
2,B,lpage,I
"
",O,O,I
Franz,B,author,B
", ",I,author,I
N,I,author,I
. (,O,O,I
2005,B,year,I
): ,O,O,I
"Der Finanzplatz Luxemburg als Ergebnis wirtschaftlichen Bedarfs, politischen Willens und europäischer Integration",B,title,I
. In: ,O,O,I
C.M. Merki,B,editor,I
 (Hrsg.): ,O,O,I
Europas Finanzzentren. Geschichte und Bedeutung im 20. Jahrhundert,B,source,I
. ,O,O,I
Frankfurt am Main,B,other,I
", S. ",O,O,I
149,B,fpage,I
-,O,O,I
165,B,lpage,I
"
",O,O,I
Heires,B,author,B
", ",I,author,I
M,I,author,I
. und ,O,O,I
A,B,author,I
. ,I,author,I
Nölke,I,author,I
 (,O,O,I
2014,B,year,I
): ,O,O,I
Politische Ökonomie der Finanzialisierung,B,title,I
. ,O,O,I
Wiesbaden,B,other,I
"
",O,O,I
Kindleberger,B,author,B
", ",I,author,I
C.P.,I,author,I
 (,O,O,I
1974,B,year,I
): ,O,O,I
The Formation of Financial Centers: A Study in a Comparative Economic History,B,title,I
. ,O,O,I
"Princeton, NJ",B,other,I
 (,O,O,I
Princeton Studies in International Finance,B,source,I
 ,O,O,I
36,B,volume,I
")
",O,O,I
Klagge,B,author,B
", ",I,author,I
B,I,author,I
. (,O,O,I
1995,B,year,I
): ,O,O,I
Strukturwandel im Bankwesen und regionalwirtschaftliche Implikationen. Konzeptionelle Ansätze und empirische Befunde,B,title,I
. ,O,O,I
Erdkunde,B,source,I
 ,O,O,I
49,B,volume,I
 (,O,O,I
4,B,issue,I
"), S. ",O,O,I
285,B,fpage,I
-,O,O,I
304,B,lpage,I
"
",O,O,I
Laulajainen,B,author,B
", ",I,author,I
R,I,author,I
. (,O,O,I
2003,B,year,I
): ,O,O,I
Financial Geography: A Bankers View,B,title,I
. ,O,O,I
London,B,other,I
"
",O,O,I
"Merki, C.M.",B,editor,B
 (Hrsg.) (,O,O,I
2005,B,year,I
): ,O,O,I
Europas Finanzzentren. Geschichte und Bedeutung im 20. Jahrhundert,B,title,I
. ,O,O,I
Frankfurt,B,other,I
"
",O,O,I
Michie,B,author,B
", ",I,author,I
R.C.,I,author,I
 (,O,O,I
2005,B,year,I
): ,O,O,I
Der Aufstieg der City of London als Finanzplatz: Vom Inlandsgeschäft zum Offshore-Zentrum?,B,title,I
 In: ,O,O,I
C.M. Merki,B,editor,I
 (Hrsg.): ,O,O,I
Europas Finanzzentren. Geschichte und Bedeutung im 20. Jahrhundert,B,source,I
. ,O,O,I
Frankfurt,B,other,I
. S. ,O,O,I
23,B,fpage,I
-,O,O,I
51,B,lpage,I
"
",O,O,I
Musil,B,author,B
", ",I,author,I
R,I,author,I
. (,O,O,I
2011,B,year,I
): ,O,O,I
"Investitionen aus Wien in Mittel- und Südosteuropa. Atlas Ost- und Südosteuropa, Blatt Nr. 3.6-G11",B,title,I
. ,O,O,I
"Berlin, Stuttgart",B,other,I
"
",O,O,I
"ÖNB, Österreichische Nationalbank",B,editor,B
 (,O,O,I
2012,B,year,I
): ,O,O,I
Finanzmarktstabilitätsbericht,B,title,I
 ,O,O,I
24,B,volume,I
. ,O,O,I
Wien,B,other,I
"
",O,O,I
Palan,B,author,B
", ",I,author,I
R,I,author,I
"., ",O,O,I
R,B,author,I
. ,I,author,I
Murphy,I,author,I
 und ,O,O,I
C,B,author,I
. ,I,author,I
Chavagneux,I,author,I
 (,O,O,I
2010,B,year,I
): ,O,O,I
Tax havens: how globalization really works,B,title,I
. ,O,O,I
Ithaca,B,other,I
"
",O,O,I
Plumpe,B,author,B
", ",I,author,I
W,I,author,I
. (,O,O,I
2013,B,year,I
): ,O,O,I
Wirtschaftskrisen. Geschichte und Gegenwart,B,title,I
. ,O,O,I
München,B,other,I
"
",O,O,I
Porteus,B,author,B
", ",I,author,I
D,I,author,I
. (,O,O,I
1999,B,year,I
): ,O,O,I
"The Development of Financial Centres: location, Information, Externalities and Path Dependence",B,title,I
. In: ,O,O,I
R. Martin,B,editor,I
 (Hrsg.): ,O,O,I
Money and the Space Economy,B,source,I
. ,O,O,I
Chichester,B,other,I
", S. ",O,O,I
95,B,fpage,I
-,O,O,I
114,B,lpage,I
"
",O,O,I
Schamp,B,author,B
", ",I,author,I
E.W.,I,author,I
 (,O,O,I
2008,B,year,I
): ,O,O,I
Globale Finanzmärkte,B,title,I
. In: ,O,O,I
E.W. Schamp,B,editor,I
 (Hrsg.): ,O,O,I
Globale Verflechtungen,B,source,I
. ,O,O,I
Köln,B,other,I
", S. ",O,O,I
72,B,fpage,I
-,O,O,I
84,B,lpage,I
"
",O,O,I
Schamp,B,author,B
", ",I,author,I
E.W.,I,author,I
 (,O,O,I
2011,B,year,I
): ,O,O,I
Europas jüngstes Finanzzentrum. Der Aufstieg Frankfurts zur europäischen Finanz-Metropole,B,title,I
. In: ,O,O,I
W. Matznetter,B,editor,I
 und ,O,O,I
R. Musil,B,editor,I
 (Hrsg.) ,O,O,I
Europa: Metropolen im Wandel,B,source,I
. ,O,O,I
Wien,B,other,I
", S. ",O,O,I
53,B,fpage,I
-,O,O,I
66,B,lpage,I
"
",O,O,I
The CityUK,B,editor,B
 (,O,O,I
2014,B,year,I
): ,O,O,I
Fund Management. Financial Market Series,B,title,I
. ,O,O,I
London,B,other,I
"
",O,O,I
Walther,B,author,B
", ",I,author,I
0,I,author,I
"., ",O,O,I
C,B,author,I
. ,I,author,I
Schulz,I,author,I
 und ,O,O,I
S,B,author,I
. ,I,author,I
Dörry,I,author,I
 (,O,O,I
2011,B,year,I
): ,O,O,I
Specialized international financial centres and their crisis resilience: the case of Luxembourg,B,title,I
. ,O,O,I
Geographische Zeitschrift,B,source,I
 ,O,O,I
99,B,volume,I
 (,O,O,I
2/3,B,issue,I
"), S. ",O,O,I
123,B,fpage,I
-,O,O,I
142,B,lpage,I
"
",O,O,I
Zademach,B,author,B
", ",I,author,I
H.-M.,I,author,I
 (,O,O,I
2014,B,year,I
): ,O,O,I
Finanzgeographie,B,title,I
. ,O,O,I
Darmstadt,B,other,I
"
",O,O,I
Zademach,B,author,B
", ",I,author,I
H.-M.,I,author,I
 und ,O,O,I
R,B,author,I
. ,I,author,I
Musil,I,author,I
 (,O,O,I
2012,B,year,I
): ,O,O,I
Global Integration along Historic Pathways: Vienna and Munich in the Changing Financial Geography of Europe,B,title,I
. ,O,O,I
European Urban and Regional Studies,B,source,I
" (online first), doi:",O,O,I
10.1177/0969776412457172,B,identifier,I
"
",O,O,I
Zeller,B,author,B
", ",I,author,I
C,I,author,I
. (,O,O,I
2003,B,year,I
): ,O,O,I
Innovationssysteme in einem finanzdominierten Akkumulationsregime - Befunde und Thesen,B,title,I
. ,O,O,I
Geographische Zeitschrift,B,source,I
 ,O,O,I
91,B,volume,I
(,O,O,I
3/4,B,issue,I
"), S. ",O,O,I
133,B,fpage,I
-,O,O,I
155,B,lpage,I
"
",O,O,I
"IMF, International Monetary Fund",B,editor,B
: ,O,O,I
Currency Composition of Official Foreign Exchange Reserves ICOFERI 2014,B,title,I
. ,O,O,I
www.imf.org/external/np/sta/cofer/eng/,B,url,I
" (Online-Zugriff 28.6.2014)
",O,O,I
"WFE, World Federation of Exchanges",B,editor,B
. ,O,O,I
Statistical Database 2014,B,title,I
: ,O,O,I
www.world-exchanges.org/statistics/annual-query-tool,B,url,I
" (Online-Zugriff 28.6.2014)
",O,O,I
Z/Yen Group,B,editor,B
. ,O,O,I
Global Financial Centre Index (GFCI),B,title,I
: ,O,O,I
www.zyen.com/research/gfci.html,B,url,I
" (Online-Zugriff 28. 6. 2014)
",O,O,I
bpb. Bundeszentrale für politische Bildung,B,editor,B
 ,O,O,I
2010,B,year,I
: ,O,O,I
"Globalisierung, Zahlen und Fakten. Währungsreserven und Devisenumsatz",B,title,I
: ,O,O,I
www.bpb.de/nachschlagen/zahlen-undfakten/gtobalisierung/52618/ waehrungsreserven-und-devisenumsatz,B,url,I
 (Online-Zugriff 28.6.2014),O,O,I
