token,tag,label,ref
"CEA, Central Electricity Authority of India",B,editor,B
: ,O,O,I
www.cea.nic.in,B,url,I
" (Abruf: 08.09.2014)
",O,O,I
Dittrich,B,author,B
", ",I,author,I
C,I,author,I
. (,O,O,I
2004,B,year,I
): ,O,O,I
Widerstand gegen das Narmada-Staudammprojekt in Indien.,B,title,I
 ,O,O,I
Geographische Rundschau,B,source,I
 ,O,O,I
56,B,volume,I
 (,O,O,I
12,B,issue,I
"), S. ",O,O,I
10,B,fpage,I
-,O,O,I
15,B,lpage,I
"
",O,O,I
Hennig,B,author,B
", ",I,author,I
T,I,author,I
 (,O,O,I
2015,B,year,I
): ,O,O,I
"Energy, Hydropower and Geopolitics - Northeast India and its Neighbours. A critical review of the establishment of Indias largest hydropower base",B,title,I
. ,O,O,I
Asien,B,source,I
 ,O,O,I
134,B,volume,I
"
",O,O,I
Hennig,B,author,B
", ",I,author,I
T,I,author,I
 (,O,O,I
2014,B,year,I
): ,O,O,I
Innerstaatliche und transnationale Wasserkonflikte in China und Indien,B,title,I
. ,O,O,I
"Jahresheft Geopolitik 2013, Schriftenreihe Geoinformationsdienst der Bundeswehr",B,source,I
 (,O,O,I
1,B,volume,I
"), S. ",O,O,I
20,B,fpage,I
-,O,O,I
29,B,lpage,I
"
",O,O,I
Hennig,B,author,B
", ",I,author,I
T,I,author,I
 (,O,O,I
2013,B,year,I
): ,O,O,I
"Trends, Probleme, Herausforderungen in Indiens Energiesektor",B,title,I
. In: ,O,O,I
Lennartz,B,editor,I
 ,O,O,I
et al.,B,other,I
 (Hrsg.): ,O,O,I
Aktuelle Forschungsbeiträge zu Südasien,B,source,I
. ,O,O,I
Heidelberg,B,other,I
", S. ",O,O,I
23,B,fpage,I
-,O,O,I
26,B,lpage,I
. ,O,O,I
http://archiv.ub.uni-heidelberg.de/savidok/volltexte/2013/2870,B,url,I
"
",O,O,I
Olivier,B,author,B
", ",I,author,I
J.G.J.,I,author,I
 (,O,O,I
2013,B,year,I
): ,O,O,I
Trends in Global C02-Emissions. 2013 Report,B,title,I
. ,O,O,I
PBL Netherlands Environmental Assessment Agency,B,editor,I
", ",O,O,I
Den Haag,B,other,I
"
",O,O,I
Pargal,B,author,B
", ",I,author,I
S,I,author,I
. und ,O,O,I
S,B,author,I
. ,I,author,I
Ghosh,I,author,I
 (,O,O,I
2014,B,year,I
): ,O,O,I
More power to India: the challenge of electricity distribution,B,title,I
. ,O,O,I
"Washington, DC.",B,other,I
 ,O,O,I
http://documents.worldbank.org/curated/en/2014/06/19703395/more-power-india-challenge-electricitydistribution,B,url,I
"
",O,O,I
Westenberger,B,author,B
", ",I,author,I
A,I,author,I
 (,O,O,I
2014,B,year,I
).: ,O,O,I
Indiens Stromerzeugung setzt starker auf Sonne und Wind,B,title,I
. ,O,O,I
"www.gtai.de/GTAI/Navigation/DE/Trade/maerkte,did=1008732. html",B,url,I
 (Abruf: 10.09.2014),O,O,I
