token,tag,label,ref
Acharya,B,author,B
", ",I,author,I
S,I,author,I
. (,O,O,I
2014,B,year,I
): ,O,O,I
Understanding Modi government's economic priorities,B,title,I
. ,O,O,I
Rediff Business,B,publisher,I
. 20 August 2014. ,O,O,I
Mumbai,B,other,I
", ",O,O,I
www.rediff.com/business/column/column-understanding-modi-govemments-economic-priorities/20140820.htm,B,url,I
"
",O,O,I
Bhagwati,B,author,B
", ",I,author,I
J,I,author,I
. und ,O,O,I
A,B,author,I
. ,I,author,I
Panagariya,I,author,I
 (,O,O,I
2013,B,year,I
) ,O,O,I
Why growth matters. How economic growth in India reduced poverty and the lessons for other developing countries,B,title,I
. ,O,O,I
New York,B,other,I
"
",O,O,I
"BTI, Bertelsmann Stiftung",B,editor,B
 (Hrsg.) (,O,O,I
2012,B,year,I
): ,O,O,I
Transformationsindex BTI 2012,B,title,I
. ,O,O,I
Gütersloh,B,other,I
"
",O,O,I
"Debroy, B.",B,editor,B
", ",O,O,I
A.J. Tellis,B,editor,I
 und ,O,O,I
R. Trevor,B,editor,I
 (eds.) (,O,O,I
2014,B,year,I
): ,O,O,I
Getting India back on track. An action agenda for reform,B,title,I
. ,O,O,I
"Washington, D.C",B,other,I
"
",O,O,I
Economist,B,editor,B
: ,O,O,I
India as a Great Power,B,title,I
. ,O,O,I
The Economist,B,source,I
", ",O,O,I
March 30th 2013,B,volume,I
", S. ",O,O,I
20,B,fpage,I
-,O,O,I
22,B,lpage,I
" 
",O,O,I
Forbes,B,source,B
: ,O,O,I
How Indians Defied Gravity and Achieved Success in Silicon Valley,B,title,I
. ,O,O,I
New York,B,other,I
", ",O,O,I
15 October 2012,B,volume,I
. ,O,O,I
www.forbes.com/sites/singularity/2012/10/15/how-indians-defied-gravity-and-achieved-success-in-silicon-valley/,B,url,I
"
",O,O,I
Gupta,B,author,B
", ",I,author,I
R,I,author,I
. ,O,O,I
et al.,B,other,I
 (,O,O,I
2014,B,year,I
): ,O,O,I
"From poverty to empowerment: India's imperative for jobs, growth, and effective basic services",B,title,I
. ,O,O,I
Mumbai,B,other,I
", ",O,O,I
www.mckinsey.com/insights/asia-pacific/indias_path_from_poverty_to_empowerment,B,url,I
"
",O,O,I
Institute for Conflict Management,B,editor,B
 (,O,O,I
2014,B,year,I
): ,O,O,I
India Data Sheets. South Asia Terrorist Portal,B,title,I
. ,O,O,I
New Delhi,B,other,I
", ",O,O,I
www.satp.org/satporgtp/countries/india/database/index.html,B,url,I
" (20.8.2014)
",O,O,I
Kaplan,B,author,B
", ",I,author,I
R,I,author,I
. (,O,O,I
2012,B,year,I
): ,O,O,I
The revenge of geography,B,title,I
. ,O,O,I
New York,B,other,I
"
",O,O,I
Maddison,B,author,B
", ",I,author,I
A,I,author,I
. (,O,O,I
2006,B,year,I
): ,O,O,I
The world economy,B,source,I
. Volume ,O,O,I
1,B,volume,I
: ,O,O,I
A millenial perspective,B,title,I
. Volume ,O,O,I
2,B,volume,I
: ,O,O,I
Historical statistics,B,title,I
. ,O,O,I
Paris,B,other,I
"
",O,O,I
"Ministry of Finance, Government of India",B,editor,B
 (,O,O,I
2013,B,year,I
): ,O,O,I
Economic Survey 2012-13,B,title,I
. ,O,O,I
New Delhi,B,other,I
", ",O,O,I
http://indiabudget.nic.in/sunzey.asp,B,url,I
"
",O,O,I
Modi,B,author,B
", ",I,author,I
N,I,author,I
.: ,O,O,I
Narendra Modi (Web-Seite),B,title,I
. ,O,O,I
www.narendramodi.in,B,url,I
"
",O,O,I
Rediff,B,source,B
: ,O,O,I
50% of Indian engineers lack basic English skills,B,title,I
. ,O,O,I
Mumbai,B,other,I
", ",O,O,I
24 July 24 2012,B,volume,I
. ,O,O,I
www.rediff.com/getahead/slide-show/slide-show-1-career-50-per-cent-of-indian-engineers-lack-basic-english-skills/20120724.htm,B,url,I
"
",O,O,I
Rothermund,B,author,B
", ",I,author,I
D,I,author,I
. (,O,O,I
1985,B,year,I
): ,O,O,I
Indiens Wirtschaftsgeschichte. Von der Kolonialherrschaft bis zur Gegenwart,B,title,I
. ,O,O,I
Paderborn,B,other,I
 (,O,O,I
Uni-Taschenbücher,B,source,I
 ,O,O,I
1378,B,volume,I
")
",O,O,I
Sivasubramonian,B,author,B
", ",I,author,I
S,I,author,I
. (,O,O,I
2000,B,year,I
): ,O,O,I
The national income of India in the twentieth century,B,title,I
. ,O,O,I
New Delhi,B,other,I
"
",O,O,I
Tata Services,B,editor,B
 (,O,O,I
2012,B,year,I
): ,O,O,I
Statistical outline of India 2013-14,B,title,I
. ,O,O,I
Mumbai,B,other,I
"
",O,O,I
UNDP,B,editor,B
 (,O,O,I
2013,B,year,I
): ,O,O,I
Human Development Report,B,title,I
. ,O,O,I
New York,B,other,I
"
",O,O,I
"WTO, World Trade Organization",B,editor,B
 (,O,O,I
2013,B,year,I
): ,O,O,I
International Trade Statistics 2013,B,title,I
. ,O,O,I
Geneva,B,other,I
", ",O,O,I
www.wto.org/english/res_e/statis_e/its2013_e/its2013_e.pdf,B,url,I
"
",O,O,I
Zingel,B,author,B
", ",I,author,I
W.P,I,author,I
 (,O,O,I
2004,B,year,I
): ,O,O,I
"Indien auf dem Weg zur postindustriellen Gesellschaft: Infrastruktur, Dienstleistungen und Deregulierung",B,title,I
. In: ,O,O,I
W. Draguhn,B,editor,I
 (Hrsg.): ,O,O,I
"Indien 2004: Politik, Wirtschaft, Gesellschaft",B,source,I
. ,O,O,I
Hamburg,B,other,I
", S. ",O,O,I
319,B,fpage,I
-,O,O,I
338,B,lpage,I
"
",O,O,I
Zingel,B,author,B
", ",I,author,I
W.-P.,I,author,I
 (,O,O,I
2009,B,year,I
): ,O,O,I
Indien auf dem Weg vom Schwellenland zur globalen Wirtschaftsmacht,B,title,I
. ,O,O,I
Zur Debatte - Themen der Katholischen Akademie in Bayern,B,source,I
. ,O,O,I
39,B,volume,I
 (,O,O,I
4,B,issue,I
). S. ,O,O,I
9,B,fpage,I
 ,O,O,I
f.,B,lpage,I
"
",O,O,I
Zingel,B,author,B
", ",I,author,I
W.-P.,I,author,I
 (,O,O,I
2011,B,year,I
): ,O,O,I
Indien zwischen wirtschaftlichem Aufstieg und sozialen Herausforderungen,B,title,I
. In: ,O,O,I
G. Willing,B,editor,I
 (Hrsg.): ,O,O,I
Die neuen Weltmächte? China und Indien im Verhältnis zu Europa,B,source,I
. ,O,O,I
Neu-Isenburg,B,other,I
", S. ",O,O,I
55,B,fpage,I
-,O,O,I
80,B,lpage,I
"
",O,O,I
Zingel,B,author,B
", ",I,author,I
W.-P.,I,author,I
 (,O,O,I
2013,B,year,I
): ,O,O,I
On the political economy of India's environmental policy,B,title,I
. In: ,O,O,I
M. von Hauff,B,editor,I
 und ,O,O,I
A. Kundu,B,editor,I
 (eds.): ,O,O,I
Imperatives of sustainability and India's development path,B,source,I
. ,O,O,I
Marburg,B,other,I
. S. ,O,O,I
65,B,fpage,I
-,O,O,I
87,B,lpage,I
