token,tag,label,ref
Andree,B,author,B
", ",I,author,I
Karl,I,author,I
 ,O,O,I
1868,B,year,I
: ,O,O,I
Die Veränderungen in der gegenseitigen Stellung der Menschenracen und der wirthschaftlichen Verhältnisse,B,title,I
. In: ,O,O,I
Globus,B,source,I
 Bd. ,O,O,I
14,B,volume,I
", S. ",O,O,I
17,B,fpage,I
-,O,O,I
21,B,lpage,I
".
",O,O,I
De Melo Araújo,B,author,B
", ",I,author,I
André,I,author,I
 ,O,O,I
2012,B,year,I
: ,O,O,I
Weltgeschichte in Göttingen,B,title,I
 (= ,O,O,I
Der Mensch im Netz der Kulturen – Humanismus in der Epoche der Globalisierung,B,source,I
 ,O,O,I
16,B,volume,I
). ,O,O,I
Bielefeld,B,other,I
".
",O,O,I
Diamond,B,author,B
", ",I,author,I
Jared,I,author,I
 ,O,O,I
1998,B,year,I
: ,O,O,I
Arm und Reich. Die Schicksale menschlicher Gesellschaften,B,title,I
. ,O,O,I
Frankfurt a. M.,B,other,I
"
",O,O,I
Egli,B,author,B
", ",I,author,I
Emil,I,author,I
 ,O,O,I
1975,B,year,I
: ,O,O,I
China – Landschaftliches Porträt eines Halbkontinents,B,title,I
 [zuerst ,O,O,I
1966,B,year,I
]. In: ,O,O,I
"Egli, E.",B,editor,I
: ,O,O,I
Mensch und Landschaft,B,source,I
. ,O,O,I
München,B,other,I
 ,O,O,I
1975,B,year,I
", S. ",O,O,I
141,B,fpage,I
-,O,O,I
150,B,lpage,I
".
",O,O,I
Engelmann,B,author,B
", ",I,author,I
Gerhard,I,author,I
: ,O,O,I
Die Hochschulgeographie in Preußen 1810-1914,B,title,I
 (= ,O,O,I
Erdkundliches Wissen,B,source,I
 ,O,O,I
64,B,volume,I
). ,O,O,I
Wiesbaden,B,other,I
 ,O,O,I
1983,B,year,I
".
",O,O,I
Friedrich,B,author,B
", ",I,author,I
Ernst,I,author,I
 ,O,O,I
1904,B,year,I
: ,O,O,I
Wesen und geographische Verbreitung der „Raubwirtschaft“,B,title,I
. In: ,O,O,I
Petermanns Mitteilungen,B,source,I
 ,O,O,I
50,B,volume,I
", S. ",O,O,I
68,B,fpage,I
-,O,O,I
79,B,lpage,I
 u. ,O,O,I
92,B,fpage,I
-,O,O,I
95,B,lpage,I
".
",O,O,I
Guthe,B,author,B
", ",I,author,I
Hermann,I,author,I
 ,O,O,I
1868,B,year,I
: ,O,O,I
Lehrbuch der Geographie für die mittleren und oberen Classen höherer Bildungsanstalten sowie zum Selbstunterricht,B,title,I
. ,O,O,I
Hannover,B,other,I
"
",O,O,I
Hettner,B,author,B
", ",I,author,I
Alfred,I,author,I
 ,O,O,I
1929,B,year,I
: ,O,O,I
Der Gang der Kultur über die Erde,B,title,I
. ,O,O,I
Leipzig/Berlin,B,other,I
".
",O,O,I
Jing,B,author,B
", ",I,author,I
Liu,I,author,I
 ,O,O,I
2003,B,year,I
: ,O,O,I
Wahrnehmung des Fremden: China in deutschen und Deutschland in chinesischen Reiseberichten vom Opiumkrieg bis zum Ersten Weltkrieg,B,title,I
". Diss. Phil. Fak. Freiburg/Brsg.
",O,O,I
Kapp,B,author,B
", ",I,author,I
Ernst,I,author,I
 ,O,O,I
1845,B,year,I
: ,O,O,I
Philosophische Erdkunde,B,title,I
. 2 Bde. ,O,O,I
Braunschweig,B,other,I
".
",O,O,I
Kirchhoff,B,author,B
", ",I,author,I
Alfred,I,author,I
 ,O,O,I
1914,B,year,I
: ,O,O,I
Mensch und Erde,B,title,I
 (= ,O,O,I
Aus Natur und Geisteswelt,B,source,I
 ,O,O,I
31,B,volume,I
). ,O,O,I
Leipzig/Berlin,B,other,I
".
",O,O,I
Morris,B,author,B
", ",I,author,I
Ian,I,author,I
 ,O,O,I
2011,B,year,I
a: ,O,O,I
Wer regiert die Welt? Warum Zivilisationen herrschen oder beherrscht werden?,B,title,I
 ,O,O,I
Frankfurt a. M.,B,other,I
"
",O,O,I
Morris,B,author,B
", ",I,author,I
Ian,I,author,I
 ,O,O,I
2011,B,year,I
b: ,O,O,I
„Angst treibt voran.“,B,title,I
 In: ,O,O,I
Der Spiegel,B,source,I
 Nr. ,O,O,I
25,B,volume,I
", ",O,O,I
128,B,fpage,I
-,O,O,I
133,B,lpage,I
".
",O,O,I
Oppel,B,author,B
", ",I,author,I
Alwin,I,author,I
 ,O,O,I
1884,B,year,I
: ,O,O,I
Landschaftskunde. Versuch einer Physiognomik der gesamten Erdoberfläche,B,title,I
. ,O,O,I
Breslau,B,other,I
".
",O,O,I
Osterhammel,B,author,B
", ",I,author,I
Jürgen,I,author,I
 ,O,O,I
1987,B,year,I
: ,O,O,I
Forschungsreise und Kolonialprogramm. Ferdinand von Richthofen und die Erschließung Chinas im 19. Jahrhundert,B,title,I
. In: ,O,O,I
Archiv für Kulturgeschichte,B,source,I
 ,O,O,I
69,B,volume,I
", S. ",O,O,I
150,B,fpage,I
-,O,O,I
195,B,lpage,I
".
",O,O,I
Osterhammel,B,author,B
", ",I,author,I
Jürgen,I,author,I
 ,O,O,I
1998,B,year,I
: ,O,O,I
Die Entzauberung Asiens. Europa und die asiatischen Reiche im 18. Jahrhundert,B,title,I
. ,O,O,I
München,B,other,I
".
",O,O,I
Osterhammel,B,author,B
", ",I,author,I
Jürgen,I,author,I
 ,O,O,I
2011,B,year,I
: ,O,O,I
Die Verwandlung der Welt. Die Geschichte des 19. Jahrhunderts,B,title,I
. ,O,O,I
München,B,other,I
".
",O,O,I
Peschel,B,author,B
", ",I,author,I
Oskar,I,author,I
 ,O,O,I
1867,B,year,I
: ,O,O,I
Die Rückwirkung der Ländergestaltung auf die menschliche Gesittung,B,title,I
. In: ,O,O,I
Das Ausland,B,source,I
 ,O,O,I
40,B,volume,I
/Nr. ,O,O,I
39,B,issue,I
", S. ",O,O,I
913,B,fpage,I
-,O,O,I
918,B,lpage,I
"
",O,O,I
Peschel,B,author,B
", ",I,author,I
Oskar,I,author,I
 ,O,O,I
1870,B,year,I
: ,O,O,I
Einfluß der Ländergestalten auf die menschliche Gesittung,B,title,I
. In: ,O,O,I
Das Ausland,B,source,I
 ,O,O,I
43,B,volume,I
/Nr. ,O,O,I
22,B,issue,I
", S. ",O,O,I
505,B,fpage,I
-,O,O,I
512,B,lpage,I
"
",O,O,I
Peschel,B,author,B
", ",I,author,I
Oskar,I,author,I
 ,O,O,I
1871,B,year,I
: ,O,O,I
Ueber den Einfluß der Gliederungen Europa’s auf das Fortschreiten der Gesittung,B,title,I
. In: ,O,O,I
Das Ausland,B,source,I
 ,O,O,I
44,B,volume,I
", S. ",O,O,I
313,B,fpage,I
-,O,O,I
319,B,lpage,I
".
",O,O,I
Peschel,B,author,B
", ",I,author,I
Oskar,I,author,I
 ,O,O,I
1877,B,year,I
: ,O,O,I
Völkerkunde,B,title,I
. ,O,O,I
Leipzig,B,other,I
 [Zuerst: ,O,O,I
1874,B,year,I
"].
",O,O,I
Radkau,B,author,B
", ",I,author,I
Joachim,I,author,I
 ,O,O,I
2011,B,year,I
: ,O,O,I
Die Ära der Ökologie. Eine Weltgeschichte,B,title,I
. ,O,O,I
München,B,other,I
".
",O,O,I
Ratzel,B,author,B
", ",I,author,I
Friedrich,I,author,I
 ,O,O,I
1876,B,year,I
: ,O,O,I
Die chinesische Auswanderung. Ein Beitrag zur Cultur- und Handelsgeographie,B,title,I
. ,O,O,I
Breslau,B,other,I
".
",O,O,I
Ratzel,B,author,B
", ",I,author,I
Friedrich,I,author,I
 ,O,O,I
1897,B,year,I
: ,O,O,I
Politische Geographie,B,title,I
. ,O,O,I
München/Leipzig,B,other,I
".
",O,O,I
Rein,B,author,B
", ",I,author,I
Johann Justus,I,author,I
 ,O,O,I
1894,B,year,I
: ,O,O,I
Asien,B,title,I
. In: ,O,O,I
Geographisches Handbuch zu Andrees Handatlas,B,title,I
. ,O,O,I
Bielefeld/Leipzig,B,other,I
", S. ",O,O,I
496,B,fpage,I
-,O,O,I
611,B,lpage,I
".
",O,O,I
Reuschle,B,author,B
", ",I,author,I
Karl Gustav,I,author,I
 ,O,O,I
1858-1859,B,year,I
: ,O,O,I
"Handbuch der Geographie oder Neueste Erdbeschreibung mit besonderer Rücksicht auf Statistik, Topographie und Geschichte",B,title,I
. 2 Bde. ,O,O,I
Stuttgart,B,other,I
".
",O,O,I
Richthofen,B,author,B
", ",I,author,I
Ferdinand v.,I,author,I
 ,O,O,I
1874,B,year,I
: ,O,O,I
Die Gebirgsprovinz Sz’-tshwan in China,B,title,I
. In: ,O,O,I
Tageblatt der 47. Versammlung Deutscher Naturforscher und Ärzte in Breslau vom 18. bis 24. Sept. 1874,B,source,I
. ,O,O,I
Breslau,B,other,I
", S. ",O,O,I
160,B,fpage,I
-,O,O,I
172,B,lpage,I
".
",O,O,I
Richthofen,B,author,B
", ",I,author,I
Ferdinand v.,I,author,I
 ,O,O,I
1877,B,year,I
: ,O,O,I
China. Ergebnisse eigener Reisen und darauf gegründeter Studien,B,source,I
. Bd. ,O,O,I
1,B,volume,I
: ,O,O,I
Einleitender Theil,B,title,I
. ,O,O,I
Berlin,B,other,I
".
",O,O,I
Richthofen,B,author,B
", ",I,author,I
Ferdinand v.,I,author,I
 ,O,O,I
1882,B,year,I
: ,O,O,I
China. Ergebnisse einer Reise,B,source,I
 Bd. ,O,O,I
2,B,volume,I
: ,O,O,I
Das nördliche China,B,title,I
. ,O,O,I
Berlin,B,other,I
".
",O,O,I
Richthofen,B,author,B
", ",I,author,I
Ferdinand v.,I,author,I
 ,O,O,I
1895,B,year,I
: ,O,O,I
Der Friede von Schimonoseki in seinen geographischen Beziehungen,B,title,I
. In: ,O,O,I
Geographische Zeitschrift,B,source,I
 ,O,O,I
1,B,volume,I
", S. ",O,O,I
19,B,fpage,I
-,O,O,I
39,B,lpage,I
".
",O,O,I
Richthofen,B,author,B
", ",I,author,I
Ferdinand v.,I,author,I
 ,O,O,I
1897,B,year,I
: ,O,O,I
Kiautschou. Seine Weltstellung und voraussichtliche Bedeutung,B,title,I
. ,O,O,I
Berlin,B,other,I
".
",O,O,I
Richthofen,B,author,B
", ",I,author,I
Ferdinand v.,I,author,I
 ,O,O,I
1907,B,year,I
: ,O,O,I
Tagebücher aus China,B,title,I
", ausgewählt und hrsg. v. ",O,O,I
Ernst Tiessen,B,editor,I
. 2 Bde. ,O,O,I
Berlin,B,other,I
".
",O,O,I
Richthofen,B,author,B
", ",I,author,I
Ferdinand v.,I,author,I
 ,O,O,I
1912,B,year,I
: ,O,O,I
Chinas Binnenverkehr in seinen Beziehungen zur Natur des Landes,B,title,I
. In: ,O,O,I
Mitteilungen des Ferdinand von Richthofen-Tages 1912,B,source,I
. ,O,O,I
Berlin,B,other,I
", S. ",O,O,I
1,B,fpage,I
-,O,O,I
18,B,lpage,I
".
",O,O,I
Richthofen,B,author,B
", ",I,author,I
Ferdinand v.,I,author,I
 ,O,O,I
1928,B,year,I
: [,O,O,I
Briefe an Alfried Krupp,B,title,I
.] In: ,O,O,I
W. Berdrow,B,editor,I
 (Hrsg.): ,O,O,I
Alfried Krupps Briefe 1826-1887,B,source,I
. ,O,O,I
Berlin,B,other,I
".
",O,O,I
Ritter,B,author,B
", ",I,author,I
Car1,I,author,I
 ,O,O,I
1806,B,year,I
: ,O,O,I
Einige Bemerkungen über den methodischen Unterricht in der Geographie,B,title,I
. In: ,O,O,I
GuthMuths Neue Bibliothek für Pädagogik,B,source,I
 ,O,O,I
2,B,volume,I
", S. ",O,O,I
198,B,fpage,I
-,O,O,I
219,B,lpage,I
".
",O,O,I
Ritter,B,author,B
", ",I,author,I
Carl,I,author,I
 ,O,O,I
1822,B,year,I
: ,O,O,I
"Die Erdkunde im Verhältniß zur Natur und zur Geschichte des Menschen, oder Allgemeine, vergleichende Geographie",B,title,I
. ,O,O,I
Berlin,B,other,I
". [Die Erstauflage 1817/18 wurde nach den ersten beiden Bänden abgebrochen.]
",O,O,I
Ritter,B,author,B
", ",I,author,I
Carl,I,author,I
 ,O,O,I
1834,B,year,I
: ,O,O,I
Die Erdkunde … Teil 4,B,source,I
", Buch ",O,O,I
2,B,issue,I
", Bd. ",O,O,I
3,B,volume,I
: ,O,O,I
Asien,B,title,I
. ,O,O,I
Berlin,B,other,I
".
",O,O,I
Ritter,B,author,B
", ",I,author,I
Carl,I,author,I
 ,O,O,I
1850,B,year,I
: ,O,O,I
Die Erdkunde … Teil 15/1.3,B,source,I
: ,O,O,I
"Vergleichende Erdkunde der Sinai-Halbinsel, von Palästina und Syrien",B,title,I
 Bd. ,O,O,I
2/1,B,volume,I
. ,O,O,I
Berlin,B,other,I
".
",O,O,I
Ritter,B,author,B
", ",I,author,I
Carl,I,author,I
 ,O,O,I
1852,B,year,I
: ,O,O,I
"Einleitung zur allgemeinen vergleichenden Geographie, und Abhandlungen zur Begründung einer mehr wissenschaftlichen Behandlung der Erdkunde",B,title,I
. ,O,O,I
Berlin,B,other,I
".
",O,O,I
Ritter,B,author,B
", ",I,author,I
Car1,I,author,I
 ,O,O,I
1862,B,year,I
: ,O,O,I
Allgemeine Erdkunde,B,title,I
", hrsg. v. ",O,O,I
Hermann Adalbert Daniel,B,editor,I
. ,O,O,I
Berlin,B,other,I
".
",O,O,I
Ritter,B,author,B
", ",I,author,I
Car1,I,author,I
 ,O,O,I
1863,B,year,I
: ,O,O,I
Europa,B,title,I
", hrsg. v. ",O,O,I
Hermann Adalbert Daniel,B,editor,I
. ,O,O,I
Berlin,B,other,I
".
",O,O,I
Schlüter,B,author,B
", ",I,author,I
Otto,I,author,I
 ,O,O,I
1912,B,year,I
: ,O,O,I
Die Erde als Wohnraum des Menschen,B,title,I
. In: ,O,O,I
"Rothe, Karl Cornelius",B,editor,I
/,O,O,I
"Weyrich, Edgar",B,editor,I
 (Hrsg.): ,O,O,I
Der moderne Erdkunde-Unterricht. Beiträge zur Kritik und Ausgestaltung,B,source,I
. ,O,O,I
Wien/Leipzig,B,other,I
. S. ,O,O,I
379,B,fpage,I
-,O,O,I
429,B,lpage,I
".
",O,O,I
Schröder,B,author,B
", ",I,author,I
Iris,I,author,I
 ,O,O,I
2011,B,year,I
: ,O,O,I
Das Wissen von der ganzen Welt. Globale Geographien und räumliche Ordnungen Afrikas und Europas 1790-1870,B,title,I
. ,O,O,I
Paderborn,B,other,I
".
",O,O,I
Sonderegger,B,author,B
", ",I,author,I
Arno,I,author,I
 2004:,O,O,I
 „Wölfe im Schafspelz.“ Wenn Biologen Geschichte schreiben,B,title,I
. In: ,O,O,I
Stichproben. Wiener Zeitschrift für kritische Afrikastudien,B,source,I
 ,O,O,I
4,B,volume,I
/Nr. ,O,O,I
6,B,issue,I
", S. ",O,O,I
131,B,fpage,I
-,O,O,I
160,B,lpage,I
".
",O,O,I
Wardenga,B,author,B
", ",I,author,I
Ute,I,author,I
 ,O,O,I
1990,B,year,I
: ,O,O,I
Ferdinand von Richthofen als Erforscher Chinas,B,title,I
. In: ,O,O,I
Berichte zur Wissenschaftsgeschichte,B,source,I
 ,O,O,I
13,B,volume,I
", S. ",O,O,I
141,B,fpage,I
-,O,O,I
155,B,lpage,I
".
",O,O,I
Wegener,B,author,B
", ",I,author,I
Georg,I,author,I
 ,O,O,I
1937,B,year,I
: ,O,O,I
Das chinesische Reich,B,title,I
. In: ,O,O,I
"Nordasien, Zentral- und Ostasien in Natur, Kultur und Wirtschaft",B,source,I
 (= ,O,O,I
Handbuch der geographischen Wissenschaft,B,source,I
", hrsg. v. ",O,O,I
F. Klute,B,editor,I
). ,O,O,I
Potsdam,B,other,I
", S. ",O,O,I
243,B,fpage,I
-,O,O,I
434,B,lpage,I
.,O,O,I
