token,tag,label,ref
Adorno,B,author,B
", ",I,author,I
Theodor W.,I,author,I
 ,O,O,I
1969,B,year,I
: ,O,O,I
Diskussionsbeitrag,B,title,I
. In: ,O,O,I
"Adorno, Theodor W.",B,editor,I
 (Hg.): ,O,O,I
Spätkapitalismus oder Industriegesellschaft? Verhandlungen des 16. Deutschen Soziologentages,B,source,I
. ,O,O,I
Stuttgart,B,other,I
", S. ",O,O,I
100,B,fpage,I
-,O,O,I
106,B,lpage,I
".
",O,O,I
Aschauer,B,author,B
", ",I,author,I
Wolfgang,I,author,I
 ,O,O,I
1990,B,year,I
: ,O,O,I
Zum Nutzen von „Ethnizität“ und „Regional-“ oder „Heimatbewusstsein“ als Erklärungskategorien geographischer Theoriebildung. Ein kritischer Beitrag zur laufenden Diskussion über Heimat und Regionalbewußtsein in den Sozialwissenschaften,B,title,I
. ,O,O,I
Kritische Geographie,B,source,I
", Bd. ",O,O,I
7,B,volume,I
. ,O,O,I
Wien,B,other,I
".
",O,O,I
Beck,B,author,B
", ",I,author,I
Günther,I,author,I
 ,O,O,I
2006,B,year,I
: ,O,O,I
Einführung: Geographische Nachschlagewerke,B,title,I
. In: ,O,O,I
Geographische Revue,B,source,I
 ,O,O,I
8,B,volume,I
/,O,O,I
2,B,issue,I
", S. ",O,O,I
5,B,fpage,I
-,O,O,I
36,B,lpage,I
".
",O,O,I
Beck,B,author,B
", ",I,author,I
Ulrich,I,author,I
 ,O,O,I
1997,B,year,I
: ,O,O,I
Was ist Globalisierung? Irrtümer des Globalismus – Antworten auf die Globalisierung,B,title,I
. ,O,O,I
Frankfurt/M.,B,other,I
"
",O,O,I
Belina,B,author,B
", ",I,author,I
Bernd,I,author,I
 ,O,O,I
2006,B,year,I
: ,O,O,I
"Raum, Überwachung, Kontrolle. Vom staatlichen Zugriff auf städtische Bevölkerung",B,title,I
. ,O,O,I
Münster,B,other,I
".
",O,O,I
Belina,B,author,B
", ",I,author,I
Bernd,I,author,I
 ,O,O,I
2008,B,year,I
: ,O,O,I
Die kapitalistische Produktion des Raumes: zwischen Mobilität und Fixierung,B,title,I
. In: ,O,O,I
"Krumbein, Wolfgang",B,editor,I
/,O,O,I
"Frieling, Hans-Dieter v.",B,editor,I
/,O,O,I
"Kröcher, Uwe",B,editor,I
/,O,O,I
"Sträter, Detlev",B,editor,I
 (Hg.): ,O,O,I
"Kritische Regionalwissenschaft. Gesellschaft, Politik, Raum. Theorien und Konzepte im Überblick",B,source,I
. ,O,O,I
Münster,B,other,I
", S. ",O,O,I
70,B,fpage,I
-,O,O,I
86,B,lpage,I
".
",O,O,I
Bonß,B,author,B
", ",I,author,I
Wolfgang,I,author,I
 ,O,O,I
2003,B,year,I
: ,O,O,I
Warum ist Kritische Theorie kritisch? Anmerkungen zu alten und neuen Entwürfen,B,title,I
. In: ,O,O,I
"Demirovic, Alex",B,editor,I
 (Hg.): ,O,O,I
Modelle kritischer Gesellschaftstheorie. Traditionen und Perspektiven der Kritischen Theorie,B,source,I
. ,O,O,I
"Stuttgart, Weimar",B,other,I
", S. ",O,O,I
366,B,fpage,I
-,O,O,I
392,B,lpage,I
".
",O,O,I
Born,B,author,B
", ",I,author,I
Karl Martin,I,author,I
 ,O,O,I
1995,B,year,I
: ,O,O,I
"Raumwirksames Handeln von Verwaltungen, Vereinen und Landschaftsarchitekten zur Erhaltung der Historischen Kulturlandschaft und ihrer Einzelelemente. Eine vergleichende Untersuchung in den nördlichen USA (New England) und der Bundesrepublik Deutschland",B,title,I
. ,O,O,I
Göttingen,B,other,I
".
",O,O,I
Bourdieu,B,author,B
", ",I,author,I
Pierre,I,author,I
 ,O,O,I
1973,B,year,I
: ,O,O,I
Kulturelle Reproduktion und soziale Reproduktion,B,title,I
. In: ,O,O,I
"Bourdieu, Pierre",B,editor,I
/,O,O,I
"Passeron, Jean-Claude",B,editor,I
 (Hg.): ,O,O,I
Grundlagen einer Theorie der symbolischen Gewalt,B,source,I
. ,O,O,I
Frankfurt/M.,B,other,I
", S. ",O,O,I
89,B,fpage,I
-,O,O,I
127,B,lpage,I
".
",O,O,I
Bourdieu,B,author,B
", ",I,author,I
Pierre,I,author,I
 ,O,O,I
1982,B,year,I
a: ,O,O,I
Die feinen Unterschiede,B,title,I
. In: ,O,O,I
"Bourdieu, Pierre",B,editor,I
 ,O,O,I
2005,B,year,I
 (Hg.): ,O,O,I
Die verborgenen Mechanismen der Macht,B,source,I
. ,O,O,I
Hamburg,B,other,I
", S. ",O,O,I
31,B,fpage,I
-,O,O,I
48,B,lpage,I
".
",O,O,I
Bourdieu,B,author,B
", ",I,author,I
Pierre,I,author,I
 ,O,O,I
1982,B,year,I
b: ,O,O,I
Die verborgenen Mechanismen der Macht enthüllen,B,title,I
. In: ,O,O,I
"Bourdieu, Pierre",B,editor,I
 ,O,O,I
2005,B,year,I
 (Hg.): ,O,O,I
Die verborgenen Mechanismen der Macht,B,source,I
. ,O,O,I
Hamburg,B,other,I
", S. ",O,O,I
81,B,fpage,I
-,O,O,I
87,B,lpage,I
".
",O,O,I
Bourdieu,B,author,B
", ",I,author,I
Pierre,I,author,I
 ,O,O,I
1985,B,year,I
: ,O,O,I
Sozialer Raum und „Klassen“. Leçon sur la leçon. Zwei Vorlesungen,B,title,I
. ,O,O,I
Frankfurt/M.,B,other,I
"
",O,O,I
Bourdieu,B,author,B
", ",I,author,I
Pierre,I,author,I
 ,O,O,I
1987,B,year,I
 (,O,O,I
1979,B,year,I
): ,O,O,I
Die feinen Unterschiede. Kritik der gesellschaftlichen Urteilskraft,B,title,I
. ,O,O,I
Frankfurt/M.,B,other,I
"
",O,O,I
Bourdieu,B,author,B
", ",I,author,I
Pierre,I,author,I
 ,O,O,I
1991,B,year,I
: ,O,O,I
"Physischer, sozialer und angeeigneter physischer Raum",B,title,I
. In: ,O,O,I
"Wentz, Martin",B,editor,I
 (Hg.): ,O,O,I
Stadt-Räume. Die Zukunft des Städtischen,B,source,I
. ,O,O,I
Frankfurt/M.,B,other,I
", S. ",O,O,I
25,B,fpage,I
-,O,O,I
34,B,lpage,I
".
",O,O,I
Bourdieu,B,author,B
", ",I,author,I
Pierre,I,author,I
 ,O,O,I
1992,B,year,I
a (,O,O,I
1984,B,year,I
): ,O,O,I
Homo academicus,B,title,I
. ,O,O,I
Frankfurt/M.,B,other,I
"
",O,O,I
Bourdieu,B,author,B
", ",I,author,I
Pierre,I,author,I
 ,O,O,I
1992,B,year,I
b: ,O,O,I
Keine wirkliche Demokratie ohne wahre kritische Gegenmacht,B,title,I
. In: ,O,O,I
"Bourdieu, Pierre",B,editor,I
 ,O,O,I
2005,B,year,I
 (Hg.): ,O,O,I
Die verborgenen Mechanismen der Macht,B,source,I
. ,O,O,I
Hamburg,B,other,I
", S. ",O,O,I
149,B,fpage,I
-,O,O,I
160,B,lpage,I
".
",O,O,I
Bourdieu,B,author,B
", ",I,author,I
Pierre,I,author,I
 ,O,O,I
2001,B,year,I
: ,O,O,I
Meditationen. Zur Kritik der scholastischen Vernunft,B,title,I
. ,O,O,I
Frankfurt/M.,B,other,I
"
",O,O,I
Bourdieu,B,author,B
", ",I,author,I
Pierre,I,author,I
/,O,O,I
Wacquant,B,author,I
", ",I,author,I
Loïc,I,author,I
 ,O,O,I
1996,B,year,I
: ,O,O,I
Die Ziele der reflexiven Soziologie. Chicago-Seminar 1987,B,title,I
. In: ,O,O,I
"Bourdieu, Pierre",B,editor,I
/,O,O,I
"Wacquant, Loic",B,editor,I
 (Hg.): ,O,O,I
Reflexive Anthropologie,B,source,I
. ,O,O,I
Frankfurt/M,B,other,I
", S. ",O,O,I
95,B,fpage,I
-,O,O,I
249,B,lpage,I
".
",O,O,I
Cosgrove,B,author,B
", ",I,author,I
Dennis E.,I,author,I
 ,O,O,I
1993,B,year,I
: ,O,O,I
The Palladian Landscape: Geographical Change an Its Representation in Sixteenth Century Italy,B,title,I
. ,O,O,I
Leicester,B,other,I
".
",O,O,I
Crampton,B,author,B
", ",I,author,I
John,I,author,I
/,O,O,I
Krygier,B,author,I
", ",I,author,I
Jeremy B.,I,author,I
 ,O,O,I
2006,B,year,I
: ,O,O,I
An Introduction to Critical Cartography,B,title,I
. In: ,O,O,I
ACME: An International E-Journal for Critical Geographies,B,source,I
 ,O,O,I
4,B,volume,I
", S. ",O,O,I
11,B,fpage,I
-,O,O,I
33,B,lpage,I
".
",O,O,I
Dirksmeier,B,author,B
", ",I,author,I
Peter,I,author,I
 ,O,O,I
2007,B,year,I
: ,O,O,I
Mit Bourdieu gegen Bourdieu empirisch denken: Habitusanalyse mittels reflexiver Fotografie,B,title,I
. In: ,O,O,I
ACME: An International E-Journal for Critical Geographies,B,source,I
 ,O,O,I
6,B,volume,I
", S. ",O,O,I
73,B,fpage,I
-,O,O,I
97,B,lpage,I
".
",O,O,I
Eiter,B,author,B
", ",I,author,I
Sebastian,I,author,I
 ,O,O,I
2004,B,year,I
: ,O,O,I
Protected areas in the Norwegian mountains: Cultural landscape conservation – whose landscape?,B,title,I
 In: ,O,O,I
Norwegian Journal of Geography,B,source,I
 ,O,O,I
58,B,volume,I
", S. ",O,O,I
171,B,fpage,I
-,O,O,I
182,B,lpage,I
".
",O,O,I
Habermas,B,author,B
", ",I,author,I
Jürgen,I,author,I
 ,O,O,I
1981,B,year,I
a: ,O,O,I
Theorie des kommunikativen Handelns,B,source,I
. Bd. ,O,O,I
1,B,volume,I
: ,O,O,I
Handlungsrationalität und gesellschaftliche Rationalisierung,B,title,I
. ,O,O,I
Frankfurt/M.,B,other,I
"
",O,O,I
Habermas,B,author,B
", ",I,author,I
Jürgen,I,author,I
 ,O,O,I
1981,B,year,I
b: ,O,O,I
Theorie kommunikativen Handelns,B,source,I
. Bd. ,O,O,I
2,B,volume,I
: ,O,O,I
Zur Kritik der funktionalistischen Vernunft,B,title,I
. ,O,O,I
Frankfurt/M.,B,other,I
"
",O,O,I
Han,B,author,B
", ",I,author,I
Byung-Chul,I,author,I
 ,O,O,I
2005,B,year,I
: ,O,O,I
Was ist Macht?,B,title,I
 ,O,O,I
Stuttgart,B,other,I
".
",O,O,I
Harvey,B,author,B
", ",I,author,I
David C.,I,author,I
 ,O,O,I
2000,B,year,I
: ,O,O,I
"Continuity, authority and the place of heritage in the medieval world",B,title,I
. ,O,O,I
Journal of Historical Geography,B,source,I
 ,O,O,I
26,B,volume,I
", S. ",O,O,I
47,B,fpage,I
-,O,O,I
59,B,lpage,I
".
",O,O,I
Horkheimer,B,author,B
", ",I,author,I
Max,I,author,I
 ,O,O,I
1988,B,year,I
 (zuerst ,O,O,I
1937,B,year,I
): ,O,O,I
Traditionelle und kritische Theorie,B,title,I
. ,O,O,I
Gesammelte Schriften,B,source,I
", Bd. ",O,O,I
4,B,volume,I
. ,O,O,I
Frankfurt/M.,B,other,I
"
",O,O,I
Körner,B,author,B
", ",I,author,I
Stefan,I,author,I
/,O,O,I
Eisel,B,author,I
", ",I,author,I
Ulrich,I,author,I
 ,O,O,I
2003,B,year,I
: ,O,O,I
Naturschutz als kulturelle Aufgabe – theoretische Rekonstruktionen und Anregungen für eine inhaltliche Erweiterung,B,title,I
. In: ,O,O,I
"Körner, Stefan",B,editor,I
", ",O,O,I
"Nagel, Annemarie",B,editor,I
/,O,O,I
"Eisel, Ulrich",B,editor,I
 (Hg.): ,O,O,I
Naturschutzbegründungen,B,source,I
. ,O,O,I
Bonn-Bad Godesberg,B,other,I
", S. ",O,O,I
5,B,fpage,I
-,O,O,I
50,B,lpage,I
".
",O,O,I
Kropp,B,author,B
", ",I,author,I
Cordula,I,author,I
 ,O,O,I
2004,B,year,I
: ,O,O,I
Heimat im globalen Zeitalter,B,title,I
. In: ,O,O,I
"Berger, Andrea",B,editor,I
/,O,O,I
"Hohnhorst, Martin v.",B,editor,I
 (Hg.): ,O,O,I
Heimat. Die Wiederentdeckung einer Utopie,B,source,I
. ,O,O,I
Ottweiler,B,other,I
", S. ",O,O,I
141,B,fpage,I
-,O,O,I
155,B,lpage,I
".
",O,O,I
Krumbein,B,author,B
", ",I,author,I
Wolfgang,I,author,I
/,O,O,I
Frieling,B,author,I
", ",I,author,I
Hans-Dieter v.,I,author,I
/,O,O,I
Kröcher,B,author,I
", ",I,author,I
Uwe,I,author,I
/,O,O,I
Sträter,B,author,I
", ",I,author,I
Detlev,I,author,I
 ,O,O,I
2008,B,title,I
: ,O,O,I
Zur Historie einer kritischen Regionalwissenschaft. Auch eine Einleitung,B,title,I
. In: ,O,O,I
"Krumbein, Wolfgang",B,editor,I
/,O,O,I
"Frieling, Hans-Dieter v.",B,editor,I
/,O,O,I
"Kröcher, Uwe",B,editor,I
/,O,O,I
"Sträter, Detlev",B,editor,I
 (Hg.): ,O,O,I
"Kritische Regionalwissenschaft. Gesellschaft, Politik, Raum. Theorien und Konzepte im Überblick",B,source,I
. ,O,O,I
Münster,B,other,I
", S. ",O,O,I
7,B,fpage,I
-,O,O,I
41,B,lpage,I
".
",O,O,I
Kühne,B,author,B
", ",I,author,I
Olaf,I,author,I
 ,O,O,I
2006,B,year,I
: ,O,O,I
Das Verhältnis von Alteingesessenen und Zugezogenen als Herausforderung für die Regionalentwicklung,B,title,I
. In: ,O,O,I
Ländlicher Raum,B,source,I
 ,O,O,I
57,B,volume,I
", S. ",O,O,I
25,B,fpage,I
-,O,O,I
29,B,lpage,I
".
",O,O,I
Kühne,B,author,B
", ",I,author,I
Olaf,I,author,I
 ,O,O,I
2008,B,year,I
: ,O,O,I
Distinktion – Macht – Landschaft,B,title,I
. ,O,O,I
Wiesbaden,B,other,I
".
",O,O,I
Kühne,B,author,B
", ",I,author,I
Olaf,I,author,I
/,O,O,I
Spellerberg,B,author,I
", ",I,author,I
Annette,I,author,I
 ,O,O,I
2008,B,year,I
: ,O,O,I
Regionale Identitäten und heimatliche Orientierungen – das Beispiel Saarland,B,title,I
. ,O,O,I
Saarbrücken,B,other,I
". (unveröffentlichtes Manuskript)
",O,O,I
Lefebvre,B,author,B
", ",I,author,I
Henri,I,author,I
 ,O,O,I
1974,B,year,I
: ,O,O,I
La Production de l’Espace,B,title,I
. ,O,O,I
Paris,B,other,I
".
",O,O,I
Läpple,B,author,B
", ",I,author,I
Dieter,I,author,I
 ,O,O,I
2002,B,year,I
 (,O,O,I
1991,B,year,I
): ,O,O,I
Essay über den Raum: Für ein gesellschaftswissenschaftliches Raumkonzept,B,title,I
. In: ,O,O,I
"Häußermann, Hartmut",B,editor,I
/,O,O,I
"Ipsen, Detlef",B,editor,I
/,O,O,I
"Krämer-Badoni, Thomas",B,editor,I
/,O,O,I
"Läpple, Dieter",B,editor,I
/,O,O,I
"Rodenstein, Marianne",B,editor,I
/,O,O,I
"Siebel, Wolfgang",B,editor,I
 (Hg.): ,O,O,I
Stadt und Raum,B,source,I
. ,O,O,I
Pfaffenweiler,B,other,I
", S. ",O,O,I
157,B,fpage,I
-,O,O,I
207,B,lpage,I
".
",O,O,I
Lippuner,B,author,B
", ",I,author,I
Roland,I,author,I
 ,O,O,I
2005,B,year,I
: ,O,O,I
Reflexive Sozialgeographie. Bourdieus Theorie der Praxis als Grundlage für sozial- und kulturgeographisches Arbeiten nach dem cultural turn,B,title,I
. In: ,O,O,I
Geographische Zeitschrift,B,source,I
 ,O,O,I
93,B,volume,I
", S. ",O,O,I
135,B,fpage,I
-,O,O,I
147,B,lpage,I
".
",O,O,I
Lossau,B,author,B
", ",I,author,I
Julia,I,author,I
 ,O,O,I
2002,B,year,I
: ,O,O,I
Die Politik der Verortung – eine postkoloniale Reise zu einer „anderen“ Geographie der Welt,B,title,I
. ,O,O,I
Bielefeld,B,other,I
".
",O,O,I
Marks,B,author,B
", ",I,author,I
Gary,I,author,I
 ,O,O,I
1996,B,year,I
: ,O,O,I
Politikmuster und Einflusslogik in der Strukturpolitik,B,title,I
. In: ,O,O,I
"Jachtenfuchs, Markus",B,editor,I
/,O,O,I
"Kohler-Koch, Beate",B,editor,I
 (Hg.): ,O,O,I
Regieren im dynamischen Mehrebenensystem – Europäische Integration,B,source,I
. ,O,O,I
Opladen,B,other,I
", S. ",O,O,I
13,B,fpage,I
-,O,O,I
44,B,lpage,I
".
",O,O,I
Ó Tuathail,B,author,B
", ",I,author,I
Geraróid,I,author,I
 ,O,O,I
1994,B,year,I
: ,O,O,I
"The critical reading/writing of geopolitics: Re-reading/writing Wittfogel, Bowman and Lacoste",B,title,I
. In: ,O,O,I
Progress in Human Geography,B,source,I
 ,O,O,I
18,B,volume,I
/,O,O,I
3,B,issue,I
", S. ",O,O,I
313,B,fpage,I
-,O,O,I
332,B,lpage,I
".
",O,O,I
Ó Tuathail,B,author,B
", ",I,author,I
Geraróid,I,author,I
 ,O,O,I
1996,B,year,I
: ,O,O,I
Critical Geopolitics,B,title,I
. ,O,O,I
London,B,other,I
".
",O,O,I
Popitz,B,author,B
", ",I,author,I
Heinrich,I,author,I
 ,O,O,I
1992,B,year,I
: ,O,O,I
Phänomene der Macht,B,title,I
. ,O,O,I
Tübingen,B,other,I
".
",O,O,I
Prigge,B,author,B
", ",I,author,I
Wolfgang,I,author,I
 ,O,O,I
1991,B,year,I
: ,O,O,I
Die Revolution der Städte lesen. Raum und Präsentation,B,title,I
. In: ,O,O,I
"Wentz, Martin",B,editor,I
 (Hg.): ,O,O,I
Stadt-Räume,B,source,I
. ,O,O,I
"Frankfurt am Main, New York",B,other,I
", S. ",O,O,I
99,B,fpage,I
-,O,O,I
112,B,lpage,I
".
",O,O,I
Redepenning,B,author,B
", ",I,author,I
Marc,I,author,I
 ,O,O,I
2006,B,year,I
: ,O,O,I
"Wozu Raum? Systemtheorie, critical geopolitics und raumbezogene Semantiken",B,title,I
. ,O,O,I
Leipzig,B,other,I
".
",O,O,I
Reuber,B,author,B
", ",I,author,I
Paul,I,author,I
/,O,O,I
Wolkersdorfer,B,author,I
", ",I,author,I
Günter,I,author,I
 ,O,O,I
2003,B,year,I
: ,O,O,I
Geopolitische Leitbilder und die Neuordnung der globalen Machtverhältnisse,B,title,I
. In: ,O,O,I
Kulturgeographie. Aktuelle Ansätze und Entwicklungen,B,source,I
. ,O,O,I
"Heidelberg, Berlin",B,other,I
", S. ",O,O,I
47,B,fpage,I
-,O,O,I
66,B,lpage,I
".
",O,O,I
Rothfuß,B,author,B
", ",I,author,I
Eberhard,I,author,I
 ,O,O,I
2006,B,year,I
: ,O,O,I
"Hirtenhabitus, ethnotouristisches Feld und kulturelles Kapital: Zur Anwendung der „Theorie der Praxis“ (Bourdieu) im Entwicklungskontext – Himba-Rindernomaden in Namibia unter dem Einfluss des Tourismus",B,title,I
. ,O,O,I
Geographica Helvetica,B,source,I
 ,O,O,I
61,B,volume,I
", S. ",O,O,I
32,B,fpage,I
-,O,O,I
40,B,lpage,I
".
",O,O,I
Schimank,B,author,B
", ",I,author,I
Uwe,I,author,I
 ,O,O,I
2006,B,year,I
: ,O,O,I
Teilsystemische Autonomie und politische Gesellschaftssteuerung,B,title,I
. ,O,O,I
Wiesbaden,B,other,I
".
",O,O,I
Thieleking,B,author,B
", ",I,author,I
Karolin,I,author,I
 ,O,O,I
2006,B,year,I
: ,O,O,I
Erhaltung der Kulturlandschaft braucht regionale Identität. Aus der Praxis der Regionalentwicklung in Niedersachsen,B,title,I
. In: ,O,O,I
"Hornung, Dieter",B,editor,I
/,O,O,I
"Grotzmann, Inge",B,editor,I
 (Hg.): ,O,O,I
Erhaltung der Natur- und Kulturlandschaft und regionale Identität,B,source,I
. ,O,O,I
Bonn,B,other,I
", S. ",O,O,I
51,B,fpage,I
-,O,O,I
55,B,lpage,I
".
",O,O,I
Wayand,B,author,B
", ",I,author,I
Gerhard,I,author,I
 ,O,O,I
1998,B,year,I
: ,O,O,I
Pierre Bourdieu: Das Schweigen der Doxa aufbrechen,B,title,I
. In: ,O,O,I
"Imbusch, Peter",B,editor,I
 (Hg.): ,O,O,I
Macht und Herrschaft – sozialwissenschaftliche Konzeptionen und Theorien,B,source,I
. ,O,O,I
Opladen,B,other,I
", S. ",O,O,I
221,B,fpage,I
-,O,O,I
237,B,lpage,I
".
",O,O,I
Weber,B,author,B
", ",I,author,I
Max,I,author,I
 ,O,O,I
1976,B,year,I
 (zuerst ,O,O,I
1922,B,year,I
): ,O,O,I
Wirtschaft und Gesellschaft. Grundriss der verstehenden Soziologie,B,title,I
. ,O,O,I
Tübingen,B,other,I
".
",O,O,I
Werlen,B,author,B
", ",I,author,I
Benno,I,author,I
 ,O,O,I
1995,B,year,I
: ,O,O,I
Sozialgeographie alltäglicher Rationalisierungen,B,source,I
. Band ,O,O,I
1,B,volume,I
: ,O,O,I
Zur Ontologie von Gesellschaft und Raum,B,title,I
. ,O,O,I
Stuttgart,B,other,I
".
",O,O,I
Werlen,B,author,B
", ",I,author,I
Benno,I,author,I
 ,O,O,I
1997,B,year,I
: ,O,O,I
Sozialgeographie alltäglicher Rationalisierungen,B,source,I
. Band ,O,O,I
2,B,volume,I
: ,O,O,I
"Globalisierung, Region und Regionalisierung",B,title,I
. ,O,O,I
Stuttgart,B,other,I
.,O,O,I
