token,tag,label,ref
Alba,B,author,B
", ",I,author,I
Alicia de,I,author,I
 ,O,O,I
u. a.,B,other,I
 ,O,O,I
2000,B,year,I
: ,O,O,I
Curriculum in the Postmodern Condition,B,title,I
. (= ,O,O,I
Studies in the Postmodern Theory of Education,B,source,I
 ,O,O,I
103,B,volume,I
) ,O,O,I
"Frankfurt/M., New York",B,other,I
".
",O,O,I
Antal,B,author,B
",",I,author,I
 Ariane Bertoi,I,author,I
", ",O,O,I
Meinolf,B,author,I
 ,I,author,I
Dierkes,I,author,I
 ,O,O,I
2000,B,year,I
: ,O,O,I
Organizational learning: Where do we stand? Where do we want to go?,B,title,I
 (= ,O,O,I
WZB-Papers FS,B,source,I
 II,B,volume,I
 ,O,O,I
00-105,B,issue,I
) ,O,O,I
Berlin,B,other,I
".
",O,O,I
Bartels,B,author,B
", ",I,author,I
Dietrich,I,author,I
 ,O,O,I
1968,B,year,I
: ,O,O,I
Zur wissenschaftstheoretischen Grundlegung einer Geographie des Menschen,B,title,I
. (= ,O,O,I
Erdkundliches Wissen,B,source,I
 ,O,O,I
10,B,volume,I
) ,O,O,I
Wiesbaden,B,other,I
".
",O,O,I
Bartels,B,author,B
", ",I,author,I
Dietrich,I,author,I
 ,O,O,I
1970,B,year,I
: ,O,O,I
Einleitung,B,title,I
. In: ,O,O,I
Ders.,B,other,I
 (Hg.) ,O,O,I
1970,B,year,I
: ,O,O,I
Wirtschafts- und Sozialgeographie,B,source,I
.,O,O,I
" Köln, Berlin",B,other,I
. S. ,O,O,I
13,B,fpage,I
-,O,O,I
45,B,lpage,I
".
",O,O,I
Bartels,B,author,B
", ",I,author,I
Dietrich,I,author,I
", ",O,O,I
Gerhard,B,author,I
 ,I,author,I
Hard,I,author,I
 ,O,O,I
1975,B,year,I
: ,O,O,I
Lotsenbuch für das Lehrfach Geographie,B,title,I
". 2. Aufl., ",O,O,I
"Bonn, Kiel",B,other,I
".
",O,O,I
"Beck, Ulrich",B,editor,B
 (Hg.) ,O,O,I
1998,B,year,I
: ,O,O,I
Perspektiven der Weltgesellschaft,B,title,I
.,O,O,I
 Frankfurt/M.,B,other,I
"
",O,O,I
Becker,B,author,B
", ",I,author,I
Jens,I,author,I
", ",O,O,I
Dorothea,B,author,I
 ,I,author,I
Hartmann,I,author,I
", ",O,O,I
Susanne,B,author,I
 ,I,author,I
Huth,I,author,I
", ",O,O,I
Marion,B,author,I
 ,I,author,I
Möhle,I,author,I
 ,O,O,I
2001,B,year,I
: ,O,O,I
"Diffusion und Globalisierung. Migration, Klimawandel und AIDS – Empirische Befunde",B,title,I
. ,O,O,I
Wiesbaden,B,other,I
".
",O,O,I
Beyer,B,author,B
", ",I,author,I
Susanne,I,author,I
 ,O,O,I
2000,B,year,I
: ,O,O,I
Die Kränkung der Diva,B,title,I
. In: ,O,O,I
Der Spiegel,B,source,I
 Nr. ,O,O,I
14,B,volume,I
", ",O,O,I
17.4.2000,B,other,I
", S. ",O,O,I
220,B,fpage,I
-,O,O,I
224,B,lpage,I
".
",O,O,I
Cloke,B,author,B
", ",I,author,I
Paul,I,author,I
", ",O,O,I
Philip,B,author,I
 ,I,author,I
Crang,I,author,I
", ",O,O,I
Mark,B,author,I
 ,I,author,I
Goodwin,I,author,I
 (Hg.) ,O,O,I
1999,B,year,I
: ,O,O,I
Introducing Human Geographies,B,title,I
. ,O,O,I
London,B,other,I
".
",O,O,I
Dangschat,B,author,B
", ",I,author,I
Jens,I,author,I
 ,O,O,I
1998,B,year,I
: ,O,O,I
Warum ziehen Gegensätze sich nicht an?,B,title,I
 In: ,O,O,I
Wilhelm Heitmeyer,B,editor,I
 ,O,O,I
u.a.,B,other,I
 (Hg.) ,O,O,I
1998,B,year,I
: ,O,O,I
Die Krise der Städte,B,source,I
. (= ,O,O,I
es,B,source,I
 2036,B,volume,I
) ,O,O,I
Frankfurt/M.,B,other,I
  S. ,O,O,I
21,B,fpage,I
-,O,O,I
96,B,lpage,I
".
",O,O,I
Dürr,B,author,B
", ",I,author,I
Heiner,I,author,I
 ,O,O,I
2001,B,year,I
a: ,O,O,I
Eintrag „Humangeographie“,B,title,I
. In: ,O,O,I
Lexikon der Geographie,B,source,I
. Bd. ,O,O,I
2,B,volume,I
. ,O,O,I
Heidelberg,B,other,I
" (im Erscheinen).
",O,O,I
Dürr,B,author,B
", ",I,author,I
Heiner,I,author,I
 ,O,O,I
2001,B,year,I
b: ,O,O,I
Eintrag „Raumwissenschaften“,B,title,I
. In: ,O,O,I
Lexikon der Geographie,B,source,I
. Bd. ,O,O,I
3,B,volume,I
 ,O,O,I
Heidelberg,B,other,I
" (im Erscheinen).
",O,O,I
Dürr,B,author,B
", ",I,author,I
Heiner,I,author,I
 ,O,O,I
2001,B,year,I
c: ,O,O,I
Studienreform in der Praxis – jenseits der Schlagworte,B,title,I
. In: ,O,O,I
Rundbrief Geographie,B,source,I
. ,O,O,I
Leipzig,B,other,I
" (im Erscheinen).
",O,O,I
Evers,B,author,B
", ",I,author,I
Hans-Dieter,I,author,I
", ",O,O,I
Rüdiger,B,author,I
 ,I,author,I
Korff,I,author,I
 ,O,O,I
2000,B,year,I
: ,O,O,I
Southeast Asian Urbanism,B,title,I
. (= ,O,O,I
"Market, Culture and Society",B,source,I
 ,O,O,I
7,B,volume,I
) ,O,O,I
Hamburg,B,other,I
".
",O,O,I
Fliedner,B,author,B
", ",I,author,I
Dietrich,I,author,I
 ,O,O,I
2001,B,year,I
: ,O,O,I
"Der anthropogene Raum, Gegenstand einer handlungs- oder einer prozeßorientierten Sozialgeographie?",B,title,I
 Zur Diskussion gestellt in: ,O,O,I
www.geographische-revue.de,B,url,I
". Verwendet am 24.08.2001.
",O,O,I
Freis,B,author,B
", ",I,author,I
Britta,I,author,I
", ",O,O,I
Marlon,B,author,I
 ,I,author,I
Jopp,I,author,I
 ,O,O,I
2001,B,year,I
: ,O,O,I
Spuren der deutschen Einheit,B,title,I
. ,O,O,I
Frankfurt,B,other,I
".
",O,O,I
Freis,B,author,B
", ",I,author,I
Britta,I,author,I
; ,O,O,I
Marlon,B,author,I
 ,I,author,I
Jopp,I,author,I
 ,O,O,I
2001,B,year,I
a (Ms.-Druck ,O,O,I
1998,B,year,I
): ,O,O,I
Messen und Verstehen in der Wissenschaft,B,title,I
. ,O,O,I
Geographisches Institut,B,editor,I
 (= ,O,O,I
Materialien zur Raumentwicklung,B,source,I
 ,O,O,I
58,B,volume,I
) ,O,O,I
Bochum,B,other,I
".
",O,O,I
Glaeser,B,author,B
", ",I,author,I
Bernhard,I,author,I
 ,O,O,I
2001,B,year,I
: ,O,O,I
The changing human-nature relationship (HNR) in the context of GEC,B,title,I
. (= ,O,O,I
WZB-Papers FS,B,source,I
 ,O,O,I
II,B,volume,I
 ,O,O,I
01-301,B,issue,I
) ,O,O,I
Berlin,B,other,I
".
",O,O,I
Haggett,B,author,B
", ",I,author,I
Peter,I,author,I
 ,O,O,I
2001,B,year,I
: ,O,O,I
Geography. A global synthesis,B,title,I
. ,O,O,I
Harlow,B,other,I
".
",O,O,I
Hard,B,author,B
", ",I,author,I
Gerhard,I,author,I
 ,O,O,I
1973,B,year,I
: ,O,O,I
Die Geographie. Eine wissenschaftstheoretische Einführung,B,title,I
. (= ,O,O,I
Sammlung Göschen,B,source,I
 ,O,O,I
9001,B,volume,I
) ,O,O,I
"Berlin, New York",B,other,I
".
",O,O,I
Harvey,B,author,B
", ",I,author,I
David,I,author,I
 ,O,O,I
1973,B,year,I
: ,O,O,I
Social Justice and the City,B,title,I
. ,O,O,I
London,B,other,I
".
",O,O,I
Hasse,B,author,B
", ",I,author,I
Jürgen,I,author,I
 ,O,O,I
1993,B,year,I
: ,O,O,I
Ästhetische Rationalität und Geographie,B,title,I
. ,O,O,I
Oldenburg,B,other,I
 (= ,O,O,I
Wahrnehmungsgeographische Studien zur Regionalentwicklung,B,source,I
 ,O,O,I
12,B,volume,I
").
",O,O,I
Heckscher,B,author,B
", ",I,author,I
August,I,author,I
 ,O,O,I
1977,B,year,I
: ,O,O,I
Open spaces. The life of American cities,B,title,I
. ,O,O,I
New York u. a.,B,other,I
"
",O,O,I
"Johnston, Ronald J.",B,editor,B
", ",O,O,I
Derek Gregory,B,editor,I
", ",O,O,I
Geraldine Pratt,B,editor,I
", ",O,O,I
Michael Watts,B,editor,I
 (Hg.) ,O,O,I
2000,B,year,I
: ,O,O,I
The Dictionary of Human Geography,B,title,I
. ,O,O,I
Oxford u. a.,B,other,I
"
",O,O,I
"Köberle, Sabine",B,editor,B
", ",O,O,I
Fritz Gloede,B,editor,I
", ",O,O,I
Leonhard Hennen,B,editor,I
 (Hg.) ,O,O,I
1997,B,year,I
: ,O,O,I
Diskursive Verständigung? Mediation und Partizipation in Technikkontroversen,B,title,I
. ,O,O,I
Baden-Baden,B,other,I
".
",O,O,I
Lenk,B,author,B
", ",I,author,I
Hans,I,author,I
 ,O,O,I
1993,B,year,I
: ,O,O,I
Interpretationskonstrukte,B,title,I
. ,O,O,I
Frankfurt/M.,B,other,I
"
",O,O,I
Löw,B,author,B
", ",I,author,I
Martina,I,author,I
 ,O,O,I
2001,B,year,I
: ,O,O,I
Raumsoziologie,B,title,I
. (= ,O,O,I
stw,B,source,I
 ,O,O,I
1506,B,volume,I
) ,O,O,I
Frankfurt/M.,B,other,I
"
",O,O,I
Lübbe,B,author,B
", ",I,author,I
Hermann,I,author,I
 ,O,O,I
1978,B,year,I
: ,O,O,I
"Praxis der Philosophie, Praktische Philosophie, Geschichtstheorie",B,title,I
. (= ,O,O,I
Universal-Bibliothek,B,source,I
 ,O,O,I
9895,B,volume,I
) ,O,O,I
Stuttgart,B,other,I
".
",O,O,I
Maddox,B,author,B
", ",I,author,I
John,I,author,I
 ,O,O,I
1998,B,year,I
: ,O,O,I
Die Wissenschaft steht noch immer am Anfang,B,title,I
. In: ,O,O,I
Süddeutsche Zeitung,B,source,I
", ",O,O,I
29.12.1998,B,volume,I
".
",O,O,I
"Meusburger, Peter",B,editor,B
 (Hg.) ,O,O,I
1999,B,year,I
: ,O,O,I
Handlungszentrierte Sozialgeographie,B,title,I
. (= ,O,O,I
Erdkundliches Wissen,B,source,I
 ,O,O,I
130,B,volume,I
) ,O,O,I
Stuttgart,B,other,I
".
",O,O,I
"Michel, Paul",B,editor,B
 (Hg.) ,O,O,I
1997,B,year,I
: ,O,O,I
Symbolik von Ort und Raum,B,title,I
. (= ,O,O,I
Schriften zur Symbolforschung,B,source,I
 ,O,O,I
11,B,volume,I
). ,O,O,I
Frankfurt/M.,B,other,I
"
",O,O,I
Miller,B,author,B
", ",I,author,I
Roberta Balstad,I,author,I
 ,O,O,I
1994,B,year,I
: ,O,O,I
Interactions and collaboration in global change across the social and natural sciences,B,title,I
. In: ,O,O,I
Ambio,B,source,I
 ,O,O,I
23,B,volume,I
", ",O,O,I
1,B,issue,I
 (February). S. ,O,O,I
19,B,fpage,I
-,O,O,I
24,B,lpage,I
"
",O,O,I
Münch,B,author,B
", ",I,author,I
Richard,I,author,I
 ,O,O,I
2001,B,year,I
: ,O,O,I
Offene Räume,B,title,I
. (= ,O,O,I
stw,B,source,I
 ,O,O,I
1515,B,volume,I
) ,O,O,I
Frankfurt/M.,B,other,I
"
",O,O,I
Poser,B,author,B
", ",I,author,I
Hans,I,author,I
 ,O,O,I
2001,B,year,I
: ,O,O,I
Wissenschaftstheorie,B,title,I
. (= ,O,O,I
Universal Bibliothek,B,source,I
 ,O,O,I
18125,B,volume,I
) ,O,O,I
Stuttgart,B,other,I
".
",O,O,I
Putnam,B,author,B
", ",I,author,I
Hilary,I,author,I
 ,O,O,I
1997,B,year,I
: ,O,O,I
Für eine Erneuerung der Philosophie,B,title,I
. (= ,O,O,I
Universal Bibliothek,B,source,I
 ,O,O,I
9660,B,volume,I
) ,O,O,I
Stuttgart,B,other,I
".
",O,O,I
Reichart,B,author,B
", ",I,author,I
T,I,author,I
.; ,O,O,I
C,B,author,I
. ,I,author,I
v.Seidlein,I,author,I
 ,O,O,I
2000,B,year,I
: ,O,O,I
Brandenburger Ballett,B,title,I
. In: ,O,O,I
Süddeutsche Zeitung,B,source,I
", ",O,O,I
27.6.2000,B,volume,I
".
",O,O,I
"Reichert, Dagmar",B,editor,B
 (Hg.) ,O,O,I
1996,B,year,I
:,O,O,I
 Räumliches Denken,B,title,I
. ,O,O,I
Zürich,B,other,I
".
",O,O,I
Reichert,B,author,B
", ",I,author,I
Dagmar,I,author,I
 ,O,O,I
1997,B,year,I
: ,O,O,I
Zur Vorgeschichte einer Geographie von Menschen,B,title,I
". Diss. Universität Wien: Grund und Integrativwissenschaftliche Fakultät (unveröff.)
",O,O,I
Reichert,B,author,B
", ",I,author,I
Dagmar,I,author,I
 ,O,O,I
1999,B,year,I
: ,O,O,I
Das Denken: der Raum der Geographie,B,title,I
. In: ,O,O,I
2590032,B,source,I
. ,O,O,I
Wien,B,other,I
: ,O,O,I
"TU, Institut für künstlerische Gestaltung",B,publisher,I
. S. ,O,O,I
14,B,fpage,I
-,O,O,I
21,B,lpage,I
".
",O,O,I
Reuber,B,author,B
", ",I,author,I
Paul,I,author,I
 ,O,O,I
1999,B,year,I
: ,O,O,I
Raumbezogene politische Konflikte,B,title,I
. (= ,O,O,I
Erdkundliches Wissen,B,source,I
 ,O,O,I
131,B,volume,I
) ,O,O,I
Stuttgart,B,other,I
".
",O,O,I
Rusch,B,author,B
", ",I,author,I
Gebhard,I,author,I
 ,O,O,I
1999,B,year,I
: ,O,O,I
Stichwort „Konstruktivismus“,B,title,I
. In: ,O,O,I
"Nünning, Ansgar",B,editor,I
 (Hg.) ,O,O,I
1998,B,year,I
: ,O,O,I
Metzler Lexikon Literatur- und Kulturtheorie,B,source,I
. ,O,O,I
"Stuttgart, Weimar",B,other,I
".
",O,O,I
Seel,B,author,B
", ",I,author,I
Martin,I,author,I
 ,O,O,I
1999,B,year,I
: ,O,O,I
Die Residenz des Radiergummis. Zu John Searle: „Die Konstruktion der gesellschaftlichen Wirklichkeit“,B,title,I
. In: ,O,O,I
Die Zeit,B,source,I
", ",O,O,I
27.5.1999,B,volume,I
".
",O,O,I
Stichweh,B,author,B
", ",I,author,I
Rudolf,I,author,I
 ,O,O,I
2000,B,year,I
: ,O,O,I
Die Weltgesellschaft,B,title,I
.(= ,O,O,I
stw,B,source,I
 ,O,O,I
1500,B,volume,I
) ,O,O,I
Frankfurt/M.,B,other,I
"
",O,O,I
Sturm,B,author,B
", ",I,author,I
Gabriele,I,author,I
 ,O,O,I
2000,B,year,I
: ,O,O,I
Wege zum Raum. Methodologische Annäherungen an ein Basiskonzept raumbezogener Wissenschaften,B,title,I
. ,O,O,I
Opladen,B,other,I
".
",O,O,I
Tighe,B,author,B
", ",I,author,I
Chris,I,author,I
 ,O,O,I
2000,B,year,I
: ,O,O,I
English border town where nationality is far from simple,B,title,I
. In: ,O,O,I
Financial Times,B,source,I
", ",O,O,I
"May 3, 2000",B,volume,I
".
",O,O,I
Vielhaber,B,author,B
", ",I,author,I
Christian,I,author,I
 ,O,O,I
2001,B,year,I
: ,O,O,I
So spannend kann Sozialgeographie sein,B,title,I
. – ,O,O,I
http://www.amazon.de/exec/obidos/ASIN/38...qid0996837423/sr=8-1/028-3589726-6896531,B,url,I
". Verwendet am 3.8.2001.
",O,O,I
Werlen,B,author,B
", ",I,author,I
Benno,I,author,I
 ,O,O,I
1998,B,year,I
: ,O,O,I
Wolfgang Hartke – Begründer der sozialwissenschaftlichen Geographie,B,title,I
. In: ,O,O,I
Günter Heinritz,B,editor,I
", ",O,O,I
Ilse Helbrecht,B,editor,I
 (Hg.) ,O,O,I
1998,B,year,I
: ,O,O,I
Sozialgeographie und Soziologie,B,source,I
. (= ,O,O,I
Münchener Geographische Hefte,B,source,I
 ,O,O,I
78,B,volume,I
) ,O,O,I
Passau,B,other,I
.  S. ,O,O,I
15,B,fpage,I
-,O,O,I
41,B,lpage,I
".
",O,O,I
Werlen,B,author,B
", ",I,author,I
Benno,I,author,I
 ,O,O,I
2000,B,year,I
: ,O,O,I
Sozialgeographie. Eine Einführung,B,title,I
. ,O,O,I
"Bern, Stuttgart, Wien",B,other,I
".
",O,O,I
Willke,B,author,B
", ",I,author,I
Helmut,I,author,I
 ,O,O,I
2001,B,year,I
: ,O,O,I
Atopia. Studien zur atopischen Gesellschaft,B,title,I
. ,O,O,I
Frankfurt/M.,B,other,I
"
",O,O,I
Wolkersdorfer,B,author,B
", ",I,author,I
Günter,I,author,I
 ,O,O,I
2001,B,year,I
: ,O,O,I
Politische Geographie und Geopolitik zwischen Moderne und Postmoderne,B,title,I
. (= ,O,O,I
Heidelberger Geographische Arbeiten,B,source,I
 ,O,O,I
111,B,volume,I
). ,O,O,I
Heidelberg,B,other,I
.,O,O,I
