token,tag,label,ref
Adorno,B,author,B
", ",I,author,I
Theodor W.,I,author,I
 ,O,O,I
1970,B,year,I
: ,O,O,I
Negative Dialektik,B,title,I
. In: ,O,O,I
Ders.,B,other,I
", ",O,O,I
Gesammelte Schriften,B,source,I
", Bd. ",O,O,I
6,B,volume,I
", ",O,O,I
Frankfurt a. M.,B,other,I
"
",O,O,I
"Bohrer, Karl-Heinz",B,editor,B
", ",O,O,I
Kurt Scheel,B,editor,I
 (Hg.) ,O,O,I
1998,B,year,I
: ,O,O,I
Postmoderne – Eine Bilanz,B,title,I
. ,O,O,I
Merkur Sonderheft,B,source,I
 ,O,O,I
52,B,volume,I
 (,O,O,I
1998,B,year,I
) ,O,O,I
9/10,B,issue,I
 [,O,O,I
594/595,B,issue,I
"]
",O,O,I
Butler,B,author,B
", ",I,author,I
Judith,I,author,I
 ,O,O,I
1991,B,year,I
 [,O,O,I
1990,B,year,I
]: ,O,O,I
Das Unbehagen der Geschlechter,B,title,I
. ,O,O,I
Frankfurt a. M.,B,other,I
 [,O,O,I
Gender trouble,B,title,I
. ,O,O,I
Oxfort/New York,B,other,I
"]
",O,O,I
Derrida,B,author,B
", ",I,author,I
Jacques,I,author,I
 ,O,O,I
1979,B,year,I
 [,O,O,I
1967,B,year,I
]: ,O,O,I
Die Stimme und das Phänomen,B,title,I
. ,O,O,I
Frankfurt a. M.,B,other,I
"
",O,O,I
Derrida,B,author,B
", ",I,author,I
Jacques,I,author,I
 ,O,O,I
1988,B,year,I
 [,O,O,I
1972,B,year,I
]: ,O,O,I
Randgänge der Philosophie,B,title,I
. ,O,O,I
Wien,B,other,I
".
",O,O,I
Derrida,B,author,B
", ",I,author,I
Jacques,I,author,I
 ,O,O,I
1988,B,year,I
a [,O,O,I
1972,B,year,I
]: ,O,O,I
Tympanon,B,title,I
. In:,O,O,I
 Ders.,B,other,I
", ",O,O,I
Randgänge der Philosophie,B,source,I
. ,O,O,I
Wien,B,other,I
", S. ",O,O,I
13,B,fpage,I
-,O,O,I
27,B,lpage,I
".
",O,O,I
Derrida,B,author,B
", ",I,author,I
Jacques,I,author,I
 ,O,O,I
1991,B,year,I
 [,O,O,I
1990,B,year,I
]: ,O,O,I
Gesetzeskraft. Der ‘mythische’ Grund der Autorität,B,title,I
. ,O,O,I
Frankfurt a. M.,B,other,I
 [,O,O,I
Deconstruction and the possibility of justice,B,title,I
. ,O,O,I
New York,B,other,I
"]
",O,O,I
Derrida,B,author,B
", ",I,author,I
Jacques,I,author,I
 ,O,O,I
1992,B,year,I
 [,O,O,I
1991,B,year,I
]: ,O,O,I
Das andere Kap/Die vertagte Demokratie. Zwei Essays zu Europa,B,title,I
. ,O,O,I
Frankfurt a. M.,B,other,I
"
",O,O,I
Derrida,B,author,B
", ",I,author,I
Jacques,I,author,I
 ,O,O,I
1993,B,year,I
: ,O,O,I
Falschgeld. Zeit geben I,B,title,I
. ,O,O,I
München,B,other,I
".
",O,O,I
Derrida,B,author,B
", ",I,author,I
Jacques,I,author,I
 ,O,O,I
1996,B,year,I
 [,O,O,I
1967,B,year,I
]: ,O,O,I
Grammatologie,B,title,I
. ,O,O,I
Frankfurt a. M.,B,other,I
 [,O,O,I
De la grammatologie,B,title,I
. ,O,O,I
Paris,B,other,I
"]
",O,O,I
Derrida,B,author,B
", ",I,author,I
Jacques,I,author,I
 ,O,O,I
1997,B,year,I
 [,O,O,I
1967,B,year,I
]: ,O,O,I
Die Schrift und die Differenz,B,title,I
. ,O,O,I
Frankfurt a. M.,B,other,I
 [,O,O,I
L’écriture et la différence,B,title,I
. ,O,O,I
Paris,B,other,I
"]
",O,O,I
Derrida,B,author,B
", ",I,author,I
Jacques,I,author,I
", ",O,O,I
1997,B,year,I
a [,O,O,I
1967,B,year,I
]: ,O,O,I
"Die Struktur, das Zeichen und das Spiel im Diskurs der Wissenschaften vom Menschen",B,title,I
. In: ,O,O,I
Ders.,B,other,I
", ",O,O,I
Die Schrift und die Differenz,B,source,I
. ,O,O,I
a.a.O.,B,other,I
", S. ",O,O,I
422,B,fpage,I
-,O,O,I
442,B,lpage,I
".
",O,O,I
Derrida,B,author,B
", ",I,author,I
Jacques,I,author,I
 ,O,O,I
1997,B,year,I
b [,O,O,I
1967,B,year,I
]: ,O,O,I
Kraft und Bedeutung,B,title,I
. In: ,O,O,I
Ders.,B,other,I
", ",O,O,I
Die Schrift und die Differenz,B,source,I
. ,O,O,I
A.a.O.,B,other,I
", S. ",O,O,I
9,B,fpage,I
-,O,O,I
52,B,lpage,I
".
",O,O,I
Derrida,B,author,B
", ",I,author,I
Jacques,I,author,I
 ,O,O,I
1997,B,year,I
c [,O,O,I
1986,B,year,I
]: ,O,O,I
"Einige Statements und Binsenweisheiten über Neologismen, New-Ismen, Post-Ismen, Parasitismen und andere kleine Seismen",B,title,I
. ,O,O,I
Berlin,B,other,I
".
",O,O,I
Derrida,B,author,B
", ",I,author,I
Jacques,I,author,I
 ,O,O,I
2001,B,year,I
 [,O,O,I
1972,B,year,I
]: ,O,O,I
Limited Inc.,B,title,I
 ,O,O,I
Wien,B,other,I
" [vormals Signatur, Ereignis, Kontext. In: ",O,O,I
Ders.,B,other,I
", ",O,O,I
Randgänge der Philosophie,B,source,I
. ,O,O,I
A.a.O.,B,other,I
"]
",O,O,I
Derrida,B,author,B
", ",I,author,I
Jacques,I,author,I
 ,O,O,I
2003,B,year,I
 [,O,O,I
1954,B,year,I
]: ,O,O,I
The Problem of Genesis in Husserl’s Philosophy,B,title,I
. ,O,O,I
Chicago,B,other,I
".
",O,O,I
Derrida,B,author,B
", ",I,author,I
Jacques,I,author,I
 und ,O,O,I
Hans-Georg,B,author,I
 ,I,author,I
Gadamer,I,author,I
 ,O,O,I
2004,B,year,I
: ,O,O,I
Der ununterbrochene Dialog,B,title,I
. ,O,O,I
Frankfurt a. M.,B,other,I
"
",O,O,I
Dörhöfer,B,author,B
", ",I,author,I
Kerstin,I,author,I
", ",O,O,I
Ulla,B,author,I
 ,I,author,I
Terlinden,I,author,I
 ,O,O,I
1998,B,year,I
: ,O,O,I
Verortungen. Geschlechterverhältnisse und Raumstrukturen,B,title,I
. ,O,O,I
Basel,B,other,I
".
",O,O,I
Fleischmann,B,author,B
", ",I,author,I
Katharina,I,author,I
", ",O,O,I
Ulrike,B,author,I
 ,I,author,I
Meyer-Hanschen,I,author,I
 ,O,O,I
2005,B,year,I
: ,O,O,I
Stadt Land Gender. Einführung in feministische Geographien,B,title,I
. ,O,O,I
Königstein,B,other,I
".
",O,O,I
Foucault,B,author,B
", ",I,author,I
Michel,I,author,I
 ,O,O,I
1979,B,year,I
 [,O,O,I
1969,B,year,I
]: ,O,O,I
Was ist ein Autor?,B,title,I
 In: ,O,O,I
Ders.,B,other,I
", ",O,O,I
Schriften zur Literatur,B,source,I
. ,O,O,I
Frankfurt,B,other,I
", S. ",O,O,I
7,B,fpage,I
-,O,O,I
31,B,lpage,I
 [,O,O,I
Qu’ est que c’est un auteur?,B,title,I
 In: ,O,O,I
Bulletin de la Societe francaise de la philosophie,B,source,I
 ,O,O,I
63,B,volume,I
 (,O,O,I
1969,B,year,I
) ,O,O,I
3,B,issue,I
", S. ",O,O,I
73,B,fpage,I
 - ,O,O,I
104,B,lpage,I
"]
",O,O,I
Gebhardt,B,author,B
", ",I,author,I
Hans,I,author,I
", ",O,O,I
Paul,B,author,I
 ,I,author,I
Reuber,I,author,I
", ",O,O,I
Günter,B,author,I
 ,I,author,I
Wolkersdorfer,I,author,I
 ,O,O,I
2003,B,year,I
: ,O,O,I
Kulturgeographie. Aktuelle Ansätze und Entwicklungen,B,title,I
. ,O,O,I
Heidelberg,B,other,I
".
",O,O,I
Gehring,B,author,B
", ",I,author,I
Petra,I,author,I
 ,O,O,I
1994,B,year,I
: ,O,O,I
"Innen des Aussen – Aussen des Innen. Foucault, Derrida, Lyotard",B,title,I
. ,O,O,I
München,B,other,I
".
",O,O,I
Hahn,B,author,B
", ",I,author,I
Hans P.,I,author,I
 ,O,O,I
2004,B,year,I
: ,O,O,I
"Rezension von Gebhardt/Reuber/Wolkersdorfer, Kulturgeographie",B,title,I
.,O,O,I
 A.a.O.,B,other,I
 In: ,O,O,I
Geographische Zeitschrift,B,source,I
 ,O,O,I
92,B,volume,I
 (,O,O,I
2004,B,year,I
) ,O,O,I
3,B,issue,I
", S. ",O,O,I
185,B,fpage,I
-,O,O,I
187,B,lpage,I
".
",O,O,I
Hasse,B,author,B
", ",I,author,I
Jürgen,I,author,I
", ",O,O,I
Sabine,B,author,I
 ,I,author,I
Malecek,I,author,I
 ,O,O,I
2000,B,year,I
: ,O,O,I
Postmodernismus und Poststrukturalismus in der Geographie,B,title,I
. In: ,O,O,I
Geographica Helvetica,B,source,I
 ,O,O,I
55,B,volume,I
 (,O,O,I
2000,B,year,I
) ,O,O,I
2,B,issue,I
", S. ",O,O,I
103,B,fpage,I
-,O,O,I
106,B,lpage,I
".
",O,O,I
Heidegger,B,author,B
", ",I,author,I
Martin,I,author,I
 ,O,O,I
1957,B,year,I
: ,O,O,I
Identität und Differenz,B,title,I
. ,O,O,I
Pfullingen,B,other,I
".
",O,O,I
Heidegger,B,author,B
", ",I,author,I
Martin,I,author,I
 ,O,O,I
1957,B,year,I
a: ,O,O,I
Der Satz der Identität,B,title,I
. In: ,O,O,I
Ders.,B,other,I
", ",O,O,I
Identität und Differenz,B,source,I
. ,O,O,I
A.a.O.,B,other,I
", S. ",O,O,I
9,B,fpage,I
-,O,O,I
30,B,lpage,I
".
",O,O,I
Heidegger,B,author,B
", ",I,author,I
Martin,I,author,I
 ,O,O,I
1957,B,year,I
b: ,O,O,I
Die onto-theo-logische Verfassung der Metaphysik,B,title,I
. In: ,O,O,I
Ders.,B,other,I
", ",O,O,I
Identität und Differenz,B,source,I
.,O,O,I
 A.a.O.,B,other,I
", S. ",O,O,I
31,B,fpage,I
-,O,O,I
67,B,lpage,I
".
",O,O,I
Heidegger,B,author,B
", ",I,author,I
Martin,I,author,I
 ,O,O,I
1971,B,year,I
 [,O,O,I
1957,B,year,I
]: ,O,O,I
Der Satz vom Grund,B,title,I
. ,O,O,I
Stuttgart,B,other,I
".
",O,O,I
Heidegger,B,author,B
", ",I,author,I
Martin,I,author,I
 ,O,O,I
1993,B,year,I
 [,O,O,I
1927,B,year,I
]: ,O,O,I
Sein und Zeit,B,title,I
. ,O,O,I
Pfullingen,B,other,I
".
",O,O,I
Kimmerle,B,author,B
", ",I,author,I
Heinz,I,author,I
 ,O,O,I
1997,B,year,I
: ,O,O,I
Jacques Derrida,B,title,I
. ,O,O,I
Hamburg,B,other,I
".
",O,O,I
Kristeva,B,author,B
", ",I,author,I
Julia,I,author,I
 ,O,O,I
1990,B,year,I
 [,O,O,I
1988,B,year,I
]: ,O,O,I
Fremde sind wir uns selbst,B,title,I
. ,O,O,I
Frankfurt a. M.,B,other,I
 [,O,O,I
Etranges á nous-mêmes,B,title,I
"]
",O,O,I
Lacan,B,author,B
", ",I,author,I
Jacques,I,author,I
 ,O,O,I
1986,B,year,I
 [,O,O,I
1966,B,year,I
]: ,O,O,I
Das Drängen des Buchstabens im Unbewußten oder die Vernunft seit Freud,B,title,I
. In: ,O,O,I
Ders.,B,other,I
", ",O,O,I
Schriften II,B,source,I
. ,O,O,I
Weinheim,B,other,I
. [,O,O,I
Ècrits,B,title,I
. ,O,O,I
Paris,B,other,I
"]
",O,O,I
Lossau,B,author,B
", ",I,author,I
Julia,I,author,I
 ,O,O,I
2000,B,year,I
a: ,O,O,I
Für eine Verunsicherung des geographischen Blicks,B,title,I
. In: ,O,O,I
Geographica Helvetica,B,source,I
 ,O,O,I
55,B,volume,I
 (,O,O,I
2000,B,year,I
) ,O,O,I
1,B,issue,I
", S. ",O,O,I
23,B,fpage,I
-,O,O,I
30,B,lpage,I
".
",O,O,I
Lossau,B,author,B
", ",I,author,I
Julia,I,author,I
 ,O,O,I
2000,B,year,I
b: ,O,O,I
"Anders denken. Postkolonialismus, Geopolitik und Politische Geographie",B,title,I
. In: ,O,O,I
Erdkunde,B,source,I
 (,O,O,I
2000,B,year,I
) ,O,O,I
54,B,volume,I
", S.",O,O,I
157,B,fpage,I
-,O,O,I
168,B,lpage,I
".
",O,O,I
Lossau,B,author,B
", ",I,author,I
Julia,I,author,I
 ,O,O,I
2002,B,year,I
: ,O,O,I
Die Politik der Verortung. Eine postkoloniale Reise zu einer anderen Geographie der Welt,B,title,I
. ,O,O,I
Bielefeld,B,other,I
".
",O,O,I
Lossau,B,author,B
":, ",I,author,I
Julia,I,author,I
 ,O,O,I
2003,B,year,I
: ,O,O,I
Geographische Repräsentationen. Skizze einer anderen Geographie,B,title,I
. In: ,O,O,I
Gebhardt,B,editor,I
/,O,O,I
Reuber,B,editor,I
/,O,O,I
Wolkersdorfer,B,editor,I
", ",O,O,I
Kulturgeographie,B,source,I
. ,O,O,I
A.a.O.,B,other,I
"
",O,O,I
Massey,B,author,B
", ",I,author,I
Doreen,I,author,I
 ,O,O,I
2003,B,year,I
: ,O,O,I
Spaces of politics – Raum und Politik,B,title,I
. In: ,O,O,I
Gebhardt,B,editor,I
/,O,O,I
Reuber,B,editor,I
/,O,O,I
Wolkersdorfer,B,editor,I
", ",O,O,I
Kulturgeographie,B,source,I
. ,O,O,I
A.a.O.,B,other,I
", S. ",O,O,I
31,B,fpage,I
-,O,O,I
46,B,lpage,I
".
",O,O,I
Wolkersdorfer,B,author,B
", ",I,author,I
Günter,I,author,I
 ,O,O,I
2000,B,year,I
: ,O,O,I
Politische Geographie und Geopolitik zwischen Moderne und Postmoderne,B,title,I
. ,O,O,I
Heidelberg,B,other,I
".
",O,O,I
Zizek,B,author,B
", ",I,author,I
Slavoj,I,author,I
 ,O,O,I
2005,B,year,I
: ,O,O,I
Die politische Suspension des Ethischen,B,title,I
. ,O,O,I
Frankfurt a. M.,B,other,I
