token,tag,label,ref
Bartels,B,author,B
", ",I,author,I
Dietrich,I,author,I
 ,O,O,I
1968,B,year,I
a: ,O,O,I
Zur wissenschaftstheoretischen Grundlegung einer Geographie des Menschen,B,title,I
. ,O,O,I
Wiesbaden,B,other,I
".
",O,O,I
Bartels,B,author,B
", ",I,author,I
Dietrich,I,author,I
 ,O,O,I
1968,B,year,I
b: ,O,O,I
Die Zukunft der Geographie als Problem ihrer Standortbestimmung,B,title,I
. In: ,O,O,I
Geographische Zeitschrift,B,source,I
. S. ,O,O,I
124,B,fpage,I
-,O,O,I
142,B,lpage,I
".
",O,O,I
Bartels,B,author,B
", ",I,author,I
Dietrich,I,author,I
 ,O,O,I
1970,B,year,I
: ,O,O,I
Wirtschafts- und Sozialgeographie. Einleitung,B,title,I
. In: ,O,O,I
"Bartels, Dietrich",B,editor,I
 (Hg.): ,O,O,I
Wirtschafts- und Sozialgeographie,B,source,I
. ,O,O,I
Köln u. a.,B,other,I
 S. ,O,O,I
13,B,fpage,I
-,O,O,I
45,B,lpage,I
".
",O,O,I
Bartels,B,author,B
", ",I,author,I
Dietrich,I,author,I
", ",O,O,I
Gerhard,B,author,I
 ,I,author,I
Hard,I,author,I
 ,O,O,I
1975,B,year,I
: ,O,O,I
Lotsenbuch für das Studium der Geographie als Lehrfach,B,title,I
. ,O,O,I
"Bonn, Kiel",B,other,I
".
",O,O,I
Bayer,B,author,B
", ",I,author,I
Otto,I,author,I
", ",O,O,I
Erhard,B,author,I
 ,I,author,I
Stölting,I,author,I
 ,O,O,I
1989/1994,B,year,I
: ,O,O,I
Sozialwissenschaften,B,title,I
. In: ,O,O,I
Seiffert Helmut,B,editor,I
", ",O,O,I
Gerard Radnitzky,B,editor,I
 (Hg.): ,O,O,I
Handlexikon zur Wissenschaftstheorie,B,source,I
. ,O,O,I
München,B,other,I
. S. ,O,O,I
302,B,fpage,I
-,O,O,I
313,B,lpage,I
".
",O,O,I
Blackbourn,B,author,B
", ",I,author,I
David,I,author,I
 ,O,O,I
2007,B,year,I
: ,O,O,I
Die Eroberung der Natur. Eine Geschichte der deutschen Landschaft,B,title,I
. ,O,O,I
München,B,other,I
. (,O,O,I
dt. Übers.,B,other,I
")
",O,O,I
Braun,B,author,B
", ",I,author,I
Hans,I,author,I
 ,O,O,I
1989/1994,B,year,I
: ,O,O,I
Wissenschaftsgeschichte: Sozialwissenschaften,B,title,I
. In: ,O,O,I
"Seiffert, Helmut",B,editor,I
", ",O,O,I
Gerard Radnitzky,B,editor,I
 (Hg.): ,O,O,I
Handlexikon zur Wissenschaftstheorie,B,source,I
. ,O,O,I
München,B,other,I
. S. ,O,O,I
440,B,fpage,I
-,O,O,I
447,B,lpage,I
".
",O,O,I
Carol,B,author,B
", ",I,author,I
Hans,I,author,I
 ,O,O,I
1956,B,year,I
: ,O,O,I
Zur Diskussion um Landschaft und Geographie,B,title,I
. In: ,O,O,I
Geographica Helvetica,B,source,I
", Band ",O,O,I
11,B,volume,I
. S. ,O,O,I
111,B,fpage,I
-,O,O,I
132,B,lpage,I
".
",O,O,I
Carol,B,author,B
", ",I,author,I
Hans,I,author,I
 ,O,O,I
1963,B,year,I
: ,O,O,I
Zur Theorie der Geographie,B,title,I
. In: ,O,O,I
"Storkebaum, Werner",B,editor,I
 (Hg. ,O,O,I
1967,B,year,I
): ,O,O,I
Zum Gegenstand und zur Methode der Geographie,B,source,I
. ,O,O,I
Darmstadt,B,other,I
. S. ,O,O,I
387,B,fpage,I
-,O,O,I
414,B,lpage,I
".
",O,O,I
Dilthey,B,author,B
", ",I,author,I
Wilhelm,I,author,I
 ,O,O,I
1966,B,year,I
: ,O,O,I
Einleitung in die Geisteswissenschaften,B,title,I
. ,O,O,I
Stuttgart u. a.,B,other,I
"
",O,O,I
Eisermann,B,author,B
", ",I,author,I
Gottfried,I,author,I
 ,O,O,I
1967,B,year,I
: ,O,O,I
Soziologie und Geschichte,B,title,I
. In: ,O,O,I
"König, René",B,editor,I
 (Hg.): ,O,O,I
Handbuch der empirischen Sozialforschung,B,source,I
. Bd. ,O,O,I
1,B,volume,I
. ,O,O,I
Stuttgart,B,other,I
. S. ,O,O,I
601,B,fpage,I
-,O,O,I
640,B,lpage,I
".
",O,O,I
Hempel,B,author,B
", ",I,author,I
Carl Gustav,I,author,I
", ",O,O,I
Paul,B,author,I
 ,I,author,I
Oppenheim,I,author,I
 ,O,O,I
1948,B,year,I
: ,O,O,I
The logic of explanation,B,title,I
. In: ,O,O,I
Feigl Herbert,B,editor,I
", ",O,O,I
May Brodbeck,B,editor,I
 (Hg. ,O,O,I
1953,B,year,I
): ,O,O,I
Readings in the philosophy of science,B,source,I
. ,O,O,I
New York,B,other,I
. S. ,O,O,I
319,B,fpage,I
-,O,O,I
352,B,lpage,I
".
",O,O,I
Klug,B,author,B
 ,I,author,I
Heinz,I,author,I
", ",O,O,I
Robert,B,author,I
 ,I,author,I
Lang,I,author,I
 ,O,O,I
1983,B,year,I
: ,O,O,I
Einführung in die Geosystemlehre,B,title,I
. ,O,O,I
Darmstadt,B,other,I
".
",O,O,I
Köck,B,author,B
", ",I,author,I
Helmuth,I,author,I
 ,O,O,I
1987,B,year,I
: ,O,O,I
Chorische Logik – die Grundperspektive geographischer Weltbetrachtung,B,title,I
. In: ,O,O,I
"Bahrenberg, Gerhard",B,editor,I
 ,O,O,I
et al.,B,other,I
 (Hg.): ,O,O,I
Geographie des Menschen. Dietrich Bartels zum Gedenken,B,source,I
. ,O,O,I
Bremen,B,other,I
. S. ,O,O,I
179,B,fpage,I
-,O,O,I
194,B,lpage,I
".
",O,O,I
Köck,B,author,B
", ",I,author,I
Helmuth,I,author,I
 ,O,O,I
1997,B,year,I
: ,O,O,I
Die Rolle des Raumes als zu erklärender und als erklärender Faktor. Zur Klärung einer methodologischen Grundrelation in der Geographie,B,title,I
. In: ,O,O,I
Geographica Helvetica,B,source,I
", Band ",O,O,I
52,B,volume,I
", Heft ",O,O,I
3,B,issue,I
. S. ,O,O,I
89,B,fpage,I
-,O,O,I
96,B,lpage,I
".
",O,O,I
Köck,B,author,B
", ",I,author,I
Helmuth,I,author,I
 ,O,O,I
2004,B,year,I
: ,O,O,I
Der Raum – die Mitte der Geographie,B,title,I
. In: ,O,O,I
"Köck, Helmuth",B,editor,I
", ",O,O,I
Armin Rempfler,B,editor,I
 ,O,O,I
2004,B,year,I
: ,O,O,I
Erkenntnisleitende Ansätze – Schlüssel zur Profilierung des Geographieunterrichts,B,source,I
. ,O,O,I
Köln,B,other,I
. S. ,O,O,I
12,B,fpage,I
-,O,O,I
18,B,lpage,I
".
",O,O,I
Köck,B,author,B
", ",I,author,I
Helmuth,I,author,I
 ,O,O,I
2007,B,year,I
: ,O,O,I
Zum Spannungsverhältnis von Geistes- und Naturwissenschaften,B,title,I
. In: ,O,O,I
"Jäkel, Lissy",B,editor,I
 ,O,O,I
et al.,B,other,I
 (Hg.): ,O,O,I
Der Wert der naturwissenschaftlichen Bildung,B,source,I
. ,O,O,I
Heidelberg,B,other,I
. S. ,O,O,I
177,B,fpage,I
-,O,O,I
203,B,lpage,I
".
",O,O,I
Mittelstraß,B,author,B
", ",I,author,I
Jürgen,I,author,I
 ,O,O,I
1995,B,year,I
: ,O,O,I
Natur,B,title,I
. In: ,O,O,I
"Mittelstraß, Jürgen",B,editor,I
 (Hg.): ,O,O,I
Enzyklopädie Philosophie und Wissenschaftstheorie,B,source,I
", Bd. ",O,O,I
2,B,volume,I
. ,O,O,I
"Stuttgart, Weimar",B,other,I
. S. ,O,O,I
961,B,fpage,I
-,O,O,I
964,B,lpage,I
".
",O,O,I
Neef,B,author,B
", ",I,author,I
Ernst,I,author,I
 ,O,O,I
1956,B,year,I
: ,O,O,I
Die axiomatischen Grundlagen der Geographie,B,title,I
. In: ,O,O,I
Geographische Berichte,B,source,I
. S. ,O,O,I
85,B,fpage,I
-,O,O,I
91,B,lpage,I
".
",O,O,I
Neef,B,author,B
", ",I,author,I
Ernst,I,author,I
 ,O,O,I
1967,B,year,I
: ,O,O,I
Die theoretischen Grundlagen der Landschaftslehre,B,title,I
. ,O,O,I
Gotha,B,other,I
".
",O,O,I
Popper,B,author,B
", ",I,author,I
Karl Raimund,I,author,I
 ,O,O,I
1935/1973,B,year,I
: ,O,O,I
Logik der Forschung,B,title,I
. ,O,O,I
Tübingen,B,other,I
".
",O,O,I
Popper,B,author,B
", ",I,author,I
Karl Raimund,I,author,I
 ,O,O,I
1972/1974,B,year,I
: ,O,O,I
Objektive Erkenntnis,B,title,I
. ,O,O,I
Hamburg,B,other,I
".
",O,O,I
Seiffert,B,author,B
", ",I,author,I
Helmut,I,author,I
 ,O,O,I
1997,B,year,I
: ,O,O,I
Einführung in die Wissenschaftstheorie,B,source,I
. Bd. ,O,O,I
4,B,volume,I
: ,O,O,I
Wörterbuch der wissenschaftstheoretischen Terminologie,B,title,I
. ,O,O,I
München,B,other,I
".
",O,O,I
Weichhart,B,author,B
", ",I,author,I
Peter,I,author,I
 ,O,O,I
1999,B,year,I
: ,O,O,I
Die Räume zwischen den Welten und die Welt der Räume. Zur Konzeption eines Schlüsselbegriffs der Geographie,B,title,I
. In: ,O,O,I
"Meusburger, Peter",B,editor,I
 (Hg.): ,O,O,I
Handlungszentrierte Sozialgeographie,B,source,I
. ,O,O,I
Stuttgart,B,other,I
. S. ,O,O,I
67,B,fpage,I
-,O,O,I
94,B,lpage,I
".
",O,O,I
Weichhart,B,author,B
", ",I,author,I
Peter,I,author,I
 ,O,O,I
2003,B,year,I
: ,O,O,I
Physische Geographie und Humangeographie – eine schwierige Beziehung,B,title,I
. In: ,O,O,I
"Heinritz, Günter",B,editor,I
 (Hg.): ,O,O,I
Integrative Ansätze in der Geographie – Vorbild oder Trugbild?,B,source,I
 ,O,O,I
Passau,B,other,I
. S. ,O,O,I
17,B,fpage,I
-,O,O,I
34,B,lpage,I
".
",O,O,I
Weichhart,B,author,B
", ",I,author,I
Peter,I,author,I
 ,O,O,I
2005,B,year,I
: ,O,O,I
Auf der Suche nach der „dritten Säule“. Gibt es Wege von der Rhetorik zur Pragmatik?,B,title,I
 In: ,O,O,I
Müller-Mahn Detlef,B,editor,I
", ",O,O,I
Ute Wardenga,B,editor,I
 (Hg.): ,O,O,I
Möglichkeiten und Grenzen integrativer Forschungsansätze in Physischer Geographie und Humangeographie,B,source,I
. ,O,O,I
Leipzig,B,other,I
. S. ,O,O,I
109,B,fpage,I
-,O,O,I
136,B,lpage,I
".
",O,O,I
Weingartner,B,author,B
", ",I,author,I
Paul,I,author,I
 ,O,O,I
1978,B,year,I
: ,O,O,I
Wissenschaftstheorie I: Einführung in die Hauptprobleme,B,title,I
. ,O,O,I
Stuttgart,B,other,I
".
",O,O,I
Wild,B,author,B
", ",I,author,I
Wolfgang,I,author,I
 ,O,O,I
1987,B,year,I
: ,O,O,I
Naturwissenschaften und Geisteswissenschaften – immer noch zwei getrennte Kulturen?,B,title,I
 In: ,O,O,I
Universitas,B,source,I
", H. ",O,O,I
1,B,issue,I
. S. ,O,O,I
25,B,fpage,I
-,O,O,I
36,B,lpage,I
".
",O,O,I
Zimmerli,B,author,B
", ",I,author,I
Walther Christoph,I,author,I
 ,O,O,I
1988,B,year,I
: ,O,O,I
Einheit oder Vielheit der Kulturen? Geistes- und Naturwissenschaften in einer techno-logischen Welt,B,title,I
. In: ,O,O,I
Physikalische Blätter,B,source,I
", H. ",O,O,I
3,B,issue,I
. S. ,O,O,I
57,B,fpage,I
-,O,O,I
62,B,lpage,I
".
",O,O,I
Zimmerli,B,author,B
", ",I,author,I
Walther Christoph,I,author,I
 ,O,O,I
1994,B,year,I
: ,O,O,I
Geisteswissenschaften,B,title,I
. In: ,O,O,I
"Seiffert, Helmut",B,editor,I
", ",O,O,I
Gerard Radnitzky,B,editor,I
 (Hg.): ,O,O,I
Handlexikon der Wissenschaftstheorie,B,source,I
. ,O,O,I
München,B,other,I
. S. ,O,O,I
88,B,fpage,I
-,O,O,I
101,B,lpage,I
.,O,O,I
