token,tag,label,ref
Crawford,B,author,B
", ",I,author,I
Elisabeth,I,author,I
", ",O,O,I
Terry,B,author,I
 ,I,author,I
Shinn,I,author,I
", ",O,O,I
Sverker,B,author,I
 ,I,author,I
Sörlin,I,author,I
 ,O,O,I
1993,B,year,I
: ,O,O,I
The Nationalization and Denationalization of the Sciences: An Introductory Essay,B,title,I
. In: ,O,O,I
dies.,B,editor,I
 (Hg.): ,O,O,I
Denationalizing Science: The Contexts of International Scientific Practice,B,source,I
. ,O,O,I
Dordrecht,B,other,I
. S. ,O,O,I
1,B,fpage,I
-,O,O,I
42,B,lpage,I
".
",O,O,I
Eisenberg,B,author,B
", ",I,author,I
Rebecca A.,I,author,I
 ,O,O,I
1987,B,year,I
: ,O,O,I
Proprietary Rights and the Norms of Science in Biotechnology Research,B,title,I
. ,O,O,I
The Yale Law Journal,B,source,I
 ,O,O,I
97,B,volume,I
. S. ,O,O,I
177,B,fpage,I
-,O,O,I
231,B,lpage,I
".
",O,O,I
Elzinga,B,author,B
", ",I,author,I
Aant,I,author,I
 ,O,O,I
1993,B,year,I
: ,O,O,I
Antarctica: The Construction of a Continent by and for Science,B,title,I
. In: ,O,O,I
Elisabeth Crawford,B,editor,I
 ,O,O,I
et al.,B,other,I
 (Hg.): ,O,O,I
Denationalizing Science. The Contexts of International Scientific Practice,B,source,I
. ,O,O,I
Dordrecht,B,other,I
. S. ,O,O,I
73,B,fpage,I
-,O,O,I
106,B,lpage,I
".
",O,O,I
Elzinga,B,author,B
", ",I,author,I
Aant,I,author,I
 ,O,O,I
1996,B,year,I
: ,O,O,I
Shaping Worldwide Consensus: The Orchestration of Global Climate Change Research,B,title,I
. In: ,O,O,I
Aant Elzinga,B,editor,I
", ",O,O,I
Catharina Landström,B,editor,I
 (Hg.): ,O,O,I
Internationalism and Science,B,source,I
. ,O,O,I
London,B,other,I
. S. ,O,O,I
223,B,fpage,I
-,O,O,I
255,B,lpage,I
".
",O,O,I
Frame,B,author,B
", ",I,author,I
J. Davidson,I,author,I
", ",O,O,I
Francis,B,author,I
 ,I,author,I
Narin,I,author,I
 ,O,O,I
1988,B,year,I
: ,O,O,I
The National Self-Preoccupation of American Scientists: An Empirical View,B,title,I
. ,O,O,I
Research Policy,B,source,I
 ,O,O,I
17,B,volume,I
. S. ,O,O,I
203,B,fpage,I
-,O,O,I
212,B,lpage,I
".
",O,O,I
Hahn,B,author,B
", ",I,author,I
Alois,I,author,I
 ,O,O,I
1993,B,year,I
: ,O,O,I
Identität und Nation in Europa,B,title,I
. ,O,O,I
Berliner Journal für Soziologie,B,source,I
 ,O,O,I
3,B,volume,I
.  S. ,O,O,I
193,B,fpage,I
-,O,O,I
203,B,lpage,I
".
",O,O,I
Hanke,B,author,B
", ",I,author,I
Stefanie,I,author,I
 ,O,O,I
1996,B,year,I
: ,O,O,I
"Weiß die Weltbank, was sie tut? Über den Umgang mit Unsicherheit in einer Organisation der Entwicklungsfinanzierung",B,title,I
. ,O,O,I
Soziale Systeme,B,source,I
 ,O,O,I
2,B,volume,I
. S. ,O,O,I
331,B,fpage,I
-,O,O,I
359,B,lpage,I
".
",O,O,I
Kerr,B,author,B
", ",I,author,I
Clark,I,author,I
 ,O,O,I
1991,B,year,I
: ,O,O,I
International Learning and National Purposes in Higher Education,B,title,I
. ,O,O,I
American Behavioral Scientist,B,source,I
 ,O,O,I
35,B,volume,I
. S ,O,O,I
17,B,fpage,I
-,O,O,I
42,B,lpage,I
".
",O,O,I
Krück,B,author,B
", ",I,author,I
Carsten P.,I,author,I
 ,O,O,I
1995,B,year,I
: ,O,O,I
Antagonistische Kooperation in der europäischen Forschung. Das Halbleiter-Forschungsprogramm JESSI,B,title,I
. ,O,O,I
Diss. Universität Bielefeld,B,other,I
".
",O,O,I
Leclerc,B,author,B
", ",I,author,I
M,I,author,I
"., ",O,O,I
J,B,author,I
. ,I,author,I
Gagné,I,author,I
", ",O,O,I
1994,B,year,I
: ,O,O,I
International Scientific Cooperation: The Continentalization of Science,B,title,I
. ,O,O,I
Scientometrics,B,source,I
 ,O,O,I
31,B,volume,I
. S. ,O,O,I
261,B,fpage,I
-,O,O,I
292,B,lpage,I
".
",O,O,I
Lewis,B,author,B
", ",I,author,I
Ricki,I,author,I
 ,O,O,I
1997,B,year,I
: ,O,O,I
"To Effectively Discuss Evolution, First Define „Theory“",B,title,I
. ,O,O,I
The Scientist,B,source,I
 ,O,O,I
11,B,volume,I
", H. ",O,O,I
10,B,issue,I
. S. ,O,O,I
13,B,fpage,I
-,O,O,I
14,B,lpage,I
".
",O,O,I
Luhmann,B,author,B
", ",I,author,I
Niklas,I,author,I
 ,O,O,I
1990,B,year,I
: ,O,O,I
Die Wissenschaft der Gesellschaft,B,title,I
. ,O,O,I
Frankfurt am Main,B,other,I
".
",O,O,I
Masood,B,author,B
", ",I,author,I
Ehsan,I,author,I
 ,O,O,I
1999,B,year,I
: ,O,O,I
Call for greater recognition of „indigenous knowledge“,B,title,I
. ,O,O,I
Nature,B,source,I
 (,O,O,I
http://helix.nature.com/wcs/1news/28-1a.html.,B,url,I
"), 28. Juni.
",O,O,I
Meister,B,author,B
", ",I,author,I
Richard,I,author,I
 ,O,O,I
1946,B,year,I
: ,O,O,I
Die Idee einer österreichischen Nationalerziehung unter Maria Theresia,B,title,I
. ,O,O,I
"Anzeiger der Akademie der Wissenschaften in Wien, Philosophisch-historische Klasse",B,source,I
. S. ,O,O,I
1,B,fpage,I
-,O,O,I
16,B,lpage,I
".
",O,O,I
Meyer,B,author,B
", ",I,author,I
John W.,I,author,I
 ,O,O,I
et al.,B,other,I
 ,O,O,I
1992,B,year,I
: ,O,O,I
School Knowledge for the Masses: World Models and National Primary Curricular Categories in the Twentieth Century,B,title,I
. ,O,O,I
"Washington, DC/London",B,other,I
".
",O,O,I
Narin,B,author,B
", ",I,author,I
F,I,author,I
"., ",O,O,I
K,B,author,I
. ,I,author,I
Stevens,I,author,I
", ",O,O,I
E. S.,B,author,I
 ,I,author,I
Whitlow,I,author,I
 ,O,O,I
1991,B,year,I
: ,O,O,I
Scientific Co-operation in Europe and the Citation of Multinationally Authored Papers,B,title,I
. ,O,O,I
Scientometrics,B,source,I
 ,O,O,I
21,B,volume,I
. S. ,O,O,I
313,B,fpage,I
-,O,O,I
323,B,lpage,I
".
",O,O,I
Niosi,B,author,B
", ",I,author,I
Jorge,I,author,I
", ",O,O,I
Bertrand,B,author,I
 ,I,author,I
Bellon,I,author,I
 ,O,O,I
1994,B,year,I
: ,O,O,I
"The Global Interdependence of National Innovation Systems: Evidence, Limits, and Implications",B,title,I
. ,O,O,I
Technology in Society,B,source,I
 ,O,O,I
16,B,volume,I
. S.,O,O,I
173,B,fpage,I
-,O,O,I
197,B,lpage,I
".
",O,O,I
Palevitz,B,author,B
", ",I,author,I
Barry A.,I,author,I
", ",O,O,I
Ricki,B,author,I
 ,I,author,I
Lewis,I,author,I
 ,O,O,I
1999,B,year,I
: ,O,O,I
Short Shrift to Evolution?,B,title,I
 ,O,O,I
The Scientist,B,source,I
 (,O,O,I
http://165.123.33.33,B,url,I
) ,O,O,I
13,B,volume,I
", H. ",O,O,I
3,B,issue,I
".
",O,O,I
Simon,B,author,B
", ",I,author,I
Herbert A.,I,author,I
 ,O,O,I
1983,B,year,I
: ,O,O,I
Reason in Human Affairs,B,title,I
. ,O,O,I
Stanford,B,other,I
".
",O,O,I
Stichweh,B,author,B
", ",I,author,I
Rudolf,I,author,I
 ,O,O,I
1984,B,year,I
: ,O,O,I
Zur Entstehung des modernen Systems wissenschaftlicher Disziplinen. Physik in Deutschland 1740-1890,B,title,I
. ,O,O,I
Frankfurt/M.,B,other,I
"
",O,O,I
Stichweh,B,author,B
", ",I,author,I
Rudolf,I,author,I
 ,O,O,I
1987,B,year,I
: ,O,O,I
Die Autopoiesis der Wissenschaft,B,title,I
. ,O,O,I
Wiederabdruck in: ders. 1994,B,other,I
: ,O,O,I
Frankfurt/M.,B,other,I
 S. ,O,O,I
52,B,fpage,I
-,O,O,I
83,B,lpage,I
".
",O,O,I
Stichweh,B,author,B
", ",I,author,I
Rudolf,I,author,I
 ,O,O,I
1990,B,year,I
: ,O,O,I
Self-Organization and Autopoiesis in the Development of Modern Science,B,title,I
. In: ,O,O,I
Wolfgang Krohn,B,editor,I
 ,O,O,I
et al.,B,other,I
 (Hg.): ,O,O,I
Selforganization. Portrait of a Scientific Revolution. (= Sociology of the Sciences,B,source,I
", Vol. ",O,O,I
14,B,volume,I
) ,O,O,I
Dordrecht,B,other,I
. S. ,O,O,I
195,B,fpage,I
-,O,O,I
207,B,lpage,I
".
",O,O,I
Stichweh,B,author,B
", ",I,author,I
Rudolf,I,author,I
 ,O,O,I
1991,B,year,I
: ,O,O,I
Der frühmoderne Staat und die europäische Universität. Zur Interaktion von Politik und Erziehungssystem im Prozeß ihrer Ausdifferenzierung (16.-18. Jahrhundert),B,title,I
. ,O,O,I
Frankfurt,B,other,I
".
",O,O,I
Stichweh,B,author,B
", ",I,author,I
Rudolf,I,author,I
 ,O,O,I
1994,B,year,I
: ,O,O,I
"Wissenschaft, Universität, Professionen. Soziologische Analysen",B,title,I
. ,O,O,I
Frankfurt/M.,B,other,I
"
",O,O,I
Stichweh,B,author,B
", ",I,author,I
Rudolf,I,author,I
 ,O,O,I
1994,B,year,I
a: ,O,O,I
Nation und Weltgesellschaft,B,title,I
. In: ,O,O,I
Bernd Estel,B,editor,I
", ",O,O,I
Tilman Mayer,B,editor,I
 (Hg.): ,O,O,I
Das Prinzip Nation in modernen Gesellschaften. Länderdiagnosen und theoretische Perspektiven,B,source,I
. ,O,O,I
Opladen,B,other,I
. S. ,O,O,I
83,B,fpage,I
-,O,O,I
96,B,lpage,I
".
",O,O,I
Thomas,B,author,B
", ",I,author,I
George M.,I,author,I
 ,O,O,I
et al.,B,other,I
 ,O,O,I
1987,B,year,I
: ,O,O,I
"Institutional Structure. Constituting  State, Society, and the Individual",B,title,I
. ,O,O,I
Newbury Park,B,other,I
".
",O,O,I
Thomas,B,author,B
", ",I,author,I
Lewis,I,author,I
 ,O,O,I
1984,B,year,I
: ,O,O,I
Scientific Frontiers and National Frontiers: A Look Ahead,B,title,I
. ,O,O,I
Foreign Affairs,B,source,I
 ,O,O,I
62,B,volume,I
. S. ,O,O,I
966,B,fpage,I
-,O,O,I
994,B,lpage,I
".
",O,O,I
"U.S. Congress, Office of Technology Assessment",B,editor,B
 ,O,O,I
1991,B,year,I
: ,O,O,I
Federally Funded Research: Decisions for a Decade,B,title,I
. ,O,O,I
"Washington, DC",B,other,I
". 
",O,O,I
Williams,B,author,B
", ",I,author,I
Nigel,I,author,I
 ,O,O,I
1996,B,year,I
: ,O,O,I
Britain’s Big Science in a Bind,B,title,I
. ,O,O,I
Science,B,source,I
 ,O,O,I
271,B,volume,I
. S. ,O,O,I
898,B,fpage,I
-,O,O,I
899,B,lpage,I
.,O,O,I
