token,tag,label,ref
Adorno,B,author,B
", ",I,author,I
T. W.,I,author,I
 ,O,O,I
et al.,B,other,I
 (Hg.) ,O,O,I
1968,B,year,I
: ,O,O,I
Der Positivismusstreit in der deutschen Soziologie,B,title,I
. ,O,O,I
Darmstadt,B,other,I
".
",O,O,I
Andersen,B,author,B
", ",I,author,I
N,I,author,I
. ,O,O,I
1961,B,year,I
: ,O,O,I
Die Stadt als Objekt und als Paradigma,B,title,I
. In: ,O,O,I
R. König,B,editor,I
 (Hg.): ,O,O,I
Handbuch der empirischen Sozialforschung,B,source,I
. Band ,O,O,I
1,B,volume,I
. ,O,O,I
Stuttgart,B,other,I
".
",O,O,I
"Atteslander, P.",B,editor,B
", ",O,O,I
B. Hamm,B,editor,I
 (Hg.) ,O,O,I
1974,B,year,I
: ,O,O,I
Materialien zur Siedlungssoziologie,B,title,I
. ,O,O,I
Köln,B,other,I
".
",O,O,I
Bartels,B,author,B
", ",I,author,I
D,I,author,I
. ,O,O,I
1970,B,year,I
: ,O,O,I
Einleitung,B,title,I
. ,O,O,I
In. Ders.,B,other,I
 (Hg.): ,O,O,I
Wirtschafts- und Sozialgeographie,B,source,I
. ,O,O,I
Köln,B,other,I
".
",O,O,I
Bogue,B,author,B
", ",I,author,I
D,I,author,I
. ,O,O,I
1948,B,year,I
: ,O,O,I
The Structure of the Metropolitan Community: A Study of Dominance and Subdominance,B,title,I
. ,O,O,I
Ann Arbor,B,other,I
".
",O,O,I
Burgess,B,author,B
",",I,author,I
 E. W.,I,author,I
 ,O,O,I
1925,B,year,I
: ,O,O,I
The Growth of the City,B,title,I
. In: ,O,O,I
R. E. Park,B,editor,I
", ",O,O,I
E. W. Burgess,B,editor,I
", ",O,O,I
R. D. McKenzie,B,editor,I
 (Hg.): ,O,O,I
The City,B,title,I
. ,O,O,I
Chicago,B,other,I
".
",O,O,I
Castells,B,author,B
", ",I,author,I
M,I,author,I
. ,O,O,I
1973,B,year,I
: ,O,O,I
La question urbaine,B,title,I
. ,O,O,I
Paris,B,other,I
".
",O,O,I
Dangschat,B,author,B
", ",I,author,I
J,I,author,I
. ,O,O,I
1998,B,year,I
: ,O,O,I
Segregation,B,title,I
. In: ,O,O,I
H. Häußermann,B,editor,I
 (Hg.): ,O,O,I
Großstadt – soziologische Stichworte,B,source,I
. ,O,O,I
Opladen,B,other,I
".
",O,O,I
"Dangschat, J.",B,editor,B
 (Hg.) ,O,O,I
1999,B,year,I
: ,O,O,I
Modernisierte Stadt – gespaltene Gesellschaft,B,title,I
. ,O,O,I
Opladen,B,other,I
".
",O,O,I
Duncan,B,author,B
", ",I,author,I
O. D.,I,author,I
 ,O,O,I
1959,B,year,I
: ,O,O,I
Human Ecology and Population Studies,B,title,I
. In: ,O,O,I
P. M. Hauser,B,editor,I
 (Hg.): ,O,O,I
The Study of Population,B,source,I
. ,O,O,I
Chicago,B,other,I
".
",O,O,I
Friedmann,B,author,B
", ",I,author,I
J,I,author,I
"., ",O,O,I
G,B,author,I
. ,I,author,I
Wolff,I,author,I
 ,O,O,I
1982,B,year,I
: ,O,O,I
World City Formation: An agenda for research and action,B,title,I
. ,O,O,I
International Journal for Urban and Regional Research,B,source,I
 ,O,O,I
6,B,volume,I
. S. ,O,O,I
309,B,fpage,I
-,O,O,I
344,B,lpage,I
".
",O,O,I
Friedmann,B,author,B
", ",I,author,I
J,I,author,I
"., ",O,O,I
1986,B,year,I
: ,O,O,I
The World City Hypothesis,B,title,I
. ,O,O,I
Development and Change,B,source,I
 ,O,O,I
17,B,volume,I
. S. ,O,O,I
69,B,fpage,I
-,O,O,I
83,B,lpage,I
".
",O,O,I
"Gerstein, D.R.",B,editor,B
 ,O,O,I
et al.,B,other,I
 (Hg.) ,O,O,I
1988,B,year,I
: ,O,O,I
Sozialwissenschaften für morgen,B,title,I
. ,O,O,I
Berlin,B,other,I
".
",O,O,I
Gibbs,B,author,B
", ",I,author,I
J. P.,I,author,I
", ",O,O,I
W. T.,B,author,I
 ,I,author,I
Martin,I,author,I
 ,O,O,I
1958,B,year,I
: ,O,O,I
Urbanization and Natural Ressources,B,title,I
. ,O,O,I
American Sociological Review,B,source,I
 ,O,O,I
23,B,volume,I
. S. ,O,O,I
266,B,fpage,I
-,O,O,I
277,B,lpage,I
".
",O,O,I
Gibbs,B,author,B
", ",I,author,I
J. P.,I,author,I
", ",O,O,I
W. T.,B,author,I
 ,I,author,I
Martin,I,author,I
 ,O,O,I
1959,B,year,I
: ,O,O,I
Toward a Theoretical System of Human Ecology,B,title,I
. ,O,O,I
Pacific Sociological Review,B,source,I
 ,O,O,I
2,B,volume,I
. S. ,O,O,I
29,B,fpage,I
-,O,O,I
36,B,lpage,I
".
",O,O,I
Gibbs,B,author,B
", ",I,author,I
J. P.,I,author,I
", ",O,O,I
W. T.,B,author,I
 ,I,author,I
Martin,I,author,I
 ,O,O,I
1962,B,year,I
: ,O,O,I
"Urbanization, Technology, and the Division of Labor",B,title,I
. ,O,O,I
American Sociological Review,B,source,I
 ,O,O,I
27,B,volume,I
. S. ,O,O,I
667,B,fpage,I
-,O,O,I
677,B,lpage,I
".
",O,O,I
Hall,B,author,B
", ",I,author,I
P,I,author,I
. ,O,O,I
1966,B,year,I
: ,O,O,I
World Cities,B,title,I
. ,O,O,I
London,B,other,I
".
",O,O,I
Hamm,B,author,B
", ",I,author,I
B,I,author,I
. ,O,O,I
1982,B,year,I
: ,O,O,I
Social Area Analysis and Factorial Ecology: A Review of Substantive Findings,B,title,I
. In: ,O,O,I
G. A. Theodorson,B,editor,I
 (Hg.): ,O,O,I
Urban Patterns,B,source,I
. ,O,O,I
University Park,B,other,I
".
",O,O,I
Hamm,B,author,B
", ",I,author,I
B,I,author,I
. ,O,O,I
1984,B,year,I
: ,O,O,I
Aktuelle Probleme sozialökologischer Analyse,B,title,I
. ,O,O,I
Kölner Zeitschrift für Soziologie und Sozialpsychologie,B,source,I
 ,O,O,I
36,B,volume,I
. S. ,O,O,I
277,B,fpage,I
-,O,O,I
292,B,lpage,I
".
",O,O,I
Hamm,B,author,B
", ",I,author,I
B,I,author,I
. ,O,O,I
1987,B,year,I
: ,O,O,I
Soziale Segregation im internationalen Vergleich,B,title,I
. (=,O,O,I
SRP Arbeitspapier,B,source,I
 Nr. ,O,O,I
12,B,volume,I
) ,O,O,I
Trier,B,other,I
".
",O,O,I
Hamm,B,author,B
", ",I,author,I
B,I,author,I
. ,O,O,I
1996,B,year,I
: ,O,O,I
Struktur moderner Gesellschaften,B,title,I
. ,O,O,I
Ökologische Soziologie,B,source,I
. Band ,O,O,I
1,B,volume,I
. ,O,O,I
Opladen,B,other,I
".
",O,O,I
Hamm,B,author,B
", ",I,author,I
B,I,author,I
. ,O,O,I
1998,B,year,I
a: ,O,O,I
Internationale Verflechtung und Globalisierung,B,title,I
. In: ,O,O,I
B. Schäfers,B,editor,I
 und ,O,O,I
W. Zapf,B,editor,I
 (Hg.): ,O,O,I
Handwörterbuch zur Gesellschaft Deutschlands,B,source,I
. ,O,O,I
Opladen,B,other,I
".
",O,O,I
Hamm,B,author,B
", ",I,author,I
B,I,author,I
. ,O,O,I
1998,B,year,I
b: ,O,O,I
Ökologie und die Zukunft der Stadt,B,title,I
. In: ,O,O,I
U. E. Simonis,B,editor,I
 ,O,O,I
et al.,B,other,I
 (Hg.): ,O,O,I
Jahrbuch Ökologie 1999,B,source,I
. ,O,O,I
München,B,other,I
".
",O,O,I
Hamm,B,author,B
", ",I,author,I
B,I,author,I
. ,O,O,I
1999,B,year,I
: ,O,O,I
Globale Entwicklungstendenzen und Krisen,B,title,I
. In: ,O,O,I
W. Glatzer,B,editor,I
", ",O,O,I
I. Ostner,B,editor,I
 (Hg.): ,O,O,I
Deutschland im Wandel – sozialstrukturelle Analysen,B,source,I
. ,O,O,I
Opladen,B,other,I
".
",O,O,I
Hamm,B,author,B
", ",I,author,I
B,I,author,I
"., ",O,O,I
I,B,author,I
. ,I,author,I
Neumann,I,author,I
 ,O,O,I
1996,B,year,I
: ,O,O,I
"Siedlungs-, Umwelt- und Planungssoziologie",B,title,I
. ,O,O,I
Ökologische Soziologie,B,source,I
 Band ,O,O,I
2,B,volume,I
. ,O,O,I
Opladen,B,other,I
".
",O,O,I
"Harth, A.",B,editor,B
", ",O,O,I
U. Herlyn,B,editor,I
", ",O,O,I
G. Scheller,B,editor,I
 (Hg.) ,O,O,I
1998,B,year,I
: ,O,O,I
Segregation in ostdeutschen Städten,B,title,I
. ,O,O,I
Opladen,B,other,I
".
",O,O,I
Harvey,B,author,B
", ",I,author,I
D,I,author,I
. ,O,O,I
1973,B,year,I
: ,O,O,I
Social Justice and the City,B,title,I
. ,O,O,I
Baltimore,B,other,I
"
",O,O,I
"Hauchler, I.",B,editor,B
 (Hg.): ,O,O,I
Globale Trends 1998,B,title,I
. ,O,O,I
Frankfurt/M.,B,other,I
"
",O,O,I
Häußermann,B,author,B
", ",I,author,I
H,I,author,I
"., ",O,O,I
F,B,author,I
. ,I,author,I
Roost,I,author,I
", ",O,O,I
1998,B,year,I
: ,O,O,I
"Globalisierung, Global City",B,title,I
. In: ,O,O,I
H. Häußermann,B,editor,I
 (Hg.): ,O,O,I
Großstadt – soziologische Stichworte,B,source,I
. ,O,O,I
Opladen,B,other,I
".
",O,O,I
INURA (International Network for Urban Research and Action),B,editor,B
 (Hg.) ,O,O,I
1998,B,year,I
: ,O,O,I
Possible Urban Worlds. Urban Strategies at the Ende of the 20th Century,B,title,I
. ,O,O,I
Basel,B,other,I
".
",O,O,I
Läpple,B,author,B
", ",I,author,I
D,I,author,I
. ,O,O,I
1998,B,year,I
: ,O,O,I
Ökonomie,B,title,I
. In: ,O,O,I
H. Häußermann,B,editor,I
 (Hg.): ,O,O,I
Großstadt – soziologische Stichworte,B,source,I
. ,O,O,I
Opladen,B,other,I
".
",O,O,I
Masini,B,author,B
", ",I,author,I
E. B.,I,author,I
 ,O,O,I
1993,B,year,I
: ,O,O,I
Why Futures Studies?,B,title,I
 ,O,O,I
London,B,other,I
".
",O,O,I
Myrdal,B,author,B
", ",I,author,I
G,I,author,I
. ,O,O,I
1974,B,year,I
: ,O,O,I
Ökonomische Theorie und unterentwickelte Regionen,B,title,I
. ,O,O,I
Frankfurt/M.,B,other,I
"
",O,O,I
Oswald,B,author,B
", ",I,author,I
H,I,author,I
. ,O,O,I
1962,B,year,I
: ,O,O,I
Die überschätzte Stadt,B,title,I
. ,O,O,I
Freiburg,B,other,I
".
",O,O,I
Quinn,B,author,B
", ",I,author,I
J. A.,I,author,I
 ,O,O,I
1950,B,year,I
: ,O,O,I
Human Ecology,B,title,I
. ,O,O,I
New York,B,other,I
".
",O,O,I
Portes,B,author,B
", ",I,author,I
A,I,author,I
"., ",O,O,I
H. L.,B,author,I
 ,I,author,I
Browning,I,author,I
 ,O,O,I
1976,B,year,I
: ,O,O,I
Current Perspectives in Latin American Urban Research,B,title,I
. ,O,O,I
Austin,B,other,I
".
",O,O,I
Riemer,B,author,B
",",I,author,I
 S. A.,I,author,I
 ,O,O,I
1952,B,year,I
: ,O,O,I
The Modern City,B,title,I
. ,O,O,I
New York,B,other,I
".
",O,O,I
Sassen,B,author,B
", ",I,author,I
S,I,author,I
. ,O,O,I
1991,B,year,I
: ,O,O,I
The Global City,B,title,I
. ,O,O,I
Princeton,B,other,I
".
",O,O,I
Saunders,B,author,B
", ",I,author,I
P,I,author,I
. ,O,O,I
1981,B,year,I
: ,O,O,I
Social Theory and the Urban Question,B,title,I
. ,O,O,I
New York,B,other,I
".
",O,O,I
Scheuch,B,author,B
", ",I,author,I
E. W.,I,author,I
", ",O,O,I
U,B,author,I
. ,I,author,I
Scheuch,I,author,I
 ,O,O,I
1992,B,year,I
: ,O,O,I
"Cliquen, Klüngel und Karrieren",B,title,I
. ,O,O,I
Reinbek,B,other,I
".
",O,O,I
Schwarte,B,author,B
", ",I,author,I
M,I,author,I
"., ",O,O,I
C,B,author,I
. ,I,author,I
Winkelkötter,I,author,I
 ,O,O,I
1999,B,year,I
: ,O,O,I
Perspektivenwechsel in der Geographie? Eine qualitative Studie zum Verhältnis von Wissenschaft und Praxis in der räumlichen Planung,B,title,I
. (Diplomarbeit Uni Trier) ,O,O,I
Trier,B,other,I
".
",O,O,I
Sly,B,author,B
", ",I,author,I
D. F.,I,author,I
 ,O,O,I
1972,B,year,I
: ,O,O,I
Migration and the Ecological Complex,B,title,I
. ,O,O,I
American Sociological Review,B,source,I
 ,O,O,I
37,B,volume,I
. S. ,O,O,I
615,B,fpage,I
-,O,O,I
628,B,lpage,I
".
",O,O,I
Stiftung Entwicklung und Frieden,B,editor,B
 (Hg.) ,O,O,I
1996,B,year,I
: ,O,O,I
Globale Trends 1996,B,title,I
. ,O,O,I
Frankfurt/M.,B,other,I
"
",O,O,I
"Theodorson, G. A.",B,editor,B
 (Hg.) ,O,O,I
1961,B,year,I
: ,O,O,I
Studies in Human Ecology,B,title,I
. ,O,O,I
Evanston,B,other,I
".
",O,O,I
"Theodorson, G. A.",B,editor,B
 (Hg.) ,O,O,I
1982,B,year,I
: ,O,O,I
Urban Patterns,B,title,I
. ,O,O,I
University Park,B,other,I
".
",O,O,I
UNDP (United Nations Development Programme),B,editor,B
 ,O,O,I
1996,B,year,I
: ,O,O,I
Human Development Report,B,title,I
. ,O,O,I
Geneva,B,other,I
".
",O,O,I
Wackernagel,B,author,B
", ",I,author,I
M,I,author,I
"., ",O,O,I
W. B.,B,author,I
 ,I,author,I
Rees,I,author,I
 ,O,O,I
1997,B,year,I
: ,O,O,I
Der ökologische Fußabdruck,B,title,I
. ,O,O,I
Basel,B,other,I
".
",O,O,I
Wallerstein,B,author,B
", ",I,author,I
I,I,author,I
. ,O,O,I
1995,B,year,I
: ,O,O,I
Die Sozialwissenschaften „kaputtdenken”,B,title,I
. ,O,O,I
Weinheim,B,other,I
".
",O,O,I
Wolff,B,author,B
", ",I,author,I
R,I,author,I
. ,O,O,I
1999,B,year,I
: ,O,O,I
"Popular Planning in King’s Cross, London. Kommunikative Vernunft im Stadtentwicklungsprozess",B,title,I
. (Diss. ETH Zürich) ,O,O,I
Zürich,B,other,I
.,O,O,I
