token,tag,label,ref
BUSCHE,B,author,B
", ",I,author,I
D,I,author,I
. & ,O,O,I
STENGEL,B,author,I
", ",I,author,I
I,I,author,I
. (,O,O,I
1993,B,year,I
): ,O,O,I
Rezente und vorzeitliche äolische Abtragung in der Sahara von Ost-Niger,B,title,I
. ,O,O,I
Petermanns Geogr. Mitteilungen,B,source,I
", ",O,O,I
137,B,volume,I
: ,O,O,I
195,B,fpage,I
-,O,O,I
218,B,lpage,I
".
",O,O,I
CORBETT,B,author,B
", ",I,author,I
I.B.,I,author,I
 (,O,O,I
1996,B,year,I
): ,O,O,I
A review of diamondiferous marine deposits off westem Southern Africa,B,title,I
. ,O,O,I
Africa Geoscience Review,B,source,I
", ",O,O,I
3,B,volume,I
 (,O,O,I
2,B,issue,I
): ,O,O,I
157,B,fpage,I
-,O,O,I
174,B,lpage,I
".
",O,O,I
GEOL. SURVEY OF NAMIBIA,B,editor,B
 [ed.] (,O,O,I
1999,B,year,I
): ,O,O,I
Geological Map of South West Africa / Namibia 1:250.000: Blatt 2615,B,title,I
 ,O,O,I
Luderitz,B,other,I
".
",O,O,I
HAGEDORN,B,author,B
", ",I,author,I
H,I,author,I
. (,O,O,I
1968,B,year,I
): ,O,O,I
Über äolische Abtragung und Formung in der Südost-Sahara,B,title,I
. ,O,O,I
Erdkunde,B,source,I
", ",O,O,I
22,B,volume,I
: ,O,O,I
257,B,fpage,I
-,O,O,I
269,B,lpage,I
".
",O,O,I
JASPER,B,author,B
", ",I,author,I
M.J.U.,I,author,I
; ,O,O,I
CHARLESWORTH,B,author,I
", ",I,author,I
E.G.,I,author,I
 & ,O,O,I
STANISTREET,B,author,I
", ",I,author,I
I.G.,I,author,I
 (,O,O,I
1995,B,year,I
): ,O,O,I
Evidence for the Pan-African Adamastor Orogeny from the Gariep Belt (Damara Orogen) in Southern Namibia,B,title,I
. ,O,O,I
25th Congr. Geol. Soc. S. Afr. Johannesburg,B,source,I
", Abstr.-Bd. ",O,O,I
2,B,volume,I
: ,O,O,I
1150,B,fpage,I
-,O,O,I
1153,B,lpage,I
".
",O,O,I
KAISER,B,author,B
", ",I,author,I
E,I,author,I
. (,O,O,I
1926,B,year,I
): ,O,O,I
Höhenschichtenkarte der Deflationslandschaft in der Namib Südwestafrikas,B,title,I
. ,O,O,I
"Abh. Bayer. Akad. Wiss., Math. Phys. Kl. 30",B,editor,I
", ",O,O,I
Mitt. der Geogr. Gesellschaft,B,source,I
 ,O,O,I
München,B,other,I
".
",O,O,I
KAISER,B,author,B
", ",I,author,I
E,I,author,I
. (,O,O,I
1928,B,year,I
): ,O,O,I
Die Diamantenwüste Südwest-Afrikas,B,title,I
. ,O,O,I
Berlin,B,other,I
", ",O,O,I
Reimer,B,publisher,I
". 2 Bde.
",O,O,I
MAINGUET,B,author,B
", ",I,author,I
M,I,author,I
. (,O,O,I
1968,B,year,I
): ,O,O,I
Le Borkou. Aspects d’un modelé éolien,B,title,I
. - ,O,O,I
Ann. de Géogr.,B,source,I
", ",O,O,I
77,B,volume,I
: ,O,O,I
296,B,fpage,I
-,O,O,I
322,B,lpage,I
". 
",O,O,I
"PALLETT, J.",B,editor,B
 [ed.] (,O,O,I
1995,B,year,I
): ,O,O,I
"The Sperrgebiet: Namibia’s least known wilderness. An environmental profile of the Sperrgebiet or Diamond Area 1, in south-weste Namibia",B,title,I
. ,O,O,I
Desert Research Foundation of Namibia and NAMDEB Diamond Corporation (Pty) Ltd.,B,publisher,I
" [eds.], ",O,O,I
Oranjemund,B,other,I
".
",O,O,I
STENGEL,B,author,B
", ",I,author,I
I,I,author,I
. (,O,O,I
1992,B,year,I
): ,O,O,I
Zur äolischen Morphodynamik von Dünen und Sandoberflächen,B,title,I
. ,O,O,I
Würzburger Geographische Arbeiten,B,source,I
", ",O,O,I
83,B,volume,I
", 363 S.
",O,O,I
SURVEYOR GENERAL,B,editor,B
 [ed.]: ,O,O,I
Topogr. maps of Namibia,B,title,I
. ,O,O,I
"Windhoek. 1:250.000: 2615 Lüderitz; 1.50.000: 2615 CA, CB, CC, CD, DA, DB, DC, DD; 2715 AA/AB, AD, BA, BB, BC, BD",B,other,I
.,O,O,I
