token,tag,label,ref
ACOCKS,B,author,B
", ",I,author,I
J.P.H.,I,author,I
 (,O,O,I
1988,B,year,I
): ,O,O,I
Veld types of South Africa,B,title,I
".- 3rd edition, ",O,O,I
Pretoria,B,other,I
".
",O,O,I
AG BODEN,B,editor,B
 (,O,O,I
1994,B,year,I
): ,O,O,I
Bodenkundliche Kartieranleitung,B,title,I
".- 4. Aufl., ",O,O,I
Hannover,B,other,I
".
",O,O,I
ARNAEZ-VADILLO,B,author,B
", ",I,author,I
J,I,author,I
. & ,O,O,I
LARREA,B,author,I
", ",I,author,I
V,I,author,I
. (,O,O,I
1994,B,year,I
): ,O,O,I
Erosion models and hydrogeomorphological functioning on hill-roads,B,title,I
 (,O,O,I
Iberian System,B,editor,I
", ",O,O,I
"La Rioja, Spain",B,other,I
.- ,O,O,I
Z. Geomorph. N.F.,B,source,I
", ",O,O,I
38,B,volume,I
: ,O,O,I
343,B,fpage,I
-,O,O,I
354,B,lpage,I
". 
",O,O,I
BECKEDAHL,B,author,B
", ",I,author,I
H.R.,I,author,I
 & ,O,O,I
DARDIS,B,author,I
", ",I,author,I
G.F,I,author,I
 (,O,O,I
1988,B,year,I
): ,O,O,I
"The role of artificial drainage on the development of soil erosion and gullies: some examples from Transkei, South Africa",B,title,I
.- In: ,O,O,I
"DARDIS, G.F.",B,editor,I
 & ,O,O,I
"MOON, B.P",B,editor,I
: [eds.] (,O,O,I
1988,B,year,I
): ,O,O,I
Geomorphological Studies in South Africa,B,source,I
. ,O,O,I
Rotterdam,B,other,I
".
",O,O,I
BISCI,B,author,B
", ",I,author,I
C,I,author,I
"., ",O,O,I
DRAMIS,B,author,I
", ",I,author,I
F,I,author,I
. & ,O,O,I
GENTIL,B,author,I
", ",I,author,I
B,I,author,I
. (,O,O,I
1992,B,year,I
): ,O,O,I
Recent and present geomorphological evolution of river beds in the southern portion of the Marches Region (Central Italy),B,title,I
.- ,O,O,I
Geoökoplus,B,source,I
 ,O,O,I
3,B,volume,I
: ,O,O,I
83,B,fpage,I
-,O,O,I
96,B,lpage,I
".
",O,O,I
COOPER,B,author,B
", ",I,author,I
J.A.G.,I,author,I
", ",O,O,I
MASON,B,author,I
", ",I,author,I
T.R.,I,author,I
", ",O,O,I
REDDERING,B,author,I
", ",I,author,I
J.S.V.,I,author,I
 & ,O,O,I
ILLENBERGER,B,author,I
", ",I,author,I
W.K.,I,author,I
 (,O,O,I
1989,B,year,I
): ,O,O,I
Geomorphological Effects of the September 1987 flood on the Mgeni Estuary,B,title,I
.- In: ,O,O,I
Survey of September 1987 Natal Floods,B,source,I
 (,O,O,I
1989,B,year,I
). ,O,O,I
South African National Scientific Programmes Report,B,source,I
 No. ,O,O,I
164,B,volume,I
".
",O,O,I
DALRYMPLE,B,author,B
", ",I,author,I
J.B.,I,author,I
", ",O,O,I
BLONG,B,author,I
", ",I,author,I
"R,J.",I,author,I
 & ,O,O,I
CONACHER,B,author,I
",",I,author,I
 A.J.,I,author,I
 (,O,O,I
1968,B,year,I
): ,O,O,I
An hypothetical nine-unit landsurface model,B,title,I
.- ,O,O,I
Z. f. Geomorph. N.F.,B,source,I
 ,O,O,I
12,B,volume,I
: ,O,O,I
60,B,fpage,I
-,O,O,I
76,B,lpage,I
".
",O,O,I
DWAF,B,editor,B
 (,O,O,I
1993,B,year,I
): ,O,O,I
Hazelmere Dam: Capacity Determination,B,title,I
.- ,O,O,I
Department of Water Affairs and Forestry,B,editor,I
. ,O,O,I
Pretoria,B,other,I
".
",O,O,I
ERSKINE,B,author,B
",",I,author,I
 W.D.,I,author,I
", ",O,O,I
GEARY,B,author,I
", ",I,author,I
P.M.,I,author,I
 & ,O,O,I
OUTHET,B,author,I
",",I,author,I
 D.N.,I,author,I
 (,O,O,I
1985,B,year,I
): ,O,O,I
"Potential impacts of sand and gravel extraction on the Hunter River, New South Wales",B,title,I
.-,O,O,I
 Austral. Geogr. Stud.,B,source,I
 ,O,O,I
23,B,volume,I
: ,O,O,I
71,B,fpage,I
-,O,O,I
86,B,lpage,I
".
",O,O,I
ERSKINE,B,author,B
", ",I,author,I
W.D.,I,author,I
 (,O,O,I
1996,B,year,I
): ,O,O,I
Response and recovery of a sand-bed stream to a catastrophic flood,B,title,I
.- ,O,O,I
Z. Geomorph. N.F.,B,source,I
 ,O,O,I
40,B,volume,I
: ,O,O,I
359,B,fpage,I
-,O,O,I
383,B,lpage,I
".
",O,O,I
GARLAND,B,author,B
", ",I,author,I
G.G.,I,author,I
 & ,O,O,I
OLIVIER,B,author,I
", ",I,author,I
M,I,author,I
. (,O,O,I
1993,B,year,I
): ,O,O,I
"Predicting landslides from rainfall in a humid, subtropical region",B,title,I
.- ,O,O,I
Geomorphology,B,source,I
 ,O,O,I
8,B,volume,I
: ,O,O,I
165,B,fpage,I
-,O,O,I
173,B,lpage,I
".
",O,O,I
GOUDIE,B,author,B
", ",I,author,I
A.S.,I,author,I
 (,O,O,I
1988,B,year,I
): ,O,O,I
The geomorphological role of termites and earth-worms in the tropics,B,title,I
.- In: ,O,O,I
"VILES, H.A.",B,editor,I
 [ed.]: ,O,O,I
Biogeomorphology,B,source,I
. ,O,O,I
Oxford,B,other,I
: ,O,O,I
166,B,fpage,I
-,O,O,I
192,B,lpage,I
".
",O,O,I
GOUDIE,B,author,B
 ,I,author,I
A.S.,I,author,I
 (,O,O,I
1994,B,year,I
): ,O,O,I
Mensch und Umwelt,B,title,I
. ,O,O,I
"Heidelberg, Berlin",B,other,I
".
",O,O,I
HSRC = HUMAN SCIENCE RESEARCH COUNCIL,B,editor,B
 (,O,O,I
1991,B,year,I
): ,O,O,I
Republic of South Africa Census Data,B,title,I
. ,O,O,I
Durban,B,other,I
".
",O,O,I
JUNGERIUS,B,author,B
",",I,author,I
 P.D.,I,author,I
 & ,O,O,I
VAN DEN BRINK,B,author,I
 (,O,O,I
1991,B,year,I
): ,O,O,I
The Geomorphology of a Gully Wall,B,title,I
.-,O,O,I
Catena Supplement,B,source,I
 ,O,O,I
19,B,volume,I
: ,O,O,I
57,B,fpage,I
-,O,O,I
69,B,lpage,I
".)
",O,O,I
KING,B,author,B
", ",I,author,I
L,I,author,I
. (,O,O,I
1982,B,year,I
): ,O,O,I
The Natal Monocline,B,title,I
".- 2nd revised edition, ",O,O,I
Pietermaritzburg,B,other,I
".
",O,O,I
LAUER,B,author,B
", ",I,author,I
W,I,author,I
"., ",O,O,I
RAFIQPOOR,B,author,I
", ",I,author,I
M.D.,I,author,I
 & ,O,O,I
FRANKENBERG,B,author,I
", ",I,author,I
P,I,author,I
. (,O,O,I
1996,B,year,I
): ,O,O,I
Die Klimate der Erde. Eine Klassifikation auf ökophysiologischer Grundlage,B,title,I
. ,O,O,I
Erdkunde,B,source,I
 Bd. ,O,O,I
50,B,volume,I
", H.",O,O,I
4,B,issue,I
: ,O,O,I
275,B,fpage,I
-,O,O,I
300,B,lpage,I
"
",O,O,I
LÖFFLER,B,author,B
", ",I,author,I
E,I,author,I
.: (,O,O,I
1996,B,year,I
): ,O,O,I
Bioturbation als Faktor der Reliefgenese in den wechselfeuchten Tropen,B,title,I
.- ,O,O,I
Petermanns Geogr. Mitt.,B,source,I
 ,O,O,I
140,B,volume,I
: ,O,O,I
301,B,fpage,I
-,O,O,I
313,B,lpage,I
".
",O,O,I
MANSHARD,B,author,B
", ",I,author,I
W,I,author,I
. (,O,O,I
1988,B,year,I
). ,O,O,I
Entwicklungsprobleme in den Agrarräumen des tropischen Afrika,B,title,I
. ,O,O,I
Darmstadt,B,other,I
".
",O,O,I
MAUD,B,author,B
", ",I,author,I
R.R.,I,author,I
 (,O,O,I
1968,B,year,I
): ,O,O,I
Quaternary geomorphology and soil formation in coastal Natal,B,title,I
.- ,O,O,I
Z.Geomorph. N.F.,B,source,I
", Suppl.-Bd. ",O,O,I
7,B,volume,I
: ,O,O,I
155,B,fpage,I
-,O,O,I
197,B,lpage,I
".
",O,O,I
MOLL,B,author,B
", ",I,author,I
E.J.,I,author,I
 (,O,O,I
1976,B,year,I
): ,O,O,I
"The Vegetation of the Three Rivers Region, Natal",B,title,I
.- ,O,O,I
Natal Town and Regional Planning Reports,B,source,I
 ,O,O,I
33,B,volume,I
. ,O,O,I
Town and Regional Planning Commission,B,editor,I
", ",O,O,I
Pietermaritzburg,B,other,I
".
",O,O,I
OLLESCH,B,author,B
"., ",I,author,I
G,I,author,I
. & ,O,O,I
SEUFFERT,B,author,I
", ",I,author,I
O,I,author,I
. (,O,O,I
1996,B,year,I
): ,O,O,I
Sediment and soluble load from pasture ecosystems in southern Sardinia. Interpretation on a single event level,B,title,I
. ,O,O,I
"Tagungsbeitrag, 28th International Geographical Congress, The Hague, August 4-10 1996",B,source,I
" - unveröffentlicht
",O,O,I
PEGRAM,B,author,B
", ",I,author,I
G,I,author,I
. & ,O,O,I
ADAMSON,B,author,I
", ",I,author,I
P,I,author,I
. (,O,O,I
1988,B,year,I
): ,O,O,I
Revised risk analysis for extreme storms and floods in Natal/KwaZulu,B,title,I
.- ,O,O,I
The Civil Engineer in South Africa,B,source,I
", ",O,O,I
30,B,volume,I
: ,O,O,I
15,B,fpage,I
-,O,O,I
20,B,lpage,I
".
",O,O,I
PULLAN,B,author,B
", ",I,author,I
R.A.,I,author,I
 (,O,O,I
1979,B,year,I
): ,O,O,I
Termite hills in Africa: their characteristics and evolution,B,title,I
. ,O,O,I
Catena,B,source,I
 ,O,O,I
6,B,volume,I
: ,O,O,I
267,B,fpage,I
-,O,O,I
291,B,lpage,I
".
",O,O,I
REID,B,author,B
",",I,author,I
 L.M.,I,author,I
 & ,O,O,I
DUNNE,B,author,I
", ",I,author,I
T,I,author,I
. (,O,O,I
1984,B,year,I
): ,O,O,I
Sediment Production From Forest Road Surfaces,B,title,I
.- ,O,O,I
Water Resources Research,B,source,I
 ,O,O,I
20,B,volume,I
: ,O,O,I
1753,B,fpage,I
-,O,O,I
1761,B,lpage,I
".
",O,O,I
RUSSOW,B,author,B
", ",I,author,I
F,I,author,I
. (,O,O,I
1997,B,year,I
): ,O,O,I
"Geoökologische Untersuchungen zur Bodenerosion und über das Zustandekommen der Sedimentationsrate des Hazelmere Staudamms im Mdloti-Einzugsgebiet, Provinz KwaZulu-Natal, Südafrika",B,title,I
". Mag.-Arb. (unveröff.) am Institut für Geographie, TU Darmstadt.
",O,O,I
SCHULTZ,B,author,B
", ",I,author,I
J,I,author,I
. (,O,O,I
1995,B,year,I
): ,O,O,I
Die Ökozonen der Erde,B,title,I
".- 2. Auflage, ",O,O,I
Stuttgart,B,other,I
".
",O,O,I
SEMMEL,B,author,B
", ",I,author,I
A,I,author,I
. (,O,O,I
1991,B,year,I
): ,O,O,I
"Relief, Gestein, Boden. Grundlagen der Physischen Geographie",B,title,I
 ,O,O,I
L,B,volume,I
- ,O,O,I
Darmstadt,B,other,I
".
",O,O,I
SEUFFERT,B,author,B
", ",I,author,I
0,I,author,I
"., ",O,O,I
K,B,author,I
.,I,author,I
HERRIG,I,author,I
", ",O,O,I
G,B,author,I
. ,I,author,I
OLLESCH,I,author,I
 & ,O,O,I
D,B,author,I
. ,I,author,I
BUSCHE,I,author,I
 (,O,O,I
1999,B,year,I
): ,O,O,I
"REI - An integrated Rainfall Erosivity Index for assessing and corrrelating rainfall structure, runoff and erosion",B,title,I
. ,O,O,I
Geoökodynamik,B,source,I
 ,O,O,I
20,B,volume,I
: ,O,O,I
1,B,fpage,I
-,O,O,I
54,B,lpage,I
"
",O,O,I
SEUFFERT,B,author,B
", ",I,author,I
O,I,author,I
"., ",O,O,I
BUSCHE,B,author,I
", ",I,author,I
D,I,author,I
. & ,O,O,I
LÖWE,B,author,I
", ",I,author,I
P,I,author,I
. (,O,O,I
1999,B,year,I
b): ,O,O,I
Rainfall Structure - Rainfall Erosivity: New concepts to solve old problems,B,title,I
. ,O,O,I
Petermanns Geographische Mitteilungen,B,source,I
 ,O,O,I
144,B,volume,I
", ",O,O,I
5,B,fpage,I
-,O,O,I
6,B,lpage,I
": (in press) 
",O,O,I
TRIEGAARDT,B,author,B
", ",I,author,I
D.O.,I,author,I
", ",O,O,I
TERBLANCHE,B,author,I
", ",I,author,I
D.E.,I,author,I
", ",O,O,I
VAN HEERDEN,B,author,I
", ",I,author,I
J,I,author,I
. & ,O,O,I
LAING,B,author,I
",",I,author,I
 M.V.,I,author,I
 (,O,O,I
1988,B,year,I
): ,O,O,I
The Natal Flood of September 1987,B,title,I
.- ,O,O,I
Technical Paper,B,source,I
 No. ,O,O,I
19,B,volume,I
. ,O,O,I
Department of Environmental Affairs- Weather Bureau,B,editor,I
", ",O,O,I
Pretoria,B,other,I
".
",O,O,I
"UMGENI WATER, WATER QUALITY PLANNING",B,editor,B
 (,O,O,I
1993,B,year,I
): ,O,O,I
Historical and current water quality trends in the Hazelmere Impoundment - Implications for water treatment,B,title,I
.- ,O,O,I
Umgeni Water,B,publisher,I
", ",O,O,I
P‘maritzburg,B,other,I
".
",O,O,I
WEIGT,B,author,B
", ",I,author,I
E,I,author,I
. (,O,O,I
1963,B,year,I
): ,O,O,I
Natur- und Anthropogeographische Probleme der Entwicklungsländer,B,title,I
.- In: ,O,O,I
"Scholz, F.",B,editor,I
 [Hrsg.] (,O,O,I
1985,B,year,I
): ,O,O,I
Entwicklungsländer: Beiträge der Geographie zur Entwicklungsforschung,B,source,I
. ,O,O,I
Darmstadt,B,other,I
.,O,O,I
