token,tag,label,ref
ALDANA JAGUE,B,author,B
", ",I,author,I
E,I,author,I
"., ",O,O,I
SOMMER,B,author,I
", ",I,author,I
M,I,author,I
"., ",O,O,I
SABY,B,author,I
", ",I,author,I
N. P. A.,I,author,I
", ",O,O,I
CORNELIS,B,author,I
", ",I,author,I
J.-T.,I,author,I
", ",O,O,I
VAN WESEMAEL,B,author,I
", ",I,author,I
B,I,author,I
. &c ,O,O,I
VAN OOST,B,author,I
", ",I,author,I
K,I,author,I
. (,O,O,I
2016,B,year,I
): ,O,O,I
High resolution characterization of the soil organic carbon depth profile in a soil landscape affected by erosion,B,title,I
. In: ,O,O,I
Soil and Tillage Research,B,source,I
 ,O,O,I
156,B,volume,I
: ,O,O,I
185,B,fpage,I
-,O,O,I
193,B,lpage,I
".
",O,O,I
ALVAREZ,B,author,B
", ",I,author,I
L. J.,I,author,I
", ",O,O,I
EPSTEIN,B,author,I
", ",I,author,I
H. E.,I,author,I
", ",O,O,I
LI,B,author,I
", ",I,author,I
J,I,author,I
. & ,O,O,I
OKIN,B,author,I
", ",I,author,I
G. S.,I,author,I
 (,O,O,I
2012,B,year,I
): ,O,O,I
Aeolian process effects on vegetation communities in an arid grassland ecosystem,B,title,I
. In: ,O,O,I
Ecology and evolution,B,source,I
 ,O,O,I
2,B,volume,I
(,O,O,I
4,B,issue,I
): S. ,O,O,I
809,B,fpage,I
-,O,O,I
821,B,lpage,I
".
",O,O,I
BLUME,B,author,B
", ",I,author,I
H. P,I,author,I
", ",O,O,I
BRÜMMER,B,author,I
", ",I,author,I
G. H.,I,author,I
", ",O,O,I
HORN,B,author,I
", ",I,author,I
R,I,author,I
"., ",O,O,I
KANDELER,B,author,I
", ",I,author,I
E,I,author,I
"., ",O,O,I
KÖGEL-KNABNER,B,author,I
", ",I,author,I
I,I,author,I
"., ",O,O,I
KRETZSCHMAR,B,author,I
", ",I,author,I
R,I,author,I
"., ",O,O,I
STAHR,B,author,I
", ",I,author,I
K,I,author,I
. & ,O,O,I
WILKE,B,author,I
", ",I,author,I
B.-M.,I,author,I
 (,O,O,I
2010,B,year,I
): ,O,O,I
Lehrbuch der Bodenkunde,B,title,I
. 16. Auflage. ,O,O,I
Scheffer/Schachtschabel,B,editor,I
" [Hrsg.].
",O,O,I
BOIX-FAYOS,B,author,B
", ",I,author,I
C,I,author,I
"., ",O,O,I
VENTE,B,author,I
", ",I,author,I
J. DE,I,author,I
", ",O,O,I
ALBALADEJO,B,author,I
", ",I,author,I
J,I,author,I
. & ,O,O,I
MARTĺNEZ-MENA,B,author,I
", ",I,author,I
M,I,author,I
. (,O,O,I
2009,B,year,I
): ,O,O,I
Soil carbon erosion and stock as affected by land use changes at the catchment scale in Mediterranean ecosystems,B,title,I
. In: ,O,O,I
"Agriculture, Ecosystems & Environment",B,source,I
 ,O,O,I
133,B,volume,I
(,O,O,I
1-2,B,issue,I
): ,O,O,I
75,B,fpage,I
-,O,O,I
85,B,lpage,I
".
",O,O,I
BROGNIEZ,B,author,B
", ",I,author,I
D. DE,I,author,I
", ",O,O,I
BALLABIO,B,author,I
", ",I,author,I
C,I,author,I
"., ",O,O,I
STEVENS,B,author,I
", ",I,author,I
A,I,author,I
"., ",O,O,I
JONES,B,author,I
", ",I,author,I
R. J. A.,I,author,I
", ",O,O,I
MONTANARELLA,B,author,I
", ",I,author,I
L,I,author,I
. &c ,O,O,I
VAN WESEMAEL,B,author,I
", ",I,author,I
B,I,author,I
. (,O,O,I
2015,B,year,I
): ,O,O,I
A map of the topsoil organic carbon content of Europe generated by a generalized additive model,B,title,I
. In: ,O,O,I
European Journal of Soil Science,B,source,I
 ,O,O,I
66,B,volume,I
(,O,O,I
1,B,issue,I
): ,O,O,I
121,B,fpage,I
-,O,O,I
134,B,lpage,I
".
",O,O,I
CHEN,B,author,B
", ",I,author,I
Y,I,author,I
", ",O,O,I
SONG,B,author,I
", ",I,author,I
M,I,author,I
. & ,O,O,I
DONG,B,author,I
", ",I,author,I
M,I,author,I
. (,O,O,I
2002,B,year,I
): ,O,O,I
Soil properties along a hillslope modified by wind erosion in the Ordos Plateau (semi-arid China),B,title,I
. In: ,O,O,I
Geoderma,B,source,I
 ,O,O,I
106,B,volume,I
(,O,O,I
3-4,B,issue,I
): ,O,O,I
331,B,fpage,I
-,O,O,I
340,B,lpage,I
".
",O,O,I
COLAZO,B,author,B
", ",I,author,I
J. C.,I,author,I
 &c ,O,O,I
BUSCHIAZZO,B,author,I
", ",I,author,I
D. E.,I,author,I
 (,O,O,I
2010,B,year,I
): ,O,O,I
Soil dry aggregate stability and wind erodible fraction in a semiarid environment of Argentina,B,title,I
. In: ,O,O,I
Geoderma,B,source,I
 ,O,O,I
159,B,volume,I
(,O,O,I
1-2,B,issue,I
): ,O,O,I
228,B,fpage,I
-,O,O,I
236,B,lpage,I
".
",O,O,I
DAWSON,B,author,B
", ",I,author,I
J. J. C.,I,author,I
 & ,O,O,I
SMITH,B,author,I
", ",I,author,I
P,I,author,I
. (,O,O,I
2007,B,year,I
): ,O,O,I
Carbon losses from soil and its consequences for land-use management,B,title,I
. In: ,O,O,I
The Science of the total environment,B,source,I
 ,O,O,I
382,B,volume,I
(,O,O,I
2-3,B,issue,I
): ,O,O,I
165,B,fpage,I
-,O,O,I
190,B,lpage,I
".
",O,O,I
FAO,B,editor,B
 (,O,O,I
2014,B,year,I
): ,O,O,I
World reference base for soil resources 2014. International soil classification system for naming soils and creating legends for soil maps,B,title,I
. ,O,O,I
Rome,B,other,I
: ,O,O,I
FAO (World soil resources reports),B,source,I
. Online verfügbar unter ,O,O,I
http%3A//www.worldcat.org/oclc/885436109,B,url,I
".
",O,O,I
FARSANG,B,author,B
", ",I,author,I
A,I,author,I
"., ",O,O,I
DUTTMANN,B,author,I
", ",I,author,I
R,I,author,I
"., ",O,O,I
BARTUS,B,author,I
", ",I,author,I
M,I,author,I
"., ",O,O,I
SZATMÁRI,B,author,I
", ",I,author,I
J,I,author,I
"., ",O,O,I
BARTA,B,author,I
", ",I,author,I
K,I,author,I
. & ,O,O,I
BOZSÓ,B,author,I
", ",I,author,I
G,I,author,I
. (,O,O,I
2013,B,year,I
): ,O,O,I
Estimation of Soil Material Transportation by Wind Based on in Situ Wind Tunnel Experiments,B,title,I
. In: ,O,O,I
Journal of Environmental Geography,B,source,I
 ,O,O,I
6,B,volume,I
(,O,O,I
3-4,B,issue,I
): ,O,O,I
13,B,fpage,I
-,O,O,I
20,B,lpage,I
".
",O,O,I
FISTER,B,author,B
", ",I,author,I
W,I,author,I
"., ",O,O,I
ISERLOH,B,author,I
", ",I,author,I
T,I,author,I
", ",O,O,I
RIES,B,author,I
", ",I,author,I
J. B.,I,author,I
 & ,O,O,I
SCHMIDT,B,author,I
", ",I,author,I
R.-G.,I,author,I
 (,O,O,I
2012,B,year,I
): ,O,O,I
A portable wind and rainfall simulator for in situ soil erosion measurements,B,title,I
. In: ,O,O,I
CATENA,B,source,I
 ,O,O,I
91,B,volume,I
: ,O,O,I
72,B,fpage,I
-,O,O,I
84,B,lpage,I
".
",O,O,I
FUNK,B,author,B
", ",I,author,I
R,I,author,I
"., ",O,O,I
SKIDMORE,B,author,I
", ",I,author,I
E,I,author,I
. &c ,O,O,I
HAGEN,B,author,I
", ",I,author,I
L,I,author,I
. (,O,O,I
2004,B,year,I
): ,O,O,I
Comparison of wind erosion measurements in Germany with simulated soil losses by WEPS,B,title,I
. In: ,O,O,I
Environmental Modelling & Software,B,source,I
 ,O,O,I
19,B,volume,I
(,O,O,I
2,B,issue,I
): ,O,O,I
177,B,fpage,I
-,O,O,I
183,B,lpage,I
".
",O,O,I
GENIS,B,author,B
", ",I,author,I
A,I,author,I
"., ",O,O,I
VULFSON,B,author,I
", ",I,author,I
L,I,author,I
. & ,O,O,I
BEN-ASHER,B,author,I
", ",I,author,I
J,I,author,I
. (,O,O,I
2013,B,year,I
): ,O,O,I
Combating wind erosion of sandy soils and crop damage in the coastal deserts: Wind tunnel experiments,B,title,I
. In: ,O,O,I
Aeolian Research,B,source,I
 ,O,O,I
9,B,volume,I
: ,O,O,I
69,B,fpage,I
-,O,O,I
73,B,lpage,I
".
",O,O,I
GREGORICH,B,author,B
", ",I,author,I
E.G.,I,author,I
", ",O,O,I
GREER,B,author,I
", ",I,author,I
K.J.,I,author,I
", ",O,O,I
ANDERSON,B,author,I
", ",I,author,I
D.W.,I,author,I
 & ,O,O,I
LIANG,B,author,I
", ",I,author,I
B.C.,I,author,I
 (,O,O,I
1998,B,year,I
): ,O,O,I
Carbon distribution and losses: erosion and deposition effects,B,title,I
. In: ,O,O,I
Soil and Tillage Reserach,B,source,I
 ,O,O,I
47,B,volume,I
: ,O,O,I
291,B,fpage,I
-,O,O,I
302,B,lpage,I
".
",O,O,I
JOBBAGY,B,author,B
", ",I,author,I
E G.,I,author,I
 & ,O,O,I
JACKSON,B,author,I
", ",I,author,I
R. B.,I,author,I
 (,O,O,I
2000,B,year,I
): ,O,O,I
The Vertical Distribution of Soil Organic Carbon and Its Relation to Climate and Vegetation,B,title,I
. In: ,O,O,I
Ecological Applications,B,source,I
 ,O,O,I
10,B,volume,I
(,O,O,I
2,B,issue,I
): ,O,O,I
423,B,fpage,I
".
",O,O,I
KÖRSCHENS,B,author,B
", ",I,author,I
M,I,author,I
. (,O,O,I
2010,B,year,I
): ,O,O,I
"Der organische Kohlenstoff im Boden (Corg) - Bedeutung, Bestimmung, Bewertung. Soil organic carbon (Corg) - importance, determination, evaluation",B,title,I
. In: ,O,O,I
Archives of Agronomy and Soil Science,B,source,I
 ,O,O,I
56,B,volume,I
(,O,O,I
4,B,issue,I
): ,O,O,I
375,B,fpage,I
-,O,O,I
392,B,lpage,I
".
",O,O,I
LI,B,author,B
", ",I,author,I
D,I,author,I
"., ",O,O,I
SCHÄDEL,B,author,I
", ",I,author,I
C,I,author,I
"., ",O,O,I
HADDIX,B,author,I
", ",I,author,I
M. L.,I,author,I
", ",O,O,I
PAUL,B,author,I
", ",I,author,I
E. A.,I,author,I
", ",O,O,I
CONANT,B,author,I
", ",I,author,I
R,I,author,I
. &c ,O,O,I
LI,B,author,I
", ",I,author,I
J,I,author,I
. (,O,O,I
2013,B,year,I
): ,O,O,I
Differential responses of soil organic carbon fractions to warming: Results from an analysis with data assimilation,B,title,I
. In: ,O,O,I
Soil Biology and Biochemistry,B,source,I
 ,O,O,I
67,B,volume,I
: ,O,O,I
24,B,fpage,I
-,O,O,I
30,B,lpage,I
".
",O,O,I
LIU,B,author,B
", ",I,author,I
X,I,author,I
"., ",O,O,I
HERBERT,B,author,I
", ",I,author,I
S. J.,I,author,I
", ",O,O,I
HASHEMI,B,author,I
", ",I,author,I
A. M.,I,author,I
", ",O,O,I
ZHANG,B,author,I
", ",I,author,I
X,I,author,I
. & ,O,O,I
GIND,B,author,I
", ",I,author,I
G,I,author,I
. (,O,O,I
2006,B,year,I
) ,O,O,I
Effects of agricultural management on soil organic matter and carbon transformation - a review,B,title,I
. In: ,O,O,I
Plant Soil Environment,B,source,I
 ,O,O,I
52,B,volume,I
: ,O,O,I
531,B,fpage,I
-,O,O,I
543,B,lpage,I
".
",O,O,I
PETICZKA,B,author,B
", ",I,author,I
R,I,author,I
. (,O,O,I
2010,B,year,I
): ,O,O,I
Endbericht: Forschungsscheck 826022 “In Situ Windkanal”,B,title,I
" (nicht öffentlich verfügbar).
",O,O,I
RITCHIE,B,author,B
", ",I,author,I
J. C.,I,author,I
", ",O,O,I
MCCARTY,B,author,I
", ",I,author,I
G. W,I,author,I
", ",O,O,I
VENTERIS,B,author,I
", ",I,author,I
E. R.,I,author,I
 & ,O,O,I
KASPAR,B,author,I
", ",I,author,I
T. C.,I,author,I
 (,O,O,I
2007,B,year,I
): ,O,O,I
Soil and soil organic carbon redistribution on the landscape,B,title,I
. In: ,O,O,I
Geomorphology,B,source,I
 ,O,O,I
89,B,volume,I
(,O,O,I
1-2,B,issue,I
): ,O,O,I
163,B,fpage,I
-,O,O,I
171,B,lpage,I
".
",O,O,I
RUIZ-COLMENERO,B,author,B
", ",I,author,I
M,I,author,I
"., ",O,O,I
BIENES,B,author,I
", ",I,author,I
R,I,author,I
"., ",O,O,I
ELDRIDGE,B,author,I
", ",I,author,I
D. J.,I,author,I
 & ,O,O,I
MARQUES,B,author,I
", ",I,author,I
M. J.,I,author,I
 (,O,O,I
2013,B,year,I
): ,O,O,I
Vegetation cover reduces erosion and enhances soil organic carbon in a vineyard in the central Spain,B,title,I
. In: ,O,O,I
CATENA,B,source,I
 ,O,O,I
104,B,volume,I
: ,O,O,I
153,B,fpage,I
-,O,O,I
160,B,lpage,I
".
",O,O,I
RYALS,B,author,B
", ",I,author,I
R,I,author,I
"., ",O,O,I
KAISER,B,author,I
", ",I,author,I
M,I,author,I
"., ",O,O,I
TORN,B,author,I
", ",I,author,I
M. S.,I,author,I
", ",O,O,I
BERHE,B,author,I
", ",I,author,I
A. A.,I,author,I
 & ,O,O,I
SILVER,B,author,I
", ",I,author,I
W. L.,I,author,I
 (,O,O,I
2014,B,year,I
): ,O,O,I
Impacts of organic matter amendments on carbon and nitrogen dynamics in grassland soils,B,title,I
. In: ,O,O,I
Soil Biology and Biochemistry,B,source,I
 ,O,O,I
68,B,volume,I
: ,O,O,I
52,B,fpage,I
-,O,O,I
61,B,lpage,I
".
",O,O,I
SIX,B,author,B
", ",I,author,I
J,I,author,I
. & ,O,O,I
PAUSTIAN,B,author,I
", ",I,author,I
K,I,author,I
. (,O,O,I
2014,B,year,I
): ,O,O,I
Aggregate-associated soil organic matter as an ecosystem property and a measurement tool,B,title,I
. In: ,O,O,I
Soil Biology and Biochemistry,B,source,I
 ,O,O,I
68,B,volume,I
: ,O,O,I
A4,B,fpage,I
-,O,O,I
A9,B,lpage,I
".
",O,O,I
STARK,B,author,B
", ",I,author,I
C,I,author,I
"., ",O,O,I
CONDRON,B,author,I
", ",I,author,I
L. M.,I,author,I
", ",O,O,I
STEWART,B,author,I
", ",I,author,I
A,I,author,I
"., ",O,O,I
DI,B,author,I
", ",I,author,I
H. J.,I,author,I
 & ,O,O,I
O’CALLAGHAN,B,author,I
", ",I,author,I
M,I,author,I
. (,O,O,I
2007,B,year,I
): ,O,O,I
Influence of organic and mineral amendments on microbial soil properties and processes,B,title,I
. In: ,O,O,I
Applied Soil Ecology,B,source,I
 ,O,O,I
35,B,volume,I
(,O,O,I
1,B,issue,I
): ,O,O,I
79,B,fpage,I
-,O,O,I
93,B,lpage,I
".
",O,O,I
TANG,B,author,B
", ",I,author,I
F. K.,I,author,I
", ",O,O,I
CUI,B,author,I
", ",I,author,I
M,I,author,I
"., ",O,O,I
LU,B,author,I
", ",I,author,I
Q,I,author,I
"., ",O,O,I
LIU,B,author,I
", ",I,author,I
Y. G.,I,author,I
", ",O,O,I
GUO,B,author,I
", ",I,author,I
H. Y.,I,author,I
 & ,O,O,I
ZHOU,B,author,I
", ",I,author,I
J. X.,I,author,I
 (,O,O,I
2016,B,year,I
): ,O,O,I
Effects of vegetation restoration on the aggregate stability and distribution of aggregate-associated organic carbon in a typical karst gorge region,B,title,I
. In: ,O,O,I
Solid Earth,B,source,I
 ,O,O,I
7,B,volume,I
(,O,O,I
1,B,issue,I
): ,O,O,I
141,B,fpage,I
-,O,O,I
151,B,lpage,I
".
",O,O,I
WANG,B,author,B
", ",I,author,I
L,I,author,I
"., ",O,O,I
SHI,B,author,I
", ",I,author,I
Z. H.,I,author,I
", ",O,O,I
WU,B,author,I
", ",I,author,I
G. L.,I,author,I
 & ,O,O,I
FANG,B,author,I
", ",I,author,I
N. F.,I,author,I
 (,O,O,I
2014,B,year,I
): ,O,O,I
Freeze/thaw and soil moisture effects on wind erosion,B,title,I
. In: ,O,O,I
Geomorphology,B,source,I
 ,O,O,I
207,B,volume,I
: ,O,O,I
141,B,fpage,I
-,O,O,I
148,B,lpage,I
".
",O,O,I
WANG,B,author,B
", ",I,author,I
X,I,author,I
"., ",O,O,I
OENEMA,B,author,I
", ",I,author,I
O,I,author,I
"., ",O,O,I
HOOGMOED,B,author,I
", ",I,author,I
W. B.,I,author,I
", ",O,O,I
PERDOK,B,author,I
", ",I,author,I
U. D.,I,author,I
 & ,O,O,I
CAI,B,author,I
", ",I,author,I
D,I,author,I
. (,O,O,I
2006,B,year,I
): ,O,O,I
Dust storm erosion and its impact on soil carbon and nitrogen losses in northern China,B,title,I
. In: ,O,O,I
CATENA,B,source,I
 ,O,O,I
66,B,volume,I
(,O,O,I
3,B,issue,I
): ,O,O,I
221,B,fpage,I
-,O,O,I
227,B,lpage,I
".
",O,O,I
WIAUX,B,author,B
", ",I,author,I
E,I,author,I
", ",O,O,I
CORNELIS,B,author,I
", ",I,author,I
J.-T.,I,author,I
", ",O,O,I
CAO,B,author,I
", ",I,author,I
W,I,author,I
", ",O,O,I
VANCLOOSTER,B,author,I
", ",I,author,I
M,I,author,I
. ,O,O,I
VAN OOST,B,author,I
", ",I,author,I
K,I,author,I
. (,O,O,I
2014,B,year,I
): ,O,O,I
Combined effect of geomorphic and pedogenic processes on the distribution of soil organic carbon quality along an eroding hillslope on loess soil,B,title,I
. In: ,O,O,I
Geoderma,B,source,I
 ,O,O,I
216,B,volume,I
: ,O,O,I
36,B,fpage,I
-,O,O,I
47,B,lpage,I
".
",O,O,I
YAN,B,author,B
", ",I,author,I
H,I,author,I
"., ",O,O,I
WANG,B,author,I
", ",I,author,I
S,I,author,I
"., ",O,O,I
WANG,B,author,I
", ",I,author,I
C,I,author,I
"., ",O,O,I
ZHANG,B,author,I
", ",I,author,I
G,I,author,I
. & ,O,O,I
PATEL,B,author,I
", ",I,author,I
N,I,author,I
. (,O,O,I
2005,B,year,I
): ,O,O,I
Losses of soil organic carbon under wind erosion in China,B,title,I
. In: ,O,O,I
Global Change Biol,B,source,I
 ,O,O,I
11,B,volume,I
(,O,O,I
5,B,issue,I
): ,O,O,I
828,B,fpage,I
-,O,O,I
840,B,lpage,I
".
",O,O,I
"ZENTRALANSTALT FÜR METEOROLOGIE UND GEODYNAMIK, ZAMG",B,editor,B
 (,O,O,I
2016,B,year,I
) ,O,O,I
Monatsrückblick Juli 2015,B,title,I
; ,O,O,I
http://www.zamg.ac.at/cms/de/klima/klima-aktuell/monatsrueckblick/wetterrueckblick/?jahr=2015&monat=07,B,url,I
" (abgerufen 01.01.2016).
",O,O,I
ZHANG,B,author,B
", ",I,author,I
G. S.,I,author,I
 & ,O,O,I
NI,B,author,I
", ",I,author,I
Z. W.,I,author,I
 (,O,O,I
2017,B,year,I
): ,O,O,I
"Winter tillage impacts on soil organic carbon, aggregation and CO 2 emission in a rainfed vegetable cropping system of the mid—Yunnan plateau, China",B,title,I
. In: ,O,O,I
Soil and Tillage Research,B,source,I
 ,O,O,I
165,B,volume,I
: ,O,O,I
294,B,fpage,I
-,O,O,I
301,B,lpage,I
".
",O,O,I
ZOBECK,B,author,B
", ",I,author,I
T. M,I,author,I
"., ",O,O,I
BADDOCK,B,author,I
", ",I,author,I
M,I,author,I
"., ",O,O,I
SCOTT,B,author,I
", ",I,author,I
V. P,I,author,I
"., ",O,O,I
TATARKO,B,author,I
", ",I,author,I
J,I,author,I
. &c ,O,O,I
ACOSTA-MARTINEZ,B,author,I
", ",I,author,I
V,I,author,I
. (,O,O,I
2013,B,year,I
): ,O,O,I
Soil property effects on wind erosion of organic soils,B,title,I
. In: ,O,O,I
Aeolian Research,B,source,I
 ,O,O,I
10,B,volume,I
: ,O,O,I
43,B,fpage,I
—,O,O,I
51,B,lpage,I
.,O,O,I
