token,tag,label,ref
ABDALA,B,author,B
", ",I,author,I
G. C.,I,author,I
", ",O,O,I
CALDAS,B,author,I
",",I,author,I
 L. S.,I,author,I
", ",O,O,I
HARIDASAN,B,author,I
", ",I,author,I
M,I,author,I
. & ,O,O,I
EITEN,B,author,I
", ",I,author,I
G,I,author,I
. (,O,O,I
1998,B,year,I
): ,O,O,I
Above and belowground organic matter and root:shoot ratio in a cerrado in Central Brazil,B,title,I
. In: ,O,O,I
Brazilian Journal of Ecology,B,source,I
 ,O,O,I
2,B,volume,I
(,O,O,I
1,B,issue,I
): ,O,O,I
11,B,fpage,I
-,O,O,I
23,B,lpage,I
".
",O,O,I
ARANTES,B,author,B
", ",I,author,I
A. E.,I,author,I
", ",O,O,I
FERREIRA,B,author,I
",",I,author,I
 L. G.,I,author,I
 & ,O,O,I
COE,B,author,I
", ",I,author,I
M. T.,I,author,I
 (,O,O,I
2016,B,year,I
): ,O,O,I
"The seasonal carbon and water balances of the Cerrado environment of Brazil: Past, present, and future influences of land cover and land use",B,title,I
. In: ,O,O,I
ISPRS Journal of Photogrammetry and Remote Sensing,B,source,I
 ,O,O,I
117,B,volume,I
: ,O,O,I
66,B,fpage,I
-,O,O,I
78,B,lpage,I
".
",O,O,I
ARAUJO,B,author,B
", ",I,author,I
L.S.,I,author,I
", ",O,O,I
SANTOS,B,author,I
", ",I,author,I
J.R.,I,author,I
", ",O,O,I
KEIL,B,author,I
", ",I,author,I
M,I,author,I
"., ",O,O,I
LACRUZ,B,author,I
",",I,author,I
 M.S.P.,I,author,I
 & ,O,O,I
KRAMER,B,author,I
", ",I,author,I
J.C.M.,I,author,I
 (,O,O,I
2001,B,year,I
): ,O,O,I
Razáo entre bandas do SIR-C/X SAR para estimativa de biomassa em áreas de contato floresta e cerrado,B,title,I
. In: ,O,O,I
"Proceedings of X SBSR. Foz do Igua^u (Brazil), April 21-26, 2001",B,source,I
".
",O,O,I
BAKER,B,author,B
", ",I,author,I
T. R.,I,author,I
", ",O,O,I
PHILLIPS,B,author,I
", ",I,author,I
O. L.,I,author,I
", ",O,O,I
MALHI,B,author,I
", ",I,author,I
Y,I,author,I
"., ",O,O,I
ALMEIDA,B,author,I
", ",I,author,I
S,I,author,I
"., ",O,O,I
ARROYO,B,author,I
", ",I,author,I
L,I,author,I
"., ",O,O,I
DI FIORE,B,author,I
", ",I,author,I
A,I,author,I
"., ",O,O,I
ERWIN,B,author,I
", ",I,author,I
T,I,author,I
", ",O,O,I
KILLEEN,B,author,I
", ",I,author,I
T. J.,I,author,I
", ",O,O,I
LAURANCE,B,author,I
", ",I,author,I
S. G.,I,author,I
", ",O,O,I
LAURANCE,B,author,I
", ",I,author,I
W. F,I,author,I
", ",O,O,I
LEWIS,B,author,I
", ",I,author,I
S. L.,I,author,I
", ",O,O,I
LLOYD,B,author,I
", ",I,author,I
J,I,author,I
"., ",O,O,I
MONTEAGUDO,B,author,I
", ",I,author,I
A,I,author,I
"., ",O,O,I
NEILL,B,author,I
", ",I,author,I
D. A.,I,author,I
", ",O,O,I
PATINO,B,author,I
", ",I,author,I
S,I,author,I
"., ",O,O,I
PITMAN,B,author,I
", ",I,author,I
N. C. A.,I,author,I
",  ",O,O,I
M. SILVA,B,author,I
", ",I,author,I
J. N.,I,author,I
 & ,O,O,I
VASQUEZ MARTINEZ,B,author,I
", ",I,author,I
R,I,author,I
. (,O,O,I
2004,B,year,I
): ,O,O,I
Variation in wood density determines spatial patterns in Amazonian forest biomass,B,title,I
. In: ,O,O,I
Global change biology,B,source,I
 ,O,O,I
10,B,volume,I
(,O,O,I
5,B,issue,I
): ,O,O,I
545,B,fpage,I
-,O,O,I
562,B,lpage,I
".
",O,O,I
BALDERAS TORRES,B,author,B
", ",I,author,I
A,I,author,I
. & ,O,O,I
LOVETT,B,author,I
", ",I,author,I
J. C.,I,author,I
 (,O,O,I
2013,B,year,I
): ,O,O,I
"Using basal area to estimate aboveground carbon stocks in forests: La Primavera Biospheres Reserve, Mexico",B,title,I
. In: ,O,O,I
Forestry,B,source,I
 ,O,O,I
86,B,volume,I
(,O,O,I
2,B,issue,I
): ,O,O,I
267,B,fpage,I
-,O,O,I
281,B,lpage,I
".
",O,O,I
BEUCHLE,B,author,B
", ",I,author,I
R,I,author,I
"., ",O,O,I
GRECCHI,B,author,I
", ",I,author,I
R. C.,I,author,I
", ",O,O,I
SHIMABUKURO,B,author,I
", ",I,author,I
Y. E.,I,author,I
", ",O,O,I
SELIGER,B,author,I
", ",I,author,I
R,I,author,I
"., ",O,O,I
EVA,B,author,I
", ",I,author,I
H. D.,I,author,I
", ",O,O,I
SANO,B,author,I
", ",I,author,I
E,I,author,I
. & ,O,O,I
ACHARD,B,author,I
", ",I,author,I
F,I,author,I
. (,O,O,I
2015,B,year,I
): ,O,O,I
Land cover changes in the Brazilian Cerrado and Caatinga biomes from 1990 to 2010 based on a systematic remote sensing sampling approach,B,title,I
. In: ,O,O,I
Applied Geography,B,source,I
 ,O,O,I
58,B,volume,I
: ,O,O,I
116,B,fpage,I
-,O,O,I
127,B,lpage,I
".
",O,O,I
BOY,B,author,B
", ",I,author,I
J,I,author,I
"., ",O,O,I
STREY,B,author,I
", ",I,author,I
S,I,author,I
"., ",O,O,I
SCHÖNENBERG,B,author,I
", ",I,author,I
R,I,author,I
"., ",O,O,I
STREY,B,author,I
", ",I,author,I
R,I,author,I
"., ",O,O,I
WEB ER-SANTOS,B,author,I
", ",I,author,I
O,I,author,I
"., ",O,O,I
NENDEL,B,author,I
", ",I,author,I
C,I,author,I
"., ",O,O,I
KLINGLER,B,author,I
", ",I,author,I
M,I,author,I
"., ",O,O,I
SCHUMANN,B,author,I
", ",I,author,I
C,I,author,I
"., ",O,O,I
HARTBERGER,B,author,I
", ",I,author,I
K,I,author,I
. & ,O,O,I
GUGGENBERGER,B,author,I
", ",I,author,I
G,I,author,I
. (,O,O,I
2018,B,year,I
): ,O,O,I
Seeing the forest not for the carbon: why concentrating on land-use-induced carbon stock changes of soils in Brazil can be climate-unfriendly,B,title,I
. ,O,O,I
Reg Environ Change,B,source,I
 ,O,O,I
18,B,volume,I
: ,O,O,I
47,B,fpage,I
"-61.
",O,O,I
BROWN,B,author,B
", ",I,author,I
S,I,author,I
. (,O,O,I
1997,B,year,I
): ,O,O,I
Estimating biomass and biomass change of tropical forests: a primer,B,title,I
. In: ,O,O,I
UN FAO forestry paper,B,source,I
 ,O,O,I
134,B,volume,I
. URL: ,O,O,I
http://www.fao.org/docrep/W4095E/w4095e00.htm#Contents,B,url,I
" (05-22-2017).
",O,O,I
BUSTAMANTE,B,author,B
", ",I,author,I
M. M. C.,I,author,I
  &  ,O,O,I
FERREIRA,B,author,I
", ",I,author,I
L. G.,I,author,I
 (,O,O,I
2010,B,year,I
): ,O,O,I
Landuse change and the carbon budget in the Brazilian Cerrado,B,title,I
. In: ,O,O,I
"HILL, M. J.",B,editor,I
 & ,O,O,I
"HANAN, N. P.",B,editor,I
 (,O,O,I
2010,B,year,I
) [Eds.]: ,O,O,I
Ecosystem function in savannas: measurement and modeling at landscape to global scales,B,source,I
. ,O,O,I
Boca Raton,B,other,I
: ,O,O,I
367,B,fpage,I
-,O,O,I
380,B,lpage,I
".
",O,O,I
CASTRO,B,author,B
", ",I,author,I
E. A. D.,I,author,I
 & ,O,O,I
KAUFFMAN,B,author,I
", ",I,author,I
J. B.,I,author,I
 (,O,O,I
1998,B,year,I
): ,O,O,I
Ecosystem structure in the Brazilian Cerrado,B,title,I
. In: ,O,O,I
Journal of Tropical Ecology,B,source,I
 ,O,O,I
14,B,volume,I
(,O,O,I
3,B,issue,I
): ,O,O,I
263,B,fpage,I
-,O,O,I
283,B,lpage,I
".
",O,O,I
CASTRO DE,B,author,B
", ",I,author,I
E. A.,I,author,I
 (,O,O,I
1995,B,year,I
): ,O,O,I
"Biomass, nutrient pools and response to fire in the Brazilian Cerrado",B,title,I
". MSc Thesis, Oregon State University, USA.
",O,O,I
CHABI,B,author,B
", ",I,author,I
A,I,author,I
"., ",O,O,I
LAUTENBACH,B,author,I
", ",I,author,I
S,I,author,I
"., ",O,O,I
OREKAN,B,author,I
", ",I,author,I
V. O. A.,I,author,I
 & ,O,O,I
KYEI-BAFFOUR,B,author,I
", ",I,author,I
N,I,author,I
. (,O,O,I
2016,B,year,I
): ,O,O,I
Allometric models and aboveground biomass stocks of a West African Sudan Savannah watershed in Benin,B,title,I
. In: ,O,O,I
Carbon balance and management,B,source,I
 ,O,O,I
11,B,volume,I
(,O,O,I
1,B,issue,I
): ,O,O,I
1,B,fpage,I
-,O,O,I
18,B,lpage,I
".
",O,O,I
CHAPLIN-KRAMER,B,author,B
", ",I,author,I
R,I,author,I
"., ",O,O,I
RAMLER,B,author,I
", ",I,author,I
I,I,author,I
"., ",O,O,I
SHARP,B,author,I
", ",I,author,I
R,I,author,I
"., ",O,O,I
HADDAD,B,author,I
", ",I,author,I
N. M.,I,author,I
", ",O,O,I
GERBER,B,author,I
", ",I,author,I
J. S.,I,author,I
", ",O,O,I
WEST,B,author,I
", ",I,author,I
P. C.,I,author,I
", ",O,O,I
MANDLE,B,author,I
", ",I,author,I
L,I,author,I
"., ",O,O,I
ENGSTROM,B,author,I
", ",I,author,I
P,I,author,I
"., ",O,O,I
BACCINI,B,author,I
", ",I,author,I
A,I,author,I
"., ",O,O,I
SIM,B,author,I
", ",I,author,I
S,I,author,I
"., ",O,O,I
MUELLER,B,author,I
", ",I,author,I
C,I,author,I
. & ,O,O,I
KING,B,author,I
", ",I,author,I
H,I,author,I
. (,O,O,I
2015,B,year,I
): ,O,O,I
Degradation in carbon stocks near tropical forest edges,B,title,I
. In: ,O,O,I
Nature communications,B,source,I
 ,O,O,I
6,B,volume,I
: ,O,O,I
1,B,fpage,I
-,O,O,I
6,B,lpage,I
".
",O,O,I
CHAVE,B,author,B
", ",I,author,I
J,I,author,I
"., ",O,O,I
RÉJOU-MÉCHAIN,B,author,I
", ",I,author,I
M,I,author,I
"., ",O,O,I
BÚRQUEZ,B,author,I
", ",I,author,I
A,I,author,I
"., ",O,O,I
CHIDUMAYO,B,author,I
", ",I,author,I
E,I,author,I
"., ",O,O,I
COLGAN,B,author,I
", ",I,author,I
M. S.,I,author,I
", ",O,O,I
DELITTI,B,author,I
", ",I,author,I
W. B. C.,I,author,I
", ",O,O,I
DUQUE,B,author,I
", ",I,author,I
A,I,author,I
"., ",O,O,I
EID,B,author,I
", ",I,author,I
T,I,author,I
", ",O,O,I
FEARNSIDE,B,author,I
",",I,author,I
 P. M.,I,author,I
", ",O,O,I
GOODMAN,B,author,I
", ",I,author,I
R. C.,I,author,I
", ",O,O,I
HENRY,B,author,I
", ",I,author,I
M,I,author,I
"., ",O,O,I
MARTĺNEZ-YRĺZAR,B,author,I
", ",I,author,I
A,I,author,I
"., ",O,O,I
MUGASHA,B,author,I
",",I,author,I
 W. A.,I,author,I
", ",O,O,I
MULLER-LANDAU,B,author,I
", ",I,author,I
H. C.,I,author,I
", ",O,O,I
MENCUCCINI,B,author,I
", ",I,author,I
M,I,author,I
"., ",O,O,I
NELSON,B,author,I
", ",I,author,I
B. W,I,author,I
", ",O,O,I
NGOMANDA,B,author,I
", ",I,author,I
A,I,author,I
"., ",O,O,I
NOGUEIRA,B,author,I
", ",I,author,I
E. M.,I,author,I
", ",O,O,I
ORTIZ-MALAVASSI,B,author,I
", ",I,author,I
E,I,author,I
"., ",O,O,I
PÉLISSIER,B,author,I
", ",I,author,I
R,I,author,I
"., ",O,O,I
PLOTON,B,author,I
", ",I,author,I
P,I,author,I
", ",O,O,I
RYAN,B,author,I
", ",I,author,I
C. M.,I,author,I
", ",O,O,I
SALDARRIAGA,B,author,I
", ",I,author,I
J. G.,I,author,I
 & ,O,O,I
VIEILLEDENT,B,author,I
", ",I,author,I
G,I,author,I
. (,O,O,I
2014,B,year,I
): ,O,O,I
Improved allometric models to estimate the aboveground biomass of tropical trees,B,title,I
. In: ,O,O,I
Global change biology,B,source,I
 ,O,O,I
20,B,volume,I
(,O,O,I
10,B,issue,I
): ,O,O,I
3177,B,fpage,I
-,O,O,I
3190,B,lpage,I
".
",O,O,I
CHAVE,B,author,B
", ",I,author,I
J,I,author,I
"., ",O,O,I
ANDALO,B,author,I
", ",I,author,I
C,I,author,I
"., ",O,O,I
BROWN,B,author,I
", ",I,author,I
S,I,author,I
"., ",O,O,I
CAIRNS,B,author,I
", ",I,author,I
M. A.,I,author,I
", ",O,O,I
CHAMBERS,B,author,I
", ",I,author,I
J. Q.,I,author,I
", ",O,O,I
EAMUS,B,author,I
", ",I,author,I
D,I,author,I
"., ",O,O,I
FÖLSTER,B,author,I
", ",I,author,I
H,I,author,I
"., ",O,O,I
FROMARD,B,author,I
", ",I,author,I
F,I,author,I
".,  ",O,O,I
HIGUCHI,B,author,I
", ",I,author,I
N,I,author,I
"., ",O,O,I
KIRA,B,author,I
", ",I,author,I
T,I,author,I
"., ",O,O,I
LESCURE,B,author,I
", ",I,author,I
J.-P.,I,author,I
", ",O,O,I
NELSON,B,author,I
", ",I,author,I
B. W.,I,author,I
", ",O,O,I
OGAWA,B,author,I
", ",I,author,I
H,I,author,I
"., ",O,O,I
PUIG,B,author,I
", ",I,author,I
H,I,author,I
"., ",O,O,I
RIÉRA,B,author,I
", ",I,author,I
B,I,author,I
. & ,O,O,I
YAMAKURA,B,author,I
", ",I,author,I
T,I,author,I
. (,O,O,I
2005,B,year,I
): ,O,O,I
Tree allometry and improved estimation of carbon stocks and balance in tropical forests,B,title,I
. In: ,O,O,I
Oecologia,B,source,I
 ,O,O,I
145,B,volume,I
(,O,O,I
1,B,issue,I
): ,O,O,I
87,B,fpage,I
-,O,O,I
99,B,lpage,I
".
",O,O,I
CHAVE,B,author,B
", ",I,author,I
J,I,author,I
"., ",O,O,I
CONDIT,B,author,I
", ",I,author,I
R,I,author,I
"., ",O,O,I
AGUILAR,B,author,I
", ",I,author,I
S,I,author,I
"., ",O,O,I
HERNANDEZ,B,author,I
", ",I,author,I
A,I,author,I
"., ",O,O,I
LAO,B,author,I
", ",I,author,I
S,I,author,I
. & ,O,O,I
PEREZ,B,author,I
", ",I,author,I
R,I,author,I
. (,O,O,I
2004,B,year,I
): ,O,O,I
Error propagation and scaling for tropical forest biomass estimates,B,title,I
. In: ,O,O,I
"Philosophical transactions of the Royal Society of London. Series B, Biological sciences",B,source,I
 ,O,O,I
359,B,volume,I
(,O,O,I
1443,B,issue,I
): ,O,O,I
409,B,fpage,I
-,O,O,I
420,B,lpage,I
".
",O,O,I
CLIMATE-DATA.ORG,B,editor,B
 AND ,O,O,I
OPENSTREETMAP.ORG,B,editor,I
 (,O,O,I
2012,B,year,I
): ,O,O,I
Klima & Wetter in Nova Mutum,B,title,I
. In: ,O,O,I
Climate-Data.org,B,source,I
. URL: ,O,O,I
https://de.climate-data.org/location/43166/,B,url,I
" (01-26-2018).
",O,O,I
COUTINHO,B,author,B
", ",I,author,I
L. M.,I,author,I
 (,O,O,I
2002,B,year,I
): ,O,O,I
O bioma do cerrado,B,title,I
. In: ,O,O,I
"KLEIN, A. L.",B,editor,I
 (,O,O,I
2002,B,year,I
) [Ed.]: ,O,O,I
Eugen Warming e o cerrado brasileiro. Um século depois,B,source,I
. ,O,O,I
São Paulo,B,other,I
: ,O,O,I
77,B,fpage,I
-,O,O,I
92,B,lpage,I
".
",O,O,I
DEFRIES,B,author,B
", ",I,author,I
R,I,author,I
"., ",O,O,I
HEROLD,B,author,I
", ",I,author,I
M,I,author,I
"., ",O,O,I
VERCHOT,B,author,I
", ",I,author,I
L,I,author,I
"., ",O,O,I
MACEDO,B,author,I
", ",I,author,I
M. N.,I,author,I
 & ,O,O,I
SHIMABUKU-RO,B,author,I
", ",I,author,I
Y,I,author,I
. (,O,O,I
2013,B,year,I
): ,O,O,I
Export-oriented deforestation in Mato Grosso: harbinger or exception for other tropical forests?,B,title,I
 In: ,O,O,I
Philosophical Transactions of the Royal Society,B,source,I
 ,O,O,I
368,B,volume,I
: ,O,O,I
1,B,fpage,I
-,O,O,I
8,B,lpage,I
".
",O,O,I
DELITTI,B,author,B
", ",I,author,I
W. B. C.,I,author,I
", ",O,O,I
MEGURO,B,author,I
", ",I,author,I
M,I,author,I
. & ,O,O,I
PAUSAS,B,author,I
", ",I,author,I
J. G.,I,author,I
 (,O,O,I
2006,B,year,I
): ,O,O,I
Biomass and mineralmass estimates in a “cerrado” ecosystem,B,title,I
. In: ,O,O,I
Revista Brasileira de Botânica,B,source,I
 ,O,O,I
29,B,volume,I
(,O,O,I
4,B,issue,I
): ,O,O,I
531,B,fpage,I
-,O,O,I
540,B,lpage,I
".
",O,O,I
DI GREGORIO,B,author,B
", ",I,author,I
A,I,author,I
. & ,O,O,I
JANSEN,B,author,I
",",I,author,I
 L. J. M.,I,author,I
 (,O,O,I
2000,B,year,I
): ,O,O,I
Land Cover Classification System (LCCS): Classification Concepts and User Manual,B,title,I
. In: ,O,O,I
"FAO - Environment and Natural Resources Service, GCP/RAF/287/ITA Africover - East Africa Project and Soil Resources, Management and Conservation Service",B,source,I
. URL: ,O,O,I
http://www.fao.org/docrep/003/x0596e/X0596e01n.htm,B,url,I
" (02-06-2018).
",O,O,I
DODONOV,B,author,B
", ",I,author,I
P,I,author,I
"., ",O,O,I
HARPER,B,author,I
", ",I,author,I
K. A.,I,author,I
 & ,O,O,I
SILVA-MATOS,B,author,I
", ",I,author,I
D. M.,I,author,I
 (,O,O,I
2013,B,year,I
): ,O,O,I
The role of edge contrast and forest structure in edge influence,B,title,I
. In: ,O,O,I
Plant Ecology,B,source,I
 ,O,O,I
214,B,volume,I
(,O,O,I
11,B,issue,I
): ,O,O,I
1345,B,fpage,I
-,O,O,I
1359,B,lpage,I
".
",O,O,I
EITEN,B,author,B
", ",I,author,I
G,I,author,I
. (,O,O,I
1972,B,year,I
): ,O,O,I
The Cerrado vegetation of Brazil,B,title,I
. In: ,O,O,I
Botanical Review,B,source,I
 ,O,O,I
38,B,volume,I
(,O,O,I
2,B,issue,I
): ,O,O,I
201,B,fpage,I
-,O,O,I
341,B,lpage,I
".
",O,O,I
FEARNSIDE,B,author,B
", ",I,author,I
P. M.,I,author,I
 (,O,O,I
2018,B,year,I
): ,O,O,I
Brazils Amazonian forest carbon: the key to Southern Amazonia’s significance for global climate,B,title,I
 ,O,O,I
Reg Environ Change,B,source,I
 ,O,O,I
18,B,volume,I
: ,O,O,I
47,B,fpage,I
-,O,O,I
61,B,lpage,I
".
",O,O,I
FEARNSIDE,B,author,B
", ",I,author,I
P. M.,I,author,I
", ",O,O,I
RIGHI,B,author,I
", ",I,author,I
C. A.,I,author,I
", ",O,O,I
ALENCASTRO GRAÇA,B,author,I
", ",I,author,I
P. M. L. DE,I,author,I
", ",O,O,I
KEIZER,B,author,I
", ",I,author,I
E. W. H.,I,author,I
", ",O,O,I
CERRI,B,author,I
", ",I,author,I
C. C.,I,author,I
", ",O,O,I
NOGUEIRA,B,author,I
",",I,author,I
 E. M.,I,author,I
 & ,O,O,I
BARBOSA,B,author,I
", ",I,author,I
R. I.,I,author,I
 (,O,O,I
2009,B,year,I
): ,O,O,I
Biomass and greenhouse-gas emissions from land-use change in Brazil’s Amazonian “arc of deforestation”: The states of Mato Grosso and Rondônia,B,title,I
. In: ,O,O,I
Forest Ecology and Management,B,source,I
 ,O,O,I
258,B,volume,I
(,O,O,I
9,B,issue,I
): ,O,O,I
1968,B,fpage,I
-,O,O,I
1978,B,lpage,I
".
",O,O,I
FEHRMANN,B,author,B
", ",I,author,I
L,I,author,I
. (,O,O,I
2006,B,year,I
): ,O,O,I
Alternative Methoden zur Biomasseschätzung auf Einzelbaumebene unter spezieller Berücksichtigung der k-Nearest Neighbour (k-NN) Methode,B,title,I
" Dissertation. Georg-August-University Göttingen.
",O,O,I
FELFILI,B,author,B
", ",I,author,I
J. M.,I,author,I
", ",O,O,I
CARVALHO,B,author,I
", ",I,author,I
F. A.,I,author,I
 & ,O,O,I
HAIDAR,B,author,I
", ",I,author,I
R. F.,I,author,I
 (,O,O,I
2005,B,year,I
): ,O,O,I
Manual para o monitoramento de parcelas permanentes nos biomas cerrado e pantanal,B,title,I
. ,O,O,I
"Brasília, DF, Brasil",B,other,I
".
",O,O,I
FERREIRA,B,author,B
", ",I,author,I
L. V.,I,author,I
 & ,O,O,I
LAURANCE,B,author,I
", ",I,author,I
W. F.,I,author,I
 (,O,O,I
1997,B,year,I
): ,O,O,I
Effects of Forest Fragmentation on Mortality and Damage of Selected Trees in Central Amazonia,B,title,I
. In: ,O,O,I
Conservation Biology,B,source,I
 ,O,O,I
11,B,volume,I
(,O,O,I
3,B,issue,I
): ,O,O,I
797,B,fpage,I
-,O,O,I
801,B,lpage,I
".
",O,O,I
GIAMBELLUCA,B,author,B
", ",I,author,I
T. W.,I,author,I
", ",O,O,I
SCHOLZ,B,author,I
",",I,author,I
 F. G.,I,author,I
", ",O,O,I
BUCCI,B,author,I
", ",I,author,I
S. J.,I,author,I
", ",O,O,I
MEINZER,B,author,I
", ",I,author,I
F. C.,I,author,I
", ",O,O,I
GOLDSTEIN,B,author,I
", ",I,author,I
G,I,author,I
"., ",O,O,I
HOFFMANN,B,author,I
", ",I,author,I
W. A.,I,author,I
", ",O,O,I
FRANCO,B,author,I
", ",I,author,I
A. C.,I,author,I
 ,O,O,I
BUCHERT,B,author,I
", ",I,author,I
M. P.,I,author,I
 (,O,O,I
2009,B,year,I
): ,O,O,I
Evapotranspiration and energy balance of Brazilian savannas with contrasting tree density,B,title,I
. In: ,O,O,I
Agricultural and Forest Meteorology,B,source,I
 ,O,O,I
149,B,volume,I
(,O,O,I
8,B,issue,I
): ,O,O,I
1365,B,fpage,I
-,O,O,I
1376,B,lpage,I
".
",O,O,I
GÖPEL,B,author,B
", ",I,author,I
J,I,author,I
"., ",O,O,I
SCHÜNGEL,B,author,I
", ",I,author,I
J,I,author,I
"., ",O,O,I
SCHALDACH,B,author,I
", ",I,author,I
R,I,author,I
"., ",O,O,I
MEURER,B,author,I
", ",I,author,I
K. H. E.,I,author,I
", ",O,O,I
JUNGKUNST,B,author,I
", ",I,author,I
H. E,I,author,I
", ",O,O,I
FRANKO,B,author,I
", ",I,author,I
U,I,author,I
"., ",O,O,I
BOY,B,author,I
", ",I,author,I
J,I,author,I
"., ",O,O,I
STREY,B,author,I
", ",I,author,I
R,I,author,I
"., ",O,O,I
STREY,B,author,I
", ",I,author,I
S,I,author,I
"., ",O,O,I
GUGGENBERGER,B,author,I
", ",I,author,I
G,I,author,I
"., ",O,O,I
PARKER,B,author,I
", ",I,author,I
P. S.,I,author,I
 & ,O,O,I
HAMPF,B,author,I
", ",I,author,I
A. C.,I,author,I
 (,O,O,I
2018,B,year,I
): ,O,O,I
Future land-use and land-cover in southern Amazonia and resulting greenhouse gas emissions from agricultural soils,B,title,I
. ,O,O,I
Reg Environ Chang.,B,source,I
 ,O,O,I
18,B,volume,I
(,O,O,I
1,B,issue,I
): ,O,O,I
129,B,fpage,I
-,O,O,I
142,B,lpage,I
".
",O,O,I
GOODLAND,B,author,B
", ",I,author,I
R,I,author,I
. (,O,O,I
1971,B,year,I
): ,O,O,I
A Physiognomic Analysis of the 'Cerrado’ Vegetation of Central Brasil,B,title,I
. In: ,O,O,I
Journal of Ecology,B,source,I
 ,O,O,I
59,B,volume,I
(,O,O,I
2,B,issue,I
): ,O,O,I
411,B,fpage,I
-,O,O,I
419,B,lpage,I
".
",O,O,I
HENRY,B,author,B
", ",I,author,I
M,I,author,I
"., ",O,O,I
BOMBELLI,B,author,I
", ",I,author,I
A,I,author,I
"., ",O,O,I
TROTTA,B,author,I
", ",I,author,I
C,I,author,I
"., ",O,O,I
ALESSANDRINI,B,author,I
", ",I,author,I
A,I,author,I
"., ",O,O,I
BIRIGAZZI,B,author,I
", ",I,author,I
L,I,author,I
"., ",O,O,I
SOLA,B,author,I
", ",I,author,I
G,I,author,I
"., ",O,O,I
VIEILLEDENT,B,author,I
", ",I,author,I
G,I,author,I
"., ",O,O,I
SANTENOISE,B,author,I
", ",I,author,I
P,I,author,I
", ",O,O,I
LONGUETAUD,B,author,I
", ",I,author,I
F,I,author,I
", ",O,O,I
VALENTINE,B,author,I
 ,I,author,I
R,I,author,I
"., ",O,O,I
PICARD,B,author,I
", ",I,author,I
N,I,author,I
. & ,O,O,I
SAINT-ANDRÉ,B,author,I
", ",I,author,I
L,I,author,I
. (,O,O,I
2013,B,year,I
): ,O,O,I
"GlobAllomeTree: international platform for tree allometric equations to support volume, biomass and carbon assessment",B,title,I
. In: ,O,O,I
iForest — Biogeosciences and Forestry,B,source,I
 ,O,O,I
6,B,volume,I
(,O,O,I
5,B,issue,I
): ,O,O,I
326,B,fpage,I
-,O,O,I
330,B,lpage,I
".
",O,O,I
HOFFMANN,B,author,B
", ",I,author,I
W. A.,I,author,I
", ",O,O,I
ADASME,B,author,I
", ",I,author,I
R,I,author,I
"., ",O,O,I
HARIDASAN,B,author,I
", ",I,author,I
M. T,I,author,I
", ",O,O,I
DE CARVALHO,B,author,I
", ",I,author,I
M,I,author,I
"., ",O,O,I
GEIGER,B,author,I
", ",I,author,I
E. L.,I,author,I
", ",O,O,I
PEREIRA,B,author,I
", ",I,author,I
M. A. B.,I,author,I
", ",O,O,I
GOTSCH,B,author,I
", ",I,author,I
S. G.,I,author,I
 & ,O,O,I
FRANCO,B,author,I
", ",I,author,I
A. C.,I,author,I
 (,O,O,I
2009,B,year,I
): ,O,O,I
"Tree topkill, not mortality, governs the dynamics of savanna-forest boundaries under frequent fire in central Brazil",B,title,I
. In: ,O,O,I
Ecology,B,source,I
 ,O,O,I
90,B,volume,I
(,O,O,I
5,B,issue,I
): ,O,O,I
1326,B,fpage,I
-,O,O,I
1337,B,lpage,I
".
",O,O,I
HOLZNER,B,author,B
", ",I,author,I
S,I,author,I
. (,O,O,I
2013,B,year,I
): ,O,O,I
Estimation of Aboveground Biomass in Brazilian Gallery Forests,B,title,I
" Master Thesis. Georg-August-University Göttingen.
",O,O,I
IBGE,B,editor,B
 (,O,O,I
2015,B,year,I
): ,O,O,I
Indicadores de desenvolvimento sustentável - Brasil 2015,B,title,I
. In: ,O,O,I
Estudos e Pesquisas Informaçâo Geográfica,B,source,I
 ,O,O,I
10,B,volume,I
: ,O,O,I
348,B,fpage,I
" in total.
",O,O,I
JANDL,B,author,B
", ",I,author,I
R,I,author,I
"., ",O,O,I
LINDNER,B,author,I
", ",I,author,I
M,I,author,I
"., ",O,O,I
VESTERDAL,B,author,I
", ",I,author,I
L,I,author,I
"., ",O,O,I
BAUWENS,B,author,I
", ",I,author,I
B,I,author,I
"., ",O,O,I
BARITZ,B,author,I
", ",I,author,I
R,I,author,I
"., ",O,O,I
HAGEDORN,B,author,I
", ",I,author,I
F,I,author,I
", ",O,O,I
JOHNSON,B,author,I
", ",I,author,I
D. W.,I,author,I
", ",O,O,I
MINKKINEN,B,author,I
", ",I,author,I
K,I,author,I
. & ,O,O,I
BYRNE,B,author,I
", ",I,author,I
K. A.,I,author,I
 (,O,O,I
2007,B,year,I
): ,O,O,I
How strongly can forest management influence soil carbon sequestration?,B,title,I
 In: ,O,O,I
Geoderma,B,source,I
 ,O,O,I
137,B,fpage,I
(,O,O,I
3-4,B,issue,I
): ,O,O,I
253,B,fpage,I
-,O,O,I
268,B,lpage,I
".
",O,O,I
KAUFFMAN,B,author,B
", ",I,author,I
J. B.,I,author,I
", ",O,O,I
HUGHES,B,author,I
", ",I,author,I
R. F.,I,author,I
 & ,O,O,I
HEIDER,B,author,I
", ",I,author,I
C,I,author,I
. (,O,O,I
2009,B,year,I
): ,O,O,I
"Carbon pool and biomass dynamics associated with deforestation, land use, and agricultural abandonment in the neotropics",B,title,I
. In: ,O,O,I
Ecological Applications,B,source,I
 ,O,O,I
19,B,volume,I
(,O,O,I
5,B,issue,I
): ,O,O,I
1211,B,fpage,I
-,O,O,I
1222,B,lpage,I
".
",O,O,I
KAUFFMAN,B,author,B
", ",I,author,I
J. B.,I,author,I
", ",O,O,I
CUMMINGS,B,author,I
", ",I,author,I
D. L.,I,author,I
 & ,O,O,I
WARD,B,author,I
", ",I,author,I
D. E.,I,author,I
 (,O,O,I
1994,B,year,I
): ,O,O,I
"Relationships of Fire, Biomass and Nutrient Dynamics along a Vegetation Gradient in the Brazilian Cerrado",B,title,I
. In: ,O,O,I
Journal of Ecology,B,source,I
 ,O,O,I
82,B,volume,I
(,O,O,I
3,B,issue,I
): ,O,O,I
519,B,fpage,I
-,O,O,I
531,B,lpage,I
".
",O,O,I
KERSHAW,B,author,B
", ",I,author,I
J. A.,I,author,I
", ",O,O,I
DUCEY,B,author,I
", ",I,author,I
M. J.,I,author,I
", ",O,O,I
BEERS,B,author,I
", ",I,author,I
T. W.,I,author,I
 & ,O,O,I
HUSCH,B,author,I
", ",I,author,I
B,I,author,I
. (,O,O,I
2017,B,year,I
): ,O,O,I
Forest mensuration,B,title,I
. 5rh edition. ,O,O,I
"Chichester, UK, Hoboken, NJ",B,other,I
".
",O,O,I
KULP,B,author,B
", ",I,author,I
L,I,author,I
. (,O,O,I
2018,B,year,I
): ,O,O,I
"Estimation of aboveground biomass and carbon stocks in the Cerrado forests, Mato Grosso, Brazil",B,title,I
". Master Thesis. Georg-August-Universitat Gottingen.
",O,O,I
LAPOLA,B,author,B
", ",I,author,I
D. M.,I,author,I
", ",O,O,I
MARTINELLI,B,author,I
", ",I,author,I
L. A.,I,author,I
", ",O,O,I
PERES,B,author,I
", ",I,author,I
C. A.,I,author,I
", ",O,O,I
OMETTO,B,author,I
", ",I,author,I
J. P,I,author,I
", ",O,O,I
FERREIRA,B,author,I
", ",I,author,I
M. E.,I,author,I
", ",O,O,I
NOBRE,B,author,I
", ",I,author,I
C. A.,I,author,I
  &  ,O,O,I
VIEIRA,B,author,I
", ",I,author,I
I. C.,I,author,I
 (,O,O,I
2014,B,year,I
) ,O,O,I
Pervasive transition of the Brazilian land-use system,B,title,I
. ,O,O,I
Nature climate change,B,source,I
 ,O,O,I
4,B,volume,I
(,O,O,I
1,B,issue,I
): ,O,O,I
27,B,fpage,I
-,O,O,I
35,B,lpage,I
".
",O,O,I
LAURANCE,B,author,B
", ",I,author,I
W. F.,I,author,I
", ",O,O,I
DELAMÔNICA,B,author,I
", ",I,author,I
P,I,author,I
"., ",O,O,I
LAURANCE,B,author,I
", ",I,author,I
S. G.,I,author,I
", ",O,O,I
VASCONCELOS,B,author,I
", ",I,author,I
H. L.,I,author,I
 & ,O,O,I
LOVEJOY,B,author,I
", ",I,author,I
T. E.,I,author,I
 (,O,O,I
2000,B,year,I
): ,O,O,I
Rainforest fragmentation kills big trees,B,title,I
. In: ,O,O,I
Nature,B,source,I
 ,O,O,I
404,B,volume,I
(,O,O,I
6780,B,issue,I
): ,O,O,I
836,B,fpage,I
".
",O,O,I
LAURANCE,B,author,B
", ",I,author,I
W. F.,I,author,I
", ",O,O,I
LAURANCE,B,author,I
", ",I,author,I
S. G.,I,author,I
", ",O,O,I
FERREIRA,B,author,I
", ",I,author,I
L. V.,I,author,I
", ",O,O,I
RANKIN-DE MERONA,B,author,I
", ",I,author,I
J. M.,I,author,I
", ",O,O,I
GASCON,B,author,I
", ",I,author,I
C,I,author,I
. & ,O,O,I
LOVEJOY,B,author,I
", ",I,author,I
T. E.,I,author,I
 (,O,O,I
1997,B,year,I
): ,O,O,I
Biomass Collapse in Amazonian Forest Fragments,B,title,I
. In: ,O,O,I
Science,B,source,I
 ,O,O,I
278,B,volume,I
(,O,O,I
5340,B,issue,I
): ,O,O,I
1117,B,fpage,I
-,O,O,I
1118,B,lpage,I
".
",O,O,I
LILIENFEIN,B,author,B
", ",I,author,I
J,I,author,I
"., ",O,O,I
WILCKE,B,author,I
", ",I,author,I
W,I,author,I
"., ",O,O,I
VILELA,B,author,I
", ",I,author,I
L,I,author,I
"., ",O,O,I
AYARZA,B,author,I
", ",I,author,I
M. A.,I,author,I
", ",O,O,I
LIMA,B,author,I
", ",I,author,I
S. D. C.,I,author,I
 & ,O,O,I
ZECH,B,author,I
", ",I,author,I
W,I,author,I
. (,O,O,I
2003,B,year,I
): ,O,O,I
Soil fertility under native Cerrado and pasture in the Brazilian savanna,B,title,I
. ,O,O,I
Soil Sci. Soc. Am. J.,B,source,I
 ,O,O,I
67,B,volume,I
(,O,O,I
4,B,issue,I
): ,O,O,I
1195,B,fpage,I
-,O,O,I
1205,B,lpage,I
".
",O,O,I
LILIENFEIN,B,author,B
", ",I,author,I
J,I,author,I
"., ",O,O,I
WILCKE,B,author,I
", ",I,author,I
W,I,author,I
"., ",O,O,I
ZIMMERMANN,B,author,I
", ",I,author,I
R,I,author,I
"., ",O,O,I
GERSTBERGER,B,author,I
", ",I,author,I
R,I,author,I
", ",O,O,I
ARAÚJO,B,author,I
", ",I,author,I
G.M.,I,author,I
 & ,O,O,I
ZECH,B,author,I
", ",I,author,I
W,I,author,I
. (,O,O,I
2001,B,year,I
): ,O,O,I
Nutrient storage in soil and biomass of native Brazilian Cerrado,B,title,I
. ,O,O,I
J. Plant Nutr. Soil Sci.,B,source,I
 ,O,O,I
164,B,volume,I
: ,O,O,I
487,B,fpage,I
-,O,O,I
495,B,lpage,I
".
",O,O,I
LOETSCH,B,author,B
", ",I,author,I
F,I,author,I
"., ",O,O,I
ZÖHRER,B,author,I
", ",I,author,I
F,I,author,I
. & ,O,O,I
HALLER,B,author,I
", ",I,author,I
K. E.,I,author,I
 (,O,O,I
1973,B,year,I
): ,O,O,I
Forest Inventory,B,title,I
. ,O,O,I
Munich,B,other,I
".
",O,O,I
MALHADO,B,author,B
", ",I,author,I
A. C. M.,I,author,I
", ",O,O,I
PIRES,B,author,I
", ",I,author,I
G. F.,I,author,I
 & ,O,O,I
COSTA,B,author,I
", ",I,author,I
M. H.,I,author,I
 (,O,O,I
2010,B,year,I
): ,O,O,I
Cerrado Conservation is Essential to Protect the Amazon Rainforest,B,title,I
. In: ,O,O,I
AMBIO,B,source,I
 ,O,O,I
39,B,volume,I
(,O,O,I
8,B,issue,I
): ,O,O,I
580,B,fpage,I
-,O,O,I
584,B,lpage,I
".
",O,O,I
MALHI,B,author,B
", ",I,author,I
Y,I,author,I
"., ",O,O,I
WOOD,B,author,I
", ",I,author,I
D,I,author,I
"., ",O,O,I
BAKER,B,author,I
", ",I,author,I
T. R.,I,author,I
"., ",O,O,I
WRIGHT,B,author,I
", ",I,author,I
J,I,author,I
"., ",O,O,I
PHILLIPS,B,author,I
", ",I,author,I
O. L.,I,author,I
"., ",O,O,I
COCHRANE,B,author,I
", ",I,author,I
T,I,author,I
"., ",O,O,I
MEIR,B,author,I
", ",I,author,I
P,I,author,I
"., ",O,O,I
CHAVE,B,author,I
", ",I,author,I
J,I,author,I
"., ",O,O,I
ALMEIDA,B,author,I
", ",I,author,I
S,I,author,I
"., ",O,O,I
ARROYO,B,author,I
", ",I,author,I
L,I,author,I
"., ",O,O,I
HIIGUCHI,B,author,I
", ",I,author,I
N,I,author,I
"., ",O,O,I
KILLEEN,B,author,I
", ",I,author,I
T. J.,I,author,I
", ",O,O,I
LAURANCE,B,author,I
",",I,author,I
 S. G.,I,author,I
", ",O,O,I
LAURANCE,B,author,I
", ",I,author,I
W. F.,I,author,I
", ",O,O,I
LEWIS,B,author,I
", ",I,author,I
S. L.,I,author,I
", ",O,O,I
MONTEAGUDO,B,author,I
", ",I,author,I
A,I,author,I
"., ",O,O,I
NEILL,B,author,I
", ",I,author,I
D. A.,I,author,I
", ",O,O,I
VARGAS,B,author,I
", ",I,author,I
P. N.,I,author,I
", ",O,O,I
PITMAN,B,author,I
", ",I,author,I
N. C. A.,I,author,I
", ",O,O,I
QUESADA,B,author,I
", ",I,author,I
C. A.,I,author,I
", ",O,O,I
SALOMAO,B,author,I
", ",I,author,I
R,I,author,I
"., ",O,O,I
SILVA,B,author,I
", ",I,author,I
J. N. M.,I,author,I
", ",O,O,I
LEZAMA,B,author,I
", ",I,author,I
A. T.,I,author,I
", ",O,O,I
TERBORGH,B,author,I
", ",I,author,I
J,I,author,I
"., ",O,O,I
MARTINEZ,B,author,I
", ",I,author,I
R. V.,I,author,I
 & ,O,O,I
VINCENTI,B,author,I
", ",I,author,I
B,I,author,I
. (,O,O,I
2006,B,year,I
): ,O,O,I
The regional variation of aboveground live biomass in old-growth Amazonian forests,B,title,I
. In: ,O,O,I
Global change biology,B,source,I
 ,O,O,I
12,B,volume,I
(,O,O,I
7,B,issue,I
): ,O,O,I
1107,B,fpage,I
-,O,O,I
1138,B,lpage,I
".
",O,O,I
MARACAHIPES-SANTOS,B,author,B
", ",I,author,I
L,I,author,I
"., ",O,O,I
LENZA,B,author,I
", ",I,author,I
E,I,author,I
"., ",O,O,I
DOS SANTOS,B,author,I
", ",I,author,I
J. O.,I,author,I
", ",O,O,I
MARIMON,B,author,I
", ",I,author,I
B. S.,I,author,I
", ",O,O,I
EISENLOHR,B,author,I
", ",I,author,I
P. V.,I,author,I
", ",O,O,I
MARIMON JUNIOR,B,author,I
", ",I,author,I
B. H.,I,author,I
 & ,O,O,I
FELDPAUSCH,B,author,I
", ",I,author,I
T. R.,I,author,I
 (,O,O,I
2015,B,year,I
): ,O,O,I
"Diversity, floristic composition, and structure of the woody vegetation of the Cerrado in the Cerrado-Amazon transition zone in Mato Grosso, Brazil",B,title,I
. In: ,O,O,I
Revista Brasileira de Botânica,B,source,I
 ,O,O,I
38,B,volume,I
(,O,O,I
4,B,issue,I
): ,O,O,I
877,B,fpage,I
-,O,O,I
887,B,lpage,I
".
",O,O,I
MARIMON,B,author,B
", ",I,author,I
B. S.,I,author,I
", ",O,O,I
MARIMON-JUNIOR,B,author,I
", ",I,author,I
B. H.,I,author,I
", ",O,O,I
FELDPAUSCH,B,author,I
", ",I,author,I
T. R.,I,author,I
", ",O,O,I
OLIVEIRA-SANTOS,B,author,I
", ",I,author,I
C,I,author,I
"., ",O,O,I
MEWS,B,author,I
", ",I,author,I
H. A.,I,author,I
", ",O,O,I
LOPEZ-GONZALEZ,B,author,I
", ",I,author,I
G,I,author,I
"., ",O,O,I
LLOYD,B,author,I
", ",I,author,I
J,I,author,I
"., ",O,O,I
FRANCZAK,B,author,I
", ",I,author,I
D. D.,I,author,I
", ",O,O,I
OLIVEIRA,B,author,I
", ",I,author,I
E. A. D.,I,author,I
", ",O,O,I
MARACAHIPES,B,author,I
", ",I,author,I
L,I,author,I
"., ",O,O,I
MIGUEL,B,author,I
", ",I,author,I
A,I,author,I
"., ",O,O,I
LENZA,B,author,I
", ",I,author,I
E,I,author,I
. & ,O,O,I
PHILLIPS,B,author,I
", ",I,author,I
O. L.,I,author,I
 (,O,O,I
2014,B,year,I
): ,O,O,I
Disequilibrium and hyperdynamic tree turnover at the forest-cerrado transition zone in southern Amazonia,B,title,I
. In: ,O,O,I
Plant Ecology & Diversity,B,source,I
 ,O,O,I
7,B,volume,I
(,O,O,I
1-2,B,issue,I
): ,O,O,I
281,B,fpage,I
-,O,O,I
292,B,lpage,I
".
",O,O,I
MENDES,B,author,B
", ",I,author,I
F,I,author,I
"., ",O,O,I
BARON,B,author,I
", ",I,author,I
D,I,author,I
"., ",O,O,I
GEROLD,B,author,I
", ",I,author,I
G,I,author,I
"., ",O,O,I
LIESENBERG,B,author,I
", ",I,author,I
V,I,author,I
. & ,O,O,I
ERASMI,B,author,I
", ",I,author,I
S,I,author,I
. (,O,O,I
2018,B,year,I
): ,O,O,I
Optical and radar remote sensing for mapping vegetation type in the transition area of Cerrado and Amazon Biomes (in submission),B,title,I
".
",O,O,I
MIGUEL,B,author,B
", ",I,author,I
E. P,I,author,I
", ",O,O,I
REZENDE,B,author,I
", ",I,author,I
A. V.,I,author,I
", ",O,O,I
LEAL,B,author,I
", ",I,author,I
F. A.,I,author,I
", ",O,O,I
MATRICARDI,B,author,I
", ",I,author,I
E. A. T.,I,author,I
", ",O,O,I
ENCINAS,B,author,I
", ",I,author,I
J. M. I.,I,author,I
 & ,O,O,I
NUNES MIRANDA,B,author,I
", ",I,author,I
J. F.,I,author,I
 (,O,O,I
2017,B,year,I
a): ,O,O,I
"Floristic, structural, and allometric equations to estimate arboreal volume and biomass in a cerradao site",B,title,I
. In: ,O,O,I
Semina: Ciências Agrárias,B,source,I
 ,O,O,I
38,B,volume,I
(,O,O,I
4,B,issue,I
): ,O,O,I
1691,B,fpage,I
-,O,O,I
1702,B,lpage,I
".
",O,O,I
MIGUEL,B,author,B
", ",I,author,I
E. P.,I,author,I
", ",O,O,I
REZENDE,B,author,I
", ",I,author,I
A. V.,I,author,I
", ",O,O,I
PEREIRA,B,author,I
", ",I,author,I
R. S.,I,author,I
", ",O,O,I
AZEVEDO,B,author,I
", ",I,author,I
G. B. DE,I,author,I
 ,O,O,I
", MENEZ MOTA",B,author,I
", ",I,author,I
F. C.,I,author,I
", ",O,O,I
NOGUEIRA DE SOUZA,B,author,I
", ",I,author,I
Á,I,author,I
. & ,O,O,I
SANTOS JOAQUIM,B,author,I
", ",I,author,I
M,I,author,I
. (,O,O,I
2017,B,year,I
b): ,O,O,I
Modeling and prediction of volume and aereal biomass of the tree vegetation in a Cerradao area of Central Brazil,B,title,I
. In: ,O,O,I
Interciencia,B,source,I
 ,O,O,I
42,B,volume,I
(,O,O,I
1,B,issue,I
): ,O,O,I
21,B,fpage,I
-,O,O,I
27,B,lpage,I
".
",O,O,I
MINAMI,B,author,B
", ",I,author,I
P,I,author,I
"., ",O,O,I
RIBEIRO,B,author,I
", ",I,author,I
E. S.,I,author,I
", ",O,O,I
GRÃTAO MARTINS,B,author,I
", ",I,author,I
V,I,author,I
. & ,O,O,I
MOREIRA,B,author,I
", ",I,author,I
E. L.,I,author,I
 (,O,O,I
2017,B,year,I
): ,O,O,I
"Floristica e fitossociologia em mata de galeria e cerradáo no municÍpio de Nova Mutum — MT, Brasil",B,title,I
. In: ,O,O,I
Biodiversidade,B,source,I
 ,O,O,I
16,B,volume,I
(,O,O,I
1,B,issue,I
): ,O,O,I
46,B,fpage,I
-,O,O,I
63,B,lpage,I
".
",O,O,I
MIRANDA,B,author,B
", ",I,author,I
S. DO COUTO DE,I,author,I
", ",O,O,I
BUSTAMANTE,B,author,I
", ",I,author,I
M,I,author,I
"., ",O,O,I
PALACE,B,author,I
", ",I,author,I
M,I,author,I
"., ",O,O,I
HAGEN,B,author,I
", ",I,author,I
S,I,author,I
"., ",O,O,I
KELLER,B,author,I
", ",I,author,I
M,I,author,I
. & ,O,O,I
GUIMARÃES FERREIRA,B,author,I
", ",I,author,I
L,I,author,I
. (,O,O,I
2014,B,year,I
): ,O,O,I
Review. Regional Variations in Biomass Distribution in Brazilian Savanna Woodland,B,title,I
. In: ,O,O,I
Biotropica,B,source,I
 ,O,O,I
46,B,volume,I
(,O,O,I
2,B,issue,I
): ,O,O,I
125,B,fpage,I
-,O,O,I
138,B,lpage,I
".
",O,O,I
MMA,B,editor,B
 (,O,O,I
2014,B,year,I
): ,O,O,I
Plano de ação para prevenção e controle do desmatamento e das queimadas no Cerrado: 2a fase (2014-2015),B,title,I
. In: ,O,O,I
INPE,B,source,I
. URL: ,O,O,I
http://www.dpi.inpe.br/tccerrado/index.php?mais=l,B,url,I
" (01-06-2018).
",O,O,I
MMA,B,editor,B
 (,O,O,I
2006,B,year,I
): ,O,O,I
"EMBRAPA CERRADOS. São Luiz: Folha SA-23-Z-A: cobertura vegetal dos biomas brasileños. 1 mapa, color, 118 cm x 84 cm. Escala 1:250.000. Disponível em",B,title,I
. In: URL: ,O,O,I
http://mapas.mma.gov.br/geodados/brasil/vegetacao/vegetacao2002/,B,url,I
"(03-20-2018).
",O,O,I
MMA,B,editor,B
 (,O,O,I
2002,B,year,I
): ,O,O,I
Mapa interativo. Vegetation coverage in the Cerrado,B,title,I
. In: ,O,O,I
LAPIG. Laboratório de Processamento de Imagens e Geoprocessamento,B,source,I
. URL: ,O,O,I
http://maps.lapig.iesa.ufg.br/lapig.html,B,url,I
" (01-25-2018).
",O,O,I
MORAIS,B,author,B
", ",I,author,I
V. A.,I,author,I
", ",O,O,I
SCOLFORO,B,author,I
", ",I,author,I
J. R. S.,I,author,I
", ",O,O,I
SILVA,B,author,I
", ",I,author,I
C. A.,I,author,I
", ",O,O,I
MELLO,B,author,I
", ",I,author,I
J. M. D.,I,author,I
", ",O,O,I
GOMIDE,B,author,I
", ",I,author,I
L. R.,I,author,I
 & ,O,O,I
DE OLIVEIRA,B,author,I
", ",I,author,I
A. D.,I,author,I
 (,O,O,I
2013,B,year,I
): ,O,O,I
"Carbon and biomass stocks in a fragment of cerradão in Minas Gerais state, Brazil",B,title,I
. In: ,O,O,I
CERNE,B,source,I
 ,O,O,I
19,B,volume,I
(,O,O,I
2,B,issue,I
): ,O,O,I
237,B,fpage,I
-,O,O,I
245,B,lpage,I
".
",O,O,I
NASCIMENTO,B,author,B
", ",I,author,I
H. E. M.,I,author,I
 & ,O,O,I
LAURANCE,B,author,I
", ",I,author,I
W. F.,I,author,I
 (,O,O,I
2006,B,year,I
): ,O,O,I
Efeitos de área e de borda sobre a estrutura florestal em fragmentos de floresta de terra-firme após 13-17 anos de isolamento,B,title,I
. In: ,O,O,I
Acta Amazonica,B,source,I
 ,O,O,I
36,B,volume,I
(,O,O,I
2,B,issue,I
): ,O,O,I
183,B,fpage,I
-,O,O,I
192,B,lpage,I
".
",O,O,I
NASCIMENTO,B,author,B
", ",I,author,I
H. E. M.,I,author,I
 & ,O,O,I
LAURANCE,B,author,I
", ",I,author,I
W. F.,I,author,I
 (,O,O,I
2004,B,year,I
): ,O,O,I
Biomass dynamics in Amazonian forest fragments,B,title,I
. In: ,O,O,I
Ecological Applications,B,source,I
 ,O,O,I
14,B,volume,I
(,O,O,I
4,B,issue,I
): ,O,O,I
127,B,fpage,I
-,O,O,I
138,B,lpage,I
".
",O,O,I
NEPSTAD,B,author,B
", ",I,author,I
D,I,author,I
"., ",O,O,I
MCGRATH,B,author,I
", ",I,author,I
D,I,author,I
"., ",O,O,I
STICKLER,B,author,I
", ",I,author,I
C,I,author,I
"., ",O,O,I
ALENCAR,B,author,I
", ",I,author,I
A,I,author,I
"., ",O,O,I
AZEVEDO,B,author,I
", ",I,author,I
A,I,author,I
"., ",O,O,I
SWETTE,B,author,I
", ",I,author,I
B,I,author,I
"., ",O,O,I
BEZERRA,B,author,I
", ",I,author,I
T,I,author,I
"., ",O,O,I
DIGIANO,B,author,I
", ",I,author,I
M,I,author,I
"., ",O,O,I
SHIMADA,B,author,I
", ",I,author,I
J,I,author,I
"., ",O,O,I
DAMOTTA,B,author,I
", ",I,author,I
R. S.,I,author,I
", ",O,O,I
ARMIJO,B,author,I
", ",I,author,I
E,I,author,I
"., ",O,O,I
CASTELLO,B,author,I
", ",I,author,I
L,I,author,I
"., ",O,O,I
BRANDO,B,author,I
", ",I,author,I
P,I,author,I
", ",O,O,I
HANSEN,B,author,I
", ",I,author,I
M. C.,I,author,I
", ",O,O,I
MCGRATH-HORN,B,author,I
", ",I,author,I
M,I,author,I
"., ",O,O,I
CARVALHO,B,author,I
", ",I,author,I
O,I,author,I
"., ",O,O,I
HESS,B,author,I
", ",I,author,I
L,I,author,I
. (,O,O,I
2014,B,year,I
): ,O,O,I
Slowing Amazon deforestation through public policy and interventions in beef and soy supply chains,B,title,I
. ,O,O,I
Science,B,source,I
 ,O,O,I
344,B,volume,I
: ,O,O,I
1118,B,fpage,I
-,O,O,I
1123,B,lpage,I
".
",O,O,I
NOGUEIRA,B,author,B
", ",I,author,I
E. M.,I,author,I
", ",O,O,I
YANAI,B,author,I
", ",I,author,I
A. M.,I,author,I
", ",O,O,I
VASCONCELOS,B,author,I
", ",I,author,I
S. S. D.,I,author,I
", ",O,O,I
ALENCASTRO GRAÇA,B,author,I
", ",I,author,I
P. M. L.,I,author,I
 DE & ,O,O,I
FEARNSIDE,B,author,I
", ",I,author,I
P. M.,I,author,I
 (,O,O,I
2017,B,year,I
): ,O,O,I
Carbon stocks and losses to deforestation in protected areas in Brazilian Amazonia,B,title,I
. In: ,O,O,I
Regional Environmental Change,B,source,I
 ,O,O,I
18,B,volume,I
(,O,O,I
1,B,issue,I
): ,O,O,I
261,B,fpage,I
-,O,O,I
270,B,lpage,I
".
",O,O,I
NOGUEIRA,B,author,B
", ",I,author,I
E. M.,I,author,I
", ",O,O,I
YANAI,B,author,I
", ",I,author,I
A. M.,I,author,I
", ",O,O,I
FONSECA,B,author,I
", ",I,author,I
F. O. R.,I,author,I
 & ,O,O,I
FEARNSIDE,B,author,I
", ",I,author,I
P. M.,I,author,I
 (,O,O,I
2015,B,year,I
): ,O,O,I
Carbon stock loss from deforestation through 2013 in Brazilian Amazonia,B,title,I
. In: ,O,O,I
Global change biology,B,source,I
 ,O,O,I
21,B,volume,I
(,O,O,I
3,B,issue,I
): ,O,O,I
1271,B,fpage,I
-,O,O,I
1292,B,lpage,I
".
",O,O,I
NOGUEIRA,B,author,B
", ",I,author,I
E. M.,I,author,I
", ",O,O,I
FEARNSIDE,B,author,I
", ",I,author,I
P. M.,I,author,I
", ",O,O,I
NELSON,B,author,I
", ",I,author,I
B. W.,I,author,I
", ",O,O,I
BARBOSA,B,author,I
", ",I,author,I
R. I.,I,author,I
 & ,O,O,I
KEIZER,B,author,I
", ",I,author,I
E. W. H.,I,author,I
 (,O,O,I
2008,B,year,I
): ,O,O,I
Estimates of forest biomass in the Brazilian Amazon: New allometric equations and adjustments to biomass from wood-volume inventories,B,title,I
. In: ,O,O,I
Forest Ecology and Management,B,source,I
 ,O,O,I
256,B,volume,I
(,O,O,I
11,B,issue,I
): ,O,O,I
1853,B,fpage,I
-,O,O,I
1867,B,lpage,I
".
",O,O,I
OLIVEIRA,B,author,B
 ,I,author,I
P. T. S.,I,author,I
", ",O,O,I
NEARING,B,author,I
 ,I,author,I
M. A.,I,author,I
", ",O,O,I
MORAN,B,author,I
 M. S.,I,author,I
", ",O,O,I
GOODRICH,B,author,I
 ,I,author,I
D. C.,I,author,I
", ",O,O,I
WENDLAND,B,author,I
 ,I,author,I
E,I,author,I
. & ,O,O,I
GUPTA,B,author,I
 ,I,author,I
H. V.,I,author,I
 (,O,O,I
2014,B,year,I
): ,O,O,I
Trends in water balance components across the Brazilian Cerrado,B,title,I
. ,O,O,I
Water Resour Res.,B,source,I
 50: ,O,O,I
7100,B,fpage,I
-,O,O,I
7114,B,lpage,I
".
",O,O,I
OLIVEIRA-FILHO,B,author,B
", ",I,author,I
A. T.,I,author,I
 & ,O,O,I
RATTER,B,author,I
", ",I,author,I
J. A.,I,author,I
 (,O,O,I
2002,B,year,I
): ,O,O,I
Vegetation Physiognomies and Woody Flora of the Cerrado Biome,B,title,I
. In: ,O,O,I
OLIVEIRA P. S.,B,editor,I
  &  ,O,O,I
"MARQUIS, R. J.",B,editor,I
 (,O,O,I
2002,B,year,I
) [Eds.]: ,O,O,I
The Cerrados of Brazil. Ecology and Natural History of a Neotropical Savanna,B,source,I
. ,O,O,I
New York,B,other,I
: ,O,O,I
91,B,fpage,I
-,O,O,I
120,B,lpage,I
".
",O,O,I
OTTMAR,B,author,B
", ",I,author,I
R. D.,I,author,I
", ",O,O,I
VIHNANEK,B,author,I
", ",I,author,I
R. E.,I,author,I
", ",O,O,I
MIRANDA,B,author,I
",",I,author,I
 H. S.,I,author,I
", ",O,O,I
SATO,B,author,I
", ",I,author,I
M. N.,I,author,I
 & ,O,O,I
ANDRADE,B,author,I
", ",I,author,I
S. M. A.,I,author,I
 (,O,O,I
2001,B,year,I
): ,O,O,I
"Séries de estereo-fotografias para quantificar a biomassa da vegetac, a'o do Cerrado do Brasil Central",B,title,I
 - vol. ,O,O,I
I,B,volume,I
. In: ,O,O,I
USDA,B,editor,I
/,O,O,I
USAID,B,editor,I
/,O,O,I
UnB,B,editor,I
. URL: ,O,O,I
http://redd.mma.gov.br/images/apresentacoes/gttredd_reuniao6_heloisamiranda_estereofotografias.pdf,B,url,I
" (04-25-2018).
",O,O,I
PAULA,B,author,B
", ",I,author,I
M. D. DE,I,author,I
", ",O,O,I
COSTA,B,author,I
", ",I,author,I
C. P. A.,I,author,I
 & ,O,O,I
TABARELLI,B,author,I
", ",I,author,I
M,I,author,I
. (,O,O,I
2011,B,year,I
): ,O,O,I
Carbon Storage in a Fragmented Landscape of Atlantic Forest: The Role Played by Edge-Affected Habitats and Emergent Trees,B,title,I
. In: ,O,O,I
Tropical Conservation Science,B,source,I
 ,O,O,I
4,B,volume,I
(,O,O,I
3,B,issue,I
): ,O,O,I
349,B,fpage,I
-,O,O,I
358,B,lpage,I
".
",O,O,I
PEIXOTO,B,author,B
", ",I,author,I
K. S.,I,author,I
", ",O,O,I
MARIMON-JUNIOR,B,author,I
", ",I,author,I
B. H.,I,author,I
", ",O,O,I
MARIMON,B,author,I
", ",I,author,I
B. S.,I,author,I
", ",O,O,I
ELIAS,B,author,I
", ",I,author,I
F.,I,author,I
", ",O,O,I
FARIAS,B,author,I
", ",I,author,I
J. DE,I,author,I
", ",O,O,I
FREITAG,B,author,I
", ",I,author,I
R,I,author,I
"., ",O,O,I
MEWS,B,author,I
", ",I,author,I
H. A.,I,author,I
", ",O,O,I
DAS NEVES,B,author,I
", ",I,author,I
E. C.,I,author,I
", ",O,O,I
PRESTES,B,author,I
", ",I,author,I
N. C. C. S.,I,author,I
 & ,O,O,I
MALHI,B,author,I
", ",I,author,I
Y,I,author,I
. (,O,O,I
2017,B,year,I
): ,O,O,I
"Unravelling ecosystem functions at the Amazonia-Cerrado transition: II. Carbon stocks and CO2, soil efflux in cerradäo forest undergoing ecological succession",B,title,I
. In: ,O,O,I
Acta Oecologica,B,source,I
 ,O,O,I
82,B,volume,I
: ,O,O,I
23,B,fpage,I
-,O,O,I
31,B,lpage,I
".
",O,O,I
PFADENHAUER,B,author,B
", ",I,author,I
J. S.,I,author,I
 & ,O,O,I
KLÖTZLI,B,author,I
", ",I,author,I
F. A.,I,author,I
 (,O,O,I
2014,B,year,I
): ,O,O,I
"Vegetation der Erde. Grundlagen, Ökologie, Verbreitung",B,title,I
. ,O,O,I
Berlin,B,other,I
".
",O,O,I
PÜTZ,B,author,B
", ",I,author,I
S,I,author,I
"., ",O,O,I
GROENEVELD,B,author,I
", ",I,author,I
J,I,author,I
"., ",O,O,I
HENLE,B,author,I
", ",I,author,I
K,I,author,I
"., ",O,O,I
KNOGGE,B,author,I
", ",I,author,I
C,I,author,I
"., ",O,O,I
MARTENSEN,B,author,I
", ",I,author,I
A. C.,I,author,I
", ",O,O,I
METZ,B,author,I
", ",I,author,I
M,I,author,I
"., ",O,O,I
METZGER,B,author,I
", ",I,author,I
J. P,I,author,I
", ",O,O,I
RIBEIRO,B,author,I
",",I,author,I
 M. C.,I,author,I
", ",O,O,I
PAULA,B,author,I
", ",I,author,I
M. D. DE,I,author,I
 & ,O,O,I
HUTH,B,author,I
", ",I,author,I
A,I,author,I
. (,O,O,I
2014,B,year,I
): ,O,O,I
Long-term carbon loss in fragmented Neotropical forests,B,title,I
. In: ,O,O,I
Nature communications,B,source,I
 ,O,O,I
5,B,volume,I
: ,O,O,I
1,B,fpage,I
-,O,O,I
8,B,lpage,I
".
",O,O,I
RATTER,B,author,B
", ",I,author,I
J. A.,I,author,I
", ",O,O,I
RICHARDS,B,author,I
", ",I,author,I
P. W.,I,author,I
", ",O,O,I
ARGENT,B,author,I
", ",I,author,I
G,I,author,I
.  &  ,O,O,I
GIFFORD,B,author,I
", ",I,author,I
D. R.,I,author,I
 (,O,O,I
1973,B,year,I
): ,O,O,I
Observations on the Vegetation of Northeastern Mato Grosso. I. The Woody Vegetation Types of the Xavantina-Cachimbo Expedition Area,B,title,I
. In: ,O,O,I
"Philosophical transactions of the Royal Society of London. Series B, Biological sciences",B,source,I
 ,O,O,I
266,B,volume,I
(,O,O,I
880,B,issue,I
): ,O,O,I
449,B,fpage,I
-,O,O,I
492,B,lpage,I
".
",O,O,I
REZENDE,B,author,B
", ",I,author,I
A. V,I,author,I
", ",O,O,I
VALE,B,author,I
", ",I,author,I
A. T. D.,I,author,I
", ",O,O,I
SANQUETTA,B,author,I
", ",I,author,I
C. R.,I,author,I
", ",O,O,I
FIGUEIREDO FILFHO,B,author,I
", ",I,author,I
A,I,author,I
.  & ,O,O,I
 FELFILI,B,author,I
",",I,author,I
 J. M.,I,author,I
 (,O,O,I
2006,B,year,I
): ,O,O,I
"Comparação de modelos matemáticos para estimativa do volume, biomassa e estoque de carbono da vegetação lenhosa de um cerrado sensu stricto em Brasília, DF",B,title,I
. In: ,O,O,I
Scientia Forestalls,B,source,I
 ,O,O,I
71,B,volume,I
(,O,O,I
1,B,issue,I
): ,O,O,I
65,B,fpage,I
-,O,O,I
76,B,lpage,I
".
",O,O,I
RIBEIRO,B,author,B
", ",I,author,I
S. C.,I,author,I
", ",O,O,I
FEHRMANN,B,author,I
", ",I,author,I
L,I,author,I
"., ",O,O,I
SOARES,B,author,I
", ",I,author,I
C. P. B.,I,author,I
", ",O,O,I
JACOVINE,B,author,I
",",I,author,I
 L. A. G.,I,author,I
", ",O,O,I
KLEINN,B,author,I
", ",I,author,I
C,I,author,I
. & ,O,O,I
DE OLIVEIRA GASPAR,B,author,I
", ",I,author,I
R,I,author,I
. (,O,O,I
2011,B,year,I
): ,O,O,I
Above- and belowground biomass in a Brazilian Cerrado,B,title,I
. In: ,O,O,I
Forest Ecology and Management,B,source,I
 ,O,O,I
262,B,volume,I
(,O,O,I
3,B,issue,I
): ,O,O,I
491,B,fpage,I
-,O,O,I
499,B,lpage,I
".
",O,O,I
RIBEIRO,B,author,B
", ",I,author,I
J. F.,I,author,I
", ",O,O,I
SANO,B,author,I
", ",I,author,I
S. M.,I,author,I
", ",O,O,I
MACÊDO,B,author,I
", ",I,author,I
J,I,author,I
. & ,O,O,I
DA SILVA,B,author,I
", ",I,author,I
J. A.,I,author,I
 (,O,O,I
1983,B,year,I
): ,O,O,I
Os principals tipos fitofisionõmicos da região dos Cerrados,B,title,I
. In: ,O,O,I
Boletim de Pesquisa,B,source,I
 ,O,O,I
28,B,volume,I
(,O,O,I
1,B,issue,I
): ,O,O,I
1,B,fpage,I
-,O,O,I
28,B,lpage,I
".
",O,O,I
SAATCHI,B,author,B
", ",I,author,I
S. S.,I,author,I
", ",O,O,I
MARLIER,B,author,I
", ",I,author,I
M,I,author,I
"., ",O,O,I
CHAZDON,B,author,I
", ",I,author,I
R. L.,I,author,I
", ",O,O,I
CLARK,B,author,I
", ",I,author,I
D. B.,I,author,I
 & ,O,O,I
RUSSELL,B,author,I
", ",I,author,I
A. E.,I,author,I
 (,O,O,I
2011,B,year,I
): ,O,O,I
Impact of spatial variability of tropical forest structure on radar estimation of aboveground biomass,B,title,I
. ,O,O,I
Rem Sens Environ,B,source,I
 ,O,O,I
115,B,volume,I
: ,O,O,I
2836,B,fpage,I
-,O,O,I
2849,B,lpage,I
".
",O,O,I
SANKARAN,B,author,B
", ",I,author,I
M,I,author,I
"., ",O,O,I
HANAN,B,author,I
", ",I,author,I
N. P.,I,author,I
", ",O,O,I
SCHOLES,B,author,I
", ",I,author,I
R. J.,I,author,I
", ",O,O,I
RATNAM,B,author,I
", ",I,author,I
J,I,author,I
"., ",O,O,I
AUGUSTINE,B,author,I
", ",I,author,I
D. J.,I,author,I
", ",O,O,I
CADE,B,author,I
", ",I,author,I
B. S.,I,author,I
", ",O,O,I
GIGNOUX,B,author,I
", ",I,author,I
J,I,author,I
"., ",O,O,I
HIGGINS,B,author,I
", ",I,author,I
S. I.,I,author,I
", ",O,O,I
LE ROUX,B,author,I
", ",I,author,I
X,I,author,I
"., ",O,O,I
LUDWIG,B,author,I
", ",I,author,I
F,I,author,I
"., ",O,O,I
ARDO,B,author,I
", ",I,author,I
J,I,author,I
"., ",O,O,I
BANYIKWA,B,author,I
", ",I,author,I
F,I,author,I
"., ",O,O,I
BRONN,B,author,I
", ",I,author,I
A,I,author,I
"., ",O,O,I
BUCINI,B,author,I
", ",I,author,I
G,I,author,I
"., ",O,O,I
CAYLOR,B,author,I
", ",I,author,I
K. K.,I,author,I
", ",O,O,I
COUCHENOUR,B,author,I
", ",I,author,I
M. B.,I,author,I
", ",O,O,I
DIOUF,B,author,I
", ",I,author,I
A,I,author,I
"., ",O,O,I
EKAYA,B,author,I
", ",I,author,I
W,I,author,I
"., ",O,O,I
FERAL,B,author,I
", ",I,author,I
C. J.,I,author,I
", ",O,O,I
FEBRUARY,B,author,I
", ",I,author,I
E. C.,I,author,I
", ",O,O,I
FROST,B,author,I
", ",I,author,I
P. G. H.,I,author,I
", ",O,O,I
HIERNAUX,B,author,I
", ",I,author,I
P,I,author,I
", ",O,O,I
HRABAR,B,author,I
", ",I,author,I
H,I,author,I
"., ",O,O,I
METZGER,B,author,I
", ",I,author,I
K. L.,I,author,I
", ",O,O,I
PRINS,B,author,I
", ",I,author,I
H. H. T,I,author,I
", ",O,O,I
RINGROSE,B,author,I
", ",I,author,I
S,I,author,I
"., ",O,O,I
SEA,B,author,I
", ",I,author,I
W,I,author,I
", ",O,O,I
TEWS,B,author,I
", ",I,author,I
J,I,author,I
"., ",O,O,I
WORDEN,B,author,I
", ",I,author,I
J,I,author,I
.  &  ,O,O,I
ZAMBATIS,B,author,I
", ",I,author,I
N,I,author,I
. (,O,O,I
2005,B,year,I
): ,O,O,I
Determinants of woody cover in African savannas,B,title,I
. In: ,O,O,I
Nature,B,source,I
 ,O,O,I
438,B,volume,I
(,O,O,I
7069,B,issue,I
): ,O,O,I
846,B,fpage,I
-,O,O,I
849,B,lpage,I
".
",O,O,I
SANO,B,author,B
", ",I,author,I
E. E.,I,author,I
", ",O,O,I
ROSA,B,author,I
", ",I,author,I
R,I,author,I
"., ",O,O,I
BRITO,B,author,I
", ",I,author,I
J. L. S.,I,author,I
 & ,O,O,I
FERREIRA,B,author,I
", ",I,author,I
L. G.,I,author,I
 (,O,O,I
2010,B,year,I
): ,O,O,I
Land cover mapping of the tropical savanna region in Brazil,B,title,I
. In: ,O,O,I
Environmental monitoring and assessment,B,source,I
 ,O,O,I
166,B,volume,I
(,O,O,I
1-4,B,issue,I
): ,O,O,I
113,B,fpage,I
-,O,O,I
124,B,lpage,I
".
",O,O,I
SANO,B,author,B
",",I,author,I
 E. E.,I,author,I
", ",O,O,I
ROSA,B,author,I
", ",I,author,I
R,I,author,I
"., ",O,O,I
BRITO,B,author,I
", ",I,author,I
J. L. S.,I,author,I
 & ,O,O,I
FERREIRA,B,author,I
", ",I,author,I
L. G.,I,author,I
 (,O,O,I
2007,B,year,I
): ,O,O,I
Mapeamento de Cobertura Vegetal do Bioma Cerrado: estratégias e resultados,B,title,I
. In: ,O,O,I
Embrapa Documentos,B,source,I
 ,O,O,I
190,B,volume,I
: ,O,O,I
1,B,fpage,I
-,O,O,I
33,B,lpage,I
".
",O,O,I
SANTOS,B,author,B
", ",I,author,I
J. R.,I,author,I
", ",O,O,I
LACRUZ,B,author,I
", ",I,author,I
M. S. P.,I,author,I
", ",O,O,I
ARAUJO,B,author,I
", ",I,author,I
L. S.,I,author,I
 & ,O,O,I
KEIL,B,author,I
", ",I,author,I
M,I,author,I
. (,O,O,I
2002,B,year,I
): ,O,O,I
Savanna and tropical rainforest biomass estimation and spatialization using JERS-1 data,B,title,I
. In: ,O,O,I
International Journal of Remote Sensing,B,source,I
 ,O,O,I
23,B,volume,I
(,O,O,I
7,B,issue,I
): ,O,O,I
1217,B,fpage,I
-,O,O,I
1229,B,lpage,I
".
",O,O,I
SCHOLES,B,author,B
", ",I,author,I
R. J.,I,author,I
 & ,O,O,I
ARCHER,B,author,I
", ",I,author,I
S. R.,I,author,I
 (,O,O,I
1997,B,year,I
): ,O,O,I
Tree-Grass interactions in savannas,B,title,I
. In: ,O,O,I
Annual Review of Ecology and Systematics,B,source,I
 ,O,O,I
28,B,volume,I
(,O,O,I
1,B,issue,I
): ,O,O,I
517,B,fpage,I
-,O,O,I
544,B,lpage,I
".
",O,O,I
SCHUMACHER,B,author,B
", ",I,author,I
F. X.,I,author,I
 & ,O,O,I
DOS SANTOS HALL,B,author,I
", ",I,author,I
F,I,author,I
. (,O,O,I
1933,B,year,I
): ,O,O,I
Logarithmic expression of timber-tree volume,B,title,I
. In: ,O,O,I
Journal of Agricultural Research,B,source,I
 ,O,O,I
47,B,volume,I
(,O,O,I
9,B,issue,I
): ,O,O,I
719,B,fpage,I
-,O,O,I
734,B,lpage,I
".
",O,O,I
SCOLFORO,B,author,B
", ",I,author,I
J. R.,I,author,I
", ",O,O,I
DE MELLO,B,author,I
", ",I,author,I
J. M.,I,author,I
 & ,O,O,I
DE OLIVEIRA,B,author,I
", ",I,author,I
A. D.,I,author,I
 (,O,O,I
2008,B,year,I
): ,O,O,I
"Inventário florestal de Minas Gerais. Cerrado: florística, estrutura, diversidade, similaridade, distribuição diamética e de altura, volumetria, tendências de crescimento e áreas aptas para manejo florestal",B,title,I
. ,O,O,I
Lavras,B,other,I
".
",O,O,I
SILVEIRA,B,author,B
", ",I,author,I
S,I,author,I
. (,O,O,I
2015,B,year,I
): ,O,O,I
Biomas brasileiros,B,title,I
. In: ,O,O,I
SANDERLEI SILVEIRA,B,editor,I
. URL: ,O,O,I
http://sanderlei.com.br/PT/Ensino-Fundamental/Santa-Catarina-Historia-Geografia-31,B,url,I
" (12-12-2017).
",O,O,I
SOUZA,B,author,B
", ",I,author,I
P. B. D.,I,author,I
", ",O,O,I
SAPORETTI JUNIOR,B,author,I
", ",I,author,I
A. W.,I,author,I
", ",O,O,I
SOARES,B,author,I
", ",I,author,I
M. P.,I,author,I
", ",O,O,I
VIANA,B,author,I
", ",I,author,I
R. H. O.,I,author,I
", ",O,O,I
CAMARGOS,B,author,I
", ",I,author,I
V. L. D.,I,author,I
 & ,O,O,I
MEIRA NETO,B,author,I
", ",I,author,I
J. A. A.,I,author,I
 (,O,O,I
2010,B,year,I
): ,O,O,I
Florística de uma área de cerradão na floresta nacional de Paraopeba - Minas Gerais,B,title,I
. In: ,O,O,I
CERNE,B,source,I
 ,O,O,I
16,B,volume,I
(,O,O,I
1,B,issue,I
): ,O,O,I
86,B,fpage,I
-,O,O,I
93,B,lpage,I
".
",O,O,I
STEFFEN,B,author,B
", ",I,author,I
W.,I,author,I
", ",O,O,I
ROCKSTRÖM,B,author,I
", ",I,author,I
J.,I,author,I
", ",O,O,I
RICHARDS,B,author,I
", ",I,author,I
K.,I,author,I
", ",O,O,I
LENTOND,B,author,I
", ",I,author,I
T. M.,I,author,I
", ",O,O,I
FOLKEA,B,author,I
", ",I,author,I
C.,I,author,I
", ",O,O,I
LIVERMAN,B,author,I
", ",I,author,I
D. P.,I,author,I
", ",O,O,I
SUMMERHAYES,B,author,I
", ",I,author,I
C. P.,I,author,I
", ",O,O,I
BARNOSKY,B,author,I
", ",I,author,I
A. D.,I,author,I
", ",O,O,I
CORNELLA,B,author,I
", ",I,author,I
S. E.,I,author,I
 ,O,O,I
CRUCIFIXI,B,author,I
", ",I,author,I
M.,I,author,I
", ",O,O,I
DONGESA,B,author,I
", ",I,author,I
J. F.,I,author,I
", ",O,O,I
FETZERA,B,author,I
", ",I,author,I
I,I,author,I
", ",O,O,I
LADEA,B,author,I
", ",I,author,I
S. J.,I,author,I
", ",O,O,I
SCHEFFERL,B,author,I
", ",I,author,I
M.,I,author,I
", ",O,O,I
WINKELMANN,B,author,I
", ",I,author,I
R.,I,author,I
", & ",O,O,I
SCHELLNHUBER,B,author,I
", ",I,author,I
H. J.,I,author,I
 (,O,O,I
2018,B,year,I
): ,O,O,I
Trajectories of the Earth System in the Anthropocene,B,title,I
. ,O,O,I
PNAS,B,source,I
 ,O,O,I
115,B,volume,I
(,O,O,I
33,B,issue,I
): ,O,O,I
8252,B,fpage,I
-,O,O,I
8259,B,lpage,I
".
",O,O,I
STEUBING,B,author,B
", ",I,author,I
L,I,author,I
. & ,O,O,I
FANGMEIER,B,author,I
", ",I,author,I
A,I,author,I
. (,O,O,I
1992,B,year,I
): ,O,O,I
Pflanzenökologisches Praktikum. Gelände- und Laborpraktikum der terrestrischen Pflanzenökologie,B,title,I
 ,O,O,I
UTB für Wissenschaft Große Reihe,B,source,I
", ",O,O,I
8062,B,volume,I
. ,O,O,I
Stuttgart,B,other,I
".
",O,O,I
TORELLO-RAVENTOS,B,author,B
", ",I,author,I
M,I,author,I
"., ",O,O,I
FELDPAUSCH,B,author,I
",",I,author,I
T. R.,I,author,I
", ",O,O,I
VEENENDAAL,B,author,I
", ",I,author,I
E,I,author,I
"., ",O,O,I
SCHRODT,B,author,I
", ",I,author,I
F,I,author,I
"., ",O,O,I
SAIZ,B,author,I
", ",I,author,I
G,I,author,I
"., ",O,O,I
DOMINGUES,B,author,I
", ",I,author,I
T. F.,I,author,I
", ",O,O,I
DJAGBLETEY,B,author,I
", ",I,author,I
G,I,author,I
"., ",O,O,I
FORD,B,author,I
", ",I,author,I
A,I,author,I
"., ",O,O,I
KEMP,B,author,I
", ",I,author,I
J,I,author,I
"., ",O,O,I
MARIMON,B,author,I
", ",I,author,I
B. S.,I,author,I
", ",O,O,I
HUR MARIMON JUNIOR,B,author,I
", ",I,author,I
B,I,author,I
"., ",O,O,I
LENZA,B,author,I
", ",I,author,I
E,I,author,I
"., ",O,O,I
RATTER,B,author,I
", ",I,author,I
J. A.,I,author,I
", ",O,O,I
MARACAHIPES,B,author,I
", ",I,author,I
L,I,author,I
"., ",O,O,I
SASAKI,B,author,I
", ",I,author,I
D,I,author,I
"., ",O,O,I
SONKÉ,B,author,I
", ",I,author,I
B,I,author,I
"., ",O,O,I
ZAPFACK,B,author,I
", ",I,author,I
L,I,author,I
"., ",O,O,I
TAEDOUMG,B,author,I
", ",I,author,I
H,I,author,I
"., ",O,O,I
VILLARROEL,B,author,I
", ",I,author,I
D,I,author,I
"., ",O,O,I
SCHWARZ,B,author,I
", ",I,author,I
M,I,author,I
"., ",O,O,I
QUESADA,B,author,I
", ",I,author,I
C. A.,I,author,I
", ",O,O,I
YOKO ISHIDA,B,author,I
", ",I,author,I
F,I,author,I
"., ",O,O,I
NARDOTO,B,author,I
", ",I,author,I
G. B.,I,author,I
", ",O,O,I
AFFUM-BAFFOE,B,author,I
", ",I,author,I
K,I,author,I
"., ",O,O,I
ARROYO,B,author,I
", ",I,author,I
L,I,author,I
"., ",O,O,I
M. J. S. BOWMAN,B,author,I
", ",I,author,I
D,I,author,I
"., ",O,O,I
COMPAORE,B,author,I
", ",I,author,I
H,I,author,I
"., ",O,O,I
DAVIES,B,author,I
", ",I,author,I
K,I,author,I
"., ",O,O,I
DIALLO,B,author,I
", ",I,author,I
A,I,author,I
"., ",O,O,I
FYLLAS,B,author,I
", ",I,author,I
N. M.,I,author,I
", ",O,O,I
GILPIN,B,author,I
", ",I,author,I
M,I,author,I
"., ",O,O,I
HIEN,B,author,I
", ",I,author,I
F,I,author,I
"., ",O,O,I
JOHNSON,B,author,I
", ",I,author,I
M,I,author,I
"., ",O,O,I
KILLEEN,B,author,I
", ",I,author,I
T. J.,I,author,I
", ",O,O,I
METCALFE,B,author,I
", ",I,author,I
D,I,author,I
"., ",O,O,I
MIRANDA,B,author,I
", ",I,author,I
H. S.,I,author,I
 ,O,O,I
STEININGER,B,author,I
", ",I,author,I
M,I,author,I
"., ",O,O,I
THOMSON,B,author,I
", ",I,author,I
J,I,author,I
"., ",O,O,I
SYKORA,B,author,I
", ",I,author,I
K,I,author,I
"., ",O,O,I
MOUGIN,B,author,I
", ",I,author,I
E,I,author,I
"., ",O,O,I
HIERNAUX,B,author,I
", ",I,author,I
P,I,author,I
"., ",O,O,I
BIRD,B,author,I
", ",I,author,I
M. I.,I,author,I
", ",O,O,I
GRACE,B,author,I
", ",I,author,I
J,I,author,I
"., ",O,O,I
LEWIS,B,author,I
", ",I,author,I
S. L.,I,author,I
", ",O,O,I
PHILLIPS,B,author,I
", ",I,author,I
O. L.,I,author,I
 & ,O,O,I
LLOYD,B,author,I
", ",I,author,I
J,I,author,I
. (,O,O,I
2012,B,year,I
): ,O,O,I
On the delineation of tropical vegetation types with an emphasis on forest/savanna transitions,B,title,I
. In: ,O,O,I
Plant Ecology & Diversity,B,source,I
 ,O,O,I
6,B,volume,I
(,O,O,I
1,B,issue,I
): ,O,O,I
101,B,fpage,I
-,O,O,I
137,B,lpage,I
".
",O,O,I
VALE,B,author,B
",",I,author,I
 A.T.,I,author,I
", ",O,O,I
FIEDLER,B,author,I
", ",I,author,I
N.C.,I,author,I
 & ,O,O,I
SILVA,B,author,I
", ",I,author,I
G.F.,I,author,I
 (,O,O,I
2002,B,year,I
): ,O,O,I
Avaliação energética da biomassa do Cerrado em função do diâmetro das árvores.,B,title,I
 ,O,O,I
Cieñe. Florest,B,source,I
 ,O,O,I
12,B,volume,I
: ,O,O,I
115,B,fpage,I
-,O,O,I
126,B,lpage,I
".
",O,O,I
VAN BREUGEL,B,author,B
", ",I,author,I
M,I,author,I
"., ",O,O,I
RANSIJN,B,author,I
", ",I,author,I
J,I,author,I
"., ",O,O,I
CRAVEN,B,author,I
", ",I,author,I
D,I,author,I
"., ",O,O,I
BONGERS,B,author,I
", ",I,author,I
F,I,author,I
. & ,O,O,I
HALL,B,author,I
", ",I,author,I
J. S.,I,author,I
 (,O,O,I
2011,B,year,I
): ,O,O,I
Estimating carbon stock in secondary forests: Decisions and uncertainties associated with allometric biomass models,B,title,I
. In: ,O,O,I
Forest Ecology and Management,B,source,I
 ,O,O,I
262,B,volume,I
 (,O,O,I
8,B,issue,I
): ,O,O,I
1648,B,fpage,I
-,O,O,I
1657,B,lpage,I
".
",O,O,I
ZANNE,B,author,B
", ",I,author,I
A. E.,I,author,I
", ",O,O,I
LOPEZ-GONZALEZ,B,author,I
", ",I,author,I
G,I,author,I
"., ",O,O,I
COOMES,B,author,I
", ",I,author,I
D. A.,I,author,I
", ",O,O,I
ILIC,B,author,I
", ",I,author,I
J,I,author,I
"., ",O,O,I
JANSEN,B,author,I
", ",I,author,I
S,I,author,I
"., ",O,O,I
LEWIS,B,author,I
", ",I,author,I
S. L.,I,author,I
", ",O,O,I
MILLER,B,author,I
", ",I,author,I
R. B.,I,author,I
", ",O,O,I
SWENSON,B,author,I
", ",I,author,I
N. G.,I,author,I
", ",O,O,I
WIEMANN,B,author,I
", ",I,author,I
M. C.,I,author,I
 & ,O,O,I
CHAVE,B,author,I
", ",I,author,I
J,I,author,I
. (,O,O,I
2009,B,year,I
): ,O,O,I
Global Wood Density Database,B,title,I
. In: ,O,O,I
Dryad,B,source,I
. URL: ,O,O,I
http://hdl.handle.net/10255/dryad.235,B,identifier,I
 (02-23-2018).,O,O,I
