token,tag,label,ref
AMMERL,B,author,B
", ",I,author,I
T,I,author,I
. (,O,O,I
1997,B,year,I
): ,O,O,I
Untersuchungen zu Bodenerosion in einem landwirtschaftlich intensivgenutzten Gebiet in der Provinz Ciudad de La Habana/Cuba,B,title,I
". Diplomarbeit an der Bayerischen Julius-Maximilian-Universität Würzburg.
",O,O,I
AMMERL,B,author,B
", ",I,author,I
T,I,author,I
"., ",O,O,I
BAUME,B,author,I
", ",I,author,I
O,I,author,I
. ,O,O,I
u. a.,B,other,I
 (,O,O,I
1998,B,year,I
): ,O,O,I
Ökologische und ökonomische Fragen ausgewählter Landschaften auf Cuba,B,title,I
. In: ,O,O,I
Arbeitsberichte Geographisches Institut der Humboldt-Universität zu Berlin,B,source,I
", H. ",O,O,I
32,B,issue,I
".
",O,O,I
BAUME,B,author,B
", ",I,author,I
O,I,author,I
. (,O,O,I
1991,B,year,I
): ,O,O,I
Zur Erfassung und Kennzeichnung der Landschaftsdynamik in intensiv und mehrfach genutzten Landschaften des norddeutschen Jungmoränengebietes,B,title,I
. In: ,O,O,I
Peterm. Geogr. Mitt.,B,source,I
", ",O,O,I
135,B,volume,I
: ,O,O,I
113,B,fpage,I
 - ,O,O,I
120,B,lpage,I
".
",O,O,I
BAUME,B,author,B
", ",I,author,I
O,I,author,I
"., ",O,O,I
BASTIAN,B,author,I
", ",I,author,I
O,I,author,I
. und ,O,O,I
M,B,author,I
. ,I,author,I
RÖDER,I,author,I
 (,O,O,I
1994,B,year,I
): ,O,O,I
Entwicklung und Stand der geographischen Landschaftsforschung in Kuba,B,title,I
. In: ,O,O,I
Peterm. Geogr. Mitt.,B,source,I
", ",O,O,I
138,B,volume,I
: ,O,O,I
235,B,fpage,I
 - ,O,O,I
244,B,lpage,I
".
",O,O,I
BOLLO,B,author,B
", ",I,author,I
M,I,author,I
. (,O,O,I
1997,B,year,I
): ,O,O,I
Degradacion Geoecologica de Areas Periurbanas de la Habana,B,title,I
. In: ,O,O,I
"Ordenamiento Geoecologico de los Paisajes, II. Taller",B,source,I
. ,O,O,I
Habana,B,other,I
. S. ,O,O,I
80,B,fpage,I
-,O,O,I
91,B,lpage,I
".
",O,O,I
BURCHARDT,B,author,B
", ",I,author,I
H.-J.,I,author,I
 (,O,O,I
1996,B,year,I
): ,O,O,I
Kuba - Der lange Abschied von einem Mythos,B,title,I
", ",O,O,I
Stuttgart,B,other,I
".
",O,O,I
FEBLES,B,author,B
", ",I,author,I
J.M.,I,author,I
 (,O,O,I
1988,B,year,I
): ,O,O,I
La erosión de los suelos en las regiones carsicas de la provincia La Habana,B,title,I
. ,O,O,I
Instituto Superior de Ciencias Agropecuarias de La Habana (ISCAH),B,other,I
. ,O,O,I
Ciudad de La Habana,B,other,I
". 
",O,O,I
HENKEL,B,author,B
", ",I,author,I
K,I,author,I
. (,O,O,I
1996,B,year,I
): ,O,O,I
"Kuba zwischen Plan und Markt. Die Transformation zur „dualen Wirtschaft"" seit 1985",B,title,I
", ",O,O,I
Hamburg,B,other,I
".
",O,O,I
INSTITUTO DE GEOGRAFIA DE LA ACADEMİA DE CIENCIAS DE CUBA,B,publisher,B
 (,O,O,I
1989,B,year,I
): ,O,O,I
Nuevo Atlas Nacional de Cuba,B,title,I
. Edit. ,O,O,I
Instituto Geográfico Nacional de España,B,editor,I
. ,O,O,I
Madrid,B,other,I
".
",O,O,I
MATEO,B,author,B
", ",I,author,I
J,I,author,I
. (,O,O,I
1996,B,year,I
): ,O,O,I
Situacion medioambiental de Cuba y Perspectivas de Aplikacion de los Principos del Desarrollo Sustentable,B,title,I
. In: ,O,O,I
Estudios Geograficos,B,source,I
", Tomo ",O,O,I
LVII,B,volume,I
 Nr. ,O,O,I
223,B,issue,I
. ,O,O,I
Madrid,B,other,I
 S. ,O,O,I
219,B,fpage,I
-,O,O,I
243,B,lpage,I
".
",O,O,I
MINISTERIO DE AGRICULTURA - MINAGRI,B,editor,B
 (,O,O,I
1984,B,year,I
): ,O,O,I
Manual de Interpretación de los suelos de Cuba,B,title,I
. ,O,O,I
Ciudad de La Habana,B,other,I
".
",O,O,I
RODRIGUEZ GARCIA,B,author,B
", ",I,author,I
J.L.,I,author,I
 (,O,O,I
1992,B,year,I
): ,O,O,I
La economía de Cuba ante la cambiante conyuntura internacional II,B,title,I
. ,O,O,I
Boletin de información sobre economía Cubana,B,source,I
", ",O,O,I
2,B,volume,I
: ,O,O,I
2,B,fpage,I
-,O,O,I
12,B,lpage,I
".
",O,O,I
VETTER,B,author,B
", ",I,author,I
M,I,author,I
. (,O,O,I
1998,B,year,I
): ,O,O,I
Untersuchungen zur vertikalen und horizontalen Nährstoffdynamik in einem agrarisch genutzten Gebiet der Provinz Ciudad de la Habana/Cuba,B,title,I
. In: ,O,O,I
Terra Nostra. Schriften der Alfred-Wegener-Stiftung,B,source,I
", H. ",O,O,I
5,B,issue,I
".
",O,O,I
ZUIDAM,B,author,B
", ",I,author,I
R.A.,I,author,I
 (,O,O,I
1986,B,year,I
): ,O,O,I
Aerial Photo-Interpretation in Terrain Analysis and Geomorphologie Mapping,B,title,I
. ,O,O,I
The Hague,B,other,I
.,O,O,I
