token,tag,label,ref
Greve,B,author,B
", ",I,author,I
D,I,author,I
.: ,O,O,I
"Ruthen, Hufen und Erben, Vermessung im Kataster in Mecklenburg",B,title,I
", ",O,O,I
Verlagsgruppe Schwerin,B,publisher,I
 ,O,O,I
1998,B,year,I
".
",O,O,I
"Leica S1 Pro, Produktinformation der Leica Camera AG",B,title,B
", ",O,O,I
Solms,B,other,I
 ,O,O,I
1997,B,year,I
".
",O,O,I
Weber,B,author,B
", ",I,author,I
H,I,author,I
.; ,O,O,I
Dörr,B,author,I
", ",I,author,I
M,I,author,I
.: ,O,O,I
Digitisation as a Method of Preservation? Commission on Preservation and Access,B,title,I
", ",O,O,I
Washington,B,other,I
 ,O,O,I
1997,B,year,I
.,O,O,I
