token,tag,label,ref
Asperen,B,author,B
", ",I,author,I
P. van,I,author,I
", (",O,O,I
1996,B,year,I
): ,O,O,I
Digital updates at the Dutch Topographic Service,B,title,I
. In: ,O,O,I
IAPRS,B,source,I
", Vol. ",O,O,I
31,B,volume,I
", ",O,O,I
B4,B,issue,I
", ",O,O,I
Vienna,B,other,I
", pp. ",O,O,I
891,B,fpage,I
-,O,O,I
900,B,lpage,I
". 
",O,O,I
Baatz,B,author,B
", ",I,author,I
M,I,author,I
. & ,O,O,I
Schape,B,author,I
", ",I,author,I
A,I,author,I
. (,O,O,I
1999,B,year,I
): ,O,O,I
Object-oriented and multi-scale image analysis in semantic networks,B,title,I
. In: ,O,O,I
Proc 2nd International Symposium on Operationalisation of Remote Sensing Conference and Exhibition,B,source,I
", CD. 
",O,O,I
Baatz,B,author,B
", ",I,author,I
M,I,author,I
. & ,O,O,I
Schape,B,author,I
", ",I,author,I
A,I,author,I
. (,O,O,I
2000,B,year,I
): ,O,O,I
Multiresolution segmentation - an optimization approach for high quality multi-scale image segmentation,B,title,I
", In: ",O,O,I
"Strobl, J.",B,editor,I
", ",O,O,I
"Blaschke, T.",B,editor,I
 & ,O,O,I
Griesebner G.,B,editor,I
 (Hrsg.): ,O,O,I
"Angewandte Geographische Informationsverarbeitung, Beiträge zum AGIT-Symposium Salzburg 2000",B,source,I
", ",O,O,I
Karlsruhe,B,other,I
".
",O,O,I
Barnsley,B,author,B
", ",I,author,I
M.J.,I,author,I
 & ,O,O,I
Barr,B,author,I
", ",I,author,I
S.L.,I,author,I
 (,O,O,I
1996,B,year,I
): ,O,O,I
Inferring urban land use from satellite sensor images using kernel-based spatial reclassification,B,title,I
", In: ",O,O,I
Photogrammetric Engineering & Remote Sensing,B,source,I
", ",O,O,I
62,B,volume,I
", pp. ",O,O,I
949,B,fpage,I
-,O,O,I
958,B,lpage,I
". 
",O,O,I
Blaschke,B,author,B
", ",I,author,I
T,I,author,I
. (,O,O,I
2000,B,year,I
): ,O,O,I
Objektextraktion und regelbasierte Klassifikation von Fernerkundungsdaten: Neue Möglichkeiten für GIS-Anwender und Planer,B,title,I
", ",O,O,I
"5. Symposium „Computergestützte Raumplanung""",B,source,I
", ",O,O,I
www.corp.at ,B,url,I
"
",O,O,I
Bruniquel-Pinel,B,author,B
", ",I,author,I
V,I,author,I
. & ,O,O,I
Gastellu-Etchegorry,B,author,I
", ",I,author,I
J. P.,I,author,I
 (,O,O,I
1998,B,year,I
): ,O,O,I
Sensitivity of texture of high resolution images of forest to biophysical and acquisition parameters,B,title,I
. In: ,O,O,I
Remote Sensing of Environment,B,source,I
", ",O,O,I
65,B,volume,I
", pp. ",O,O,I
61,B,fpage,I
-,O,O,I
85,B,lpage,I
". 
",O,O,I
Hoffmann,B,author,B
", ",I,author,I
A,I,author,I
. & ,O,O,I
Lehmann,B,author,I
", ",I,author,I
F,I,author,I
. (,O,O,I
2000,B,year,I
): ,O,O,I
Vom Mars zur Erde - die erste digitale Orthobildkarte Berlin mit Daten der Kamera HRSC-A,B,title,I
. In: ,O,O,I
Kartographische Nachrichten,B,source,I
", ",O,O,I
50,B,volume,I
 ,O,O,I
2,B,issue,I
/,O,O,I
2000,B,year,I
", S. ",O,O,I
61,B,fpage,I
-,O,O,I
72,B,lpage,I
". 
",O,O,I
Johnsson,B,author,B
", ",I,author,I
K,I,author,I
. (,O,O,I
1994,B,year,I
): ,O,O,I
Segment-based land use classification from SPOT Satellite data,B,title,I
. In: ,O,O,I
Photogrammetric Engineering & Remote Sensing,B,source,I
", ",O,O,I
60,B,volume,I
 (,O,O,I
I,B,issue,I
"), pp ",O,O,I
47,B,fpage,I
-,O,O,I
53,B,lpage,I
". 
",O,O,I
Lehmann,B,author,B
/,O,O,I
Hoffmann,B,author,I
/ ,O,O,I
Renouard,B,author,I
/,O,O,I
van der Vegt,B,author,I
 (,O,O,I
2000,B,year,I
): ,O,O,I
Fully digital and automatic Production of accurate geodata: The High Resolution Stereo Camera -Airborne (HRSC-A),B,title,I
. In: ,O,O,I
GIM international,B,source,I
 ,O,O,I
7,B,volume,I
/,O,O,I
2000,B,year,I
", pp ",O,O,I
12,B,fpage,I
-,O,O,I
17,B,lpage,I
". 
",O,O,I
Renouard,B,author,B
", ",I,author,I
L,I,author,I
. & ,O,O,I
Lehmann,B,author,I
", ",I,author,I
F,I,author,I
. (,O,O,I
1999,B,year,I
): ,O,O,I
High Resolution Digital Surface Models and Orthoimages for Telecom Network Planning,B,title,I
. In: ,O,O,I
Photogrammetric Week,B,source,I
", ",O,O,I
99,B,volume,I
", ",O,O,I
D. Fritsch,B,editor,I
 & ,O,O,I
D. Spiller,B,editor,I
" (Hrsg.), ",O,O,I
Wichmann,B,publisher,I
", ",O,O,I
"Heidelberg, Germany",B,other,I
", pp. ",O,O,I
241,B,fpage,I
-,O,O,I
247,B,lpage,I
". 
",O,O,I
Smith,B,author,B
", ",I,author,I
M,I,author,I
. & ,O,O,I
Hoffmann,B,author,I
", ",I,author,I
A,I,author,I
. (,O,O,I
2000,B,year,I
): ,O,O,I
Parcel-based approaches to the classification of fine spatial resolution imagery: Example methodologies using HRSC-A data,B,title,I
. In: ,O,O,I
IAPRS,B,source,I
 Vol. ,O,O,I
XXXIII,B,volume,I
 ,O,O,I
Amsterdam,B,other,I
 ,O,O,I
2000,B,year,I
". 
",O,O,I
Wewel,B,author,B
", ",I,author,I
F,I,author,I
. & ,O,O,I
Scholten,B,author,I
", ",I,author,I
F,I,author,I
. (,O,O,I
1999,B,year,I
): ,O,O,I
High Resolution Stereo Camera (HRSC): Multispectral data acquisition and photogrammetric data processing,B,title,I
. In: ,O,O,I
Proc. 4lh International Airborne Remote Sensing Conference and Exhibition,B,source,I
", Vol. ",O,O,I
I,B,volume,I
", pp ",O,O,I
263,B,fpage,I
-,O,O,I
271,B,lpage,I
". 
",O,O,I
Townshend,B,author,B
", ",I,author,I
J.R.G.,I,author,I
", ",O,O,I
Huang,B,author,I
", ",I,author,I
C,I,author,I
", ",O,O,I
Kalluri,B,author,I
", ",I,author,I
S.N.V.,I,author,I
", ",O,O,I
Defries,B,author,I
", ",I,author,I
R. S.,I,author,I
", ",O,O,I
Liang,B,author,I
", ",I,author,I
S,I,author,I
. (,O,O,I
2000,B,year,I
): ,O,O,I
Beware of per-pixel characterization of land,B,title,I
. In: ,O,O,I
International Journal of Remote Sensing,B,source,I
", vol. ",O,O,I
21,B,volume,I
", no ",O,O,I
4,B,issue,I
", pp ",O,O,I
839,B,fpage,I
-,O,O,I
843,B,lpage,I
.,O,O,I
