token,tag,label,ref
Baumgardt,B,author,B
", ",I,author,I
Michael,I,author,I
 ,O,O,I
12000,B,year,I
): ,O,O,I
Webdesign mit Adobe Photoshop 5.5. Webgrafiken professionell gestalten mit Mac und PC,B,title,I
. ,O,O,I
Addison-Wesley,B,publisher,I
", ",O,O,I
München,B,other,I
".
",O,O,I
Celeste,B,author,B
", ",I,author,I
Anthony,I,author,I
 (,O,O,I
2000,B,year,I
): ,O,O,I
"The Future of Web Design Part I, II and III",B,title,I
. In: ,O,O,I
"Corel Designer.com, Focus",B,source,I
. (,O,O,I
http://www.designer.com/focus/articles/web_future_3/web_future_all.htm,B,url,I
")
",O,O,I
Dickmann,B,author,B
", ",I,author,I
Frank,I,author,I
 (,O,O,I
2000,B,year,I
 a): ,O,O,I
Webmapping (Teil I): Kartenpräsentation im World Wide Web,B,title,I
. In: ,O,O,I
Geographische Rundschau,B,source,I
 ,O,O,I
52,B,volume,I
", Heft ",O,O,I
3,B,issue,I
", ",O,O,I
Westermann,B,publisher,I
", ",O,O,I
Braunschweig,B,other,I
", S. ",O,O,I
42,B,fpage,I
-,O,O,I
47,B,lpage,I
".
",O,O,I
Dickmann,B,author,B
", ",I,author,I
Frank,I,author,I
 (,O,O,I
2000,B,year,I
 b): ,O,O,I
Webmapping (Teil II): Kartenentwurf mit dem World Wide Web,B,title,I
. In: ,O,O,I
Geografische Rundschau,B,source,I
 ,O,O,I
52,B,volume,I
", Heft ",O,O,I
5,B,issue,I
", ",O,O,I
Westermann,B,publisher,I
", ",O,O,I
Braunschweig,B,other,I
", S. ",O,O,I
51,B,fpage,I
-,O,O,I
56,B,lpage,I
".
",O,O,I
Gartner,B,author,B
", ",I,author,I
Georg,I,author,I
 (,O,O,I
1996,B,year,I
): ,O,O,I
Internet für Kartographen,B,title,I
. In: ,O,O,I
Kartographische Nachrichten,B,source,I
 ,O,O,I
46,B,volume,I
", Heft ",O,O,I
5,B,issue,I
", ",O,O,I
Kirschbaum Verlag,B,publisher,I
", ",O,O,I
Bonn,B,other,I
", S. ",O,O,I
185,B,fpage,I
-,O,O,I
190,B,lpage,I
".
",O,O,I
McKelvey,B,author,B
", ",I,author,I
Roy,I,author,I
 (,O,O,I
1999,B,year,I
): ,O,O,I
Hypergraphics. Design und Architektur von Websites,B,title,I
. ,O,O,I
Rowohlt Taschenbuch Verlag,B,publisher,I
", ",O,O,I
Reinbeck,B,other,I
".
",O,O,I
Müller,B,author,B
", ",I,author,I
J. C.,I,author,I
 und ,O,O,I
U,B,author,I
. ,I,author,I
Grebe,I,author,I
 (,O,O,I
2000,B,year,I
): ,O,O,I
"Lingo, eine Skriptsprache für die Herstellung animierter und interaktiver Karten",B,title,I
. In: ,O,O,I
"Buziek, G.",B,editor,I
", ",O,O,I
"Dransch, D.",B,editor,I
 und ,O,O,I
W.-D. Rase,B,editor,I
 (Hrsg.): ,O,O,I
Dynamische Visualisierung. Grundlagen mit Anwendungsbeispielen aus der Kartographie,B,source,I
. ,O,O,I
Springer Verlag,B,publisher,I
", ",O,O,I
Heidelberg,B,other,I
" (Erscheinungstermin: Juli 2000). (Aktuelle Informationen von der Springer-Homepage). 
",O,O,I
Schlimm,B,author,B
", ",I,author,I
Reinhold,I,author,I
 (,O,O,I
1998,B,year,I
): ,O,O,I
Aufbau eines Kartographischen Informationssystems im World Wide Web,B,title,I
. In: ,O,O,I
Kartographische Nachrichten,B,source,I
 ,O,O,I
48,B,volume,I
", Heft ",O,O,I
1,B,issue,I
", ",O,O,I
Kirschbaum Verlag,B,publisher,I
", ",O,O,I
Bonn,B,other,I
", S. ",O,O,I
1,B,fpage,I
-,O,O,I
8,B,lpage,I
.,O,O,I
