token,tag,label,ref
Al-Nakib,B,author,B
", ",I,author,I
N,I,author,I
. (,O,O,I
1996,B,year,I
): ,O,O,I
Interpretation und digitale Bearbeitung von Kartenobjekten aus SAR-Daten für die Kartenherstellung der Maßstäbe 1:25 000 und 1:100 000,B,title,I
", Diplomarbeit, Fachhochschule ",O,O,I
München,B,other,I
". 
",O,O,I
Huber,B,author,B
", ",I,author,I
R,I,author,I
"., ",O,O,I
Schmieder,B,author,I
", ",I,author,I
A,I,author,I
. (,O,O,I
1997,B,year,I
): ,O,O,I
Automatic extraction of cartographic features from airborne interferometric SAR data,B,title,I
", ",O,O,I
Proceedings of EUROPTO Symposium on Aerospace Remote Sensing,B,source,I
", ",O,O,I
"London, UK",B,other,I
", p. ",O,O,I
188,B,fpage,I
-,O,O,I
196,B,lpage,I
". 
",O,O,I
Keim,B,author,B
", ",I,author,I
A,I,author,I
. (,O,O,I
1997,B,year,I
): ,O,O,I
Untersuchung zur Fortführung von ATKIS-DLM 25-Daten durch visuelle Interpretation von SAR-Bildern,B,title,I
", Diplomarbeit, Fachhochschule ",O,O,I
München,B,other,I
". 
",O,O,I
Schmieder,B,author,B
", ",I,author,I
A,I,author,I
"., ",O,O,I
1997,B,year,I
: ,O,O,I
Gewinnung von Höhendaten aus InSAR-Daten durch automatische Klassifikation zur Geländemodellbearbeitung,B,title,I
", Diplomarbeit, Fachhochschule ",O,O,I
München,B,other,I
".
",O,O,I
Schmieder,B,author,B
", ",I,author,I
A,I,author,I
"., ",O,O,I
Huber,B,author,I
", ",I,author,I
R,I,author,I
. (,O,O,I
2000,B,year,I
): ,O,O,I
Automatic generation of contour lines for topographic maps by means of airborne high-resolution interferometric radar data,B,title,I
", ",O,O,I
Proceedings of the ASPRS Annual Conference Proceedings,B,source,I
", ",O,O,I
"Washington, DC, USA",B,other,I
", May ",O,O,I
2000,B,year,I
".
",O,O,I
Schwäbisch,B,author,B
", ",I,author,I
M,I,author,I
"., ",O,O,I
Moreira,B,author,I
", ",I,author,I
J,I,author,I
. (,O,O,I
1999,B,year,I
): ,O,O,I
The high resolution airborne interferometric SAR AeS-1,B,title,I
. ,O,O,I
Fourth international airborne remote sensing conference and exhibition,B,source,I
", ",O,O,I
"Ottawa, Canada",B,other,I
", 21-24June ",O,O,I
1999,B,year,I
".
",O,O,I
Wimmer,B,author,B
", ",I,author,I
Ch,I,author,I
"., ",O,O,I
Siegmund,B,author,I
", ",I,author,I
R,I,author,I
"., ",O,O,I
Schwäbisch,B,author,I
", ",I,author,I
M,I,author,I
"., ",O,O,I
Moreira,B,author,I
", ",I,author,I
J,I,author,I
. (,O,O,I
2000,B,year,I
): ,O,O,I
Generating of high-precision DEMs of the Wadden Sea with airborne interferometric SAR,B,title,I
. January ,O,O,I
2000,B,year,I
", ",O,O,I
IGARSS,B,source,I
 ,O,O,I
2000,B,year,I
", ",O,O,I
"Hawaii, USA,",B,other,I
 July ,O,O,I
2000,B,year,I
". 
",O,O,I
Wintges,B,author,B
", ",I,author,I
T,I,author,I
", ",O,O,I
Al-Nakib,B,author,I
", ",I,author,I
N,I,author,I
. (,O,O,I
2000,B,year,I
): ,O,O,I
Topographic map production based on SAR ortho image maps,B,title,I
", ",O,O,I
"Proceedings of Convención International Informática 2000, II Congreso International de Geomatica",B,source,I
", ",O,O,I
"La Habana, Cuba",B,other,I
", May ",O,O,I
2000,B,year,I
.,O,O,I
