token,tag,label,ref
BauGB,B,editor,B
 (,O,O,I
1998,B,year,I
): ,O,O,I
Baugesetzbuch,B,title,I
. ,O,O,I
Bundesanzeiger,B,source,I
 Nr. ,O,O,I
175 b vom 18.9.97,B,volume,I
", S. ",O,O,I
55,B,fpage,I
-,O,O,I
244,B,lpage,I
".
",O,O,I
BBodSchG,B,editor,B
 (,O,O,I
1998,B,year,I
): ,O,O,I
Bundes-Bodenschutzgesetz. Gesetz zum Schutz vor schädlichen Bodenveränderungen und zur Sanierung von Altlasten,B,title,I
. ,O,O,I
BGBL. I,B,source,I
 ,O,O,I
Nr. 16 vom 24.3.98,B,volume,I
", S. ",O,O,I
502,B,fpage,I
-,O,O,I
510,B,lpage,I
".
",O,O,I
BBodSchV,B,editor,B
 (,O,O,I
1999,B,year,I
): ,O,O,I
Altlasten- und Bodenschutzverordnung,B,title,I
. ,O,O,I
BGBL. I,B,source,I
 ,O,O,I
Nr. 36 vom 16.7.99,B,volume,I
", S. ",O,O,I
1554,B,fpage,I
-,O,O,I
1582,B,lpage,I
".
",O,O,I
Heidbrink,B,author,B
", (",O,O,I
1999,B,year,I
): ,O,O,I
Fachinformationssystem Stoffliche Bodenbelastung (FIS StoBo),B,title,I
", ",O,O,I
Landesumweltamt,B,publisher,I
", 48 S. + Anhang.
",O,O,I
Heidbrink,B,author,B
", ",I,author,I
K,I,author,I
"., ",O,O,I
Sopzcak,B,author,I
", ",I,author,I
D,I,author,I
"., ",O,O,I
Müller,B,author,I
", ",I,author,I
I,I,author,I
"., ",O,O,I
H,B,author,I
. ,I,author,I
Frick,I,author,I
 (,O,O,I
1999,B,year,I
): ,O,O,I
"Digitale Bodenbelastungskarten - Leitfaden Probenahme und Analytik von Böden, Landesumweltamt Nordrhein-Westfalen",B,title,I
", 27 S. + Anhang.
",O,O,I
LABO,B,editor,B
 (,O,O,I
1998,B,year,I
): ,O,O,I
 Bund-Länder-Arbeitsgemeinschaft Bodenschutz: Hintergrund- und Referenzwerte für Böden,B,title,I
. In: ,O,O,I
"Rosenkranz, D.",B,editor,I
; ,O,O,I
"Einsele, G.",B,editor,I
", ",O,O,I
"Harress, H.-M.",B,editor,I
 (Hrsg.); ,O,O,I
"Bodenschutz — Ergänzbares Handbuch der Maßnahmen und Empfehlungen für Schutz, Pflege und Sanierung von Böden, Landschaft und Grundwasser",B,source,I
. ,O,O,I
 Erich Schmidt Verlag,B,publisher,I
 ,O,O,I
Berlin,B,other,I
. Nr. ,O,O,I
9006,B,volume,I
", 123 S. 
",O,O,I
"Ministerium für Umwelt, Raumordnung und Landwirtschaft",B,editor,B
 (,O,O,I
1999,B,year,I
a): ,O,O,I
"RdErl. des Ministerium für Umwelt, Raumordnung und Landwirtschaft vom 18.12.1998 ""Richtlinien über die Gewährung von Zuwendungen für Maßnahmen des Bodenschutzes""",B,title,I
. ,O,O,I
Mbl. Nr. 32 vom 1.6.99,B,volume,I
", S. ",O,O,I
599,B,fpage,I
-,O,O,I
624,B,lpage,I
".
",O,O,I
"Ministerium für Umwelt, Raumordnung und Landwirtschaft",B,editor,B
 (,O,O,I
1999,B,year,I
b): ,O,O,I
Bodeninformationssystem Nordrhein-Westfalen,B,title,I
", 38 S.
",O,O,I
Reinirkens,B,author,B
", ",I,author,I
P,I,author,I
. (,O,O,I
1998,B,year,I
): ,O,O,I
Digitale Bodenbelastungskarten Ergebnis- und Erfahrungsbericht,B,title,I
", Hrsg.: ",O,O,I
Landesumweltamt Nordrhein-Westfalen,B,editor,I
", 64 S. + Anhang.
",O,O,I
Reinirkens,B,author,B
", ",I,author,I
P,I,author,I
; ,O,O,I
G,B,author,I
. ,I,author,I
Börner,I,author,I
 (,O,O,I
1999,B,year,I
): ,O,O,I
Digitale Bodenbelastungskarte: Auswertungen der digitalen Bodenbelastungskarte des Testgebietes Nord,B,title,I
", Hrsg: ",O,O,I
Landesumweltamt Nordrhein-Westfalen,B,editor,I
", 21 S. + Anhang. 
",O,O,I
Streit,B,author,B
", ",I,author,I
U,I,author,I
. (,O,O,I
1981,B,year,I
): ,O,O,I
Kriging — eine geostatistische Methode zur räumlichen Interpolation hydrologischer Informationen,B,title,I
. In: ,O,O,I
Wasserwirtschaft,B,source,I
 ,O,O,I
71,B,volume,I
", Heft ",O,O,I
7/8,B,issue,I
", S. ",O,O,I
219,B,fpage,I
-,O,O,I
223,B,lpage,I
.,O,O,I
