token,tag,label,ref
Bertin,B,author,B
", ",I,author,I
J,I,author,I
"., ",O,O,I
1974,B,year,I
: ,O,O,I
"Graphische Semiologie. Diagramme, Netze, Karten",B,title,I
. ,O,O,I
Berlin — New York,B,other,I
".
",O,O,I
Board,B,author,B
", ",I,author,I
C,I,author,I
. ,O,O,I
1981,B,year,I
: ,O,O,I
Cartographic communication,B,title,I
. In: ,O,O,I
Cartographica,B,source,I
", Vol. ",O,O,I
18,B,volume,I
", No. ",O,O,I
2,B,issue,I
", S. ",O,O,I
43,B,fpage,I
-,O,O,I
77,B,lpage,I
".
",O,O,I
Bollmann,B,author,B
", ",I,author,I
J,I,author,I
. ,O,O,I
1996,B,year,I
: ,O,O,I
Kartographische Modellierung — Integrierte Herstellung und Nutzung von Kartensystemen,B,title,I
. In: ,O,O,I
Schweizerische Gesellschaft für Kartographie,B,editor,I
" (Hrsg.), ",O,O,I
Kartographie im Umbruch. Tagungsband zum Kartographenkongress Interlaken 1996,B,source,I
. S. ,O,O,I
35,B,fpage,I
-,O,O,I
54,B,lpage,I
". 
",O,O,I
DiBiase,B,author,B
", ",I,author,I
D,I,author,I
"., ",O,O,I
MacEachren,B,author,I
", ",I,author,I
A. M.,I,author,I
", ",O,O,I
Krygier,B,author,I
", ",I,author,I
J,I,author,I
"., ",O,O,I
Reeves,B,author,I
", ",I,author,I
C,I,author,I
", ",O,O,I
Brenner,B,author,I
", ",I,author,I
A,I,author,I
"., ",O,O,I
1991,B,year,I
: ,O,O,I
Animated cartographic visualization in earth system science,B,title,I
. In: ,O,O,I
Proceedings of the 15th International ICA Conference,B,source,I
", ",O,O,I
Bournemouth,B,other,I
 ,O,O,I
1991,B,year,I
", Vol. ",O,O,I
1,B,volume,I
", p. ",O,O,I
223,B,fpage,I
-,O,O,I
232,B,lpage,I
".
",O,O,I
Dransch,B,author,B
", ",I,author,I
D,I,author,I
. ,O,O,I
1999,B,year,I
: ,O,O,I
Theoretical issues in multimedia cartography,B,title,I
. In: ,O,O,I
"Cartwright, W",B,editor,I
", ",O,O,I
"Peterson, M. P",B,editor,I
", ",O,O,I
"Gartner, G.",B,editor,I
" (eds), ",O,O,I
Multimedia Cartography,B,source,I
. ,O,O,I
Springer,B,publisher,I
", ",O,O,I
Heidelberg,B,other,I
", p. ",O,O,I
41,B,fpage,I
-,O,O,I
48,B,lpage,I
".
",O,O,I
Guo,B,author,B
", ",I,author,I
J,I,author,I
. ,O,O,I
1997,B,year,I
: ,O,O,I
The interaction of multimedia maps,B,title,I
. In: ,O,O,I
Proceedings of the 18th ICA Conference,B,source,I
", ",O,O,I
Stockholm,B,other,I
 ,O,O,I
1997,B,year,I
", p. ",O,O,I
556,B,fpage,I
-,O,O,I
562,B,lpage,I
".
",O,O,I
Keller,B,author,B
", ",I,author,I
C. P,I,author,I
", ",O,O,I
O’Connell,B,author,I
", ",I,author,I
J,I,author,I
"., ",O,O,I
1997,B,year,I
: ,O,O,I
Methodologies for evaluating user attitudes towards and interaction with innovativ digital atlas products,B,title,I
. In: ,O,O,I
Proceedings of the 18th ICA Conference,B,source,I
", ",O,O,I
Stockholm,B,other,I
 ,O,O,I
1997,B,year,I
", p. ",O,O,I
1242,B,fpage,I
—,O,O,I
1249,B,lpage,I
". 
",O,O,I
Knapp,B,author,B
", ",I,author,I
L,I,author,I
. ,O,O,I
1994,B,year,I
: ,O,O,I
A task analysis approach to the visualization of geographic data,B,title,I
. In: ,O,O,I
"Nyerges, T. L.",B,editor,I
", ",O,O,I
"Mark, D. M.",B,editor,I
", ",O,O,I
"Laurini, R.",B,editor,I
", ",O,O,I
"Egenhofer, M. J.",B,editor,I
", ",O,O,I
1994,B,year,I
: ,O,O,I
"Cognitive aspects of human-computer interaction for geographic information systems. NATO ASI Series, Serie D.- Behavioural and Social Sciences",B,source,I
", Vol ",O,O,I
83,B,volume,I
. ,O,O,I
Boston,B,other,I
", p. ",O,O,I
355,B,fpage,I
-,O,O,I
371,B,lpage,I
".
",O,O,I
Krygier,B,author,B
", ",I,author,I
J. B.,I,author,I
 ,O,O,I
1994,B,year,I
: ,O,O,I
Sound and geographic visualization,B,title,I
. In: ,O,O,I
"MacEachren, A. M.",B,editor,I
", ",O,O,I
"Taylor, D. R. F.",B,editor,I
" (eds), ",O,O,I
Visualization in modern cartography,B,source,I
", ",O,O,I
Chichester-New York,B,other,I
", p. ",O,O,I
149,B,fpage,I
-,O,O,I
166,B,lpage,I
".
",O,O,I
MacEachren,B,author,B
", ",I,author,I
A. M.,I,author,I
 ,O,O,I
1995,B,year,I
: ,O,O,I
How maps work,B,title,I
. ,O,O,I
New York,B,other,I
". 
",O,O,I
Lindholm,B,author,B
", ",I,author,I
M,I,author,I
"., ",O,O,I
Sarjakoski,B,author,I
", ",I,author,I
T,I,author,I
", ",O,O,I
1994,B,year,I
: ,O,O,I
Designing a visualization user interface,B,title,I
. In: ,O,O,I
"MacEachren, A. M.",B,editor,I
", ",O,O,I
"Taylor, D. R. F.",B,editor,I
" (eds), ",O,O,I
Visualization in modern cartography,B,source,I
", ",O,O,I
Chichester-New York,B,other,I
", p. ",O,O,I
167,B,fpage,I
—,O,O,I
184,B,lpage,I
".
",O,O,I
Mackaness,B,author,B
", ",I,author,I
W. A.,I,author,I
", ",O,O,I
1995,B,year,I
: ,O,O,I
A constraint based approach to human-computer-interaction in automated cartography,B,title,I
. In: ,O,O,I
Proceedings of the 17lh ICA Conference,B,source,I
 ,O,O,I
Barcelona,B,other,I
 ,O,O,I
1995,B,year,I
", p. ",O,O,I
1423,B,fpage,I
—,O,O,I
1432,B,lpage,I
". 
",O,O,I
Medyckyj-Scott,B,author,B
", ",I,author,I
D,I,author,I
"., ",O,O,I
Board,B,author,I
", ",I,author,I
C,I,author,I
. ,O,O,I
1991,B,year,I
: ,O,O,I
Cognitive cartography: A new heart for a lost soul,B,title,I
. In: ,O,O,I
"Mueller, J. C.",B,editor,I
 (ed.) ,O,O,I
Advances in Cartography,B,source,I
. ,O,O,I
London,B,other,I
", p. ",O,O,I
201,B,fpage,I
—,O,O,I
230,B,lpage,I
". 
",O,O,I
Medyckyj-Scott,B,author,B
", ",I,author,I
D,I,author,I
. (,O,O,I
1994,B,year,I
): ,O,O,I
Visualization and human computer interaction in GIS,B,title,I
. In: ,O,O,I
H. M. Hearnshaw,B,editor,I
", ",O,O,I
D. J. Unwin,B,editor,I
 (eds.): ,O,O,I
Visualization in Geographical Information Systems,B,source,I
", p. ",O,O,I
200,B,fpage,I
-,O,O,I
211,B,lpage,I
".
",O,O,I
Monmonier,B,author,B
", ",I,author,I
M,I,author,I
"., ",O,O,I
1990,B,year,I
: ,O,O,I
Strategies for the interactive exploration of geographic correlation,B,title,I
. In: ,O,O,I
"Proceedings of the 4,h International Symposium on Spatial Data Handling",B,source,I
", ",O,O,I
Zürich,B,other,I
", Vol. ",O,O,I
1,B,volume,I
", p. ",O,O,I
512,B,fpage,I
-,O,O,I
521,B,lpage,I
".
",O,O,I
"Nardi, B. A.",B,editor,B
", ed.) ",O,O,I
1997,B,year,I
: ,O,O,I
Context and conciousness. Activity theory and human-computer-interaction,B,title,I
. ,O,O,I
"Cambridge, MA",B,other,I
".
",O,O,I
Norman,B,author,B
", ",I,author,I
D.A.,I,author,I
", ",O,O,I
1988,B,year,I
: ,O,O,I
The psychology of everyday things,B,title,I
. ,O,O,I
New York,B,other,I
".
",O,O,I
Nyerges,B,author,B
", ",I,author,I
T. L,I,author,I
", ",O,O,I
Mark,B,author,I
", ",I,author,I
D. M.,I,author,I
", ",O,O,I
Laurini,B,author,I
", ",I,author,I
R,I,author,I
"., ",O,O,I
Egenhofer,B,author,I
", ",I,author,I
M. J.,I,author,I
", ",O,O,I
1994,B,year,I
: ,O,O,I
Cognitive aspects of human-computer interaction for geographic information systems,B,title,I
. ,O,O,I
"NATO ASI Series, Serie D-. Behavioural and Social Sciences",B,source,I
", Vo, ",O,O,I
83,B,volume,I
. ,O,O,I
Boston,B,other,I
".
",O,O,I
Redmond-Pyle,B,author,B
", ",I,author,I
D,I,author,I
"., ",O,O,I
Moore,B,author,I
", ",I,author,I
A,I,author,I
. ,O,O,I
1995,B,year,I
: ,O,O,I
Graphical user interface design and evaluation. A practical process,B,title,I
. ,O,O,I
Prentice Hall,B,publisher,I
", ",O,O,I
London,B,other,I
".
",O,O,I
Schans,B,author,B
", ",I,author,I
R. van der,I,author,I
", ",O,O,I
1997,B,year,I
: ,O,O,I
A quest for optimal expression of objects and actions in GIS,B,title,I
. In: ,O,O,I
Proceedings of Best-GIS Mid-term workshop,B,source,I
", ",O,O,I
Utrecht,B,other,I
", p. ",O,O,I
11,B,fpage,I
 —,O,O,I
20,B,lpage,I
". 
",O,O,I
Schans,B,author,B
", ",I,author,I
R. van der,I,author,I
", ",O,O,I
1999,B,year,I
: ,O,O,I
Grenzüberschreitende Interaktionen mit Modellen und Karten. Manuskript zum Vortrag auf dem Deutsch-Niederländischen Kartographentag in Maastricht 1999,B,title,I
.,O,O,I
