token,tag,label,ref
Antalovsky,B,author,B
 ,I,author,I
E,I,author,I
. ,O,O,I
et al.,B,other,I
 (,O,O,I
2002,B,year,I
"), ",O,O,I
Migration und Integration,B,title,I
. ,O,O,I
Wien,B,other,I
. - ,O,O,I
http:/www.europaforum.at/downloads,B,url,I
" 
",O,O,I
Arendt,B,author,B
 ,I,author,I
H,I,author,I
. (,O,O,I
2007,B,year,I
"), ",O,O,I
"Elemente und Ursprünge totalitärer Herrschaft. Antisemitismus, Imperialismus, totale Herrschaft",B,title,I
. ,O,O,I
München,B,other,I
". 
",O,O,I
Bauböck,B,author,B
 ,I,author,I
R,I,author,I
. (,O,O,I
1994,B,year,I
"), ",O,O,I
Transnational Citizenship. Membership and Rights in International Migration,B,title,I
. ,O,O,I
Aldershot,B,other,I
". 
",O,O,I
Bauböck,B,author,B
 ,I,author,I
R,I,author,I
. (,O,O,I
2001,B,year,I
"), ",O,O,I
"Gleichheit, Vielfalt und Zusammenhalt",B,title,I
. In: ,O,O,I
Volf P.,B,editor,I
", ",O,O,I
Bauböck R.,B,editor,I
" (Hrsg.), ",O,O,I
Wege zur Integration. Was man gegen Diskriminierung und Fremdenfeindlichkeit tun kann,B,source,I
", S. ",O,O,I
11,B,fpage,I
-,O,O,I
45,B,lpage,I
. ,O,O,I
Klagenfurt/Celovec,B,other,I
". 
",O,O,I
Bauböck R.,B,editor,B
 ,O,O,I
et al.,B,other,I
 (Hrsg.) (,O,O,I
2006,B,year,I
"), ",O,O,I
"Acquistion and loss of nationality. Policies and trends in 15 European states, 2, Country Studies",B,title,I
. ,O,O,I
Amsterdam,B,other,I
". 
",O,O,I
Bauböck,B,author,B
 ,I,author,I
R,I,author,I
"., ",O,O,I
Perchinig,B,author,I
 ,I,author,I
B,I,author,I
. (,O,O,I
2006,B,year,I
"a), ",O,O,I
Evaluation and Recommendations,B,title,I
. In: ,O,O,I
Bauböck R.,B,editor,I
 ,O,O,I
et al.,B,other,I
" (Hrsg.), ",O,O,I
"Acquistion and loss of nationality. Policies and trends in 15 European states, 2, Country Studies",B,source,I
", S. ",O,O,I
431,B,fpage,I
-,O,O,I
479,B,lpage,I
. ,O,O,I
Amsterdam,B,other,I
". 
",O,O,I
Bauböck,B,author,B
 ,I,author,I
R,I,author,I
"., ",O,O,I
Perchinig,B,author,I
 ,I,author,I
B,I,author,I
. (,O,O,I
2006,B,year,I
"b), ",O,O,I
Migrations- und Integrationspolitik,B,title,I
. In: ,O,O,I
Dachs H.,B,editor,I
 ,O,O,I
et al.,B,other,I
" (Hrsg.), ",O,O,I
Politik in Österreich. Das Handbuch,B,source,I
", S. ",O,O,I
726,B,fpage,I
-,O,O,I
743,B,lpage,I
. ,O,O,I
Wien,B,other,I
".
",O,O,I
Baumgartner,B,author,B
 ,I,author,I
G,I,author,I
. (,O,O,I
2009,B,year,I
"), ",O,O,I
Verschwiegene Integration 1945-1961. Zur verdrängten Geschichte der größten Veränderung der österreichischen Bevölkerungsstruktur im 20. Jahrhundert,B,title,I
. In: ,O,O,I
ÖGL,B,source,I
", ",O,O,I
3,B,volume,I
", S. ",O,O,I
20,B,fpage,I
-,O,O,I
34,B,lpage,I
". 
",O,O,I
Bendel,B,author,B
 ,I,author,I
P,I,author,I
. (,O,O,I
2007,B,year,I
"), ",O,O,I
Everything under Control? The European Union’s Policies and Politics of Immigration,B,title,I
. In: ,O,O,I
Faist Th.,B,editor,I
", ",O,O,I
Ette A.,B,editor,I
" (Hrsg.), ",O,O,I
The Europeanization of National Policies and Politics of Immigration. Between Autonomy and the European Union,B,title,I
", S. ",O,O,I
32,B,fpage,I
-,O,O,I
49,B,lpage,I
. ,O,O,I
London,B,other,I
". 
",O,O,I
Biffl,B,author,B
 ,I,author,I
G,I,author,I
. (,O,O,I
2001,B,year,I
"), ",O,O,I
Mögliche Verdrängungsprozesse am Arbeitsmarkt,B,title,I
. In: ,O,O,I
Österreichisches Institut für Wirtschaftsforschung,B,editor,I
" (Hrsg.), ",O,O,I
Arbeitsmarktrelevante Effekte der Ausländerintegration in Österreich,B,source,I
", S. ",O,O,I
279,B,fpage,I
-,O,O,I
300,B,lpage,I
. ,O,O,I
Wien,B,other,I
". 
",O,O,I
Bourdieu P.,B,editor,B
", ",O,O,I
Coleman J.S.,B,editor,I
 (Hrsg.) (,O,O,I
1991,B,year,I
"), ",O,O,I
Social Theory for a Changing Society,B,title,I
. ,O,O,I
Boulder,B,other,I
". 
",O,O,I
Bratic,B,author,B
 ,I,author,I
Lj,I,author,I
. (,O,O,I
2002,B,year,I
"), ",O,O,I
Diskurs und Ideologie des Rassismus im österreichischen Staat,B,title,I
". Manus., ",O,O,I
Wien,B,other,I
". 
",O,O,I
Bundesministerium für Inneres,B,editor,B
 (Hrsg.) (,O,O,I
2004,B,year,I
"), ",O,O,I
Asyl- und Fremdenstatistik 2004,B,title,I
. ,O,O,I
Wien,B,other,I
. - ,O,O,I
http://www.bmi.gv.at/downloadarea/ZJahr2004.pdf,B,url,I
" (11.1.2006) 
",O,O,I
Bundesministerium für Inneres,B,editor,B
 (Hrsg.) (,O,O,I
2008,B,year,I
"), ",O,O,I
Gemeinsam kommen wir zusammen. Expertenbeiträge zur Integration,B,title,I
. ,O,O,I
Wien,B,other,I
. - Im Downloadbereich von ,O,O,I
http://www.integration.at/,B,url,I
" abrufbar. 
",O,O,I
Bundesministerium für Inneres,B,editor,B
 (Hrsg.) (,O,O,I
2009,B,year,I
"), ",O,O,I
Einführungspapier für den Nationalen Aktionsplan für Integration,B,title,I
. ,O,O,I
Wien,B,other,I
. - Im Downloadbereich von ,O,O,I
http://www.integration.at/,B,url,I
" abrufbar. 
",O,O,I
Bunzl J.,B,editor,B
", ",O,O,I
Hafez F.,B,editor,I
 (Hrsg.) (,O,O,I
2009,B,year,I
"), ",O,O,I
Islamophobie in Österreich,B,title,I
. ,O,O,I
Innsbruck,B,other,I
". 
",O,O,I
Burtscher,B,author,B
 ,I,author,I
S,I,author,I
. (,O,O,I
2009,B,year,I
"), ",O,O,I
Zuwandern-Aufsteigen-Dazugehören. Etablierungsprozesse von Eingewanderten,B,title,I
. ,O,O,I
Innsbruck,B,other,I
". 
",O,O,I
Cicekli,B,author,B
 ,I,author,I
B,I,author,I
. (,O,O,I
1998,B,year,I
"), ",O,O,I
"The Legal Position of Turkish Immigrants in the European Union. A Comparison of the Legal Reception and Status of Turkish Immigrants in Germany, the Netherlands and the UK",B,title,I
. ,O,O,I
Ankara,B,other,I
". 
",O,O,I
Cicekli,B,author,B
 ,I,author,I
B,I,author,I
. (,O,O,I
2004,B,year,I
"), ",O,O,I
Legal Integration of Turkish Immigrants under the Turkish-EU Association Law,B,title,I
. ,O,O,I
"Paper presented at the Conf. “Integration of Immigrants from Turkey in Austria, Germany and Holland”, Bogacizi Univ., Centre for European Studies, February 27, 2004",B,source,I
. - ,O,O,I
http://www.ces.boun.edu.tr/index2.html,B,url,I
"
",O,O,I
Çnar,B,author,B
 ,I,author,I
D,I,author,I
"., ",O,O,I
Walrauch,B,author,I
 ,I,author,I
H,I,author,I
. (,O,O,I
2006,B,year,I
"), ",O,O,I
Austria,B,title,I
. In: ,O,O,I
Bauböck R.,B,editor,I
 ,O,O,I
et al.,B,other,I
" (Hrsg.), ",O,O,I
"Acquistion and loss of nationality. Policies and trends in 15 European states, 2, Country Studies",B,source,I
", S. ",O,O,I
19,B,fpage,I
-,O,O,I
63,B,lpage,I
. ,O,O,I
Amsterdam,B,other,I
". 
",O,O,I
Council on Foreign Relations,B,editor,B
 (Hrsg.) (,O,O,I
2009,B,year,I
"), ",O,O,I
China's Internal Migrants,B,title,I
. - ,O,O,I
http://www.cfr.org/publication/12943/,B,url,I
" (12.7.2009) 
",O,O,I
Die Presse,B,source,B
", ",O,O,I
17.3.2005,B,volume,I
". 
",O,O,I
Ecker,B,author,B
 ,I,author,I
J.M.,I,author,I
 (,O,O,I
2006,B,year,I
"), ",O,O,I
Umsetzung der RI 2003/86/EG betreffend das Recht auf Familienzusammenführung in Österreich,B,title,I
. In: ,O,O,I
Migralex - Zeitschrift f. Fremden- u. Minderheitenrecht,B,source,I
", ",O,O,I
01,B,volume,I
", S. ",O,O,I
13,B,fpage,I
-,O,O,I
19,B,lpage,I
". 
",O,O,I
Ecker,B,author,B
 ,I,author,I
J.M.,I,author,I
 (,O,O,I
2007,B,year,I
"), ",O,O,I
Umsetzung der RI 2003/86 durch das Fremdenrechtspaket 2005?,B,title,I
 In: ,O,O,I
Migralex - Zeitschrift f. Fremden- u. Minderheitenrecht,B,source,I
", ",O,O,I
02,B,volume,I
", S. ",O,O,I
42,B,fpage,I
-,O,O,I
56,B,lpage,I
". 
",O,O,I
Einem,B,author,B
 ,I,author,I
C,I,author,I
. (,O,O,I
1990,B,year,I
"), ",O,O,I
Alternative Optionen der Zuwanderungspolitik,B,title,I
. Manus (im Besitz des Verfassers). ,O,O,I
Wien,B,other,I
". 
",O,O,I
Europäischer Gerichtshof für Menschenrechte,B,editor,B
 (Hrsg.) (,O,O,I
1996,B,year,I
"), ",O,O,I
Gaygusuz gegen Österreich,B,title,I
. ,O,O,I
"Urteil vom 16. September 1996, NL 1996, S. 135 (NL 96/5/8)",B,source,I
". 
",O,O,I
Europäischer Rat von Tampere,B,editor,B
", ",O,O,I
"15. und 16. Oktober 1999, Schlussfolgerungen des Vorsitzes",B,title,I
. - ,O,O,I
http://www.europarl.europa/eu/summits/tam_de.htm,B,url,I
" (24.4.2005) 
",O,O,I
Faist,B,author,B
 ,I,author,I
Th,I,author,I
. (,O,O,I
2006,B,year,I
"), ",O,O,I
The Migration-Security Nexus: International Migration and Security before and after 9/11,B,title,I
. In: ,O,O,I
Bodemann M.,B,editor,I
", ",O,O,I
Yurdakul G.,B,editor,I
" (Hrsg.), ",O,O,I
"Migration, Citizenship, Ethnos. Incorporation Regimes in Germany, Western Europe and North America",B,source,I
", S. ",O,O,I
157,B,fpage,I
-,O,O,I
174,B,lpage,I
. ,O,O,I
London,B,other,I
".
",O,O,I
Fassmann,B,author,B
 ,I,author,I
H,I,author,I
"., ",O,O,I
Münz,B,author,I
 ,I,author,I
R,I,author,I
. (,O,O,I
1995,B,year,I
"), ",O,O,I
"Einwanderungsland Österreich? Historische Migrationsmuster, aktuelle Trends und politische Maßnahmen",B,title,I
. ,O,O,I
Wien,B,other,I
". 
",O,O,I
Gächter,B,author,B
 ,I,author,I
Au,I,author,I
. (,O,O,I
1995,B,year,I
"), ",O,O,I
Integration und Migration,B,title,I
. In: ,O,O,I
SWS-Rundschau,B,source,I
", ",O,O,I
35,B,volume,I
", ",O,O,I
4,B,issue,I
", S. ",O,O,I
435,B,fpage,I
-,O,O,I
438,B,lpage,I
". 
",O,O,I
Güngör,B,author,B
 ,I,author,I
K,I,author,I
. (,O,O,I
2002,B,year,I
"), ",O,O,I
"Integrationsleitbild der Stadt Dornbirn, mit integriertem Maßnahmenplan",B,title,I
. Manus. ,O,O,I
Dornbirn - Basel,B,other,I
". 
",O,O,I
Güngör,B,author,B
 ,I,author,I
K,I,author,I
. (,O,O,I
2006,B,year,I
"), ",O,O,I
Integrationskonzept des Landes Tirol mit Maßnahmenempfehlungen,B,title,I
. ,O,O,I
Innsbruck,B,other,I
". 
",O,O,I
Güngör,B,author,B
 ,I,author,I
K,I,author,I
. (,O,O,I
2008,B,year,I
"), ",O,O,I
"Einbeziehen statt Einordnen. Zusammenleben in Oberösterreich, Integrationsleitbild des Landes Oberösterreich",B,title,I
. ,O,O,I
Linz,B,other,I
". 
",O,O,I
Hailbronner,B,author,B
 ,I,author,I
K,I,author,I
. (,O,O,I
2004,B,year,I
"), ",O,O,I
Die Richtlinie zur Familienzusammenführung und zum langfristigen Aufenthalt von Drittstaatsangehörigen - Entstehungsgeschichte und aktuelle Fragen der Auslegung,B,title,I
. ,O,O,I
"Vortrag, Fachtagung zur EU-Immigrations- und Integrationspolitik, Arbeiterkammer Wien 19.2.2004",B,source,I
". Manus. 
",O,O,I
Hammar,B,author,B
 ,I,author,I
T.,I,author,I
 (,O,O,I
1990,B,year,I
"), ",O,O,I
"Democracy and the Nation State. Aliens, Denizens and Citizens in a World of International Migration",B,title,I
. ,O,O,I
Aldershot,B,other,I
". 
",O,O,I
Hunn,B,author,B
 ,I,author,I
K,I,author,I
. (,O,O,I
2004,B,year,I
"), ",O,O,I
„Nächstes Jahr kehren wir zurück ...“. Die Geschichte der türkischen Gastarbeiter in der Bundesrepublik,B,title,I
. ,O,O,I
Freiburg,B,other,I
". 
",O,O,I
Icduygu,B,author,B
 ,I,author,I
A,I,author,I
. (,O,O,I
2006,B,year,I
"), ",O,O,I
Gaining from Migration. A Comparative Analysis and Perspective on how Sending and Receiving Countries can gain from Migration. Case Study on Turkey,B,title,I
. ,O,O,I
Paris,B,other,I
". 
",O,O,I
Jawhari,B,author,B
 ,I,author,I
R,I,author,I
. (,O,O,I
2000,B,year,I
"), ",O,O,I
Wegen Überfremdung abgelehnt. Ausländerintegration und symbolische Politik,B,title,I
. ,O,O,I
Wien,B,other,I
". 
",O,O,I
Juen,B,author,B
 ,I,author,I
G,I,author,I
"., ",O,O,I
Perchinig,B,author,I
 ,I,author,I
B,I,author,I
"., ",O,O,I
Volf,B,author,I
 ,I,author,I
P.-P.,I,author,I
 (,O,O,I
1998,B,year,I
"), ",O,O,I
Migrationspolitik: Zur Europäisierung eines Gastarbeitermodells,B,title,I
. In: ,O,O,I
Tálos E.,B,editor,I
", ",O,O,I
Falkner G.,B,editor,I
" (Hrsg.), ",O,O,I
EU-Mitglied Österreich. Gegenwart und Perspektiven: Eine Zwischenbilanz,B,source,I
", S. ",O,O,I
201,B,fpage,I
-,O,O,I
221,B,lpage,I
. ,O,O,I
Wien,B,other,I
". 
",O,O,I
Karner St.,B,editor,B
", ",O,O,I
Stangler G.,B,editor,I
 (,O,O,I
2005,B,year,I
"), ",O,O,I
Österreich ist frei. Der Österreichische Staatsvertrag 1955. Beitragsband Schallaburg 2005,B,title,I
. ,O,O,I
Horn - Wien,B,other,I
". 
",O,O,I
Koller,B,author,B
 ,I,author,I
J,I,author,I
. (,O,O,I
1998,B,year,I
"), ",O,O,I
Kommunale Integrationspolitik. Eine Analyse des Wiener Integrationsfonds im Kontext sozialdemokratischer Interessenspolitik,B,title,I
. ,O,O,I
Wien,B,other,I
", Univ. Wien, Dipl.-Arb. 
",O,O,I
König,B,author,B
 ,I,author,I
K,I,author,I
"., ",O,O,I
Perchinig,B,author,I
 ,I,author,I
B,I,author,I
. (,O,O,I
2005,B,year,I
"), ",O,O,I
Austria,B,title,I
. In: ,O,O,I
Niessen J.,B,editor,I
", ",O,O,I
Schibel Y.,B,editor,I
",",O,O,I
Thompson C.,B,editor,I
" (Hrsg.), ",O,O,I
Current Immigration Debates in Europe. A Publication of the European Migration Dialogue,B,source,I
", S. ",O,O,I
13,B,fpage,I
-,O,O,I
47,B,lpage,I
. ,O,O,I
Brussels,B,other,I
". 
",O,O,I
König,B,author,B
 ,I,author,I
K,I,author,I
"., ",O,O,I
Stadler,B,author,I
 ,I,author,I
B,I,author,I
. (,O,O,I
2003,B,year,I
"), ",O,O,I
Entwicklungstendenzen im öffentlich-rechtlichen und demokratiepolitischen Bereich,B,title,I
. In: ,O,O,I
Fassmann H.,B,editor,I
", ",O,O,I
Stacher I.,B,editor,I
" (Hrsg.), ",O,O,I
Österreichischer Migrations- und Integrationsbericht,B,source,I
", S. ",O,O,I
226,B,fpage,I
-,O,O,I
261,B,lpage,I
. ,O,O,I
Wien,B,other,I
". 
",O,O,I
Kraler,B,author,B
 ,I,author,I
A,I,author,I
"., ",O,O,I
Stepien,B,author,I
 ,I,author,I
A,I,author,I
. (,O,O,I
2006,B,year,I
"), ",O,O,I
Immigrant and Immigration Policy Making in Austria,B,title,I
. Manus. ,O,O,I
Wien,B,other,I
". 
",O,O,I
Ludwig M.,B,editor,B
 ,O,O,I
et al.,B,other,I
 (Hrsg.) (,O,O,I
1995,B,year,I
"), ",O,O,I
Der Oktoberstreik 1950,B,title,I
. ,O,O,I
Wien,B,other,I
". 
",O,O,I
Marks,B,author,B
 ,I,author,I
G,I,author,I
. (,O,O,I
1993,B,year,I
"), ",O,O,I
Structural Policy and Multi-Level Governance in the EC,B,title,I
. In: ,O,O,I
Cafruny A.W.,B,editor,I
", ",O,O,I
Rosenthal G.,B,editor,I
" (Hrsg.),",O,O,I
"The State of the European Community, 2, The Maastricht Debates and Beyond",B,source,I
", S. ",O,O,I
397,B,fpage,I
-,O,O,I
411,B,lpage,I
. ,O,O,I
Boulder,B,other,I
". 
",O,O,I
Marshall,B,author,B
 ,I,author,I
T.H.,I,author,I
 (,O,O,I
1992,B,year,I
"), ",O,O,I
Citizenship and Social Class,B,title,I
. In: ,O,O,I
Marshall T.H.,B,editor,I
", ",O,O,I
Bottomore T.,B,editor,I
" (Hrsg.), ",O,O,I
Citizenship and Social Class,B,source,I
", 2. Aufl. ",O,O,I
London,B,other,I
". 
",O,O,I
Matuschek,B,author,B
 ,I,author,I
H,I,author,I
. (,O,O,I
1986,B,year,I
"), ",O,O,I
Ausländerpolitik in Österreich 1962-1985. Der Kampf um und gegen die ausländische Arbeitskraft,B,title,I
. In: ,O,O,I
Journal f. Sozialforschung,B,source,I
", ",O,O,I
25,B,volume,I
", ",O,O,I
2,B,issue,I
". 
",O,O,I
Münz,B,author,B
 ,I,author,I
R,I,author,I
"., ",O,O,I
Zuser,B,author,I
 ,I,author,I
P,I,author,I
"., ",O,O,I
Kytir,B,author,I
 ,I,author,I
J,I,author,I
. (,O,O,I
2003,B,year,I
"), ",O,O,I
Grenzüberschreitende Wanderungen und ausländische Wohnbevölkerung: Struktur und Entwicklung,B,title,I
. In: ,O,O,I
Fassmann H.,B,editor,I
", ",O,O,I
Stacher I.,B,editor,I
" (Hrsg.), ",O,O,I
Österreichischer Migrations- und Integrationsbericht,B,source,I
", S. ",O,O,I
20,B,fpage,I
-,O,O,I
62,B,lpage,I
. ,O,O,I
Klagenfurt/Celovec,B,other,I
". 
",O,O,I
Österreichischer Integrationsfonds,B,editor,B
 (Hrsg.) (,O,O,I
2008,B,year,I
"), ",O,O,I
"Integration. Zahlen, Daten, Fakten 2008",B,title,I
. ,O,O,I
Wien,B,other,I
". 
",O,O,I
Perchinig,B,author,B
 ,I,author,I
B,I,author,I
. (,O,O,I
2006,B,year,I
"a), ",O,O,I
Die EU-Migrationspolitik und die migrationspolitische Entwicklung in Österreich,B,title,I
. In: ,O,O,I
Fassmann H.,B,editor,I
" (Hrsg.), ",O,O,I
Zweiter Österreichischer Migrations- und Integrationsbericht,B,source,I
", S. ",O,O,I
131,B,fpage,I
-,O,O,I
145,B,lpage,I
. ,O,O,I
Klagenfurt/Celovec,B,other,I
".
",O,O,I
Perchinig,B,author,B
 ,I,author,I
B,I,author,I
. (,O,O,I
2006,B,year,I
"b), ",O,O,I
Einwanderungs- und Integrationspolitik,B,title,I
. In: ,O,O,I
Tálos E.,B,editor,I
" (Hrsg.), ",O,O,I
Schwarz-Blau. Eine Bilanz des „Neu-Regierens“,B,source,I
", S. ",O,O,I
295,B,fpage,I
-,O,O,I
312,B,lpage,I
. ,O,O,I
Wien - Münster,B,other,I
". 
",O,O,I
Perchinig,B,author,B
 ,I,author,I
B,I,author,I
. (,O,O,I
2009,B,year,I
"), ",O,O,I
Von der Fremdarbeit zur Integration? (Arbeits)migrations- und Integrationspolitik in der Zweiten Republik,B,title,I
. In: ,O,O,I
ÖGL,B,source,I
", ",O,O,I
3,B,volume,I
", S. ",O,O,I
1,B,fpage,I
-,O,O,I
19,B,lpage,I
". 
",O,O,I
Perchinig,B,author,B
 ,I,author,I
B,I,author,I
". (im Druck), ",O,O,I
Between federal republicanism and communitarian provincial identity. Citizenship testing in Austria,B,title,I
. In: ,O,O,I
Ersboll E.,B,editor,I
", ",O,O,I
Kostakopoulou D.,B,editor,I
", ",O,O,I
van Oers R.,B,editor,I
" (Hrsg.), ",O,O,I
Language and Integration Tests for Newcomers and Future Citizens,B,source,I
", S. ",O,O,I
25,B,fpage,I
-,O,O,I
50,B,lpage,I
. ,O,O,I
"Leiden - Boston, Brill",B,other,I
". 
",O,O,I
Profil,B,source,B
", ",O,O,I
20.7.2009,B,volume,I
". 
",O,O,I
Raab,B,author,B
 ,I,author,I
J,I,author,I
. (,O,O,I
1961,B,year,I
"), ",O,O,I
"Die Kammerorganisation der Gewerblichen Wirtschaft. Ansprache am Kammertag der Bundeskammer anlässlich der Wahl des Präsidenten, 26. Mai 1961",B,title,I
. - ,O,O,I
http://wko.at/mk/60jahre/Raab_26_05_1961.pdf ,B,url,I
"
",O,O,I
Rohsmann,B,author,B
 ,I,author,I
K,I,author,I
. (,O,O,I
2006,B,year,I
"), ",O,O,I
Die „Integrationsvereinbarung“ der Fremdengesetznovelle 2002. Integrationsförderung durch Sprach(kurs)zwang?,B,title,I
 ,O,O,I
Wien,B,other,I
", Univ. Wien, Dipl.-Arb. 
",O,O,I
Sensenig,B,author,B
 ,I,author,I
E,I,author,I
. (,O,O,I
1998,B,year,I
"), ",O,O,I
"Reichsfremde, Staatsfremde und Drittausländer. Immigration und Einwanderungspolitik in Österreich. Forschungsbericht",B,title,I
. ,O,O,I
Salzburg,B,other,I
", ",O,O,I
Ludwig-Boltzmann-Inst. f. Gesellschafts- u. Kulturgeschichte,B,publisher,I
". 
",O,O,I
Sosysal,B,author,B
 ,I,author,I
Y.N.,I,author,I
 (,O,O,I
1994,B,year,I
"), ",O,O,I
Limits of Citizenship. Migrants and Postnational Membership in Europe,B,title,I
. ,O,O,I
Chicago,B,other,I
". 
",O,O,I
Stieber,B,author,B
 ,I,author,I
G,I,author,I
. (,O,O,I
1995,B,year,I
"), ",O,O,I
Volksdeutsche und Displaced Persons,B,title,I
. In: ,O,O,I
Heiss G.,B,editor,I
", ",O,O,I
Rathkolb O.,B,editor,I
" (Hrsg.), ",O,O,I
Asylland wider Willen. Flüchtlinge in Österreich im europäischen Kontext seit 1914,B,source,I
", S. ",O,O,I
140,B,fpage,I
-,O,O,I
156,B,lpage,I
. ,O,O,I
Wien,B,other,I
". 
",O,O,I
Tálos,B,author,B
 ,I,author,I
E,I,author,I
. (,O,O,I
2006,B,year,I
"), ",O,O,I
Sozialpartnerschaft. Austrokorporatismus am Ende?,B,title,I
 In: ,O,O,I
Dachs H.,B,editor,I
 ,O,O,I
et al.,B,other,I
" (Hrsg.), ",O,O,I
Politik in Österreich. Das Handbuch,B,source,I
", S. ",O,O,I
425,B,fpage,I
-,O,O,I
443,B,lpage,I
. ,O,O,I
Wien,B,other,I
". 
",O,O,I
Torpey,B,author,B
 ,I,author,I
J,I,author,I
. (,O,O,I
2000,B,year,I
"), ",O,O,I
"The Invention of the Passport. Surveillance, Citizenship and the State",B,title,I
. ,O,O,I
Cambridge,B,other,I
". 
",O,O,I
United Nations,B,editor,B
 (Hrsg.) (,O,O,I
2008,B,year,I
"), ",O,O,I
International Migrant Stock: The 2008 Revision,B,title,I
. - ,O,O,I
http://esa.un.org/migration/p2k0data.asp,B,url,I
" (12.7.2009) 
",O,O,I
"United Nations, Department of Economic and Social Affairs, Statistics Division",B,editor,B
 (Hrsg.) (,O,O,I
1998,B,year,I
"), ",O,O,I
Recommendations on Statistics of International Migration,B,title,I
 (= ,O,O,I
Statistical Papers Series M,B,source,I
", ",O,O,I
58,B,volume,I
", ",O,O,I
1,B,issue,I
). ,O,O,I
New York,B,other,I
". 
",O,O,I
Volf,B,author,B
 ,I,author,I
P.-P.,I,author,I
 (,O,O,I
1995,B,year,I
"), ",O,O,I
Der politische Flüchtling als Symbol der Zweiten Republik,B,title,I
. In: ,O,O,I
Zeitgeschichte,B,source,I
", ",O,O,I
11-12,B,volume,I
", S. ",O,O,I
415,B,fpage,I
-,O,O,I
436,B,lpage,I
". 
",O,O,I
Weigl,B,author,B
 ,I,author,I
A,I,author,I
. (,O,O,I
2009,B,year,I
"), ",O,O,I
Migration und Integration. Eine widersprüchliche Geschichte,B,title,I
. ,O,O,I
Wien,B,other,I
". 
",O,O,I
Wimmer,B,author,B
 ,I,author,I
H,I,author,I
. (,O,O,I
1985,B,year,I
"), ",O,O,I
Zur Ausländerbeschäftigungspolitik in Österreich,B,title,I
. In: ,O,O,I
Wimmer H.,B,editor,I
" (Hrsg.), ",O,O,I
Ausländische Arbeitskräfte in Österreich,B,source,I
", S. ",O,O,I
5,B,fpage,I
-,O,O,I
33,B,lpage,I
. ,O,O,I
Frankfurt am Main,B,other,I
". 
",O,O,I
Wollner,B,author,B
 ,I,author,I
E,I,author,I
. (,O,O,I
1996,B,year,I
"), ",O,O,I
Auf dem Weg zur sozialpartnerschaftlich regulierten Ausländerbeschäftigung in Österreich. Die Reform der Ausländerbeschäftigung und Anwerbung bis Ende der 1960er Jahre,B,title,I
. ,O,O,I
Wien,B,other,I
", Univ. Wien, Dipl.-Arb. 
",O,O,I
Zolberg,B,author,B
 ,I,author,I
A,I,author,I
. (,O,O,I
1991,B,year,I
"), ",O,O,I
Bounded States in a Global Market: The Uses of International Labor Migrations,B,title,I
. In: ,O,O,I
Bourdieu P.,B,editor,I
", ",O,O,I
Coleman J.S.,B,editor,I
" (Hrsg.), ",O,O,I
Social Theory for a Changing Society,B,source,I
", S. ",O,O,I
301,B,fpage,I
-,O,O,I
335,B,lpage,I
. ,O,O,I
Boulder,B,other,I
". 
",O,O,I
Zwicklhuber,B,author,B
 ,I,author,I
M,I,author,I
. (,O,O,I
2006,B,year,I
"), ",O,O,I
Integrationspolitik auf Länderebene. Eine Bestandaufnahme in Niederösterreich,B,title,I
. ,O,O,I
"Krems, Donau",B,other,I
" Univ. Krems, Master-These.",O,O,I
