token,tag,label,ref
Becker,B,author,B
 ,I,author,I
N,I,author,I
. (,O,O,I
1977,B,year,I
"), ",O,O,I
Selection of vineyard sites in cool climates,B,title,I
. ,O,O,I
Allbury,B,other,I
".
",O,O,I
Boulton,B,author,B
 ,I,author,I
R.B.,I,author,I
", ",O,O,I
Singelton,B,author,I
 ,I,author,I
V.L.,I,author,I
", ",O,O,I
Bisson,B,author,I
 ,I,author,I
L.F.,I,author,I
", ",O,O,I
Kunkee,B,author,I
 ,I,author,I
R.E.,I,author,I
 (,O,O,I
1998,B,year,I
"), ",O,O,I
Principles and practices of winemaking,B,title,I
. ,O,O,I
"Gaithersburg, Md.",B,other,I
", ",O,O,I
Chapman & Hall,B,publisher,I
".
",O,O,I
Duchêne,B,author,B
 ,I,author,I
E,I,author,I
"., ",O,O,I
Schneider,B,author,I
 ,I,author,I
C,I,author,I
. (,O,O,I
2005,B,year,I
"), ",O,O,I
Grapevine and climatic changes: a glance at the situation in Alsace,B,title,I
. In: ,O,O,I
Agronomic Sustainable Development,B,source,I
", ",O,O,I
25,B,volume,I
", S. ",O,O,I
93,B,fpage,I
-,O,O,I
99,B,lpage,I
".
",O,O,I
Gladstones,B,author,B
 ,I,author,I
J,I,author,I
. (,O,O,I
1992,B,year,I
"), ",O,O,I
Viticulture and Environment,B,title,I
. ,O,O,I
Adelaide,B,other,I
", ",O,O,I
Winetitles,B,publisher,I
".
",O,O,I
Hayes,B,author,B
 ,I,author,I
P,I,author,I
. (,O,O,I
2007,B,year,I
"), ",O,O,I
Global Climate Change-Implications for Viticulture and Oenology,B,title,I
. ,O,O,I
"Intervitis Interfructa 2007, 8th International Symposium",B,source,I
", ",O,O,I
Stuttgart,B,other,I
".
",O,O,I
Intergovernmental Panel on Climate Change (IPCC),B,editor,B
 (Hrsg.) (,O,O,I
2007,B,year,I
"), ",O,O,I
Klimaänderung 2007 - Wissenschaftliche Grundlagen: Zusammenfassungen für politische Entscheidungsträger,B,title,I
. ,O,O,I
United Kingdom - New York,B,other,I
", ",O,O,I
Cambridge Univ. Press,B,publisher,I
".
",O,O,I
Jacob,B,author,B
 ,I,author,I
D,I,author,I
. (,O,O,I
2006,B,year,I
"), ",O,O,I
Klimawandel: Globale und regionale Klimamodelle,B,title,I
. - ,O,O,I
"http://www.umweitdachverband, at/NG_100906/NG_100906pdfs/Jacob.pdf",B,url,I
" (25.09.2008)
",O,O,I
Jones,B,author,B
 ,I,author,I
G,I,author,I
. (,O,O,I
2003,B,year,I
"), ",O,O,I
Climate and Terroir: Impacts of Climate Variability and Change on Wine,B,title,I
. In: ,O,O,I
Geological Society of America,B,editor,I
" (Hrsg.), ",O,O,I
"Terroir, geology and wine: a tribute to Simon J. Haynes",B,source,I
", S. ",O,O,I
14,B,fpage,I
. ,O,O,I
Seattle,B,other,I
", ",O,O,I
The Geological Society of American Annual Meeting,B,source,I
".
",O,O,I
Jones,B,author,B
 ,I,author,I
G,I,author,I
. (,O,O,I
2006,B,year,I
"), ",O,O,I
"Climate change and wine: Observations, impacts and future implications",B,title,I
. In: ,O,O,I
Wine Industry Journal,B,source,I
", ",O,O,I
21,B,volume,I
",",O,O,I
4,B,issue,I
", S. ",O,O,I
21,B,fpage,I
-,O,O,I
26,B,lpage,I
".
",O,O,I
Koch,B,author,B
 ,I,author,I
E,I,author,I
"., ",O,O,I
Scheifinger,B,author,I
 ,I,author,I
H,I,author,I
. (,O,O,I
2004,B,year,I
"), ",O,O,I
Phänologie ein Bio-Indikator für den Klimawandel,B,title,I
. ,O,O,I
Irding,B,other,I
". 
",O,O,I
Olberg,B,author,B
 ,I,author,I
M,I,author,I
"., ",O,O,I
Stellmacher,B,author,I
 ,I,author,I
R,I,author,I
"., ",O,O,I
Kondrat‘ev,B,author,I
 ,I,author,I
K.J.,I,author,I
 (,O,O,I
1991,B,year,I
"), ",O,O,I
Klimadaten,B,title,I
. In: ,O,O,I
Bernhardt K.,B,editor,I
", ",O,O,I
Hupfer P.,B,editor,I
" (Hrsg.), ",O,O,I
"Das Klimasystem der Erde - Diagnose und Modellierung, Schwankungen und Wirkungen",B,source,I
", ",O,O,I
Berlin,B,other,I
", ",O,O,I
Akademie Verlag,B,publisher,I
".
",O,O,I
Österreich Wein Marketing GmbH (ÖWM),B,editor,B
 (Hrsg.) (,O,O,I
2006,B,year,I
"), ",O,O,I
Dokumentation Österreichischer Wein,B,title,I
. ,O,O,I
Wien,B,other,I
".
",O,O,I
Priewe,B,author,B
 ,I,author,I
J,I,author,I
. (,O,O,I
1998,B,year,I
"), ",O,O,I
Wein,B,title,I
. ,O,O,I
München,B,other,I
", ",O,O,I
Zabert Sandmann,B,publisher,I
".
",O,O,I
reclip:more,B,editor,B
 (,O,O,I
2007,B,year,I
"a), ",O,O,I
Research for Climate Protection,B,title,I
. - ,O,O,I
http://systemsresearch.arcs.ac.at/SE/projects/reclip/,B,url,I
" (13.01.2008)
",O,O,I
reclip:more,B,editor,B
 (,O,O,I
2007,B,year,I
"b), ",O,O,I
Klimazukunft Österreich - Medieninformaton zum Projektabschluss,B,title,I
. - ,O,O,I
http://tbd,B,url,I
" (14.03.2008)
",O,O,I
Sachverständigenkreis „Globale Umweltaspekte” (SVGUA) (Hrsg.),B,editor,B
 (,O,O,I
2003,B,year,I
"), ",O,O,I
Herausforderung Klimawandel,B,title,I
. ,O,O,I
Berlin,B,other,I
", ",O,O,I
BM f. Bildung u. Forschung,B,publisher,I
".
",O,O,I
Scheifinger,B,author,B
 ,I,author,I
H,I,author,I
"., ",O,O,I
Böhm,B,author,I
 ,I,author,I
R,I,author,I
"., ",O,O,I
Auer,B,author,I
 ,I,author,I
I,I,author,I
. (,O,O,I
2003,B,year,I
"), ",O,O,I
Räumliche Dekorrelation und Homogenisierbarkeit von Klimazeitreihen,B,title,I
. In: ,O,O,I
Terra Nostra,B,source,I
", ",O,O,I
6,B,volume,I
", S. ",O,O,I
375,B,fpage,I
-,O,O,I
379,B,lpage,I
".
",O,O,I
Zentralanstalt für Meteorologie und Geodynamik (ZAMG),B,editor,B
 (Hrsg.) (,O,O,I
2007,B,year,I
"), ",O,O,I
Klimadaten Österreich - Krems,B,title,I
. ,O,O,I
Wien,B,other,I
".
",O,O,I
Zentralanstalt für Meteorologie und Geodynamik (ZAMG),B,editor,B
 (Hrsg.) (,O,O,I
2008,B,year,I
"a), ",O,O,I
Klimadaten Österreich - Wien,B,title,I
. ,O,O,I
Wien,B,other,I
".
",O,O,I
Zentralanstalt für Meteorologie und Geodynamik (ZAMG),B,editor,B
 (Hrsg.) (,O,O,I
2008,B,year,I
"b), ",O,O,I
StartCliml,B,title,I
. - ,O,O,I
http://www.zamg .ac .at/forschung/klimatologie/klimawandel/startcliml/?ts= 1224773401,B,url,I
 (23.10.2008),O,O,I
