token,tag,label,ref
Batsche,B,author,B
 ,I,author,I
H,I,author,I
"., ",O,O,I
Bauer,B,author,I
 ,I,author,I
F,I,author,I
"., ",O,O,I
Behrens,B,author,I
 ,I,author,I
H,I,author,I
"., ",O,O,I
Buchelta,B,author,I
 ,I,author,I
K,I,author,I
"., ",O,O,I
Hribar,B,author,I
 ,I,author,I
F,I,author,I
"., ",O,O,I
Käss,B,author,I
 ,I,author,I
W,I,author,I
"., ",O,O,I
Knuttson,B,author,I
 ,I,author,I
G,I,author,I
"., ",O,O,I
Mairhofer,B,author,I
 ,I,author,I
J,I,author,I
"., ",O,O,I
Maurin,B,author,I
 ,I,author,I
V,I,author,I
"., ",O,O,I
Moser,B,author,I
 ,I,author,I
H,I,author,I
"., ",O,O,I
Neumaier,B,author,I
 ,I,author,I
E,I,author,I
", ",O,O,I
Ostanek,B,author,I
 ,I,author,I
L,I,author,I
"., ",O,O,I
Rrajner,B,author,I
 ,I,author,I
V,I,author,I
"., ",O,O,I
Rauert,B,author,I
 ,I,author,I
W,I,author,I
"., ",O,O,I
Sagl,B,author,I
 ,I,author,I
H,I,author,I
"., ",O,O,I
Schnitzer,B,author,I
 ,I,author,I
W.A.,I,author,I
", ",O,O,I
Zötl,B,author,I
 ,I,author,I
J,I,author,I
. (,O,O,I
1967,B,year,I
"), ",O,O,I
Vergleichende Markierungsversuche im Mittelsteirischen Karst 1967,B,title,I
. In: ,O,O,I
Steirische Beiträge z. Hydrologie,B,source,I
", ",O,O,I
1966,B,year,I
/,O,O,I
67,B,year,I
", S. ",O,O,I
331,B,fpage,I
-,O,O,I
404,B,lpage,I
". 
",O,O,I
Bauer,B,author,B
 ,I,author,I
C,I,author,I
"., ",O,O,I
Kellerer-Pirklbauer,B,author,I
 ,I,author,I
A,I,author,I
. (,O,O,I
2009,B,year,I
"), ",O,O,I
Human impact on karst environments: A case study from central Styria,B,title,I
. In: ,O,O,I
Zeitschrift f. Geomorphologie,B,source,I
", ",O,O,I
Sondernummer,B,other,I
" (im Druck). 
",O,O,I
Benischke,B,author,B
 ,I,author,I
R,I,author,I
"., ",O,O,I
Harum,B,author,I
 ,I,author,I
T,I,author,I
. (,O,O,I
1994,B,year,I
"), ",O,O,I
Zur Hydrologie und Hydrogeologie des Gebietes Peggau - Tanneben - Semriach,B,title,I
. In: ,O,O,I
Landesverein für Höhlenkunde in der Steiermark,B,editor,I
" (Hrsg.), ",O,O,I
Festschrift Lurgrotte 1894-1994,B,source,I
", S. ",O,O,I
143,B,fpage,I
-,O,O,I
181,B,lpage,I
. ,O,O,I
Graz,B,other,I
", ",O,O,I
Styria Verlag,B,publisher,I
". 
",O,O,I
Bock,B,author,B
 ,I,author,I
H,I,author,I
. (,O,O,I
1913,B,year,I
"), ",O,O,I
Charakter des Mittelsteirischen Karstes,B,title,I
. In: ,O,O,I
Mitt. f. Höhlenkunde,B,source,I
", ",O,O,I
6,B,volume,I
",",O,O,I
4,B,issue,I
", S. ",O,O,I
5,B,fpage,I
-,O,O,I
19,B,lpage,I
". 
",O,O,I
Brown,B,author,B
 ,I,author,I
E.H.,I,author,I
 (,O,O,I
1970,B,year,I
"), ",O,O,I
Man shapes the earth,B,title,I
. In: ,O,O,I
The Geographical Journal,B,source,I
", ",O,O,I
136,B,volume,I
", S. ",O,O,I
74,B,fpage,I
-,O,O,I
85,B,lpage,I
". 
",O,O,I
Farkas,B,author,B
 ,I,author,I
A,I,author,I
. (,O,O,I
2002,B,year,I
"), ",O,O,I
"Sag mir, wer die Toten sind! Personalisierung des Opfergedenkens am Beispiel der NS-Opfer von Peggau",B,title,I
. ,O,O,I
Klagenfurt,B,other,I
", ",O,O,I
Drava Verlag,B,publisher,I
".
",O,O,I
Fischer-Kowalski,B,author,B
 ,I,author,I
M,I,author,I
"., ",O,O,I
Erb,B,author,I
 ,I,author,I
K,I,author,I
. (,O,O,I
2006,B,year,I
"), ",O,O,I
Epistemologische und konzeptionelle Grundlagen der Sozialen Ökologie,B,title,I
. In: ,O,O,I
Mitt. d. Österr. Geogr. Ges.,B,source,I
", ",O,O,I
148,B,volume,I
", S. ",O,O,I
33,B,fpage,I
-,O,O,I
56,B,lpage,I
". 
",O,O,I
Fischer-Kowalski,B,author,B
 ,I,author,I
M,I,author,I
"., ",O,O,I
Haberl,B,author,I
 ,I,author,I
H,I,author,I
. (,O,O,I
1997,B,year,I
"a), ",O,O,I
Stoffwechsel und Kolonisierung. Konzepte zur Beschreibung des Verhältnisses von Gesellschaft und Natur,B,title,I
. In: ,O,O,I
Fischer-Kowalski M.,B,editor,I
" (Hrsg.), ",O,O,I
Gesellschaftlicher Stoffwechsel und Kolonisierung von Natur. Ein Versuch in Sozialer Ökologie,B,source,I
", S. ",O,O,I
3,B,fpage,I
-,O,O,I
12,B,lpage,I
. ,O,O,I
Amsterdam,B,other,I
", ",O,O,I
Fakultas,B,publisher,I
". 
",O,O,I
Fischer-Kowalski,B,author,B
 ,I,author,I
M,I,author,I
"., ",O,O,I
Haberl,B,author,I
 ,I,author,I
H,I,author,I
. (,O,O,I
1997,B,year,I
"b), ",O,O,I
Stoffwechsel und Kolonisierung. Ein universalhistorischer Bogen,B,title,I
. In: ,O,O,I
Fischer-Kowalski M.,B,editor,I
" (Hrsg.), ",O,O,I
Gesellschaftlicher Stoffwechsel und Kolonisierung von Natur. Ein Versuch in Sozialer Ökologie,B,source,I
", S. ",O,O,I
25,B,fpage,I
-,O,O,I
35,B,lpage,I
. ,O,O,I
Amsterdam,B,other,I
", ",O,O,I
Fakultas,B,publisher,I
". 
",O,O,I
Ford,B,author,B
 ,I,author,I
D,I,author,I
"., ",O,O,I
Williams,B,author,I
 ,I,author,I
P.W.,I,author,I
 (,O,O,I
2007,B,year,I
"), ",O,O,I
Karst Hydrogeology and Geomorphology,B,title,I
. ,O,O,I
Chichester,B,other,I
", ",O,O,I
Wiley,B,publisher,I
". 
",O,O,I
Fuchs,B,author,B
 ,I,author,I
G,I,author,I
. (,O,O,I
1994,B,year,I
"), ",O,O,I
Archäologie der Lurgrotte,B,title,I
. In: ,O,O,I
Landesverein für Höhlenkunde in der Steiermark,B,editor,I
" (Hrsg.), ",O,O,I
Festschrift Lurgrotte 1894-1994,B,source,I
", S. ",O,O,I
85,B,fpage,I
-,O,O,I
101,B,lpage,I
. ,O,O,I
Graz,B,other,I
", ",O,O,I
Styria,B,publisher,I
". 
",O,O,I
Götzinger,B,author,B
 ,I,author,I
G,I,author,I
. (,O,O,I
1926,B,year,I
"), ",O,O,I
Die Phosphate in Österreich,B,title,I
. In: ,O,O,I
Mitt. d. Österr. Geogr. Ges.,B,source,I
", ",O,O,I
69,B,volume,I
", S. ",O,O,I
126,B,fpage,I
-,O,O,I
156,B,lpage,I
". 
",O,O,I
Gunn,B,author,B
 ,I,author,I
J,I,author,I
. (,O,O,I
1993,B,year,I
"), ",O,O,I
The geomorphological impacts of limestone quarrying,B,title,I
. In: ,O,O,I
Williams P.W.,B,editor,I
" (Hrsg.), ",O,O,I
Karst Terrains: Environmental changes and human impact,B,source,I
 (= ,O,O,I
Catena Supplement,B,source,I
", ",O,O,I
25,B,volume,I
"), S. ",O,O,I
187,B,fpage,I
-,O,O,I
197,B,lpage,I
". 
",O,O,I
Huppert,B,author,B
 ,I,author,I
G,I,author,I
"., ",O,O,I
Burri,B,author,I
 ,I,author,I
E,I,author,I
"., ",O,O,I
Forti,B,author,I
 ,I,author,I
p,I,author,I
"., ",O,O,I
Cigna,B,author,I
 ,I,author,I
A,I,author,I
. (,O,O,I
1993,B,year,I
"), ",O,O,I
Effects of Tourist Development on caves and Karst,B,title,I
. In: ,O,O,I
Williams P.W.,B,editor,I
" (Hrsg.), ",O,O,I
Karst Terrains: Environmental changes and human impact,B,source,I
 (= ,O,O,I
Catena Supplement,B,source,I
", ",O,O,I
25,B,volume,I
"), S. ",O,O,I
251,B,fpage,I
-,O,O,I
268,B,lpage,I
". 
",O,O,I
Kieslinger,B,author,B
 ,I,author,I
A,I,author,I
. (,O,O,I
1957,B,year,I
"), ",O,O,I
Höhlen und Steinbrüche,B,title,I
. In: ,O,O,I
Die Höhle,B,source,I
", ",O,O,I
8,B,volume,I
", ",O,O,I
4,B,issue,I
", S. ",O,O,I
89,B,fpage,I
-,O,O,I
99,B,lpage,I
". 
",O,O,I
Kusch,B,author,B
 ,I,author,I
H,I,author,I
. (,O,O,I
1992,B,year,I
"), ",O,O,I
Zur Stellung der Höhle in der Urgeschichtsforschung,B,title,I
. In: ,O,O,I
Fundberichte aus Österreich,B,source,I
", ",O,O,I
31,B,volume,I
", S. ",O,O,I
357,B,fpage,I
-,O,O,I
358,B,fpage,I
". 
",O,O,I
Kusch,B,author,B
 ,I,author,I
H,I,author,I
. (,O,O,I
1993,B,year,I
"), ",O,O,I
Die kulturhistorische Bedeutung der Höhlenfundplätze entlang des mittleren Murtales (Steiermark),B,title,I
". Univ. Graz, Diss. 
",O,O,I
Kusch,B,author,B
 ,I,author,I
H,I,author,I
. (,O,O,I
1997,B,year,I
"), ",O,O,I
Die Grabung 1997 in der Bockhöhle bei Peggau in der Steiermark,B,title,I
. In: ,O,O,I
Fundberichte aus Österreich,B,source,I
", ",O,O,I
37,B,volume,I
", S. ",O,O,I
469,B,fpage,I
-,O,O,I
478,B,lpage,I
". 
",O,O,I
Kusch,B,author,B
 ,I,author,I
H,I,author,I
. (,O,O,I
2004,B,year,I
"), ",O,O,I
"Forschungsprojekt Moosschacht (2836/237) auf dem Tannebenstock bei Semriach, Steiermark",B,title,I
. In: ,O,O,I
Die Höhle,B,source,I
", ",O,O,I
55,B,volume,I
", ",O,O,I
1-4,B,issue,I
", S. ",O,O,I
83,B,fpage,I
-,O,O,I
90,B,lpage,I
". 
",O,O,I
Lehmann,B,author,B
 ,I,author,I
O,I,author,I
. (,O,O,I
1932,B,year,I
"), ",O,O,I
Die Hydrographie des Karstes,B,title,I
. ,O,O,I
Leipzig - Wien,B,other,I
", ",O,O,I
Franz Deuticke,B,publisher,I
". 
",O,O,I
Maurin,B,author,B
 ,I,author,I
V,I,author,I
. (,O,O,I
1952,B,year,I
"), ",O,O,I
Ein Beitrag zur Hydrologie des Lurhöhlensystems. Die zweite Chlorierung des Lurbaches,B,title,I
. In: ,O,O,I
Mitt. d. Naturwiss. Vereins f. Steiermark,B,source,I
", ",O,O,I
81/82,B,volume,I
", S. ",O,O,I
169,B,fpage,I
-,O,O,I
180,B,lpage,I
". 
",O,O,I
Maurin,B,author,B
 ,I,author,I
V,I,author,I
. (,O,O,I
1961,B,year,I
"), ",O,O,I
Hydrologie und Verkarstung,B,title,I
. In: ,O,O,I
Flügel H.,B,editor,I
" (Hrsg.), ",O,O,I
Die Geologie des Grazer Berglandes,B,source,I
 (= ,O,O,I
"Mitt. d. Museums f. Bergbau, Geologie u. Technik am Landesmuseum Joanneum Graz",B,source,I
", ",O,O,I
23,B,volume,I
"), S. ",O,O,I
173,B,fpage,I
-,O,O,I
195,B,lpage,I
". 
",O,O,I
Maurin,B,author,B
 ,I,author,I
V,I,author,I
. (,O,O,I
1994,B,year,I
"), ",O,O,I
Geologie und Karstentwicklung des Raumes Deutschfeistritz - Peggau - Semriach,B,title,I
. In: ,O,O,I
Landesverein für Höhlenkunde in der Steiermark,B,editor,I
" (Hrsg.), ",O,O,I
Festschrift Lurgrotte 1894-1994,B,source,I
", S. ",O,O,I
103,B,fpage,I
-,O,O,I
137,B,lpage,I
. ,O,O,I
Graz,B,other,I
", ",O,O,I
Styria Verlag,B,publisher,I
". 
",O,O,I
Paschinger,B,author,B
 ,I,author,I
H,I,author,I
. (,O,O,I
1965,B,year,I
"), ",O,O,I
Klimabedingte Oberflächenkarstformen am Rande der Grazer Bucht,B,title,I
. In: ,O,O,I
Geogr. Zeitschrift,B,source,I
", ",O,O,I
65,B,volume,I
", S. ",O,O,I
162,B,fpage,I
-,O,O,I
170,B,lpage,I
". 
",O,O,I
Rabitsch,B,author,B
 ,I,author,I
G,I,author,I
. (,O,O,I
1967,B,year,I
"), ",O,O,I
Konzentrationslager in Österreich (1938-1945). Überblick und Geschehen,B,title,I
". Univ. Wien, Diss. 
",O,O,I
Saar,B,author,B
 ,I,author,I
R,I,author,I
. (,O,O,I
1931,B,year,I
"), ",O,O,I
Geschichte und Aufbau der österreichischen Höhlendüngeraktion mit besonderer Berücksichtigung des Werkes Mixnitz,B,title,I
. In: ,O,O,I
Speläologisches Jahrbuch,B,source,I
", ",O,O,I
7/8,B,volume,I
", S. ",O,O,I
3,B,fpage,I
-,O,O,I
64,B,lpage,I
". 
",O,O,I
Schadler,B,author,B
 ,I,author,I
J,I,author,I
. (,O,O,I
1921,B,year,I
"), ",O,O,I
Die Phosphatgewinnung aus der Drachenhöhle bei Mixnitz in Steiermark,B,title,I
. In: ,O,O,I
Berichte d. staatl. Höhlenkommission,B,source,I
", ",O,O,I
2,B,volume,I
", ",O,O,I
1,B,issue,I
", S. ",O,O,I
42,B,fpage,I
-,O,O,I
46,B,lpage,I
". 
",O,O,I
Schäffler,B,author,B
 ,I,author,I
H,I,author,I
. (,O,O,I
1994,B,year,I
"), ",O,O,I
Quo vadis Tanneben?,B,title,I
 In: ,O,O,I
Landesverein für Höhlenkunde in der Steiermark,B,editor,I
" (Hrsg.), ",O,O,I
Festschrift Lurgrotte 1894-1994,B,source,I
", S. ",O,O,I
307,B,fpage,I
-,O,O,I
315,B,lpage,I
. ,O,O,I
Graz,B,other,I
", ",O,O,I
Styria Verlag,B,publisher,I
".
",O,O,I
Sieferle,B,author,B
 ,I,author,I
R.P.,I,author,I
 (,O,O,I
1997,B,year,I
"), ",O,O,I
Kulturelle Evolution des Gesellschaft-Natur-Verhältnisses,B,title,I
. In: ,O,O,I
Fischer-Kowalski M.,B,editor,I
" (Hrsg.), ",O,O,I
Gesellschaftlicher Stoffwechsel und Kolonisierung von Natur. Ein Versuch in Sozialer Ökologie,B,source,I
", S. ",O,O,I
37,B,fpage,I
-,O,O,I
53,B,lpage,I
. ,O,O,I
Amsterdam,B,other,I
", ",O,O,I
Fakultas,B,publisher,I
". 
",O,O,I
Stelzl,B,author,B
 ,I,author,I
B,I,author,I
. (,O,O,I
1999,B,year,I
"), ",O,O,I
"Lager in Graz. Zur Unterbringung ausländischer Zivilarbeiter, Kriegsgefangener und KL-Häftlinge 1938-1945",B,title,I
. In: ,O,O,I
Karner S.,B,editor,I
" (Hrsg.), ",O,O,I
Graz in der NS-Zeit 1938-1945,B,source,I
 (= ,O,O,I
"Veröff. d. Ludwig Boltzmann-Inst. f. Kriegsfolgen-Forschungen, Sonderbd.",B,source,I
 ,O,O,I
I,B,volume,I
). ,O,O,I
Graz - Wien - Klagenfurt,B,other,I
". 
",O,O,I
Stummer,B,author,B
 ,I,author,I
G,I,author,I
"., ",O,O,I
Plan,B,author,I
 ,I,author,I
L,I,author,I
. (,O,O,I
2002,B,year,I
"), ",O,O,I
Handbuch zum Österreichischen Höhlenverzeichnis inklusive Bayrischer Alpenraum,B,title,I
 (= ,O,O,I
Speldok,B,source,I
", ",O,O,I
10,B,volume,I
"). 
",O,O,I
Trimmel,B,author,B
 ,I,author,I
H,I,author,I
. (,O,O,I
1968,B,year,I
"), ",O,O,I
Höhlenkunde,B,title,I
 (= ,O,O,I
Die Wissenschaft. Sammlung v. Einzeldarstellungen aus allen Gebieten d. Naturwissenschaft,B,source,I
", ",O,O,I
126,B,volume,I
"). 
",O,O,I
Trimmel,B,author,B
 ,I,author,I
H,I,author,I
. (,O,O,I
1994,B,year,I
"a), ",O,O,I
Das Naturdenkmal Lurhöhle (Semriach-Peggau) - Ableitungskanal für (geklärtes) Abwässer!,B,title,I
 In: ,O,O,I
Die Höhle,B,source,I
", ",O,O,I
45,B,volume,I
", ",O,O,I
1,B,issue,I
",S. ",O,O,I
1,B,fpage,I
-,O,O,I
6,B,lpage,I
". 
",O,O,I
Trimmel,B,author,B
 ,I,author,I
H,I,author,I
. (,O,O,I
1994,B,year,I
"b), ",O,O,I
Die „Lurgrotte“ - Schauhöhlenbetrieb und Höhlenschutz,B,title,I
. In: ,O,O,I
Landesverein für Höhlenkunde in der Steiermark,B,editor,I
" (Hrsg.), ",O,O,I
Festschrift Lurgrotte 1894-1994,B,source,I
", S. ",O,O,I
293,B,fpage,I
-,O,O,I
306,B,lpage,I
. ,O,O,I
Graz,B,other,I
", ",O,O,I
Styria Verlag,B,publisher,I
". 
",O,O,I
Van Beynen,B,author,B
 ,I,author,I
P,I,author,I
"., ",O,O,I
Townsend,B,author,I
 ,I,author,I
K,I,author,I
. (,O,O,I
2005,B,year,I
"), ",O,O,I
A Disturbance Index for Karst Environments,B,title,I
. In: ,O,O,I
Environmental Management,B,source,I
", ",O,O,I
36,B,volume,I
", ",O,O,I
1,B,issue,I
", S. ",O,O,I
101,B,fpage,I
-,O,O,I
116,B,lpage,I
". 
",O,O,I
Vormair,B,author,B
 ,I,author,I
V,I,author,I
. (,O,O,I
1940,B,year,I
"), ",O,O,I
Die Dolinenwelt des Mittelsteirischen Karstes,B,title,I
. In: ,O,O,I
Zeitschrift f. Geomorphologie,B,source,I
", ",O,O,I
11,B,volume,I
", S. ",O,O,I
123,B,fpage,I
-,O,O,I
150,B,lpage,I
". 
",O,O,I
Weissensteiner,B,author,B
 ,I,author,I
V,I,author,I
. (,O,O,I
1969,B,year,I
"), ",O,O,I
"Der Hammerbach bei Peggau (Steiermark, Kat.-Nr. 2836/34)",B,title,I
. In: ,O,O,I
Die Höhle,B,source,I
", ",O,O,I
20,B,volume,I
", ",O,O,I
4,B,issue,I
", S. ",O,O,I
113,B,fpage,I
-,O,O,I
123,B,lpage,I
". 
",O,O,I
Weissensteiner,B,author,B
 ,I,author,I
V,I,author,I
. (,O,O,I
1994,B,year,I
"), ",O,O,I
Die Erforschung der Lurgrotte nach der Einschließungskatastrophe,B,title,I
. In: ,O,O,I
Landesverein für Höhlenkunde in der Steiermark,B,editor,I
" (Hrsg.), ",O,O,I
Festschrift Lurgrotte 1894-1994,B,source,I
", S. ",O,O,I
53,B,fpage,I
-,O,O,I
62,B,lpage,I
. ,O,O,I
Graz,B,other,I
", ",O,O,I
Styria Verlag,B,publisher,I
". 
",O,O,I
Weissensteiner,B,author,B
 ,I,author,I
V,I,author,I
. (,O,O,I
2001,B,year,I
"), ",O,O,I
Tätigkeitsbericht 2000 der dem Verband österreichischer Höhlenforscher angeschlossenen Vereine,B,title,I
. In: ,O,O,I
Die Höhle,B,source,I
", ",O,O,I
52,B,volume,I
", 2, S. ",O,O,I
52,B,fpage,I
-,O,O,I
54,B,lpage,I
". 
",O,O,I
Wietersdorfer & Peggauer Zementwerke GmbH,B,editor,B
 (Hrsg.) (,O,O,I
2006,B,year,I
"), ",O,O,I
Umwelterklärung Werk Peggau / Leoben. Ausgabe 2006 mit den Zahlen 2005,B,title,I
. ,O,O,I
Klagenfurt,B,other,I
". 
",O,O,I
Winkler-Hermaden,B,author,B
 ,I,author,I
A,I,author,I
. (,O,O,I
1957,B,year,I
"), ",O,O,I
Geologisches Kräftespiel und Landformung. Grundsätzliche Erkenntnisse zur Frage junger Gebirgsbildung und Landformung,B,title,I
. ,O,O,I
Wien,B,other,I
", ",O,O,I
Springer Verlag,B,publisher,I
". 
",O,O,I
Wurmbrand,B,author,B
 ,I,author,I
G,I,author,I
. (,O,O,I
1871,B,year,I
"), ",O,O,I
Über die Höhlen und Grotten in dem Kalkgebirge bei Peggau,B,title,I
. In: ,O,O,I
Mitt. d. Naturwiss. Vereins f. Steiermark,B,source,I
", ",O,O,I
2,B,volume,I
", ",O,O,I
3,B,issue,I
", S. ",O,O,I
401,B,fpage,I
-,O,O,I
427,B,lpage,I
.,O,O,I
