token,tag,label,ref
Agenţia pentru Dezvoltare Economică (ADETIM),B,editor,B
 (ed.) (,O,O,I
2006,B,year,I
"), ",O,O,I
"Investor’s guide: Timiş County, Romania",B,title,I
. ,O,O,I
Timişoara,B,other,I
".
",O,O,I
Agenţiile de Dezvoltare Economico-Socială (ADES),B,editor,B
 (ed.) (,O,O,I
1998,B,year,I
"), ",O,O,I
Ghidul Investitorului 1998: Regiunea Economică Vest [Investment guide 1998: Economic region West],B,title,I
. ,O,O,I
Timişoara,B,other,I
".
",O,O,I
Alexa,B,author,B
 ,I,author,I
C,I,author,I
. (,O,O,I
2001,B,year,I
"),",O,O,I
Transporturi şi expediţi internaţional [International transport and shipment],B,title,I
. ,O,O,I
Bucureşti,B,other,I
", ",O,O,I
Editura ASE,B,publisher,I
".
",O,O,I
Belgrade City Council,B,editor,B
 (ed.) (,O,O,I
2008,B,year,I
"), ",O,O,I
"City of Belgrade Development Strategy. Goals, Concept and Strategic Priorities of Sustainable Development",B,title,I
. ,O,O,I
Belgrade,B,other,I
. - ,O,O,I
http://www.beograd.rs/download .php/documents// developmentstrategy .pdf,B,url,I
"
",O,O,I
Burghouwt,B,author,B
 ,I,author,I
G,I,author,I
. (,O,O,I
2005,B,year,I
"), ",O,O,I
 Airline network development in Europe and its implications for airport planning,B,title,I
. ,O,O,I
Utrecht,B,other,I
", ",O,O,I
"Univ. of Utrecht, Faculty of Geosciences",B,editor,I
".
",O,O,I
Burghouwt,B,author,B
 ,I,author,I
G,I,author,I
"., ",O,O,I
Hakoort,B,author,I
 ,I,author,I
J,I,author,I
"., ",O,O,I
Ritsema van Eck,B,author,I
 ,I,author,I
J,I,author,I
. (,O,O,I
2003,B,year,I
"), ",O,O,I
The spatial configuration of airline networks in Europe,B,title,I
. In: ,O,O,I
Journal of Air Transport Management,B,source,I
", ",O,O,I
9,B,volume,I
", pp. ",O,O,I
309,B,fpage,I
-,O,O,I
323,B,lpage,I
".
",O,O,I
Dempsey,B,author,B
 ,I,author,I
P.S.,I,author,I
 (,O,O,I
2004,B,year,I
"), ",O,O,I
European aviation law,B,title,I
. ,O,O,I
Den Haag,B,other,I
", ",O,O,I
Kluwer Law Intern,B,publisher,I
".
",O,O,I
Dobruszkes,B,author,B
 ,I,author,I
F,I,author,I
. (,O,O,I
2009,B,year,I
"), ",O,O,I
"New Europe, new low-cost air services",B,title,I
. In: ,O,O,I
Journal of Transport Geography,B,source,I
", ",O,O,I
17,B,volume,I
", ",O,O,I
6,B,issue,I
",pp.",O,O,I
423,B,fpage,I
-,O,O,I
432,B,lpage,I
".
",O,O,I
Dumitrescu,B,author,B
 ,I,author,I
S,I,author,I
"., ",O,O,I
Bal,B,author,I
 ,I,author,I
A,I,author,I
. (,O,O,I
2002,B,year,I
"), ",O,O,I
Economia mondiale [Global economy],B,title,I
. ,O,O,I
Bucharest,B,other,I
", ",O,O,I
Ed. Economică,B,publisher,I
". 
",O,O,I
European Communities,B,editor,B
 (ed.) (,O,O,I
2007,B,year,I
"), ",O,O,I
Statistics in focus: air passenger transport in Europe in 2006,B,title,I
. ,O,O,I
Luxembourg,B,other,I
", ",O,O,I
Office for Official Publications of the European Communities,B,publisher,I
".
",O,O,I
Eurostat,B,editor,B
 (ed.) (,O,O,I
2006,B,year,I
"), ",O,O,I
Air transport in Europe in 2004 - Statistics in focus,B,title,I
. - ,O,O,I
http://epp .eurostat.ec.europa.eu/cache/ITY_OFFPUB/KS-NZ-06-002/EN/KS-NZ-06-002-EN.pdf,B,url,I
"
",O,O,I
Francis,B,author,B
 ,I,author,I
G,I,author,I
"., ",O,O,I
Fidato,B,author,I
 ,I,author,I
A,I,author,I
", ",O,O,I
Humphreys,B,author,I
 ,I,author,I
I,I,author,I
. (,O,O,I
2003,B,year,I
"), ",O,O,I
Airport-airline interaction: the impact of low-cost carriers on two European airports,B,title,I
. In: ,O,O,I
Journal of Air Transport Management,B,source,I
", ",O,O,I
9,B,volume,I
", ",O,O,I
4,B,issue,I
", pp. ",O,O,I
267,B,fpage,I
-,O,O,I
273,B,lpage,I
".
",O,O,I
Fruhling,B,author,B
 ,I,author,I
P,I,author,I
. (,O,O,I
2006,B,year,I
"), ",O,O,I
The new European Commission’s guidelines on aid to airports and aid by airports to airlines,B,title,I
. In: ,O,O,I
Air & Space Law,B,source,I
", ",O,O,I
31,B,volume,I
",",O,O,I
2,B,issue,I
", pp. ",O,O,I
98,B,volume,I
-,O,O,I
119,B,lpage,I
".
",O,O,I
Government of Romania,B,editor,B
 (ed.) (,O,O,I
2006,B,year,I
"), ",O,O,I
Sectoral operational programme - Transport (SOPT) 2007-2013,B,title,I
.- ,O,O,I
http://www.mt.to/engleza/strategii/post/POS%20Transport%20final%2012%20aprilie%202006%20MFP%20-%20MTCT.pdf,B,url,I
"
",O,O,I
Graham,B,author,B
 ,I,author,I
A,I,author,I
"., ",O,O,I
Dennis,B,author,I
 ,I,author,I
N,I,author,I
. (,O,O,I
2006,B,year,I
"), ",O,O,I
Airport traffic and financial performance: a UK and Ireland case study,B,title,I
. ,O,O,I
London,B,other,I
", ",O,O,I
Univ. of Westminster,B,publisher,I
".
",O,O,I
Graham,B,author,B
 ,I,author,I
B.J.,I,author,I
 (,O,O,I
1995,B,year,I
"), ",O,O,I
Geography and air transport,B,title,I
. ,O,O,I
Chichester,B,other,I
", ",O,O,I
John Wiley & Sons,B,publisher,I
". 
",O,O,I
Iordănescu,B,author,B
 ,I,author,I
D,I,author,I
"., ",O,O,I
Georgescu,B,author,I
 ,I,author,I
D,I,author,I
. (,O,O,I
1986,B,year,I
"), ",O,O,I
Construcţii pentru transporturi în România [Construction for transport in Romania],B,title,I
. ,O,O,I
2,B,volume,I
 vol. ,O,O,I
Bucharest,B,other,I
", ",O,O,I
Centrala de Construcţii Căile Ferate,B,publisher,I
".
",O,O,I
Kangis,B,author,B
 ,I,author,I
P,I,author,I
"., ",O,O,I
O’Reilly,B,author,I
 ,I,author,I
M.D.,I,author,I
 (,O,O,I
2003,B,year,I
"), ",O,O,I
Strategies in a dynamic marketplace: a case study in the airline industry,B,title,I
. In: ,O,O,I
Journal of Business Research,B,source,I
", ",O,O,I
56,B,volume,I
", ",O,O,I
2,B,issue,I
", pp. ",O,O,I
105,B,fpage,I
-,O,O,I
111,B,lpage,I
".
",O,O,I
Kiss,B,author,B
 ,I,author,I
L,I,author,I
. (,O,O,I
2007,B,year,I
"), ",O,O,I
The changing traffic system of the South Great Plain,B,title,I
. In: ,O,O,I
KovÁcs C.,B,editor,I
" (ed.), ",O,O,I
From villages to cyberspace: in commemoration of the 65th birthday of Rezsó Mészáros,B,source,I
", pp. ",O,O,I
83,B,fpage,I
-,O,O,I
93,B,lpage,I
", ",O,O,I
Szeged,B,other,I
", ",O,O,I
"Univ. of Szeged, Depart, of Economic and Human Geography",B,publisher,I
".
",O,O,I
Kurkó,B,author,B
 ,I,author,I
I,I,author,I
. (,O,O,I
2007,B,year,I
"), ",O,O,I
Regional Economic Development and Disparities in Romania,B,title,I
. In: ,O,O,I
"CERS, Technical University of Košice, Faculty of Economics",B,editor,I
" (ed.), ",O,O,I
"The 2nd Central European Conf, in Regional Science",B,source,I
", pp. ",O,O,I
527,B,fpage,I
-,O,O,I
531,B,lpage,I
. - ,O,O,I
http://www.cers.tuke.sk/cers2007/PDF/Kurko.pdf,B,url,I
"
",O,O,I
Loo,B,author,B
 ,I,author,I
B.P.Y.,I,author,I
 (,O,O,I
2008,B,year,I
"), ",O,O,I
Passengers’ airport choice within multi-airport regions (MAR): some insights from a stated preference survey at Hong Kong International Airport,B,title,I
. In: ,O,O,I
Journal of Transport Geography,B,source,I
", ",O,O,I
16,B,volume,I
", pp. ",O,O,I
117,B,fpage,I
-,O,O,I
125,B,lpage,I
".
",O,O,I
Madas,B,author,B
 ,I,author,I
M,I,author,I
"., ",O,O,I
Zografos,B,author,I
 ,I,author,I
K,I,author,I
. (,O,O,I
2008,B,year,I
"), ",O,O,I
Airport capacity versus demand: mismatch or mismanagement?,B,title,I
 In: ,O,O,I
Transportation Research,B,source,I
", ",O,O,I
42A,B,volume,I
", pp. ",O,O,I
203,B,fpage,I
-,O,O,I
206,B,lpage,I
".
",O,O,I
Megginson Technologies Ltd.,B,editor,B
" (ed.), ",O,O,I
Our airports,B,title,I
. - ,O,O,I
http://www.ourairports.com/countries/RS,B,url,I
" (last access 28/10/2009).
",O,O,I
Mihăilescu,B,author,B
 ,I,author,I
N,I,author,I
. (,O,O,I
1971,B,year,I
"), ",O,O,I
Aeroportul internaţional Bucureşti-Otopeni: primă poartă aeriană a României [International airport Bucharest-Otopeni: first entrance by air to Romania],B,title,I
. In: ,O,O,I
Terra,B,source,I
", ",O,O,I
3,B,volume,I
", ",O,O,I
1,B,issue,I
", pp. ",O,O,I
61,B,fpage,I
-,O,O,I
65,B,lpage,I
".
",O,O,I
Ministry of Economy and Transport,B,editor,B
 (ed.) (,O,O,I
2006,B,year,I
"), ",O,O,I
Transport Infrastructure Development in Hungary,B,title,I
. ,O,O,I
Budapest,B,other,I
".
",O,O,I
Pavel,B,author,B
 ,I,author,I
S,I,author,I
. (,O,O,I
2004,B,year,I
"), ",O,O,I
Urban and rural spaces of Western Romania: transformations and evolutions,B,title,I
. In: ,O,O,I
Geographica Timisiensis,B,source,I
", ",O,O,I
13,B,volume,I
", ",O,O,I
l,B,issue,I
",pp. ",O,O,I
83,B,fpage,I
-,O,O,I
93,B,lpage,I
".
",O,O,I
Pop,B,author,B
 ,I,author,I
G.P.,I,author,I
 (,O,O,I
1984,B,year,I
"),",O,O,I
România: geografie circulaţiei [Romania: transportation geography],B,title,I
. ,O,O,I
Bucharest,B,other,I
", ",O,O,I
Ed. Ştiinţífică şi Enciclopedică,B,publisher,I
".
",O,O,I
RPB Netherlands Institute for Spatial Research,B,editor,B
 (ed.) (,O,O,I
2005,B,year,I
"), ",O,O,I
Verkenning Regionale Luchthavens,B,title,I
. ,O,O,I
Rotterdam,B,other,I
", ",O,O,I
NAI Uitgevers,B,publisher,I
".
",O,O,I
Rusta,B,author,B
 ,I,author,I
Z,I,author,I
"., ",O,O,I
Bugă,B,author,I
 ,I,author,I
D,I,author,I
. (,O,O,I
1984,B,year,I
"), ",O,O,I
Transporturile aeriene [Air transport],B,title,I
. In: ,O,O,I
Cucu V.,B,editor,I
", ",O,O,I
Iordan I.,B,editor,I
" (eds.), ",O,O,I
Geografia României: geografia umană-economică,B,source,I
", pp. ",O,O,I
442,B,fpage,I
-,O,O,I
446,B,lpage,I
", ",O,O,I
Bucharest,B,other,I
", ",O,O,I
Ed. Academiei RSR,B,publisher,I
".
",O,O,I
Sosna,B,author,B
 ,I,author,I
B,I,author,I
"., ",O,O,I
Lucas,B,author,I
 ,I,author,I
R,I,author,I
. (,O,O,I
2007,B,year,I
"), ",O,O,I
"Airports in Poland - a €1.2bn business opportunity (= Polish Construction Review, Publ. PMR)",B,title,I
".
",O,O,I
Wassing,B,author,B
 ,I,author,I
M.A.,I,author,I
 (,O,O,I
2008,B,year,I
"), ",O,O,I
Central Europe: ready for take off? De invloed van decentrale overheden op de ontwikkeling van regionale luchthavens in Centraal-Europa en de bijdrage van deze luchthavens aan de regionale ontwikkeling aldaar - casestudie in een Hongaarse en een Roemeense grensregio [Central Europe: ready for take off? The influence of decentralised governments on the development of regional airports in Central Europe and the contribution of these airports to regional development - A case study of the Hungarian and Romanian border region],B,title,I
. ,O,O,I
"Utrecht, Univ. Utrecht, Faculteit Geowetenschappen, Master Thesis",B,other,I
.,O,O,I
