token,tag,label,ref
DE JONG,B,author,B
 ,I,author,I
G.F.,I,author,I
", ",O,O,I
Fawcett,B,author,I
 ,I,author,I
J.T.,I,author,I
 (,O,O,I
1981,B,year,I
"), ",O,O,I
Motivations for Migration: An Assessment and a Value-Expectancy Research Model,B,title,I
. In: ,O,O,I
DE JONG G.F.,B,editor,I
", ",O,O,I
GARDNER R.W.,B,editor,I
" (Hrsg.), ",O,O,I
Migration Decision Making,B,source,I
", S. ",O,O,I
13,B,fpage,I
-,O,O,I
58,B,lpage,I
. ,O,O,I
New York,B,other,I
".
",O,O,I
ESSER,B,author,B
 ,I,author,I
H,I,author,I
. (,O,O,I
1991,B,year,I
"), ",O,O,I
Alltagshandeln und Verstehen. Zum Verhältnis von erklärender und verstehender Soziologie am Beispiel von Alfred Schütz und “Rational Choice”,B,title,I
. ,O,O,I
Tübingen,B,other,I
". 
",O,O,I
EUROSTAT,B,editor,B
 (Hrsg.) (,O,O,I
2008,B,year,I
"), ",O,O,I
Recent migration trends: citizens of EU-27 Member States become ever more mobile while EU remains attractive to non EU-citizens,B,title,I
 (= ,O,O,I
Statistik kurz gefasst,B,title,I
", ",O,O,I
98,B,volume,I
"). 
",O,O,I
FASSMANN,B,author,B
 ,I,author,I
H,I,author,I
. (,O,O,I
2009,B,year,I
"), ",O,O,I
European migration - historical overview and statistical problems,B,title,I
. In: ,O,O,I
FASSMANN H.,B,editor,I
", ",O,O,I
REEGER U.,B,editor,I
", ",O,O,I
SIEVERS W.,B,editor,I
" (Hrsg.), ",O,O,I
Statistics and Reality: Concepts and Measurements of Migration in Europe,B,source,I
", S. ",O,O,I
10,B,fpage,I
-,O,O,I
27,B,lpage,I
. ,O,O,I
Amsterdam,B,other,I
". 
",O,O,I
FASSMANN,B,author,B
 ,I,author,I
H,I,author,I
. (,O,O,I
2009,B,year,I
"), ",O,O,I
Die Geographie der Europäischen Migration - ein Überblick,B,title,I
. In: ,O,O,I
SIR PETER USTINOV INSTITUT,B,editor,I
" (Hrsg.), ",O,O,I
Zuwanderer als Feindbild,B,source,I
. ,O,O,I
Wien,B,other,I
" (im Druck). 
",O,O,I
FERENCZI,B,author,B
 ,I,author,I
I,I,author,I
"., ",O,O,I
WILCOX,B,author,I
 ,I,author,I
W. F.,I,author,I
 (,O,O,I
1929,B,year,I
"), ",O,O,I
"International Migrations, Vol. I: Statistics",B,title,I
. ,O,O,I
New York,B,other,I
", ",O,O,I
 National Bureau of Economic Research,B,publisher,I
". 
",O,O,I
INTERNATIONAL ORGANIZATION FOR MIGRATION (IOM),B,editor,B
 (Hrsg.) (,O,O,I
2008,B,year,I
"),",O,O,I
 World Migration Report 2008,B,title,I
. ,O,O,I
Geneva - New York,B,other,I
". 
",O,O,I
KRITZ M.M.,B,editor,B
", ",O,O,I
LIM L.L.,B,editor,I
", ",O,O,I
ZLOTNIK H.,B,editor,I
 (Hrsg.) (,O,O,I
1992,B,year,I
"), ",O,O,I
International Migration Systems: A Global Approach,B,title,I
. ,O,O,I
"Oxford, United Kingdom",B,other,I
", ",O,O,I
Clarendon Press,B,publisher,I
". 
",O,O,I
LEE,B,author,B
 ,I,author,I
E.S.,I,author,I
 (,O,O,I
1966,B,year,I
"), ",O,O,I
A Theory of Migration,B,title,I
. In: ,O,O,I
Demography,B,source,I
", ",O,O,I
3,B,volume,I
", S. ",O,O,I
47,B,fpage,I
-,O,O,I
57,B,lpage,I
". 
",O,O,I
WALLERSTEIN,B,author,B
 ,I,author,I
I,I,author,I
. (,O,O,I
1974,B,year,I
"), ",O,O,I
"The Modern World System, Capitalist Agriculture and the Origins of the European World Economy in the Sixteenth Century",B,title,I
. ,O,O,I
New York,B,other,I
", ",O,O,I
Academic Press,B,publisher,I
.,O,O,I
