token,tag,label,ref
Andreotti,B,author,B
 ,I,author,I
G,I,author,I
"., ",O,O,I
Steinicke,B,author,I
 ,I,author,I
E,I,author,I
. (,O,O,I
2005,B,year,I
"), ",O,O,I
Das Fassatal - im Zentrum der Westdolomiten,B,title,I
. In: ,O,O,I
Steinicke E.,B,editor,I
" (eds.), ",O,O,I
"Geographischer Exkursionsführer. Europaregion Tirol, Südtirol, Trentino",B,source,I
. Vol. ,O,O,I
4,B,volume,I
: ,O,O,I
Spezialexkursionen im Trentino und in Ladinien,B,source,I
 (= ,O,O,I
Innsbrucker Geogr. Studien,B,source,I
", ",O,O,I
33,B,volume,I
/,O,O,I
4,B,issue,I
"), pp. ",O,O,I
383,B,fpage,I
-,O,O,I
415,B,lpage,I
".
",O,O,I
Arnesen,B,author,B
 ,I,author,I
T,I,author,I
. (,O,O,I
2008,B,year,I
"), ",O,O,I
Recreational home agglomerations in rural areas in Norway as emerging economic and political space,B,title,I
. In: ,O,O,I
Moss A.G.,B,editor,I
", ",O,O,I
Glorioso R.S.,B,editor,I
", ",O,O,I
Krause A.,B,editor,I
" (eds.), ",O,O,I
Understanding and Managing Amenity-led Migration in Mountain Regions,B,source,I
", pp. ",O,O,I
93,B,volume,I
-,O,O,I
102,B,lpage,I
. ,O,O,I
Banff,B,other,I
".
",O,O,I
Bartaletti,B,author,B
 ,I,author,I
F,I,author,I
. (,O,O,I
2004,B,year,I
"), ",O,O,I
Geografía e cultura delle Alpi,B,title,I
. ,O,O,I
Milano,B,other,I
".
",O,O,I
Bartoš,B,author,B
 ,I,author,I
M,I,author,I
. ,O,O,I
et al.,B,other,I
 (,O,O,I
2008,B,year,I
"), ",O,O,I
Amenity migration in the Czech Republic. Place specific character,B,title,I
. In: ,O,O,I
Moss A.G.,B,editor,I
", ",O,O,I
Glorioso R.S.,B,editor,I
", ",O,O,I
Krause A.,B,editor,I
" (eds.), ",O,O,I
Understanding and Managing Amenity-led Migration in Mountain Regions,B,source,I
", pp. ",O,O,I
54,B,fpage,I
-,O,O,I
64,B,lpage,I
. ,O,O,I
Banff,B,other,I
".
",O,O,I
Bätzing,B,author,B
 ,I,author,I
W,I,author,I
. (,O,O,I
1988,B,year,I
"), ",O,O,I
Die unbewältigte Gegenwart als Zerfall einer traditionsträchtigen Alpenregion. Sozio-kulturelle und ökonomische Probleme der Valle Stura di Demonte (Piemont) und Perspektiven für ihre Zukunftsorientierung,B,title,I
 (= ,O,O,I
Geographica Bernensia,B,source,I
", P ",O,O,I
17,B,volume,I
). ,O,O,I
Bern,B,other,I
".
",O,O,I
Bätzing,B,author,B
 ,I,author,I
W,I,author,I
. ,O,O,I
et al.,B,other,I
 (,O,O,I
1996,B,year,I
"), ",O,O,I
Urbanization and depopulation in the Alps - an analysis of current social-economic structural changes,B,title,I
. In: ,O,O,I
Mountain Research and Development,B,source,I
", ",O,O,I
16,B,volume,I
", pp.",O,O,I
335,B,fpage,I
-,O,O,I
350,B,lpage,I
".
",O,O,I
Bazoffi,B,author,B
 ,I,author,I
P,I,author,I
. ,O,O,I
et al.,B,other,I
 (,O,O,I
2008,B,year,I
"), ",O,O,I
Field trip guide Val d’Orcia,B,title,I
. - ,O,O,I
http://\vebdomino1.oecd.org/commet/arg/soil__ero_bio.nsf/22afaebba539ba74cl256a3b004d5175/e0a07a6038dfc4cacl256b040058174e/$FILEf4~jield_trip.pdf,B,url,I
" (accessed August 2008)
",O,O,I
Beismann,B,author,B
 ,I,author,I
M,I,author,I
. (,O,O,I
2009,B,year,I
"), ",O,O,I
Aktueller demographischer Wandel in den italienischen Alpen,B,title,I
 (= Thesis at Univ. of Innsbruck). ,O,O,I
Innsbruck,B,other,I
".
",O,O,I
Bergouignan,B,author,B
 ,I,author,I
C,I,author,I
. ,O,O,I
et al.,B,other,I
 (,O,O,I
2005,B,year,I
"), ",O,O,I
La population de la France. Evolutions démographiques depuis 1946,B,title,I
. Vol. ,O,O,I
1,B,volume,I
 and ,O,O,I
2,B,volume,I
. ,O,O,I
"XXVe Congrès international de la population à Tours (document papier 2005/07/18), Union Internationale pour l’Etude Scientifique de la Population",B,source,I
. ,O,O,I
Paris,B,other,I
".
",O,O,I
Berry B.J.L.,B,editor,B
 (ed.) (,O,O,I
1976,B,year,I
"), ",O,O,I
Urbanization and Counterurbanization,B,title,I
. ,O,O,I
Beverly Hills,B,other,I
".
",O,O,I
Casprini,B,author,B
 ,I,author,I
P,I,author,I
. (,O,O,I
2006,B,year,I
"), ",O,O,I
Baseline Review,B,title,I
. ,O,O,I
Managing Urban Europe,B,source,I
 ,O,O,I
25,B,volume,I
. - ,O,O,I
http://wwwprovincia.siena.it/upload/tbl/_centrale/BASELINE_REVIEWlpdf,B,url,I
" (accessed August 2008).
",O,O,I
Čede,B,author,B
 ,I,author,I
P,I,author,I
. (,O,O,I
1991,B,year,I
"), ",O,O,I
Die ländliche Siedlung in den Niederen Gurktaler Alpen. Kulturlandschaftswandel im Einzelsiedlungsgebiet unter dem Einfluß des Siedlungsrückganges,B,title,I
 (= ,O,O,I
Archiv f. vaterländische Geschichte u. Topographie,B,source,I
", ",O,O,I
71,B,volume,I
). ,O,O,I
Klagenfurt,B,other,I
".
",O,O,I
Čede,B,author,B
 ,I,author,I
P,I,author,I
"., ",O,O,I
Steinicke,B,author,I
 ,I,author,I
E,I,author,I
. (,O,O,I
2007,B,year,I
"), ",O,O,I
Ghosttowns in den Ostalpen. Das Phänomen der Entvölkerung im friulanischen Berggebiet,B,title,I
. In: ,O,O,I
Geographica Helvetiva,B,source,I
", ",O,O,I
62,B,volume,I
", pp. ",O,O,I
93,B,fpage,I
-,O,O,I
103,B,lpage,I
".
",O,O,I
Chipeniuk,B,author,B
 ,I,author,I
R,I,author,I
. (,O,O,I
2008,B,year,I
"), ",O,O,I
Defining Amenity Migration: Results from a Survey of Experts,B,title,I
 (Participants in ,O,O,I
"‘The Understanding and Managing Amenity-led Migration in Mountain Regions Conference,’ Banff, May 15-19",B,source,I
). ,O,O,I
Banff,B,other,I
. - ,O,O,I
http:I'/www.banffcentre.ca/mountainculture/mtnconferences/am/pdf/survey-results _defining-am-and-am-migrants.pdf,B,url,I
" (accessed November 2008).
",O,O,I
Coy,B,author,B
 ,I,author,I
M,I,author,I
"., ",O,O,I
Steinicke,B,author,I
 ,I,author,I
E,I,author,I
. (,O,O,I
2006,B,year,I
"), ",O,O,I
Regionale Bevölkerungsentwicklung in Frankreich,B,title,I
. In: ,O,O,I
Zeitschrift f. Bevölkerungswiss.,B,source,I
", ",O,O,I
31,B,volume,I
",",O,O,I
3-4,B,issue,I
", pp. ",O,O,I
537,B,fpage,I
-,O,O,I
574,B,lpage,I
".
",O,O,I
Guido,B,author,B
 ,I,author,I
M.R.,I,author,I
", ",O,O,I
Bindi,B,author,I
 ,I,author,I
M,I,author,I
. (,O,O,I
2006,B,year,I
"), ",O,O,I
The cultural landscape of the Val d’Orcia,B,title,I
. In: ,O,O,I
Bindi M.,B,editor,I
 ,O,O,I
et al.,B,other,I
" (eds.), ",O,O,I
Documentation for conservation and development - new heritage strategy for the future. 11th Intern. Seminar Florence 2006/09 11-15,B,source,I
. ,O,O,I
Firenze,B,other,I
", p. ",O,O,I
40,B,fpage,I
".
",O,O,I
ISTAT - Istituto Centrale di Statistica,B,editor,B
 (,O,O,I
1955,B,year,I
ff.,B,other,I
"), ",O,O,I
"Censimento generale della popolazione 1951, 1961, 1971, 1981, 1991,2001",B,title,I
. ,O,O,I
Roma,B,other,I
".
",O,O,I
ISTAT - Istituto Centrale di Statistica,B,editor,B
 (,O,O,I
197I,B,year,I
ff.,B,other,I
"), ",O,O,I
Popolazione e movimento anagrafico dei comuni,B,title,I
 (,O,O,I
Statistiche demografiche / Annuario demográfico,B,source,I
). ,O,O,I
Roma,B,other,I
. - ,O,O,I
http://www.demo.istat.it,B,url,I
" (accessed September 2008).
",O,O,I
ISTAT - Istituto Centrale di Statistica,B,editor,B
 (,O,O,I
1985,B,year,I
"), ",O,O,I
Popolazione residente e presente dei comuni. Censimenti dal 1861 al 1981,B,title,I
. ,O,O,I
Roma,B,other,I
".
",O,O,I
Kaspar,B,author,B
 ,I,author,I
C,I,author,I
. (,O,O,I
1996,B,year,I
"), ",O,O,I
Die Tourismuslehre im Grundriss,B,title,I
. 5th rev. and suppl. ed. ,O,O,I
Bern et al.,B,other,I
"
",O,O,I
Kühne,B,author,B
 ,I,author,I
I,I,author,I
. (,O,O,I
1974,B,year,I
"), ",O,O,I
Die Gebirgsentvölkerung im nördlichen und mittleren Apennin in der Zeit nach dem Zweiten Weltkrieg,B,title,I
 (= ,O,O,I
"Erlanger Geogr. Arb., Special",B,source,I
 Vol. ,O,O,I
1,B,volume,I
").
",O,O,I
Lajić,B,author,B
 ,I,author,I
L,I,author,I
", ",O,O,I
Mišetić,B,author,I
 ,I,author,I
R,I,author,I
. (,O,O,I
2006,B,year,I
"), ",O,O,I
Otočni logaritam: aktualno stanje i suvremeni demografski procesi na Jadranskim otocima,B,title,I
. ,O,O,I
Zagreb,B,other,I
", ",O,O,I
"Ministarstvo mora, turizma, prometa i razvitka, Institut za migracije i narodnosti",B,publisher,I
".
",O,O,I
Lichtenberger,B,author,B
 ,I,author,I
E,I,author,I
. (,O,O,I
1966,B,year,I
"), ",O,O,I
Die Agrarkrise im französischen Zentralmassiv im Spiegel seiner Kulturlandschaft,B,title,I
. In: ,O,O,I
Mitt. d. Österr. Geogr. Ges.,B,source,I
", ",O,O,I
108,B,volume,I
", pp. ",O,O,I
1,B,fpage,I
-,O,O,I
24,B,lpage,I
".
",O,O,I
Löffler,B,author,B
 ,I,author,I
R,I,author,I
"., ",O,O,I
Steinicke,B,author,I
 ,I,author,I
E,I,author,I
. (,O,O,I
2004,B,year,I
"), ",O,O,I
Konsequenzen der Counterurbanisierung im kalifornischen Hochgebirge,B,title,I
. In: ,O,O,I
Mitt. d. Österr. Geogr. Ges.,B,source,I
", ",O,O,I
146,B,volume,I
", pp. ",O,O,I
221,B,fpage,I
-,O,O,I
246,B,lpage,I
".
",O,O,I
Löffler,B,author,B
 ,I,author,I
R,I,author,I
"., ",O,O,I
Steinicke,B,author,I
 ,I,author,I
E,I,author,I
. (,O,O,I
2007,B,year,I
"), ",O,O,I
Amenity Migration in the U.S. Sierra Nevada,B,title,I
. In: ,O,O,I
Geographical Review,B,source,I
", ",O,O,I
97,B,volume,I
", pp. ",O,O,I
167,B,fpage,I
-,O,O,I
188,B,lpage,I
".
",O,O,I
Loss,B,author,B
 ,I,author,I
A,I,author,I
"., ",O,O,I
Valentino,B,author,I
 ,I,author,I
M,I,author,I
. (,O,O,I
1983,B,year,I
"), ",O,O,I
Mazzin di Fassa. Analisi e proposte per il recupero di un centro storico minore del Trentino,B,title,I
. ,O,O,I
Vigo di Fassa,B,other,I
".
",O,O,I
Lutz,B,author,B
 ,I,author,I
W,I,author,I
. (,O,O,I
2005,B,year,I
"), ",O,O,I
Ladinien - Einheit und Vielfalt des dolomitladinischen Raumes,B,title,I
. In: ,O,O,I
Steinicke E.,B,editor,I
" (ed.), ",O,O,I
"Geographischer Exkursionsführer. Europaregion Tirol, Südtirol, Trentino",B,source,I
. Vol. ,O,O,I
4,B,volume,I
: ,O,O,I
Spezialexkursionen im Trentino und in Ladinien,B,source,I
 (= ,O,O,I
Innsbrucker Geogr. Studien,B,source,I
", ",O,O,I
33,B,volume,I
/,O,O,I
4,B,issue,I
"), pp. ",O,O,I
303,B,fpage,I
-,O,O,I
382,B,lpage,I
".
",O,O,I
Milbourne,B,author,B
 ,I,author,I
P,I,author,I
. (,O,O,I
2007,B,year,I
"), ",O,O,I
"Re-populating rural areas: Migrations, movements and mobilities",B,title,I
. In: ,O,O,I
Journal of Rural Studies,B,source,I
", ",O,O,I
23,B,volume,I
", pp. ",O,O,I
381,B,fpage,I
-,O,O,I
386,B,lpage,I
".
",O,O,I
Mitchell,B,author,B
 ,I,author,I
C.J.A.,I,author,I
 (,O,O,I
2004,B,year,I
"), ",O,O,I
Making sense of Counterurbanization,B,title,I
. In: ,O,O,I
Journal of Rural Studies,B,source,I
", ",O,O,I
20,B,volume,I
",pp.",O,O,I
15,B,fpage,I
-,O,O,I
34,B,lpage,I
".
",O,O,I
Moss,B,author,B
 ,I,author,I
L.A.G.,I,author,I
 (,O,O,I
2003,B,year,I
"), ",O,O,I
Amenity Migration: Global Phenomenon and Strategic Paradigm for Sustaining Mountain Environmental Quality,B,title,I
. ,O,O,I
"Sustainable Mountain Communities Conference III: Environmental Sustainability for Mountain Areas Impacted by Tourism and Amenity Migration The Banff Centre, Canada, 14-18 June 2003",B,source,I
. ,O,O,I
Banff,B,other,I
".
",O,O,I
Moss L.A.G.,B,editor,B
 (ed.) (,O,O,I
2006,B,year,I
"), ",O,O,I
The Amenity Migration. Seeking and Sustaining Mountains and Their Cultures,B,title,I
. ,O,O,I
Santa Fe,B,other,I
".
",O,O,I
Ni Laoire,B,author,B
 ,I,author,I
S,I,author,I
. (,O,O,I
2007,B,year,I
"), ",O,O,I
"The ‘green, green grass of home’? Return migration to rural Ireland",B,title,I
. In: ,O,O,I
Journal of Rural Studies,B,source,I
", ",O,O,I
23,B,volume,I
", pp. ",O,O,I
332,B,fpage,I
-,O,O,I
344,B,lpage,I
".
",O,O,I
Oggiano,B,author,B
 ,I,author,I
M,I,author,I
. (,O,O,I
1996,B,year,I
"), ",O,O,I
"L'Italia alpina di Nord-Est, una analisi demogeografica",B,title,I
. ,O,O,I
Venezia,B,other,I
".
",O,O,I
Parco Artistico Naturale e Culturale della Val d’Orcia,B,editor,B
 (,O,O,I
2008,B,year,I
"), ",O,O,I
The Territory,B,title,I
. - ,O,O,I
http://www.parcodellavaldorcia.com/en/territorio.asp,B,url,I
" (accessed August 2008).
",O,O,I
Parco Artistico Naturale e Culturale della Val d’Orcia,B,editor,B
 (,O,O,I
2008,B,year,I
"b), ",O,O,I
The Management,B,title,I
. - ,O,O,I
http://www.parcodellavaldorcia.com/en/gestione.asp,B,url,I
" (accessed August 2008).
",O,O,I
Parco Artistico Naturale e Culturale della Val d’Orcia,B,editor,B
 (,O,O,I
2008,B,year,I
"c), ",O,O,I
The Bagno Vignoni,B,title,I
. - ,O,O,I
http://www.parcodellavaldorcia.com/en/vignoni.asp,B,url,I
" (accessed August 2008).
",O,O,I
Parco Artistico Naturale e Culturale della Val d’Orcia,B,editor,B
 (,O,O,I
2008,B,year,I
"d), ",O,O,I
The Bagno di San Fillipo,B,title,I
. - ,O,O,I
http://www.parcodellavaldorcia.com/en/vignoni.asp,B,url,I
" (accessed August 2008).
",O,O,I
Pascolini M.,B,editor,B
 (ed.) (,O,O,I
2008,B,year,I
"), ",O,O,I
"Le Alpi che cambiano. Nuovi abitanti, nuove culture, nuove paesaggi",B,title,I
 / ,O,O,I
"Die Alpen im Wandel, neue Bewohner, neue Kulturen, neue Landschaften",B,title,I
. ,O,O,I
Udine,B,other,I
".
",O,O,I
Price,B,author,B
 ,I,author,I
M.F,I,author,I
 ,O,O,I
et al.,B,other,I
 (,O,O,I
1997,B,year,I
"), ",O,O,I
Tourism and Amenity Migration,B,title,I
. In: ,O,O,I
Messerli B.,B,editor,I
", ",O,O,I
Ives J.D.,B,editor,I
" (eds.), ",O,O,I
Mountains of the World: A Global Priority,B,source,I
", pp. ",O,O,I
249,B,fpage,I
-,O,O,I
280,B,lpage,I
. ,O,O,I
New York,B,other,I
".
",O,O,I
Sabelberg,B,author,B
 ,I,author,I
E,I,author,I
. (,O,O,I
1975,B,year,I
"), ",O,O,I
Der Zerfall der Mezzadria in der Toskana Urbana. Bedeutung und gegenwärtige Auflösung eines agraren Betriebssystems in Mittelitalien,B,title,I
 (= ,O,O,I
Kölner Geogr. Arb.,B,source,I
", ",O,O,I
33,B,volume,I
").
",O,O,I
Schlegel,B,author,B
 ,I,author,I
W,I,author,I
. (,O,O,I
1995,B,year,I
"), ",O,O,I
Städtewachstum und Entleerung des ländlichen Raumes in nordspanischen Binnenregionen,B,title,I
. In: ,O,O,I
Geogr. Rundschau,B,source,I
", ",O,O,I
47,B,volume,I
", pp. ",O,O,I
307,B,fpage,I
-,O,O,I
311,B,lpage,I
".
",O,O,I
Steinecke,B,author,B
 ,I,author,I
A,I,author,I
. (,O,O,I
2006,B,year,I
"), ",O,O,I
Tourismus. Eine geographische Einführung,B,title,I
 (= ,O,O,I
Das Geogr. Seminar,B,source,I
). ,O,O,I
Braunschweig,B,other,I
".
",O,O,I
Steinicke,B,author,B
 ,I,author,I
E,I,author,I
. (,O,O,I
1991,B,year,I
"), ",O,O,I
Friaul - Friuli. Bevölkerung und Ethnizität,B,title,I
 (= ,O,O,I
Innsbrucker Geogr. Studien,B,source,I
", ",O,O,I
19,B,volume,I
"). 
",O,O,I
Steinicke,B,author,B
 ,I,author,I
E,I,author,I
. (,O,O,I
2008,B,year,I
"), ",O,O,I
The impact of current demographic transformation on ethno-linguistic minorities in the Alps,B,title,I
. In: ,O,O,I
Borsdorf A.,B,editor,I
", ",O,O,I
Stötter J.,B,editor,I
", ",O,O,I
Veulliet E.,B,editor,I
" (eds.), ",O,O,I
"Managing Alpine Future. Proc. of the Innsbruck Conf. October 15-17, 2007",B,source,I
 (= ,O,O,I
IGF-Forschungsberichte,B,source,I
", ",O,O,I
2,B,volume,I
"),pp. ",O,O,I
243,B,fpage,I
-,O,O,I
252,B,lpage,I
. ,O,O,I
Wien,B,other,I
".
",O,O,I
Steinicke,B,author,B
 ,I,author,I
E,I,author,I
"., ",O,O,I
Hofmann,B,author,I
 ,I,author,I
D,I,author,I
. (,O,O,I
2004,B,year,I
"), ",O,O,I
California’s High Mountain Regions as New Areas for Settlement,B,title,I
. In: ,O,O,I
PGM,B,source,I
", ",O,O,I
148,B,volume,I
", pp. ",O,O,I
16,B,fpage,I
-,O,O,I
19,B,lpage,I
".
",O,O,I
Steinicke,B,author,B
 ,I,author,I
E,I,author,I
"., ",O,O,I
Cirasuolo,B,author,I
 ,I,author,I
L,I,author,I
"., ",O,O,I
Čede,B,author,I
 ,I,author,I
P,I,author,I
. (,O,O,I
2007,B,year,I
"), ",O,O,I
‘Ghost towns’ nelle Alpi Orientali. Il fenomeno dello spopolamento nella zona montuosa del Friuli,B,title,I
. In: ,O,O,I
Rivista Geografica Italiana,B,source,I
", ",O,O,I
114,B,volume,I
",pp.",O,O,I
549,B,fpage,I
-,O,O,I
570,B,lpage,I
".
",O,O,I
Tranquilli,B,author,B
 ,I,author,I
D,I,author,I
. (,O,O,I
1993,B,year,I
"), ",O,O,I
Un progetto per la montagna friulana,B,title,I
. In: ,O,O,I
Barazzutti C.,B,editor,I
" (ed.), ",O,O,I
Irrestibilmente attratti dalla pianura. Il degrado dell’economia e della societä montana del Friuli,B,source,I
. - ,O,O,I
Udine,B,other,I
", pp. ",O,O,I
191,B,fpage,I
-,O,O,I
260,B,lpage,I
".
",O,O,I
UNESCO (ICOMOS),B,editor,B
 (,O,O,I
2004,B,year,I
"), ",O,O,I
Evaluation of cultural properties,B,title,I
. Prepared by the International Council on Monuments and Sites (ICOMOS). - ,O,O,I
http.7/whc.unesco.org7archive/2004/whc04-28com-infl4ae.pdf,B,url,I
" (accessed August 2008).
",O,O,I
Varotto M.,B,editor,B
", ",O,O,I
Psenner R.,B,editor,I
 (eds.) (,O,O,I
2003,B,year,I
"), ",O,O,I
Spopolamento montano: cause ed effetti,B,title,I
 / ,O,O,I
Entvölkerung im Berggebiet: Ursachen und Auswirkungen,B,title,I
. ,O,O,I
Belluno,B,other,I
".
",O,O,I
Wehling,B,author,B
 ,I,author,I
H.W.,I,author,I
 (,O,O,I
1982,B,year,I
"), ",O,O,I
Strukturwandel ländlicher Siedlungen im schottischen Hochland. Gegenwärtige Tendenzen und zukünftige Perspektiven,B,title,I
. In: ,O,O,I
Geogr. Zeitschrift,B,source,I
", ",O,O,I
70,B,volume,I
", pp. ",O,O,I
127,B,fpage,I
-,O,O,I
144,B,lpage,I
".
",O,O,I
Williams,B,author,B
 ,I,author,I
P,I,author,I
"., ",O,O,I
Gill,B,author,I
 ,I,author,I
A,I,author,I
. (,O,O,I
2004,B,year,I
"), ",O,O,I
"Shaping Future Resort Landscapes: Amenity Migration’s Impact on Destination Sense of Place: A Case Study of Whistler, British Columbia",B,title,I
. ,O,O,I
Leisure Futures,B,editor,I
 ,O,O,I
2004,B,year,I
: ,O,O,I
"2nd Biennial Conf., 10-12 November 2004",B,source,I
. ,O,O,I
Bolzano,B,other,I
".
",O,O,I
Zanini,B,author,B
 ,I,author,I
F,I,author,I
. (,O,O,I
1968,B,year,I
"), ",O,O,I
Friuli Migrante,B,title,I
. 2nd ed. ,O,O,I
Udine,B,other,I
.,O,O,I
