token,tag,label,ref
Baier,B,author,B
", ",I,author,I
J,I,author,I
. und ,O,O,I
Schnurrbusch,B,author,I
", ",I,author,I
M,I,author,I
.: ,O,O,I
“Doing by Learning“ - ein alternativer Start in den bilingualen Unterricht,B,title,I
", ",O,O,I
geographie heute,B,source,I
 ,O,O,I
20,B,volume,I
 (,O,O,I
1999,B,year,I
) H. ,O,O,I
171,B,issue,I
", S. ",O,O,I
40,B,fpage,I
-,O,O,I
43,B,lpage,I
" 
",O,O,I
Bludau,B,author,B
", ",I,author,I
M,I,author,I
.: ,O,O,I
Zum Stand des bilingualen Unterrichts in der Bundesrepublik Deutschland,B,title,I
. ,O,O,I
Neusprachliche Mitteilungen aus Wissenschaft und Praxis,B,source,I
 ,O,O,I
49,B,volume,I
 (,O,O,I
1996,B,year,I
) H. ,O,O,I
4,B,issue,I
", S. ",O,O,I
208,B,fpage,I
-,O,O,I
215,B,lpage,I
"
",O,O,I
Böckenholt,B,author,B
", ",I,author,I
H. J.,I,author,I
 : ,O,O,I
Höhenstufen im bilingualen Unterricht,B,title,I
. ,O,O,I
Praxis Geographie,B,source,I
 ,O,O,I
22,B,volume,I
 (,O,O,I
1992,B,year,I
) H. ,O,O,I
11,B,issue,I
", S. ",O,O,I
43,B,fpage,I
-,O,O,I
45,B,lpage,I
"
",O,O,I
Eggenstein,B,author,B
", ",I,author,I
S,I,author,I
.: ,O,O,I
„Im Osten geht die Sonne auf...“ Eine Erfahrung aus dem bilingualen Unterricht,B,title,I
. ,O,O,I
Praxis Geographie,B,source,I
 ,O,O,I
28,B,volume,I
 (,O,O,I
1998,B,year,I
) H.,O,O,I
6,B,issue,I
", S.",O,O,I
44,B,fpage,I
"
",O,O,I
Ernst,B,author,B
", ",I,author,I
M,I,author,I
.: ,O,O,I
Bilingualer Sachfachunterricht: Ein Beitrag der Geographie zur interkulturellen Erziehung,B,title,I
. ,O,O,I
Geographische Rundschau,B,source,I
 ,O,O,I
44,B,volume,I
 (,O,O,I
1992,B,year,I
) H. ,O,O,I
11,B,issue,I
", S.",O,O,I
672,B,fpage,I
"
",O,O,I
Ernst,B,author,B
", ",I,author,I
M,I,author,I
.: ,O,O,I
Bilingualer Fachunterricht in Deutschland. Überblick zur Problematik mit Adressen- und Literaturhinweisen,B,title,I
. ,O,O,I
Zeitschriften für den Erdkundeunterricht,B,source,I
 ,O,O,I
47,B,volume,I
 (,O,O,I
1995,B,year,I
) H.,O,O,I
9,B,issue,I
", S. ",O,O,I
539,B,fpage,I
-,O,O,I
362,B,lpage,I
"
",O,O,I
Ernst,B,author,B
", ",I,author,I
M,I,author,I
.: ,O,O,I
Fehlerkorrektur und Leistungsbewertung im bilingualen Sachfachunterricht,B,title,I
. ,O,O,I
Praxis des Neusprachlichen Unterrichts,B,source,I
 ,O,O,I
42,B,volume,I
 (,O,O,I
1995,B,year,I
) H.,O,O,I
3,B,issue,I
", S. ",O,O,I
258,B,fpage,I
-,O,O,I
264,B,lpage,I
"
",O,O,I
Friedrich,B,author,B
", ",I,author,I
V,I,author,I
.: ,O,O,I
Erdkunde auf Englisch,B,title,I
", ",O,O,I
geographie heute,B,source,I
 ,O,O,I
12,B,volume,I
 (,O,O,I
1991,B,year,I
) H.,O,O,I
95,B,issue,I
", S. ",O,O,I
42,B,fpage,I
-,O,O,I
43,B,lpage,I
"
",O,O,I
Huber,B,author,B
", ",I,author,I
A,I,author,I
.: ,O,O,I
"Classe Européen du Patrimoine. Offener, fachübergreifender, bilingualer Sachfachunterricht am „dritten Ort“",B,title,I
. ,O,O,I
Praxis des Neusprachlichen Unterrichts,B,source,I
 ,O,O,I
46,B,volume,I
 (,O,O,I
1999,B,year,I
) H. ,O,O,I
3,B,issue,I
", S. ",O,O,I
282,B,fpage,I
-,O,O,I
290,B,lpage,I
"
",O,O,I
Kirchberg,B,author,B
", ",I,author,I
G,I,author,I
.: ,O,O,I
Bilinguales Lernen,B,title,I
. In: ,O,O,I
"Haubrich, H.",B,editor,I
", ",O,O,I
"Kirchberg, G.",B,editor,I
 ,O,O,I
u. a.,B,other,I
: ,O,O,I
"Didaktik der Geographie, Konkret",B,source,I
 ,O,O,I
3,B,volume,I
. ,O,O,I
München,B,other,I
 ,O,O,I
1997,B,year,I
", S. ",O,O,I
244,B,fpage,I
-,O,O,I
247,B,lpage,I
"
",O,O,I
Kirchberg,B,author,B
", ",I,author,I
G,I,author,I
.: ,O,O,I
Bilingualer Geographieunterricht. Ein Beitrag zum fächerübergreifenden Lernen,B,title,I
. In: ,O,O,I
"Convey, A.",B,editor,I
 und ,O,O,I
"Nolzon, H.",B,editor,I
 (Hrsg.): ,O,O,I
Geographie und Erziehung. Festschrift für Hartwig Haubrich,B,source,I
. ,O,O,I
München,B,other,I
 ,O,O,I
1997,B,year,I
", S. ",O,O,I
129,B,fpage,I
-,O,O,I
136,B,lpage,I
 (,O,O,I
Münchner Studien zur Didaktik der Geographie,B,source,I
", Bd. ",O,O,I
10,B,volume,I
") 
",O,O,I
Kirchberg,B,author,B
", ",I,author,I
G,I,author,I
.: ,O,O,I
"Fächerübergreifender Geographieunterricht. Zu den Möglichkeiten, Formen und Grenzen des fachoffenen Lernens",B,title,I
. ,O,O,I
Geographie und Schule,B,source,I
 ,O,O,I
20,B,volume,I
 (,O,O,I
1998,B,year,I
) H. ,O,O,I
114,B,issue,I
", S.",O,O,I
2,B,fpage,I
-,O,O,I
8,B,lpage,I
"
",O,O,I
Knod,B,author,B
", ",I,author,I
W,I,author,I
.: ,O,O,I
Unterrichtsmodell für bilingualen Unterricht: Checks on the environment: Population,B,title,I
. ,O,O,I
Geographie und Schule,B,source,I
 ,O,O,I
17,B,volume,I
 (,O,O,I
1995,B,year,I
) H. ,O,O,I
94,B,issue,I
", S. ",O,O,I
22,B,fpage,I
-,O,O,I
29,B,lpage,I
"
",O,O,I
Mäsch,B,author,B
", ",I,author,I
N,I,author,I
.: ,O,O,I
Bilingualer Bildungsgang,B,title,I
. In: ,O,O,I
"Bausch, K.-R.",B,editor,I
 ,O,O,I
u. a.,B,other,I
: ,O,O,I
Handbuch Fremdsprachenunterricht,B,source,I
. ,O,O,I
Tübingen und Basel,B,other,I
 ,O,O,I
1995,B,year,I
", S. ",O,O,I
338,B,fpage,I
-,O,O,I
342,B,lpage,I
"
",O,O,I
Mentz,B,author,B
", ",I,author,I
O,I,author,I
.: ,O,O,I
Bilingual in Gruppen lernen. Ein Betriebspraktikum in Toulouse,B,title,I
", ",O,O,I
geographie heute,B,source,I
 ,O,O,I
20,B,volume,I
 (,O,O,I
1999,B,year,I
) H. ,O,O,I
168,B,issue,I
", S. ",O,O,I
22,B,fpage,I
-,O,O,I
26,B,lpage,I
"
",O,O,I
Oberweger,B,author,B
", ",I,author,I
H,I,author,I
. ,O,O,I
u. a.,B,other,I
: ,O,O,I
Nordafrika in Frankreich. Anregung zu einem bilingualen Unterricht über Frankreich und seine Ausländer,B,title,I
", ",O,O,I
geographie heute,B,source,I
 ,O,O,I
15,B,volume,I
 (,O,O,I
1994,B,year,I
) H. ,O,O,I
123,B,issue,I
", S. ",O,O,I
20,B,fpage,I
-,O,O,I
25,B,lpage,I
"
",O,O,I
Oppermann,B,author,B
", ",I,author,I
A,I,author,I
.: ,O,O,I
Nationalparks in den USA. Fächerübergreifendes Projekt Geographie/Englisch,B,title,I
. ,O,O,I
Praxis Geographie,B,source,I
 ,O,O,I
30,B,volume,I
 (,O,O,I
2000,B,year,I
) H.,O,O,I
4,B,issue,I
", S. ",O,O,I
43,B,fpage,I
-,O,O,I
45,B,lpage,I
"
",O,O,I
Raasch,B,author,B
", ",I,author,I
A,I,author,I
.: ,O,O,I
Bilinguale Zweige - eine Diskussion,B,title,I
. ,O,O,I
Neusprachliche Mitteilungen aus Theorie und Praxis,B,source,I
 ,O,O,I
49,B,volume,I
 (,O,O,I
1996,B,year,I
) H.,O,O,I
4,B,issue,I
", S. ",O,O,I
222,B,fpage,I
-,O,O,I
223,B,lpage,I
"
",O,O,I
Redmer,B,author,B
", ",I,author,I
H,I,author,I
.: ,O,O,I
Der bilinguale Erdkundeunterricht - Eine Sonderform des fächerübergreifenden Arbeitens,B,title,I
. ,O,O,I
Geographie und Schule,B,source,I
 ,O,O,I
20,B,volume,I
 (,O,O,I
1998,B,year,I
) H. ,O,O,I
114,B,issue,I
", S. ",O,O,I
20,B,fpage,I
-,O,O,I
22,B,lpage,I
"
",O,O,I
Rischke,B,author,B
", ",I,author,I
D. M.,I,author,I
: ,O,O,I
Erdkundeunterricht „in Englisch“ macht viel mehr Spaß!,B,title,I
 ,O,O,I
geographie heute,B,source,I
 ,O,O,I
18,B,volume,I
 (,O,O,I
1997,B,year,I
) H. ,O,O,I
156,B,issue,I
", S. ",O,O,I
44,B,fpage,I
-,O,O,I
45,B,lpage,I
"
",O,O,I
Schmidt,B,author,B
", ",I,author,I
K. P.,I,author,I
: ,O,O,I
Spotlight on Southern Europe. Spanish Agriculture between Tradition and Change,B,title,I
", ",O,O,I
geographie heute,B,source,I
 ,O,O,I
20,B,volume,I
 (,O,O,I
1999,B,year,I
) H.,O,O,I
167,B,issue,I
", S. ",O,O,I
34,B,fpage,I
-,O,O,I
37,B,lpage,I
"
",O,O,I
Sekretariat der Ständigen Konferenz der Kultusminister der Länder in der Bundesrepublik Deutschland,B,editor,B
 (Hrsg.): ,O,O,I
"Konzepte für den bilingualen Unterricht. Erfahrungsbericht und Vorschläge zur Weiterentwicklung. Bericht des Schulausschusses, Stand 1998",B,title,I
. ,O,O,I
Bonn,B,other,I
 ,O,O,I
1999,B,year,I
"
",O,O,I
Sitte,B,author,B
", ",I,author,I
C,I,author,I
: ,O,O,I
Fremsprachen in Geographie (und Wirtschaftskunde),B,title,I
. In: ,O,O,I
Österreichisches Bundesministerium für Unterricht und kulturelle Angelegenheiten,B,editor,I
 (Hrsg.): ,O,O,I
Wissenschaftliche Nachrichten,B,source,I
 ,O,O,I
106,B,volume,I
/,O,O,I
1998,B,year,I
", S. ",O,O,I
46,B,fpage,I
-,O,O,I
49,B,lpage,I
"
",O,O,I
Spörl,B,author,B
", ",I,author,I
F,I,author,I
.: ,O,O,I
Erdkundeunterricht in Englisch - ein Erfahrungsbericht,B,title,I
", ",O,O,I
geographie heute,B,source,I
 ,O,O,I
18,B,volume,I
(,O,O,I
1998,B,year,I
) H. ,O,O,I
158,B,issue,I
", S. ",O,O,I
44,B,fpage,I
-,O,O,I
45,B,lpage,I
"
",O,O,I
Streifinger,B,author,B
", ",I,author,I
M,I,author,I
.: ,O,O,I
Light at the End of the “Chunnel“. Eine bilinguale Unterrichtseinheit,B,title,I
. ,O,O,I
Praxis Geographie,B,source,I
 ,O,O,I
30,B,volume,I
 (,O,O,I
2000,B,year,I
) H.,O,O,I
6,B,issue,I
", S. ",O,O,I
28,B,fpage,I
-,O,O,I
31,B,lpage,I
