token,tag,label,ref
Bludau,B,author,B
", ",I,author,I
M,I,author,I
.: ,O,O,I
Zum Stand des bilingualen Unterrichts in der Bundesrepublik Deutschland,B,title,I
. ,O,O,I
Neusprachliche Mitteilungen aus Wissenschaft und Praxis,B,source,I
 ,O,O,I
49,B,volume,I
 (,O,O,I
1996,B,year,I
) H. ,O,O,I
4,B,issue,I
", S. ",O,O,I
208,B,fpage,I
-,O,O,I
220,B,lpage,I
"
",O,O,I
Ernst,B,author,B
", ",I,author,I
M,I,author,I
.: ,O,O,I
Fehlerkorrektur und Leistungsbewertung im bilingualen Sachfachunterricht,B,title,I
. ,O,O,I
Praxis des Neusprachlichen Unterrichts,B,source,I
 ,O,O,I
42,B,volume,I
 (,O,O,I
1995,B,year,I
) H. ,O,O,I
3,B,issue,I
", S. ",O,O,I
258,B,fpage,I
-,O,O,I
264,B,lpage,I
" 
",O,O,I
Kästner,B,author,B
", ",I,author,I
H,I,author,I
.: ,O,O,I
Zweisprachige Bildungsgänge an Schulen in der Bundesrepublik Deutschland,B,title,I
 ,O,O,I
92,B,volume,I
 (,O,O,I
1993,B,year,I
) H. ,O,O,I
1/2,B,issue,I
", S. ",O,O,I
23,B,fpage,I
-,O,O,I
53,B,lpage,I
"
",O,O,I
Koch,B,author,B
", ",I,author,I
J,I,author,I
.: ,O,O,I
"Referendarausbildung: „Géographie"" an Gymnasien mit bilingualem Zug",B,title,I
. ,O,O,I
"Ministerium für Bildung, Wissenschaft und Weiterbildung",B,editor,I
 (Hrsg.) ,O,O,I
Mainz,B,other,I
 ,O,O,I
1997,B,year,I
