token,tag,label,ref
Augustin,B,author,B
", ",I,author,I
S,I,author,I
.: ,O,O,I
Forstbodenkunde,B,title,I
. In: ,O,O,I
Umweltbundesamt,B,editor,I
 (Hrsg.): ,O,O,I
Auswertung der Waldschadensforschungsergebnisse (1982-1992) zur Aufklärung komplexer Ursache-Wirkungsbeziehungen mit Hilfe systemanalytischer Methoden. UBA FB,B,source,I
 ,O,O,I
97-017,B,volume,I
. ,O,O,I
Berlin,B,other,I
 ,O,O,I
1997,B,year,I
" 
",O,O,I
Lethmate,B,author,B
. ,I,author,I
J,I,author,I
.: ,O,O,I
Das Boden-pH. Methodisches Konzept im geoökologischen Ansatz der Bodengeographie,B,title,I
. ,O,O,I
Geographie und Schule,B,source,I
 ,O,O,I
22,B,volume,I
 (,O,O,I
2000,B,year,I
) H. ,O,O,I
126,B,issue,I
", S. ",O,O,I
32,B,fpage,I
-,O,O,I
41 ,B,lpage,I
"
",O,O,I
Riek,B,author,B
", ",I,author,I
W,I,author,I
. und ,O,O,I
Wolff,B,author,I
", ",I,author,I
B,I,author,I
.: ,O,O,I
Deutscher Beitrag zur europäischen Waldbodenzustandserhebung (Level 1),B,title,I
. ,O,O,I
"Ber. Forschungszentrum Waldökosysteme, Reihe B",B,source,I
", Bd. ",O,O,I
50,B,volume,I
. ,O,O,I
Göttingen,B,other,I
 ,O,O,I
1996,B,year,I
"
",O,O,I
Veerhoff,B,author,B
", ",I,author,I
M,I,author,I
"., ",O,O,I
Roscher,B,author,I
", ",I,author,I
S,I,author,I
. und ,O,O,I
Brümmer,B,author,I
", ",I,author,I
G. W.,I,author,I
: ,O,O,I
Ausmaß und ökologische Gefahren der Versauerung von Böden unter Wald,B,title,I
. ,O,O,I
UBA-FB,B,source,I
 ,O,O,I
95-073,B,volume,I
. ,O,O,I
Berlin,B,other,I
 ,O,O,I
1996 ,B,year,I
"
",O,O,I
Wissenschaftlicher Beirat der Bundesregierung Globale Umweltveränderungen (WBGU),B,editor,B
: ,O,O,I
Welt im Wandel: die Gefährdung der Böden,B,title,I
. ,O,O,I
Bonn,B,other,I
 ,O,O,I
1994 ,B,year,I
"
",O,O,I
Wolff,B,author,B
", ",I,author,I
B,I,author,I
"., ",O,O,I
Riek,B,author,I
", ",I,author,I
W,I,author,I
. und ,O,O,I
Bolte,B,author,I
", ",I,author,I
A,I,author,I
.: ,O,O,I
Nivellierung des chemischen Zustandes von Waldböden - Auswirkungen auf die Vielfalt der Waldvegetation,B,title,I
. In: ,O,O,I
"Welling, M.",B,editor,I
 (Hrsg.): ,O,O,I
"Biologische Vielfalt in Ökosystemen - Konflikt zwischen Nutzung und Erhaltung. Schriftenreihe des BMELF, Reihe A",B,source,I
", H. ",O,O,I
465,B,issue,I
. ,O,O,I
Bonn,B,other,I
 ,O,O,I
1997,B,year,I
