token,tag,label,ref
Amt für multikulturelle Angelegenheiten der Stadt Frankfurt am Main,B,editor,B
 (Hrsg.): ,O,O,I
Feste der Völker - ein pädagogischer Leitfaden und Feste der Völker - ein multikulturelles Lesebuch,B,title,I
. ,O,O,I
Frankfurt/Main,B,other,I
 ,O,O,I
2000,B,year,I
" 
",O,O,I
Auernheimer,B,author,B
", ",I,author,I
G,I,author,I
.: ,O,O,I
Einführung in die interkulturelle Erziehung,B,title,I
. ,O,O,I
Darmstadt,B,other,I
 ,O,O,I
1995,B,year,I
"
",O,O,I
"Bade, K. J.",B,editor,B
 (Hrsg.): ,O,O,I
"Auswanderer, Wanderarbeiter, Gastarbeiter. Bevölkerung, Arbeitsmarkt und Wanderung In Deutschland seit der Mitte des 19. Jahrhunderts",B,title,I
", ",O,O,I
2,B,volume,I
 Bd. ,O,O,I
Ostfildern,B,other,I
 ,O,O,I
1984,B,year,I
"
",O,O,I
"Bade, K. J.",B,editor,B
 (Hrsg.): ,O,O,I
Deutsche im Ausland - Fremde in Deutschland: Migration in Geschichte und Gegenwart,B,title,I
. ,O,O,I
München,B,other,I
 ,O,O,I
1992,B,year,I
"
",O,O,I
Bade,B,author,B
", ",I,author,I
K. J.,I,author,I
: ,O,O,I
Homo migrans. Wanderungen aus und nach Deutschland. Erfahrungen und Fragen,B,title,I
. ,O,O,I
Essen,B,other,I
 ,O,O,I
1994 ,B,year,I
"
",O,O,I
Beauftragte der Bundesregierung für Ausländerfragen,B,editor,B
: ,O,O,I
Bericht über die Lage der Ausländer in der Bundesrepublik Deutschland,B,title,I
. ,O,O,I
Berlin,B,other,I
 ,O,O,I
2000,B,year,I
"
",O,O,I
Broszinsky-Schwabe,B,author,B
", ",I,author,I
E,I,author,I
"., ",O,O,I
van Dijk,B,author,I
", ",I,author,I
L,I,author,I
. und ,O,O,I
Winkler,B,author,I
", ",I,author,I
B,I,author,I
.: ,O,O,I
Zusammen Lernen. Kriterien für gute Unterrichtsmaterialien zum interkulturellen Lernen,B,title,I
. In: ,O,O,I
Pädagogik,B,source,I
 ,O,O,I
3,B,volume,I
/,O,O,I
95,B,year,I
" (kostenlos zu bestellen über: Freudenberg Stiftung, Freudenbergstr. 2, 69469 Weinheim, Telefon: 062 01/1 7489, Fax: 062 01/1 32 62)
",O,O,I
Cohn-Bendit,B,author,B
", ",I,author,I
D,I,author,I
. und ,O,O,I
Schmid,B,author,I
", ",I,author,I
Th,I,author,I
.: ,O,O,I
Heimat Babylon. Das Wagnis der multikulturellen Demokratie,B,title,I
. ,O,O,I
Hamburg,B,other,I
 ,O,O,I
2000,B,year,I
"
",O,O,I
Gertz,B,author,B
", ",I,author,I
H,I,author,I
.: ,O,O,I
Die Macht der krassen Worte,B,title,I
. ,O,O,I
Süddeutsche Zeitung,B,source,I
 Nr. ,O,O,I
92,B,volume,I
/,O,O,I
2000,B,year,I
"
",O,O,I
Ha,B,author,B
", ",I,author,I
K. N.,I,author,I
: ,O,O,I
Ethnizität und Migration,B,title,I
. ,O,O,I
Münster,B,other,I
 ,O,O,I
2000,B,year,I
"
",O,O,I
von Hentig,B,author,B
", ",I,author,I
H,I,author,I
.: ,O,O,I
Bildung. Ein Essay,B,title,I
. ,O,O,I
München,B,other,I
 ,O,O,I
1996,B,year,I
"
",O,O,I
"Motte, J.",B,editor,B
", ",O,O,I
Ohliger R.,B,editor,I
 und ,O,O,I
"von Oswald, A.",B,editor,I
 (Hrsg.): ,O,O,I
50 Jahre Bundesrepublik - 50 Jahre Einwanderung. Nachkriegsgeschichte als Migrationsgeschichte,B,title,I
. ,O,O,I
Frankfurt/Main,B,other,I
 ,O,O,I
1999,B,year,I
"
",O,O,I
Özdemir,B,author,B
", ",I,author,I
C,I,author,I
.: ,O,O,I
Currywurst und Döner - Integration in Deutschland,B,title,I
. ,O,O,I
Bergisch Gladbach,B,other,I
 ,O,O,I
1999 ,B,year,I
"
",O,O,I
Schiffauer,B,author,B
", ",I,author,I
W,I,author,I
.: ,O,O,I
Die Stadt bin ich. Orte schaffen Identitäten,B,title,I
. ,O,O,I
ded-Brief,B,source,I
 (,O,O,I
2000,B,year,I
) H. ,O,O,I
2-3,B,issue,I
", S. ",O,O,I
34,B,fpage,I
-,O,O,I
35 ,B,lpage,I
"
",O,O,I
Schmidt-Wulffen,B,author,B
", ",I,author,I
W,I,author,I
.: ,O,O,I
Die eigenen Fragen der Schüler aufspüren,B,title,I
. ,O,O,I
Praxis Geographie,B,source,I
 ,O,O,I
29,B,volume,I
 (,O,O,I
1999,B,year,I
) H. ,O,O,I
1,B,issue,I
", S. ",O,O,I
20,B,fpage,I
-,O,O,I
22,B,lpage,I
"
",O,O,I
Schmitt,B,author,B
", ",I,author,I
R,I,author,I
.: ,O,O,I
Interkulturelle Bildung und Erziehung in der Schule. Empfehlung der Kultusministerkonferenz vom 25. Oktober 1996,B,title,I
"
",O,O,I
Spiewak,B,author,B
", ",I,author,I
M,I,author,I
.: ,O,O,I
Gefangen im Ghetto. Ausländische Jugendliche sind die Verlierer von morgen. Die Schule sieht hilflos zu,B,title,I
. ,O,O,I
Die Zeit,B,source,I
 Nr. ,O,O,I
16,B,volume,I
/,O,O,I
2000,B,year,I
"
",O,O,I
Wadenfels,B,author,B
", ",I,author,I
B,I,author,I
.: ,O,O,I
Der Stachel des Fremden,B,title,I
. ,O,O,I
Frankfurt/Main,B,other,I
 ,O,O,I
1990,B,year,I
"
",O,O,I
Welz,B,author,B
", ",I,author,I
G,I,author,I
.: ,O,O,I
Moving Targets. Feldforschung unter Mobilitätsdruck,B,title,I
. ,O,O,I
Zeitschrift für Volkskunde,B,source,I
 ,O,O,I
94,B,volume,I
 (,O,O,I
1998,B,year,I
) H. ,O,O,I
2,B,issue,I
", S. ",O,O,I
177,B,fpage,I
-,O,O,I
194,B,lpage,I
