token,tag,label,ref
Common Wadden Sea Secretariat,B,editor,B
 (Hrsg.): ,O,O,I
The Wadden Sea: A shared nature area,B,title,I
. ,O,O,I
Wilhelmshaven,B,other,I
 ,O,O,I
o. J.,B,other,I
" 
",O,O,I
Common Wadden Sea Secretariat and Trilateral Monitoring and Assessment Group,B,editor,B
 (Hrsg.): ,O,O,I
Wadden Sea Ecosystems Series,B,title,I
. ,O,O,I
Bremen,B,other,I
 ,O,O,I
1996-98 ,B,year,I
"
",O,O,I
Dierolf,B,author,B
", ",I,author,I
G,I,author,I
. ,O,O,I
u.a.,B,other,I
: ,O,O,I
Das Wattenmeer als außerschulischer Lernort,B,title,I
. ,O,O,I
Praxis Geographie,B,source,I
 ,O,O,I
29,B,volume,I
 (,O,O,I
1999,B,year,I
) H. ,O,O,I
6,B,issue,I
", S. ",O,O,I
44,B,fpage,I
-,O,O,I
46,B,lpage,I
"
",O,O,I
Kemp,B,author,B
", ",I,author,I
R,I,author,I
. ,O,O,I
u.a.,B,other,I
: ,O,O,I
Access to Geography 1,B,title,I
. ,O,O,I
Oxford,B,other,I
 ,O,O,I
1998 ,B,year,I
"
",O,O,I
Landesamt für den Nationalpark Schleswig-Holsteinisches Wattenmeer,B,editor,B
 (Hrsg.): ,O,O,I
Nationalpark Schleswig-Holsteinisches Wattenmeer,B,title,I
", English Edition. ",O,O,I
Tönning,B,other,I
 ,O,O,I
1992 ,B,year,I
"
",O,O,I
Roberts,B,author,B
", ",I,author,I
M,I,author,I
 : ,O,O,I
Biology for Life,B,title,I
. ,O,O,I
London,B,other,I
 ,O,O,I
1986 ,B,year,I
"
",O,O,I
Roberts,B,author,B
", ",I,author,I
M,I,author,I
.: ,O,O,I
The Living World,B,title,I
. ,O,O,I
London,B,other,I
 ,O,O,I
1996 ,B,year,I
"
",O,O,I
Umweltstiftung WWF-Deutschland,B,editor,B
 (Hrsg.): ,O,O,I
Wattenmeer: Ein Rollenspiel mit Ergänzungsmaterial,B,title,I
. ,O,O,I
Hannover,B,other,I
 ,O,O,I
1991,B,year,I
"
",O,O,I
www.schutzstation-wattenmeer.de,B,url,B
" 
",O,O,I
http//:cwss.www.de,B,url,B
"
",O,O,I
http//:sh-nordsee.de/nationalpark,B,url,B
" 
",O,O,I
www.multimar-wattforum.de,B,url,B
" 
",O,O,I
http//:library.advanced.org/11776/contents.html,B,url,B
" 
",O,O,I
http//:schulen.nord west.net/watt/englisch/evo.html,B,url,B
 ,O,O,I
