token,tag,label,ref
Ackermann,B,author,B
", ",I,author,I
A,I,author,I
.: ,O,O,I
Ethnologische Migrationsforschung: Ein Überblick,B,title,I
. ,O,O,I
KEA - Zeitschrift für Kulturwissenschaften,B,source,I
 (,O,O,I
1997,B,year,I
) H. ,O,O,I
10,B,issue,I
", S.",O,O,I
1,B,fpage,I
-,O,O,I
16,B,lpage,I
" 
",O,O,I
Cappai,B,author,B
", ",I,author,I
G,I,author,I
.: ,O,O,I
Raum und Migration. Formen und Funktionen der Reproduktion des heimatlichen Raumes am Beispiel einer sardischen community,B,title,I
. ,O,O,I
KEA - Zeitschrift für Kulturwissenschaften,B,source,I
 (,O,O,I
1997,B,year,I
) H.,O,O,I
10,B,issue,I
", S. ",O,O,I
29,B,fpage,I
-,O,O,I
47,B,lpage,I
" 
",O,O,I
Findlay,B,author,B
", ",I,author,I
A,I,author,I
.: ,O,O,I
Skilled transients: the invisible phenomenon?,B,title,I
 In: ,O,O,I
"Cohen, R.",B,editor,I
 (Hrsg.): ,O,O,I
The Cambridge Survey of World Migration,B,source,I
", ",O,O,I
Cambridge,B,other,I
 ,O,O,I
1995,B,year,I
", S. ",O,O,I
515,B,fpage,I
-,O,O,I
522 ,B,lpage,I
"
",O,O,I
Glebe,B,author,B
", ",I,author,I
G,I,author,I
.: ,O,O,I
Struktur und Segregation statushoher qualifizierter Migranten in deutschen Großstädten,B,title,I
. In: ,O,O,I
"Kemper, F.-J.",B,editor,I
 und ,O,O,I
"Gans, P.",B,editor,I
 (Hrsg.): ,O,O,I
Ethnische Minoritäten in Europa und Amerika,B,source,I
. ,O,O,I
Berlin,B,other,I
 ,O,O,I
1998,B,year,I
", S. ",O,O,I
17,B,fpage,I
-,O,O,I
32 ,B,lpage,I
"
",O,O,I
Heske,B,author,B
", ",I,author,I
H,I,author,I
.: ,O,O,I
Zwischen Segregation und Integration - Japaner in Düsseldorf,B,title,I
. ,O,O,I
Praxis Geographie,B,source,I
 ,O,O,I
25,B,volume,I
 (,O,O,I
1995,B,year,I
) H. ,O,O,I
7/8,B,issue,I
", S. ",O,O,I
62,B,fpage,I
-,O,O,I
64 ,B,lpage,I
"
",O,O,I
Mai,B,author,B
", ",I,author,I
U,I,author,I
.: ,O,O,I
Symbolwelten in ethnisch gemischten Räumen,B,title,I
. In: ,O,O,I
"Kemper, F.-J.",B,editor,I
 und ,O,O,I
"Gans, P.",B,editor,I
 (Hrsg.): ,O,O,I
Ethnische Minoritäten in Europa und Amerika,B,source,I
. ,O,O,I
Berlin,B,other,I
 ,O,O,I
1998,B,year,I
", S. ",O,O,I
119,B,fpage,I
-,O,O,I
132 ,B,lpage,I
"
",O,O,I
Sassen,B,author,B
", ",I,author,I
S,I,author,I
.: ,O,O,I
The global city,B,title,I
. ,O,O,I
New York,B,other,I
 ,O,O,I
1991,B,year,I
