token,tag,label,ref
Blume,B,author,B
", ",I,author,I
L,I,author,I
.; ,O,O,I
Fromm,B,author,I
", ",I,author,I
O,I,author,I
. (,O,O,I
1999,B,year,I
): ,O,O,I
Regionale Ausgabeneffekte von Hochschulen: Methodische Anmerkungen am Beispiel der Universitat Gesamthochschule Kassel,B,title,I
. In: ,O,O,I
Raumforschung und Raumordnung,B,source,I
 ,O,O,I
5-6,B,volume,I
/,O,O,I
1999,B,year,I
", S. ",O,O,I
418,B,fpage,I
-,O,O,I
431,B,lpage,I
"
",O,O,I
Blume,B,author,B
", ",I,author,I
L,I,author,I
.; ,O,O,I
Fromm,B,author,I
", ",I,author,I
O,I,author,I
. (,O,O,I
2000,B,year,I
): ,O,O,I
Regionalökonomische Bedeutung von Hochschulen: Eine empirische Untersuchung am Beispiel der Universität Gesamthochschule Kassel,B,title,I
. - ,O,O,I
Wiesbaden,B,other,I
"
",O,O,I
Clermont,B,author,B
", ",I,author,I
C,I,author,I
. (,O,O,I
1997,B,year,I
): ,O,O,I
Regionalwirtschaftliche Effekte von Wissenschaftseinrichtungen - Theorie. Messkonzepte und Ergebnisse fur Hamburg,B,title,I
. - ,O,O,I
Frankfurt/M. u.a.,B,other,I
"
",O,O,I
Fleissner,B,author,B
", ",I,author,I
P,I,author,I
.; ,O,O,I
Böhme,B,author,I
", ",I,author,I
W,I,author,I
.; ,O,O,I
Brautzsch,B,author,I
", ",I,author,I
H.-U.,I,author,I
; ,O,O,I
Höhne,B,author,I
", ",I,author,I
J,I,author,I
.; ,O,O,I
Siassi,B,author,I
", ",I,author,I
J,I,author,I
.; ,O,O,I
Stark,B,author,I
", ",I,author,I
K,I,author,I
. (,O,O,I
1993,B,year,I
): ,O,O,I
Input-Output-Analyse: Eine Einführung in Theorie und Anwendungen,B,title,I
. - ,O,O,I
Wien und New York,B,other,I
"
",O,O,I
Gloede,B,author,B
", ",I,author,I
K,I,author,I
.; ,O,O,I
Schirmag,B,author,I
", ",I,author,I
T,I,author,I
.; ,O,O,I
Schöler,B,author,I
", ",I,author,I
K,I,author,I
. (,O,O,I
1999,B,year,I
): ,O,O,I
Ökonomische Wirkungen der Universität Potsdam auf die Region,B,title,I
. - ,O,O,I
Frankfurt/M. u.a.,B,other,I
"
",O,O,I
Holub,B,author,B
 ,I,author,I
H.-W.,I,author,I
; ,O,O,I
Schnabel,B,author,I
", ",I,author,I
H,I,author,I
. (,O,O,I
1985,B,year,I
): ,O,O,I
Input-Output-Rechnung: Input-Output-Tabellen,B,title,I
. - ,O,O,I
Munchen und Wien,B,other,I
"
",O,O,I
Leontief,B,author,B
", ",I,author,I
W,I,author,I
. (,O,O,I
1936,B,year,I
): ,O,O,I
Quantitative Input and Output Relations in the Economic System of the United States,B,title,I
. In: ,O,O,I
Review of Economic Statistics,B,source,I
", Vol. ",O,O,I
18,B,volume,I
", No.",O,O,I
3,B,issue,I
", S. ",O,O,I
105,B,fpage,I
- ,O,O,I
125,B,lpage,I
"
",O,O,I
Niermann,B,author,B
", ",I,author,I
U,I,author,I
. (,O,O,I
1996,B,year,I
): ,O,O,I
Wirtschaftsfaktor Universität: Eine Input-Output-orientierte Analyse am Beispiel der Universität Bielefeld,B,title,I
. - ,O,O,I
Münster,B,other,I
"
",O,O,I
Pfähler,B,author,B
", ",I,author,I
W,I,author,I
.; ,O,O,I
Bönte,B,author,I
", ",I,author,I
W,I,author,I
.; ,O,O,I
Gabriel,B,author,I
", ",I,author,I
C,I,author,I
.; ,O,O,I
Kettner,B,author,I
", ",I,author,I
A,I,author,I
. (,O,O,I
1999,B,year,I
): ,O,O,I
Wirtschaftsfaktor Bildung und Wissenschaft: Die regionalwirtschaftliche Bedeutung der Hochschulbildungs- und Wissenschaftseinrichtungen in Bremen,B,title,I
. - ,O,O,I
Frankfurt/M. u.a.,B,other,I
"
",O,O,I
Rosner,B,author,B
", ",I,author,I
U,I,author,I
.; ,O,O,I
Weimann,B,author,I
", ",I,author,I
J,I,author,I
. (,O,O,I
2003,B,year,I
): ,O,O,I
Die ökonomischen Effekte der Hochschulausgaben des Landes Sachsen-Anhalt - Direkte monetäre Effekte der Otto-von-Cuericke-Universität Magdeburg und der Hochschule Magdeburg-Stendal (FH) (Teil 1),B,title,I
", ",O,O,I
FEMM Working Paper,B,source,I
 Nr. ,O,O,I
12,B,volume,I
/,O,O,I
2003,B,year,I
. - ,O,O,I
Magdeburg,B,other,I
"
",O,O,I
Statistisches Bundesamt,B,editor,B
 (,O,O,I
2002,B,year,I
): ,O,O,I
"Volkswirtschaftliche Gesamtrechnungen, Input-Output-Tabellen",B,title,I
. - ,O,O,I
Wiesbaden,B,other,I
"
",O,O,I
Strassert,B,author,B
", ",I,author,I
G,I,author,I
. (,O,O,I
1968,B,year,I
): ,O,O,I
Möglichkeiten und Grenzen der Erstellung und Auswertung regionaler Input-Output-Tabellen unter besonderer Berücksichtigung der derivativen Methode,B,title,I
. - ,O,O,I
Berlin,B,other,I
