token,tag,label,ref
Arbeitsgemeinschaft der Landesplaner der Bundesrepublik Deutschland,B,editor,B
 (,O,O,I
1953,B,year,I
): ,O,O,I
Landesplanung. Begriffe und Richtlinien,B,title,I
. ,O,O,I
Düsseldorf,B,other,I
". 
",O,O,I
Aring,B,author,B
", ",I,author,I
J,I,author,I
.; ,O,O,I
Sinz,B,author,I
", ",I,author,I
M,I,author,I
. (,O,O,I
2006,B,year,I
): ,O,O,I
Neue Leitbilder der Raumentwicklung. Ein Impuls zur Modernisierung der Raumordnung?,B,title,I
 In: ,O,O,I
Raumforschung und Raumordnung,B,source,I
 ,O,O,I
64,B,volume,I
", ",O,O,I
6,B,issue,I
", ",O,O,I
451,B,fpage,I
-,O,O,I
459,B,lpage,I
". 
",O,O,I
ARL – Akademie für Raumforschung und Landesplanung,B,editor,B
 (Hrsg.) (,O,O,I
1960,B,year,I
): ,O,O,I
Raumforschung. 25 Jahre Raumforschung in Deutschland,B,title,I
. ,O,O,I
Bremen,B,other,I
". 
",O,O,I
ARL – Akademie für Raumforschung und Landesplanung,B,editor,B
 (Hrsg.) (,O,O,I
1966,B,year,I
): ,O,O,I
Handwörterbuch der Raumforschung und Raumordnung,B,title,I
. 1. Auﬂage. ,O,O,I
Hannover,B,other,I
". 
",O,O,I
ARL – Akademie für Raumforschung und Landesplanung,B,editor,B
 (Hrsg.) (,O,O,I
1970,B,year,I
): ,O,O,I
Handwörterbuch der Raumforschung und Raumordnung,B,title,I
. 2. Auﬂage. ,O,O,I
Hannover,B,other,I
". 
",O,O,I
Blotevogel,B,author,B
", ",I,author,I
H. H.,I,author,I
 (,O,O,I
2011,B,year,I
): ,O,O,I
Raumordnung in der ersten Hälfte des 20. Jahrhunderts,B,title,I
. In: ,O,O,I
ARL – Akademie für Raumforschung und Landesplanung,B,editor,I
 (Hrsg.): ,O,O,I
Grundriss der Raumordnung und Raumentwicklung,B,source,I
. ,O,O,I
Hannover,B,other,I
", ",O,O,I
82,B,fpage,I
-,O,O,I
115,B,lpage,I
". 
",O,O,I
Boesler,B,author,B
", ",I,author,I
K. A.,I,author,I
 (,O,O,I
1980,B,year,I
): ,O,O,I
Raumordnung,B,title,I
. ,O,O,I
Darmstadt,B,other,I
". 
",O,O,I
Briesen,B,author,B
",",I,author,I
D,I,author,I
.; ,O,O,I
Strubelt,B,author,I
",",I,author,I
W,I,author,I
.(,O,O,I
2015,B,year,I
): ,O,O,I
Zwischen Kontinuität und Neubeginn: Räumliche Planung und Forschung vor und nach 1945,B,title,I
. In: ,O,O,I
"Strubelt, W.",B,editor,I
; ,O,O,I
"Briesen, D.",B,editor,I
 (Hrsg.): ,O,O,I
Raumplanung nach 1945. Kontinuitäten und Neuanfänge in der Bundesrepublik Deutschland,B,source,I
. ,O,O,I
"Frankfurt am Main, New York",B,other,I
", ",O,O,I
15,B,fpage,I
-,O,O,I
54,B,lpage,I
". 
",O,O,I
Brüning,B,author,B
", ",I,author,I
K,I,author,I
.(,O,O,I
1943,B,year,I
): ,O,O,I
Raumordnung und Raumordnungsplan,B,title,I
. In: ,O,O,I
Archiv für Landes- und Volkskunde von Niedersachsen,B,source,I
 ,O,O,I
17,B,volume,I
", ",O,O,I
179,B,fpage,I
-,O,O,I
230,B,lpage,I
".
",O,O,I
Dehne,B,author,B
", ",I,author,I
P,I,author,I
.(,O,O,I
2005,B,year,I
): ,O,O,I
Leitbilder in der räumlichen Entwicklung,B,title,I
.In: ,O,O,I
ARL– Akademie für Raumforschung und Landesplanung,B,editor,I
 (Hrsg.): ,O,O,I
Handwörterbuch der Raumordnung,B,source,I
. ,O,O,I
Hannover,B,other,I
", ",O,O,I
608,B,fpage,I
-,O,O,I
614,B,lpage,I
". 
",O,O,I
Dittrich,B,author,B
", ",I,author,I
E,I,author,I
. (,O,O,I
1953,B,year,I
a): ,O,O,I
Vom Primat der Raumordnung,B,title,I
. In: ,O,O,I
Informationen aus dem Institut für Raumforschung,B,source,I
 ,O,O,I
35/36,B,volume,I
", ",O,O,I
363,B,fpage,I
-,O,O,I
370,B,lpage,I
". 
",O,O,I
Dittrich,B,author,B
", ",I,author,I
E,I,author,I
. (,O,O,I
1953,B,year,I
b): ,O,O,I
Raumforschung und Raumordnung. Ein Diskussionsbeitrag,B,title,I
. In: ,O,O,I
Informationen aus dem Institut für Raumforschung,B,source,I
 ,O,O,I
42/43,B,volume,I
", ",O,O,I
481,B,fpage,I
-,O,O,I
487,B,lpage,I
". 
",O,O,I
Dittrich,B,author,B
", ",I,author,I
E,I,author,I
. (,O,O,I
1956,B,year,I
): ,O,O,I
Über den Begriff „social costs“,B,title,I
. In: ,O,O,I
Informationen des Instituts für Raumforschung,B,source,I
 ,O,O,I
6,B,volume,I
", ",O,O,I
19,B,issue,I
", ",O,O,I
473,B,fpage,I
-,O,O,I
482,B,lpage,I
". 
",O,O,I
Dittrich,B,author,B
", ",I,author,I
E,I,author,I
. (,O,O,I
1958,B,year,I
a): ,O,O,I
Zum Begriff des „Leitbildes“ in der Diskussion über die Raumordnung,B,title,I
. In: ,O,O,I
Informationen des Instituts für Raumforschung,B,source,I
 ,O,O,I
8,B,volume,I
", ",O,O,I
1,B,issue,I
", ",O,O,I
1,B,fpage,I
-,O,O,I
13,B,lpage,I
". 
",O,O,I
Dittrich,B,author,B
", ",I,author,I
E,I,author,I
. (,O,O,I
1958,B,year,I
b): ,O,O,I
Das Leitbild in der Raumordnung,B,title,I
. In: ,O,O,I
Informationen des Instituts für Raumforschung,B,source,I
 ,O,O,I
8,B,volume,I
", ",O,O,I
3,B,issue,I
", ",O,O,I
53,B,fpage,I
-,O,O,I
75,B,lpage,I
". 
",O,O,I
Dittrich,B,author,B
", ",I,author,I
E,I,author,I
. (,O,O,I
1958,B,year,I
c): ,O,O,I
"„Richtlinien“ in der Raumpolitik, I. Allgemeiner Teil",B,title,I
.In: ,O,O,I
Informationen des Instituts für Raumforschung,B,source,I
 ,O,O,I
8,B,volume,I
", ",O,O,I
7,B,issue,I
", ",O,O,I
165,B,fpage,I
-,O,O,I
181,B,lpage,I
". 
",O,O,I
Dittrich,B,author,B
", ",I,author,I
E,I,author,I
. (,O,O,I
1958,B,year,I
d): ,O,O,I
" „Richtlinien“ in der Raumpolitik, II. Spezieller Teil",B,title,I
. In: ,O,O,I
Informationen des Instituts für Raumforschung,B,source,I
 ,O,O,I
8,B,volume,I
", ",O,O,I
12,B,issue,I
", ",O,O,I
311,B,fpage,I
-,O,O,I
321,B,lpage,I
". 
",O,O,I
Dittrich,B,author,B
", ",I,author,I
E,I,author,I
. (,O,O,I
1960,B,year,I
a): ,O,O,I
Das Leitbild und seine Problematik,B,title,I
. In: ,O,O,I
ARL – Akademie für Raumforschung und Landesplanung,B,editor,I
 (Hrsg.): ,O,O,I
Raumforschung. 25 Jahre Raumforschung in Deutschland,B,source,I
. ,O,O,I
Bremen,B,other,I
", ",O,O,I
107,B,fpage,I
-,O,O,I
116,B,lpage,I
". 
",O,O,I
Dittrich,B,author,B
", ",I,author,I
E,I,author,I
. (,O,O,I
1960,B,year,I
b): ,O,O,I
Zur Problematik des Leitbildes der Raumordnung,B,title,I
. In: ,O,O,I
Informationen des Instituts für Raumforschung,B,source,I
 ,O,O,I
10,B,volume,I
", ",O,O,I
9,B,issue,I
", ",O,O,I
211,B,fpage,I
-,O,O,I
215,B,lpage,I
". 
",O,O,I
Dittrich,B,author,B
", ",I,author,I
E,I,author,I
. (,O,O,I
1962,B,year,I
): ,O,O,I
Raumordnung und Leitbild,B,title,I
. ,O,O,I
Wien,B,other,I
. =,O,O,I
"Schriftenreihe des Instituts für Städtebau, Raumplanung und Raumordnung an der Technischen Hochschule Wien",B,source,I
 ,O,O,I
2,B,volume,I
". 
",O,O,I
Dittrich,B,author,B
", ",I,author,I
E,I,author,I
. (,O,O,I
1964,B,year,I
): ,O,O,I
Problemgebiete in der Raumforschung,B,title,I
. In: ,O,O,I
Raumforschung und Raumordnung,B,source,I
 ,O,O,I
22,B,volume,I
", ",O,O,I
1,B,issue,I
", ",O,O,I
1,B,fpage,I
-,O,O,I
16,B,lpage,I
". 
",O,O,I
Ernst,B,author,B
", ",I,author,I
W,I,author,I
. (,O,O,I
1966,B,year,I
): ,O,O,I
Leitbild der Raumordnung,B,title,I
. In: ,O,O,I
ARL – Akademie für Raumforschung und Landesplanung,B,editor,I
 (Hrsg.): ,O,O,I
Handwörterbuch der Raumforschung und Raumordnung,B,source,I
. ,O,O,I
Hannover,B,other,I
", Sp. ",O,O,I
1077,B,fpage,I
-,O,O,I
1092,B,lpage,I
". 
",O,O,I
Ernst,B,author,B
", ",I,author,I
W,I,author,I
. (,O,O,I
1970,B,year,I
): ,O,O,I
Leitbild der Raumordnung,B,title,I
. In: ,O,O,I
ARL – Akademie für Raumforschung und Landesplanung,B,editor,I
 (Hrsg.): ,O,O,I
Handwörterbuch der Raumforschung und Raumordnung,B,source,I
. ,O,O,I
Hannover,B,other,I
", Sp. ",O,O,I
1907,B,fpage,I
-,O,O,I
1911,B,lpage,I
". 
",O,O,I
Ernst,B,author,B
", ",I,author,I
W,I,author,I
. (,O,O,I
1991,B,year,I
): ,O,O,I
Die Bundesraumordnung von 1945 bis 1965,B,title,I
. In: ,O,O,I
ARL – Akademie für Raumforschung und Landesplanung,B,editor,I
 (Hrsg.): ,O,O,I
"Zur geschichtlichen Entwicklung der Raumordnung, Landes- und Regionalplanung in der Bundesrepublik Deutschland",B,source,I
. ,O,O,I
Hannover,B,other,I
", ",O,O,I
3,B,fpage,I
-,O,O,I
31,B,lpage,I
. = ,O,O,I
Forschungs- und Sitzungsberichte der ARL,B,source,I
 ,O,O,I
182,B,volume,I
". 
",O,O,I
Eucken,B,author,B
", ",I,author,I
W,I,author,I
. (,O,O,I
1952,B,year,I
): ,O,O,I
Grundsätze der Wirtschaftspolitik,B,title,I
. ,O,O,I
"Bern, Tübingen",B,other,I
". 
",O,O,I
Frei,B,author,B
", ",I,author,I
N,I,author,I
. (,O,O,I
1996,B,year,I
): ,O,O,I
Vergangenheitspolitik. Die Anfänge der Bundesrepublik und die NS-Vergangenheit,B,title,I
. ,O,O,I
München,B,other,I
". 
",O,O,I
Fürst,B,author,B
", ",I,author,I
D,I,author,I
. (,O,O,I
2010,B,year,I
): ,O,O,I
Raumplanung. Herausforderungen des deutschen Institutionensystems,B,title,I
. ,O,O,I
Detmold,B,other,I
". 
",O,O,I
Gross,B,author,B
", ",I,author,I
J,I,author,I
. (,O,O,I
1983,B,year,I
): ,O,O,I
Adenauer oder die Größe des Augenblicks,B,title,I
. In: ,O,O,I
"Schwarz, H.-P.",B,editor,I
 (Hrsg.): ,O,O,I
"Die Ära Adenauer. Epochenwechsel, 1957-1963",B,source,I
. ,O,O,I
Stuttgart,B,other,I
", ",O,O,I
7,B,fpage,I
-,O,O,I
16,B,lpage,I
. =,O,O,I
Geschichte der Bundesrepublik Deutschland,B,source,I
 ,O,O,I
3,B,volume,I
". 
",O,O,I
Gutberger,B,author,B
", ",I,author,I
H,I,author,I
. (,O,O,I
2015,B,year,I
): ,O,O,I
Gründungsphase und Neustart des Instituts für Raumforschung (1949-1951),B,title,I
. In: ,O,O,I
"Strubelt, W.",B,editor,I
; ,O,O,I
"Briesen, D.",B,editor,I
 (Hrsg.): ,O,O,I
Raumplanung nach 1945. Kontinuitäten und Neuanfänge in der Bundesrepublik Deutschland,B,source,I
. ,O,O,I
"Frankfurt am Main, New York",B,other,I
", ",O,O,I
93,B,fpage,I
-,O,O,I
126,B,lpage,I
". 
",O,O,I
Habermas,B,author,B
", ",I,author,I
J,I,author,I
. (,O,O,I
1968,B,year,I
): ,O,O,I
Verwissenschaftlichte Politik und öffentliche Meinung,B,title,I
. In: ,O,O,I
"Habermas, J.",B,editor,I
 (Hrsg.): ,O,O,I
Technik und Wissenschaft als „Ideologie“,B,source,I
. ,O,O,I
Frankfurt am Main,B,other,I
", ",O,O,I
120,B,fpage,I
-,O,O,I
145,B,lpage,I
". 
",O,O,I
Halstenberg,B,author,B
", ",I,author,I
F,I,author,I
. (,O,O,I
1966,B,year,I
): ,O,O,I
Sachverständigenausschuß für Raumordnung,B,title,I
. In: ,O,O,I
ARL – Akademie für Raumforschung und Landesplanung,B,editor,I
 (Hrsg.): ,O,O,I
Handwörterbuch der Raumforschung und Raumordnung,B,source,I
. ,O,O,I
Hannover,B,other,I
", Sp. ",O,O,I
1716,B,fpage,I
-,O,O,I
1719,B,lpage,I
". 
",O,O,I
Halstenberg,B,author,B
", ",I,author,I
F,I,author,I
. (,O,O,I
1970,B,year,I
): ,O,O,I
Sachverständigenausschuß für Raumordnung,B,title,I
. In: ,O,O,I
ARL – Akademie für Raumforschung und Landesplanung,B,editor,I
 (Hrsg.): ,O,O,I
Handwörterbuch der Raumforschung und Raumordnung,B,source,I
. ,O,O,I
Hannover,B,other,I
", Sp. ",O,O,I
2787,B,fpage,I
-,O,O,I
2789,B,lpage,I
". 
",O,O,I
Halstenberg,B,author,B
", ",I,author,I
F,I,author,I
. (,O,O,I
1987,B,year,I
): ,O,O,I
Über den politischen Rang der Raumordnung,B,title,I
. In: ,O,O,I
"Becker-Marx, K.",B,editor,I
 (Hrsg.): ,O,O,I
Raumplanung als Element der Zukunftssicherung,B,source,I
. ,O,O,I
"Essen,",B,other,I
 ,O,O,I
22,B,fpage,I
-,O,O,I
30,B,lpage,I
". 
",O,O,I
Hasse,B,author,B
", ",I,author,I
R,I,author,I
.; ,O,O,I
Schneider,B,author,I
", ",I,author,I
H,I,author,I
.; ,O,O,I
Weigelt,B,author,I
", ",I,author,I
K,I,author,I
. (Hrsg.) (,O,O,I
2005,B,year,I
): ,O,O,I
Lexikon Soziale Marktwirtschaft,B,title,I
. ,O,O,I
Paderborn,B,other,I
". 
",O,O,I
Heil,B,author,B
", ",I,author,I
P,I,author,I
. (,O,O,I
2003,B,year,I
): ,O,O,I
Zum Selbstbild von Raumplanern zwischen Nationalsozialismus und Bundesrepublik,B,title,I
. In: ,O,O,I
"Dietz, B.",B,editor,I
; ,O,O,I
"Gabel, H.",B,editor,I
; ,O,O,I
"Tieden, K.",B,editor,I
 (Hrsg.): ,O,O,I
Griff nach dem Westen. Die „Westforschung“ der völkisch-nationalen Wissenschaften zum nordwesteuropäischen Raum (1919-1960),B,source,I
. Teilband ,O,O,I
I,B,volume,I
. ,O,O,I
Münster,B,other,I
", ",O,O,I
91,B,fpage,I
-,O,O,I
105,B,lpage,I
". 
",O,O,I
Herbert,B,author,B
",",I,author,I
U,I,author,I
.(,O,O,I
2014,B,year,I
):,O,O,I
Geschichte Deutschlands im 20.Jahrhundert,B,title,I
. ,O,O,I
München,B,other,I
". 
",O,O,I
Hübler,B,author,B
",",I,author,I
 K.-H.,I,author,I
 (,O,O,I
1991,B,year,I
): ,O,O,I
Die Bundesraumordnung von 1965 bis 1989,B,title,I
. In: ,O,O,I
ARL – Akademie für Raumforschung und Landesplanung,B,editor,I
 (Hrsg.): ,O,O,I
"Zur geschichtlichen Entwicklung der Raumordnung, Landes- und Regionalplanung in der Bundesrepublik Deutschland",B,source,I
. ,O,O,I
Hannover,B,other,I
", ",O,O,I
32,B,fpage,I
-,O,O,I
51,B,lpage,I
. =,O,O,I
Forschungs- und Sitzungsberichte der ARL,B,source,I
 ,O,O,I
182,B,volume,I
". 
",O,O,I
Hübler,B,author,B
", ",I,author,I
K.-H.,I,author,I
; ,O,O,I
Scharmer,B,author,I
", ",I,author,I
E,I,author,I
.; ,O,O,I
Weichtmann,B,author,I
", ",I,author,I
K,I,author,I
.; ,O,O,I
Wirz,B,author,I
", ",I,author,I
S,I,author,I
. (,O,O,I
1980,B,year,I
): ,O,O,I
Zur Problematik der Herstellung gleichwertiger Lebensverhältnisse,B,title,I
. ,O,O,I
Hannover,B,other,I
. =,O,O,I
Abhandlungen der ARL,B,title,I
 ,O,O,I
80,B,volume,I
". 
",O,O,I
Hunke,B,author,B
", ",I,author,I
H,I,author,I
. (,O,O,I
1974,B,year,I
): ,O,O,I
Raumordnungspolitik. Vorstellungen und Wirklichkeit,B,title,I
. ,O,O,I
Hannover,B,other,I
. =,O,O,I
Abhandlungen der ARL,B,title,I
 ,O,O,I
70,B,volume,I
". 
",O,O,I
Isenberg,B,author,B
", ",I,author,I
G,I,author,I
. (,O,O,I
1948,B,year,I
): ,O,O,I
Zur Frage der Tragfähigkeit von Staats- und Wirtschaftsräumen,B,title,I
. In: ,O,O,I
Raumforschung und Raumordnung,B,source,I
 ,O,O,I
2,B,volume,I
", ",O,O,I
41,B,fpage,I
-,O,O,I
51,B,lpage,I
". 
",O,O,I
Isenberg,B,author,B
", ",I,author,I
G,I,author,I
. (,O,O,I
1968,B,year,I
): ,O,O,I
Die praktische Anwendung der Tragfähigkeitsrechnung in Krieg und Frieden,B,title,I
. In: ,O,O,I
Raumforschung und Raumordnung,B,source,I
 ,O,O,I
26,B,volume,I
", ",O,O,I
3-4,B,issue,I
", ",O,O,I
133,B,fpage,I
-,O,O,I
140,B,lpage,I
". 
",O,O,I
Isenberg,B,author,B
", ",I,author,I
G,I,author,I
. (,O,O,I
1970,B,year,I
): ,O,O,I
Tragfähigkeit,B,title,I
. In: ,O,O,I
ARL – Akademie für Raumforschung und Landesplanung,B,editor,I
 (Hrsg.): ,O,O,I
Handwörterbuch der Raumforschung und Raumordnung,B,source,I
. ,O,O,I
Hannover,B,other,I
", Sp. ",O,O,I
3381,B,fpage,I
-,O,O,I
3406,B,lpage,I
". 
",O,O,I
Isenberg,B,author,B
", ",I,author,I
G,I,author,I
. (,O,O,I
1979,B,year,I
): ,O,O,I
Wandlungen der „Räumlichen Ordnung“ in Deutschland von 1850 bis 1975,B,title,I
. In: ,O,O,I
Gesellschaft für Regionalforschung,B,editor,I
 (Hrsg.): ,O,O,I
Seminarbericht,B,source,I
 ,O,O,I
14,B,volume,I
. ,O,O,I
Heidelberg,B,other,I
", ",O,O,I
142,B,fpage,I
-,O,O,I
221,B,lpage,I
". 
",O,O,I
Istel,B,author,B
", ",I,author,I
W,I,author,I
. (,O,O,I
1999,B,year,I
): ,O,O,I
Wie die Raumordnung in das Grundgesetz kam,B,title,I
. Unveröffentlichtes Manuskript. ,O,O,I
München,B,other,I
". 
",O,O,I
Kapp,B,author,B
", ",I,author,I
K. W.,I,author,I
 (,O,O,I
1950,B,year,I
): ,O,O,I
The social costs of private enterprise,B,title,I
. ,O,O,I
Cambridge,B,other,I
". 
",O,O,I
Kegler,B,author,B
", ",I,author,I
K. R.,I,author,I
 (,O,O,I
2015,B,year,I
a): ,O,O,I
Deutsche Raumplanung. Das Modell der „zentralen Orte“ zwischen NS-Staat und Bundesrepublik,B,title,I
. ,O,O,I
Paderborn,B,other,I
". 
",O,O,I
Kegler,B,author,B
", ",I,author,I
K. R.,I,author,I
 (,O,O,I
2015,B,year,I
b): ,O,O,I
Krisenangst und Krisendiagnose: Deutsche Raumplanung nach 1945,B,title,I
. In: ,O,O,I
"Strubelt, W.",B,editor,I
; ,O,O,I
"Briesen, D.",B,editor,I
 (Hrsg.): ,O,O,I
Raumplanung nach 1945. Kontinuitäten und Neuanfänge in der Bundesrepublik Deutschland,B,source,I
. ,O,O,I
"Frankfurt am Main, New York",B,other,I
", ",O,O,I
69,B,fpage,I
-,O,O,I
91,B,lpage,I
". 
",O,O,I
Klein,B,author,B
", ",I,author,I
H.-J.,I,author,I
 (,O,O,I
1970,B,year,I
): ,O,O,I
Vitalsituation,B,title,I
. In: ,O,O,I
ARL – Akademie für Raumforschung und Landesplanung,B,editor,I
 (Hrsg.): ,O,O,I
Handwörterbuch der Raumforschung und Raumordnung,B,source,I
. ,O,O,I
Hannover,B,other,I
", Sp. ",O,O,I
3657,B,fpage,I
-,O,O,I
3660,B,lpage,I
". 
",O,O,I
Langhagen-Rohrbach,B,author,B
", ",I,author,I
C,I,author,I
. (,O,O,I
2010,B,year,I
): ,O,O,I
Raumordnung und Raumplanung,B,title,I
. ,O,O,I
Darmstadt,B,other,I
". 
",O,O,I
Leendertz,B,author,B
", ",I,author,I
A,I,author,I
. (,O,O,I
2008,B,year,I
): ,O,O,I
Ordnung schaffen. Deutsche Raumplanung im 20. Jahrhundert,B,title,I
. ,O,O,I
Göttingen,B,other,I
". 
",O,O,I
Lehmann,B,author,B
", ",I,author,I
H,I,author,I
. (,O,O,I
1963,B,year,I
): ,O,O,I
Raumordnung und Leitbild,B,title,I
. In: ,O,O,I
Raumforschung und Raumordnung,B,source,I
 ,O,O,I
21,B,volume,I
", ",O,O,I
3,B,issue,I
", ",O,O,I
149,B,fpage,I
-,O,O,I
152,B,lpage,I
". 
",O,O,I
Lendi,B,author,B
", ",I,author,I
M,I,author,I
. (,O,O,I
1995,B,year,I
): ,O,O,I
Leitbild der räumlichen Entwicklung,B,title,I
. In: ,O,O,I
ARL – AkademiefürRaumforschung und Landesplanung,B,editor,I
 (Hrsg.): ,O,O,I
Handwörterbuch der Raumordnung,B,source,I
. ,O,O,I
Hannover,B,other,I
", ",O,O,I
624,B,fpage,I
-,O,O,I
629,B,lpage,I
". 
",O,O,I
Linde,B,author,B
", ",I,author,I
H,I,author,I
. (,O,O,I
1960,B,year,I
): ,O,O,I
Raumforschung und Soziologie,B,title,I
. In: ,O,O,I
ARL – Akademie für Raumforschung und Landesplanung,B,editor,I
 (Hrsg.): ,O,O,I
Raumforschung. 25 Jahre Raumforschung inDeutschland,B,source,I
. ,O,O,I
Bremen,B,other,I
", ",O,O,I
59,B,fpage,I
-,O,O,I
70,B,lpage,I
". 
",O,O,I
Mäding,B,author,B
", ",I,author,I
H,I,author,I
. (,O,O,I
2014,B,year,I
): ,O,O,I
Länderneugliederung und bundesstaatlicher Finanzausgleich. Ein frischer Blick auf die Ernst-Kommission,B,title,I
. In: ,O,O,I
Der moderne Staat,B,source,I
 ,O,O,I
7,B,volume,I
", ",O,O,I
1,B,issue,I
", ",O,O,I
113,B,fpage,I
-,O,O,I
135,B,lpage,I
". 
",O,O,I
Mäding,B,author,B
", ",I,author,I
H,I,author,I
.(,O,O,I
2015,B,year,I
): ,O,O,I
Raumordnungspolitik auf dem Prüfstand 1977. Die Kommission für wirtschaftlichen und sozialen Wandel im Kontext der Fachdiskussion,B,title,I
. In: ,O,O,I
"Strubelt, W.",B,editor,I
; ,O,O,I
"Briesen, D.",B,editor,I
 (Hrsg.): ,O,O,I
Raumplanung nach 1945. Kontinuitäten und Neuanfänge in der Bundesrepublik Deutschland,B,source,I
. ,O,O,I
"Frankfurt am Main, New York",B,other,I
", ",O,O,I
225,B,fpage,I
-,O,O,I
254,B,lpage,I
". 
",O,O,I
Metzler,B,author,B
", ",I,author,I
G,I,author,I
. (,O,O,I
2005,B,year,I
): ,O,O,I
Konzeptionen politischen Handelns von Adenauer bis Brandt. Politische Planung in der pluralistischen Gesellschaft,B,title,I
. ,O,O,I
Paderborn,B,other,I
". 
",O,O,I
Meyer,B,author,B
", ",I,author,I
K,I,author,I
. (,O,O,I
1966,B,year,I
): ,O,O,I
Vitalsituation,B,title,I
. In: ,O,O,I
ARL – Akademie für Raumforschung und Landesplanung,B,editor,I
 (Hrsg.): ,O,O,I
Handwörterbuch der Raumforschung und Raumordnung,B,source,I
. ,O,O,I
Hannover,B,other,I
", Sp. ",O,O,I
2229,B,fpage,I
-,O,O,I
2230,B,lpage,I
". 
",O,O,I
Mießner,B,author,B
", ",I,author,I
M,I,author,I
. (,O,O,I
2015,B,year,I
): ,O,O,I
Die Raumordnungspolitik der Bundesrepublik in der Nachkriegszeit,B,title,I
. In: ,O,O,I
"Strubelt, W.",B,editor,I
; ,O,O,I
"Briesen, D.",B,editor,I
 (Hrsg.): ,O,O,I
Raumplanung nach 1945. Kontinuitäten und Neuanfänge in der Bundesrepublik Deutschland,B,source,I
. ,O,O,I
"Frankfurt am Main, New York",B,other,I
", ",O,O,I
197,B,fpage,I
-,O,O,I
223,B,lpage,I
". 
",O,O,I
MKRO – Ministerkonferenz für Raumordnung,B,editor,B
 (,O,O,I
2006,B,year,I
): ,O,O,I
Leitbilder und Handlungsstrategien für die Raumentwicklung in Deutschland,B,title,I
. ,O,O,I
Berlin,B,other,I
". 
",O,O,I
Müller-Armack,B,author,B
", ",I,author,I
A,I,author,I
. (,O,O,I
1941,B,year,I
): ,O,O,I
Genealogie der Wirtschaftsstile,B,title,I
. ,O,O,I
Stuttgart,B,other,I
". 
",O,O,I
Müller-Armack,B,author,B
", ",I,author,I
A,I,author,I
. (,O,O,I
1948,B,year,I
): ,O,O,I
Wirtschaftslenkung und Marktwirtschaft,B,title,I
. ,O,O,I
Hamburg,B,other,I
". 
",O,O,I
Nellner,B,author,B
", ",I,author,I
W,I,author,I
. (,O,O,I
1960,B,year,I
): ,O,O,I
Wandlungen der Raumstruktur durch den Flüchtlingszustrom,B,title,I
. In: ,O,O,I
ARL – Akademie für Raumforschung und Landesplanung,B,editor,I
 (Hrsg.): ,O,O,I
Raumforschung. 25 Jahre Raumforschung in Deutschland,B,source,I
. ,O,O,I
Bremen,B,other,I
", ",O,O,I
279,B,fpage,I
-,O,O,I
308,B,lpage,I
". 
",O,O,I
Niemeier,B,author,B
", ",I,author,I
H.-G.,I,author,I
; ,O,O,I
Müller,B,author,I
", ",I,author,I
G,I,author,I
. (,O,O,I
1964,B,year,I
): ,O,O,I
Raumplanung als Verwaltungsaufgabe,B,title,I
. ,O,O,I
Hannover,B,other,I
. =,O,O,I
Abhandlungen der ARL,B,title,I
 ,O,O,I
43,B,volume,I
". 
",O,O,I
Olsen,B,author,B
", ",I,author,I
K.H.,I,author,I
 (,O,O,I
1960,B,year,I
): ,O,O,I
Raumforschung als Wissenschaft – Versuch einer Deutung,B,title,I
. In: ,O,O,I
ARL – Akademie für Raumforschung und Landesplanung,B,editor,I
 (Hrsg.): ,O,O,I
Raumforschung. 25 Jahre Raumforschung in Deutschland,B,source,I
. ,O,O,I
Bremen,B,other,I
", ",O,O,I
7,B,fpage,I
-,O,O,I
18,B,lpage,I
". 
",O,O,I
Ptak,B,author,B
", ",I,author,I
R,I,author,I
. (,O,O,I
2004,B,year,I
): ,O,O,I
Vom Ordoliberalismus zur Sozialen Marktwirtschaft: Stationen des Neoliberalismus in Deutschland,B,title,I
. ,O,O,I
Opladen,B,other,I
". 
",O,O,I
Reichel,B,author,B
", ",I,author,I
S,I,author,I
. (,O,O,I
2009,B,year,I
): ,O,O,I
Gleichwertigkeit der Lebensverhältnisse. Verfassungsauftrag und Raumordnungsrecht,B,title,I
. ,O,O,I
München,B,other,I
". 
",O,O,I
Röpke,B,author,B
", ",I,author,I
W,I,author,I
. (,O,O,I
1949,B,year,I
): ,O,O,I
Civitas Humana. Grundfragen der Gesellschafts- und Wirtschaftsreform,B,title,I
. ,O,O,I
Erlenbach-Zürich,B,other,I
". 
",O,O,I
SARO – Sachverständigenausschuß für Raumordnung,B,editor,B
 (,O,O,I
1961,B,year,I
): ,O,O,I
Die Raumordnung in der Bundesrepublik Deutschland,B,title,I
. ,O,O,I
Stuttgart,B,other,I
". 
",O,O,I
Schwarz,B,author,B
", ",I,author,I
H.-P.,I,author,I
 (,O,O,I
1983,B,year,I
): ,O,O,I
"Die Ära Adenauer. Epochenwechsel, 19571963",B,title,I
. ,O,O,I
"Stuttgart, Wiesbaden",B,other,I
. = ,O,O,I
Geschichte der Bundesrepublik Deutschland,B,source,I
 ,O,O,I
3,B,volume,I
".
",O,O,I
Storbeck,B,author,B
",",I,author,I
D,I,author,I
. (,O,O,I
1982,B,year,I
): ,O,O,I
Das „Leitbild“ der Raumordnung,B,title,I
. In: ,O,O,I
ARL–Akademie für Raumforschung und Landesplanung,B,editor,I
 (Hrsg.): ,O,O,I
Grundriß der Raumordnung,B,source,I
. ,O,O,I
Hannover,B,other,I
", ",O,O,I
211,B,fpage,I
-,O,O,I
216,B,lpage,I
". 
",O,O,I
Umlauf,B,author,B
", ",I,author,I
J,I,author,I
. (,O,O,I
1958,B,year,I
): ,O,O,I
Wesen und Organisation der Landesplanung,B,title,I
. ,O,O,I
Essen,B,other,I
". 
",O,O,I
Umlauf,B,author,B
", ",I,author,I
J,I,author,I
. (,O,O,I
1986,B,year,I
): ,O,O,I
Zur Entwicklungsgeschichte der Landesplanung und Raumordnung,B,title,I
. ,O,O,I
Hannover,B,other,I
. = ,O,O,I
Abhandlungen der ARL,B,source,I
 ,O,O,I
90,B,volume,I
". 
",O,O,I
Väth,B,author,B
", ",I,author,I
W,I,author,I
. (,O,O,I
1980,B,year,I
): ,O,O,I
Raumplanung. Probleme der räumlichen Entwicklung und Raumordnungspolitik in der Bundesrepublik Deutschland,B,title,I
. ,O,O,I
Königstein,B,other,I
". 
",O,O,I
Weiß,B,author,B
", ",I,author,I
W,I,author,I
. (,O,O,I
2005,B,year,I
): ,O,O,I
Tragfähigkeit – ein unscharfer Schlüsselbegriff im Schnittpunkt von Raumordnung und Regional-Demographie,B,title,I
. In: ,O,O,I
Raumforschung und Raumordnung,B,source,I
 ,O,O,I
63,B,volume,I
", ",O,O,I
5,B,issue,I
", ",O,O,I
340,B,fpage,I
-,O,O,I
350,B,lpage,I
". 
",O,O,I
Willeke,B,author,B
", ",I,author,I
E,I,author,I
. (,O,O,I
1960,B,year,I
): ,O,O,I
Die Raumforschung in volkswirtschaftlicher Sicht,B,title,I
. In: ,O,O,I
ARL – Akademie für Raumforschung und Landesplanung,B,editor,I
 (Hrsg.): ,O,O,I
Raumforschung. 25 Jahre Raumforschung in Deutschland,B,source,I
. ,O,O,I
Bremen,B,other,I
", ",O,O,I
19,B,fpage,I
-,O,O,I
36,B,lpage,I
". 
",O,O,I
Willgerodt,B,author,B
", ",I,author,I
H,I,author,I
. (,O,O,I
2008,B,year,I
): ,O,O,I
Zur Einführung: Fritz W. Meyer (1907-1980),B,title,I
. In: ,O,O,I
"Goldschmidt, N.",B,editor,I
; ,O,O,I
"Wohlgemuth, M.",B,editor,I
 (Hrsg.): ,O,O,I
Grundtexte zur Freiburger Tradition der Ordnungsökonomik,B,source,I
. ,O,O,I
Tübingen,B,other,I
", ",O,O,I
223,B,fpage,I
-,O,O,I
227,B,lpage,I
". 
",O,O,I
Winkler,B,author,B
", ",I,author,I
E,I,author,I
. (,O,O,I
1966,B,year,I
): ,O,O,I
Vom Ursprung der Leitbildbegriffe,B,title,I
. In: ,O,O,I
Plan,B,source,I
 ,O,O,I
23,B,volume,I
", ",O,O,I
5,B,issue,I
", ",O,O,I
173,B,fpage,I
-,O,O,I
176,B,lpage,I
". 
",O,O,I
Wolfrum,B,author,B
", ",I,author,I
E,I,author,I
. (,O,O,I
2006,B,year,I
): ,O,O,I
Die geglückte Demokratie. Geschichte der Bundesrepublik Deutschland von ihren Anfängen bis zur Gegenwart,B,title,I
. ,O,O,I
Stuttgart,B,other,I
". 
",O,O,I
Wurzer,B,author,B
", ",I,author,I
R,I,author,I
. (,O,O,I
1962,B,year,I
): ,O,O,I
Die Raumordnung in der Bundesrepublik Deutschland,B,title,I
. In: ,O,O,I
Raumforschung und Raumordnung,B,source,I
 ,O,O,I
20,B,volume,I
", ",O,O,I
2,B,issue,I
", ",O,O,I
81,B,fpage,I
-,O,O,I
85,B,lpage,I
". 
",O,O,I
Zimmermann,B,author,B
", ",I,author,I
H,I,author,I
. (,O,O,I
1966,B,year,I
): ,O,O,I
Zielvorstellungen in der Raumordnungspolitik des Bundes,B,title,I
. In: ,O,O,I
Jahrbuch für Sozialwissenschaft,B,source,I
 ,O,O,I
17,B,volume,I
", ",O,O,I
2,B,issue,I
", ",O,O,I
225,B,fpage,I
-,O,O,I
245,B,lpage,I
". 
",O,O,I
Zimmermann,B,author,B
", ",I,author,I
H,I,author,I
. (,O,O,I
2009,B,year,I
): ,O,O,I
What is a „Leitbild“? Some Reﬂections on the Origin and Use of the German Expression,B,title,I
. In: ,O,O,I
"Strubelt, W.",B,editor,I
 (Hrsg.): ,O,O,I
Guiding Principles for Spatial Development in Germany,B,source,I
. ,O,O,I
"Berlin, Heidelberg",B,other,I
", ",O,O,I
3,B,fpage,I
-,O,O,I
14,B,lpage,I
. = ,O,O,I
German Annual of Spatial Research and Policy 2008,B,source,I
". 
",O,O,I
Zinkahn,B,author,B
", ",I,author,I
W,I,author,I
.; ,O,O,I
Bielenberg,B,author,I
", ",I,author,I
W,I,author,I
. (,O,O,I
1965,B,year,I
): ,O,O,I
Raumordnungsgesetz des Bundes. Kommentar unter Berücksichtigung des Landesplanungsrechts,B,title,I
. ,O,O,I
Berlin,B,other,I
.,O,O,I
