token,tag,label,ref
Aalbers,B,author,B
", ",I,author,I
R,I,author,I
. (,O,O,I
2010,B,year,I
): ,O,O,I
The role of contracts and trust in R&D alliances in the Dutch biotech sector,B,title,I
. In: ,O,O,I
"Innovation: Management, Policy & Practice",B,source,I
 12,B,volume,I
", ",O,O,I
3,B,issue,I
", ",O,O,I
311,B,fpage,I
-,O,O,I
329,B,lpage,I
". 
",O,O,I
Aitken,B,author,B
", ",I,author,I
S,I,author,I
.; ,O,O,I
Kwan,B,author,I
", ",I,author,I
M.-P.,I,author,I
 (,O,O,I
2010,B,year,I
): ,O,O,I
"GIS as Qualitative Research: Knowledge, Participatory Politics and Cartographies of Affect",B,title,I
. In: ,O,O,I
"DeLyser, D.",B,editor,I
; ,O,O,I
"Herbert, S.",B,editor,I
; ,O,O,I
"Aitken, S.",B,editor,I
; ,O,O,I
"Crang, M.",B,editor,I
; ,O,O,I
"McDowell, L.",B,editor,I
 (Hrsg.): ,O,O,I
The SAGE Handbook of Qualitative Geography,B,source,I
. ,O,O,I
Los Angeles,B,other,I
", ",O,O,I
287,B,fpage,I
-,O,O,I
304,B,lpage,I
". 
",O,O,I
Asheim,B,author,B
",",I,author,I
B.T.,I,author,I
; ,O,O,I
Coenen,B,author,I
", ",I,author,I
L,I,author,I
.(,O,O,I
2005,B,year,I
): ,O,O,I
Knowledgebases andregional innovation systems: Comparing Nordic clusters,B,title,I
. In: ,O,O,I
Research Policy,B,source,I
 ,O,O,I
34,B,volume,I
", ",O,O,I
8,B,issue,I
", ",O,O,I
1173,B,fpage,I
-,O,O,I
1190,B,lpage,I
". 
",O,O,I
Asheim,B,author,B
", ",I,author,I
B. T.,I,author,I
; ,O,O,I
Coenen,B,author,I
", ",I,author,I
L,I,author,I
.; ,O,O,I
Vang,B,author,I
", ",I,author,I
J,I,author,I
. (,O,O,I
2007,B,year,I
): ,O,O,I
"Face-to-face, buzz, and knowledge bases: sociospatial implicationsfor learning, innovation, and innovation policy",B,title,I
. In: ,O,O,I
Environment and Planning C,B,source,I
 ,O,O,I
25,B,volume,I
", ",O,O,I
5,B,issue,I
", ",O,O,I
655,B,fpage,I
-,O,O,I
670,B,lpage,I
". 
",O,O,I
Barlevy,B,author,B
", ",I,author,I
G,I,author,I
. (,O,O,I
2005,B,year,I
): ,O,O,I
Why don’t recessions encourage more R&D spending?,B,title,I
 ,O,O,I
Chicago,B,other,I
. = ,O,O,I
Chicago Fed Letter,B,source,I
 ,O,O,I
220,B,volume,I
". 
",O,O,I
Bathelt,B,author,B
", ",I,author,I
H,I,author,I
. (,O,O,I
2008,B,year,I
): ,O,O,I
Knowledge-based clusters: regional multiplier models and the role of ‘buzz’ and ‘pipelines’,B,title,I
. In: ,O,O,I
"Karlsson, C.",B,editor,I
 (Hrsg.): ,O,O,I
Handbook of Research on Cluster Theory,B,source,I
. ,O,O,I
Cheltenham,B,other,I
", ",O,O,I
78,B,fpage,I
-,O,O,I
92,B,lpage,I
". 
",O,O,I
Bathelt,B,author,B
", ",I,author,I
H,I,author,I
.; ,O,O,I
Malmberg,B,author,I
", ",I,author,I
A,I,author,I
.; ,O,O,I
Maskell,B,author,I
", ",I,author,I
P,I,author,I
. (,O,O,I
2004,B,year,I
): ,O,O,I
"Clusters and knowledge: local buzz, global pipelines and the process of knowledge creation",B,title,I
. In: ,O,O,I
Progress in Human Geography,B,source,I
 ,O,O,I
28,B,volume,I
", ",O,O,I
1,B,issue,I
", ",O,O,I
31,B,fpage,I
-,O,O,I
56,B,lpage,I
".
",O,O,I
Bergman,B,author,B
", ",I,author,I
E. M.,I,author,I
; ,O,O,I
Feser,B,author,I
", ",I,author,I
E. J.,I,author,I
 (,O,O,I
1999,B,year,I
): ,O,O,I
Industrial and Regional Clusters: Concepts and Comparative Applications,B,title,I
. ,O,O,I
http://www.rri.wvu.edu/webbook/bergman-feser/contents.htm,B,url,I
" (16.10.2016). 
",O,O,I
Boschma,B,author,B
",",I,author,I
R,I,author,I
.(,O,O,I
2005,B,year,I
): ,O,O,I
Proximity and Innovation: A Critical Assessment,B,title,I
. In: ,O,O,I
Regional Studies,B,source,I
 ,O,O,I
39,B,volume,I
", ",O,O,I
1,B,issue,I
", ",O,O,I
61,B,fpage,I
-,O,O,I
74,B,lpage,I
". 
",O,O,I
Brandt,B,author,B
", ",I,author,I
A,I,author,I
.; ,O,O,I
Hahn,B,author,I
", ",I,author,I
C,I,author,I
.; ,O,O,I
Krätke,B,author,I
", ",I,author,I
S,I,author,I
.; ,O,O,I
Kiese,B,author,I
", ",I,author,I
M,I,author,I
. (,O,O,I
2009,B,year,I
): ,O,O,I
Metropolitan regions in the knowledge economy: network analysis as a strategic information tool,B,title,I
. In: ,O,O,I
Tijdschrift voor economische en sociale geograﬁe,B,source,I
 ,O,O,I
100,B,volume,I
", ",O,O,I
2,B,issue,I
", ",O,O,I
236,B,fpage,I
-,O,O,I
249,B,lpage,I
". 
",O,O,I
Cincera,B,author,B
", ",I,author,I
M,I,author,I
.; ,O,O,I
Cozza,B,author,I
", ",I,author,I
C,I,author,I
.; ,O,O,I
Tübke,B,author,I
", ",I,author,I
A,I,author,I
.; ,O,O,I
Voigt,B,author,I
",",I,author,I
P,I,author,I
. (,O,O,I
2010,B,year,I
): ,O,O,I
"Doing R&D or not (in a crisis), that is the question...",B,title,I
 ,O,O,I
Luxemburg,B,other,I
. = ,O,O,I
IPTS Working Paper on Corporate R&D and Innovation,B,source,I
 ,O,O,I
12,B,volume,I
/,O,O,I
2010,B,year,I
". 
",O,O,I
Crevoisier,B,author,B
", ",I,author,I
O,I,author,I
. (,O,O,I
2001,B,year,I
): ,O,O,I
Der Ansatz des kreativen Milieus. Bestandsaufnahme und Forschungsperspektiven am Beispiel urbaner Milieus,B,title,I
. In: ,O,O,I
Zeitschrift für Wirtschaftsgeographie,B,source,I
 ,O,O,I
45,B,volume,I
", ",O,O,I
3-4,B,issue,I
", ",O,O,I
246,B,fpage,I
-,O,O,I
256,B,lpage,I
". 
",O,O,I
DeBresson,B,author,B
", ",I,author,I
C,I,author,I
.; ,O,O,I
Hu,B,author,I
", ",I,author,I
X,I,author,I
. (,O,O,I
1999,B,year,I
): ,O,O,I
Identifying clusters of innovative activity: A new approach and a toolbox,B,title,I
. In: ,O,O,I
OECD,B,editor,I
 (Hrsg.): ,O,O,I
Boosting Innovation. The Cluster Approach,B,source,I
. ,O,O,I
Paris,B,other,I
", ",O,O,I
27,B,fpage,I
-,O,O,I
59,B,lpage,I
". 
",O,O,I
Egartner,B,author,B
",",I,author,I
S,I,author,I
.; ,O,O,I
Fischer,B,author,I
",",I,author,I
T,I,author,I
.; ,O,O,I
Maißer,B,author,I
",",I,author,I
M,I,author,I
.; ,O,O,I
Meth,B,author,I
",",I,author,I
D,I,author,I
.; ,O,O,I
Steinbichler,B,author,I
",",I,author,I
M,I,author,I
.; ,O,O,I
Wächter,B,author,I
", ",I,author,I
P,I,author,I
.; ,O,O,I
Voigt,B,author,I
", ",I,author,I
A,I,author,I
. (,O,O,I
2008,B,year,I
): ,O,O,I
Stadt der kurzen Wege aus ökosozialer Sicht. Nahversorgung und Naherholung in Wien vor dem Hintergrund der Alterung,B,title,I
. ,O,O,I
Wien,B,other,I
". 
",O,O,I
Feldman,B,author,B
", ",I,author,I
M.P.,I,author,I
; ,O,O,I
Audretsch,B,author,I
",",I,author,I
 D.B.,I,author,I
(,O,O,I
1999,B,year,I
): ,O,O,I
"Innovation in cities: Sciencebased diversity, specialization and localized competition",B,title,I
. In: ,O,O,I
European Economic Review,B,source,I
 ,O,O,I
43,B,volume,I
", ",O,O,I
2,B,issue,I
", ",O,O,I
409,B,fpage,I
-,O,O,I
429,B,lpage,I
". 
",O,O,I
Feser,B,author,B
", ",I,author,I
E,I,author,I
.; ,O,O,I
Renski,B,author,I
", ",I,author,I
H,I,author,I
.; ,O,O,I
Goldstein,B,author,I
", ",I,author,I
H,I,author,I
. (,O,O,I
2008,B,year,I
): ,O,O,I
Clusters and Economic Development Outcomes. An Analysis of the Link between Clustering and Industry Growth,B,title,I
.In: ,O,O,I
Economic Development Quarterly,B,source,I
 ,O,O,I
22,B,volume,I
", ",O,O,I
4,B,issue,I
", ",O,O,I
324,B,fpage,I
-,O,O,I
344,B,lpage,I
". 
",O,O,I
Florida,B,author,B
", ",I,author,I
R,I,author,I
. (,O,O,I
2002,B,year,I
): ,O,O,I
The Rise of the Creative Class,B,title,I
. ,O,O,I
New York,B,other,I
". 
",O,O,I
Fromhold-Eisebith,B,author,B
", ",I,author,I
M,I,author,I
. (,O,O,I
1999,B,year,I
): ,O,O,I
Das „kreative Milieu“ – nur theoretisches Konzept oder Instrument der Regionalentwicklung?,B,title,I
 In: ,O,O,I
Raumforschung und Raumordnung,B,source,I
 ,O,O,I
57,B,volume,I
", ",O,O,I
2-3,B,issue,I
", ",O,O,I
168,B,fpage,I
-,O,O,I
175,B,lpage,I
". 
",O,O,I
Gertler,B,author,B
",",I,author,I
M,I,author,I
.(,O,O,I
2008,B,year,I
): ,O,O,I
Buzz without being there? Communities of Practice in Context,B,title,I
. In: ,O,O,I
"Ash, A.",B,editor,I
; ,O,O,I
"Roberts, J.",B,editor,I
 (Hrsg.): ,O,O,I
"Community, Economic Creativity, and Organization",B,source,I
. ,O,O,I
Oxford,B,other,I
", ",O,O,I
203,B,fpage,I
-,O,O,I
226,B,lpage,I
". 
",O,O,I
Giuliani,B,author,B
", ",I,author,I
E,I,author,I
. (,O,O,I
2007,B,year,I
): ,O,O,I
The Selective Nature of Knowledge Networks in Clusters: Evidence from the Wine Industry,B,title,I
. In: ,O,O,I
Journal of Economic Geography,B,source,I
 ,O,O,I
7,B,volume,I
", ",O,O,I
2,B,issue,I
", ",O,O,I
139,B,fpage,I
-,O,O,I
168,B,lpage,I
". 
",O,O,I
Grabher,B,author,B
", ",I,author,I
G,I,author,I
. (,O,O,I
2002,B,year,I
): ,O,O,I
"Cool projects, boring institutions: temporary collaboration in social context",B,title,I
. In: ,O,O,I
Regional Studies,B,source,I
 ,O,O,I
36,B,volume,I
", ",O,O,I
3,B,issue,I
", ",O,O,I
205,B,fpage,I
-,O,O,I
214,B,lpage,I
". 
",O,O,I
Hohenberg,B,author,B
", ",I,author,I
P. M.,I,author,I
; ,O,O,I
Hollen-Lees,B,author,I
", ",I,author,I
L.,I,author,I
 (,O,O,I
1985,B,year,I
): ,O,O,I
The Making of Urban Europe 1000-1950,B,title,I
. ,O,O,I
"Cambridge, MA",B,other,I
". 
",O,O,I
Huber,B,author,B
", ",I,author,I
F,I,author,I
. (,O,O,I
2012,B,year,I
): ,O,O,I
Do clusters really matter for innovation practices in information technology? Questioning the signiﬁcance of technological knowledge spillovers,B,title,I
. In: ,O,O,I
Journal of Economic Geography,B,source,I
 ,O,O,I
12,B,volume,I
", ",O,O,I
1,B,issue,I
", ",O,O,I
107,B,fpage,I
-,O,O,I
126,B,lpage,I
". 
",O,O,I
Jacobs,B,author,B
", ",I,author,I
J,I,author,I
. (,O,O,I
1969,B,year,I
): ,O,O,I
The Economy of Cities,B,title,I
. ,O,O,I
New York,B,other,I
". 
",O,O,I
Kiese,B,author,B
", ",I,author,I
M,I,author,I
. (,O,O,I
2008,B,year,I
): ,O,O,I
Stand und Perspektiven der regionalen Clusterforschung,B,title,I
. In: ,O,O,I
"Schätzl, L.",B,editor,I
; ,O,O,I
"Kiese, M.",B,editor,I
 (Hrsg.): ,O,O,I
"Cluster und Regionalentwicklung. Theorie, Beratung und praktische Umsetzung",B,source,I
. ,O,O,I
Dortmund,B,other,I
", ",O,O,I
9,B,fpage,I
-,O,O,I
50,B,lpage,I
". 
",O,O,I
Koo,B,author,B
", ",I,author,I
J,I,author,I
. (,O,O,I
2005,B,year,I
): ,O,O,I
Knowledge-based Industry Clusters: Evidenced by Geographical Patterns of Patents in Manufacturing,B,title,I
. In: ,O,O,I
Urban Studies,B,source,I
 ,O,O,I
42,B,volume,I
", ",O,O,I
9,B,issue,I
", ",O,O,I
1487,B,fpage,I
-,O,O,I
1505,B,lpage,I
". 
",O,O,I
Kujath,B,author,B
", ",I,author,I
H. J.,I,author,I
 (,O,O,I
2005,B,year,I
): ,O,O,I
Die neue Rolle der Metropolregionen in der Wissensökonomie,B,title,I
. In: ,O,O,I
"Kujath,H.J.",B,editor,I
(Hrsg.):,O,O,I
Knoten im Netz. Zur neuen Rolle der Metropolregionen in der Dienstleistungswirtschaft und Wissensökonomie,B,source,I
. ,O,O,I
Münster,B,other,I
", ",O,O,I
23,B,fpage,I
-,O,O,I
63,B,lpage,I
". 
",O,O,I
Levine,B,author,B
", ",I,author,I
N,I,author,I
. (,O,O,I
2013,B,year,I
): ,O,O,I
CrimeStat IV. A Spatial Statistics Program for the Analysis of Crime Incident Locations,B,title,I
. ,O,O,I
Washington,B,other,I
". 
",O,O,I
Lüthi,B,author,B
", ",I,author,I
S,I,author,I
.; ,O,O,I
Thierstein,B,author,I
", ",I,author,I
A,I,author,I
.; ,O,O,I
Bentlage,B,author,I
", ",I,author,I
M,I,author,I
. (,O,O,I
2010,B,year,I
): ,O,O,I
Standortverﬂechtungen in der Wissensökonomie. Über die Konnektivität der Metropolregionen Rhein-Main und Rhein-Ruhr,B,title,I
. In: ,O,O,I
Geographische Rundschau,B,source,I
 ,O,O,I
62,B,volume,I
", ",O,O,I
11,B,issue,I
", ",O,O,I
46,B,fpage,I
-,O,O,I
52,B,lpage,I
". 
",O,O,I
Marshall,B,author,B
", ",I,author,I
A,I,author,I
. (,O,O,I
1890,B,year,I
): ,O,O,I
Principles of Economics,B,title,I
. ,O,O,I
London,B,other,I
". 
",O,O,I
Martin,B,author,B
", ",I,author,I
R,I,author,I
.; ,O,O,I
Sunley,B,author,I
", ",I,author,I
P,I,author,I
. (,O,O,I
2003,B,year,I
): ,O,O,I
Deconstructing clusters: chaotic concept or policy panacea?,B,title,I
 In: ,O,O,I
Journal of Economic Geography,B,source,I
 ,O,O,I
3,B,volume,I
",",O,O,I
1,B,issue,I
",",O,O,I
5,B,fpage,I
-,O,O,I
35,B,lpage,I
".
",O,O,I
Maskell,B,author,B
", ",I,author,I
P,I,author,I
.; ,O,O,I
Bathelt,B,author,I
", ",I,author,I
H,I,author,I
.; ,O,O,I
Malmberg,B,author,I
", ",I,author,I
A,I,author,I
. (,O,O,I
2006,B,year,I
): ,O,O,I
Building global knowledge pipelines: The role of temporary clusters,B,title,I
. In: ,O,O,I
European Planning Studies,B,source,I
 ,O,O,I
14,B,volume,I
", ",O,O,I
8,B,issue,I
", ",O,O,I
997,B,fpage,I
-,O,O,I
1013,B,lpage,I
". 
",O,O,I
Mayerhofer,B,author,B
", ",I,author,I
P,I,author,I
. (,O,O,I
2013,B,year,I
): ,O,O,I
"Wiens Industrie in der wissensbasierten Stadtwirtschaft. Wandlungsprozesse, Wettbewerbsfähigkeit, industriepolitische Ansatzpunkte",B,title,I
. ,O,O,I
Wien,B,other,I
". 
",O,O,I
Moodysson,B,author,B
", ",I,author,I
J,I,author,I
. (,O,O,I
2008,B,year,I
): ,O,O,I
Principles and Practices of Knowledge Creation: On the Organization of “Buzz” and “Pipelines” in Life Science Communities,B,title,I
. In: ,O,O,I
Economic Geography,B,source,I
 ,O,O,I
84,B,volume,I
", ",O,O,I
4,B,issue,I
", ",O,O,I
449,B,fpage,I
-,O,O,I
469,B,lpage,I
". 
",O,O,I
Musil,B,author,B
", ",I,author,I
R,I,author,I
. (,O,O,I
2011,B,year,I
): ,O,O,I
Die Metropolen Europas im Städtesystem des 20. Jahrhunderts,B,title,I
. In: ,O,O,I
"Matznetter, W.",B,editor,I
; ,O,O,I
"Musil, R.",B,editor,I
 (Hrsg.): ,O,O,I
Europa: Metropolen im Wandel,B,source,I
. ,O,O,I
Wien,B,other,I
", ",O,O,I
15,B,fpage,I
-,O,O,I
38,B,lpage,I
". 
",O,O,I
Musil,B,author,B
", ",I,author,I
R,I,author,I
.; ,O,O,I
Eder,B,author,I
", ",I,author,I
J,I,author,I
. (,O,O,I
2013,B,year,I
): ,O,O,I
Wien und seine Hochschulen. Regionale Wertschöpfungseffekte der Wiener Hochschulen,B,title,I
. ,O,O,I
Wien,B,other,I
. = ,O,O,I
ISR-Forschungsbericht,B,source,I
 ,O,O,I
40,B,volume,I
". 
",O,O,I
Musil,B,author,B
", ",I,author,I
R,I,author,I
.; ,O,O,I
Eder,B,author,I
", ",I,author,I
J,I,author,I
. (,O,O,I
2015,B,year,I
): ,O,O,I
Local buzz in der Wiener Forschung. Wissensintensive Cluster zwischen lokale Einbettung und internationaler Orientierung,B,title,I
. ,O,O,I
Wien,B,other,I
. = ,O,O,I
ISR-Forschungsbericht,B,source,I
 ,O,O,I
41,B,volume,I
". 
",O,O,I
Palme,B,author,B
", ",I,author,I
G,I,author,I
.; ,O,O,I
Musil,B,author,I
", ",I,author,I
R,I,author,I
. (,O,O,I
2012,B,year,I
): ,O,O,I
Wirtschaftsgeographie,B,title,I
. ,O,O,I
Braunschweig,B,other,I
". 
",O,O,I
Porter,B,author,B
", ",I,author,I
M,I,author,I
. (,O,O,I
1990,B,year,I
): ,O,O,I
The Competitive Advantage of Nations,B,title,I
. ,O,O,I
New York,B,other,I
". 
",O,O,I
Porter,B,author,B
", ",I,author,I
M,I,author,I
. (,O,O,I
2000,B,year,I
): ,O,O,I
"Location, Competition, and Economic Development: Local Clusters in a Global Economy",B,title,I
. In: ,O,O,I
Economic Development Quarterly,B,source,I
 ,O,O,I
14,B,volume,I
", ",O,O,I
1,B,issue,I
", ",O,O,I
15,B,fpage,I
-,O,O,I
34,B,lpage,I
". 
",O,O,I
Sassen,B,author,B
", ",I,author,I
S,I,author,I
. (,O,O,I
1991,B,year,I
): ,O,O,I
The global city,B,title,I
. ,O,O,I
"London, New York, Tokyo, Princeton",B,other,I
". 
",O,O,I
Silverman,B,author,B
", ",I,author,I
B. W.,I,author,I
 (,O,O,I
1986,B,year,I
): ,O,O,I
Density Estimation for Statistics and Data Analysis,B,title,I
. ,O,O,I
London,B,other,I
". 
",O,O,I
Simmie,B,author,B
", ",I,author,I
J,I,author,I
.; ,O,O,I
Strambach,B,author,I
", ",I,author,I
S,I,author,I
. (,O,O,I
2006,B,year,I
): ,O,O,I
The contribution of KIBS to innovation in cities: an evolutionary and institutional perspective,B,title,I
. In: ,O,O,I
Journal of Knowledge Management,B,source,I
 ,O,O,I
10,B,volume,I
", ",O,O,I
5,B,issue,I
", ",O,O,I
26,B,fpage,I
-,O,O,I
40,B,lpage,I
". 
",O,O,I
Stiewe,B,author,B
", ",I,author,I
M,I,author,I
.; ,O,O,I
Mühlhans,B,author,I
", ",I,author,I
H,I,author,I
.; ,O,O,I
Bohnet,B,author,I
", ",I,author,I
M,I,author,I
.; ,O,O,I
Fricke,B,author,I
", ",I,author,I
T,I,author,I
.; ,O,O,I
Heller,B,author,I
", ",I,author,I
S,I,author,I
. (,O,O,I
2012,B,year,I
): ,O,O,I
Potenziale und Wirkungen standortbezogenen Mobilitätsmanagements,B,title,I
. In: ,O,O,I
"Schrenk, M.",B,editor,I
; ,O,O,I
"Popvich, V.",B,editor,I
; ,O,O,I
"Zeile, P.",B,editor,I
; ,O,O,I
"Elisei, P.",B,editor,I
 (Hrsg.): ,O,O,I
REAL CORP 2012. Re-Mixing the City. Towards Sustainability and Resilience?,B,source,I
 ,O,O,I
Schwechat,B,other,I
", ",O,O,I
605,B,fpage,I
-,O,O,I
614,B,lpage,I
. = ,O,O,I
Proceedings REAL CORP,B,source,I
 ,O,O,I
2012,B,year,I
". 
",O,O,I
Storper,B,author,B
", ",I,author,I
M,I,author,I
.; ,O,O,I
Venables,B,author,I
", ",I,author,I
A. J.,I,author,I
 (,O,O,I
2004,B,year,I
): ,O,O,I
Buzz: face-to-face contact and the urban economy,B,title,I
. In: ,O,O,I
Journal of Economic Geography,B,source,I
 ,O,O,I
4,B,volume,I
", ",O,O,I
4,B,issue,I
", ",O,O,I
351,B,fpage,I
370,B,lpage,I
". 
",O,O,I
Sui,B,author,B
", ",I,author,I
D,I,author,I
.; ,O,O,I
DeLyser,B,author,I
", ",I,author,I
D,I,author,I
. (,O,O,I
2012,B,year,I
): ,O,O,I
"Crossing the qualitative-quantitative chasm I: Hybrid geographies, the spatial turn, and volunteered geographic information (VGI)",B,title,I
. In: ,O,O,I
Progress in Human Geography,B,source,I
 ,O,O,I
36,B,volume,I
", ",O,O,I
1,B,issue,I
", ",O,O,I
111,B,fpage,I
-,O,O,I
124,B,lpage,I
". 
",O,O,I
Taylor,B,author,B
", ",I,author,I
P,I,author,I
. (,O,O,I
2004,B,year,I
): ,O,O,I
World City Network. A global urban analysis,B,title,I
. ,O,O,I
"London, New York",B,other,I
". 
",O,O,I
Tödtling,B,author,B
", ",I,author,I
F,I,author,I
.; ,O,O,I
Trippl,B,author,I
", ",I,author,I
M,I,author,I
. (,O,O,I
2007,B,year,I
): ,O,O,I
"Knowledge Links in High-technology Industries: Markets, Networks or Milieu? The Case of the Vienna Biotechnology Cluster",B,title,I
. In: ,O,O,I
International Journal of Entrepreneurship and Innovation Management,B,source,I
 ,O,O,I
7,B,volume,I
", ",O,O,I
2-5,B,issue,I
", ",O,O,I
345,B,fpage,I
-,O,O,I
365,B,lpage,I
". 
",O,O,I
Trippl,B,author,B
", ",I,author,I
M,I,author,I
.; ,O,O,I
Tödtling,B,author,I
", ",I,author,I
F,I,author,I
. (,O,O,I
2007,B,year,I
): ,O,O,I
Developing Biotechnology Clusters in Non-high Technology Regions. The Case of Austria,B,title,I
. In: ,O,O,I
Industry and Innovation,B,source,I
 ,O,O,I
14,B,volume,I
", ",O,O,I
1,B,issue,I
", ",O,O,I
47,B,fpage,I
-,O,O,I
67,B,lpage,I
". 
",O,O,I
Trippl,B,author,B
", ",I,author,I
M,I,author,I
.; ,O,O,I
Tödtling,B,author,I
", ",I,author,I
F,I,author,I
. (,O,O,I
2011,B,year,I
): ,O,O,I
Regionale Innovationssysteme und Wissenstransfer im Spannungsfeld unterschiedlicher Näheformen,B,title,I
.In: ,O,O,I
"Ibert,O.",B,editor,I
; ,O,O,I
"Kujath,H.J.",B,editor,I
(Hrsg.):,O,O,I
Räume der Wissensarbeit. Zur Funktion von Nähe und Distanz in der Wissensökonomie,B,source,I
. ,O,O,I
Wiesbaden,B,other,I
", ",O,O,I
155,B,fpage,I
-,O,O,I
169,B,lpage,I
". 
",O,O,I
Trippl,B,author,B
", ",I,author,I
M,I,author,I
.; ,O,O,I
Tödtling,B,author,I
", ",I,author,I
F,I,author,I
.; ,O,O,I
Lengauer,B,author,I
", ",I,author,I
L,I,author,I
. (,O,O,I
2009,B,year,I
): ,O,O,I
Knowledge Sourcing beyond Buzz and Pipelines: Evidence from the Vienna Software Sector,B,title,I
. In: ,O,O,I
Economic Geography,B,source,I
 ,O,O,I
85,B,volume,I
", ",O,O,I
4,B,issue,I
", ",O,O,I
443,B,fpage,I
-,O,O,I
462,B,lpage,I
". 
",O,O,I
van Winden,B,author,B
", ",I,author,I
W,I,author,I
. (,O,O,I
2010,B,year,I
): ,O,O,I
Knowledge and the European City,B,title,I
. In: ,O,O,I
Tijdschrift voor economische en sociale geograﬁe,B,source,I
 ,O,O,I
101,B,volume,I
", ",O,O,I
1,B,issue,I
", ",O,O,I
100,B,fpage,I
-,O,O,I
106,B,lpage,I
". 
",O,O,I
Weidmann,B,author,B
", ",I,author,I
U,I,author,I
. (,O,O,I
1992,B,year,I
): ,O,O,I
Transporttechnik der Fussgänger. Transporttechnische Eigenschaften des Fussgängerverkehrs. Literaturauswertung,B,title,I
. ,O,O,I
Zürich,B,other,I
. = ,O,O,I
Schriftenreihe des IVT,B,source,I
 ,O,O,I
90,B,volume,I
". 
",O,O,I
Wirth,B,author,B
", ",I,author,I
M,I,author,I
. (,O,O,I
2013,B,year,I
): ,O,O,I
"Der Campus Vienna Biocenter. Entstehung, Entwicklung und Bedeutung für den Life Sciences-Standort Wien",B,title,I
. ,O,O,I
Innsbruck,B,other,I
. = ,O,O,I
Innovationsmuster in der österreichischen Wirtschaftsgeschichte,B,source,I
 ,O,O,I
8,B,volume,I
.,O,O,I
