token,tag,label,ref
Freie und Hansestadt Hamburg (FHH),B,editor,B
: ,O,O,I
"Leitbild „Metropole Hamburg - Wachsende Stadt""",B,title,I
", unveröff. Senatsdrucksache. - ",O,O,I
Hamburg,B,other,I
 2002,B,year,I
"
",O,O,I
www.ritts-lueneburg.de,B,url,B
"
",O,O,I
Schleswig-Holsteinischer Landtag,B,editor,B
: ,O,O,I
Entwurf eines Gesetzes zur Neufassung des Landesplanungsgesetzes. Gesetzentwurf der Landesregierung,B,title,I
. - ,O,O,I
Kiel,B,other,I
 ,O,O,I
2003,B,year,I
"
",O,O,I
Lübecker Nachrichten,B,source,B
 vom ,O,O,I
18.01.2003,B,volume,I
: ,O,O,I
"„Geheimtreffen der Bürgermeister - Lübeck schließt Zukunftspakt mit Hamburg""",B,title,I
"
",O,O,I
"Baumheier, Ralph",B,editor,B
; ,O,O,I
"Danielzyk, Rainer",B,editor,I
 (Hrsg.): ,O,O,I
Stadt - Staat- Region. Regionale Zusammenarbeit im Bereich der norddeutschen Stadtstaaten Bremen und Hamburg,B,title,I
. ,O,O,I
Arbeitsmaterial der ALR,B,source,I
", Bd. ",O,O,I
289,B,volume,I
. - ,O,O,I
Hannover,B,other,I
 ,O,O,I
2002,B,year,I
"; 
",O,O,I
Landesarbeitsgemeinschaft Bremen/Hamburg/Niedersachsen/Schleswig-Holstein der ARL,B,editor,B
: ,O,O,I
"Entwicklungspotenziale der nordwestdeutschen Lander, Positionspapier im Auftrag der Nds. Staatskanzlei",B,title,I
. - ,O,O,I
Hannover,B,other,I
 ,O,O,I
2002,B,year,I
"
",O,O,I
Budde,B,author,B
", ",I,author,I
Friedhelm,I,author,I
: ,O,O,I
Zusammenarbeit in der Region Hamburg,B,title,I
", ",O,O,I
RaumPlanung,B,source,I
 (,O,O,I
1995,B,year,I
) ,O,O,I
69,B,volume,I
", S. ",O,O,I
115,B,fpage,I
-,O,O,I
121,B,lpage,I
"; 
",O,O,I
Hansen,B,author,B
", ",I,author,I
Ernst,I,author,I
: ,O,O,I
Kooperation in der Metropolregion Hamburg: Das REK 2000,B,title,I
", in: ",O,O,I
"„Regionalgeschichte der Metropolregion Hamburg"", Tagungsband",B,source,I
" (im Erscheinen)
",O,O,I
Gemeinsame Landesplanung Hamburg/Niedersachsen/Schleswig-Holstein,B,editor,B
: ,O,O,I
"Regionales Entwicklungskonzept 2000, Leitbild und Handlungsrahmen",B,title,I
. - ,O,O,I
"Hamburg, Hannover, Kiel",B,other,I
 ,O,O,I
2000,B,year,I
"
",O,O,I
Steinacher,B,author,B
", ",I,author,I
Bernd,I,author,I
: ,O,O,I
Räumliche Steuerung in der Region,B,title,I
. In: ,O,O,I
"SRL Vereinigung für Stadt-, Regional- und Landesplanung e.V.",B,editor,I
 (Hrsg.): ,O,O,I
Stadt und Landschaft. Regionale Strategien,B,source,I
. - ,O,O,I
Berlin,B,other,I
 ,O,O,I
1998,B,year,I
. =,O,O,I
SRL Schriftenreihe,B,source,I
", Bd. ",O,O,I
45,B,volume,I
", S. ",O,O,I
109,B,fpage,I
-,O,O,I
116,B,lpage,I
"
",O,O,I
Priebs,B,author,B
", ",I,author,I
Axel,I,author,I
: ,O,O,I
Die Bildung der Region Hannover und ihre Bedeutung für die Zukunft stadtregionaler Organisationsstrukturen,B,title,I
. In: ,O,O,I
Die Öffentliche Verwaltung,B,source,I
 (,O,O,I
2002,B,year,I
) ,O,O,I
4,B,volume,I
", S. ",O,O,I
144,B,fpage,I
- ,O,O,I
151,B,lpage,I
"
",O,O,I
Wicket,B,author,B
 ,I,author,I
Martin,I,author,I
: ,O,O,I
Zur rechtlichen Organisation von Regionen,B,title,I
. In: ,O,O,I
Die Öffentliche Verwaltung,B,source,I
 (,O,O,I
200I,B,year,I
) ,O,O,I
20,B,volume,I
", S. ",O,O,I
837,B,fpage,I
-,O,O,I
849,B,lpage,I
"; 
",O,O,I
Danielzyk,B,author,B
", ",I,author,I
Rainer,I,author,I
: ,O,O,I
Regionale Kooperationsformen,B,title,I
. In: ,O,O,I
Informationen zur Raumentwicklung,B,source,I
 (,O,O,I
1999,B,year,I
) ,O,O,I
9/10,B,volume,I
. S. ,O,O,I
577,B,fpage,I
-,O,O,I
586,B,lpage,I
"
",O,O,I
Lenkungssauschuss/Arbeitsstab der Metropolregion Hamburg,B,editor,B
: ,O,O,I
Evaluierung der 34 Leitprojekte des Regionalen Entwicklungskonzepts,B,title,I
. - ,O,O,I
Hamburg,B,other,I
 ,O,O,I
2002,B,year,I
", S. ",O,O,I
7,B,fpage,I
"
",O,O,I
Landkreise Stade und Cuxhaven,B,editor,B
; ,O,O,I
Kreise Pinneberg,B,editor,I
", ",O,O,I
Steinburg und Dithmarschen,B,editor,I
; ,O,O,I
Freie und Hansestadt Hamburg,B,editor,I
: ,O,O,I
Maritime Landschaft Unterelbe,B,title,I
", Bd. ",O,O,I
I -3,B,volume,I
", ",O,O,I
Hamburg/Pinneberg/Stade,B,other,I
. - ,O,O,I
Hamburg,B,other,I
 ,O,O,I
2001,B,year,I
"
",O,O,I
www.umlandscout.de,B,url,B
"
",O,O,I
Senat der Freien und Hansestadt Hamburg,B,editor,B
: ,O,O,I
Entwicklungsmodell Hamburg und Umland,B,title,I
. - ,O,O,I
Hamburg,B,other,I
 ,O,O,I
1969,B,year,I
"
",O,O,I
Kreis Stormarn,B,editor,B
; ,O,O,I
Freie und Hansestadt Hamburg,B,editor,I
: ,O,O,I
Entwicklungsgutachten Stormam-Hamburg. Untersuchungsbericht,B,title,I
", ",O,O,I
Bad Oldesloe/Hamburg,B,other,I
. - ,O,O,I
Hamburg,B,other,I
 ,O,O,I
1994,B,year,I
"
",O,O,I
Bose,B,author,B
", ",I,author,I
Michael,I,author,I
: ,O,O,I
Wirkungsanalyse eines stadtregionalen Siedlungsstrukturkonzepts und Ansätze für eine Neuorientierung. Das Entwicklungsmodell für Hamburg und sein Umland,B,title,I
", ",O,O,I
Harburger Berichte zur Stadtplanung,B,source,I
", Bd. ",O,O,I
4,B,volume,I
. - ,O,O,I
Hamburg,B,other,I
 ,O,O,I
1994,B,year,I
", S. ",O,O,I
348,B,fpage,I
"
",O,O,I
Metropolregion Hamburg,B,editor,B
: ,O,O,I
10 Beispiele für kreativen und qualitätsvollen flächensparenden Wohnungs- und Eigenheimbau in der Metropolregion Hamburg,B,title,I
", gefördert von den schleswig-holsteinischen Sparkassen. - ",O,O,I
Hamburg,B,other,I
 ,O,O,I
2002,B,year,I
"
",O,O,I
Metropolregion Hamburg,B,editor,B
: ,O,O,I
Metronews,B,title,I
", Nr ",O,O,I
2,B,volume,I
. - ,O,O,I
Hamburg,B,other,I
 ,O,O,I
2002,B,year,I
", S. ",O,O,I
2,B,fpage,I
 ,O,O,I
ff,B,lpage,I
".
",O,O,I
Freie und Hansestadt Hamburg,B,editor,B
: ,O,O,I
"Leitbild „Metropole Hamburg - Wachsende Stadt""",B,title,I
", unveröff, Senatsdrucksache. - ",O,O,I
Hamburg,B,other,I
 ,O,O,I
2002,B,year,I
"
",O,O,I
Handelskammer Hamburg,B,editor,B
; ,O,O,I
Metropolregion Hamburg,B,editor,I
: ,O,O,I
... gemeinsamer Aufbruch zu neuen Ufern; das Fest der Region als Auftakt für die Regionalmarketing-Kampagne mit begleitender Ausstellung,B,title,I
. - ,O,O,I
Hamburg,B,other,I
 ,O,O,I
2002,B,year,I
"
",O,O,I
Ache,B,author,B
", ",I,author,I
Peter,I,author,I
: ,O,O,I
"Hamburg: Planning Strategies in a Corner of the „Pentagon"". Arbeitspapier für die Konferenz „What's Right About Cities and an Urban Way of Life""",B,title,I
. - ,O,O,I
"Boston, Hamburg",B,other,I
 ,O,O,I
2002,B,year,I
"
",O,O,I
"Bekanntmachung der Neufassung des Gesetzes über kommunale Zusammenarbeit (Gesetz über kommunale Zusammenarbeit - GkZ) vorn 1.4.1996, GI.-Nr.: 2020-14",B,title,B
", Fundstelle: ",O,O,I
GVOBI. SchI.- H.,B,source,I
 ,O,O,I
1996,B,year,I
", S. ",O,O,I
381,B,fpage,I
"
",O,O,I
Freie und Hansestadt Hamburg,B,editor,B
/,O,O,I
Bundeshauptstadt Berlin,B,editor,I
: ,O,O,I
"Metropolen-Kooperation Berlin-Hamburg, unveröff, Senatsdrucksache für die gemeinsame Sitzung der Senate Berlins und der Freien und Hansestadt Hamburg am 15.05.2001",B,title,I
. - ,O,O,I
"Berlin, Hamburg",B,other,I
 ,O,O,I
2001,B,year,I
"; 
",O,O,I
Heeg,B,author,B
", ",I,author,I
Susanne,I,author,I
; ,O,O,I
Klagge,B,author,I
", ",I,author,I
Britta,I,author,I
; ,O,O,I
Oßenbrügge,B,author,I
", ",I,author,I
Jürgen,I,author,I
: ,O,O,I
Kooperation zwischen Metropolregionen - Ansatzpunkte für die verstärkte Zusammenarbeit von Hamburg und Berlin auf der Basis der Erfahrungen internationaler und nationaler Städtekooperationen,B,title,I
", unveriiff. Gutachten. - ",O,O,I
Hamburg,B,other,I
"; 
",O,O,I
Knieling,B,author,B
", ",I,author,I
Jörg,I,author,I
: ,O,O,I
Kooperation zwischen benachbarten Metropolregionen. Das Beispiel der Metropolenkooperation Berlin-Hamburg,B,title,I
. In: ,O,O,I
Informationen zur Raumentwicklung,B,source,I
 (,O,O,I
2002,B,year,I
) ,O,O,I
617,B,volume,I
",S. ",O,O,I
353,B,fpage,I
-,O,O,I
365,B,lpage,I
"
",O,O,I
Freie und Hansestadt Hamburg,B,editor,B
: ,O,O,I
Metropolen-Kooperation Berlin- Hamburg,B,title,I
", ",O,O,I
Arbeitsbericht,B,source,I
 ,O,O,I
04,B,volume,I
/,O,O,I
2002,B,year,I
", unveröff. Bericht des Planungsstabs der Senatskanzlei. - ",O,O,I
Hamburg,B,other,I
 ,O,O,I
2002,B,year,I
"
",O,O,I
STRING (Southwestern Baltic Sea Transnational Area),B,editor,B
: ,O,O,I
"On the Way to a New Geography, Development Concept",B,title,I
. - ,O,O,I
"Kiel, Nykobing",B,other,I
 2001,B,year,I
"
",O,O,I
Diller,B,author,B
", ",I,author,I
Christian,I,author,I
: ,O,O,I
Zwischen Netzwerk und Institution - eine Bilanz regionaler Kooperationen in Deutschland,B,title,I
. - ,O,O,I
Opladen,B,other,I
 ,O,O,I
2002,B,year,I
"; 
",O,O,I
Diller,B,author,B
", ",I,author,I
Christian,I,author,I
 : ,O,O,I
Die Entwicklungsdynamik regionaler Kooperationen - zwischen Innovation und Effizienz,B,title,I
. In: ,O,O,I
Planungsrundschau,B,source,I
 ,O,O,I
2002,B,year,I
", Nr. ",O,O,I
05,B,volume,I
", S. ",O,O,I
161,B,fpage,I
-,O,O,I
183,B,lpage,I
"
",O,O,I
Handelskammer Hamburg,B,editor,B
: ,O,O,I
"Regionalmarketing: Strategien, Organisation, Visionen",B,title,I
. - ,O,O,I
Hamburg,B,other,I
 ,O,O,I
1999,B,year,I
"
",O,O,I
Lenkungsauschuss/Arbeitsstab 2002,B,editor,B
: ,O,O,I
Evaluierung,B,title,I
" ..., a.a.O. (",O,O,I
FN,B,source,I
 ,O,O,I
11,B,volume,I
"), S. ",O,O,I
7,B,fpage,I
"
",O,O,I
Kilper,B,author,B
", ",I,author,I
Heiderose,I,author,I
: ,O,O,I
Die Internationale Bauausstellung Emscher Park. Eine Studie zur Steuerungsproblematik komplexer Entscheidungsprozesse in einer alten Industrieregion,B,title,I
. - ,O,O,I
Opladen,B,other,I
 ,O,O,I
1999,B,year,I
", S. ",O,O,I
119,B,fpage,I
 ,O,O,I
ff,B,lpage,I
".
",O,O,I
"Baumheier, Ralph",B,editor,B
; ,O,O,I
"Danielzyk, Rainer",B,editor,I
 (Hrsg.): ,O,O,I
Stadt - Staat - Region,B,title,I
", a.a.O. (",O,O,I
FN,B,source,I
 ,O,O,I
5,B,volume,I
"), S. ",O,O,I
1,B,fpage,I
"
",O,O,I
LAG Bremen/Hamburg/Niedersachsen/Schleswig-Holstein der ARL,B,editor,B
: ,O,O,I
Entwicklungspotenziale,B,title,I
" ... , a.a.O. (",O,O,I
FN,B,source,I
 ,O,O,I
5,B,volume,I
") (vorausgegangen waren ahnliche Analysen der LAG 1983 und 1988); 
",O,O,I
Baumheier,B,author,B
", ",I,author,I
Ralph,I,author,I
; ,O,O,I
Danielzyk,B,author,I
", ",I,author,I
Rainer,I,author,I
: ,O,O,I
Stadt - Staat - Region,B,title,I
", a.a.O. (",O,O,I
FN,B,source,I
 ,O,O,I
5,B,volume,I
"), S. ",O,O,I
68,B,fpage,I
 ,O,O,I
ff,B,lpage,I
".; 
",O,O,I
Vereins- und Westbank,B,editor,B
 ((Hrsg.): ,O,O,I
"Norddeutschland - Gerüstet für die Zukunft? Analysen der Vereins- und Westbank, bearbeitet durch das Hamburger Welt-Wirtschafts-Archiv (HWWA) und die volkswirtschaftliche Abteilung der Vereins- und Westbank",B,title,I
. - ,O,O,I
Hamburg,B,other,I
 ,O,O,I
2002,B,year,I
"; 
",O,O,I
Nordl LB,B,editor,B
; ,O,O,I
Niedersächsisches Institut für Wirtschaftsforschung,B,editor,I
 (Hrsg.): ,O,O,I
"Wirtschaftsstandort Region Hannover, Regionalreport 2002",B,title,I
. - ,O,O,I
Hannover,B,other,I
 2002,B,year,I
. = ,O,O,I
Beiträge zur regionalen Entwicklung der Region Hannover,B,source,I
", Bd. ",O,O,I
98,B,volume,I
"
",O,O,I
LAG Bremen/Hamburg/Niedersachsen/Schleswig-Holstein der ARL,B,editor,B
: ,O,O,I
Entwicklungspotenziale,B,title,I
 a.a.O. (,O,O,I
FN,B,source,I
 ,O,O,I
5,B,volume,I
"), S. ",O,O,I
63,B,fpage,I
 ,O,O,I
ff,B,lpage,I
".
",O,O,I
"Bertelsmann-Kommission „Verfassungspolitik & Regierungsfähigkeit""",B,editor,B
 (Hrsg.): ,O,O,I
"Reformen durch interregionale Zusammenarbeit, Arbeitspapier",B,title,I
. - ,O,O,I
Gütersloh,B,other,I
 ,O,O,I
2002,B,year,I
"
",O,O,I
Baumheier,B,author,B
", ",I,author,I
Ralph,I,author,I
; ,O,O,I
Danielzyk,B,author,I
", ",I,author,I
Rainer,I,author,I
: ,O,O,I
Stadt - Staat -Region,B,title,I
", a.a.O. (",O,O,I
FN,B,source,I
 ,O,O,I
5,B,volume,I
"), S. ",O,O,I
68,B,fpage,I
 ,O,O,I
ff,B,lpage,I
".
",O,O,I
"Senatsverwaltung für Stadtentwicklung, Umweltschutz und Technologie Berlin",B,editor,B
: ,O,O,I
Stadt und Nachbarn - kommunale und regionale Zusammenarbeit im Spree-Havel-Raum,B,title,I
. - ,O,O,I
Berlin,B,other,I
 ,O,O,I
1996,B,year,I
