token,tag,label,ref
Europäische Kommission,B,editor,B
 (,O,O,I
2011,B,year,I
): ,O,O,I
Weißbuch zum Verkehr „Fahrplan zu einem einheitlichen europäischen Verkehrsraum – hin zu einem wettbewerbsorientierten und ressourcenschonenden Verkehrssystem”,B,title,I
", 28.03.2011, ISBN ",O,O,I
978-92-79-18269-3,B,identifier,I
"
",O,O,I
Europäische Kommission,B,editor,B
 (,O,O,I
2010,B,year,I
): ,O,O,I
„Der Hochgeschwindigkeitsverkehr in Europa – eine nachhaltige Verbindung zwischen den Bürgern“,B,title,I
", ISBN ",O,O,I
978-92-79-13619-1,B,identifier,I
"
",O,O,I
European Commission,B,editor,B
 (,O,O,I
2011,B,year,I
): ,O,O,I
Proposal for a Regulation of the European Parliament and of the Council on Union guidelines for the development of the trans-European transport network,B,title,I
", ",O,O,I
COM,B,source,I
 (,O,O,I
2011,B,year,I
) ,O,O,I
650,B,volume,I
/,O,O,I
2,B,issue,I
", 19.10.2011
",O,O,I
European Commission,B,editor,B
 (,O,O,I
2011,B,year,I
): ,O,O,I
Proposal for a Regulation of the European Parliament and of the Council establishing the Connecting Europe Facility,B,title,I
", ",O,O,I
COM,B,source,I
(,O,O,I
2011,B,year,I
) ,O,O,I
665,B,volume,I
", European Commission, 19.10.2011",O,O,I
