token,tag,label,ref
Bruckbauer,B,author,B
", ",I,author,I
St,I,author,I
. (,O,O,I
2004,B,year,I
"), ",O,O,I
„12+8=20 – The Euro in Eastern Europe“,B,title,I
", ",O,O,I
BA-CA Xplicit,B,source,I
", ",O,O,I
Vienna,B,other,I
"
",O,O,I
Campos,B,author,B
", ",I,author,I
N. F.,I,author,I
 and ,O,O,I
F,B,author,I
. ,I,author,I
Coricelli,I,author,I
 (,O,O,I
2002,B,year,I
"), ",O,O,I
"„Growth in Transition: What we Know, What we Dont´t, and What we Should“",B,title,I
"
",O,O,I
EU-Kommission,B,editor,B
 (,O,O,I
2001,B,year,I
"), ",O,O,I
„The Economic Impact of Enlargement“,B,title,I
", ",O,O,I
Enlargement Papers,B,source,I
", Heft ",O,O,I
4,B,issue,I
/,O,O,I
2001,B,year,I
", ",O,O,I
Bruxelles,B,other,I
