token,tag,label,ref
Augé,B,author,B
", ",I,author,I
Marc,I,author,I
: ,O,O,I
Ein Ethnologe in der Metro,B,title,I
. ,O,O,I
Frankfurt a. Main u. New York,B,other,I
 ,O,O,I
1988,B,year,I
"
",O,O,I
Bosmans,B,author,B
", ",I,author,I
Bart,I,author,I
 und ,O,O,I
Thiel,B,author,I
", ",I,author,I
Axel,I,author,I
: ,O,O,I
Guide to Graffiti-Research,B,title,I
. ,O,O,I
Gent,B,other,I
 ,O,O,I
1995,B,year,I
"
",O,O,I
Götsch,B,author,B
", ",I,author,I
Silke,I,author,I
: ,O,O,I
Archivalische Quellen und die Möglichkeiten ihrer Auswertung,B,title,I
. In: ,O,O,I
"Götsch, Silke",B,editor,I
 und ,O,O,I
Albrecht Lehmann,B,editor,I
 (Hgg.): ,O,O,I
Methoden der Volkskunde,B,source,I
. ,O,O,I
Berlin,B,other,I
 ,O,O,I
2001,B,year,I
. S. ,O,O,I
15,B,fpage,I
–,O,O,I
32,B,lpage,I
"
",O,O,I
Kreuzer,B,author,B
", ",I,author,I
Peter,I,author,I
: ,O,O,I
Die Wand als Medium oder Der Code der Zeit an den Wänden der Stadt,B,title,I
. In: ,O,O,I
Medien + Erziehung,B,source,I
", Nr. ",O,O,I
3,B,volume,I
", ",O,O,I
1990,B,year,I
. ,O,O,I
München,B,other,I
 ,O,O,I
1990,B,year,I
", S. ",O,O,I
141,B,fpage,I
–,O,O,I
154,B,lpage,I
"
",O,O,I
Müller,B,author,B
", ",I,author,I
Kai,I,author,I
: ,O,O,I
Zur Bedeutung jugendkulturellen Handelns am Beispiel der Graffitiproduktion Jugendlicher,B,title,I
. ,O,O,I
1995,B,year,I
. In: ,O,O,I
http://www.sozialarbeit.de/download/graffiti/intro.htm,B,url,I
"
",O,O,I
"Müller, Siegfried",B,editor,B
 (Hg.): ,O,O,I
Graffiti. Tätowierte Wände,B,title,I
. ,O,O,I
Bielefeld,B,other,I
 ,O,O,I
1985,B,year,I
"
",O,O,I
Neumann,B,author,B
", ",I,author,I
Renate,I,author,I
: ,O,O,I
"Das wilde Schreiben. Graffiti, Sprüche und Zeichen am Rand der Straßen",B,title,I
. ,O,O,I
Essen,B,other,I
 ,O,O,I
1986,B,year,I
" (Zugleich Dissertation, Düsseldorf 1985)
",O,O,I
Northoff,B,author,B
", ",I,author,I
Thomas,I,author,I
: ,O,O,I
StadtLeseBruch. Die Sprache an den Wänden,B,title,I
. ,O,O,I
Wien,B,other,I
 ,O,O,I
1993,B,year,I
"
",O,O,I
Northoff,B,author,B
", ",I,author,I
Thomas,I,author,I
: ,O,O,I
Streng geheime Botschaften an alle!,B,title,I
 In: ,O,O,I
"Bernard, Jeff",B,editor,I
 und ,O,O,I
Gloria Widhalm,B,editor,I
 (Hgg.) (= ,O,O,I
Österr. Gesellschaft für Semiotik,B,editor,I
): ,O,O,I
Semiotische Berichte,B,source,I
. Heft ,O,O,I
"2,3,4",B,issue,I
/,O,O,I
1996,B,year,I
. ,O,O,I
Wien,B,other,I
 ,O,O,I
1996,B,year,I
. S. ,O,O,I
251,B,fpage,I
–,O,O,I
282 ,B,lpage,I
"
",O,O,I
Northoff,B,author,B
", ",I,author,I
Thomas,I,author,I
: ,O,O,I
Schöpfwerk als Text an der Wand,B,title,I
. In: ,O,O,I
Heidi Dumreicher,B,editor,I
 (Hsg.): ,O,O,I
oikodrom. Stadtplaene,B,source,I
. Nr.,O,O,I
18,B,volume,I
. Heft ,O,O,I
1,B,issue,I
/,O,O,I
1999,B,year,I
. ,O,O,I
Wien,B,other,I
 ,O,O,I
1999,B,year,I
. S.,O,O,I
19,B,fpage,I
–,O,O,I
26,B,lpage,I
"
",O,O,I
Northoff,B,author,B
", ",I,author,I
Thomas,I,author,I
: ,O,O,I
"Protest-Graffiti, eine Kulturkonstante",B,title,I
. In: ,O,O,I
dérive – Zeitschrift für Stadtforschung,B,source,I
. Heft ,O,O,I
8,B,issue,I
/,O,O,I
2002,B,year,I
. ,O,O,I
Wien,B,other,I
 ,O,O,I
2002,B,year,I
", S. ",O,O,I
23,B,fpage,I
–,O,O,I
25,B,lpage,I
