token,tag,label,ref
"Armstrong, H.W.",B,editor,B
 and ,O,O,I
"Vickerman, R.W.",B,editor,I
 eds. (,O,O,I
1995,B,year,I
): ,O,O,I
Convergence and Divergence Among European Regions,B,title,I
. ,O,O,I
European Research in Regional Science,B,source,I
 ,O,O,I
5,B,volume,I
. ,O,O,I
"London, Pion",B,other,I
".
",O,O,I
CERTE and TecnEcon,B,editor,B
 (,O,O,I
1994,B,year,I
): ,O,O,I
The Future Evolution of the Transport Sector: Implications for Regional and Transport Planning,B,title,I
. ,O,O,I
Final Report to European Commission,B,source,I
", ",O,O,I
DG,B,other,I
 ,O,O,I
XVI,B,volume,I
".
",O,O,I
Keeble,B,author,B
", ",I,author,I
D,I,author,I
"., ",O,O,I
Owens,B,author,I
", ",I,author,I
P.L.,I,author,I
", ",O,O,I
Thompson,B,author,I
", ",I,author,I
C,I,author,I
. (,O,O,I
1982,B,year,I
): ,O,O,I
Regional accessibility and economic potential in the European Community,B,title,I
. ,O,O,I
Regional Studies,B,source,I
", ",O,O,I
16,B,volume,I
", ",O,O,I
419,B,fpage,I
-,O,O,I
432,B,lpage,I
".
",O,O,I
Keeble,B,author,B
", ",I,author,I
D,I,author,I
"., ",O,O,I
Offord,B,author,I
", ",I,author,I
J,I,author,I
"., ",O,O,I
Walker,B,author,I
", ",I,author,I
S,I,author,I
. (,O,O,I
1988,B,year,I
): ,O,O,I
Peripheral Regions in a Community of Twelve Member States,B,title,I
. ,O,O,I
Office for Official Publications of the European Community,B,publisher,I
", ",O,O,I
Luxembourg,B,other,I
".
",O,O,I
Mackie,B,author,B
", ",I,author,I
P,I,author,I
"., ",O,O,I
Preston,B,author,I
", ",I,author,I
J,I,author,I
. and ,O,O,I
Nash,B,author,I
", ",I,author,I
C,I,author,I
. (,O,O,I
1995,B,year,I
): ,O,O,I
Bus deregulation: ten years on,B,title,I
. ,O,O,I
Transport Reviews,B,source,I
 ,O,O,I
15,B,volume,I
", S ",O,O,I
229,B,fpage,I
-,O,O,I
251,B,lpage,I
.,O,O,I
