token,tag,label,ref
BEAUFTRAGTE DER BUNDESREGIERUNG FÜR AUSLÄNDERFRAGEN,B,editor,B
 (HG.) (,O,O,I
2002,B,year,I
): ,O,O,I
Bericht der Beauftragten der Bundesregierung für Ausländerfragen über die Lage der Ausländer in der Bundesrepublik Deutschland,B,title,I
. – ,O,O,I
Bonn,B,other,I
".
",O,O,I
DIEHL,B,author,B
", ",I,author,I
C,I,author,I
. (,O,O,I
2002,B,year,I
): ,O,O,I
Die Auswirkungen längerer Herkunftslandaufenthalte auf den Schulerfolg,B,title,I
. – In: ,O,O,I
Zeitschrift für Bevölkerungswissenschaft,B,source,I
", ",O,O,I
27,B,volume,I
". Jg., H. ",O,O,I
2,B,issue,I
" (im Druck).
",O,O,I
DIEHL,B,author,B
", ",I,author,I
C,I,author,I
. & ,O,O,I
HAUG,B,author,I
", ",I,author,I
S,I,author,I
. (,O,O,I
2003,B,year,I
): ,O,O,I
Assessing migration and integration in a hesitant immigration country: data sources and data problems in Germany,B,title,I
. – In: ,O,O,I
Studi Emigrazione,B,editor,I
: ,O,O,I
Integration of Migrants in Europe: statistical approach in old and new receiving countries,B,source,I
". (in Vorbereitung).
",O,O,I
GRANATO,B,author,B
", ",I,author,I
N,I,author,I
. & ,O,O,I
KALTER,B,author,I
", ",I,author,I
F,I,author,I
. (,O,O,I
2001,B,year,I
): ,O,O,I
Die Persistenz ethnischer Ungleichheit auf dem deutschen Arbeitsmarkt: Diskriminierung oder Unterinvestition in Humankapital?,B,title,I
 – In: ,O,O,I
Kölner Zeitschrift für Soziologie und Sozialpsychologie,B,source,I
", ",O,O,I
53,B,volume,I
". Jg., H. ",O,O,I
3,B,issue,I
:,O,O,I
497,B,fpage,I
–,O,O,I
520,B,lpage,I
".
",O,O,I
HAUG,B,author,B
", ",I,author,I
S,I,author,I
. (,O,O,I
2002,B,year,I
): ,O,O,I
"Familienstand, Schulbildung und Erwerbstätigkeit junger Erwachsener. Eine Analyse der ethnischen und geschlechtsspezifischen Ungleichheiten – Erste Ergebnisse des Integrationssurveys des BiB",B,title,I
.– In: ,O,O,I
Zeitschrift für Bevölkerungswissenschaft,B,source,I
", ",O,O,I
27,B,volume,I
". Jg., H. ",O,O,I
1,B,issue,I
:,O,O,I
115,B,fpage,I
–,O,O,I
144,B,lpage,I
".
",O,O,I
HÖHN,B,author,B
", ",I,author,I
A,I,author,I
"., ",O,O,I
OTT,B,author,I
", ",I,author,I
TH,I,author,I
. & ,O,O,I
SWIACZNY,B,author,I
", ",I,author,I
F,I,author,I
. (,O,O,I
2002,B,year,I
): ,O,O,I
Papier oder Online. Zum Einsatz internetbasierter Befragungen in empirischen Forschungs- und Umfrageprojekten,B,title,I
.- In: ,O,O,I
STANDORT,B,source,I
", ",O,O,I
26,B,volume,I
". Jg., H. ",O,O,I
2,B,issue,I
:,O,O,I
63,B,fpage,I
–,O,O,I
69,B,lpage,I
".
",O,O,I
MAMMEY,B,author,B
", ",I,author,I
U,I,author,I
. & ,O,O,I
SATTIG,B,author,I
", ",I,author,I
J,I,author,I
. (,O,O,I
2002,B,year,I
): ,O,O,I
Determinanten und Indikatoren der Integration und Segregation der ausländischen Bevölkerung (Integrationssurvey). Projekt- und Materialdokumentation,B,title,I
. – ,O,O,I
BiB Materialen zur Bevölkerungswissenschaft,B,source,I
", H. ",O,O,I
105,B,issue,I
", ",O,O,I
Wiesbaden,B,other,I
".
",O,O,I
ROLOFF,B,author,B
", ",I,author,I
J,I,author,I
. & ,O,O,I
SCHWARZ,B,author,I
", ",I,author,I
K,I,author,I
. (,O,O,I
2002,B,year,I
): ,O,O,I
Bericht 2001 über die demographische Lage in Deutschland mit dem Teil B: Sozio-ökonomische Strukturen der ausländischen Bevölkerung,B,title,I
. – In: ,O,O,I
Zeitschrift für Bevölkerungswissenschaft,B,source,I
", ",O,O,I
27,B,volume,I
". Jg., H. ",O,O,I
1,B,issue,I
:,O,O,I
3,B,fpage,I
–,O,O,I
68,B,lpage,I
".
",O,O,I
SCHNELL,B,author,B
", ",I,author,I
R,I,author,I
"., ",O,O,I
PAUL,B,author,I
 ,I,author,I
H,I,author,I
. & ,O,O,I
ESSER,B,author,I
", ",I,author,I
H,I,author,I
. (,O,O,I
1999,B,year,I
): ,O,O,I
Methoden der empirischen Sozialforschung,B,title,I
". – 6. Aufl., ",O,O,I
München,B,other,I
".
",O,O,I
STATISTISCHES BUNDESAMT,B,editor,B
 (,O,O,I
2000,B,year,I
a): ,O,O,I
Fachserie 1: Bevölkerung und Erwerbstätigkeit,B,source,I
", ",O,O,I
Reihe 1: Gebiet und Bevölkerung,B,title,I
. – ,O,O,I
Wiesbaden,B,other,I
".
",O,O,I
STATISTISCHES BUNDESAMT,B,editor,B
 (,O,O,I
2000,B,year,I
b): ,O,O,I
Fachserie 1: Bevölkerung und Erwerbstätigkeit,B,source,I
", ",O,O,I
Reihe 2: Ausländische Bevölkerung sowie Einbürgerungen,B,title,I
. – ,O,O,I
Wiesbaden,B,other,I
".
",O,O,I
STATISTISCHES BUNDESAMT,B,editor,B
 (,O,O,I
2000,B,year,I
c): ,O,O,I
Fachserie 1: Bevölkerung und Erwerbstätigkeit,B,source,I
", ",O,O,I
Reihe 3: Haushalte und Familien,B,title,I
. – ,O,O,I
Wiesbaden,B,other,I
". 
",O,O,I
STATISTISCHES BUNDESAMT,B,editor,B
 (,O,O,I
2000,B,year,I
d): ,O,O,I
Fachserie 11: Bildung und Kultur,B,title,I
", verschiedene Reihen.
",O,O,I
STATISTISCHES BUNDESAMT,B,editor,B
 (,O,O,I
2001,B,year,I
): ,O,O,I
Im Blickpunkt: Ausländische Bevölkerung in Deutschland,B,title,I
. – ,O,O,I
Wiesbaden,B,other,I
".
",O,O,I
STATISTISCHES BUNDESAMT,B,editor,B
 (,O,O,I
2002,B,year,I
): ,O,O,I
Statistisches Jahrbuch für die Bundesrepublik Deutschland,B,title,I
. – ,O,O,I
Wiesbaden,B,other,I
".
",O,O,I
VENEMA,B,author,B
", ",I,author,I
M,I,author,I
. & ,O,O,I
GRIMM,B,author,I
", ",I,author,I
C,I,author,I
. (,O,O,I
2001,B,year,I
): ,O,O,I
Bundesrepublik Deutschland. Repräsentativuntersuchung 2001,B,source,I
. ,O,O,I
"Teil A: Türkische, ehemalige jugoslawische, italienische sowie griechische Arbeitnehmer und ihre Familienangehörigen in den alten Bundesländern und im ehemaligen West-Berlin",B,title,I
. – ,O,O,I
Berlin,B,other,I
".
",O,O,I
Bundesinstitut für Bevölkerungsforschung in Wiesbaden,B,editor,B
: ,O,O,I
http://www.bib-demographie.de/,B,url,I
"
",O,O,I
Beauftragte der Bundesregierung für Ausländerfragen,B,editor,B
: ,O,O,I
http://www.integrationsbeauftragte.de/,B,url,I
"
",O,O,I
Bundesamt für Migration und Flüchtlinge in Nürnberg (BAMF),B,editor,B
: ,O,O,I
http://www.bafl.de/bafl/,B,url,I
"
",O,O,I
Bundesanstalt für Arbeit,B,editor,B
: ,O,O,I
http://www.arbeitsamt.de/hst/services/statistik/detail/index.html,B,url,I
"
",O,O,I
Deutsches Institut für Wirtschaftsforschung in Berlin (DIW),B,editor,B
: ,O,O,I
http://www.diw.de/english/sop/,B,url,I
"
",O,O,I
Marplan Ausländer-Mehrthemenbefragung,B,editor,B
: ,O,O,I
http://www.marplan.de/deutsch/auslaender.asp,B,url,I
"
",O,O,I
Statistisches Bundesamt in Wiesbaden,B,editor,B
: ,O,O,I
http://www.destatis.de,B,url,I
