token,tag,label,ref
HARD,B,author,B
", ",I,author,I
G,I,author,I
. & ,O,O,I
WENZEL,B,author,I
", ",I,author,I
H.J.,I,author,I
 (,O,O,I
1979,B,year,I
): ,O,O,I
Wer denkt eigentlich schlecht von der Geographie?,B,title,I
 – In: ,O,O,I
Geographische Rundschau,B,source,I
", H. ",O,O,I
6,B,issue,I
", ",O,O,I
262,B,fpage,I
–,O,O,I
268,B,lpage,I
", ",O,O,I
Braunschweig,B,other,I
". 
",O,O,I
HEINRITZ,B,author,B
", ",I,author,I
G,I,author,I
. & ,O,O,I
WIESSNER,B,author,I
", ",I,author,I
R,I,author,I
. (,O,O,I
1997,B,year,I
): ,O,O,I
Studienführer Geographie,B,title,I
", ",O,O,I
Braunschweig,B,other,I
". 
",O,O,I
KLECKER,B,author,B
", ",I,author,I
P,I,author,I
. (,O,O,I
1995,B,year,I
): ,O,O,I
"Der Arbeitsmarkt für Geographen 1994, Teil I: Ende des Booms?",B,title,I
 – In: ,O,O,I
STANDORT – Zeitschrift für Angewandte Geographie,B,source,I
", H. ",O,O,I
4,B,issue,I
", ",O,O,I
36,B,fpage,I
–,O,O,I
38,B,lpage,I
", ",O,O,I
Berlin u.a. ,B,other,I
"
",O,O,I
MONHEIM,B,author,B
", ",I,author,I
H,I,author,I
"., ",O,O,I
SCHWARTE,B,author,I
", ",I,author,I
M,I,author,I
. & ,O,O,I
WINKELKÖTTER,B,author,I
", ",I,author,I
C,I,author,I
. (,O,O,I
1999,B,year,I
): ,O,O,I
Die deutsche Geographie dreißig Jahre nach Kiel,B,title,I
. – In: ,O,O,I
STANDORT – Zeitschrift für Angewandte Geographie,B,source,I
", H. ",O,O,I
3,B,issue,I
", ",O,O,I
46,B,fpage,I
–,O,O,I
49,B,lpage,I
", ",O,O,I
Berlin u.a. ,B,other,I
"
",O,O,I
WANNER,B,author,B
", ",I,author,I
H,I,author,I
. & ,O,O,I
CASPAR,B,author,I
", ",I,author,I
R,I,author,I
. (,O,O,I
1984,B,year,I
): ,O,O,I
Der Entscheid zum Geographiestudium. Eine Befragung von erstsemestrigen Geographiestudierenden,B,title,I
", ",O,O,I
Zürich,B,other,I
". 
",O,O,I
ZIMBARDO,B,author,B
", ",I,author,I
P.G.,I,author,I
 (,O,O,I
1995,B,year,I
): ,O,O,I
Psychologie,B,title,I
", ",O,O,I
 Berlin u.a.,B,other,I
