token,tag,label,ref
BRENDLE,B,author,B
", ",I,author,I
K,I,author,I
. & ,O,O,I
CHRISTENSEN,B,author,I
", ",I,author,I
M,I,author,I
. (,O,O,I
1995,B,year,I
): ,O,O,I
Haus-Typologie und Stadtbild-Planung in Schwerin - Baugeschichte und Stadterleben als Grundlage städtebaulichen Entwerfens,B,title,I
. - ,O,O,I
Kulturlandschaft - Zeitschrift für angewandte historische Geographie,B,source,I
", Jahrgang ",O,O,I
5,B,volume,I
", Heft ",O,O,I
2,B,issue,I
: ,O,O,I
65,B,fpage,I
 ,O,O,I
ff,B,lpage,I
".
",O,O,I
BRENDLE,B,author,B
", ",I,author,I
K,I,author,I
. (,O,O,I
1990,B,year,I
): ,O,O,I
Stadtgestaltung - Einführung - Inhalte-Beispiele,B,title,I
. - In: ,O,O,I
STÄDTEBAULICHES INSTITUT UNIVERSITÄT STUTTGART,B,editor,I
 (Hg.): ,O,O,I
Einführung Städtebau. - Arbeitsmaterialien,B,title,I
", 3. Aufl., S. ",O,O,I
165,B,fpage,I
 ,O,O,I
ff,B,lpage,I
"., ",O,O,I
Stuttgart,B,other,I
".
",O,O,I
CANIGGIA,B,author,B
", ",I,author,I
G,I,author,I
. (,O,O,I
1986,B,year,I
): ,O,O,I
Der typologische Prozeß in Forschung und Entwurf,B,title,I
 - ,O,O,I
arch+,B,source,I
", Nr. ",O,O,I
85,B,volume,I
: ,O,O,I
43,B,fpage,I
 ,O,O,I
ff,B,lpage,I
".
",O,O,I
HOFFMANN-AXTHELM,B,author,B
", ",I,author,I
D,I,author,I
. (,O,O,I
1993,B,year,I
): ,O,O,I
Die dritte Stadt - Baustein eines neuen Gründungsvertrages,B,title,I
. - ,O,O,I
Frankfurt am Main,B,other,I
".
",O,O,I
KRÖBER,B,author,B
", ",I,author,I
G,I,author,I
. (,O,O,I
1980,B,year,I
): ,O,O,I
Das städtebauliche Leitbild zur Umgestaltung unserer Städte,B,title,I
. - ,O,O,I
Berlin,B,other,I
".
",O,O,I
LYNCH,B,author,B
", ",I,author,I
K,I,author,I
. (,O,O,I
1968,B,year,I
): ,O,O,I
Das Bild der Stadt,B,title,I
. - ,O,O,I
"Gütersloh, Berlin, München",B,other,I
".
",O,O,I
PANERAI,B,author,B
", ",I,author,I
P,I,author,I
. (,O,O,I
1980,B,year,I
): ,O,O,I
Typologien,B,title,I
. - ,O,O,I
arch.+,B,source,I
", Nr. ",O,O,I
50,B,volume,I
: ,O,O,I
7,B,fpage,I
 ,O,O,I
ff,B,lpage,I
".
",O,O,I
ROSSI,B,author,B
", ",I,author,I
A,I,author,I
. (,O,O,I
1973,B,year,I
): ,O,O,I
Die Architektur der Stadt - Skizze zu einer grundlegenden Theorie des Urbanen,B,title,I
. - ,O,O,I
Düsseldorf,B,other,I
".
",O,O,I
TRIEB,B,author,B
", ",I,author,I
M,I,author,I
. (,O,O,I
1974,B,year,I
): ,O,O,I
Stadtgestaltung - Theorie und Praxis,B,title,I
. - ,O,O,I
Düsseldorf,B,other,I
.,O,O,I
