token,tag,label,ref
ERFURTH,B,author,B
", ",I,author,I
R,I,author,I
. (,O,O,I
2002,B,year,I
): ,O,O,I
Brachen - integrierter Teil des Stadtumbaus,B,title,I
. In: ,O,O,I
MEGACONCEPT MESSE GMBH,B,editor,I
 (Hrsg.): ,O,O,I
Immospezial. Fachkongress für Stadtentwicklung und Facility Management,B,source,I
", ",O,O,I
Chemnitz,B,other,I
".
",O,O,I
ESTERMANN,B,author,B
", ",I,author,I
H,I,author,I
. (,O,O,I
1983,B,year,I
): ,O,O,I
Industriebrachen im Ruhrgebiet und der Grundstücksfond Ruhr,B,title,I
. ,O,O,I
"Universität Dortmund, Institut für Raumplanung",B,editor,I
", ",O,O,I
Dortmund,B,other,I
".
",O,O,I
DIETERICH,B,author,B
", ",I,author,I
H,I,author,I
. (,O,O,I
1985,B,year,I
): ,O,O,I
Umwidmung brachliegender Gewerbe- und Verkehrsflächen,B,title,I
. In: ,O,O,I
BUNDESMINISTERIUM FÜR RAUMORDNUNG UND BAUWESEN UND STÄDTEBAU,B,editor,I
 (Hrsg.): ,O,O,I
Städtebauliche Forschung,B,source,I
", Schriftenreihe ",O,O,I
03,B,volume,I
", Heft ",O,O,I
03.112,B,issue,I
", ",O,O,I
Bonn,B,other,I
".
",O,O,I
DIFU – DEUTSCHES INSTITUT FÜR URBANISTIK,B,editor,B
 (,O,O,I
2001,B,year,I
) (Hrsg.): ,O,O,I
Flächenrecycling als kommunale Aufgabe,B,title,I
. ,O,O,I
Berlin,B,other,I
".
",O,O,I
KÖTTER,B,author,B
", ",I,author,I
Th,I,author,I
. (,O,O,I
1998,B,year,I
): ,O,O,I
"Industrie- und Brachflächenaktivierung, Chance für die Stadtentwicklung",B,title,I
. In: ,O,O,I
BAUGRUND,B,editor,I
 (Hrsg.): ,O,O,I
StädtebauAktuell,B,source,I
. ,O,O,I
Mainz,B,other,I
".
",O,O,I
STAHL,B,author,B
", ",I,author,I
V,I,author,I
. (,O,O,I
2000,B,year,I
): ,O,O,I
Revitalisierung von Brachflächen,B,title,I
; in ,O,O,I
IREGIA e.V.,B,editor,I
: ,O,O,I
unveröff. Heftenreihe,B,other,I
", ",O,O,I
Chemnitz,B,other,I
".
",O,O,I
STAHL,B,author,B
", ",I,author,I
V,I,author,I
.; ,O,O,I
OLSCHEWSKI,B,author,I
", ",I,author,I
T,I,author,I
. (,O,O,I
2002,B,year,I
): ,O,O,I
Leitfaden zur Revitalisierung und Entwicklung von Industriebrachen,B,title,I
. In: ,O,O,I
IREGIA e.V.,B,editor,I
 (Hrsg.): ,O,O,I
"Stadtumbau und Revitalisierung. Tagungsband zur Fachtagung am 28./29. Mai 2002. Wissenschaftliche Schriftenreihe des Institutes für Betriebswissenschaften und Fabriksysteme, Sonderheft",B,source,I
 ,O,O,I
6,B,volume,I
".
",O,O,I
STAHL,B,author,B
", ",I,author,I
V,I,author,I
.; ,O,O,I
OLSCHEWSKI,B,author,I
", ",I,author,I
T,I,author,I
", ",O,O,I
WIRTH,B,author,I
", ",I,author,I
SIEGFRIED,I,author,I
 (,O,O,I
2003,B,year,I
): ,O,O,I
Leitfaden zur Revitalisierung von Industriebrachen,B,title,I
. ,O,O,I
Chemnitz,B,other,I
".
",O,O,I
WIRTH,B,author,B
", ",I,author,I
S,I,author,I
. (,O,O,I
2002,B,year,I
): ,O,O,I
Die Fabrik von heute – die Brache von morgen?,B,title,I
 In: ,O,O,I
IREGIA e.V.,B,editor,I
 (Hrsg.): ,O,O,I
"Stadtumbau und Revitalisierung. Tagungsband zur Fachtagung am 28./29. Mai 2002. Wissenschaftliche Schriftenreihe des Institutes für Betriebswissenschaften und Fabriksysteme, Sonderheft",B,source,I
 ,O,O,I
6,B,volume,I
", ",O,O,I
Chemnitz,B,other,I
.,O,O,I
