token,tag,label,ref
BAKS,B,author,B
", ",I,author,I
R,I,author,I
. (,O,O,I
1994,B,year,I
): ,O,O,I
The Follow-up to the Earth Summit,B,title,I
. - In: ,O,O,I
NORTH ATLANTIC ASSEMBLY,B,editor,I
 (Hg.): ,O,O,I
Reports of the Scientific and Technical Comitee of the NorthAtlanticAssembly,B,source,I
", ",O,O,I
Brüssel,B,other,I
".
",O,O,I
BELLE,B,author,B
", ",I,author,I
M,I,author,I
. (,O,O,I
1995,B,year,I
): ,O,O,I
"Gremien, Gelder und ihre Grenzen - Münsters kommunale Entwicklungspolitik",B,title,I
. - In: ,O,O,I
GERMANWATCH - REGIONALGRUPPE MÜNSTER,B,editor,I
 (Hg.): ,O,O,I
Zukunftsfähiges Münster? Nord-Süd-Beziehungen auf dem Prüfstand. - Umwelt & Entwicklung,B,source,I
", ",O,O,I
2,B,volume,I
", S. ",O,O,I
9,B,fpage,I
-,O,O,I
26,B,lpage,I
", ",O,O,I
Münster,B,other,I
".
",O,O,I
"BUNDESMINISTERIUM FÜR UMWELT, NATURSCHUTZ UND REAKTORSICHERHEIT",B,editor,B
 (Hg.) (,O,O,I
ohne Jahr,B,other,I
): ,O,O,I
Konferenz der Vereinten Nationen für Umwelt und Entwicklung im Juni 1992 in Rio de Janeiro - Dokumente - Agenda 21,B,title,I
. - ,O,O,I
Bonn,B,other,I
".
",O,O,I
"BUNDESMINISTERIUM FÜR UMWELT, NATURSCHUTZ UND REAKTORSICHERHEIT",B,editor,B
 (,O,O,I
1996,B,year,I
): ,O,O,I
Umweltbewußtsein in Deutschland - Ergebnisse einer repräsentativen Bevölkerungsumfrage 1996,B,title,I
. - ,O,O,I
Information des Bundesumweltministeriums,B,source,I
", ",O,O,I
Berlin,B,other,I
".
",O,O,I
DEUTSCHER STÄDTETAG,B,editor,B
 (Hg.) (,O,O,I
1995,B,year,I
): ,O,O,I
"Städte für eine umweltgerechte Entwicklung, Materialien für eine “LokaleAgenda 21”",B,title,I
. - ,O,O,I
DST- Beiträge  zur Stadtentwicklung und zum Umweltschutz,B,source,I
", ",O,O,I
Reihe E,B,volume,I
", H. ",O,O,I
24,B,issue,I
", ",O,O,I
Köln,B,other,I
".
",O,O,I
GERMANWATCH,B,editor,B
 (,O,O,I
1995,B,year,I
): ,O,O,I
Materialiensammlung zum Thema: Umsetzung der AGENDA 21 auf kommunaler Ebene,B,title,I
. - ,O,O,I
Arbeitspapier,B,source,I
 Nr. ,O,O,I
7,B,volume,I
", ",O,O,I
Bonn,B,other,I
".
",O,O,I
GERMANWATCH,B,editor,B
 (,O,O,I
1996,B,year,I
): ,O,O,I
Wege zur Lokalen Agenda 21: Möglichkeiten zum Engagement der Sparkassen,B,title,I
. - ,O,O,I
Arbeitspapier,B,source,I
 Nr. ,O,O,I
10,B,volume,I
", ",O,O,I
Bonn,B,other,I
".
",O,O,I
ICLEI,B,editor,B
 (Hg.) (,O,O,I
1994,B,year,I
): ,O,O,I
"Towards Sustainable Cities & Towns, Report of the first European Conference on Sustainable Cities & Towns, Aalborg",B,title,I
. - ,O,O,I
Freiburg,B,other,I
".
",O,O,I
ICLEI,B,editor,B
 (Hg.) (,O,O,I
1995,B,year,I
): ,O,O,I
European Local Agenda 21 Planning Guide - how to engage in long-term environmental action planning towards sustainability,B,title,I
. - ,O,O,I
Freiburg,B,other,I
".
",O,O,I
ICLEI,B,editor,B
 (,O,O,I
1996,B,year,I
): ,O,O,I
Biennial Report May 1993 - July 1995,B,title,I
. - ,O,O,I
Toronto,B,other,I
".
",O,O,I
KOORDINIERUNGSSTELLE LOKALE AGENDA 21 IN MÜNSTER,B,editor,B
 (,O,O,I
1996,B,year,I
): ,O,O,I
Übersicht über entwicklungspolitische Aktivitäten in Münster,B,title,I
. - ,O,O,I
Münster,B,other,I
".
",O,O,I
LANDESHAUPTSTADT MÜNCHEN,B,editor,B
 (,O,O,I
1996,B,year,I
): ,O,O,I
Zwischenbericht zur Erarbeitung der Lokalen Agenda 21 im Auftrag des Stadtrates vom 29.05.1995 (Beschluß des Umweltschutzausschusses vom 17. Juli 1996),B,title,I
. - ,O,O,I
München,B,other,I
".
",O,O,I
MENSING,B,author,B
", ",I,author,I
K,I,author,I
. &  ,O,O,I
ROHR,B,author,I
", ",I,author,I
G. von,I,author,I
 (,O,O,I
1994,B,year,I
): ,O,O,I
Revitalisierung der Innenstädte durch Interkommunale Kooperation,B,title,I
. - ,O,O,I
DSSW-Schriften,B,source,I
 ,O,O,I
13,B,volume,I
", ",O,O,I
Bonn,B,other,I
".
",O,O,I
MOSER,B,author,B
", ",I,author,I
P,I,author,I
. (,O,O,I
1995,B,year,I
): ,O,O,I
Kommunale Handlungsfelder für Nachhaltiges Wirtschaften,B,title,I
. -  In: ,O,O,I
"MAYER, J.",B,editor,I
 (Hg.): ,O,O,I
"Initiativen für eine nachhaltigere Entwicklung in Niedersachsen, die Agenda 21 auf lokaler und regionaler Ebene. - Loccumer Protokolle",B,source,I
 ,O,O,I
55,B,volume,I
/,O,O,I
1995,B,year,I
",  S. ",O,O,I
269,B,fpage,I
-,O,O,I
281,B,lpage,I
", ",O,O,I
Loccum,B,other,I
".
",O,O,I
NUSCHELER,B,author,B
", ",I,author,I
F,I,author,I
. (,O,O,I
1994,B,year,I
): ,O,O,I
Sichtweisen kommunaler Entwicklungspolitik,B,title,I
.- In: ,O,O,I
DIfU,B,editor,I
 (Hg.): ,O,O,I
"Sichtwechsel, Kommunen zwischen lokalen Anforderungen und weltweiten Problemen. - Materialien",B,source,I
 ,O,O,I
7,B,volume,I
/,O,O,I
95,B,year,I
", S. ",O,O,I
47,B,fpage,I
-,O,O,I
52,B,lpage,I
", ",O,O,I
Berlin,B,other,I
".
",O,O,I
PROJEKTGRUPPE ZUKUNFTSFÄHIGES MÜNSTER,B,editor,B
 (,O,O,I
1996,B,year,I
): ,O,O,I
Thesen: Zukunftsfähiges Münster,B,title,I
. - ,O,O,I
Münster,B,other,I
".
",O,O,I
"RÖSLER, C.",B,editor,B
 (Hg.) (,O,O,I
1996,B,year,I
): ,O,O,I
"Lokale Agenda 21, Dokumentation eines Erfahrungsaustauschs beim Deutschen Städtetag am 29. April 1996 in Köln",B,title,I
. - ,O,O,I
Berlin,B,other,I
".
",O,O,I
WALCHA,B,author,B
", ",I,author,I
H,I,author,I
. (,O,O,I
1996,B,year,I
): ,O,O,I
Nachhaltig in die Zukunft der Stadtregion,B,title,I
. - ,O,O,I
Eichholz Brief - Zeitschrift zur politischen Bildung,B,source,I
", ",O,O,I
1,B,volume,I
/,O,O,I
96,B,year,I
", S. ",O,O,I
45,B,fpage,I
-,O,O,I
53,B,lpage,I
.,O,O,I
