token,tag,label,ref
BAUDEZERNAT STADT COTTBUS/DSK DEUTSCHE STADTENTWICKLUNGSGESELLSCHAFT MBH,B,editor,B
 (HG.) (,O,O,I
1995,B,year,I
):  ,O,O,I
Modellstadt Cottbus-Innenstadt,B,source,I
: Heft ,O,O,I
1,B,issue,I
: ,O,O,I
Vier Jahre Stadterneuerung,B,title,I
".
",O,O,I
FRICK,B,author,B
", ",I,author,I
D,I,author,I
. (,O,O,I
1990,B,year,I
): ,O,O,I
Eine Untersuchung im Quartier ‘Saint Martin’ in Paris unter Aspekten der Stadtplanung,B,title,I
. ,O,O,I
Technische Universität Berlin,B,editor,I
", ",O,O,I
SR-Diskussionsbeiträge,B,source,I
 ,O,O,I
35,B,volume,I
", ",O,O,I
Berlin,B,other,I
".
",O,O,I
FRIEDRICHS,B,author,B
", ",I,author,I
J,I,author,I
. (,O,O,I
1981,B,year,I
): ,O,O,I
Stadtanalyse: Soziale und räumliche Organisation der Gesellschaft,B,title,I
". 2. Auflage, ",O,O,I
Reinbek,B,other,I
".
",O,O,I
HABERMAS,B,author,B
", ",I,author,I
J,I,author,I
. (,O,O,I
1984,B,year,I
): ,O,O,I
Die neue Unübersichtlichkeit: Die Krise des Wohlfahrtsstaates und die Erschöpfung utopischer Energien,B,title,I
. - In: ,O,O,I
Merkur: Die Zeitschrift für europäisches Denken,B,source,I
 ,O,O,I
39,B,volume,I
 (,O,O,I
E,B,issue,I
"), ",O,O,I
431,B,fpage,I
-,O,O,I
442,B,lpage,I
", ",O,O,I
1,B,fpage,I
-,O,O,I
14,B,lpage,I
".
",O,O,I
HERLYN,B,author,B
", ",I,author,I
U,I,author,I
. & ,O,O,I
HUNGER,B,author,I
" , ",I,author,I
B,I,author,I
. (,O,O,I
1994,B,year,I
): ,O,O,I
Ostdeutsche Wohnmilieus im Wandel: Eine Untersuchung ausgewählter Stadtgebiete als sozialplanerischer Beitrag zur Stadterneuerung,B,title,I
. ,O,O,I
Stadtforschung aktuell,B,source,I
 ,O,O,I
47,B,volume,I
. ,O,O,I
Basel,B,other,I
".
",O,O,I
KEIM,B,author,B
", ",I,author,I
K. D.,I,author,I
 (,O,O,I
1979,B,year,I
): ,O,O,I
Milieu in der Stadt: Ein Konzept zur Analyse älterer Wohnquartiere,B,title,I
. ,O,O,I
Schriften des difu,B,source,I
 ,O,O,I
63,B,volume,I
. ,O,O,I
Stuttgart,B,other,I
".
",O,O,I
KEIM,B,author,B
", ",I,author,I
K. D.,I,author,I
 (,O,O,I
1998,B,year,I
): ,O,O,I
Milieu und Moderne: Anmerkungen zum Gebrauch und Gehalt des sozial-räumlichen Milieubegriffs,B,title,I
. - In: ,O,O,I
MATTHIESEN,B,editor,I
 ,O,O,I
1998,B,year,I
", S. ",O,O,I
83,B,fpage,I
-,O,O,I
97,B,lpage,I
".
",O,O,I
KETELAAR,B,author,B
", ",I,author,I
J,I,author,I
. (,O,O,I
1994,B,year,I
): ,O,O,I
Het woonmilieu op begrip gebracht,B,title,I
. ,O,O,I
Eindhoven,B,other,I
: ,O,O,I
"Technische Universität, Fakulteit Bouwkunde",B,publisher,I
  (,O,O,I
Bouwsteen,B,source,I
 ,O,O,I
27,B,volume,I
").
",O,O,I
KLOSE,B,author,B
",  ",I,author,I
A,I,author,I
". , ",O,O,I
PIRCH,B,author,I
", ",I,author,I
M,I,author,I
. & ,O,O,I
SPAHN,B,author,I
", ",I,author,I
P,I,author,I
.  (,O,O,I
1995,B,year,I
): ,O,O,I
Großprojekte des Wohnungsbaus: Städtebaulicher Vertrag oder Entwicklungsmaßnahme,B,title,I
. - In: ,O,O,I
Foyer: Magazin der Senatsverwaltung für Bau- und Wohnungswesen Berlin,B,source,I
 ,O,O,I
5,B,volume,I
 (,O,O,I
2,B,issue,I
"), ",O,O,I
46,B,fpage,I
-,O,O,I
48,B,lpage,I
".
",O,O,I
LÄPPLE,B,author,B
", ",I,author,I
D,I,author,I
. (,O,O,I
1994,B,year,I
): ,O,O,I
Zwischen Gestern und Übermorgen: Das Ruhrgebiet - eine Industrieregion im Umbruch,B,title,I
. - In: ,O,O,I
"KREIBICH, R.",B,editor,I
 ,O,O,I
ET AL.,B,other,I
 (HG.): ,O,O,I
Bauplatz Zukunft: Dispute über die Entwicklung von Industrieregionen,B,source,I
. S. ,O,O,I
37,B,fpage,I
-,O,O,I
51,B,lpage,I
", ",O,O,I
Essen,B,other,I
".
",O,O,I
LUTZ,B,author,B
", ",I,author,I
B,I,author,I
. (,O,O,I
1989,B,year,I
): ,O,O,I
Der kurze Traum immerwährender Prosperität: Eine Neuinterpretation der industriell-kapitalistischen Entwicklung im Europa des 20. Jahrhunderts,B,title,I
. ,O,O,I
Frankfurt a. M./New York,B,other,I
".
",O,O,I
MATTHIESEN,B,author,B
", ",I,author,I
U,I,author,I
. (,O,O,I
1995,B,year,I
) ,O,O,I
An den Rändern der Hauptstadt: Verflechtungsmilieus im Fusionsprozeß,B,title,I
. - In: ,O,O,I
"SAHNER, H.",B,editor,I
 & ,O,O,I
S. SCHWENDTNER,B,editor,I
 (HG.): ,O,O,I
Gesellschaften im Umbruch,B,source,I
.  ,O,O,I
349,B,fpage,I
ff,B,lpage,I
"., ",O,O,I
Leverkusen-Opladen,B,other,I
".
",O,O,I
"MATTHIESEN, U.",B,editor,B
 (HG.) (,O,O,I
1998,B,year,I
): ,O,O,I
"Die Räume der Milieus: Neue Tendenzen in der sozial- und raumwissenschaftlichen Milieuforschung, in der Stadt und Raumplanung",B,title,I
. ,O,O,I
Berlin,B,other,I
".
",O,O,I
"MINISTERIE VAN VOLKSHUISVESTING, RUIMTELIJKE ORDENING EN MILIEUBEHEER",B,editor,B
 (HG.) (,O,O,I
1994,B,year,I
):  ,O,O,I
Woonmilieus in Nederland: Een kwantitatieve analyse,B,title,I
: ,O,O,I
Den Haag,B,other,I
".
",O,O,I
SIEVERTS,B,author,B
", ",I,author,I
T,I,author,I
. (,O,O,I
1999,B,year,I
): ,O,O,I
"Zwischenstadt: Zwischen Ort und Welt, Raum und Zeit, Stadt und Land",B,title,I
". 3. Auflage, ",O,O,I
Bauwelt-Fundamente,B,source,I
 ,O,O,I
118,B,volume,I
", ",O,O,I
Braunschweig/Wiesbaden,B,other,I
".
",O,O,I
STAUFENBIEL,B,author,B
", ",I,author,I
F,I,author,I
. (,O,O,I
1989,B,year,I
): ,O,O,I
Leben in Städten,B,title,I
. ,O,O,I
Berlin,B,other,I
.,O,O,I
