token,tag,label,ref
COMMISSION ON GEOGRAPHICAL EDUCATION,B,editor,B
 (,O,O,I
1992,B,year,I
): ,O,O,I
International Charter on Geographical Education,B,title,I
", ",O,O,I
Freiburg,B,other,I
: ,O,O,I
Commission on Geographical Education of the International Geographical Union,B,publisher,I
".
",O,O,I
CORNEY,B,author,B
", ",I,author,I
G,I,author,I
. (,O,O,I
1982,B,year,I
): ,O,O,I
Register of Research in Geographical Education,B,title,I
. - ,O,O,I
Sheffield,B,other,I
".
",O,O,I
FIEN,B,author,B
", ",I,author,I
J,I,author,I
. / ,O,O,I
HILLCOAT,B,author,I
", ",I,author,I
J,I,author,I
. (,O,O,I
1996,B,year,I
): ,O,O,I
The critical tradition in research in geographical and environmental education research,B,title,I
. - In: ,O,O,I
M. Williams,B,editor,I
 (ed.) ,O,O,I
Understanding Geographical and Environmental Education: the Role of Research,B,source,I
. - ,O,O,I
London,B,other,I
".
",O,O,I
GERBER,B,author,B
", ",I,author,I
R,I,author,I
. (,O,O,I
1996,B,year,I
): ,O,O,I
Interpretive approaches to geographical and environmental education research,B,title,I
. - In: ,O,O,I
M. Williams,B,editor,I
 (ed.) ,O,O,I
Understanding Geographical and Environmental Education: the Role of Research,B,source,I
. - ,O,O,I
London,B,other,I
".
",O,O,I
HAUBRICH,B,author,B
", ",I,author,I
H,I,author,I
. (,O,O,I
1973,B,year,I
a): ,O,O,I
Leben in der Stadt: Schülerarbeitsheft zur Sendereihe des WDR Schulfernsehens,B,title,I
. - ,O,O,I
Bad Honnef,B,other,I
".
",O,O,I
HAUBRICH,B,author,B
", ",I,author,I
H,I,author,I
. (,O,O,I
1973,B,year,I
b): ,O,O,I
Leben in der Stadt: Die Stadt als Wohnplatz/Verkehr in der Stadt? Die Stadtteile/Stadt und Umland (Lehrerheft). - WDR Schulfernsehen,B,title,I
".
",O,O,I
HAUBRICH,B,author,B
", ",I,author,I
H,I,author,I
. (,O,O,I
1975,B,year,I
): ,O,O,I
Fernsehen und Geographieunterricht,B,title,I
. - In: ,O,O,I
Freiburger Geographische Mitteilungen,B,source,I
" Jg., ",O,O,I
2,B,volume,I
", S. ",O,O,I
62,B,fpage,I
-,O,O,I
75,B,lpage,I
".
",O,O,I
HAUBRICH,B,author,B
", ",I,author,I
H,I,author,I
. / ,O,O,I
KETZER,B,author,I
", ",I,author,I
F,I,author,I
. (,O,O,I
1978,B,year,I
): ,O,O,I
Audiovisuelle Medien für den Unterricht,B,title,I
. - ,O,O,I
Stuttgart,B,other,I
".
",O,O,I
"HAUBRICH, H.",B,editor,B
" (ed., ",O,O,I
1982,B,year,I
): ,O,O,I
International Focus on Geographical Education,B,title,I
", ",O,O,I
Studien zur Internationalen Schulbuchforschung,B,source,I
", vol. ",O,O,I
34,B,volume,I
. - ,O,O,I
Braunschweig,B,other,I
".
",O,O,I
"HAUBRICH, H.",B,editor,B
" (ed., ",O,O,I
1984,B,year,I
): ,O,O,I
Perception of People and Places through Media,B,title,I
", ",O,O,I
Proceedings of the Symposium of the Education Commission of the International Geographical Union,B,source,I
", vols. ",O,O,I
1,B,volume,I
 and ,O,O,I
2,B,volume,I
. - ,O,O,I
Freiburg,B,other,I
".
",O,O,I
"HAUBRICH, H.",B,editor,B
" (ed., ",O,O,I
1984,B,year,I
): ,O,O,I
Educational television for geography teaching - a pilot study of a content analysis,B,title,I
. - In: ,O,O,I
H. Haubrich,B,editor,I
 (ed.): ,O,O,I
"Perception of People and Places through Media, Proceedings of the Symposium of the Education Commission of the International Geographical Union",B,source,I
", Vols. ",O,O,I
1,B,volume,I
 and ,O,O,I
2,B,volume,I
. - ,O,O,I
Freiburg,B,other,I
".
",O,O,I
"HAUBRICH, H.",B,editor,B
" (ed., ",O,O,I
1987,B,year,I
): ,O,O,I
How I see my Country: Personal Views of 15 year- olds from 28 Countries,B,title,I
. - ,O,O,I
Freiburg,B,other,I
".
",O,O,I
"HAUBRICH, H.",B,editor,B
" (ed., ",O,O,I
1987,B,year,I
): ,O,O,I
Where and How I Live: 10 Year-olds Write for the Children in the World,B,title,I
. - ,O,O,I
Freiburg,B,other,I
".
",O,O,I
"HAUBRICH, H.",B,editor,B
" (ed., ",O,O,I
1994,B,year,I
): ,O,O,I
Europe and the World in Geography Education,B,title,I
", ",O,O,I
Geographiedidaktische Forschungen,B,source,I
", Band ",O,O,I
25,B,volume,I
. - ,O,O,I
Nürnberg,B,other,I
".
",O,O,I
HAUBRICH,B,author,B
", ",I,author,I
H. I,I,author,I
 ,O,O,I
ENGELHARD,B,author,I
", ",I,author,I
H. J.,I,author,I
 (,O,O,I
1996,B,year,I
): ,O,O,I
"Simuland, abstract in Abstract Book",B,title,I
", ",O,O,I
28th International Geographical Congress of the International Geographical Union,B,source,I
. - ,O,O,I
Utrecht,B,other,I
", S. ",O,O,I
174,B,fpage,I
 - ,O,O,I
175,B,lpage,I
".
",O,O,I
LIDSTONE,B,author,B
", ",I,author,I
J,I,author,I
. (,O,O,I
1988,B,year,I
): ,O,O,I
Research in geographical education,B,title,I
. - In: ,O,O,I
"Gerber, R.",B,editor,I
 / ,O,O,I
"Lidstone, J.",B,editor,I
 (eds.): ,O,O,I
Developing Skills in Geographical Education,B,source,I
. - ,O,O,I
Brisbane,B,other,I
".
",O,O,I
LUKEHURST,B,author,B
", ",I,author,I
C. T.,I,author,I
 / ,O,O,I
GRAVES,B,author,I
", ",I,author,I
 N. J.,I,author,I
 (,O,O,I
1972,B,year,I
): ,O,O,I
Geography in Education. A Bibliography of British Sources,B,title,I
. - ,O,O,I
Sheffield,B,other,I
".
",O,O,I
NAISH,B,author,B
", ",I,author,I
M,I,author,I
. (,O,O,I
1972,B,year,I
): ,O,O,I
Some aspects of the study and teaching of geography in Britain: a review of recent British research,B,title,I
. - In: ,O,O,I
"Teaching Geography, Occasional Papers",B,source,I
 No. ,O,O,I
18,B,volume,I
. - ,O,O,I
Sheffield,B,other,I
".
",O,O,I
STIMPSON,B,author,B
", ",I,author,I
P,I,author,I
. (,O,O,I
1996,B,year,I
): ,O,O,I
Cross-cultural approaches in geographical and environmental education,B,title,I
. - In: ,O,O,I
M. Williams,B,editor,I
 (ed.): ,O,O,I
Understanding Geographical and Environmental Education: the Role of Research,B,source,I
. - ,O,O,I
London,B,other,I
".
",O,O,I
STOLTMAN,B,author,B
. ,I,author,I
J. P.,I,author,I
 (,O,O,I
1996,B,year,I
): ,O,O,I
An international perspective on research in geographical education,B,title,I
. - In: ,O,O,I
M. Williams,B,editor,I
 (ed.): ,O,O,I
Understanding Geographical and Environmental Education: the Role of Research,B,source,I
. - ,O,O,I
London,B,other,I
"
",O,O,I
STOLTMAN,B,author,B
", ",I,author,I
J. P.,I,author,I
 / ,O,O,I
NIEMZ,B,author,I
", ",I,author,I
W. G.,I,author,I
 (,O,O,I
1992,B,year,I
a): ,O,O,I
The field trials report on InterGeo II,B,title,I
. - In: ,O,O,I
A. D. Hill,B,editor,I
 (ed.): ,O,O,I
Interdependence in Geographic Education,B,source,I
. - ,O,O,I
Boulder/CO,B,other,I
"
",O,O,I
STOLTMAN,B,author,B
", ",I,author,I
J. P.,I,author,I
 / ,O,O,I
NIEMZ,B,author,I
", ",I,author,I
W. G.,I,author,I
 (,O,O,I
1992,B,year,I
b): ,O,O,I
InterGeo II: the development and field trials of an international geography test,B,title,I
. - In: ,O,O,I
A. D. Hill,B,editor,I
 (ed.): ,O,O,I
International Perspectives on Geographic Education,B,source,I
. - ,O,O,I
Boulder/CO,B,other,I
".
",O,O,I
"van der SCHEE, J.",B,editor,B
 / ,O,O,I
"SCHOENMAKER, G.",B,editor,I
 / ,O,O,I
"TRIMP, H.",B,editor,I
 / ,O,O,I
"van WESTRHENEN, H.",B,editor,I
" (eds., ",O,O,I
1996,B,year,I
): ,O,O,I
Innovation in Geographical Education,B,title,I
", ",O,O,I
Nederlandse Geografische Studies,B,source,I
 ,O,O,I
208,B,volume,I
. - ,O,O,I
Utrecht,B,other,I
".
",O,O,I
WILLIAMS,B,author,B
", ",I,author,I
M,I,author,I
. (,O,O,I
1996,B,year,I
): ,O,O,I
Positivism and the quantitative tradition in geographical and environmental education research,B,title,I
. - In: ,O,O,I
M. Williams,B,editor,I
 (ed.): ,O,O,I
Understanding Geographical and Environmental Education: the Role of Research,B,source,I
. - ,O,O,I
London,B,other,I
.,O,O,I
