token,tag,label,ref
BACCINI,B,author,B
", ",I,author,I
P,I,author,I
. / ,O,O,I
BRUNNER,B,author,I
", ",I,author,I
P,I,author,I
. (,O,O,I
1991,B,year,I
): ,O,O,I
Metabolism of the Anthroposphere,B,title,I
. - ,O,O,I
Berlin / Heidelberg / New York,B,other,I
".
",O,O,I
BACCINI,B,author,B
", ",I,author,I
P,I,author,I
. & ,O,O,I
al.,B,other,I
 (,O,O,I
1985,B,year,I
): ,O,O,I
Von der Entsorgung zum Stoffhaushalt. Die Steuerung anthropogener Stoffflüsse als interdisziplinäre Aufgabe,B,title,I
. - In: ,O,O,I
Müll und Abfall,B,source,I
 ,O,O,I
18,B,volume,I
", Heft ",O,O,I
4,B,issue,I
", S. ",O,O,I
99,B,fpage,I
 - ,O,O,I
108,B,lpage,I
".
",O,O,I
BILITEWSKI,B,author,B
", ",I,author,I
B,I,author,I
. / ,O,O,I
HÄRDLE,B,author,I
", ",I,author,I
G,I,author,I
. / ,O,O,I
MAREK,B,author,I
", ",I,author,I
K,I,author,I
. (,O,O,I
1994,B,year,I
): ,O,O,I
Abfallwirtschaft. Eine Einführung,B,title,I
". - 2. Aufl., ",O,O,I
Berlin / Heidelberg,B,other,I
".
",O,O,I
"BUNDESMINISTERIUM FÜR UMWELT, NATURSCHUTZ UND REAKTORSICHERHEIT",B,editor,B
" (Hrsg., ",O,O,I
1988,B,year,I
): ,O,O,I
Was Sie schon immer über Abfall und Umwelt wissen wollten,B,title,I
. - ,O,O,I
Stuttgart / Berlin / Köln / Mainz,B,other,I
".
",O,O,I
CORD-LANDWEHR,B,author,B
", ",I,author,I
K,I,author,I
. (,O,O,I
1994,B,year,I
): ,O,O,I
Einführung in die Abfallwirtschaft,B,title,I
. - ,O,O,I
Stuttgart,B,other,I
".
",O,O,I
DER RAT DER SACHVERSTÄNDIGEN FÜR UMWELTFRAGEN,B,editor,B
 (,O,O,I
1991,B,year,I
): ,O,O,I
Abfallwirtschaft-Sondergutachten 1990,B,title,I
. - ,O,O,I
Stuttgart,B,other,I
".
",O,O,I
DOEDENS,B,author,B
", ",I,author,I
H,I,author,I
. (,O,O,I
1993,B,year,I
): ,O,O,I
Abfallwirtschaft,B,title,I
. - In: ,O,O,I
Praxis Geographie,B,source,I
 ,O,O,I
23,B,volume,I
", Heft ",O,O,I
5,B,issue,I
", S. ",O,O,I
4,B,fpage,I
 - ,O,O,I
9,B,lpage,I
".
",O,O,I
ENQUETE-KOMMISSION „SCHUTZ DES MENSCHEN UND DER UMWELT“,B,editor,B
 (,O,O,I
1994,B,year,I
): ,O,O,I
Die Industriegesellschaft gestalten - Perspektiven für einen nachhaltigen Umgang mit Stoff- und Materialströmen,B,title,I
. - ,O,O,I
Bonn,B,other,I
".
",O,O,I
FABER,B,author,B
", ",I,author,I
M,I,author,I
. / ,O,O,I
STEPHAN,B,author,I
", ",I,author,I
G,I,author,I
. / ,O,O,I
MICHAELIS,B,author,I
", ",I,author,I
P,I,author,I
. (,O,O,I
1989,B,year,I
): ,O,O,I
"Umdenken in der Abfallwirtschaft: Verwerten, Vermeiden, Beseitigen",B,title,I
". - 2. Aufl., ",O,O,I
Heidelberg,B,other,I
".
",O,O,I
"GALLENKEMPER, B.",B,editor,B
 / ,O,O,I
"DOEDENS, H.",B,editor,I
 / ,O,O,I
"STEGMANN, R.",B,editor,I
" (Hrsg., ",O,O,I
1993,B,year,I
): ,O,O,I
Vermeidung und Verwertung in Betrieb und Kommune,B,title,I
. - ,O,O,I
Münster,B,other,I
".
",O,O,I
GEBERS,B,author,B
", ",I,author,I
B,I,author,I
. / ,O,O,I
FÜHR,B,author,I
", ",I,author,I
M,I,author,I
. / ,O,O,I
WOLLNY,B,author,I
", ",I,author,I
V,I,author,I
. (,O,O,I
1993,B,year,I
): ,O,O,I
Ökologische Stoffwirtschaft. Grundanforderungen an eine Stoffflußregulierung,B,title,I
. - ,O,O,I
Darmstadt,B,other,I
".
",O,O,I
Gesetz zur Förderung der Kreislaufwirtschaft und Sicherung der umweltverträglichen Beseitigung von Abfällen (Kreislaufwirtschafts- und Abfallgesetz KrW-/AbfG),B,title,B
 - ,O,O,I
1994,B,year,I
. - In: ,O,O,I
Bundesgesetzblatt,B,source,I
", Jahrgang ",O,O,I
1994,B,year,I
", Teil ",O,O,I
I,B,volume,I
", S. ",O,O,I
2705,B,fpage,I
 - ,O,O,I
2728,B,lpage,I
".
",O,O,I
HAAS,B,author,B
", ",I,author,I
H. D.,I,author,I
 (,O,O,I
1989,B,year,I
): ,O,O,I
Abfallentsorgung eines Großstadtraumes. Das Beispiel München,B,title,I
. - In: ,O,O,I
Berichte zur deutschen Landeskunde,B,source,I
", Bd. ",O,O,I
61,B,volume,I
/,O,O,I
2,B,issue,I
", S. ",O,O,I
513,B,fpage,I
 - ,O,O,I
542,B,lpage,I
".
",O,O,I
HAAS,B,author,B
", ",I,author,I
H. D.,I,author,I
 / ,O,O,I
SIEBERT,B,author,I
", ",I,author,I
S,I,author,I
. (,O,O,I
1993,B,year,I
): ,O,O,I
Aktuelle Probleme der Abfallwirtschaft aus geographischer Sicht - dargestellt an Beispielen aus Bayern,B,title,I
. - In: ,O,O,I
Geographie und Schule,B,source,I
 ,O,O,I
15,B,volume,I
", Heft ",O,O,I
83,B,issue,I
", S. ",O,O,I
2,B,fpage,I
 - ,O,O,I
8,B,lpage,I
".
",O,O,I
HENSELDER-LUDWIG,B,author,B
", ",I,author,I
R,I,author,I
. (Bearb. ,O,O,I
1993,B,year,I
): ,O,O,I
"TA Siedlungsabfall. Technische Anleitung zur Verwertung, Behandlung und sonstigen Entsorgung von Siedlungsabfallen",B,title,I
. - ,O,O,I
Köln,B,other,I
".
",O,O,I
KETELSEN,B,author,B
", ",I,author,I
K,I,author,I
. (,O,O,I
1993,B,year,I
): ,O,O,I
Grundlagen für integrierte Abfallwirtschaftskonzepte und abfallwirtschaftliche Planungen,B,title,I
. - ,O,O,I
Hannover,B,other,I
".
",O,O,I
KOCH,B,author,B
", ",I,author,I
T,I,author,I
. / ,O,O,I
SEEBERG,B,author,I
", ",I,author,I
J,I,author,I
. / ,O,O,I
PETRIK,B,author,I
", ",I,author,I
H,I,author,I
. (,O,O,I
1992,B,year,I
): ,O,O,I
 Ökologische Müllverwertung. Handbuch für optimale Abfallkonzepte,B,title,I
". - 4. Aufl., ",O,O,I
Karlsruhe,B,other,I
".
",O,O,I
MEADOWS,B,author,B
", ",I,author,I
D,I,author,I
. / ,O,O,I
RANDERS,B,author,I
", ",I,author,I
J,I,author,I
. (,O,O,I
1992,B,year,I
): ,O,O,I
Die neuen Grenzen des Wachstums,B,title,I
. - ,O,O,I
Stuttgart,B,other,I
".
",O,O,I
REIMANN,B,author,B
", ",I,author,I
D. O.,I,author,I
 (,O,O,I
1991,B,year,I
): ,O,O,I
Einfluß der stofflichen Verwertung auf das integrierte Abfallwirtschaftskonzept,B,title,I
. - In: ,O,O,I
Müll und Abfall,B,source,I
 ,O,O,I
23,B,volume,I
", Heft ",O,O,I
2,B,issue,I
", S. ",O,O,I
76,B,fpage,I
 - ,O,O,I
82,B,lpage,I
".
",O,O,I
RUNGE,B,author,B
", ",I,author,I
M,I,author,I
. (,O,O,I
1994,B,year,I
): ,O,O,I
Milliardengeschäft Müll. Vom Grünen Punkt bis zur Müllschieberei. Argumente und Strategien für eine andere Abfallpolitik,B,title,I
. - ,O,O,I
München,B,other,I
".
",O,O,I
UMWELTBUNDESAMT,B,editor,B
 (Hrsg.): ,O,O,I
Daten zur Umwelt 199/9,B,title,I
. ,O,O,I
Berlin,B,other,I
".
",O,O,I
VOLKMANN,B,author,B
", ",I,author,I
H,I,author,I
. (,O,O,I
1993,B,year,I
): ,O,O,I
Die Abfallwirtschaft im polyzentrischen Verdichtungsraum Ruhrgebiet,B,title,I
. - In: ,O,O,I
Berichte zur deutschen Landeskunde,B,source,I
", Bd. ",O,O,I
67,B,volume,I
/,O,O,I
2,B,issue,I
", S. ",O,O,I
411,B,fpage,I
-,O,O,I
430,B,lpage,I
".
",O,O,I
"WOLLNY, V.",B,editor,B
" (Hrsg., ",O,O,I
1992,B,year,I
): ,O,O,I
Abschied vom Müll,B,title,I
. - ,O,O,I
Göttingen,B,other,I
.,O,O,I
