token,tag,label,ref
ADELMANN,B,author,B
", ",I,author,I
J,I,author,I
. (,O,O,I
1955,B,year,I
): ,O,O,I
Methodik des Erdkimdeunterrichts,B,title,I
.- ,O,O,I
München,B,other,I
". 
",O,O,I
BAUER,B,author,B
", ",I,author,I
L,I,author,I
. (,O,O,I
1969,B,year,I
): ,O,O,I
Das geographische Interesse der Gymnasiasten,B,title,I
.- In: ,O,O,I
Geographische Rundschau,B,source,I
 ,O,O,I
21,B,volume,I
", S. ",O,O,I
106,B,fpage,I
 - ,O,O,I
108,B,lpage,I
". 
",O,O,I
BAUER,B,author,B
", ",I,author,I
L,I,author,I
. (,O,O,I
1976,B,year,I
): ,O,O,I
Einführung in die Didaktik der Geographie,B,title,I
.- ,O,O,I
Darmstadt,B,other,I
". 
",O,O,I
BECK,B,author,B
", ",I,author,I
H,I,author,I
. (,O,O,I
1981,B,year,I
): ,O,O,I
"Zur Geschichte der Geographie, der Pädagogik und des Geographischen Unterrichts",B,title,I
.- In: ,O,O,I
"SPERLING, W.",B,editor,I
 (Hrsg.): ,O,O,I
Theorie und Geschichte des Geographischen Unterrichts,B,source,I
. - ,O,O,I
Trier,B,other,I
", S. ",O,O,I
61,B,fpage,I
 - ,O,O,I
83,B,lpage,I
". 
",O,O,I
BIRKENHAUER,B,author,B
", ",I,author,I
J,I,author,I
. (,O,O,I
1970,B,year,I
): ,O,O,I
Die Länderkunde ist tot. Es lebe die Länderkunde,B,title,I
.- In: ,O,O,I
Geographische Rundschau,B,source,I
 ,O,O,I
22,B,volume,I
", S. ",O,O,I
194,B,fpage,I
 - ,O,O,I
204,B,lpage,I
". 
",O,O,I
BIRKENHAUER,B,author,B
", ",I,author,I
J,I,author,I
. (,O,O,I
1974,B,year,I
): ,O,O,I
Aufgaben und Stand fachdidaktischer Forschung,B,title,I
. - In: ,O,O,I
"KREUZER, G.",B,editor,I
 & ,O,O,I
al.,B,other,I
" (Hrsg., ",O,O,I
1974,B,year,I
): ,O,O,I
Didaktik der Geographie in der Universität,B,source,I
. - ,O,O,I
München,B,other,I
", S. ",O,O,I
96,B,fpage,I
 - ,O,O,I
119,B,lpage,I
". 
",O,O,I
BIRKENHAUER,B,author,B
", ",I,author,I
J,I,author,I
. (,O,O,I
1975,B,year,I
): ,O,O,I
Die Möglichkeit einer „Plattform“ für ein geographisches Schulcurriculum,B,title,I
.- In: ,O,O,I
Beiheft Geographische Rundschau,B,source,I
 ,O,O,I
5,B,volume,I
", H. ",O,O,I
1,B,issue,I
", S. ",O,O,I
50,B,fpage,I
 - ,O,O,I
60,B,lpage,I
". 
",O,O,I
BIRKENHAUER,B,author,B
", ",I,author,I
J,I,author,I
. (,O,O,I
1981,B,year,I
): ,O,O,I
Unterrichtliche Wege zum Aufbau chorologischer Begriffe,B,title,I
.- In: ,O,O,I
Geographie und Schule,B,source,I
 ,O,O,I
3,B,volume,I
", Heft ",O,O,I
11,B,issue,I
", S. ",O,O,I
24,B,fpage,I
 - ,O,O,I
37,B,lpage,I
". 
",O,O,I
BIRKENHAUER,B,author,B
", ",I,author,I
J,I,author,I
. (,O,O,I
1986,B,year,I
): ,O,O,I
Geographiedidaktische Forschung in der Bundesrepublik Deutschland 1975-1984,B,title,I
.- In: ,O,O,I
Geographische Rundschau,B,source,I
 ,O,O,I
38,B,volume,I
", S. ",O,O,I
218,B,fpage,I
 -,O,O,I
227,B,lpage,I
". 
",O,O,I
BIRKENHAUER,B,author,B
", ",I,author,I
J,I,author,I
. (,O,O,I
1992,B,year,I
): ,O,O,I
Akzeptanz von Begriffen im Erdkundeunterricht,B,title,I
.- ,O,O,I
München,B,other,I
". 
",O,O,I
BIRKENHAUER,B,author,B
", ",I,author,I
J,I,author,I
. & ,O,O,I
al.,B,other,I
 (,O,O,I
1978,B,year,I
): ,O,O,I
Geographieunterricht in der Sekundarstufe I. Grundzüge curricularer Planung,B,title,I
.- In: ,O,O,I
Geographie im Unterricht,B,source,I
", S. ",O,O,I
338,B,fpage,I
 - ,O,O,I
349,B,lpage,I
". 
",O,O,I
BIRKENHAUER,B,author,B
", ",I,author,I
J,I,author,I
./,O,O,I
HAUBRICH,B,author,I
", ",I,author,I
H,I,author,I
. (,O,O,I
1971,B,year,I
): ,O,O,I
Das geographische Curriculum in der Sekundarstufe I,B,title,I
.- ,O,O,I
Düsseldorf,B,other,I
". 
",O,O,I
ENGELHARD,B,author,B
", ",I,author,I
K,I,author,I
. (,O,O,I
1987,B,year,I
.1): ,O,O,I
Allgemeine Geographie und Regionale Geographie,B,title,I
.- In: ,O,O,I
Geographische Rundschau,B,source,I
 ,O,O,I
39,B,volume,I
", S. ",O,O,I
358,B,fpage,I
 - ,O,O,I
361,B,lpage,I
". 
",O,O,I
ENGELHARD,B,author,B
", ",I,author,I
K,I,author,I
. (,O,O,I
1987,B,year,I
.2): ,O,O,I
"Allgemeine Geographie und Regionale Geographie. Eine wissenschafts-, handlungs- und systemtheoretische Konsequenz",B,title,I
.- In: ,O,O,I
"KÖCK, H.",B,editor,I
 (Hrsg. ,O,O,I
1987,B,year,I
): ,O,O,I
Mensch und Raum,B,source,I
. - ,O,O,I
Hildesheim,B,other,I
", S. ",O,O,I
49,B,fpage,I
 - ,O,O,I
63,B,lpage,I
". 
",O,O,I
ENGELHARDT,B,author,B
", ",I,author,I
W.-D.,I,author,I
 (,O,O,I
1973,B,year,I
): ,O,O,I
Zur Entwicklung des kindlichen Raumerfassungsvermögens und der Einführung in das Kartenverständnis,B,title,I
.- In: ,O,O,I
"ENGELHARDT, W.-D.",B,editor,I
/,O,O,I
"GLÖCKEL, H.",B,editor,I
" (Hrsg., ",O,O,I
1973,B,year,I
): ,O,O,I
Einführung in das Kartenverständnis,B,source,I
. - ,O,O,I
Bad Heilbronn,B,other,I
", S. ",O,O,I
103,B,fpage,I
 - ,O,O,I
113,B,lpage,I
".
",O,O,I
"ENGELHARDT, W.-D.",B,editor,B
" (Hrsg., ",O,O,I
1975,B,year,I
): ,O,O,I
Geographie: Aus der Presse für die Praxis,B,title,I
.- ,O,O,I
Regensburg,B,other,I
". 
",O,O,I
ERNST,B,author,B
", ",I,author,I
E,I,author,I
. (,O,O,I
1970,B,year,I
): ,O,O,I
Lernziele in der Erdkunde,B,title,I
.- In: ,O,O,I
Geographische Rundschau,B,source,I
 ,O,O,I
22,B,volume,I
", S. ",O,O,I
186,B,fpage,I
 - ,O,O,I
194,B,lpage,I
". 
",O,O,I
FICHTINGER,B,author,B
", ",I,author,I
R,I,author,I
. (,O,O,I
1974,B,year,I
): ,O,O,I
Das Ammersee/Stamberger See-Naherholungsgebiet im Vorstellungsbild Münchner Schüler,B,title,I
.- In: ,O,O,I
Der Erdkundeunterricht,B,source,I
", H. ",O,O,I
19,B,issue,I
", S. ",O,O,I
11,B,fpage,I
-,O,O,I
63,B,lpage,I
". 
",O,O,I
GEIPEL,B,author,B
", ",I,author,I
R,I,author,I
. (,O,O,I
1969,B,year,I
): ,O,O,I
Industriegeographie als Einführung in die Arbeitswelt,B,title,I
.- ,O,O,I
Braunschweig,B,other,I
". 
",O,O,I
GEISTBECK,B,author,B
", ",I,author,I
M,I,author,I
. (,O,O,I
1877,B,year,I
): ,O,O,I
Geschichte der Methodik des geographischen Unterrichts,B,title,I
.- In: ,O,O,I
"KEHR, C.",B,editor,I
" (Hrsg., ",O,O,I
1977,B,year,I
): ,O,O,I
Geschichte der Methodik des deutschen Volksschulunterrichts,B,source,I
. - ,O,O,I
Gotha,B,other,I
", S. ",O,O,I
123,B,fpage,I
 - ,O,O,I
153,B,lpage,I
". 
",O,O,I
GRUBER,B,author,B
", ",I,author,I
Chr,I,author,I
. (,O,O,I
1901,B,year,I
): ,O,O,I
Die Entwicklung der geographischen Lehrmethoden im XVIII. und XIX. Jahrhundert,B,title,I
.- ,O,O,I
"München, Leipzig",B,other,I
". 
",O,O,I
HAGEN,B,author,B
", ",I,author,I
D,I,author,I
. (,O,O,I
1982,B,year,I
): ,O,O,I
Affektive Lernziele und Geographieunterricht,B,title,I
.- In: ,O,O,I
Geographische Rundschau,B,source,I
 ,O,O,I
34,B,volume,I
", S. ",O,O,I
244,B,fpage,I
 - ,O,O,I
248,B,lpage,I
". 
",O,O,I
HARD,B,author,B
", ",I,author,I
G,I,author,I
. (,O,O,I
1977,B,year,I
): ,O,O,I
Zur Inhaltsanalyse fachdidaktischer Texte - Vorbericht über eine Lehrplananalyse,B,title,I
.- In: ,O,O,I
"HAUBRICH, H.",B,editor,I
" (Hrsg., ",O,O,I
1977,B,year,I
): ,O,O,I
Quantitative Didaktik der Geographie,B,source,I
. - ,O,O,I
Braunschweig,B,other,I
", S. ",O,O,I
92,B,fpage,I
 - ,O,O,I
109,B,lpage,I
". 
",O,O,I
HARD,B,author,B
", ",I,author,I
G,I,author,I
. (,O,O,I
1978,B,year,I
): ,O,O,I
Inhaltsanalyse geographiedidaktischer Texte,B,title,I
.- ,O,O,I
Braunschweig,B,other,I
". 
",O,O,I
HARD,B,author,B
", ",I,author,I
G,I,author,I
. & ,O,O,I
al.,B,other,I
 (,O,O,I
1984,B,year,I
): ,O,O,I
Umweltwahrnehmung in der Stadt - Eine Hypothesensammlung und eine empirische Studie,B,title,I
.- In: ,O,O,I
"KÖCK, H.",B,editor,I
" (Hrsg., ",O,O,I
1984,B,year,I
): ,O,O,I
Studien zum Erkenntnisprozeß im Geographieunterricht,B,source,I
. - ,O,O,I
Köln,B,other,I
", S. ",O,O,I
113,B,fpage,I
 - ,O,O,I
165,B,lpage,I
". 
",O,O,I
HARTL,B,author,B
", ",I,author,I
M,I,author,I
. (,O,O,I
1988,B,year,I
): ,O,O,I
Anlage einer Untersuchung zum Raumverständnis von Schülern,B,title,I
.- In: ,O,O,I
"SCHRETTENBRUNNER, H.",B,editor,I
/,O,O,I
"WESTRHENEN, J. v.",B,editor,I
" (Hrsg., ",O,O,I
1988,B,year,I
): ,O,O,I
Empirische Forschung und Computer im Geographieunterricht,B,source,I
. - ,O,O,I
Lüneburg,B,other,I
", S. ",O,O,I
53,B,fpage,I
 - ,O,O,I
66,B,lpage,I
". 
",O,O,I
HASSE,B,author,B
", ",I,author,I
J,I,author,I
. (,O,O,I
1983,B,year,I
): ,O,O,I
Der Wahrnehmungsansatz in der Geographiedidaktik: Beispiel Geoökologie,B,title,I
.- In: ,O,O,I
"LESER, H.",B,editor,I
" (Hrsg., ",O,O,I
1983,B,year,I
): ,O,O,I
18. Deutscher Schulgeographentag Basel. Tagungsband,B,source,I
. - ,O,O,I
Basel,B,other,I
", S. ",O,O,I
318,B,fpage,I
 - ,O,O,I
332,B,lpage,I
". 
",O,O,I
HASSE,B,author,B
", ",I,author,I
J,I,author,I
. (,O,O,I
1984,B,year,I
): ,O,O,I
Die Fähigkeit des Schülers zu chorologischer Theoriebildung,B,title,I
.- In: ,O,O,I
"KÖCK, H.",B,editor,I
" (Hrsg., ",O,O,I
1984,B,year,I
): ,O,O,I
Studien zum Erkenntnisprozeß im Geographieunterricht,B,source,I
. - ,O,O,I
Köln,B,other,I
", S. ",O,O,I
238,B,fpage,I
 - ,O,O,I
284,B,lpage,I
". 
",O,O,I
HAUBRICH,B,author,B
", ",I,author,I
H,I,author,I
. (,O,O,I
1977,B,year,I
): ,O,O,I
Situation und Perspektive geographiedidaktischer Forschung,B,title,I
.- In: ,O,O,I
"HAUBRICH, H.",B,editor,I
" (Hrsg., ",O,O,I
1977,B,year,I
): ,O,O,I
Quantitative Didaktik der Geographie,B,source,I
. - ,O,O,I
Braunschweig,B,other,I
", S. ",O,O,I
13,B,fpage,I
-,O,O,I
35,B,lpage,I
". 
",O,O,I
HAUBRICH,B,author,B
", ",I,author,I
H,I,author,I
. & ,O,O,I
al.,B,other,I
 (,O,O,I
1990,B,year,I
): ,O,O,I
Regionalbewußtsein Jugendlicher am Hoch- und Oberrhein,B,title,I
.- ,O,O,I
Freiburg,B,other,I
".
",O,O,I
HAUBRICH,B,author,B
", ",I,author,I
H,I,author,I
./,O,O,I
NOLZEN,B,author,I
", ",I,author,I
H,I,author,I
. (,O,O,I
1975,B,year,I
): ,O,O,I
Spiralcurriculum Wasser,B,title,I
.- In: ,O,O,I
"Der Erdkundeunterricht, Sonderheft",B,source,I
 ,O,O,I
3,B,volume,I
", S. ",O,O,I
102,B,fpage,I
 - ,O,O,I
105,B,lpage,I
". 
",O,O,I
HEILIG,B,author,B
", ",I,author,I
G,I,author,I
. (,O,O,I
1984,B,year,I
): ,O,O,I
Schülereinstellungen zum Fach Erdkunde,B,title,I
.- ,O,O,I
Berlin,B,other,I
". 
",O,O,I
HEINEREN,B,author,B
", ",I,author,I
E,I,author,I
. & ,O,O,I
al.,B,other,I
 (,O,O,I
1986,B,year,I
): ,O,O,I
Zur kognitiven Repräsentation der geographischen Lage europäischer Städte bei GymnasialSchülern,B,title,I
.- In: ,O,O,I
Geographische Zeitschrift,B,source,I
 ,O,O,I
74,B,volume,I
", S. ",O,O,I
31,B,fpage,I
-,O,O,I
42,B,lpage,I
". 
",O,O,I
HEINEREN,B,author,B
", ",I,author,I
E,I,author,I
. (,O,O,I
1991,B,year,I
): ,O,O,I
Der Einfluß nichträumlicher Merkmale auf die kognitive Deutschlandkarte West- und Ostberliner Schüler,B,title,I
.- In: ,O,O,I
Geographische Zeitschrift,B,source,I
 ,O,O,I
79,B,volume,I
", S. ",O,O,I
59,B,fpage,I
 - ,O,O,I
74,B,lpage,I
". 
",O,O,I
HEMMER,B,author,B
", ",I,author,I
I,I,author,I
. (,O,O,I
1992,B,year,I
): ,O,O,I
Untersuchungen zum wissenschaftspropädeutischen Arbeiten im Geographieunterricht der Oberstufe,B,title,I
.- ,O,O,I
Nürnberg,B,other,I
". 
",O,O,I
HEMMER,B,author,B
", ",I,author,I
M,I,author,I
. (,O,O,I
1997,B,year,I
): ,O,O,I
Geographiedidaktische Forschung in der Bundesrepublik Deutschland von 1985 bis 1995,B,title,I
.- In: ,O,O,I
Geographie und ihre Didaktik,B,source,I
 ,O,O,I
25,B,volume,I
", S. ",O,O,I
84,B,fpage,I
-,O,O,I
101,B,lpage,I
". 
",O,O,I
HEMMER,B,author,B
", ",I,author,I
I,I,author,I
./,O,O,I
HEMMER,B,author,I
", ",I,author,I
M,I,author,I
. (,O,O,I
1996,B,year,I
): ,O,O,I
Schülerinteresse am Erdkundeunterricht - grundsätzliche Überlegungen und erste empirische Ergebnisse,B,title,I
.- In: ,O,O,I
Geographie und ihre Didaktik,B,source,I
 ,O,O,I
24,B,volume,I
", S. ",O,O,I
192,B,fpage,I
 - ,O,O,I
204,B,lpage,I
". 
",O,O,I
HEMMER,B,author,B
", ",I,author,I
I,I,author,I
./,O,O,I
HEMMER,B,author,I
", ",I,author,I
M,I,author,I
. (,O,O,I
1996,B,year,I
): ,O,O,I
Welche Themen interessieren Jungen und Mädchen im Geographieunterricht?,B,title,I
- In: ,O,O,I
Praxis Geographie,B,source,I
 ,O,O,I
25,B,volume,I
", H. ",O,O,I
12,B,issue,I
", S. ",O,O,I
41,B,fpage,I
 -,O,O,I
43,B,lpage,I
". 
",O,O,I
HEMMER,B,author,B
", ",I,author,I
I,I,author,I
./,O,O,I
HEMMER,B,author,I
", ",I,author,I
M,I,author,I
. (,O,O,I
1997,B,year,I
): ,O,O,I
Welche Länder und Regionen interessieren Mädchen und Jungen?,B,title,I
- In: ,O,O,I
Praxis Geographie,B,source,I
 ,O,O,I
26,B,volume,I
", H. ",O,O,I
1,B,issue,I
", S. ",O,O,I
40,B,fpage,I
 - ,O,O,I
41 ,B,lpage,I
"
",O,O,I
HENDINGER,B,author,B
", ",I,author,I
H,I,author,I
. (,O,O,I
1970,B,year,I
): ,O,O,I
Ansätze zur Neuorientierung der Geographie im Curriculum aller Schularten,B,title,I
.- In: ,O,O,I
Geographische Rundschau,B,source,I
 ,O,O,I
22,B,volume,I
", S. ",O,O,I
10,B,fpage,I
 - ,O,O,I
18,B,lpage,I
". 
",O,O,I
HENDINGER,B,author,B
", ",I,author,I
H,I,author,I
. (,O,O,I
1980,B,year,I
): ,O,O,I
"Das geographische Curriculum - Lernziele, Lehrpläne und Modelle",B,title,I
.- In: ,O,O,I
"KREUZER, G.",B,editor,I
" (Hrsg., ",O,O,I
1980,B,year,I
): ,O,O,I
Didaktik des Geographieunterrichtes,B,source,I
. - ,O,O,I
Hannover,B,other,I
", S. ",O,O,I
66,B,fpage,I
 - ,O,O,I
103,B,lpage,I
". 
",O,O,I
HESKE,B,author,B
", ",I,author,I
H,I,author,I
. (1988): ,O,O,I
... und morgen die ganze Welt: Erdkundeunterricht im Nationalsozialismus,B,title,I
.- ,O,O,I
Gießen,B,other,I
". 
",O,O,I
HÜBNER,B,author,B
", ",I,author,I
R,I,author,I
. (,O,O,I
1953,B,year,I
): ,O,O,I
Die Schulgeographie,B,title,I
.- In: ,O,O,I
"BANSE, E.",B,editor,I
 (,O,O,I
1953,B,year,I
): ,O,O,I
Entwicklung und Aufgabe der Geographie,B,source,I
. - ,O,O,I
Stuttgart,B,other,I
", S. ",O,O,I
208,B,fpage,I
 - ,O,O,I
233,B,lpage,I
". 
",O,O,I
KAMINSKE,B,author,B
", ",I,author,I
V,I,author,I
. (,O,O,I
1985,B,year,I
): ,O,O,I
Schulbücher und Lehrpläne unter dem Gesichtspunkt der Hierarchisierung,B,title,I
.- In: ,O,O,I
Geographie und ihre Didaktik,B,source,I
 ,O,O,I
13,B,volume,I
", S. ",O,O,I
16,B,fpage,I
 - ,O,O,I
32,B,lpage,I
". 
",O,O,I
KAMINSKE,B,author,B
", ",I,author,I
V,I,author,I
. (,O,O,I
1993,B,year,I
.1): ,O,O,I
Überlegungen und Untersuchungen zur Komplexität von Begriffen und Beziehungen im Erdkundeunterricht,B,title,I
.- ,O,O,I
München,B,other,I
". 
",O,O,I
KAMINSKE,B,author,B
", ",I,author,I
V,I,author,I
. (,O,O,I
1993,B,year,I
.2): ,O,O,I
Die Stufung geographischer Inhalte nach ihrer Komplexität,B,title,I
.- In: ,O,O,I
Geographie und ihre Didaktik,B,source,I
 ,O,O,I
21,B,volume,I
", S. ",O,O,I
198,B,fpage,I
 - ,O,O,I
216,B,lpage,I
".
",O,O,I
KAMINSKE,B,author,B
", ",I,author,I
V,I,author,I
. (,O,O,I
1995,B,year,I
): ,O,O,I
Wahrnehmung und Stufung komplexer Inhalte im Geographieunterricht,B,title,I
.- ,O,O,I
München,B,other,I
". 
",O,O,I
KÖCK,B,author,B
", ",I,author,I
H,I,author,I
. (,O,O,I
1977,B,year,I
): ,O,O,I
Ziele des Geographieunterichts seit 1945,B,title,I
.- In: ,O,O,I
Hefte zur Fachdidaktik der Geographie,B,source,I
 ,O,O,I
1,B,volume,I
", H. ",O,O,I
1,B,issue,I
", S. ",O,O,I
3,B,fpage,I
 - ,O,O,I
53,B,lpage,I
". 
",O,O,I
KÖCK,B,author,B
", ",I,author,I
H,I,author,I
. (,O,O,I
1978,B,year,I
): ,O,O,I
Geographie in der Zeitung,B,title,I
.- In: ,O,O,I
Hefte zur Fachdidaktik der Geographie,B,source,I
 ,O,O,I
2,B,volume,I
", H. ",O,O,I
2,B,issue,I
", S. ",O,O,I
63,B,fpage,I
 -,O,O,I
83,B,lpage,I
". 
",O,O,I
KÖCK,B,author,B
", ",I,author,I
H,I,author,I
. (,O,O,I
1979,B,year,I
): ,O,O,I
Die geographische Fragestellung im zielorientierten Geographieunterricht,B,title,I
.- In: ,O,O,I
Geographie im Unterricht,B,source,I
 ,O,O,I
4,B,volume,I
", S. ",O,O,I
253,B,fpage,I
 - ,O,O,I
268,B,lpage,I
". 
",O,O,I
KÖCK,B,author,B
", ",I,author,I
H,I,author,I
. (,O,O,I
1980,B,year,I
): ,O,O,I
Theorie des zielorientierten Geographieunterrichts,B,title,I
.- ,O,O,I
Köln,B,other,I
". 
",O,O,I
KÖCK,B,author,B
", ",I,author,I
H,I,author,I
. (,O,O,I
1982,B,year,I
): ,O,O,I
Schülerinteresse an chorologischer Geographie,B,title,I
.- In: ,O,O,I
Geographie und ihre Didaktik,B,source,I
 ,O,O,I
10,B,volume,I
", S. ",O,O,I
2,B,fpage,I
 - ,O,O,I
26,B,lpage,I
". 
",O,O,I
KÖCK,B,author,B
", ",I,author,I
H,I,author,I
. (,O,O,I
1984,B,year,I
.1): ,O,O,I
Zum Interesse des Schülers an der geographischen Fragestellung,B,title,I
.- In: ,O,O,I
"KÖCK, H.",B,editor,I
" (Hrsg., ",O,O,I
1984,B,year,I
): ,O,O,I
Studien zum Erkenntnisprozeß im Geographieunterricht,B,source,I
. - ,O,O,I
Köln,B,other,I
", S. ",O,O,I
37,B,fpage,I
 - ,O,O,I
112,B,lpage,I
". 
",O,O,I
KÖCK,B,author,B
", ",I,author,I
H,I,author,I
. (,O,O,I
1984,B,year,I
.2): ,O,O,I
Schüler und geographische Begriffe,B,title,I
.- In: ,O,O,I
"KÖCK, H.",B,editor,I
" (Hrsg., ",O,O,I
1984,B,year,I
): ,O,O,I
Studien zum Erkenntnisprozeß im Geographieunterricht,B,source,I
. - ,O,O,I
Köln,B,other,I
", S. ",O,O,I
166,B,fpage,I
 - ,O,O,I
237,B,lpage,I
". 
",O,O,I
KÖCK,B,author,B
", ",I,author,I
H,I,author,I
. (,O,O,I
1984,B,year,I
.3): ,O,O,I
Der Komplexitätsgrad als curriculares Stufungsprinzip,B,title,I
.- In: ,O,O,I
Geographie und ihre Didaktik,B,source,I
 ,O,O,I
12,B,volume,I
", S. ",O,O,I
114,B,fpage,I
 - ,O,O,I
133,B,lpage,I
". 
",O,O,I
KOSMELLA,B,author,B
", ",I,author,I
Chr,I,author,I
. (,O,O,I
1979,B,year,I
): ,O,O,I
Die Entwicklung des „länderkundlichen Verständnisses“,B,title,I
.- ,O,O,I
München,B,other,I
". 
",O,O,I
KREIBICH,B,author,B
", ",I,author,I
B,I,author,I
. (,O,O,I
1977,B,year,I
): ,O,O,I
Stadtplanungsprobleme aus Schülersicht,B,title,I
.- ,O,O,I
Stuttgart,B,other,I
". 
",O,O,I
KRAUSE,B,author,B
", ",I,author,I
A,I,author,I
. (,O,O,I
1929,B,year,I
): ,O,O,I
Die Anfänge des geographischen Unterrichts im 16. Jahrhundert,B,title,I
.- ,O,O,I
Gotha,B,other,I
". 
",O,O,I
KROPATSCHEK,B,author,B
", ",I,author,I
Ph,I,author,I
. (,O,O,I
1883,B,year,I
): ,O,O,I
Zur geschichtlichen Entwicklung des geographischen Unterrichts,B,title,I
.- In: ,O,O,I
Verhandlungen des Deutschen Geographentages,B,source,I
", S. ",O,O,I
117,B,fpage,I
- ,O,O,I
138,B,lpage,I
". 
",O,O,I
KROSS,B,author,B
", ",I,author,I
E,I,author,I
. (,O,O,I
1977,B,year,I
): ,O,O,I
Fremde Länder und Völker im Urteil von Schülern,B,title,I
.- In: ,O,O,I
"HAUBRICH, H.",B,editor,I
" (Hrsg., ",O,O,I
1977,B,year,I
): ,O,O,I
Quantitative Didaktik der Geographie,B,source,I
. - ,O,O,I
Braunschweig,B,other,I
", S. ",O,O,I
192,B,fpage,I
 - ,O,O,I
217,B,lpage,I
". 
",O,O,I
KROSS,B,author,B
", ",I,author,I
E,I,author,I
. (,O,O,I
1989,B,year,I
): ,O,O,I
Wissen und Einstellungen deutscher Schüler zu Lateinamerika,B,title,I
.- In: ,O,O,I
geographie heute,B,source,I
 ,O,O,I
10,B,volume,I
", H. ",O,O,I
70,B,issue,I
", S. ",O,O,I
44,B,fpage,I
 - ,O,O,I
47,B,lpage,I
". 
",O,O,I
KUTSCHERA,B,author,B
", ",I,author,I
F. v.,I,author,I
 (,O,O,I
1972,B,year,I
): ,O,O,I
Wissenschaftstheorie,B,title,I
. Bd. ,O,O,I
1,B,volume,I
 und ,O,O,I
2,B,volume,I
.- ,O,O,I
München,B,other,I
".
",O,O,I
LEUSMANN,B,author,B
", ",I,author,I
Chr,I,author,I
. (,O,O,I
1976,B,year,I
): ,O,O,I
Die Bestimmung geographisch-inhaltsstruktureller Einstellungsdimensionen von Schülern am Gymnasium,B,title,I
.- In: ,O,O,I
Der Erdkundeunterricht,B,source,I
", H. ",O,O,I
24,B,issue,I
", S. ",O,O,I
87,B,fpage,I
 - ,O,O,I
98,B,lpage,I
". 
",O,O,I
LEUSMANN,B,author,B
", ",I,author,I
Chr,I,author,I
. (,O,O,I
1977,B,year,I
): ,O,O,I
"Schülereinstellungen zum Fach Erdkunde, zu Unterrichtsstoffen und fachspezifischen Erarbeitungsformen",B,title,I
.- In: ,O,O,I
"HAUBRICH, H.",B,editor,I
" (Hrsg., ",O,O,I
1977,B,year,I
): ,O,O,I
Quantitative Didaktik der Geographie,B,source,I
. - ,O,O,I
Braunschweig,B,other,I
", S. ",O,O,I
145,B,fpage,I
 - ,O,O,I
180,B,lpage,I
". 
",O,O,I
LEUSMANN,B,author,B
", ",I,author,I
Chr,I,author,I
. (,O,O,I
1979,B,year,I
): ,O,O,I
Zur Bedeutung der Einstellungsdimensionen von Schülern zum Schulfach Erdkunde,B,title,I
.- In: ,O,O,I
Geographie und ihre Didaktik,B,source,I
 ,O,O,I
7,B,volume,I
", S. ",O,O,I
114,B,fpage,I
- ,O,O,I
140,B,lpage,I
". 
",O,O,I
"NIEMZ, G.",B,editor,B
 (Hrsg. ,O,O,I
1989,B,year,I
): ,O,O,I
Das neue Bild des Geographieunterrichts,B,title,I
.- ,O,O,I
Frankfurt,B,other,I
". 
",O,O,I
OBERLÄNDER,B,author,B
", ",I,author,I
H,I,author,I
. (,O,O,I
1875,B,year,I
): ,O,O,I
Geschichte und Methodik des geographischen Unterrichts,B,title,I
.- In: ,O,O,I
"OBERLÄNDER, H.",B,editor,I
 (,O,O,I
1875,B,year,I
): ,O,O,I
Der geographische Unterricht nach den Grundsätzen der Ritter’schen Schule historisch und methodologisch beleuchtet,B,source,I
. - ,O,O,I
Grimma,B,other,I
", S. ",O,O,I
3,B,fpage,I
 - ,O,O,I
124,B,lpage,I
". 
",O,O,I
OBERMAIER,B,author,B
", ",I,author,I
G,I,author,I
. (,O,O,I
1997,B,year,I
.1): ,O,O,I
Strukturen und Entwicklung des geographischen Interesses von GymnasialSchülern in der Unterstufe - eine bayemweite Untersuchung,B,title,I
. - ,O,O,I
München,B,other,I
". 
",O,O,I
OBERMAIER,B,author,B
", ",I,author,I
G,I,author,I
. (,O,O,I
1997,B,year,I
.2): ,O,O,I
Geographieinteresse,B,title,I
. - In: ,O,O,I
geographie heute,B,source,I
", H. ",O,O,I
157,B,issue,I
", S. ",O,O,I
2,B,fpage,I
-,O,O,I
5 ,B,lpage,I
"
",O,O,I
OESER,B,author,B
", ",I,author,I
E,I,author,I
. (,O,O,I
1979,B,year,I
): ,O,O,I
Wissenschaftstheorie als Rekonstruktion der Wissenschaftsgeschichte,B,title,I
.- ,O,O,I
Wien,B,other,I
". 
",O,O,I
PIAGET,B,author,B
", ",I,author,I
J,I,author,I
. & ,O,O,I
al.,B,other,I
 (,O,O,I
1946,B,year,I
/,O,O,I
1971,B,year,I
): ,O,O,I
Die Entwicklung des räumlichen Denkens beim Kinde,B,title,I
.- ,O,O,I
Stuttgart,B,other,I
". 
",O,O,I
PREIS,B,author,B
", ",I,author,I
H,I,author,I
. (,O,O,I
1984,B,year,I
): ,O,O,I
Kognitiver Entwicklungsstand und Abstraktionsgrad der Methode als Prädikatoren der Schulleistung am Beispiel des Leminhaltes „Höhenlinien“,B,title,I
.- In: ,O,O,I
"KÖCK, H.",B,editor,I
 (Hrsg. ,O,O,I
1984,B,year,I
): ,O,O,I
Studien zum Erkenntnisprozeß im Geographieunterricht,B,source,I
.- ,O,O,I
Köln,B,other,I
", S. ",O,O,I
11,B,fpage,I
 - ,O,O,I
36,B,lpage,I
". 
",O,O,I
RICHTER,B,author,B
", ",I,author,I
E,I,author,I
. (,O,O,I
1976,B,year,I
): ,O,O,I
Lernzielorientierter Erdkundeunterricht und Säulenmodell,B,title,I
.- In: ,O,O,I
Geographische Rundschau,B,source,I
 ,O,O,I
28,B,volume,I
", S. ",O,O,I
235,B,fpage,I
 - ,O,O,I
241,B,lpage,I
". 
",O,O,I
RIEDL,B,author,B
", ",I,author,I
R,I,author,I
. (,O,O,I
1980,B,year,I
): ,O,O,I
Biologie der Erkenntnis,B,title,I
.- ,O,O,I
Berlin,B,other,I
". 
",O,O,I
ROST,B,author,B
",",I,author,I
 D. H.,I,author,I
 (,O,O,I
1977,B,year,I
): ,O,O,I
Raum Vorstellung,B,title,I
.- ,O,O,I
Weinheim,B,other,I
". 
",O,O,I
SCHÄFER,B,author,B
", ",I,author,I
G,I,author,I
. (,O,O,I
1984,B,year,I
): ,O,O,I
Die Entwicklung des geographischen Raumverständnisses im Grundschulalter,B,title,I
.- ,O,O,I
Berlin,B,other,I
". 
",O,O,I
SCHNASS,B,author,B
", ",I,author,I
F,I,author,I
. (,O,O,I
1919,B,year,I
): ,O,O,I
Zur Geschichte der Erdkunde als Wissenschaft und Unterrichtsfach,B,title,I
.- In: ,O,O,I
"SCHNASS, F.",B,editor,I
 (,O,O,I
1923,B,year,I
). ,O,O,I
"Lehren und Lernen, Schaffen und Schauen in der Erdkunde",B,source,I
. Teil ,O,O,I
1,B,volume,I
. ,O,O,I
Prag u. a.,B,other,I
", S. ",O,O,I
1,B,fpage,I
 - ,O,O,I
122,B,lpage,I
". 
",O,O,I
SCHRAMKE,B,author,B
", ",I,author,I
W,I,author,I
. (,O,O,I
1975,B,year,I
): ,O,O,I
Zur Paradigmengeschichte der Geographie und ihrer Didaktik,B,title,I
 - ,O,O,I
Göttingen,B,other,I
". 
",O,O,I
SCHRAND,B,author,B
", ",I,author,I
H,I,author,I
. (,O,O,I
1983,B,year,I
): ,O,O,I
Zur Geschichte der Geographie in Schule und Hochschule,B,title,I
- In: ,O,O,I
"MANNZMANN, A.",B,editor,I
" (Hrsg., ",O,O,I
1983,B,year,I
): ,O,O,I
Geschichte der Unterrichtsfächer II,B,source,I
. - ,O,O,I
München,B,other,I
", S. ",O,O,I
75,B,fpage,I
 - ,O,O,I
107,B,lpage,I
".
",O,O,I
SCHRETTENBRUNNER,B,author,B
", ",I,author,I
H,I,author,I
. (,O,O,I
1969,B,year,I
): ,O,O,I
Schülerbefragung zum Erdkundeunterricht,B,title,I
.- In: ,O,O,I
Geographische Rundschau,B,source,I
 ,O,O,I
20,B,volume,I
", S. ",O,O,I
100,B,fpage,I
 - ,O,O,I
106,B,lpage,I
". 
",O,O,I
SCHRETTENBRUNNER,B,author,B
", ",I,author,I
H,I,author,I
. (,O,O,I
1978,B,year,I
): ,O,O,I
Konstruktion und Ergebnisse eines Tests zum Kartenlesen (Kartentest KAT),B,title,I
.- In: ,O,O,I
Der Erdkundeunterricht,B,source,I
", H. ",O,O,I
28,B,issue,I
", S. ",O,O,I
56,B,fpage,I
 - ,O,O,I
75,B,lpage,I
". 
",O,O,I
SCHULTZ,B,author,B
", ",I,author,I
H.-D.,I,author,I
 (,O,O,I
1989,B,year,I
): ,O,O,I
Die Geographie als Bildungsfach im Kaiserreich,B,title,I
.- ,O,O,I
Osnabrück,B,other,I
". 
",O,O,I
SCHULTZE,B,author,B
", ",I,author,I
A,I,author,I
. (,O,O,I
1970,B,year,I
): ,O,O,I
Allgemeine Geographie statt Länderkunde!,B,title,I
- In: ,O,O,I
Geographische Rundschau,B,source,I
 ,O,O,I
21,B,volume,I
", S. ",O,O,I
1,B,fpage,I
 - ,O,O,I
10,B,lpage,I
". 
",O,O,I
SPERLING,B,author,B
", ",I,author,I
W,I,author,I
. (,O,O,I
1965,B,year,I
): ,O,O,I
Kind und Landschaft,B,title,I
.- ,O,O,I
Stuttgart,B,other,I
". 
",O,O,I
SPERLING,B,author,B
", ",I,author,I
W,I,author,I
. (,O,O,I
1969,B,year,I
): ,O,O,I
Stellung und Aufgaben der Didaktik der Geographie im System der geographischen Wissenschaft und im Verhältnis zur Angewandten Geographie,B,title,I
.- In: ,O,O,I
Geographische Rundschau,B,source,I
 ,O,O,I
20,B,volume,I
", S. ",O,O,I
81,B,fpage,I
 - ,O,O,I
88,B,lpage,I
". 
",O,O,I
SPERLING,B,author,B
", ",I,author,I
W,I,author,I
. (,O,O,I
1977,B,year,I
): ,O,O,I
Weitere Aufgaben fachdidaktischer Forschungen,B,title,I
.- In: ,O,O,I
Geographie und ihre Didaktik,B,source,I
 ,O,O,I
5,B,volume,I
", S. ",O,O,I
35,B,fpage,I
 - ,O,O,I
37,B,lpage,I
". 
",O,O,I
SPERLING,B,author,B
", ",I,author,I
W,I,author,I
. (,O,O,I
1978,B,year,I
): ,O,O,I
Geographiedidaktische Quellenkunde,B,title,I
.- ,O,O,I
Duisburg,B,other,I
". 
",O,O,I
SPERLING,B,author,B
", ",I,author,I
W,I,author,I
. (,O,O,I
1981,B,year,I
): ,O,O,I
Geschichte des Geographieunterrichts und der Geographiedidaktik zwischen Geographiegeschichte und Bildungsgeschichte,B,title,I
.- In: ,O,O,I
"SPERLING, W.",B,editor,I
" (Hrsg., ",O,O,I
1981,B,year,I
): ,O,O,I
Theorie und Geschichte des geographischen Unterrichts,B,source,I
. - ,O,O,I
Braunschweig,B,other,I
", S. ",O,O,I
96,B,fpage,I
 - ,O,O,I
117,B,lpage,I
". 
",O,O,I
SPERLING,B,author,B
", ",I,author,I
W,I,author,I
.: ,O,O,I
"s. im übrigen die vollständige Bibliographie der Veröffentlichungen von Walter Sperling,",B,other,I
 in: ,O,O,I
HÄNSGEN,B,author,I
", ",I,author,I
D,I,author,I
./,O,O,I
SCHMID,B,author,I
", ",I,author,I
U,I,author,I
. (,O,O,I
1992,B,year,I
): ,O,O,I
Die Veröffentlichungen von Walter Sperling,B,title,I
.- In: ,O,O,I
"BROGIATO, H. P.",B,editor,I
/ ,O,O,I
"CLOSS, H.-M.",B,editor,I
" (Hrsg., ",O,O,I
1992,B,year,I
): ,O,O,I
Geographie und ihre Didaktik. Festschrift fur Walter Sperling,B,source,I
. Teil ,O,O,I
1,B,volume,I
. - ,O,O,I
Trier,B,other,I
", S. ",O,O,I
7,B,fpage,I
 - ,O,O,I
39,B,lpage,I
". 
",O,O,I
STÜCKRATH,B,author,B
", ",I,author,I
F,I,author,I
. (,O,O,I
1955,B,year,I
): ,O,O,I
Kind und Raum,B,title,I
.- ,O,O,I
München,B,other,I
". 
",O,O,I
TRÖGER,B,author,B
", ",I,author,I
S,I,author,I
. (,O,O,I
1993,B,year,I
): ,O,O,I
Das Afrikabild bei deutschen Schülerinnen und Schülern,B,title,I
.- ,O,O,I
Saarbrücken,B,other,I
". 
",O,O,I
VOIGT,B,author,B
", ",I,author,I
H,I,author,I
. (,O,O,I
1980,B,year,I
): ,O,O,I
Geoökologische Schüleruntersuchungen,B,title,I
.- ,O,O,I
Paderborn,B,other,I
". 
",O,O,I
WAGNER,B,author,B
", ",I,author,I
J,I,author,I
. (,O,O,I
1955,B,year,I
): ,O,O,I
Der erdkundliche Unterricht,B,title,I
.- ,O,O,I
Berlin,B,other,I
". 
",O,O,I
WERLE,B,author,B
", ",I,author,I
O,I,author,I
. (,O,O,I
1992,B,year,I
): ,O,O,I
Kinder und die weite Welt. Ein Plädoyer für die „Ferne“ im Sachunterricht der Grundschule,B,title,I
.- In: ,O,O,I
"BROGIATO, H. P.",B,editor,I
/,O,O,I
"CLOSS, H.-M.",B,editor,I
" (Hrsg., ",O,O,I
1992,B,year,I
): ,O,O,I
Geographie und ihre Didaktik. Festschrift für Walter Sperling,B,source,I
. Teil ,O,O,I
2,B,volume,I
. - ,O,O,I
Trier,B,other,I
", S. ",O,O,I
419,B,fpage,I
 - ,O,O,I
440,B,lpage,I
.,O,O,I
