token,tag,label,ref
Ackermann,B,author,B
", ",I,author,I
H,I,author,I
"., ",O,O,I
Retzar,B,author,I
", ",I,author,I
M,I,author,I
"., ",O,O,I
Mützlitz,B,author,I
", ",I,author,I
S,I,author,I
. & ,O,O,I
Kammler,B,author,I
", ",I,author,I
C,I,author,I
. (,O,O,I
2015,B,year,I
). ,O,O,I
KulturSchule. Kulturelle Bildung und Schulentwicklung,B,title,I
. ,O,O,I
Wiesbaden,B,other,I
: ,O,O,I
Springer VS,B,publisher,I
".
",O,O,I
Bachmann-Medick,B,author,B
", ",I,author,I
D,I,author,I
. (,O,O,I
2006,B,year,I
). ,O,O,I
Cultural Turns. Neuorientierungen in den Kulturwissenschaften,B,title,I
. ,O,O,I
Reinbek bei Hamburg,B,other,I
: ,O,O,I
Rowohlt-Taschenbuch-Verlag,B,publisher,I
".
",O,O,I
"Bayerisches Staatsministerium für Bildung und Kultus, Wissenschaft und Kunst",B,editor,B
 (,O,O,I
2015,B,year,I
). ,O,O,I
Kulturelle Bildung an bayerischen Schulen,B,title,I
. ,O,O,I
München,B,other,I
: ,O,O,I
KM Bayern,B,publisher,I
".
",O,O,I
Bässler,B,author,B
", ",I,author,I
K,I,author,I
. (,O,O,I
2012,B,year,I
). ,O,O,I
Kulturelle Bildung in Migrantenorganisationen,B,title,I
. In ,O,O,I
H. Bockhorst,B,editor,I
", ",O,O,I
V.-l. Reinwand-Weiss,B,editor,I
 & ,O,O,I
W. Zacharias,B,editor,I
" (Hg.), ",O,O,I
Handbuch Kulturelle Bildung,B,source,I
 (S. ,O,O,I
762,B,fpage,I
-,O,O,I
766,B,lpage,I
). ,O,O,I
München,B,other,I
: ,O,O,I
kopaed,B,publisher,I
".
",O,O,I
Bette,B,author,B
", ",I,author,I
J,I,author,I
. & ,O,O,I
Schubert,B,author,I
", ",I,author,I
J.C.,I,author,I
 (,O,O,I
2017,B,year,I
). ,O,O,I
Das erweiterte Raumverständnis aus Schülersicht,B,title,I
. ,O,O,I
Praxis Geographie,B,source,I
", ",O,O,I
47,B,volume,I
(,O,O,I
4,B,issue,I
"}, ",O,O,I
10,B,fpage,I
-,O,O,I
11,B,lpage,I
".
",O,O,I
Blotevogel,B,author,B
", ",I,author,I
H.H.,I,author,I
 (,O,O,I
2003,B,year,I
). ,O,O,I
"„Neue Kulturgeographie"" - Entwicklung, Dimensionen, Potenziale und Risiken einer kulturalistischen Humangeographie",B,title,I
. ,O,O,I
Berichte zur deutschen Landeskunde,B,source,I
", ",O,O,I
7,B,volume,I
/(,O,O,I
1,B,issue,I
"), ",O,O,I
7,B,fpage,I
-,O,O,I
34,B,lpage,I
".
",O,O,I
Bockhorst,B,author,B
", ",I,author,I
H,I,author,I
. (,O,O,I
2012,B,year,I
). ,O,O,I
"„Lernziel Lebenskunst"" in der Kulturellen Bildung",B,title,I
. In ,O,O,I
H. Bockhorst,B,editor,I
", ",O,O,I
V.-l. Reinwand-Weiss,B,editor,I
 & ,O,O,I
W. Zacharias,B,editor,I
" (Hg.), ",O,O,I
Handbuch Kulturelle Bildung,B,source,I
 (S. ,O,O,I
135,B,fpage,I
-,O,O,I
141,B,lpage,I
). ,O,O,I
München,B,other,I
: ,O,O,I
kopaed,B,publisher,I
".
",O,O,I
Britische Regierung,B,editor,B
 (,O,O,I
2013,B,year,I
). ,O,O,I
Cultural Education. A Summary of Programmes and Opportunities. Policy Paper,B,title,I
. Aufgerufen am 06. Dezember 2018 unter ,O,O,I
https://www.gov.uk/government/ publications/cultural-education,B,url,I
"
",O,O,I
BKJ (Bundesakademie für Kulturelle Bildung),B,editor,B
 (,O,O,I
2011,B,year,I
). ,O,O,I
Und noch mal mit Gefühl...: die Rolle der Emotionen in Kultur und Kulturvermittlung,B,title,I
. ,O,O,I
Wolfenbüttel,B,other,I
: ,O,O,I
Bundesakademie für Kulturelle Bildung,B,publisher,I
".
",O,O,I
BKJ (Bundesvereinigung Kulturelle Kinder- und Jugendbildung),B,editor,B
 (,O,O,I
2006,B,year,I
). ,O,O,I
Kulturelle Vielfalt leben lernen. Interkulturelle Kompetenz durch kulturelle Bildung,B,title,I
. ,O,O,I
Remscheid,B,other,I
: ,O,O,I
BKJ,B,publisher,I
".
",O,O,I
BKJ (Bundesvereinigung Kulturelle Kinder- und Jugendbildung),B,editor,B
 (,O,O,I
2012,B,year,I
). ,O,O,I
Künste bilden Persönlichkeiten. Qualitätsrahmen der Fachorganisationen Kultureller Bildung,B,title,I
. ,O,O,I
Remscheid,B,other,I
: ,O,O,I
BKJ,B,publisher,I
".
",O,O,I
Burwitz-Melzer,B,author,B
", ",I,author,I
E,I,author,I
. (,O,O,I
2008,B,year,I
). ,O,O,I
Emotionen im fremdsprachlichen Literaturunterricht,B,title,I
. ,O,O,I
Fremdsprachen Lehren und Lernen (FLuL),B,source,I
", ",O,O,I
37,B,volume,I
", ",O,O,I
27,B,fpage,I
-,O,O,I
63,B,lpage,I
".
",O,O,I
Davidson,B,author,B
", ",I,author,I
J,I,author,I
"., ",O,O,I
Bondi,B,author,I
", ",I,author,I
L,I,author,I
. & ,O,O,I
Smith,B,author,I
", ",I,author,I
M,I,author,I
. (,O,O,I
2007,B,year,I
). ,O,O,I
Emotional Geographies,B,title,I
. ,O,O,I
Aldershot,B,other,I
: ,O,O,I
Ashgate,B,publisher,I
".
",O,O,I
DGfG (Deutsche Gesellschaft für Geographie),B,editor,B
 (,O,O,I
2017,B,year,I
). ,O,O,I
Bildungsstandards im Fach Geographie für den Mittleren Schulabschluss mit Aufgabenbeispielen,B,title,I
. ,O,O,I
Bonn,B,other,I
: ,O,O,I
Selbstverlag der DGfG,B,publisher,I
".
",O,O,I
Deutscher Bundestag,B,editor,B
 (,O,O,I
2007,B,year,I
).,O,O,I
 Kulturelle Bildung,B,title,I
. In ,O,O,I
Deutscher Bundestag,B,editor,I
" (Hg.), ",O,O,I
"Schlussbericht der Enquete-Kommission „ Kultur in Deutschland""",B,source,I
 (S. ,O,O,I
377,B,fpage,I
-,O,O,I
410,B,lpage,I
). ,O,O,I
Berlin,B,other,I
: ,O,O,I
Deutscher Bundestag,B,publisher,I
".
",O,O,I
Deutscher Kulturrat,B,editor,B
 (,O,O,I
2005,B,year,I
). ,O,O,I
Kulturelle Bildung in der Bildungsreformdiskussion,B,title,I
. ,O,O,I
Berlin,B,other,I
: ,O,O,I
Deutscher Kulturrat,B,publisher,I
".
",O,O,I
Deutscher Kulturrat,B,editor,B
 (,O,O,I
2006,B,year,I
). ,O,O,I
Kulturelle Bildung - Eine Herausforderung durch den demografischen Wandel. Stellungnahme des Deutschen Kulturrates,B,title,I
. Aufgerufen am 06. Dezember 2018 unter ,O,O,I
https://www.kulturrat.de/positionen/kulturelle-bildung-herausforderung-demografischen-wandel/,B,url,I
"
",O,O,I
Deutscher Kulturrat,B,editor,B
 (,O,O,I
2007,B,year,I
). ,O,O,I
Interkulturelle Bildung - eine Chance für unsere Gesellschaft,B,title,I
. Aufgerufen am 06. Dezember 2018 unter ,O,O,I
https://www.kulturrat.de/positionen/interkulturelle-bildung/,B,url,I
"
",O,O,I
Deutscher Kulturrat,B,editor,B
 (,O,O,I
2010,B,year,I
). ,O,O,I
Kulturelle Bildung ist Allgemeinbildung! Stellungnahme des Deutschen Kulturrates zum Bildungsbericht 2012 mit dem Schwerpunktthema Kulturelle Bildung,B,title,I
. Aufgerufen am 06. Dezember 2018 unter ,O,O,I
https://www.kulturrat.de/positionen/kulturelle-bildung-ist-allgemeinbildung/,B,url,I
"
",O,O,I
Dewey,B,author,B
", ",I,author,I
J,I,author,I
. (,O,O,I
1949,B,year,I
). ,O,O,I
Demokratie und Erziehung. Eine Einleitung in die philosophische Pädagogik,B,title,I
. ,O,O,I
"Braunschweig, Berlin & Hamburg",B,other,I
: ,O,O,I
Georg Westermann Verlag,B,publisher,I
".
",O,O,I
Dickel,B,author,B
", ",I,author,I
M,I,author,I
. (,O,O,I
2011,B,year,I
). ,O,O,I
Nach Humboldt. Ästhetische Bildung und Geographie,B,title,I
. ,O,O,I
GW-Unterricht,B,source,I
", ",O,O,I
122,B,volume,I
", ",O,O,I
38,B,fpage,I
-,O,O,I
47,B,lpage,I
".
",O,O,I
Dickel,B,author,B
", ",I,author,I
M,I,author,I
. & ,O,O,I
Hoffmann,B,author,I
", ",I,author,I
K.W.,I,author,I
 (,O,O,I
2012,B,year,I
). ,O,O,I
Mit Bildern umgehen - Zwischen Spielraum und Festlegung,B,title,I
. ,O,O,I
Geographie und Schule,B,source,I
", ",O,O,I
54,B,volume,I
(,O,O,I
199,B,issue,I
"), ",O,O,I
12,B,fpage,I
-,O,O,I
19,B,lpage,I
".
",O,O,I
Drewes,B,author,B
", ",I,author,I
J,I,author,I
"., ",O,O,I
Kuntz,B,author,I
", ",I,author,I
J,I,author,I
. & ,O,O,I
Vedder,B,author,I
", ",I,author,I
A,I,author,I
. (,O,O,I
2014,B,year,I
). ,O,O,I
Ästhetische Bildung als Beitrag zur Identitätsentwicklung,B,title,I
. In ,O,O,I
O. Jahraus,B,editor,I
", ",O,O,I
E. Liebau,B,editor,I
", ",O,O,I
E. Poppel,B,editor,I
 & ,O,O,I
E. Wagner,B,editor,I
" (Hg.), ",O,O,I
Gestalten und Erkennen. Ästhetische Bildung und Kompetenz,B,source,I
 (S. ,O,O,I
77,B,fpage,I
-,O,O,I
105,B,lpage,I
). ,O,O,I
Münster & New York,B,other,I
: ,O,O,I
Waxmann,B,publisher,I
".
",O,O,I
Eger,B,author,B
", ",I,author,I
N.A.,I,author,I
 (,O,O,I
2014,B,year,I
). ,O,O,I
Arts Education. Zur Qualität künstlerischer Angebote an Schulen - ein internationaler Vergleich,B,title,I
. ,O,O,I
Bochum,B,other,I
: ,O,O,I
Projekt- Verlag,B,publisher,I
".
",O,O,I
Ermert,B,author,B
", ",I,author,I
K,I,author,I
. (,O,O,I
2009,B,year,I
). ,O,O,I
Was ist Kulturelle Bildung?,B,title,I
. Aufgerufen am 02. August 2017 unter ,O,O,I
http://www.bpb.de/gesellschaft/kultur/kulturelle-bildung/59910/was-ist-kulturelle-bildung?p=all,B,url,I
"
",O,O,I
Feige,B,author,B
", ",I,author,I
D,I,author,I
. (,O,O,I
2012,B,year,I
). ,O,O,I
Zum Verhältnis von Wissenschaft und Kunst,B,title,I
. Aufgerufen am 06. Dezember 2018 unter ,O,O,I
www.dgae.de,B,url,I
"
",O,O,I
Fink,B,author,B
", ",I,author,I
T,I,author,I
. (,O,O,I
2012,B,year,I
). ,O,O,I
Lernkulturforschung in der Kulturellen Bildung. Videographische Rahmenanalyse der Bildungsmöglichkeiten eines Theater- und Tanzprojektes,B,title,I
. ,O,O,I
München,B,other,I
: ,O,O,I
kopaed,B,publisher,I
".
",O,O,I
Fink,B,author,B
", ",I,author,I
T,I,author,I
"., ",O,O,I
HiLL,B,author,I
", ",I,author,I
B,I,author,I
"., ",O,O,I
Reinwand,B,author,I
", ",I,author,I
V.-l.,I,author,I
 & ,O,O,I
Wenzlik,B,author,I
", ",I,author,I
A,I,author,I
. (,O,O,I
2012,B,year,I
). ,O,O,I
"Begrifflich, empirisch, künstlerisch: Forschung im Feld der Kulturellen Bildung",B,title,I
. In ,O,O,I
T. Fink,B,editor,I
", ",O,O,I
B. Hill,B,editor,I
", ",O,O,I
V.-l. Reinwand,B,editor,I
 & ,O,O,I
A. Wenzlik,B,editor,I
" (Hg.), ",O,O,I
"Die Kunst, über Kulturelle Bildung zu forschen. Theorie- und Forschungsansätze",B,source,I
 (S. ,O,O,I
9,B,fpage,I
-,O,O,I
19,B,lpage,I
). ,O,O,I
München,B,other,I
: ,O,O,I
kopaed,B,publisher,I
".
",O,O,I
Fischer,B,author,B
", ",I,author,I
B,I,author,I
. (,O,O,I
2012,B,year,I
). ,O,O,I
Kulturelle Bildung für Nachhaltige Entwicklung,B,title,I
. In ,O,O,I
H. Bockhorst,B,editor,I
", ",O,O,I
V.-l. Reinwand-Weiss,B,editor,I
 & ,O,O,I
W. Zacharias,B,editor,I
" (Hg.), ",O,O,I
Handbuch Kulturelle Bildung,B,source,I
 (S. ,O,O,I
241,B,fpage,I
-,O,O,I
244,B,lpage,I
). ,O,O,I
München,B,other,I
: ,O,O,I
kopaed,B,publisher,I
".
",O,O,I
Frederking,B,author,B
", ",I,author,I
V,I,author,I
. & ,O,O,I
Albrecht,B,author,I
", ",I,author,I
C,I,author,I
. (,O,O,I
2016,B,year,I
). ,O,O,I
"Ästhetische Kommunikation im Literaturunterricht. Theoretische Modellierung und empirische Erforschung unter besonderer Berücksichtigung ,emotionaler Aktivierung'",B,title,I
. In ,O,O,I
M. Krelle,B,editor,I
 & ,O,O,I
W. Senn,B,editor,I
" (Hg.), ",O,O,I
Qualitäten von Deutschunterricht,B,source,I
 (S. ,O,O,I
57,B,fpage,I
-,O,O,I
81,B,lpage,I
). ,O,O,I
Stuttgart,B,other,I
: ,O,O,I
Fillibach bei Klett,B,publisher,I
".
",O,O,I
Frederking,B,author,B
", ",I,author,I
V,I,author,I
. & ,O,O,I
Bayrhuber,B,author,I
", ",I,author,I
H,I,author,I
. (,O,O,I
2017,B,year,I
). ,O,O,I
Fachliche Bildung. Auf dem Weg zu einer fachdidaktischen Bildungstheorie,B,title,I
. In ,O,O,I
H. Bayrhuber,B,editor,I
", ",O,O,I
U. Abraham,B,editor,I
", ",O,O,I
V. Frederking,B,editor,I
", ",O,O,I
W. Jank,B,editor,I
", ",O,O,I
M. Rothgangel,B,editor,I
 & ,O,O,I
H.J. Vollmer,B,editor,I
" (Hg.), ",O,O,I
Auf dem Weg zu einer Allgemeinen Fachdidaktik,B,source,I
 (S. ,O,O,I
205,B,fpage,I
-,O,O,I
247,B,lpage,I
). ,O,O,I
Münster & New York,B,other,I
: ,O,O,I
Waxmann,B,publisher,I
".
",O,O,I
Frevert,B,author,B
", ",I,author,I
U,I,author,I
. & ,O,O,I
Wulf,B,author,I
", ",I,author,I
C,I,author,I
. (,O,O,I
2012,B,year,I
). ,O,O,I
Die Bildung der Gefühle,B,title,I
. ,O,O,I
Zeitschrift für Erziehungswissenschaft,B,source,I
", ",O,O,I
15,B,issue,I
", Supplement ",O,O,I
1,B,issue,I
", ",O,O,I
1,B,fpage,I
-,O,O,I
10,B,lpage,I
. DOI ,O,O,I
10.1007/sl 1618-012-0288-6,B,identifier,I
"
",O,O,I
Fuchs,B,author,B
", ",I,author,I
M,I,author,I
. (,O,O,I
2002,B,year,I
). ,O,O,I
"Kulturelle Bildung, PISA und Co.",B,title,I
 Aufgerufen am 06. Dezember 2018 unter ,O,O,I
https://www.nmz.de/kiz/nachrichten/kulturelle-bildung-pisa-und-co,B,url,I
"
",O,O,I
Fuchs,B,author,B
", ",I,author,I
M,I,author,I
. (,O,O,I
2008,B,year,I
). ,O,O,I
Kulturelle Bildung. Grundlagen - Praxis - Politik,B,title,I
. ,O,O,I
München,B,other,I
: ,O,O,I
kopaed,B,publisher,I
".
",O,O,I
Fuchs,B,author,B
", ",I,author,I
M,I,author,I
. (,O,O,I
2013,B,year,I
). ,O,O,I
Kulturelle Bildung in europäischen Städten unter besonderer Berücksichtigung der Macht der Symbole,B,title,I
. Aufgerufen am 06. Dezember 2018 unter ,O,O,I
http://www. maxfuchs.eu/aufsatze-und-vortrage/,B,url,I
"
",O,O,I
Fuchs,B,author,B
", ",I,author,I
M,I,author,I
. (,O,O,I
2014,B,year,I
). ,O,O,I
Kulturelle Bildung in der (europäischen) Stadt,B,title,I
. Aufgerufen am 06. Dezember 2018 unter ,O,O,I
https://www.bkj.de/neu/artikel/id/7413.html,B,url,I
"
",O,O,I
Fuchs,B,author,B
", ",I,author,I
M,I,author,I
. (,O,O,I
2016,B,year,I
a). ,O,O,I
"Flucht, Zuflucht und Kulturelle Bildung - Anmerkungen zu Möglichkeiten und Grenzen einer ästhetischen Praxis",B,title,I
. Aufgerufen am 06. Dezember 2018 unter ,O,O,I
https://www.kubi-online.de/artikel/flucht-zuflucht-kulturelle-bildung-anmerkungen-moeglichkeiten-grenzen-einer-aesthetischen,B,url,I
"
",O,O,I
Fuchs,B,author,B
", ",I,author,I
M,I,author,I
. (,O,O,I
2016,B,year,I
b). ,O,O,I
Ästhetische Praxis und die Bildung der Gefühle. Ein Versuch zur Beschreibung des Diskursfeldes,B,title,I
. Aufgerufen am 06. Dezember 2018 unter ,O,O,I
http://www.max-fuchs.eu/aufsatze-und-vortrage/,B,url,I
"
",O,O,I
Gans,B,author,B
", ",I,author,I
P,I,author,I
. & ,O,O,I
Hemmer,B,author,I
", ",I,author,I
I,I,author,I
. (,O,O,I
2015,B,year,I
). ,O,O,I
Zum Image der Geographie in Deutschland: Ergebnisse einer empirischen Studie,B,title,I
. ,O,O,I
Leipzig,B,other,I
: ,O,O,I
IfL,B,publisher,I
".
",O,O,I
Gebhard,B,author,B
", ",I,author,I
U,I,author,I
"., ",O,O,I
Rehm,B,author,I
", ",I,author,I
M,I,author,I
. & ,O,O,I
Wellensiek,B,author,I
", ",I,author,I
A,I,author,I
. (,O,O,I
2012,B,year,I
). ,O,O,I
Lernen als das Konstituieren von Sinn,B,title,I
. In ,O,O,I
H. Bayrhuber,B,editor,I
", ",O,O,I
U. Harms,B,editor,I
", ",O,O,I
B. Muszynski,B,editor,I
", ",O,O,I
B. Ralle,B,editor,I
", ",O,O,I
M. Rothgangel,B,editor,I
", ",O,O,I
L.-H. Schön,B,editor,I
", ",O,O,I
H.J. Vollmer,B,editor,I
 & ,O,O,I
H.-G. Weigand,B,editor,I
" (Hg.), ",O,O,I
Formate fachdidaktischer Forschung. Empirische Projekte - historische Analysen - theoretische Grundlegungen,B,source,I
 (S. ,O,O,I
277,B,fpage,I
-,O,O,I
296,B,lpage,I
). ,O,O,I
Münster,B,other,I
: ,O,O,I
Waxmann,B,publisher,I
".
",O,O,I
Gebhardt,B,author,B
", ",I,author,I
H,I,author,I
"., ",O,O,I
Glaser,B,author,I
", ",I,author,I
R,I,author,I
"., ",O,O,I
Radtke,B,author,I
", ",I,author,I
U,I,author,I
. & ,O,O,I
Reuber,B,author,I
", ",I,author,I
P,I,author,I
. (,O,O,I
2007,B,year,I
). ,O,O,I
Verschiedene Antworten auf die Frage nach der Geographie,B,title,I
. In ,O,O,I
H. Gebhardt,B,editor,I
", ",O,O,I
R. Glaser,B,editor,I
", ",O,O,I
U. Radtke,B,editor,I
 & ,O,O,I
P. Reuber,B,editor,I
" (Hg.), ",O,O,I
Geographie. Physische Geographie und Humangeographie,B,source,I
 (S. ,O,O,I
42,B,fpage,I
-,O,O,I
63,B,lpage,I
). ,O,O,I
Heidelberg,B,other,I
: ,O,O,I
Spektrum Akad. Verlag,B,publisher,I
".
",O,O,I
GDSU (Gesellschaft für Didaktik des Sachunterrichts),B,editor,B
 (,O,O,I
2013,B,year,I
). ,O,O,I
Perspektivrahmen Sachunterricht,B,title,I
. ,O,O,I
Bad Heilbrunn,B,other,I
: ,O,O,I
Julius Klinkhardt,B,publisher,I
".
",O,O,I
Göbel,B,author,B
", ",I,author,I
H.K.,I,author,I
 & ,O,O,I
Prinz,B,author,I
", ",I,author,I
S,I,author,I
. (,O,O,I
2015,B,year,I
). ,O,O,I
Die Sinnlichkeit des Sozialen,B,title,I
. ,O,O,I
Bielefeld,B,other,I
: ,O,O,I
transcript,B,publisher,I
".
",O,O,I
Hard,B,author,B
", ",I,author,I
G,I,author,I
. (,O,O,I
1995,B,year,I
). ,O,O,I
Spuren und Spurenleser. Zur Theorie und Ästhetik des Spurenlesens in der Vegetation und anderswo,B,title,I
. ,O,O,I
Osnabrück,B,other,I
: ,O,O,I
Rasch,B,publisher,I
".
",O,O,I
Hard,B,author,B
", ",I,author,I
G,I,author,I
. (,O,O,I
2000,B,year,I
). ,O,O,I
Von melancholischer Geographie,B,title,I
. ,O,O,I
geographische revue,B,source,I
", ",O,O,I
2,B,volume,I
(,O,O,I
2,B,issue,I
"), ",O,O,I
39,B,fpage,I
-,O,O,I
66,B,lpage,I
".
",O,O,I
Hasse,B,author,B
", ",I,author,I
J,I,author,I
. (,O,O,I
1995,B,year,I
). ,O,O,I
Gefühle als Erkenntnisquelle,B,title,I
. ,O,O,I
Frankfurter Beiträge zur Didaktik der Geographie,B,source,I
", ",O,O,I
15,B,volume,I
", ",O,O,I
9,B,fpage,I
-,O,O,I
58,B,lpage,I
".
",O,O,I
Hasse,B,author,B
", ",I,author,I
J,I,author,I
. (,O,O,I
1998,B,year,I
). ,O,O,I
Ästhetische Bildung in der Grundschule,B,title,I
. In ,O,O,I
H.R. Becher,B,editor,I
", ",O,O,I
J. Bennack,B,editor,I
 & ,O,O,I
E. Jürgens,B,editor,I
" (Hg.), ",O,O,I
Taschenbuch Grundschule,B,source,I
 (S.,O,O,I
158,B,fpage,I
-,O,O,I
165,B,lpage,I
). ,O,O,I
Hohengehren,B,other,I
: ,O,O,I
Schneider Verlag,B,publisher,I
".
",O,O,I
Hasse,B,author,B
", ",I,author,I
J,I,author,I
. (,O,O,I
2007,B,year,I
). ,O,O,I
Ästhetische Bildung - Eine doppelte Perspektive ganzheitlichen Lernens,B,title,I
. Aufgerufen am 06. Dezember 2018 unter ,O,O,I
www.widerstreit-sachunterricht.de,B,url,I
"
",O,O,I
Hillmanns,B,author,B
", ",I,author,I
R,I,author,I
. (,O,O,I
2016,B,year,I
). ,O,O,I
Kulturarbeit mit Geflüchteten - kein flüchtiger Gegenstand,B,title,I
. Aufgerufen am 06. Dezember 2018 unter ,O,O,I
https://www. kubi-online.de/artikel/kulturarbeit-gefluechteten-kein-fluechtiger-gegenstand,B,url,I
"
",O,O,I
Hofmann,B,author,B
", ",I,author,I
H,I,author,I
. (,O,O,I
1997,B,year,I
). ,O,O,I
Emotionen in Lern- und Leistungssituationen - eine idiographisch-nomothetische Tagebuchstudie an Lehramtsstudenten im Examen,B,title,I
. ,O,O,I
Universität Regensburg,B,other,I
: ,O,O,I
Selbstverlag,B,publisher,I
".
",O,O,I
Hofmann,B,author,B
", ",I,author,I
R,I,author,I
. & ,O,O,I
Mehren,B,author,I
", ",I,author,I
M,I,author,I
. (,O,O,I
2012,B,year,I
). ,O,O,I
Mapping im Unterricht. Exklusion im öffentlichen Raum als fächerübergreifendes Projekt,B,title,I
. ,O,O,I
Praxis Geographie,B,source,I
", ",O,O,I
1,B,volume,I
", ",O,O,I
8,B,fpage,I
-,O,O,I
11,B,lpage,I
".
",O,O,I
Höttecke,B,author,B
", ",I,author,I
D,I,author,I
. (,O,O,I
2013,B,year,I
). ,O,O,I
Rollen- und Planspiele in der Bildung für nachhaltige Entwicklung,B,title,I
. In ,O,O,I
D. Höttecke,B,editor,I
", ",O,O,I
J. Menthe,B,editor,I
", ",O,O,I
I. Eilks,B,editor,I
 & ,O,O,I
C. Hössle,B,editor,I
" (Hg.), ",O,O,I
Handeln in Zeiten des Klimawandels - Bewerten Lernen als Bildungsaufgabe,B,source,I
 (S. ,O,O,I
95,B,fpage,I
-,O,O,I
112,B,lpage,I
). ,O,O,I
Münster,B,other,I
: ,O,O,I
Waxmann,B,publisher,I
".
",O,O,I
Humboldt,B,author,B
", ",I,author,I
A.v.,I,author,I
 (,O,O,I
2014,B,year,I
). ,O,O,I
Das Graphische Gesamtwerk,B,title,I
. ,O,O,I
Darmstadt,B,other,I
: ,O,O,I
Schneider,B,publisher,I
".
",O,O,I
Immordino-Yang,B,author,B
", ",I,author,I
M.H.,I,author,I
 & ,O,O,I
Damasio,B,author,I
", ",I,author,I
A.R.,I,author,I
 (,O,O,I
2016,B,year,I
). ,O,O,I
"We Feel, Therefore We Learn: The Relevance of Affective and Social Neuroscience to Education",B,title,I
. In ,O,O,I
M.H. Immordino-Yang,B,editor,I
" (Hg.), ",O,O,I
"Emotions, Learning, and the Brain. Exploring the Educational Implications of Affective Neuroscience",B,source,I
 (S. ,O,O,I
27,B,fpage,I
-,O,O,I
42,B,lpage,I
). ,O,O,I
New York & London,B,other,I
: ,O,O,I
W.W. Norton & Company,B,publisher,I
".
",O,O,I
Jung,B,author,B
", ",I,author,I
I,I,author,I
. (,O,O,I
2007,B,year,I
). ,O,O,I
Kulturelle Bildung für Nachhaltige Entwicklung. Persönliches Wachstum für gesellschaftliche Verantwortung,B,title,I
. In ,O,O,I
A. Leicht,B,editor,I
 & ,O,O,I
J. Plum,B,editor,I
" (Hg.), ",O,O,I
Kulturelle Bildung und Bildung für Nachhaltige Entwicklung,B,source,I
 (S. ,O,O,I
33,B,fpage,I
-,O,O,I
42,B,lpage,I
). ,O,O,I
St. Augustin & Berlin,B,other,I
: ,O,O,I
Konrad-Adenauer-Stiftung e.V.,B,publisher,I
"
",O,O,I
Jüdt,B,author,B
", ",I,author,I
N,I,author,I
. (,O,O,I
2014,B,year,I
). ,O,O,I
Bildung ist ästhetisch,B,title,I
. ,O,O,I
Baltmannsweiler,B,other,I
: ,O,O,I
Schneider Verlag Hohengehren,B,publisher,I
".
",O,O,I
Kahlert,B,author,B
", ",I,author,I
J,I,author,I
. (,O,O,I
2007,B,year,I
). ,O,O,I
Ganzheitlich Lernen mit allen Sinnen? Plädoyer für einen Abschied von unergiebigen Begriffen,B,title,I
. Auf gerufen am 06. Dezember 2018 unter ,O,O,I
www.widerstreit-sachunterricht.de,B,url,I
"
",O,O,I
Kestler,B,author,B
", ",I,author,I
F,I,author,I
. (,O,O,I
2015,B,year,I
). ,O,O,I
Einführung in die Didaktik des Geographieunterrichts,B,title,I
. ,O,O,I
Bad Heilbrunn,B,other,I
: ,O,O,I
Julius Klinkhardt,B,publisher,I
".
",O,O,I
Klepacki,B,author,B
", ",I,author,I
L,I,author,I
. & ,O,O,I
Zirfas,B,author,I
", ",I,author,I
J,I,author,I
. (,O,O,I
2012,B,year,I
). ,O,O,I
Die Geschichte der Ästhetischen Bildung,B,title,I
. In ,O,O,I
H. Bockhorst,B,editor,I
", ",O,O,I
V.-l. Reinwand-Weiss,B,editor,I
 & ,O,O,I
W. Zacharias,B,editor,I
" (Hg.), ",O,O,I
Handbuch Kulturelle Bildung,B,source,I
 (S. ,O,O,I
68,B,fpage,I
-,O,O,I
77,B,lpage,I
). ,O,O,I
München,B,other,I
: ,O,O,I
kopaed,B,publisher,I
".
",O,O,I
IGU CGE (International Geographical Union Commission on Geographical Education),B,editor,B
 (,O,O,I
2016,B,year,I
). ,O,O,I
International Charter on Geographical Education,B,title,I
. ,O,O,I
Beijing,B,other,I
: ,O,O,I
IGU,B,publisher,I
".
",O,O,I
Kruckemeyer,B,author,B
", ",I,author,I
F,I,author,I
. (,O,O,I
1993,B,year,I
). ,O,O,I
Wechselbilder eines Schulhofes: Gebrauchswerte - Geldwerte - ästhetische Werte,B,title,I
. In ,O,O,I
J. Hasse,B,editor,I
 & ,O,O,I
W. Isenberg,B,editor,I
" (Hg.), ",O,O,I
Vielperspektivischer Geographieunterricht,B,source,I
 (S. ,O,O,I
27,B,fpage,I
-,O,O,I
37,B,lpage,I
). ,O,O,I
Osnabrück,B,other,I
: ,O,O,I
Selbstverlag,B,publisher,I
".
",O,O,I
KMK (Kultusministerkonferenz),B,editor,B
 (,O,O,I
2013,B,year,I
). ,O,O,I
Empfehlung der Kultusministerkonferenz zur kulturellen Kinder- und Jugendbildung,B,title,I
. ,O,O,I
Berlin,B,other,I
: ,O,O,I
KMK,B,publisher,I
".
",O,O,I
Lethmate,B,author,B
", ",I,author,I
J,I,author,I
. (,O,O,I
2014,B,year,I
). ,O,O,I
Unbelehrbare Geographiedidaktik?,B,title,I
. Aufgerufen am 06. Dezember 2018 unter ,O,O,I
https://www.raumnachrichten.de/diskussionen/1829-juergen-lethmate-unbelehr-bare-geographiedidaktik,B,url,I
"
",O,O,I
Lichau,B,author,B
", ",I,author,I
K,I,author,I
. & ,O,O,I
Wulf,B,author,I
", ",I,author,I
C,I,author,I
. (,O,O,I
2012,B,year,I
). ,O,O,I
Arbeit am Sinn. Anthropologie der Sinne und Kulturelle Bildung,B,title,I
. In ,O,O,I
H. Bockhorst,B,editor,I
", ",O,O,I
V.-l. Reinwand-Weiss,B,editor,I
 & ,O,O,I
W. Zacharias,B,editor,I
" (Hg.), ",O,O,I
Handbuch Kulturelle Bildung,B,source,I
 (S. ,O,O,I
41,B,fpage,I
-,O,O,I
46,B,lpage,I
). ,O,O,I
München,B,other,I
: ,O,O,I
kopaed,B,publisher,I
".
",O,O,I
Liebau,B,author,B
", ",I,author,I
E,I,author,I
. (,O,O,I
2012,B,year,I
). ,O,O,I
Anthropologische Grundlagen,B,title,I
. In ,O,O,I
H. Bockhorst,B,editor,I
", ",O,O,I
V.-l. Reinwand-Weiss,B,editor,I
 & ,O,O,I
W. Zacharias,B,editor,I
" (Hg.), ",O,O,I
Handbuch Kulturelle Bildung,B,source,I
 (S. ,O,O,I
29,B,fpage,I
-,O,O,I
35,B,lpage,I
). ,O,O,I
München,B,other,I
: ,O,O,I
kopaed,B,publisher,I
".
",O,O,I
Liebau,B,author,B
", ",I,author,I
E,I,author,I
. (,O,O,I
2013,B,year,I
). ,O,O,I
Ästhetische Bildung: Eine systematische Annäherung,B,title,I
. ,O,O,I
Zeitschrift für Erziehungswissenschaft,B,source,I
", ",O,O,I
16,B,volume,I
{,O,O,I
3,B,issue,I
"), ",O,O,I
27,B,fpage,I
-,O,O,I
41,B,lpage,I
. DOI ,O,O,I
10.1007/s11618-013-0433-x,B,identifier,I
"
",O,O,I
Liebau,B,author,B
", ",I,author,I
E,I,author,I
. (,O,O,I
2015,B,year,I
a). ,O,O,I
Arenen kultureller Bildung,B,title,I
. In ,O,O,I
J. Zirfas,B,editor,I
" (Hg.), ",O,O,I
Arenen der Ästhetischen Bildung. Zeiten und Bäume kultureller Kämpfe,B,source,I
 (S. ,O,O,I
117,B,fpage,I
-,O,O,I
130,B,lpage,I
). ,O,O,I
Bielefeld,B,other,I
: ,O,O,I
transcript,B,publisher,I
".
",O,O,I
Liebau,B,author,B
", ",I,author,I
E,I,author,I
. (,O,O,I
2015,B,year,I
b). ,O,O,I
Kulturelle Bildung in Zeiten der Globalisierung,B,title,I
. In ,O,O,I
T. Braun,B,editor,I
", ",O,O,I
M. Fuchs,B,editor,I
 & ,O,O,I
W. Zacharias,B,editor,I
" (Hg.), ",O,O,I
Theorien der Kulturpädagogik,B,source,I
 (S. ,O,O,I
102,B,fpage,I
-,O,O,I
113,B,lpage,I
). ,O,O,I
Weinheim,B,other,I
: ,O,O,I
Beltz Juventa,B,publisher,I
".
",O,O,I
Liebau,B,author,B
", ",I,author,I
E,I,author,I
. & ,O,O,I
Wagner,B,author,I
", ",I,author,I
E,I,author,I
. (,O,O,I
2011,B,year,I
). ,O,O,I
UNESCO und die kulturelle Bildung,B,title,I
. Auf gerufen am 06. Dezember 2018 unter ,O,O,I
https://www.bpb.de/gesellschaft/kultur/kulturelle-bildung/60187/unesco?p=all,B,url,I
"
",O,O,I
Mecheril,B,author,B
", ",I,author,I
P,I,author,I
. (,O,O,I
2012,B,year,I
). ,O,O,I
Ästhetische Bildung und Kunstpädagogik. Migrationspädagogische Anmerkungen,B,title,I
. ,O,O,I
Art Education Research,B,source,I
", ",O,O,I
3,B,volume,I
(,O,O,I
6,B,issue,I
"), ",O,O,I
1,B,fpage,I
-,O,O,I
10,B,lpage,I
".
",O,O,I
Meyer,B,author,B
", ",I,author,I
C,I,author,I
. (,O,O,I
2011,B,year,I
). ,O,O,I
Geographische Bildung — Reflexionen zu ihren Grundlagen,B,title,I
. In ,O,O,I
C. Meyer,B,editor,I
", ",O,O,I
R. Henry,B,editor,I
 & ,O,O,I
G. Stöber,B,editor,I
" (Hg.), ",O,O,I
Geographische Bildung. Kompetenzen in didaktischer Forschung und Schulpraxis,B,source,I
 (S. ,O,O,I
11,B,fpage,I
-,O,O,I
35,B,lpage,I
). ,O,O,I
Braunschweig,B,other,I
: ,O,O,I
Westermann,B,publisher,I
".
",O,O,I
Nöthen,B,author,B
", ",I,author,I
E,I,author,I
. (,O,O,I
2015,B,year,I
). ,O,O,I
Aesthetic Mapping Kartographische Reflexion von ästhetischen Erfahrungen während des Reisens,B,title,I
. In ,O,O,I
I. Gryl,B,editor,I
" (Hg.), ",O,O,I
Diercke Methoden. Reflexive Kartenarbeit,B,source,I
 (S. ,O,O,I
201,B,fpage,I
-,O,O,I
207,B,lpage,I
). ,O,O,I
Braunschweig,B,other,I
: ,O,O,I
Westermann,B,publisher,I
".
",O,O,I
Peez,B,author,B
", ",I,author,I
G,I,author,I
. (,O,O,I
2008,B,year,I
). ,O,O,I
Zur Bedeutung ästhetischer Erfahrung für Produktion und Rezeption in gegenwärtigen Konzepten der Kunstpädagogik,B,title,I
. In ,O,O,I
T. Greuel,B,editor,I
 & ,O,O,I
F. Hess,B,editor,I
" (Hg.), ",O,O,I
Musik erfinden. Beiträge zur Unterrichtsforschung,B,source,I
 (S. ,O,O,I
7,B,fpage,I
-,O,O,I
26,B,lpage,I
). ,O,O,I
Aachen,B,other,I
: ,O,O,I
Shaker Verlag,B,publisher,I
".
",O,O,I
Pile,B,author,B
", ",I,author,I
S,I,author,I
. (,O,O,I
2010,B,year,I
). ,O,O,I
Emotions and Affect in Recent Human Geography,B,title,I
. ,O,O,I
Transactions of the Institute of British Geographers,B,source,I
", ",O,O,I
35,B,volume,I
(,O,O,I
1,B,issue,I
"), ",O,O,I
5,B,fpage,I
-,O,O,I
20,B,lpage,I
. DOI ,O,O,I
10.1111/j.1475-5661.2009.00368.x,B,identifier,I
"
",O,O,I
Pöppel,B,author,B
", ",I,author,I
E,I,author,I
. (,O,O,I
2014,B,year,I
). ,O,O,I
Das ästhetische und das mimetische Prinzip als Rahmen der verschiedenen Formen des Wissens,B,title,I
. In ,O,O,I
O. Jahraus,B,editor,I
", ",O,O,I
E. Liebau,B,editor,I
", ",O,O,I
E. Pöppel,B,editor,I
 & ,O,O,I
E. Wagner,B,editor,I
" (Hg.), ",O,O,I
Gestalten und Erkennen. Ästhetische Bildung und Kompetenz,B,source,I
 (S. ,O,O,I
20,B,fpage,I
-,O,O,I
35,B,lpage,I
). ,O,O,I
Münster & New York,B,other,I
: ,O,O,I
Waxmann,B,publisher,I
".
",O,O,I
Preuss,B,author,B
", ",I,author,I
R,I,author,I
. (,O,O,I
2008,B,year,I
). ,O,O,I
Mapping Brackel,B,title,I
. ,O,O,I
Norderstedt,B,other,I
: ,O,O,I
Books on Demand,B,publisher,I
".
",O,O,I
RKB (Rat für Kulturelle Bildung),B,editor,B
 (,O,O,I
2013,B,year,I
). ,O,O,I
Alles immer gut. Mythen Kultureller Bildung,B,title,I
. ,O,O,I
Essen,B,other,I
: ,O,O,I
RKB,B,publisher,I
".
",O,O,I
RKB (Rat für Kulturelle Bildung),B,editor,B
 (,O,O,I
2014,B,year,I
). ,O,O,I
"Schön, dass ihr da seid. Kulturelle Bildung: Teilhabe und Zugänge",B,title,I
. ,O,O,I
Essen,B,other,I
: ,O,O,I
RKB,B,publisher,I
".
",O,O,I
RKB (Rat für Kulturelle Bildung),B,editor,B
 (,O,O,I
2015,B,year,I
). ,O,O,I
"Zur Sache. Kulturelle Bildung: Gegenstände, Praktiken und Felder",B,title,I
. ,O,O,I
Essen,B,other,I
: ,O,O,I
RKB,B,publisher,I
".
",O,O,I
RKB (Rat für Kulturelle Bildung),B,editor,B
 (,O,O,I
2017,B,year,I
). ,O,O,I
Wenn dann. Befunde zu den Wirkungen Kultureller Bildung,B,title,I
. ,O,O,I
Essen,B,other,I
: ,O,O,I
RKB,B,publisher,I
".
",O,O,I
Reinwand,B,author,B
", ",I,author,I
V.-l.,I,author,I
 (,O,O,I
2012,B,year,I
). ,O,O,I
Künstlerische Bildung - Ästhetische Bildung - Kulturelle Bildung,B,title,I
. In ,O,O,I
H. Bockhorst,B,editor,I
", ",O,O,I
V.-l. Reinwand-Weiss,B,editor,I
 & ,O,O,I
W. Zacharias,B,editor,I
" (Hg.), ",O,O,I
Handbuch Kulturelle Bildung,B,source,I
 (S. ,O,O,I
108,B,fpage,I
-,O,O,I
114,B,lpage,I
). ,O,O,I
München,B,other,I
: ,O,O,I
kopaed,B,publisher,I
".
",O,O,I
Rheinberg,B,author,B
", ",I,author,I
F,I,author,I
. (,O,O,I
1999,B,year,I
). ,O,O,I
Motivation und Emotionen im Lernprozeß: Aktuelle Befunde und Forschungsperspektiven,B,title,I
. In ,O,O,I
M. Jerusalem,B,editor,I
 & ,O,O,I
R. Pekrun,B,editor,I
" (Hg.), ",O,O,I
"Emotion, Motivation und Leistung",B,source,I
 (S. ,O,O,I
189,B,fpage,I
-,O,O,I
204,B,lpage,I
). ,O,O,I
Göttingen,B,other,I
: ,O,O,I
Hogrefe,B,publisher,I
".
",O,O,I
Rhode-Jüchtern,B,author,B
", ",I,author,I
T,I,author,I
. (,O,O,I
2013,B,year,I
). ,O,O,I
Perspektivenwechsel,B,title,I
. In ,O,O,I
D. Böhn,B,editor,I
 & ,O,O,I
G. Obermaier,B,editor,I
" (Hg.), ",O,O,I
Wörterbuch der Geographiedidaktik,B,source,I
 (S. ,O,O,I
214,B,fpage,I
-,O,O,I
215,B,lpage,I
). ,O,O,I
Braunschweig,B,other,I
: ,O,O,I
Westermann,B,publisher,I
".
",O,O,I
Richter,B,author,B
", ",I,author,I
D,I,author,I
. (,O,O,I
2011,B,year,I
). ,O,O,I
Politische Bildung durch ästhetische Bildung?,B,title,I
 Aufgerufen am 06. Dezember 2018 unter ,O,O,I
http://www.bpb.de/gesellschaft/bildung/kulturelle-bildung/60329/aesthetische-und-politische-bildung?p=all,B,url,I
"
",O,O,I
Rogh,B,author,B
", ",I,author,I
W,I,author,I
.; ,O,O,I
Berner,B,author,I
", ",I,author,I
N,I,author,I
. & ,O,O,I
Theurer,B,author,I
", ",I,author,I
C,I,author,I
. (,O,O,I
2017,B,year,I
). ,O,O,I
Kreativität - Was kann Kulturelle Bildung hierzu beitragen?,B,title,I
 In ,O,O,I
S. Konietzko,B,editor,I
", ",O,O,I
S. Kuschel,B,editor,I
 & ,O,O,I
V.-l. Reinwand-Weiss,B,editor,I
" (Hg.), ",O,O,I
Von Mythen zu Erkenntnissen. Empirische Forschung in der Kulturellen Bildung,B,source,I
 (S. ,O,O,I
139,B,fpage,I
-,O,O,I
151,B,lpage,I
). ,O,O,I
München,B,other,I
: ,O,O,I
kopaed,B,publisher,I
".
",O,O,I
Röpcke,B,author,B
", ",I,author,I
J,I,author,I
. (,O,O,I
2013,B,year,I
). ,O,O,I
Kulturbegriffe der aktuellen geographischen Debatte,B,title,I
. In ,O,O,I
M. Rolfes,B,editor,I
 & ,O,O,I
A. UhlenwinkeI,B,editor,I
" (Hg.), ",O,O,I
Metzler Handbuch 2.0 Geographieunterricht. Ein Leitfaden für Praxis und Ausbildung,B,source,I
 (S. ,O,O,I
374,B,fpage,I
-,O,O,I
380,B,lpage,I
). ,O,O,I
Braunschweig,B,other,I
: ,O,O,I
Westermann,B,publisher,I
".
",O,O,I
Ruf,B,author,B
", ",I,author,I
B,I,author,I
. & ,O,O,I
Schmitt,B,author,I
", ",I,author,I
M,I,author,I
. (,O,O,I
2014,B,year,I
). ,O,O,I
"Bildung, Standards, Kompetenz. Umstellung auf Bildungsstandards in den ästhetischen Fächern? Ansätze zur Positionierung",B,title,I
. In ,O,O,I
0. Jahraus,B,editor,I
", ",O,O,I
E. Liebau,B,editor,I
", ",O,O,I
E. Pöppel,B,editor,I
 & ,O,O,I
E. Wagner,B,editor,I
" (Hg.), ",O,O,I
Gestalten und Erkennen. Ästhetische Bildung und Kompetenz,B,source,I
 (S. ,O,O,I
62,B,fpage,I
-,O,O,I
76,B,lpage,I
). ,O,O,I
Münster & New York,B,other,I
: ,O,O,I
Waxmann,B,publisher,I
".
",O,O,I
Schallhorn,B,author,B
", ",I,author,I
E,I,author,I
. (,O,O,I
2018,B,year,I
). ,O,O,I
Geographische Bildung tut Not - Über Erfordernisse und Defizite geographischen Unterrichts in den Schulen,B,title,I
. Aufgerufen am 06. Dezember 2018 unter ,O,O,I
http://www.geographischebildung.de/wordpress/?p=6,B,url,I
"
",O,O,I
Schier,B,author,B
", ",I,author,I
C,I,author,I
. (,O,O,I
2014,B,year,I
). ,O,O,I
Raum für kulturelle Bildung in kompetenzorientierten Zeiten oder vom veränderten Umgang mit Wissen und Werten,B,title,I
. In ,O,O,I
C. Schier,B,editor,I
 & ,O,O,I
E. Schwinger,B,editor,I
" (Hg.), ",O,O,I
Interdisziplinarität und Transdisziplinarität als Herausforderung akademischer Bildung. Innovative Konzepte für die Lehre an Hochschulen und Universitäten,B,source,I
 (S. ,O,O,I
29,B,fpage,I
-,O,O,I
44,B,lpage,I
). ,O,O,I
Bielefeld,B,other,I
: ,O,O,I
transcript,B,publisher,I
".
",O,O,I
Schneider,B,author,B
", ",I,author,I
A,I,author,I
. (,O,O,I
2013,B,year,I
). ,O,O,I
Geographiedidaktische Reflexivität Ostdeutsche Mobilitätsfragen im zweiten Blick,B,title,I
. ,O,O,I
Berlin,B,other,I
: ,O,O,I
LIT-Verlag,B,publisher,I
".
",O,O,I
Schomaker,B,author,B
", ",I,author,I
C,I,author,I
. (,O,O,I
2005,B,year,I
). ,O,O,I
Sinn-volle Bildung im Sachunterricht. Über die didaktische Relevanz ästhetischer Zugangsweisen,B,title,I
. Aufgerufen am 06. Dezember 2018 unter ,O,O,I
www.widerstreit-sachunterricht.de/ebenel/didaktiker/schomaker/sinnvoll.pdf,B,url,I
"
",O,O,I
Schorn,B,author,B
", ",I,author,I
B,I,author,I
. (,O,O,I
2009,B,year,I
). ,O,O,I
Prinzipien Kultureller Bildung integrieren. Praxisorientierte Anregungen für Kooperationsprojekte und kulturelle Schulentwicklung. Kulturelle Bildung. Reflexionen. Argumente. Impulse,B,title,I
. ,O,O,I
Kulturelle Schulentwicklung,B,source,I
", ",O,O,I
3,B,volume,I
", ",O,O,I
7,B,fpage,I
-,O,O,I
9,B,lpage,I
".
",O,O,I
Schurr,B,author,B
", ",I,author,I
C,I,author,I
. & ,O,O,I
Strüver,B,author,I
", ",I,author,I
A,I,author,I
. (,O,O,I
2016,B,year,I
). ,O,O,I
"„The Rest"": Geographien des Alltäglichen zwischen Affekt, Emotion und Repräsentation",B,title,I
. ,O,O,I
Geographica Helvetiva,B,source,I
", ",O,O,I
71,B,volume,I
 (,O,O,I
2,B,issue,I
"), ",O,O,I
87,B,volume,I
-,O,O,I
97,B,lpage,I
. DOI ,O,O,I
10.5194/gh-71-87-2016,B,identifier,I
"
",O,O,I
Spinner,B,author,B
", ",I,author,I
K. H.,I,author,I
 (,O,O,I
2008,B,year,I
). ,O,O,I
Perspektiven ästhetischer Bildung. Zwölf Thesen,B,title,I
. In ,O,O,I
C. Vorst,B,editor,I
", ",O,O,I
S. Grosser,B,editor,I
", ",O,O,I
J. Eckhardt,B,editor,I
 & ,O,O,I
R. Burrichter,B,editor,I
" (Hg.), ",O,O,I
Ästhetisches Lernen. Fachdidaktische Grundfragen und praxisorientierte Konzepte im interdisziplinären Kontext von Lehrerbildung und Schule,B,source,I
 (S. ,O,O,I
9,B,fpage,I
-,O,O,I
23,B,lpage,I
). ,O,O,I
Frankfurt am Main u.a.,B,other,I
: ,O,O,I
Peter Lang,B,publisher,I
".
",O,O,I
Streibel,B,author,B
", ",I,author,I
V,I,author,I
. (,O,O,I
2010,B,year,I
). ,O,O,I
Wie viel Geographie braucht der Mensch?,B,title,I
 ,O,O,I
Klett-Themendienst,B,source,I
", ",O,O,I
48,B,volume,I
", ",O,O,I
21,B,fpage,I
-,O,O,I
23,B,lpage,I
".
",O,O,I
Thien,B,author,B
", ",I,author,I
D,I,author,I
. (,O,O,I
2005,B,year,I
). ,O,O,I
After or Beyond Feeling? A Consideration of Affect and Emotion in Geography,B,title,I
. ,O,O,I
Area,B,source,I
 ,O,O,I
37,B,volume,I
(,O,O,I
4,B,issue,I
"), ",O,O,I
450,B,fpage,I
-,O,O,I
454,B,lpage,I
. DOI ,O,O,I
10.1111/j.1475-4762.2005.00643a.x,B,identifier,I
"
",O,O,I
UNESCO,B,editor,B
 (,O,O,I
2006,B,year,I
). ,O,O,I
Road Map for Arts Education,B,title,I
. ,O,O,I
Lissabon,B,other,I
: ,O,O,I
UNESCO,B,publisher,I
".
",O,O,I
Walter,B,author,B
", ",I,author,I
H,I,author,I
. (,O,O,I
1974,B,year,I
). ,O,O,I
Die Abhängigkeit schulischen und sozialen Lernens von emotionalen Faktoren,B,title,I
. In ,O,O,I
H.-J. Ipfling,B,editor,I
" (Hg.), ",O,O,I
Die emotionale Dimension in Unterricht und Erziehung,B,source,I
 (S. ,O,O,I
9,B,fpage,I
-,O,O,I
23,B,lpage,I
). ,O,O,I
München,B,other,I
: ,O,O,I
Ehrenwirth Verlag,B,publisher,I
".
",O,O,I
Wardenga,B,author,B
", ",I,author,I
U,I,author,I
. (,O,O,I
2002,B,year,I
). ,O,O,I
Räume der Geographie - zu Raumbegriffen im Geographieunterricht,B,title,I
. ,O,O,I
"geographie heute, Themenheft „ Geographiedidaktik aktuell""",B,source,I
", ",O,O,I
23,B,volume,I
(,O,O,I
200,B,issue,I
"), ",O,O,I
8,B,fpage,I
-,O,O,I
11,B,lpage,I
".
",O,O,I
Weishaupt,B,author,B
", ",I,author,I
H,I,author,I
. & ,O,O,I
Zimmer,B,author,I
", ",I,author,I
K,I,author,I
. (,O,O,I
2013,B,year,I
). ,O,O,I
Indikatoren kultureller Bildung,B,title,I
. ,O,O,I
"Zeitschrift für Erziehungswissenschaft, Sonderheft",B,source,I
 ,O,O,I
21,B,volume,I
", ",O,O,I
83,B,fpage,I
-,O,O,I
98,B,lpage,I
. DOI ,O,O,I
10.1007/S11618-013-0438-5,B,identifier,I
"
",O,O,I
Wimmer,B,author,B
", ",I,author,I
M,I,author,I
. (,O,O,I
2007,B,year,I
). ,O,O,I
Kulturelle Bildung im Spiegel Nachhaltiger Entwicklung,B,title,I
. In ,O,O,I
A. Leicht,B,editor,I
 & ,O,O,I
J. Plum,B,editor,I
" (Hg.), ",O,O,I
Kulturelle Bildung und Bildung für Nachhaltige Entwicklung,B,source,I
 (S. ,O,O,I
21,B,volume,I
-,O,O,I
2,B,lpage,I
). ,O,O,I
St. Augustin & Berlin,B,other,I
: ,O,O,I
Konrad-Adenauer-Stiftung e.V.,B,publisher,I
"
",O,O,I
Zacharias,B,author,B
", ",I,author,I
W,I,author,I
. (,O,O,I
2001,B,year,I
). ,O,O,I
Kulturpädagogik. Kulturelle Jugendbildung. Eine Einführung,B,title,I
. ,O,O,I
Opladen,B,other,I
: ,O,O,I
Leske & Budrich,B,publisher,I
".
",O,O,I
Zahnen,B,author,B
", ",I,author,I
B,I,author,I
. (,O,O,I
2015,B,year,I
). ,O,O,I
Tragweiten geographischen Denkens,B,title,I
. ,O,O,I
Wien,B,other,I
: ,O,O,I
Passagen Verlag,B,publisher,I
".
",O,O,I
Zukunftsministerium,B,editor,B
 (,O,O,I
2014,B,year,I
). ,O,O,I
Gemeinsam Verantwortung tragen. Bayerische Leitlinien für die Bildung und Erziehung von Kindern bis zum Ende der Grundschulzeit,B,title,I
. ,O,O,I
München,B,other,I
: ,O,O,I
Zukunftsministerium,B,publisher,I
".
",O,O,I
Zürner,B,author,B
", ",I,author,I
C,I,author,I
. (,O,O,I
2015,B,year,I
). ,O,O,I
"Von der „Ästhetischen"" zur „Kulturellen Bildung"" - (heimlicher) Verlust eines kritischen Selbstverständnisses",B,title,I
. ,O,O,I
Pädagogische Bundschau,B,source,I
", ",O,O,I
69,B,volume,I
(,O,O,I
1,B,issue,I
"), ",O,O,I
75,B,fpage,I
-,O,O,I
90,B,lpage,I
.,O,O,I
