token,tag,label,ref
Bathelt,B,author,B
", ",I,author,I
H,I,author,I
"., ",O,O,I
Coe,B,author,I
", ",I,author,I
N.M.,I,author,I
", ",O,O,I
Kerr,B,author,I
", ",I,author,I
W,I,author,I
"., & ",O,O,I
Robert-Nicoud,B,author,I
", ",I,author,I
F,I,author,I
. (,O,O,I
2017,B,year,I
). ,O,O,I
Editorial: Economic Geography IMPULSES,B,title,I
. ,O,O,I
Journal of Economic Geography,B,source,I
", ",O,O,I
36,B,volume,I
(,O,O,I
5,B,issue,I
"), ",O,O,I
927,B,fpage,I
-,O,O,I
933,B,lpage,I
. DOI ,O,O,I
10.1093/jeg/lbx028,B,identifier,I
"
",O,O,I
Bathelt,B,author,B
", ",I,author,I
H,I,author,I
. & ,O,O,I
Glöckler,B,author,I
", ",I,author,I
J,I,author,I
. (,O,O,I
2012,B,year,I
). ,O,O,I
Wirtschaftsgeographie,B,title,I
. ,O,O,I
Stuttgart,B,other,I
: ,O,O,I
Ulmer UTB,B,publisher,I
".
",O,O,I
Barnes,B,author,B
", ",I,author,I
T.J.,I,author,I
 (,O,O,I
2009,B,year,I
). ,O,O,I
Economic Geography,B,title,I
. In ,O,O,I
R. Kitchin,B,editor,I
 & ,O,O,I
N. Thrift,B,editor,I
" (Hg.), ",O,O,I
International Encyclopedia of Human Geography,B,source,I
 (S. ,O,O,I
315,B,fpage,I
-,O,O,I
327,B,lpage,I
). ,O,O,I
Oxford,B,other,I
: ,O,O,I
Elsevier,B,publisher,I
".
",O,O,I
Braun,B,author,B
", ",I,author,I
B,I,author,I
. & ,O,O,I
Schulz,B,author,I
", ",I,author,I
C,I,author,I
. (,O,O,I
2012,B,year,I
). ,O,O,I
Wirtschaftsgeographie,B,title,I
. ,O,O,I
Stuttgart,B,other,I
: ,O,O,I
Ulmer UTB,B,publisher,I
".
",O,O,I
Brugger,B,author,B
", ",I,author,I
P,I,author,I
. & ,O,O,I
Kyburz-Graber,B,author,I
", ",I,author,I
R,I,author,I
. (,O,O,I
2016,B,year,I
). ,O,O,I
Unterrichtssituationen meistern - 20 Fallstudien aus der Sekundarstufe II,B,title,I
. ,O,O,I
Bern,B,other,I
: ,O,O,I
hep,B,publisher,I
".
",O,O,I
Darlington,B,author,B
", ",I,author,I
E,I,author,I
. & ,O,O,I
Dunn,B,author,I
", ",I,author,I
K,I,author,I
. (,O,O,I
2015,B,year,I
). ,O,O,I
Motivations for Case Study Selection in GCSE Geography,B,title,I
. ,O,O,I
Teaching Geography,B,source,I
", ",O,O,I
40,B,volume,I
(,O,O,I
1,B,issue,I
"), ",O,O,I
20,B,fpage,I
-,O,O,I
21,B,lpage,I
".
",O,O,I
DBRC (Design-Based Research Collective),B,editor,B
 (,O,O,I
2003,B,year,I
). ,O,O,I
Design-Based Research: An Emerging Paradigm for Educational Inquiry,B,title,I
. ,O,O,I
Educational Researcher,B,source,I
", ",O,O,I
32,B,volume,I
(,O,O,I
1,B,issue,I
"), ",O,O,I
5,B,fpage,I
-,O,O,I
8,B,lpage,I
. DOI ,O,O,I
10.3102/0013189X032001005,B,identifier,I
".
",O,O,I
DGfG (Deutsche Gesellschaft für Geographie),B,editor,B
 (Hg.) (,O,O,I
92017,B,year,I
). ,O,O,I
Bildungsstandards im Fach Geographie für den Mittleren Schulabschluss mit Aufgabenbeispielen,B,title,I
. ,O,O,I
Bonn,B,other,I
: ,O,O,I
Selbstverlag des DGfG,B,publisher,I
".
",O,O,I
Duda,B,author,B
", ",I,author,I
C,I,author,I
. (,O,O,I
2014,B,year,I
). ,O,O,I
Ganztagsbildung und das Konzept des Regionalen Lernens 21+ - Empirische Studie zur Entwicklung fächerübergreifender Bildungsangebote zum Thema Globalisierung,B,title,I
. ,O,O,I
Geographiedidaktische Forschungen,B,source,I
 (Band ,O,O,I
52,B,volume,I
). ,O,O,I
Münster,B,other,I
: ,O,O,I
MV-Verlag,B,publisher,I
".
",O,O,I
Edelson,B,author,B
", ",I,author,I
D.C.,I,author,I
 (,O,O,I
2002,B,year,I
). ,O,O,I
Design Research: What We Learn When We Engage in Design,B,title,I
. ,O,O,I
The Journal of the Learning Sciences,B,source,I
", ",O,O,I
77,B,volume,I
(,O,O,I
1,B,issue,I
"), ",O,O,I
105,B,fpage,I
- ,O,O,I
121,B,lpage,I
. DOI ,O,O,I
10.1207/S15327809JLS1101_4,B,identifier,I
".
",O,O,I
Einsiedler,B,author,B
", ",I,author,I
W,I,author,I
. (,O,O,I
2011,B,year,I
): ,O,O,I
Unterrichtsentwicklung und didaktische Entwicklungsforschung,B,title,I
. ,O,O,I
Bad Heilbrunn,B,other,I
: ,O,O,I
Klinkhardt,B,publisher,I
".
",O,O,I
Essletzbichler,B,author,B
", ",I,author,I
J,I,author,I
. & ,O,O,I
Rigby,B,author,I
", ",I,author,I
L.G.,I,author,I
 (,O,O,I
2010,B,year,I
). ,O,O,I
Generalized Darwinism and Evolutionary Economic Geography,B,title,I
. In ,O,O,I
R. Boschma,B,editor,I
 & ,O,O,I
R. Martin,B,editor,I
" (Hg.), ",O,O,I
The Handbook of Evolutionary Economic Geography,B,source,I
 (S. ,O,O,I
43,B,fpage,I
-,O,O,I
61,B,lpage,I
). ,O,O,I
Cheltenham,B,other,I
: ,O,O,I
Edward Elgar,B,publisher,I
".
",O,O,I
Euler,B,author,B
", ",I,author,I
D,I,author,I
. (,O,O,I
2014,B,year,I
a). ,O,O,I
Design-Research - A Paradigm Under Development,B,title,I
. In ,O,O,I
D. Euler,B,editor,I
 & ,O,O,I
P.F.E. Sloane,B,editor,I
" (Hg.), ",O,O,I
Design-Based Research,B,source,I
 (S. ,O,O,I
15,B,fpage,I
-,O,O,I
44,B,lpage,I
"), ",O,O,I
Stuttgart,B,other,I
: ,O,O,I
Franz Steiner,B,publisher,I
".
",O,O,I
Euler,B,author,B
", ",I,author,I
D,I,author,I
. (,O,O,I
2014,B,year,I
b). ,O,O,I
Design Principles als Kristallisationspunkt für Praxisgestaltung und wissenschaftliche Erkenntnisgewinnung,B,title,I
. In ,O,O,I
D. Euler,B,editor,I
 & ,O,O,I
P.F.E. Sloane,B,editor,I
" (Hg.), ",O,O,I
Design-Based Research,B,source,I
 (S. ,O,O,I
97,B,fpage,I
-,O,O,I
112,B,lpage,I
). ,O,O,I
Stuttgart,B,other,I
: ,O,O,I
Franz Steiner,B,publisher,I
".
",O,O,I
Feulner,B,author,B
", ",I,author,I
B,I,author,I
"., ",O,O,I
Ohl,B,author,I
", ",I,author,I
U,I,author,I
. & ,O,O,I
Hörmann,B,author,I
", ",I,author,I
I,I,author,I
. (,O,O,I
2015,B,year,I
). ,O,O,I
Design-Based Research - ein Ansatz empirischer Forschung und seine Potenziale für die Geographiedidaktik,B,title,I
. ,O,O,I
Zeitschrift für Geographiedidaktik | Journal of Geography Education,B,source,I
", ",O,O,I
43,B,volume,I
(,O,O,I
3,B,issue,I
"), ",O,O,I
205,B,fpage,I
-,O,O,I
231,B,lpage,I
".
",O,O,I
Flick,B,author,B
", ",I,author,I
U,I,author,I
. (,O,O,I
2012,B,year,I
). ,O,O,I
Qualitative Sozialforschung - Eine Einführung,B,title,I
. ,O,O,I
Reinbek bei Hamburg,B,other,I
: ,O,O,I
Rowohlt,B,publisher,I
".
",O,O,I
Frey,B,author,B
", ",I,author,I
K,I,author,I
. & ,O,O,I
Frey-Eiling,B,author,I
", ",I,author,I
A,I,author,I
. (,O,O,I
2010,B,year,I
). ,O,O,I
Ausgewählte Methoden der Didaktik,B,title,I
. ,O,O,I
Zürich,B,other,I
: ,O,O,I
VDF/UTB,B,publisher,I
".
",O,O,I
Glückler,B,author,B
", ",I,author,I
J,I,author,I
"., ",O,O,I
Schmidt,B,author,I
", ",I,author,I
A.M.,I,author,I
 & ,O,O,I
Wuttke,B,author,I
", ",I,author,I
C,I,author,I
. (,O,O,I
2015,B,year,I
). ,O,O,I
Zwei Erzählungen regionaler Entwicklung in Süddeutschland - vom Sektorenmodell zum Produktionssystem,B,title,I
. ,O,O,I
Zeitschrift für Wirtschaftsgeographie,B,source,I
", ",O,O,I
59,B,volume,I
(,O,O,I
3,B,issue,I
"), ",O,O,I
171,B,fpage,I
-,O,O,I
187,B,lpage,I
. DOI ,O,O,I
10.1515/zfw-2015-0303,B,identifier,I
"
",O,O,I
Gmelch,B,author,B
", ",I,author,I
A,I,author,I
. (,O,O,I
2001,B,year,I
). ,O,O,I
Fallmethode,B,title,I
. In ,O,O,I
G. Schweizer,B,editor,I
 & ,O,O,I
H.M. Selzer,B,editor,I
" (Hg.), ",O,O,I
"Methodenkompetenz lehren und lernen - Beiträge zur Methodendidaktik in Arbeitslehre, Wirtschaftslehre und Wirtschaftsgeographie",B,source,I
 (S. ,O,O,I
113,B,fpage,I
-,O,O,I
119,B,lpage,I
). ,O,O,I
Dettelbach,B,other,I
: ,O,O,I
Roll,B,publisher,I
".
",O,O,I
Goeke,B,author,B
", ",I,author,I
P,I,author,I
. (,O,O,I
2013,B,year,I
). ,O,O,I
Wirtschaftsgeographische Probleme im Unterricht: Das Beispiel Markt,B,title,I
. In ,O,O,I
M. Rolfes,B,editor,I
 & ,O,O,I
A. Uhlenwinkel,B,editor,I
" (Hg.), ",O,O,I
Metzler Handbuch 2.0- Geographieunterricht,B,source,I
 (S. ,O,O,I
544,B,fpage,I
-,O,O,I
551,B,lpage,I
). ,O,O,I
Braunschweig,B,other,I
: ,O,O,I
Westermann,B,publisher,I
".
",O,O,I
Gräsel,B,author,B
", ",I,author,I
C,I,author,I
. (,O,O,I
2011,B,year,I
a). ,O,O,I
Die Kooperation von Forschung und Lehrer/innen bei der Realisierung didaktischer Innovationen,B,title,I
. In ,O,O,I
W. Einsiedler,B,editor,I
" (Hg.), ",O,O,I
Unterrichtsentwicklung und Didaktische Entwicklungsforschung,B,source,I
 (S. ,O,O,I
88,B,fpage,I
-,O,O,I
104,B,lpage,I
). ,O,O,I
Bad Heilbrunn,B,other,I
: ,O,O,I
Klinkhardt,B,publisher,I
".
",O,O,I
Gräsel,B,author,B
", ",I,author,I
C,I,author,I
. (,O,O,I
2011,B,year,I
b). ,O,O,I
Die Verbreitung von Innovationen als Aufgabe der Unterrichtsforschung,B,title,I
. In ,O,O,I
O. Zlatkin-Troitschanskaia,B,editor,I
" (Hg.), ",O,O,I
Stationen Empirischer Bildungsforschung - Traditionslinien und Perspektiven,B,source,I
 (S. ,O,O,I
320,B,fpage,I
-,O,O,I
328,B,lpage,I
). ,O,O,I
Wiesbaden,B,other,I
: ,O,O,I
VS Verlag,B,publisher,I
".
",O,O,I
Gräsel,B,author,B
", ",I,author,I
C,I,author,I
. & ,O,O,I
I,B,author,I
. ,I,author,I
Parchmann,I,author,I
", (",O,O,I
2004,B,year,I
). ,O,O,I
"Die Entwicklung und Implementation von Konzeptensituierten, selbstgesteuerten Lernens",B,title,I
. ,O,O,I
Zeitschrift für Erziehungswissenschaft,B,source,I
", ",O,O,I
7,B,volume,I
 (,O,O,I
3,B,issue,I
", Beiheft), ",O,O,I
171,B,fpage,I
-,O,O,I
184,B,lpage,I
".
",O,O,I
Gropengiesser,B,author,B
", ",I,author,I
H,I,author,I
. (,O,O,I
2008,B,year,I
). ,O,O,I
Qualitative Inhaltsanalyse in der fachdidaktischen Lehr-Lernforschung,B,title,I
. In ,O,O,I
P. Mayring,B,editor,I
 & ,O,O,I
M. Gläser-Zikuda,B,editor,I
" (Hg.), ",O,O,I
Die Praxis der Qualitativen Inhaltsanalyse,B,source,I
 (S. ,O,O,I
172,B,fpage,I
-,O,O,I
189,B,lpage,I
). ,O,O,I
"Weinheim, Basel",B,other,I
: ,O,O,I
Beltz,B,publisher,I
".
",O,O,I
Haversath,B,author,B
", ",I,author,I
J.-B.,I,author,I
 (,O,O,I
2006,B,year,I
): ,O,O,I
"„Ende des Transfers - Alles aussteigen!""",B,title,I
. ,O,O,I
Geographie und ihre Didaktik,B,source,I
 ,O,O,I
34,B,volume,I
(,O,O,I
2,B,issue,I
"), ",O,O,I
49,B,fpage,I
-,O,O,I
62,B,lpage,I
".
",O,O,I
Hemmer,B,author,B
", ",I,author,I
I,I,author,I
. & ,O,O,I
Hemmer,B,author,I
", ",I,author,I
M,I,author,I
. (,O,O,I
2010,B,year,I
). ,O,O,I
"Interesse von Schülerinnen und Schülern an einzelnen Themen, Regionen und Arbeitsweisen des Geographieunterrichts - ein Vergleich zweier Studien aus den Jahren 1995 und 2005",B,title,I
. In ,O,O,I
I. Hemmer,B,editor,I
 & ,O,O,I
M. Hemmer,B,editor,I
" (Hg.), ",O,O,I
"Schülerinteresse an Themen, Pegionen und Arbeitsweisen des Geographieunterrichts. Geographiedidaktische Forschungen",B,source,I
 (Band,O,O,I
46,B,volume,I
) (S. ,O,O,I
65,B,fpage,I
-,O,O,I
145,B,lpage,I
). ,O,O,I
Weingarten,B,other,I
: ,O,O,I
Selbstverlag des HGD,B,publisher,I
".
",O,O,I
Herrington,B,author,B
", ",I,author,I
J,I,author,I
"., ",O,O,I
McKenney,B,author,I
", ",I,author,I
S,I,author,I
"., ",O,O,I
Reeves,B,author,I
", ",I,author,I
T,I,author,I
. & ,O,O,I
Oliver,B,author,I
", ",I,author,I
R,I,author,I
. (,O,O,I
2007,B,year,I
). ,O,O,I
Design-Based Research and Doctoral Students: Guidelines for Preparing a Dissertation Proposal,B,title,I
. In ,O,O,I
C. Montgomerie,B,editor,I
 & ,O,O,I
J. Seale,B,editor,I
" (Hg.), ",O,O,I
"Proceedings of World Conference on Educational Multimedia, Hypermedia and Telecommunications 2007",B,source,I
 (S. ,O,O,I
4089,B,fpage,I
-,O,O,I
4097,B,lpage,I
). ,O,O,I
Chesapeake,B,other,I
: ,O,O,I
AACE,B,publisher,I
".
",O,O,I
Hiller,B,author,B
", ",I,author,I
J,I,author,I
. & ,O,O,I
Kirchner,B,author,I
", ",I,author,I
P,I,author,I
. (,O,O,I
2015,B,year,I
). ,O,O,I
Vernetzte und systemische Wirtschaft - Perspektiven für eine ganzheitliche und akteursbezogene Wirtschaftsgeographie,B,title,I
", ",O,O,I
geographie heute,B,source,I
 ,O,O,I
36,B,volume,I
(,O,O,I
323,B,issue,I
"), ",O,O,I
2,B,fpage,I
-,O,O,I
11,B,lpage,I
".
",O,O,I
Hiller,B,author,B
", ",I,author,I
J,I,author,I
. (,O,O,I
2017,B,year,I
). ,O,O,I
Die Unternehmensfallstudie als Unterrichtsmethode für den Geographieunterricht - Eine Design-Based-Research-Studie,B,title,I
. ,O,O,I
Geographiedidaktische Forschungen,B,source,I
", Band ",O,O,I
67,B,volume,I
. ,O,O,I
Münster,B,other,I
: ,O,O,I
readbox unipress,B,publisher,I
".
",O,O,I
Hüttermann,B,author,B
", ",I,author,I
A,I,author,I
. (,O,O,I
2006,B,year,I
). ,O,O,I
Geographie und Wirtschaft - Synergien oder Konkurrenz im Unterricht?,B,title,I
 In ,O,O,I
E. Kulke,B,editor,I
", ",O,O,I
H. Monheim,B,editor,I
 & ,O,O,I
P. Wittmann,B,editor,I
" (Hg.), ",O,O,I
GrenzWerte. Tagungsberichte und wissenschaftliche Abhandlungen. 55. Deutscher Geographentag Trier 2005,B,source,I
 (S. ,O,O,I
341,B,fpage,I
-,O,O,I
350,B,lpage,I
). ,O,O,I
Berlin,B,other,I
: ,O,O,I
DGfG,B,publisher,I
".
",O,O,I
Kaiser,B,author,B
", ",I,author,I
F-J.,I,author,I
 & ,O,O,I
Kaminski,B,author,I
", ",I,author,I
H,I,author,I
. (,O,O,I
2012,B,year,I
). ,O,O,I
Methodik des Ökonomieunterrichts - Grundlagen eines handlungsorientierten Lernkonzepts mit Beispielen,B,title,I
. ,O,O,I
Bad Heilbrunn,B,other,I
: ,O,O,I
Klinkhardt,B,publisher,I
".
",O,O,I
Kirchner,B,author,B
", ",I,author,I
P,I,author,I
. (,O,O,I
2007,B,year,I
). ,O,O,I
Die Didaktik gesellschaftswissenschaftlicher Fächerverbünde und die Umsetzung historisch-geographischer Forschung,B,title,I
. In ,O,O,I
G. Fritz,B,editor,I
 & ,O,O,I
E. Wittneben,B,editor,I
" (Hg.), ",O,O,I
Landesgeschichte in Forschung und Unterricht,B,source,I
 ,O,O,I
3,B,volume,I
 (S. ,O,O,I
85,B,fpage,I
-,O,O,I
96,B,lpage,I
). ,O,O,I
Stuttgart,B,other,I
: ,O,O,I
Kohlhammer,B,publisher,I
".
",O,O,I
Kirchner,B,author,B
", ",I,author,I
P,I,author,I
. (,O,O,I
2011,B,year,I
). ,O,O,I
Die Cluster-Region Heilbronn-Franken,B,title,I
. ,O,O,I
Ubstadt-Weiher,B,other,I
: ,O,O,I
Regionalkultur,B,publisher,I
".
",O,O,I
Kirchner,B,author,B
", ",I,author,I
P,I,author,I
. & ,O,O,I
Hiller,B,author,I
", ",I,author,I
J,I,author,I
. (,O,O,I
2016,B,year,I
): ,O,O,I
Lernen mit der Region - Unterrichtsmaterialien Heilbronn- Franken,B,title,I
. ,O,O,I
Ubstadt-Weiher,B,other,I
: ,O,O,I
Regionalkultur,B,publisher,I
".
",O,O,I
Köck,B,author,B
", ",I,author,I
H,I,author,I
. (,O,O,I
2008,B,year,I
). ,O,O,I
Exemplarik und Transfer in der Geographie - Erkenntnis- und lerntheoretische Grundlagen,B,title,I
. ,O,O,I
Geographie und Schule,B,source,I
", ",O,O,I
30,B,volume,I
(,O,O,I
176,B,issue,I
"), ",O,O,I
11,B,fpage,I
-,O,O,I
18,B,lpage,I
".
",O,O,I
Krüger,B,author,B
", ",I,author,I
M,I,author,I
. (,O,O,I
2010,B,year,I
). ,O,O,I
Das Lernszenario VideoLern: Selbstgesteuertes und kooperatives Lernen mit Vorlesungsaufzeichnungen. Eine Design- Based-Fesearch Studie,B,title,I
. Aufgerufen am 18.09.2017 unter: ,O,O,I
http://athene-forschung.unibw.de/doc/88469/88469.pdf,B,url,I
"
",O,O,I
Kuckartz,B,author,B
", ",I,author,I
U,I,author,I
. (,O,O,I
2014,B,year,I
). ,O,O,I
"Qualitative Inhaltsanalyse. Methoden, Praxis, Computerunterstützung",B,title,I
. ,O,O,I
"Weinheim, Basel",B,other,I
: ,O,O,I
Beltz Juventa,B,publisher,I
".
",O,O,I
Lee,B,author,B
", ",I,author,I
J,I,author,I
. & ,O,O,I
Catling,B,author,I
", ",I,author,I
S,I,author,I
. (,O,O,I
2016,B,year,I
). ,O,O,I
What Do Geography Textbook Authors in England Consider When They Design Content and Select Case Studies?,B,title,I
 ,O,O,I
International Research in Geographical and Environmental Education,B,source,I
", ",O,O,I
26,B,volume,I
(,O,O,I
4,B,issue,I
"), ",O,O,I
342,B,fpage,I
-,O,O,I
356,B,lpage,I
. DOI ,O,O,I
10.1080/10382046.2016.1220125,B,identifier,I
"
",O,O,I
Liefner,B,author,B
", ",I,author,I
I,I,author,I
. & ,O,O,I
Schätzl,B,author,I
", ",I,author,I
L,I,author,I
. (,O,O,I
2017,B,year,I
). ,O,O,I
Theorien der Wirtschaftsgeographie,B,title,I
. ,O,O,I
Paderborn,B,other,I
: ,O,O,I
Ferdinand Schöningh,B,publisher,I
".
",O,O,I
Mandl,B,author,B
", ",I,author,I
H,I,author,I
"., ",O,O,I
Gruber,B,author,I
", ",I,author,I
H,I,author,I
. & ,O,O,I
Renkl,B,author,I
", ",I,author,I
A,I,author,I
. (,O,O,I
2002,B,year,I
). ,O,O,I
Situiertes Lernen in multimedialen Lernumgebungen,B,title,I
. In ,O,O,I
L. Issing,B,editor,I
 & ,O,O,I
P. Klimsa,B,editor,I
" (Hg.), ",O,O,I
Information und Lernen mit Multimedia und Internet - Lehrbuch für Studium und Praxis,B,source,I
 (S. ,O,O,I
139,B,fpage,I
-,O,O,I
148,B,lpage,I
). ,O,O,I
Weinheim,B,other,I
: ,O,O,I
Beltz,B,publisher,I
".
",O,O,I
Massing,B,author,B
", ",I,author,I
P,I,author,I
. (,O,O,I
2006,B,year,I
). ,O,O,I
Ökonomische Bildung in der Schule. Positionen und Kontroversen,B,title,I
. In ,O,O,I
G. Weisseno,B,editor,I
" (Hg.), ",O,O,I
Politik und Wirtschaft unterrichten,B,source,I
 (S. ,O,O,I
80,B,fpage,I
-,O,O,I
92,B,lpage,I
). ,O,O,I
Wiesbaden,B,other,I
: ,O,O,I
VS Verlag für Sozialwissenschaften,B,publisher,I
".
",O,O,I
Mathes,B,author,B
", ",I,author,I
K,I,author,I
. (,O,O,I
2011,B,year,I
). ,O,O,I
Wirtschaft unterrichten,B,title,I
. ,O,O,I
Haam-Gruiten,B,other,I
: ,O,O,I
Europa-Lehrmittel,B,publisher,I
".
",O,O,I
Mayring,B,author,B
", ",I,author,I
P,I,author,I
. (,O,O,I
2010,B,year,I
). ,O,O,I
Qualitative Inhaltsanalyse - Grundlagen und Techniken,B,title,I
. ,O,O,I
"Weinheim, Basel",B,other,I
: ,O,O,I
Beltz,B,publisher,I
".
",O,O,I
McKenney,B,author,B
", ",I,author,I
S,I,author,I
. & ,O,O,I
Reeves,B,author,I
", ",I,author,I
T,I,author,I
. (,O,O,I
2012,B,year,I
). ,O,O,I
Conducting Educational Design Fesearch,B,title,I
. ,O,O,I
"London, New York",B,other,I
: ,O,O,I
Routledge,B,publisher,I
".
",O,O,I
Meier,B,author,B
", ",I,author,I
B,I,author,I
. (,O,O,I
2013,B,year,I
). ,O,O,I
Wirtschaft und Technik unterrichten lernen,B,title,I
. ,O,O,I
München,B,other,I
: ,O,O,I
Oldenbourg,B,publisher,I
".
",O,O,I
"MKJS (Ministerium für Kultus, Jugend und Sport Baden-Württemberg)",B,editor,B
 (,O,O,I
2004,B,year,I
a). ,O,O,I
Bildungsplan Realschule Baden-Württemberg 2004,B,title,I
. Aufgerufen am 09.01.2018 unter: ,O,O,I
"http://www.bildungsplaene-bw.de/,Lde/LS/BP2004-2015",B,url,I
"
",O,O,I
"MKJS (Ministerium für Kultus, Jugend und Sport Baden-Württemberg)",B,editor,B
 (,O,O,I
2004,B,year,I
b). ,O,O,I
Bildungsplan allgemein bildende Gymnasien Baden-Württemberg 2004,B,title,I
. Aufgerufen am 09.01.2018 unter: ,O,O,I
"http://www.bildungsplaene-bw.de/,Lde/LS/BP2004-2015",B,url,I
"
",O,O,I
"MKJS (Ministerium für Kultus, Jugend und Sport Baden-Württemberg)",B,editor,B
 (,O,O,I
2012,B,year,I
). ,O,O,I
Bildungsplan Werkrealschule Baden-Württemberg 2012,B,title,I
. Aufgerufen am 09.01.2018 unter: ,O,O,I
"http://www.bildungsplaene-bw.de/,Lde/LS/BP2004-2015",B,url,I
"
",O,O,I
"MKJS (Ministerium für Kultus, Jugend und Sport Baden-Württemberg)",B,editor,B
 (,O,O,I
2016,B,year,I
). ,O,O,I
Bildungsplan 2016,B,title,I
. Aufgerufen am 09.01.2018 unter: ,O,O,I
http://www.bildungsplaene-bw.de,B,url,I
"
",O,O,I
Petri,B,author,B
", ",I,author,I
J,I,author,I
. (,O,O,I
2014,B,year,I
). ,O,O,I
Fallstudien zur Analyse von Lernpfaden,B,title,I
. In ,O,O,I
D. Krüger,B,editor,I
", ",O,O,I
I. Parchmann,B,editor,I
 & ,O,O,I
H. Schecker,B,editor,I
" (Hg.), ",O,O,I
Methoden in der naturwissenschaftsdidaktischen Forschung,B,source,I
 (S. ,O,O,I
95,B,fpage,I
-,O,O,I
105,B,lpage,I
). ,O,O,I
"Berlin, Heidelberg",B,other,I
: ,O,O,I
Springer Spektrum,B,publisher,I
".
",O,O,I
Plomp,B,author,B
", ",I,author,I
T,I,author,I
. (,O,O,I
2013,B,year,I
). ,O,O,I
Educational Design Research: An Introduction,B,title,I
. In ,O,O,I
T. Plomp,B,editor,I
 & ,O,O,I
N. Nieveen,B,editor,I
" (Hg.), ",O,O,I
Educational Design Fesearch - Part,B,source,I
 ,O,O,I
A,B,volume,I
 (S. ,O,O,I
10,B,fpage,I
-,O,O,I
51,B,lpage,I
). ,O,O,I
Enschede,B,other,I
: ,O,O,I
SLO - Netherlands Institute for Curriculum Development,B,publisher,I
".
",O,O,I
Reinfried,B,author,B
", ",I,author,I
S,I,author,I
. (,O,O,I
2015,B,year,I
a). ,O,O,I
Der Einfluss kognitiver und motivationaler Faktoren auf die Konstruktion hydrologischen Wissens - eine Analyse individueller Lernpfade,B,title,I
. ,O,O,I
Zeitschrift für Geographiedidaktik | Journal of Geography Education,B,source,I
 ,O,O,I
43,B,volume,I
(,O,O,I
2,B,issue,I
"), ",O,O,I
107,B,fpage,I
-,O,O,I
138,B,lpage,I
".
",O,O,I
Reinfried,B,author,B
", ",I,author,I
S,I,author,I
. (,O,O,I
2015,B,year,I
b). ,O,O,I
Direkte Instruktion,B,title,I
. In ,O,O,I
S. Reinfried,B,editor,I
 & ,O,O,I
H. Haubrich,B,editor,I
" (Hg.), ",O,O,I
Geographie unterrichten lernen - Die Didaktik der Geographie,B,source,I
 (S. ,O,O,I
134,B,fpage,I
-,O,O,I
141,B,lpage,I
). ,O,O,I
Berlin,B,other,I
: ,O,O,I
Cornelsen,B,publisher,I
".
",O,O,I
Reinfried,B,author,B
", ",I,author,I
S,I,author,I
. & ,O,O,I
Tempelmann,B,author,I
", ",I,author,I
S,I,author,I
. (,O,O,I
2014,B,year,I
). ,O,O,I
Wie Vorwissen das Lernen beeinflusst - Eine Lernprozessstudie zur Wissenskonstruktion des Treibhauseffekt-Konzepts,B,title,I
. ,O,O,I
Zeitschrift für Geographiedidaktik | Journal of Geography Education,B,source,I
", ",O,O,I
42,B,volume,I
(,O,O,I
1,B,issue,I
"), ",O,O,I
31,B,fpage,I
-,O,O,I
56,B,lpage,I
".
",O,O,I
Reinmann,B,author,B
", ",I,author,I
G,I,author,I
. (,O,O,I
2005,B,year,I
). ,O,O,I
Innovation ohne Forschung? Ein Plädoyer für den Design-Based Research Ansatz,B,title,I
. ,O,O,I
Unterrichtswissenschaft,B,source,I
", ",O,O,I
33,B,volume,I
(,O,O,I
1,B,issue,I
"), ",O,O,I
52,B,fpage,I
-,O,O,I
69.,B,lpage,I
"
",O,O,I
"Reinmann, G.",B,editor,B
 & ,O,O,I
"Kahlert, J.",B,editor,I
 (Hg.) (,O,O,I
2007,B,year,I
). ,O,O,I
Der Nutzen wird vertagt - Bildungswissenschaften im Spannungsfeld zwischen wissenschaftlicher Profilbildung und praktischem Mehrwert,B,title,I
. ,O,O,I
Lengerich,B,other,I
: ,O,O,I
Pabst,B,publisher,I
".
",O,O,I
Riemeier,B,author,B
", ",I,author,I
T,I,author,I
. (,O,O,I
2005,B,year,I
). ,O,O,I
Biologie verstehen: Die Zelltheorie. Beiträge zur Didaktischen Rekonstruktion,B,title,I
", Band ",O,O,I
7,B,volume,I
. ,O,O,I
Oldenburg,B,other,I
: ,O,O,I
Didaktisches Zentrum Carl von Ossietzky Universität,B,publisher,I
".
",O,O,I
Schneider,B,author,B
", ",I,author,I
A,I,author,I
. (,O,O,I
2013,B,year,I
). ,O,O,I
Problemorientierung und Reflexivität,B,title,I
. In ,O,O,I
D. Kanwischer,B,editor,I
 (Hg.). ,O,O,I
Geographiedidaktik,B,source,I
 (S. ,O,O,I
34,B,fpage,I
-,O,O,I
45,B,lpage,I
"), ",O,O,I
Stuttgart,B,other,I
: ,O,O,I
Gebr. Borntraeger,B,publisher,I
".
",O,O,I
Schockemöhle,B,author,B
", ",I,author,I
J,I,author,I
. (,O,O,I
2009,B,year,I
). ,O,O,I
Außerschulisches regionales Lernen als Bildungsstrategie für eine nachhaltige Entwicklung des Konzeptes „Regionales Lernen 21+“,B,title,I
. ,O,O,I
Geographiedidaktische Forschungen,B,source,I
", Band ",O,O,I
44,B,volume,I
. ,O,O,I
Weingarten,B,other,I
: ,O,O,I
Selbstverlag des HGD,B,publisher,I
".
",O,O,I
Steffe,B,author,B
", ",I,author,I
L,I,author,I
. & ,O,O,I
D'Ambrosio,B,author,I
", ",I,author,I
B,I,author,I
. (,O,O,I
1996,B,year,I
). ,O,O,I
Using Teaching Experiments to Enhance Understanding of Students' Mathematics,B,title,I
. In ,O,O,I
D. Treagust,B,editor,I
", ",O,O,I
R. Duit,B,editor,I
 & ,O,O,I
B. Fraser,B,editor,I
" (Hg.), ",O,O,I
Improving Teaching and Learning in Science and Mathematics,B,source,I
 (S. ,O,O,I
65,B,fpage,I
-,O,O,I
78,B,lpage,I
). ,O,O,I
Columbia University,B,other,I
: ,O,O,I
Teachers College Press,B,publisher,I
".
",O,O,I
Tekrob GmbH,B,editor,B
 (,O,O,I
2015,B,year,I
). ,O,O,I
Firmenhomepage,B,title,I
. Aufgerufen am 09.01.2018 unter ,O,O,I
http://www.tekrob.de,B,url,I
"
",O,O,I
Thomi,B,author,B
", ",I,author,I
W,I,author,I
. (,O,O,I
2012,B,year,I
). ,O,O,I
Neue Wirtschaftsgeographien? - Zum fachwissenschaftlichen Entwicklungs(zu)stand der Wirtschaftsgeographie,B,title,I
. ,O,O,I
Zeitschrift für Wirtschaftsgeographie,B,source,I
", ",O,O,I
56,B,volume,I
(,O,O,I
4,B,issue,I
"), ",O,O,I
274,B,fpage,I
-,O,O,I
283,B,lpage,I
".
",O,O,I
Van den Akker,B,author,B
", ",I,author,I
J,I,author,I
. (,O,O,I
1999,B,year,I
). ,O,O,I
Principles and Methods of Development Research,B,title,I
. In ,O,O,I
J. van den Akker,B,editor,I
", ",O,O,I
R. Branch,B,editor,I
", ",O,O,I
K. Gustafson,B,editor,I
", ",O,O,I
N. Nieveen,B,editor,I
 & ,O,O,I
T. Plomp,B,editor,I
" (Hg.), ",O,O,I
Design Approaches and Tools in Education and Training,B,source,I
 (S. ,O,O,I
1,B,fpage,I
-,O,O,I
14,B,lpage,I
"), ",O,O,I
Dordrecht,B,other,I
: ,O,O,I
Kluwer Academic Publishers,B,publisher,I
".
",O,O,I
Weber,B,author,B
", ",I,author,I
A,I,author,I
. (,O,O,I
2012,B,year,I
): ,O,O,I
"Problemorientiertes Lernen - Was ist das, und wie geht das?",B,title,I
 ,O,O,I
Pädagogik,B,source,I
", ",O,O,I
64,B,volume,I
(,O,O,I
7/8,B,issue,I
"), ",O,O,I
32,B,fpage,I
-,O,O,I
35,B,lpage,I
".
",O,O,I
Weitz,B,author,B
", ",I,author,I
B. O.,I,author,I
 (,O,O,I
2007,B,year,I
). ,O,O,I
Fallstudien im Ökonomieunterricht,B,title,I
. In ,O,O,I
T. Retzmann,B,editor,I
" (Hg.), ",O,O,I
Methodentraining für den Ökonomieunterricht,B,source,I
 (S. ,O,O,I
101,B,fpage,I
-,O,O,I
120,B,lpage,I
). ,O,O,I
Schwalbach,B,other,I
: ,O,O,I
Wochenschau,B,publisher,I
".
",O,O,I
Wilbers,B,author,B
", ",I,author,I
J,I,author,I
. & ,O,O,I
Duit,B,author,I
", ",I,author,I
R,I,author,I
. (,O,O,I
2001,B,year,I
). ,O,O,I
Untersuchungen zur Mikro-Struktur des analogischen Denkens in Teaching Experiments,B,title,I
. In ,O,O,I
S. von Aufschnaiter,B,editor,I
 & ,O,O,I
M. Welzel,B,editor,I
" (Hg.), ",O,O,I
Nutzung von Videodaten zur Untersuchung von Lehr- Lern-Prozessen,B,source,I
 (S. ,O,O,I
143,B,fpage,I
-,O,O,I
156,B,lpage,I
). ,O,O,I
Münster,B,other,I
: ,O,O,I
Waxmann,B,publisher,I
".
",O,O,I
Wilhelm,B,author,B
", ",I,author,I
T,I,author,I
. & ,O,O,I
Hopf,B,author,I
", ",I,author,I
M,I,author,I
. (,O,O,I
2014,B,year,I
). ,O,O,I
Design-Forschung,B,title,I
. In: ,O,O,I
D. Krüger,B,editor,I
", ",O,O,I
I. Parchmann,B,editor,I
 & ,O,O,I
H. Schecket,B,editor,I
" (Hg.), ",O,O,I
Methoden in der naturwissenschaftsdidaktischen Forschung,B,source,I
 (S. ,O,O,I
31,B,fpage,I
-,O,O,I
42,B,lpage,I
). ,O,O,I
"Berlin, Heidelberg",B,other,I
: ,O,O,I
Springer Spektrum,B,publisher,I
".
",O,O,I
Witzel,B,author,B
", ",I,author,I
A,I,author,I
. (,O,O,I
2000,B,year,I
). ,O,O,I
Das problemzentrierte Interview. Forum Qualitative Sozialforschung,B,title,I
. Aufgerufen am 09.01.2018 unter: ,O,O,I
http://www.qualitative-research.net/index.php/fqs/article/view/%201132/2519,B,url,I
