token,tag,label,ref
Applis,B,author,B
", ",I,author,I
S,I,author,I
. & ,O,O,I
Fögele,B,author,I
", ",I,author,I
J,I,author,I
. (,O,O,I
2014,B,year,I
). ,O,O,I
"Professionalisierung als Aufgabe der dritten Ausbildungsphase in der Lehrerbildung zur Umsetzung der Bildungsstandards: Theoretische, methodologische und empirische Herausforderungen für die fachdidaktische Forschung zur Qualifikation von Geographielehrkräften",B,title,I
. ,O,O,I
Zeitschrift für Geographiedidaktik | Journal of Geography Education,B,source,I
", ",O,O,I
42,B,volume,I
(,O,O,I
4,B,issue,I
"), ",O,O,I
193,B,fpage,I
-,O,O,I
212,B,lpage,I
".
",O,O,I
Baumert,B,author,B
", ",I,author,I
J,I,author,I
. & ,O,O,I
Kunter,B,author,I
", ",I,author,I
M,I,author,I
. (,O,O,I
2006,B,year,I
). ,O,O,I
Stichwort: Professionelle Kompetenz von Lehrkräften,B,title,I
. ,O,O,I
Zeitschrift für Erziehungswissenschaft,B,source,I
", ",O,O,I
9,B,volume,I
(,O,O,I
4,B,issue,I
"), ",O,O,I
469,B,fpage,I
-,O,O,I
520,B,lpage,I
".
",O,O,I
Bette,B,author,B
", ",I,author,I
J,I,author,I
. & ,O,O,I
Fögele,B,author,I
", ",I,author,I
J,I,author,I
. (,O,O,I
2015,B,year,I
). ,O,O,I
Mit Basiskonzepten Aufgaben strukturieren und fachliches Denken diagnostizieren,B,title,I
. ,O,O,I
Praxis Geographie,B,source,I
", ",O,O,I
45,B,volume,I
(,O,O,I
7/8,B,issue,I
"), ",O,O,I
34,B,fpage,I
-,O,O,I
39,B,lpage,I
".
",O,O,I
Beyer,B,author,B
", ",I,author,I
I,I,author,I
. (,O,O,I
2011,B,year,I
). ,O,O,I
Natura - Biologie für Gymnasien: Basiskonzepte. Sekundarstufe I und II,B,title,I
. ,O,O,I
"Stuttgart, Leipzig",B,other,I
: ,O,O,I
Klett,B,publisher,I
".
",O,O,I
Blumer,B,author,B
", ",I,author,I
H,I,author,I
. (,O,O,I
1969,B,year,I
). ,O,O,I
Symbiotic Interactionism: Perspectives and Methods,B,title,I
. ,O,O,I
Englewood Cliffs,B,other,I
: ,O,O,I
Prentice Hall,B,publisher,I
".
",O,O,I
Bohnsack,B,author,B
", ",I,author,I
R,I,author,I
. (,O,O,I
2011,B,year,I
). ,O,O,I
Praxeologische Wissenssoziologie,B,title,I
. In ,O,O,I
R. Bohnsack,B,editor,I
", ",O,O,I
W. Marotzki,B,editor,I
 & ,O,O,I
M. Meuser,B,editor,I
" (Hg.), ",O,O,I
Hauptbegriffe qualitativer Sozialforschung,B,source,I
 (S. ,O,O,I
137,B,fpage,I
-,O,O,I
138,B,lpage,I
). ,O,O,I
Opladen [u.a.],B,other,I
: ,O,O,I
Budrich,B,publisher,I
".
",O,O,I
Bohnsack,B,author,B
", ",I,author,I
R,I,author,I
. (,O,O,I
2007,B,year,I
). ,O,O,I
Rekonstruktive Sozialforschung: Einführung in qualitative Methoden,B,title,I
. ,O,O,I
Opladen [u.a.],B,other,I
: ,O,O,I
Budrich,B,publisher,I
".
",O,O,I
Borsdorf,B,author,B
", ",I,author,I
A,I,author,I
. (,O,O,I
2007,B,year,I
). ,O,O,I
Geographisch denken und wissenschaftlich arbeiten,B,title,I
. ,O,O,I
Berlin [u.a.],B,other,I
: ,O,O,I
"Springer, Spektrum",B,publisher,I
".
",O,O,I
Bromme,B,author,B
", ",I,author,I
R,I,author,I
. (,O,O,I
1992,B,year,I
). ,O,O,I
Der Lehrer als Experte: Zur Psychologie des professionellen Wissens,B,title,I
. ,O,O,I
Bern,B,other,I
: ,O,O,I
H. Huber,B,publisher,I
".
",O,O,I
Brooks,B,author,B
", ",I,author,I
C,I,author,I
. (,O,O,I
2013,B,year,I
). ,O,O,I
How Do We Understand Conceptual Development in School Geography?,B,title,I
 In ,O,O,I
D. Lambert,B,editor,I
 & ,O,O,I
M. Jones,B,editor,I
" (Hg.), ",O,O,I
The Debates in Subject Teaching Series. Debates in Geography Education,B,source,I
 (S. ,O,O,I
75,B,fpage,I
-,O,O,I
88,B,lpage,I
). ,O,O,I
"Milton Park, Abingdon, Oxon, New York",B,other,I
: ,O,O,I
Routledge,B,publisher,I
".
",O,O,I
Brunner,B,author,B
", ",I,author,I
M,I,author,I
"., ",O,O,I
Kunter,B,author,I
", ",I,author,I
M,I,author,I
"., ",O,O,I
Krauss,B,author,I
", ",I,author,I
S,I,author,I
"., ",O,O,I
Klusmann,B,author,I
", ",I,author,I
U,I,author,I
"., ",O,O,I
Baumert,B,author,I
", ",I,author,I
J,I,author,I
"., ",O,O,I
Blum,B,author,I
", ",I,author,I
W,I,author,I
. (,O,O,I
2006,B,year,I
). ,O,O,I
"Die professionelle Kompetenz von Mathematiklehrkräften: Konzeptionalisierung, Erfassung und Bedeutung für den Unterricht",B,title,I
. In ,O,O,I
M. Prenzel,B,editor,I
 & ,O,O,I
L. Allolio-Näcke,B,editor,I
" (Hg.), ",O,O,I
Untersuchungen zur Bildungsqualität von Schule. Abschlussbericht des DFG-Schwerpunktprogramms,B,source,I
 (S. ,O,O,I
54,B,fpage,I
-,O,O,I
82,B,lpage,I
). ,O,O,I
"Münster, München [u.a.]",B,other,I
: ,O,O,I
Waxmann,B,publisher,I
".
",O,O,I
Demuth,B,author,B
", ",I,author,I
R,I,author,I
"., ",O,O,I
Ralle,B,author,I
", ",I,author,I
B,I,author,I
"., & ",O,O,I
Parchmann,B,author,I
", ",I,author,I
I,I,author,I
. (,O,O,I
2005,B,year,I
). ,O,O,I
Basiskonzepte: Eine Herausforderung an den Chemieunterricht,B,title,I
. ,O,O,I
CHEMKON,B,source,I
", ",O,O,I
12,B,volume,I
(,O,O,I
2,B,issue,I
"), ",O,O,I
55,B,fpage,I
-,O,O,I
60,B,lpage,I
".
",O,O,I
DGfG,B,editor,B
 (Hg.) (,O,O,I
2017,B,year,I
). ,O,O,I
Bildungsstandards im Fach Geographie für den Mittleren Schulabschluss: mit Aufgabenbeispielen,B,title,I
. ,O,O,I
Bonn,B,other,I
: ,O,O,I
DGFG,B,publisher,I
".
",O,O,I
Fischer,B,author,B
", ",I,author,I
H,I,author,I
"., ",O,O,I
Glemnitz,B,author,I
", ",I,author,I
I,I,author,I
"., ",O,O,I
Kauertz,B,author,I
", ",I,author,I
A,I,author,I
. & ,O,O,I
Sumfleth,B,author,I
", ",I,author,I
E,I,author,I
. (,O,O,I
2007,B,year,I
). ,O,O,I
Auf Wissen aufbauen: Kumulatives Lernen in Chemie und Physik,B,title,I
. In ,O,O,I
E. Kircher,B,editor,I
", ",O,O,I
R. Girwidz,B,editor,I
", & ",O,O,I
P. Häussler,B,editor,I
" (Hg.), ",O,O,I
Springer-Lehrbuch. Physikdidaktik. Theorie und Praxis,B,source,I
 (S. ,O,O,I
657,B,fpage,I
-,O,O,I
678,B,lpage,I
). ,O,O,I
"Berlin, Heidelberg",B,other,I
: ,O,O,I
Springer,B,publisher,I
".
",O,O,I
Fögele,B,author,B
", ",I,author,I
J,I,author,I
. (,O,O,I
2015,B,year,I
). ,O,O,I
"Mit geographischen Basiskonzepten Komplexität bearbeiten: Hintergrund und Anwendung am Beispiel der Ressource ""Sand""",B,title,I
. ,O,O,I
Geographie aktuell & Schule,B,source,I
", ",O,O,I
37,B,volume,I
(,O,O,I
216,B,issue,I
"), ",O,O,I
11,B,fpage,I
-,O,O,I
21,B,lpage,I
".
",O,O,I
Fögele,B,author,B
", ",I,author,I
J,I,author,I
. (,O,O,I
2016,B,year,I
). ,O,O,I
Entwicklung basiskonzeptionellen Verständnisses in geographischen Lehrerfortbildungen: Rekonstruktive Typenbildung | Relationale Prozessanalyse | Responsive Evaluation,B,title,I
. ,O,O,I
Geographiedidaktische Forschungen,B,source,I
", Band ",O,O,I
61,B,volume,I
. ,O,O,I
Münster,B,other,I
: ,O,O,I
Monsenstein und Vannerdat,B,publisher,I
".
",O,O,I
Fögele,B,author,B
", ",I,author,I
J,I,author,I
. & ,O,O,I
Mehren,B,author,I
", ",I,author,I
R,I,author,I
. (,O,O,I
2015,B,year,I
a). ,O,O,I
Implementing Geographical Key Concepts: Design of a Symbiotic Teacher Training Course Based on Empirical and Theoretical Evidence,B,title,I
. ,O,O,I
Review of International Geographical Education Online,B,source,I
", ",O,O,I
5,B,volume,I
(,O,O,I
1,B,issue,I
"), ",O,O,I
56,B,fpage,I
-,O,O,I
76,B,lpage,I
".
",O,O,I
Fögele,B,author,B
", ",I,author,I
J,I,author,I
. & ,O,O,I
Mehren,B,author,I
", ",I,author,I
R,I,author,I
. (,O,O,I
2015,B,year,I
b). ,O,O,I
Empirische Evidenzen der Lehrerfortbildungsforschung und daraus resultierende Empfehlungen für die Geographiedidaktik,B,title,I
. ,O,O,I
Zeitschrift für Geographiedidaktik | Journal of Geography Education,B,source,I
", ",O,O,I
43,B,volume,I
(,O,O,I
2,B,issue,I
"), ",O,O,I
81,B,fpage,I
-,O,O,I
106,B,lpage,I
".
",O,O,I
Fussangel,B,author,B
", ",I,author,I
K,I,author,I
"., ",O,O,I
Schellenbach-Zell,B,author,I
", ",I,author,I
J,I,author,I
. & ,O,O,I
Gräsel,B,author,I
", ",I,author,I
C,I,author,I
. (,O,O,I
2008,B,year,I
). ,O,O,I
Die Verbreitung von Chemie im Kontext: Entwicklung der symbiotischen Implementationsstrategie,B,title,I
. In ,O,O,I
R. Demuth,B,editor,I
" (Hg.), ",O,O,I
Chemie im Kontext. Von der Innovation zur nachhaltigen Verbreitung eines Unterrichtskonzepts,B,source,I
 (S. ,O,O,I
49,B,fpage,I
-,O,O,I
82,B,lpage,I
). ,O,O,I
"Münster, New York, München, Berlin",B,other,I
: ,O,O,I
Waxmann,B,publisher,I
".
",O,O,I
Gebhardt,B,author,B
", ",I,author,I
H,I,author,I
"., ",O,O,I
Glaser,B,author,I
", ",I,author,I
R,I,author,I
"., ",O,O,I
Radtke,B,author,I
", ",I,author,I
U,I,author,I
. & ,O,O,I
Reuber,B,author,I
", ",I,author,I
P,I,author,I
. (,O,O,I
2011,B,year,I
). ,O,O,I
Raum und Zeit,B,title,I
. In ,O,O,I
H. Gebhardt,B,editor,I
", ",O,O,I
R. Glaser,B,editor,I
", ",O,O,I
U. Radtke,B,editor,I
", & ",O,O,I
P. Reuber,B,editor,I
" (Hg.), ",O,O,I
Geographie. Physische Geographie und Humangeographie,B,source,I
 (S. ,O,O,I
37,B,fpage,I
-,O,O,I
45,B,lpage,I
). ,O,O,I
Heidelberg,B,other,I
: ,O,O,I
Spektrum,B,publisher,I
".
",O,O,I
Hänze,B,author,B
", ",I,author,I
M,I,author,I
. & ,O,O,I
Jurkowski,B,author,I
", ",I,author,I
S,I,author,I
. (,O,O,I
2011,B,year,I
). ,O,O,I
Diagnostizieren in Lern- und Prüfungssituationen: Pädagogische und lernpsychologische Aspekte,B,title,I
. ,O,O,I
Naturwissenschaften im Unterricht Chemie,B,source,I
", ",O,O,I
124/125,B,issue,I
", ",O,O,I
2,B,fpage,I
-,O,O,I
4,B,lpage,I
".
",O,O,I
Hof,B,author,B
", ",I,author,I
S,I,author,I
. & ,O,O,I
Hennemann,B,author,I
", ",I,author,I
S,I,author,I
. (,O,O,I
2013,B,year,I
). ,O,O,I
Geographielehrerinnen und -lehrer im Spannungsfeld zwischen erworbenen und geforderten Kompetenzen. Eine empirische Studie zur zweiphasigen Lehramtsausbildung,B,title,I
. ,O,O,I
Geographie und ihre Didaktik | Journal of Geography Education,B,source,I
", ",O,O,I
41,B,volume,I
(,O,O,I
2,B,issue,I
"), ",O,O,I
57,B,fpage,I
-,O,O,I
80,B,lpage,I
".
",O,O,I
Hoffmann,B,author,B
", ",I,author,I
K.W.,I,author,I
 (,O,O,I
2009,B,year,I
). ,O,O,I
Schulgeographie - quo vadis?: Zur Gesellschaftsrelevanz eines standardbasierten Geographieunterrichts,B,title,I
. In ,O,O,I
H. Fassmann,B,editor,I
 & ,O,O,I
T. Glade,B,editor,I
" (Hg.), ",O,O,I
Geographie für eine Welt im Wandel. 57. Geographentag 2009 in Wien,B,source,I
 (S. ,O,O,I
65,B,fpage,I
-,O,O,I
94,B,lpage,I
). ,O,O,I
Göttingen,B,other,I
: ,O,O,I
"V & R Unipress, Vienna Univ. Press",B,publisher,I
".
",O,O,I
Höhnle,B,author,B
", ",I,author,I
S,I,author,I
. (,O,O,I
2014,B,year,I
). ,O,O,I
Online-gestützte Projekte im Kontext Globalen Lernens im Geographieunterricht: Empirische Rekonstruktion internationaler Schülerperspektiven,B,title,I
. ,O,O,I
Geographiedidaktische Forschungen,B,source,I
", Band ",O,O,I
53,B,volume,I
. ,O,O,I
Münster,B,other,I
: ,O,O,I
Verl.-Haus Monsenstein und Vannerdat,B,publisher,I
".
",O,O,I
Horn,B,author,B
", ",I,author,I
M,I,author,I
. & ,O,O,I
Schweizer,B,author,I
", ",I,author,I
K,I,author,I
. (,O,O,I
2015,B,year,I
). ,O,O,I
Ansichten von Geographielehrkräften zum kompetenzorientierten Unterricht und ihr Zusammenhang mit Überzeugungen: Ergebnisse einer empirischen Befragung,B,title,I
. ,O,O,I
Zeitschrift für Geographiedidaktik \Journal of Geography Education,B,source,I
", ",O,O,I
43,B,volume,I
(,O,O,I
1,B,issue,I
"), ",O,O,I
59,B,fpage,I
-,O,O,I
74,B,lpage,I
".
",O,O,I
Jackson,B,author,B
", ",I,author,I
P,I,author,I
. (,O,O,I
2006,B,year,I
). ,O,O,I
Thinking Geographically,B,title,I
. ,O,O,I
Geography,B,source,I
", ",O,O,I
91,B,volume,I
(,O,O,I
3,B,issue,I
"), ",O,O,I
199,B,fpage,I
-,O,O,I
204,B,lpage,I
".
",O,O,I
Kattmann,B,author,B
", ",I,author,I
U,I,author,I
. (,O,O,I
2003,B,year,I
). ,O,O,I
Vom Blatt zum Planeten- Scientific Literacy und kumulatives Lernen im Biologieunterricht und darüber hinaus,B,title,I
. In ,O,O,I
B. Moschner,B,editor,I
", ",O,O,I
H. Kiper,B,editor,I
 & ,O,O,I
U. Kattmann,B,editor,I
" (Hg.), ",O,O,I
PISA 2000 als Herausforderung. Perspektiven für Lehren und Lernen,B,source,I
 (S. ,O,O,I
115,B,fpage,I
-,O,O,I
137,B,lpage,I
). ,O,O,I
Baltmannsweiler,B,other,I
: ,O,O,I
Schneider Verlag Hohengehren,B,publisher,I
".
",O,O,I
Kelle,B,author,B
", ",I,author,I
U,I,author,I
. & ,O,O,I
Kluge,B,author,I
", ",I,author,I
S,I,author,I
. (,O,O,I
2010,B,year,I
). ,O,O,I
Vom Einzelfall zum Typus: Fallvergleich und Fallkontrastierung in der qualitativen Sozialforschung. Vom Einzelfall zum Typus,B,title,I
. ,O,O,I
Wiesbaden,B,other,I
: ,O,O,I
VS Verlag für Sozialwissenschaften,B,publisher,I
"
",O,O,I
"Klieme, E.",B,editor,B
", ",O,O,I
"Avenarius, H.",B,editor,I
", ",O,O,I
"Blum, W.",B,editor,I
", ",O,O,I
"Döbrich, P.",B,editor,I
", ",O,O,I
"Gruber, H.",B,editor,I
 & ,O,O,I
"Prenzel, M.",B,editor,I
 ,O,O,I
"Klieme, E.",B,editor,I
", ",O,O,I
"Avenarius, H.",B,editor,I
", ",O,O,I
"Blum, W.",B,editor,I
", ",O,O,I
"Döbrich, P.",B,editor,I
", ",O,O,I
"Gruber, H.",B,editor,I
", ",O,O,I
"Prenzel, M.",B,editor,I
", ",O,O,I
"Reiss, K.",B,editor,I
", ",O,O,I
"Riquarts, K.",B,editor,I
", ",O,O,I
"Rost, J.",B,editor,I
", ",O,O,I
"Tenorth, H.-E.",B,editor,I
 & ,O,O,I
"Vollmer, H.J.",B,editor,I
 (Hg.) (,O,O,I
2003,B,year,I
). ,O,O,I
Zur Entwicklung nationaler Bildungsstandards: Eine Expertise,B,title,I
. ,O,O,I
BMBF,B,publisher,I
. ,O,O,I
Bonn,B,other,I
".
",O,O,I
Košinär,B,author,B
", ",I,author,I
J,I,author,I
. (,O,O,I
2014,B,year,I
). ,O,O,I
Professionalisierungsverläufe in der Lehrerausbildung: Prozesse der Anforderungsbearbeitung und Kompetenzentwicklung im Referendariat,B,title,I
. ,O,O,I
Studien zur Bildungsgangforschung,B,source,I
", Band ",O,O,I
36,B,volume,I
. ,O,O,I
Leverkusen,B,other,I
: ,O,O,I
"Budrich, Barbara",B,publisher,I
".
",O,O,I
Lambert,B,author,B
", ",I,author,I
D,I,author,I
. (,O,O,I
2013,B,year,I
). ,O,O,I
Geographical Concepts,B,title,I
. In ,O,O,I
M. Rolfes,B,editor,I
 & ,O,O,I
A. Uhlenwinkel,B,editor,I
" (Hg.), ",O,O,I
Didaktische Impulse. Metzler Handbuch 2.0 Geographieunterricht. Ein Leitfaden für Praxis und Ausbildung,B,source,I
 (S. ,O,O,I
174,B,fpage,I
-,O,O,I
181,B,lpage,I
). ,O,O,I
Braunschweig,B,other,I
: ,O,O,I
Westermann,B,publisher,I
".
",O,O,I
Lamnek,B,author,B
", ",I,author,I
S,I,author,I
. (,O,O,I
2005,B,year,I
). ,O,O,I
Gruppendiskussion: Theorie und Praxis,B,title,I
. ,O,O,I
"Weinheim, Basel",B,other,I
: ,O,O,I
Beltz,B,publisher,I
".
",O,O,I
Leser,B,author,B
", ",I,author,I
H,I,author,I
. & ,O,O,I
Schneider-Sliwa,B,author,I
", ",I,author,I
R,I,author,I
. (,O,O,I
1999,B,year,I
). ,O,O,I
"Geographie: Eine Einführung; Aufbau, Aufgaben und Ziele eines integrativ-empirischen Faches",B,title,I
. ,O,O,I
Braunschweig,B,other,I
: ,O,O,I
Westermann,B,publisher,I
".
",O,O,I
Lichtner,B,author,B
", ",I,author,I
H.-D.,I,author,I
 (,O,O,I
2012,B,year,I
). ,O,O,I
Basiskonzepte: eine Einführung in das Denken in Konzepten,B,title,I
. Aufgerufen am 15.08.2017 unter ,O,O,I
www.biologieunterricht.org/Basiskonzept2012.pdf,B,url,I
"
",O,O,I
Lipowsky,B,author,B
", ",I,author,I
F,I,author,I
. (,O,O,I
2012,B,year,I
). ,O,O,I
Forschungsbefunde zur Wirksamkeit von Lehrerfortbildungen: Wie wirkt Fortbildung? Merkmale und Wirkungen erfolgreicher Lehrerfortbildungen,B,title,I
. ,O,O,I
Hessische Lehrerzeitung,B,source,I
", ",O,O,I
65,B,volume,I
(,O,O,I
11,B,issue,I
"), ",O,O,I
16,B,fpage,I
-,O,O,I
17,B,lpage,I
".
",O,O,I
Lücken,B,author,B
", ",I,author,I
M,I,author,I
. (,O,O,I
2012,B,year,I
). ,O,O,I
"Identifikation von Merkmalen erfolgreicher professioneller Lerngemeinschaften am Beispiel des Projekts „Biologie im Kontext"" (bik)",B,title,I
. In ,O,O,I
M. Kobarg,B,editor,I
" (Hg.), ",O,O,I
Lehrerprofessionalisierung wissenschaftlich begleiten. Strategien und Methoden,B,source,I
 (S. ,O,O,I
145,B,fpage,I
-,O,O,I
162,B,lpage,I
). ,O,O,I
"Münster, München [u.a.]",B,other,I
: ,O,O,I
Waxmann,B,publisher,I
".
",O,O,I
Mannheim,B,author,B
", ",I,author,I
K,I,author,I
. (,O,O,I
1980,B,year,I
). ,O,O,I
Eine Soziologische Theorie der Kultur und ihrer Erkenntbarkeit: Konjunktives und kommunikatives Denken. Über die Eigenart kultursoziologischer Erkenntnis,B,title,I
. ,O,O,I
Frankfurt am Main,B,other,I
: ,O,O,I
Suhrkamp,B,publisher,I
".
",O,O,I
Mehren,B,author,B
", ",I,author,I
M,I,author,I
. & ,O,O,I
Mehren,B,author,I
", ",I,author,I
R,I,author,I
. (,O,O,I
2015,B,year,I
). ,O,O,I
Kompetenzorientiert Unterrichten: aufgezeigt am Beispiel des Fachs Geographie,B,title,I
. In ,O,O,I
A. Bresges,B,editor,I
" (Hg.), ",O,O,I
Lehrerinnenbildung gestalten: Kompetenzen perspektivisch. Interdisziplinäre Impulse für die Lehrerinnenbildung,B,source,I
 (S. ,O,O,I
55,B,fpage,I
-,O,O,I
77,B,lpage,I
). ,O,O,I
Münster [u.a.],B,other,I
: ,O,O,I
Waxmann,B,publisher,I
".
",O,O,I
Mehren,B,author,B
", ",I,author,I
M,I,author,I
"., ",O,O,I
Mehren,B,author,I
", ",I,author,I
R,I,author,I
"., ",O,O,I
Ohl,B,author,I
", ",I,author,I
U,I,author,I
. & ,O,O,I
Resenberger,B,author,I
", ",I,author,I
C,I,author,I
. (,O,O,I
2015,B,year,I
). ,O,O,I
Die doppelte Komplexität geographischer Themen: Eine lohnenswerte Herausforderung für Schüler und Lehrer,B,title,I
. ,O,O,I
Geographie aktuell & Schule,B,source,I
", ",O,O,I
37,B,volume,I
(,O,O,I
216,B,issue,I
"), ",O,O,I
4,B,fpage,I
-,O,O,I
11,B,lpage,I
".
",O,O,I
Mehren,B,author,B
", ",I,author,I
M,I,author,I
"., & ",O,O,I
Ohl,B,author,I
", ",I,author,I
U,I,author,I
. (,O,O,I
2016,B,year,I
). ,O,O,I
Geographische Kompetenzen diagnostizieren,B,title,I
. ,O,O,I
Geographie aktuell & Schule,B,source,I
", ",O,O,I
38,B,volume,I
(,O,O,I
224,B,issue,I
"), ",O,O,I
14,B,fpage,I
-,O,O,I
27,B,lpage,I
".
",O,O,I
Morgan,B,author,B
", ",I,author,I
J,I,author,I
. (,O,O,I
2013,B,year,I
). ,O,O,I
What Do We Mean by Thinking Geographically?,B,title,I
 In ,O,O,I
D. Lambert,B,editor,I
 & ,O,O,I
M. Jones,B,editor,I
" (Hg.), ",O,O,I
The Debates in Subject Teaching Series. Debates in Geography Education,B,source,I
 (S. ,O,O,I
273,B,fpage,I
-,O,O,I
281,B,lpage,I
). ,O,O,I
"Milton Park, Abingdon, Oxon, New York",B,other,I
: ,O,O,I
Routledge,B,publisher,I
".
",O,O,I
Nentwig,B,author,B
",",I,author,I
P,I,author,I
. (,O,O,I
2009,B,year,I
). ,O,O,I
Damit es nicht Stückwerk bleibt: Horizontale und vertikale Vernetzung am Beispiel,B,title,I
. In ,O,O,I
A. Feindt,B,editor,I
" (Hg.), ",O,O,I
Kompetenzorientierung im Religionsunterricht. Befunde und Perspektiven,B,source,I
 (S. ,O,O,I
197,B,fpage,I
-,O,O,I
210,B,lpage,I
). ,O,O,I
Münster [u.a.],B,other,I
: ,O,O,I
Waxmann,B,publisher,I
".
",O,O,I
Nentwig-Gesemann,B,author,B
", ",I,author,I
I,I,author,I
. (,O,O,I
2007,B,year,I
). ,O,O,I
Die Typenbildung der dokumentarischen Methode,B,title,I
. In ,O,O,I
R. Bohnsack,B,editor,I
", ",O,O,I
I. Nentwig-Gesemann,B,editor,I
", & ",O,O,I
A.-M. Nohl,B,editor,I
" (Hg.), ",O,O,I
Die dokumentarische Methode und ihre Forschungspraxis,B,source,I
 (S. ,O,O,I
277,B,fpage,I
-,O,O,I
302,B,lpage,I
). ,O,O,I
Wiesbaden,B,other,I
: ,O,O,I
VS Verlag für Sozialwissenschaften,B,publisher,I
".
",O,O,I
Neuweg,B,author,B
", ",I,author,I
G,I,author,I
. (,O,O,I
2007,B,year,I
). ,O,O,I
"Wie grau ist alle Theorie, wie grün des Lebens goldner Baum?: Lehrerinnenbildung im Spannungsfeld von Theorie und Praxis",B,title,I
. ,O,O,I
bwp@,B,source,I
", ",O,O,I
12,B,volume,I
", ",O,O,I
1,B,fpage,I
-,O,O,I
14,B,lpage,I
".
",O,O,I
Nohl,B,author,B
", ",I,author,I
A.-M.,I,author,I
 (,O,O,I
2007,B,year,I
). ,O,O,I
Komparative Analyse: Forschungspraxis und Methodologie dokumentarischer Interpretation,B,title,I
. In ,O,O,I
R. Bohnsack,B,editor,I
", ",O,O,I
I. Nentwig-Gesemann,B,editor,I
", & ",O,O,I
A.-M. NohI,B,editor,I
" (Hg.), ",O,O,I
Die dokumentarische Methode und ihre Forschungspraxis,B,source,I
 (S. ,O,O,I
255,B,fpage,I
-,O,O,I
276,B,lpage,I
). ,O,O,I
Wiesbaden,B,other,I
: ,O,O,I
VS Verlag für Sozialwissenschaften,B,publisher,I
".
",O,O,I
Pajares,B,author,B
", ",I,author,I
M.F.,I,author,I
 (,O,O,I
1992,B,year,I
). ,O,O,I
Teachers' Beliefs and Educational Research: Cleaning Up a Messy Construct,B,title,I
. ,O,O,I
Review of Educational Research,B,source,I
", ",O,O,I
62,B,volume,I
(,O,O,I
3,B,issue,I
"), ",O,O,I
307,B,fpage,I
-,O,O,I
332,B,lpage,I
. doi ,O,O,I
10.3102/00346543062003307,B,identifier,I
"
",O,O,I
Parchmann,B,author,B
", ",I,author,I
I,I,author,I
. (,O,O,I
2007,B,year,I
). ,O,O,I
Basiskonzepte: Ein geeignetes Strukturierungselement für den Chemieunterricht?,B,title,I
 ,O,O,I
Unterricht Chemie,B,source,I
", ",O,O,I
18,B,volume,I
(,O,O,I
101/101,B,issue,I
"), ",O,O,I
6,B,fpage,I
-,O,O,I
10,B,lpage,I
".
",O,O,I
Przyborski,B,author,B
", ",I,author,I
A,I,author,I
. & ,O,O,I
Wohlrab-Sahr,B,author,I
", ",I,author,I
M,I,author,I
. (,O,O,I
2008,B,year,I
). ,O,O,I
Qualitative Sozialforschung: Ein Arbeitsbuch,B,title,I
. ,O,O,I
München,B,other,I
: ,O,O,I
Oldenbourg,B,publisher,I
".
",O,O,I
Rehm,B,author,B
", ",I,author,I
M,I,author,I
"., & ",O,O,I
Stäudel,B,author,I
", ",I,author,I
L,I,author,I
. (,O,O,I
2012,B,year,I
). ,O,O,I
Grundbegriffe und Basiskonzepte der Chemie,B,title,I
. ,O,O,I
Naturwissenschaften im Unterricht Chemie,B,source,I
", ",O,O,I
128,B,volume,I
", ",O,O,I
2,B,fpage,I
-,O,O,I
7,B,lpage,I
".
",O,O,I
Reinfried,B,author,B
", ",I,author,I
S,I,author,I
. (,O,O,I
2016,B,year,I
). ,O,O,I
Kompetenzorientierte Lernaufgaben: mehr als alter Wein in neuen Schläuchen?,B,title,I
 ,O,O,I
Geographie aktuell & Schule,B,source,I
", ",O,O,I
38,B,volume,I
(,O,O,I
223,B,issue,I
"), ",O,O,I
4,B,fpage,I
-,O,O,I
14,B,lpage,I
".
",O,O,I
Rhode-Jüchtern,B,author,B
", ",I,author,I
T,I,author,I
. (,O,O,I
2009,B,year,I
). ,O,O,I
Eckpunkte einer modernen Geographiedidaktik,B,title,I
. ,O,O,I
Seelze,B,other,I
: ,O,O,I
Kallmeyer,B,publisher,I
".
",O,O,I
Rhode-Jüchtern,B,author,B
", ",I,author,I
T,I,author,I
. (,O,O,I
2013,B,year,I
). ,O,O,I
Geographieunterricht: Weltverstehen in Komplexität und Unbestimmtheit,B,title,I
. In ,O,O,I
D. Kanwischer,B,editor,I
" (Hg.), ",O,O,I
Studienbücher der Geographie. Geographiedidaktik. Ein Arbeitsbuch zur Gestaltung des Geographieunterrichts,B,source,I
 (S. ,O,O,I
21,B,fpage,I
-,O,O,I
33,B,lpage,I
). ,O,O,I
Stuttgart,B,other,I
: ,O,O,I
Borntraeger,B,publisher,I
".
",O,O,I
Robertson,B,author,B
", ",I,author,I
R,I,author,I
. (,O,O,I
1998,B,year,I
). ,O,O,I
Glokalisierung: Homogenität und Heterogenität in Raum und Zeit,B,title,I
. In ,O,O,I
U. Beck,B,editor,I
" (Hg.), ",O,O,I
Perspektiven der Weltgesellschaft,B,source,I
 (S. ,O,O,I
192,B,fpage,I
-,O,O,I
220,B,lpage,I
). ,O,O,I
Frankfurt a.M.,B,other,I
: ,O,O,I
Suhrkamp,B,publisher,I
".
",O,O,I
Rosenkränzer,B,author,B
", ",I,author,I
F,I,author,I
"., ",O,O,I
Stahl,B,author,I
", ",I,author,I
E,I,author,I
"., ",O,O,I
Hörsch,B,author,I
", ",I,author,I
C,I,author,I
"., ",O,O,I
Schüler,B,author,I
", ",I,author,I
S,I,author,I
. & ,O,O,I
Riess,B,author,I
", ",I,author,I
W,I,author,I
. (,O,O,I
2016,B,year,I
). ,O,O,I
"Das Fachdidaktische Wissen von Lehramtsstudierenden zur Förderung von systemischem Denken: Konzeptualisierung, Operationalisierung und Erhebungsmethode",B,title,I
. ,O,O,I
Zeitschrift für Didaktik der Naturwissenschaften,B,source,I
", ",O,O,I
22,B,volume,I
(,O,O,I
1,B,issue,I
"), ",O,O,I
109,B,fpage,I
-,O,O,I
121,B,lpage,I
".
",O,O,I
Sander,B,author,B
", ",I,author,I
W,I,author,I
. (,O,O,I
2009,B,year,I
). ,O,O,I
Wissen: Basiskonzepte der Politischen Bildung,B,title,I
. ,O,O,I
Informationen zur Politischen Bildung,B,source,I
", ",O,O,I
30,B,volume,I
", ",O,O,I
57,B,fpage,I
-,O,O,I
60,B,lpage,I
".
",O,O,I
Schmiemann,B,author,B
", ",I,author,I
P,I,author,I
"., ",O,O,I
Linsner,B,author,I
", ",I,author,I
M,I,author,I
"., ",O,O,I
Wenning,B,author,I
", ",I,author,I
S,I,author,I
"., & ",O,O,I
Sandmann,B,author,I
", ",I,author,I
A,I,author,I
. (,O,O,I
2012,B,year,I
). ,O,O,I
Lernen mit biologischen Basiskonzepten,B,title,I
. ,O,O,I
MNU,B,source,I
", ",O,O,I
65,B,volume,I
(,O,O,I
2,B,issue,I
"), ",O,O,I
105,B,fpage,I
-,O,O,I
109,B,lpage,I
".
",O,O,I
Schreiber,B,author,B
", ",I,author,I
J.-R.,I,author,I
 & ,O,O,I
Schuler,B,author,I
", ",I,author,I
S,I,author,I
. (,O,O,I
2005,B,year,I
). ,O,O,I
Wege Globalen Lernens unter dem Leitbild einer nachhaltigen Entwicklung,B,title,I
. ,O,O,I
Praxis Geographie,B,source,I
", ",O,O,I
35,B,volume,I
(,O,O,I
4,B,issue,I
"), ",O,O,I
4,B,fpage,I
-,O,O,I
10,B,lpage,I
".
",O,O,I
Shulman,B,author,B
", ",I,author,I
L,I,author,I
. (,O,O,I
1986,B,year,I
). ,O,O,I
Those Who Understand: Knowledge Grwoth in Teaching,B,title,I
. ,O,O,I
Educational Pesearcher,B,source,I
", ",O,O,I
15,B,volume,I
(,O,O,I
2,B,issue,I
"), ",O,O,I
4,B,fpage,I
-,O,O,I
14,B,lpage,I
. doi ,O,O,I
10.3102/0013189X015002004,B,identifier,I
"
",O,O,I
Taylor,B,author,B
", ",I,author,I
L,I,author,I
. (,O,O,I
2008,B,year,I
). ,O,O,I
Key Concepts and Medium Term Planning,B,title,I
. ,O,O,I
Teaching Geography,B,source,I
", ",O,O,I
33,B,volume,I
(,O,O,I
2,B,issue,I
"), ",O,O,I
50,B,fpage,I
-,O,O,I
54,B,lpage,I
".
",O,O,I
Taylor,B,author,B
", ",I,author,I
L,I,author,I
. (,O,O,I
2011,B,year,I
). ,O,O,I
"Basiskonzepte im Geographieunterricht. Schlüssel, um die Welt besser zu verstehen und den Unterricht besser zu planen",B,title,I
. ,O,O,I
Praxis Geographie,B,source,I
", ",O,O,I
41,B,volume,I
(,O,O,I
7-8,B,issue,I
"), ",O,O,I
8,B,fpage,I
-,O,O,I
15,B,lpage,I
".
",O,O,I
Uhlenwinkel,B,author,B
", ",I,author,I
A,I,author,I
. (,O,O,I
2013,B,year,I
). ,O,O,I
Geographical Concepts als Strukturierungshilfe für den Geographieunterricht: Ein International erfolgreicher Weg zur Erlangung fachlicher Identität und gesellschaftlicher Relevanz,B,title,I
. ,O,O,I
Geographie und ihre Didaktik | Journal of Geography Education,B,source,I
", ",O,O,I
41,B,volume,I
 (,O,O,I
1,B,issue,I
"), ",O,O,I
18,B,fpage,I
-,O,O,I
43,B,lpage,I
".
",O,O,I
Uphues,B,author,B
", ",I,author,I
R,I,author,I
. (,O,O,I
2013,B,year,I
). ,O,O,I
Basiskonzepte,B,title,I
. In ,O,O,I
G. Obermaier,B,editor,I
 & ,O,O,I
D. Böhn,B,editor,I
" (Hg.), ",O,O,I
Didaktische Impulse. Wörterbuch Geographiedidaktik. Begriffe von A-Z,B,source,I
(S. ,O,O,I
22,B,fpage,I
-,O,O,I
23,B,lpage,I
). ,O,O,I
Braunschweig,B,other,I
: ,O,O,I
Westermann,B,publisher,I
".
",O,O,I
Wardenga,B,author,B
", ",I,author,I
U,I,author,I
. (,O,O,I
2002,B,year,I
). ,O,O,I
Alte und neue Raumkonzepte für den Geographieunterricht,B,title,I
. ,O,O,I
geographie heute,B,source,I
", ",O,O,I
22,B,volume,I
(,O,O,I
200,B,issue,I
"), ",O,O,I
8,B,fpage,I
-,O,O,I
11,B,lpage,I
".
",O,O,I
Weeden,B,author,B
", ",I,author,I
P,I,author,I
. (,O,O,I
2013,B,year,I
). ,O,O,I
How Do We Link Assessment to Making Progress in Geography?,B,title,I
 In ,O,O,I
D. Lambert,B,editor,I
 & ,O,O,I
M. Jones,B,editor,I
" (Hg.), ",O,O,I
The Debates in Subject Teaching Series. Debates in Geography Education,B,source,I
 (S. ,O,O,I
143,B,fpage,I
-,O,O,I
154,B,lpage,I
). ,O,O,I
"Milton Park, Abingdon, Oxon, New York",B,other,I
: ,O,O,I
Routledge,B,publisher,I
".
",O,O,I
Weichhart,B,author,B
", ",I,author,I
P,I,author,I
. (,O,O,I
2000,B,year,I
). ,O,O,I
Geographie als Multi-Paradigmen-Spiel: Eine post-kuhnsche Perspektive,B,title,I
. In ,O,O,I
H.-H. Blotevogel,B,editor,I
", ",O,O,I
J. Ossenbrügge,B,editor,I
", & ",O,O,I
G. Wood,B,editor,I
" (Hg.), ",O,O,I
"Lokal verankert - weltweit vernetzt. 52. Deutscher Geographentag Hamburg, Tagungsbericht und wissenschaftliche Abhandlungen",B,source,I
 (S. ,O,O,I
479,B,fpage,I
-,O,O,I
488,B,lpage,I
). ,O,O,I
Stuttgart,B,other,I
: ,O,O,I
Franz Steiner,B,publisher,I
.,O,O,I
