token,tag,label,ref
EARLE,B,author,B
", ",I,author,I
J,I,author,I
"., ",O,O,I
MORAN,B,author,I
", ",I,author,I
C,I,author,I
. & ,O,O,I
WARD-PERKINS,B,author,I
", ",I,author,I
Z,I,author,I
. (,O,O,I
2017,B,year,I
). ,O,O,I
The Econocracy. On the Perils of Leaving Economics to the Experts,B,title,I
. ,O,O,I
London,B,other,I
: ,O,O,I
Penguin,B,publisher,I
".
",O,O,I
PFALLER,B,author,B
", ",I,author,I
R,I,author,I
. (,O,O,I
2017,B,year,I
). ,O,O,I
Erwachsenensprache. Über ihr Verschwinden aus Politik und Kultur,B,title,I
. ,O,O,I
Frankfurt am Main,B,other,I
: ,O,O,I
Fischer,B,publisher,I
".
",O,O,I
ROBERTS,B,author,B
", ",I,author,I
M,I,author,I
. (,O,O,I
2013,B,year,I
). ,O,O,I
Problemlösendes Lernen im Geographieunterricht,B,title,I
. In ,O,O,I
M. ROLFES,B,editor,I
 & ,O,O,I
A. UHLENWINKEL,B,editor,I
" (Hg.), ",O,O,I
Metzler Handbuch 2.0 Geographieunterricht. Ein Leitfaden für Praxis und Ausbildung,B,source,I
 (S. ,O,O,I
123,B,fpage,I
-,O,O,I
133,B,lpage,I
). ,O,O,I
Braunschweig,B,other,I
: ,O,O,I
Westermann,B,publisher,I
".
",O,O,I
SCHAMP,B,author,B
", ",I,author,I
E.W.,I,author,I
 (,O,O,I
1983,B,year,I
). ,O,O,I
Grundansätze der zeitgenössischen Wirtschaftsgeographie,B,title,I
. ,O,O,I
Geographische Rundschau,B,source,I
", ",O,O,I
35,B,volume,I
(,O,O,I
2,B,issue,I
"), ",O,O,I
74,B,fpage,I
-,O,O,I
80,B,lpage,I
.,O,O,I
