token,tag,label,ref
BAECKER,B,author,B
", ",I,author,I
D,I,author,I
. (,O,O,I
1997,B,year,I
): ,O,O,I
Meditation über die Lücke. Kultur als Symptom des Unvordenklichen und die verschiedenen Versuche seiner Bewältigung,B,title,I
. - In: ,O,O,I
Frankfurter Rundschau,B,source,I
 ,O,O,I
4.3.1997,B,volume,I
", S. ",O,O,I
18,B,fpage,I
".
",O,O,I
BECK,B,author,B
", ",I,author,I
U,I,author,I
. (,O,O,I
1986,B,year,I
): ,O,O,I
Risikogesellschaft. Auf dem Weg in eine andere Moderne,B,title,I
. - ,O,O,I
Frankfurt/M.,B,other,I
"
",O,O,I
BECK,B,author,B
", ",I,author,I
U,I,author,I
. (,O,O,I
1997,B,year,I
): ,O,O,I
"Die neue Macht der multinationalen Unternehmen, oder: Die Subpolitik der Globalisierung erfolgt auf den Samtpfoten des Normalen",B,title,I
. - In: ,O,O,I
"Frankfurter Rundschau, Dokumentation",B,source,I
", ",O,O,I
9.1.1997,B,volume,I
", S. ",O,O,I
12,B,fpage,I
".
",O,O,I
EHLERS,B,author,B
", ",I,author,I
E,I,author,I
. (,O,O,I
1996,B,year,I
): ,O,O,I
Kulturkreise - Kulturerdteile - Clash of Civilizations. Plädoyer für eine gegenwartsbezogene Kulturgeographie,B,title,I
. - In: ,O,O,I
Geographische Rundschau,B,source,I
 ,O,O,I
48,B,volume,I
", S. ",O,O,I
338,B,fpage,I
 - ,O,O,I
344,B,lpage,I
".
",O,O,I
ENQUÊTE-KOMMISSION DES DEUTSCHEN BUNDESTAGES,B,editor,B
 (Hrsg.: ,O,O,I
1990,B,year,I
): ,O,O,I
Zukünftige Bildungspolitik - Bildung 2000,B,title,I
. - ,O,O,I
Bonn,B,other,I
", ",O,O,I
Drucksache,B,source,I
 ,O,O,I
11,B,volume,I
/,O,O,I
7820,B,issue,I
".
",O,O,I
HUBER,B,author,B
", ",I,author,I
L,I,author,I
. (,O,O,I
1997,B,year,I
): ,O,O,I
Die Reform der Reform und die Bedeutung fächerübergreifenden Unterrichts in der Diskussion um die gymnasiale Oberstufe,B,title,I
. - In. ,O,O,I
Ansätze zum fächerübergreifenden Unterricht in der gymnasialen Oberstufe. Lernen über Differenzen,B,source,I
", hrsg. v. ",O,O,I
Landesinstitut für Schule und Weiterbildung,B,editor,I
", ",O,O,I
Soest,B,other,I
", S. ",O,O,I
21,B,fpage,I
 - ,O,O,I
25,B,lpage,I
".
",O,O,I
LUHMANN,B,author,B
", ",I,author,I
N,I,author,I
. (,O,O,I
1990,B,year,I
): ,O,O,I
Identität - was oder wie?,B,title,I
 - In: ,O,O,I
ders.,B,other,I
", ",O,O,I
Soziologische Aufklärung,B,source,I
 Bd. ,O,O,I
5,B,volume,I
", ",O,O,I
Opladen,B,other,I
", S. ",O,O,I
14,B,fpage,I
 - ,O,O,I
30,B,lpage,I
".
",O,O,I
MEYER-DOHM,B,author,B
", ",I,author,I
P,I,author,I
. (,O,O,I
1997,B,year,I
): ,O,O,I
Die Reform der Reform und die Bedeutung fächerübergreifenden Unterrichts in der Diskussion um die gymnasiale Oberstufe,B,title,I
. - In: ,O,O,I
Ansätze zum fächerübergreifenden Unterricht in der gymnasialen Oberstufe. Lernen über Differenzen,B,source,I
", hrsg. v. ",O,O,I
Landesinstitut fur Schule und Weiterbildung,B,editor,I
", ",O,O,I
Soest,B,other,I
", S. ",O,O,I
11,B,fpage,I
 - ,O,O,I
15,B,lpage,I
".
",O,O,I
MOLLENHAUER,B,author,B
", ",I,author,I
K,I,author,I
. (,O,O,I
1972,B,year,I
): ,O,O,I
Theorien zum Erziehungsprozeß,B,title,I
. - ,O,O,I
München,B,other,I
".
",O,O,I
OPASCHOWSKI,B,author,B
", ",I,author,I
H. W.,I,author,I
 (,O,O,I
1997,B,year,I
): ,O,O,I
"Die Generation der Medienkids will alles sehen, hören und erleben. Vorwort zum „Datenband - Freizeitaktivitäten 1996“ des Hamburger BAT-Freizeitforschungsinstituts",B,title,I
. - In: ,O,O,I
"Frankfurter Rundschau, Dokumentation",B,source,I
", ",O,O,I
11.1.1997,B,volume,I
", S. ",O,O,I
14,B,fpage,I
".
",O,O,I
RICHTER,B,author,B
", ",I,author,I
D,I,author,I
. (,O,O,I
1996,B,year,I
): ,O,O,I
Notwendigkeit und Grenzen des Geographieunterrichts in Deutschland. Fünf Thesen zur Identitätskrise der Geographie,B,title,I
. - In: ,O,O,I
Rundbrief Geographie,B,source,I
", H. ",O,O,I
136,B,issue,I
", ",O,O,I
Leipzig,B,other,I
", S. ",O,O,I
4,B,fpage,I
 - ,O,O,I
9,B,lpage,I
".
",O,O,I
SEKRETARIAT DER STÄNDIGEN KONFERENZ DER KULTUSMINISTER DER LÄNDER DER BUNDESREPUBLIK DEUTSCHLAND,B,editor,B
 (,O,O,I
1997,B,year,I
): ,O,O,I
Vereinbarung zur Gestaltung der gymnasialen Oberstufe in der Sekundarstufe II,B,title,I
", ",O,O,I
Bonn,B,other,I
. ,O,O,I
Drucksache,B,source,I
 ,O,O,I
MsO3KI-R97-B-,B,volume,I
",
",O,O,I
TENORTH,B,author,B
", ",I,author,I
H. E.,I,author,I
 (,O,O,I
1997,B,year,I
). ,O,O,I
Die Reform der Reform und die Bedeutung fächerübergreifenden Unterrichts in der Diskussion um die gymnasiale Oberstufe,B,title,I
. - In: ,O,O,I
Ansätze zum fächerübergreifenden Unterricht in der gymnasialen Oberstufe. Lernen über Differenzen,B,source,I
", hrsg. v. ",O,O,I
Landesinstitut für Schule und Weiterbildung,B,editor,I
", ",O,O,I
Soest,B,other,I
", S. ",O,O,I
15,B,fpage,I
-,O,O,I
21,B,lpage,I
".
",O,O,I
VIRILIO,B,author,B
", ",I,author,I
P,I,author,I
. (,O,O,I
1997,B,year,I
): ,O,O,I
Die Auflösung der Stadt als Zentrum,B,title,I
. - In: ,O,O,I
Frankfurter Rundschau,B,source,I
 ,O,O,I
1.3.1997: ZB 2,B,volume,I
.,O,O,I
