token,tag,label,ref
AVIS,B,author,B
", J",I,author,I
.,I,author,I
 (,O,O,I
1994,B,year,I
): ,O,O,I
Teacher professionalism: one more time,B,title,I
. - In: ,O,O,I
Educational review,B,source,I
 ,O,O,I
46,B,volume,I
", no. ",O,O,I
1,B,issue,I
", pp. ",O,O,I
63,B,fpage,I
 - ,O,O,I
72,B,lpage,I
".
",O,O,I
BÖLLING,B,author,B
", ",I,author,I
R,I,author,I
. (,O,O,I
1983,B,year,I
): ,O,O,I
Sozialgeschichte der deutschen Lehrer. Ein Überblick von 1800 bis zur Gegenwart,B,title,I
. - ,O,O,I
Göttingen,B,other,I
 (,O,O,I
Kleine Vandenhoeck-Reihe,B,source,I
", Bd. ",O,O,I
1495,B,volume,I
").
",O,O,I
BROGIATO,B,author,B
", ",I,author,I
H.-P.,I,author,I
 (,O,O,I
1995,B,year,I
 a): ,O,O,I
"„In schwerem Kampfe um die Geltung der Geographie."" Die Schulgeographie im Spiegel der Deutschen Geographentage 1881-1948",B,title,I
. - In: ,O,O,I
U. Wardenga,B,editor,I
 / ,O,O,I
I. Hönsch,B,editor,I
 (Hg.): ,O,O,I
Kontinuität und Diskontinuität der deutschen Geographie in Umbruchphasen. Studien zur Geschichte der Geographie,B,source,I
. - ,O,O,I
Münster,B,other,I
", S. ",O,O,I
51,B,fpage,I
 - ,O,O,I
81,B,lpage,I
 (,O,O,I
Münstersche geographische Arbeiten,B,source,I
", H. ",O,O,I
39,B,issue,I
").
",O,O,I
BROGIATO,B,author,B
", ",I,author,I
H.-P.,I,author,I
 (,O,O,I
1995,B,year,I
 b): ,O,O,I
Die Schulgeographie im Spiegel der Deutschen Geographentage,B,title,I
. - In: ,O,O,I
Geographische Rundschau,B,source,I
 ,O,O,I
47,B,volume,I
", H. ",O,O,I
9,B,issue,I
", S. ",O,O,I
484,B,fpage,I
 - ,O,O,I
490,B,lpage,I
".
",O,O,I
BROGIATO,B,author,B
", ",I,author,I
H.-P.,I,author,I
 (,O,O,I
1997,B,year,I
): ,O,O,I
"„Wissen ist Macht - Geographisches Wissen ist Weltmacht!"" Die schulgeographischen Zeitschriften im deutschsprachigen Raum (1880-1945) unter besonderer Berücksichtigung des Geographischen Anzeigers",B,title,I
. - ,O,O,I
Trier,B,other,I
 (,O,O,I
Materialien zur Didaktik der Geographie,B,source,I
", H. ",O,O,I
18,B,issue,I
) [,O,O,I
im Druck,B,other,I
"]. 
",O,O,I
G. B.,B,other,B
 (= ,O,O,I
BÜSCHGES,B,author,I
", ",I,author,I
Günter,I,author,I
): ,O,O,I
"Stichwort „Professionalisierung""",B,title,I
. - In: ,O,O,I
W. Fuchs-Heinritz,B,editor,I
 ,O,O,I
u. a.,B,other,I
" (Hrsg.), ",O,O,I
Lexikon zur Soziologie,B,source,I
. - Aufl. ,O,O,I
Opladen,B,other,I
 ,O,O,I
1994,B,year,I
", S. ",O,O,I
521,B,fpage,I
".
",O,O,I
Geographischer Anzeiger,B,source,B
", Jahrg. ",O,O,I
1,B,volume,I
. - ,O,O,I
Gotha,B,other,I
 ,O,O,I
1900,B,year,I
 ,O,O,I
ff,B,other,I
". 
",O,O,I
"HEINEMANN, M.",B,editor,B
" (Hrsg., ",O,O,I
1977,B,year,I
): ,O,O,I
Der Lehrer und seine Organisation,B,title,I
. - ,O,O,I
Stuttgart,B,other,I
 (,O,O,I
Veröffentlichungen der Historischen Kommission der Deutschen Gesellschaft für Erziehungswissenschaft,B,source,I
; Bd. ,O,O,I
2,B,volume,I
").
",O,O,I
KREMER,B,author,B
", ",I,author,I
A,I,author,I
. (,O,O,I
1985,B,year,I
): ,O,O,I
Naturwissenschaftlicher Unterricht und Standesinteresse. Zur Professionalisierungsgeschichte der Naturwissenschaftslehrer an höheren Schulen,B,title,I
. - ,O,O,I
Marburg,B,other,I
 (,O,O,I
Reihe Soznat: Mythos Wissenschaft,B,source,I
; Bd. ,O,O,I
9,B,volume,I
").
",O,O,I
LINDER-GROTHEER,B,author,B
", ",I,author,I
C,I,author,I
. (,O,O,I
1986,B,year,I
): ,O,O,I
Die Professionalisierung des Sportlehrerberufs,B,title,I
. - ,O,O,I
Ahrensburg,B,other,I
 (,O,O,I
Sportwissenschaftliche Dissertationen,B,source,I
; Bd. ,O,O,I
26,B,volume,I
").
",O,O,I
MÜLLER-ROLLI,B,author,B
", ",I,author,I
S,I,author,I
. (,O,O,I
1992,B,year,I
): ,O,O,I
Der höhere Lehrerstand im 19. Jahrhundert. Der Gründungsprozeß des Philologenverbandes,B,title,I
. - ,O,O,I
Köln (u.a.),B,other,I
 (,O,O,I
Studien und Dokumentationen zur deutschen Bildungsgeschichte,B,source,I
", Bd. ",O,O,I
47,B,volume,I
").
",O,O,I
ROOS,B,author,B
", ",I,author,I
A,I,author,I
. (,O,O,I
1992,B,year,I
): ,O,O,I
"Stichwort „Professions""",B,title,I
. - In: ,O,O,I
Encyclopedia of sociology,B,source,I
", ed. ",O,O,I
Edgar F. Borgatta,B,editor,I
. vol. ,O,O,I
3,B,volume,I
. - ,O,O,I
New York (et al.),B,other,I
", pp. ",O,O,I
1552,B,fpage,I
 - ,O,O,I
1557,B,lpage,I
".
",O,O,I
RÜSCHEMEYER,B,author,B
", ",I,author,I
D,I,author,I
. (,O,O,I
1980,B,year,I
): ,O,O,I
Professionalisierung. Theoretische Probleme für die vergleichende Geschichtsforschung,B,title,I
. - In: ,O,O,I
Geschichte und Gesellschaft,B,source,I
 ,O,O,I
6,B,volume,I
", S. ",O,O,I
311,B,fpage,I
 -,O,O,I
325,B,lpage,I
".
",O,O,I
SANDFUCHS,B,author,B
", ",I,author,I
U,I,author,I
. (,O,O,I
1994,B,year,I
): ,O,O,I
"Stichwort „Professionalisierung""",B,title,I
. - In: ,O,O,I
R. W. Keck,B,editor,I
 (Hrsg.) ,O,O,I
Wörterbuch Schulpädagogik. Ein Nachschlagewerk für Studium und Schulpraxis,B,source,I
. - ,O,O,I
Bad Heilbrunn,B,other,I
", S. ",O,O,I
247,B,fpage,I
 - ,O,O,I
248,B,lpage,I
".
",O,O,I
SCHUBRING,B,author,B
", ",I,author,I
G,I,author,I
. (,O,O,I
1983,B,year,I
): ,O,O,I
Die Entstehung des Mathematiklehrerberufs im 19. Jahrhundert. Studien und Materialien zum Prozeß der Professionalisierung in Preußen (1810-1870),B,title,I
. - ,O,O,I
"Weinheim, Basel",B,other,I
 (,O,O,I
Bielefelder Beiträge zur Ausbildungsforschung und Studienreform,B,source,I
; Bd. ,O,O,I
2,B,volume,I
").
",O,O,I
SCHULTE-ALTHOFF,B,author,B
", ",I,author,I
F. J.,I,author,I
 (,O,O,I
1971,B,year,I
): ,O,O,I
Studien zur politischen Wissenschaftsgeschichte der deutschen Geographie im Zeitalter des Imperialismus,B,title,I
. - ,O,O,I
Paderborn,B,other,I
 (,O,O,I
Bochumer geographische Arbeiten,B,source,I
", H. ",O,O,I
9,B,issue,I
").
",O,O,I
SCHULTZ,B,author,B
", ",I,author,I
H.-D.,I,author,I
 (,O,O,I
1989,B,year,I
): ,O,O,I
Die Geographie als Bildungsfach im Kaiserreich. Zugleich ein Beitrag zu ihrem Kampf um die preußische höhere Schule von 1870-1914 nebst dessen Vorgeschichte und teilweiser Berücksichtigung anderer deutscher Staaten,B,title,I
. - ,O,O,I
Osnabrück,B,other,I
 (,O,O,I
Osnabrücker Studien zur Geographie,B,source,I
; Bd. ,O,O,I
10,B,volume,I
").
",O,O,I
SCHULTZ,B,author,B
", ",I,author,I
H.-D.,I,author,I
 (,O,O,I
1993,B,year,I
a): ,O,O,I
"„Mehr Geographie in die deutsche Schule!"" Anpassungsstrategie eines Schulfaches in historischer Rekonstruktion",B,title,I
. - In: ,O,O,I
Geographie und Schule,B,source,I
 ,O,O,I
15,B,volume,I
", H. ",O,O,I
84,B,issue,I
", S. ",O,O,I
4,B,fpage,I
 - ,O,O,I
14,B,lpage,I
".
",O,O,I
SCHULTZ,B,author,B
", ",I,author,I
H.-D.,I,author,I
 (,O,O,I
1993,B,year,I
b): ,O,O,I
"„Wachstumswille ist Naturgebot!"" Der Beitrag der Schulgeographie zum Versagen der Staatsbürgerkunde in der Weimarer Republik",B,title,I
. - In: ,O,O,I
R. Dithmar,B,editor,I
 (Hrsg.) ,O,O,I
Schule und Unterricht in der Endphase der Weimarer Republik,B,source,I
. - ,O,O,I
Neuwied,B,other,I
", S. ",O,O,I
21,B,fpage,I
 - ,O,O,I
42,B,lpage,I
".
",O,O,I
SCHULTZ,B,author,B
", ",I,author,I
H.-D.,I,author,I
 (,O,O,I
1995,B,year,I
): ,O,O,I
Mit oder gegen die Geschichte? Die Tücken des geographischen Paradigmas beim Kampf des Faches um die Oberstufe der höheren Schule Preußens vor dem Ersten Weltkrieg,B,title,I
. - In: ,O,O,I
U. Wardenga,B,editor,I
/ ,O,O,I
I. Hönsch,B,editor,I
 (Hrsg.) ,O,O,I
Kontinuität und Diskontinuität der deutschen Geographie in Umbruchphasen. Studien zur Geschichte der Geographie,B,source,I
. - ,O,O,I
Münster,B,other,I
", S. ",O,O,I
29,B,fpage,I
-,O,O,I
50,B,lpage,I
 (,O,O,I
Münstersche geographische Arbeiten,B,source,I
", H. ",O,O,I
39,B,issue,I
) [Kurzfassung in: ,O,O,I
Geographie und ihre Didaktik,B,source,I
 ,O,O,I
23,B,volume,I
", ",O,O,I
1995,B,year,I
", H. ",O,O,I
2,B,issue,I
", S. ",O,O,I
61,B,fpage,I
 - ,O,O,I
91,B,lpage,I
"].
",O,O,I
SCHWÄNKE,B,author,B
", ",I,author,I
U,I,author,I
. (,O,O,I
1988,B,year,I
): ,O,O,I
Der Beruf des Lehrers. Professionalisierung und Autonomie im historischen Prozeß,B,title,I
. - ,O,O,I
Weinheim/ München,B,other,I
 (Veröffentlichungen der ,O,O,I
Max-Traeger-Stiftung,B,editor,I
", Bd. ",O,O,I
9,B,volume,I
").
",O,O,I
WARDENGA,B,author,B
", ",I,author,I
U,I,author,I
. (,O,O,I
1995,B,year,I
): ,O,O,I
"„Nun ist Alles, Alles anders!"" Erster Weltkrieg und Hochschulgeographie",B,title,I
. - In: ,O,O,I
U. Wardenga,B,editor,I
/ ,O,O,I
I. Hönsch,B,editor,I
 (Hrsg.),O,O,I
 Kontinuität und Diskontinuität der deutschen Geographie in Umbruchphasen. Studien zur Geschichte der Geographie,B,source,I
. - ,O,O,I
Münster,B,other,I
", S. ",O,O,I
83,B,fpage,I
 - ,O,O,I
97,B,lpage,I
 (,O,O,I
Münstersche geographischen Arbeiten,B,source,I
", H. ",O,O,I
39,B,issue,I
). ,O,O,I
