token,tag,label,ref
Adamina,B,author,B
", ",I,author,I
M,I,author,I
"., ",O,O,I
Hertig,B,author,I
", ",I,author,I
P,I,author,I
"., ",O,O,I
Probst,B,author,I
", ",I,author,I
M,I,author,I
"., ",O,O,I
Reinfried,B,author,I
", ",I,author,I
S,I,author,I
. & ,O,O,I
Stucki,B,author,I
", ",I,author,I
P,I,author,I
 (,O,O,I
2018,B,year,I
). ,O,O,I
Klimabildung in allen Zyklen der Volksschule und in der Sekundarstufe II. Schlussbericht der CCESO-Projekt- phase 12016/2017 (vollständige Fassung),B,title,I
. ,O,O,I
Bern,B,other,I
:,O,O,I
 Globe Schweiz,B,publisher,I
. Aufgerufen am 8. August 2018 unter ,O,O,I
https://www.globe-swiss.ch/de/Angebote/Atmosphere/Klimabildung/,B,url,I
"
",O,O,I
Boykoff,B,author,B
", ",I,author,I
M,I,author,I
"., ",O,O,I
Daly,B,author,I
", ",I,author,I
M,I,author,I
"., ",O,O,I
Fernández-Reyes,B,author,I
", ",I,author,I
R,I,author,I
"., ",O,O,I
McAllister,B,author,I
", ",I,author,I
L,I,author,I
", ",O,O,I
McNatt,B,author,I
", ",I,author,I
M,I,author,I
"., ",O,O,I
Nacu-Schmidt,B,author,I
", ",I,author,I
A,I,author,I
"., ",O,O,I
Oonk,B,author,I
", ",I,author,I
D,I,author,I
. & ,O,O,I
Pearman,B,author,I
", ",I,author,I
0,I,author,I
. (,O,O,I
2018,B,year,I
). ,O,O,I
"World Newspaper Coverage of Climate Change or Global Warming, 2004-2018",B,title,I
. ,O,O,I
Colorado,B,other,I
: ,O,O,I
"Center for Science and Technology Policy Research, Cooperative Institute for Research in Environmental Sciences, University of Colorado",B,publisher,I
. Aufgerufen am 6. August 2018 unter ,O,O,I
http://sciencepolicy.colorado.edu/icecaps/research/media_coverage/world/index.html,B,url,I
"
",O,O,I
Brüggemann,B,author,B
", ",I,author,I
M,I,author,I
"., ",O,O,I
Neverla,B,author,I
", ",I,author,I
I,I,author,I
"., ",O,O,I
Hoppe,B,author,I
", ",I,author,I
I,I,author,I
. & ,O,O,I
Walter,B,author,I
", ",I,author,I
S,I,author,I
. (,O,O,I
2016,B,year,I
). ,O,O,I
Klimawandel in den Medien. CliSAP Working Paper,B,title,I
. ,O,O,I
Hamburg,B,other,I
: ,O,O,I
Universität,B,publisher,I
. Aufgerufen am 6. August 2018 unter ,O,O,I
http://www.climatematters.hamburg/wp-content/uploads/2016/08/Working-Paper_Klimawandel_in_den_Medien.pdf,B,url,I
"
",O,O,I
D-EDK,B,editor,B
 (,O,O,I
2016,B,year,I
). ,O,O,I
Lehrplan 21,B,title,I
. Aufgerufen am 6. August 2018 unter ,O,O,I
http://v-ef.lehrplan.ch/,B,url,I
"
",O,O,I
Ehrensperger,B,author,B
", ",I,author,I
A,I,author,I
. (,O,O,I
2009,B,year,I
). ,O,O,I
Klimawandel medial,B,title,I
. ,O,O,I
Hamburg,B,other,I
: ,O,O,I
Academic Transfer,B,publisher,I
".
",O,O,I
ETHZ,B,editor,B
 (,O,O,I
o. J.,B,other,I
). ,O,O,I
Schweizerisches Gletschermessnetz (GLAMOS),B,title,I
. Aufgerufen am 6. August 18 unter ,O,O,I
http://swiss-glaciers.glaciology.ethz.ch/?locale=de,B,url,I
"
",O,O,I
EUMETSAT,B,editor,B
 (,O,O,I
2017,B,year,I
). ,O,O,I
Monitoring Climate,B,title,I
. Aufgerufen am 6. August 2018 unter ,O,O,I
www.eumetsat.int/website/home/AboutUs/WhatWeDo/MonitoringClimate/index.html,B,url,I
"
",O,O,I
"Gerber, W.",B,editor,B
 (Hg.) (,O,O,I
2006,B,year,I
). ,O,O,I
Klimawandel,B,title,I
. ,O,O,I
geographie heute,B,source,I
", ",O,O,I
241/242,B,volume,I
. ,O,O,I
Seelze,B,other,I
: ,O,O,I
Friedrich,B,publisher,I
".
",O,O,I
Hoffmann,B,author,B
", ",I,author,I
T,I,author,I
. (,O,O,I
2018,B,year,I
a). ,O,O,I
Gerüstet für die Zukunft. Aufgaben des Geographieunterrichts,B,title,I
. ,O,O,I
Praxis Geographie,B,source,I
", ",O,O,I
2018,B,year,I
(,O,O,I
1,B,volume,I
"), ",O,O,I
4,B,fpage,I
-,O,O,I
9,B,lpage,I
".
",O,O,I
Hoffmann,B,author,B
", ",I,author,I
T,I,author,I
. (,O,O,I
2018,B,year,I
b). ,O,O,I
Globale Herausforderungen 1. Die Zukunft die wir wollen,B,title,I
. ,O,O,I
Stuttgart,B,other,I
: ,O,O,I
Klett,B,publisher,I
".
",O,O,I
Holt,B,author,B
", ",I,author,I
D,I,author,I
. & ,O,O,I
Barkemeyer,B,author,I
", ",I,author,I
R,I,author,I
. (,O,O,I
2012,B,year,I
). ,O,O,I
Media Coverage of Sustainable Development Issues -Attention Cycles or Punctuated Equilibrium?,B,title,I
 ,O,O,I
Sustainable Development,B,source,I
", ",O,O,I
20,B,volume,I
(,O,O,I
1,B,issue,I
"), ",O,O,I
1,B,fpage,I
-,O,O,I
17,B,lpage,I
. DOI ,O,O,I
10.1002/sd.460,B,identifier,I
"
",O,O,I
IPCC,B,editor,B
 (,O,O,I
2007,B,year,I
). ,O,O,I
Climate Change 2007: Synthesis Peport,B,title,I
. ,O,O,I
"Contributions of Working Groups I, II, III to the Fouth Assessment Peport of the Intergovernmental Panel on Climate Change",B,source,I
. ,O,O,I
Geneva Switzerland,B,other,I
: ,O,O,I
IPCC,B,publisher,I
".
",O,O,I
IPCC,B,editor,B
 (,O,O,I
2014,B,year,I
). ,O,O,I
Climate Change 2014: Synthesis Peport,B,title,I
. ,O,O,I
"Contribution of Working Groups I, II and III to the Fifth Assessment Peport of the Intergovernmental Panel on Climate Change",B,source,I
. ,O,O,I
Geneva Switzerland,B,other,I
: ,O,O,I
IPCC,B,publisher,I
".
",O,O,I
John,B,author,B
", ",I,author,I
M,I,author,I
"., ",O,O,I
Gingins,B,author,I
", ",I,author,I
F,I,author,I
"., ",O,O,I
Vogel,B,author,I
", ",I,author,I
J,I,author,I
. & ,O,O,I
Wilhelm,B,author,I
", ",I,author,I
S,I,author,I
. (,O,O,I
2016,B,year,I
). ,O,O,I
"Klimabildung und Klimawissen in der obligatorischen Schule und auf Sekundarstufe II. IST-Analyse, Bedarfsabklärung und Vorschläge. Schlussbericht im Auftrag des Bundesamtes für Umwelt BAFU",B,title,I
. ,O,O,I
Bern,B,other,I
: ,O,O,I
BAFU,B,publisher,I
".
",O,O,I
Kuckartz,B,author,B
", ",I,author,I
U,I,author,I
. (,O,O,I
2014,B,year,I
). ,O,O,I
"Qualitative Inhaltsanalyse. Methoden, Praxis, Computerunterstützung",B,title,I
. ,O,O,I
Weinheim,B,other,I
: ,O,O,I
Beltz,B,publisher,I
".
",O,O,I
Müller,B,author,B
", ",I,author,I
D,I,author,I
. & ,O,O,I
Ligensa,B,author,I
", ",I,author,I
A,I,author,I
. (,O,O,I
2009,B,year,I
). ,O,O,I
"Aktualität und Einordnung der „Leitmedien""-Diskussion",B,title,I
. In ,O,O,I
D. Müller,B,editor,I
", ",O,O,I
A. Ligensa,B,editor,I
", P. & ",O,O,I
"Gendola, P.",B,editor,I
" (Hg.), ",O,O,I
Leitmedien: Konzepte - Pelevanz - Geschichte,B,source,I
 (Band ,O,O,I
1,B,volume,I
) (S. ,O,O,I
11,B,fpage,I
-,O,O,I
14,B,lpage,I
). ,O,O,I
Bielefeld,B,other,I
: ,O,O,I
transcript Verlag,B,publisher,I
".
",O,O,I
NASA,B,editor,B
 (,O,O,I
2018,B,year,I
). ,O,O,I
Global Climate Change - Vital Signs of the Planet,B,title,I
. Aufgerufen am 6. August 2018 unter ,O,O,I
https://climate.nasa.gov/vital-signs/global-temperature/,B,url,I
"
",O,O,I
Neverla,B,author,B
", ",I,author,I
I,I,author,I
. & ,O,O,I
Schäfer,B,author,I
", ",I,author,I
M,I,author,I
. (,O,O,I
2012,B,year,I
). ,O,O,I
"Einleitung: Der Klimawandel und das „Medien-Klima""",B,title,I
. In ,O,O,I
I. Neverla,B,editor,I
 & ,O,O,I
M. Schäfer,B,editor,I
" (Hg.), ",O,O,I
Das Medien-Klima,B,source,I
 (S. ,O,O,I
9,B,fpage,I
-,O,O,I
25,B,lpage,I
). ,O,O,I
Wiesbaden,B,other,I
: ,O,O,I
Springer,B,publisher,I
".
",O,O,I
NOAA,B,editor,B
 (,O,O,I
2017,B,year,I
). ,O,O,I
Climate at a Glance,B,title,I
. ,O,O,I
Global Time Series,B,source,I
. Aufgerufen am 6. August 2018 unter ,O,O,I
https://www.ncdc.noaa.gov/cag/global/time-series/globe/land_ocean/ytd/12/1880-2018,B,url,I
"
",O,O,I
O'Neill,B,author,B
", ",I,author,I
S.J.,I,author,I
 & ,O,O,I
Nicholson-Cole,B,author,I
", ",I,author,I
S,I,author,I
. (,O,O,I
2009,B,year,I
). ,O,O,I
"""Fear won't do it"". Promoting Positive Engagement with Climate Change through Visual and Iconic Representations",B,title,I
. ,O,O,I
Science Communication,B,source,I
", ",O,O,I
30,B,volume,I
(,O,O,I
3,B,issue,I
"}, ",O,O,I
355,B,fpage,I
-,O,O,I
379,B,lpage,I
. DOI ,O,O,I
10.1177/1075547008329201,B,identifier,I
"
",O,O,I
Reinfried,B,author,B
", ",I,author,I
S,I,author,I
. (,O,O,I
2017,B,year,I
). ,O,O,I
Die Fachdidaktiken sind Integrationswissenschaften - Das Beispiel der Geographiedidaktik,B,title,I
. In ,O,O,I
swissuniversities,B,editor,I
" (Hg.), ",O,O,I
Die Fachdidaktiken und ihre disziplinären Bezüge. Dokumentation der Tagung Fachdidaktiken vom 19. Januar 2017,B,source,I
 (S. ,O,O,I
13,B,fpage,I
-,O,O,I
20,B,lpage,I
). ,O,O,I
O.O.,B,other,I
: ,O,O,I
swissuniversities,B,publisher,I
".
",O,O,I
Reinfried,B,author,B
", ",I,author,I
S,I,author,I
"., ",O,O,I
Probst,B,author,I
", ",I,author,I
M,I,author,I
"., ",O,O,I
Adamina,B,author,I
", ",I,author,I
M,I,author,I
"., ",O,O,I
Hertig,B,author,I
", ",I,author,I
P,I,author,I
. & ,O,O,I
Stucki,B,author,I
", ",I,author,I
P,I,author,I
. (,O,O,I
2018,B,year,I
). ,O,O,I
Klimabildung in allen Zyklen der Volksschule und in der Sekundarstufe II. Zusammenfassung der CCESO- Projektphase 12016/2017 (Summary),B,title,I
. ,O,O,I
Bern,B,other,I
: ,O,O,I
Globe Schweiz,B,publisher,I
. Aufgerufen am 8. August 2018 unter ,O,O,I
https://www.globe-swiss.ch/de/Angebote/Atmosphere/Klimabildung/,B,url,I
"
",O,O,I
Reusswig,B,author,B
", ",I,author,I
F,I,author,I
. (,O,O,I
2010,B,year,I
). ,O,O,I
Klimawandel und Gesellschaft. Vom Katastrophen- zum Gestaltungsdiskurs im Horizont der postkarbonen Gesellschaft,B,title,I
. In ,O,O,I
M. Voss,B,editor,I
" (Hg.), ",O,O,I
Der Klimawandel. Sozialwissenschaftliche Perspektiven,B,source,I
 (S. ,O,O,I
75,B,fpage,I
-,O,O,I
97,B,lpage,I
). ,O,O,I
Wiesbaden,B,other,I
: ,O,O,I
VS Verlag für Sozialwissenschaften,B,publisher,I
".
",O,O,I
Schäfer,B,author,B
", ",I,author,I
M,I,author,I
. (,O,O,I
2015,B,year,I
). ,O,O,I
Climate Change and the Media,B,title,I
. In ,O,O,I
N.J. Smelser,B,editor,I
 & ,O,O,I
P.B. Baltes,B,editor,I
" (Hg.), ",O,O,I
International Encyclopedia of the Social & Behavioral Sciences,B,source,I
 (S. ,O,O,I
853,B,fpage,I
-,O,O,I
859,B,lpage,I
). ,O,O,I
Amsterdam,B,other,I
: ,O,O,I
Elsevier,B,publisher,I
".
",O,O,I
Schäfer,B,author,B
", ",I,author,I
M,I,author,I
"., ",O,O,I
Ivanova,B,author,I
", ",I,author,I
A,I,author,I
. & ,O,O,I
Schmidt,B,author,I
", ",I,author,I
A,I,author,I
. (,O,O,I
2011,B,year,I
). ,O,O,I
"Globaler Klimawandel, globale Öffentlichkeit? Medienaufmerksamkeit für den Klimawandel in 23 Ländern",B,title,I
. ,O,O,I
Studies in Communication/ Media,B,source,I
", ",O,O,I
0,B,volume,I
(,O,O,I
1,B,issue,I
"), ",O,O,I
131,B,fpage,I
-,O,O,I
148,B,lpage,I
".
",O,O,I
Schäfer,B,author,B
", ",I,author,I
M,I,author,I
"., ",O,O,I
Ivanova,B,author,I
", ",I,author,I
A,I,author,I
. & ,O,O,I
Schmidt,B,author,I
", ",I,author,I
A,I,author,I
. (,O,O,I
2012,B,year,I
). ,O,O,I
Issue-Attention: Mediale Aufmerksamkeit für den Klimawandel in 26 Ländern,B,title,I
. In ,O,O,I
I. Neverla,B,editor,I
 & ,O,O,I
M. Schäfer,B,editor,I
" (Hg.), ",O,O,I
Das Medien-Klima,B,source,I
 (S. ,O,O,I
121,B,fpage,I
-,O,O,I
142,B,lpage,I
). ,O,O,I
Wiesbaden,B,other,I
: ,O,O,I
Springer,B,publisher,I
".
",O,O,I
Schäfer,B,author,B
", ",I,author,I
M,I,author,I
"., ",O,O,I
Ivanova,B,author,I
", ",I,author,I
A,I,author,I
"., ",O,O,I
Schmidt,B,author,I
", ",I,author,I
A,I,author,I
. (,O,O,I
2013,B,year,I
). ,O,O,I
"What Drives Media Attention for Climate Change? Explaining Issue Attention in Australian, German and Indian Print Media from 1996 to 2010",B,title,I
. ,O,O,I
International Communication Gazette,B,source,I
", ",O,O,I
76,B,volume,I
(,O,O,I
3,B,issue,I
"), ",O,O,I
152,B,fpage,I
-,O,O,I
176,B,lpage,I
. DOI ,O,O,I
10.1177/1748048513504169,B,identifier,I
"
",O,O,I
Schmidt,B,author,B
", ",I,author,I
A,I,author,I
"., ",O,O,I
Ivanova,B,author,I
", ",I,author,I
A,I,author,I
. & ,O,O,I
Schäfer,B,author,I
", ",I,author,I
M,I,author,I
. (,O,O,I
2013,B,year,I
). ,O,O,I
Media Attention for Climate Change Around the World: A Comparative Analysis of Newspaper Coverage in 27 Countries,B,title,I
. ,O,O,I
Global Environmental Change,B,source,I
", ",O,O,I
23,B,volume,I
(,O,O,I
5,B,issue,I
"), ",O,O,I
1233,B,fpage,I
-,O,O,I
1248,B,lpage,I
. DOI ,O,O,I
10.1177/0263774X16680818,B,identifier,I
"
",O,O,I
Schmidt,B,author,B
", ",I,author,I
F,I,author,I
. (,O,O,I
2015,B,year,I
). ,O,O,I
Kalifornien zeigt Erfindungsreichtum beim Wassersparen,B,title,I
. Aufgerufen am 6. August 2018 unter ,O,O,I
http://www.dw.com/de/kalifornien-zeigt-erfindungsreichtum-beim-wassersparen/a-18475647,B,url,I
"
",O,O,I
Stern,B,author,B
", ",I,author,I
N,I,author,I
. (Hg.) (,O,O,I
2007,B,year,I
). ,O,O,I
The Economics of Climate Change: The Stern Review,B,title,I
. ,O,O,I
Cambridge,B,other,I
: ,O,O,I
University Press,B,publisher,I
".
",O,O,I
Stoknes,B,author,B
", ",I,author,I
P.E.,I,author,I
 (,O,O,I
2015,B,year,I
). ,O,O,I
What We Think About When We Try Not to Think About Global Warming: Toward a New Psychology of Climate Action,B,title,I
. ,O,O,I
White River Junction,B,other,I
: ,O,O,I
Chelsea Green Publishing,B,publisher,I
".
",O,O,I
Trost,B,author,B
", ",I,author,I
D,I,author,I
. (,O,O,I
2016,B,year,I
). ,O,O,I
Die Rolle der Wissenschaft im öffentlichen Diskurs,B,title,I
. ,O,O,I
EURACTIV 17. März 2016,B,source,I
. Aufgerufen am 6. August 2018 unter ,O,O,I
https://www.euractiv.de/section/innovation/linksdossier/die-rolle-der-wissenschaft-im-offentlichen-diskurs/,B,url,I
"
",O,O,I
Wanner,B,author,B
", ",I,author,I
H.,I,author,I
 (,O,O,I
2016,B,year,I
). ,O,O,I
Klima und Mensch - eine 12'000-jährige Geschichte,B,title,I
. ,O,O,I
Bern,B,other,I
: ,O,O,I
Haupt Verlag,B,publisher,I
".
",O,O,I
WMO,B,editor,B
 (,O,O,I
2017,B,year,I
). ,O,O,I
WMO Greenhouse Gas Bulletin (published annually),B,title,I
. Aufgerufen am 8. August 2018 unter ,O,O,I
https://public.wmo.int/en/resources/library/wmo-greenhouse-gas-bulletin,B,url,I
"
",O,O,I
World Ocean Review (WOR),B,editor,B
 (,O,O,I
2010,B,year,I
). ,O,O,I
Mit den Meeren leben - ein Bericht über den Zustand der Weltmeere,B,title,I
. Aufgerufen am 12.5.2018 unter ,O,O,I
http://worldoceanreview.com/wor-1/ kuesten/lebensraum-kueste/,B,url,I
