token,tag,label,ref
Kürschner,B,author,B
", ",I,author,I
C,I,author,I
"., ",O,O,I
Schnotz,B,author,I
", ",I,author,I
W,I,author,I
. & ,O,O,I
Eid,B,author,I
", ",I,author,I
M,I,author,I
. (,O,O,I
2007,B,year,I
). ,O,O,I
Welchen Einfluss haben die Präsentationsmodalität und Modalitätspräferenzen auf die kognitive Verarbeitung von Text mit Bildern?,B,title,I
 ,O,O,I
Zeitschrift für Entwicklungspsychologie und Pädagogische Psychologie,B,source,I
", ",O,O,I
39,B,volume,I
(,O,O,I
2,B,issue,I
"), ",O,O,I
70,B,fpage,I
-,O,O,I
83,B,lpage,I
".
",O,O,I
Looss,B,author,B
", ",I,author,I
M,I,author,I
. (,O,O,I
2001,B,year,I
). ,O,O,I
Lerntypen? Ein pädagogisches Konstrukt auf dem Prüfstand,B,title,I
. ,O,O,I
Die Deutsche Schule,B,source,I
", ",O,O,I
93,B,volume,I
(,O,O,I
2,B,issue,I
"), ",O,O,I
185,B,fpage,I
-,O,O,I
198,B,lpage,I
".
",O,O,I
Pashler,B,author,B
", ",I,author,I
H,I,author,I
"., ",O,O,I
McDaniel,B,author,I
", ",I,author,I
M,I,author,I
"., ",O,O,I
Rohrer,B,author,I
", ",I,author,I
D,I,author,I
. & ,O,O,I
Bjork,B,author,I
", ",I,author,I
R,I,author,I
. (,O,O,I
2009,B,year,I
). ,O,O,I
Learning Styles. Concepts and Evidence,B,title,I
. ,O,O,I
Psychological Science in the Public Interest,B,source,I
", ",O,O,I
9,B,volume,I
(,O,O,I
3,B,issue,I
"), ",O,O,I
105,B,fpage,I
-,O,O,I
119,B,lpage,I
. DOI ,O,O,I
10.1111/j.1539-6053.2009.01038.x,B,identifier,I
"
",O,O,I
Van Merriënboer,B,author,B
", ",I,author,I
J,I,author,I
. (,O,O,I
2015,B,year,I
). ,O,O,I
How People Learn,B,title,I
. In ,O,O,I
N. Rushby,B,editor,I
 & ,O,O,I
D.W. Surry,B,editor,I
" (Hg.), ",O,O,I
The Wiley Handbook of Learning Technology,B,source,I
 (S. ,O,O,I
15,B,fpage,I
-,O,O,I
34,B,lpage,I
). ,O,O,I
Chichester & Malden,B,other,I
: ,O,O,I
John Wiley & Sons,B,publisher,I
.,O,O,I
