token,tag,label,ref
Bailom,B,author,B
", ",I,author,I
F,I,author,I
"., ",O,O,I
Matzler,B,author,I
", ",I,author,I
K,I,author,I
"., ",O,O,I
Anschober,B,author,I
", ",I,author,I
M,I,author,I
. & ,O,O,I
Tschemernjak,B,author,I
", ",I,author,I
D,I,author,I
. (,O,O,I
2006,B,year,I
", März). ",O,O,I
Einsatz für Innovationen,B,title,I
. ,O,O,I
Harvard Businessmanager,B,source,I
", S. ",O,O,I
10,B,fpage,I
 – ,O,O,I
12,B,lpage,I
".
",O,O,I
Barney,B,author,B
", ",I,author,I
J,I,author,I
. (,O,O,I
1991,B,year,I
). ,O,O,I
Firm Resources and Sustained Competitive Advantage,B,title,I
. ,O,O,I
Journal of Management,B,source,I
", ",O,O,I
17,B,volume,I
". Jg., H. ",O,O,I
1,B,issue,I
", ",O,O,I
99,B,fpage,I
-,O,O,I
120,B,lpage,I
".
",O,O,I
Bieger,B,author,B
", ",I,author,I
T,I,author,I
. (,O,O,I
2007,B,year,I
). ,O,O,I
Management von Destinationen,B,title,I
", 7. unveränd. Auflage. ",O,O,I
München,B,other,I
: ,O,O,I
Oldenbourg,B,publisher,I
".
",O,O,I
"Bieger, T.",B,editor,B
", & ",O,O,I
"Lässer, C.",B,editor,I
 (Hrsg.) (,O,O,I
2001/2002,B,year,I
). ,O,O,I
Jahrbuch der Schweizer Tourismuswirtschaft,B,title,I
. ,O,O,I
St. Gallen,B,other,I
".
",O,O,I
Buchholz,B,author,B
", ",I,author,I
W,I,author,I
. & ,O,O,I
Olemotz,B,author,I
", ",I,author,I
T,I,author,I
. (,O,O,I
1995,B,year,I
).,O,O,I
 Markt- vs. Ressourcenbasierter Ansatz – Konkurrierende oder komplementäre Konzepte im Strategischen Management?,B,title,I
. ,O,O,I
Arbeitspapiere,B,source,I
 ,O,O,I
Justus-Liebig-Universität Gießen,B,publisher,I
".
",O,O,I
Chakravorti,B,author,B
", ",I,author,I
B,I,author,I
. (,O,O,I
2004,B,year,I
", Juni). ",O,O,I
Neue Regeln für Innovationen,B,title,I
. ,O,O,I
Harvard Businessmanager,B,source,I
", S. ",O,O,I
2,B,fpage,I
 – ,O,O,I
13,B,lpage,I
".
",O,O,I
Dierickx,B,author,B
", ",I,author,I
I,I,author,I
"., & ",O,O,I
Cool,B,author,I
", ",I,author,I
K,I,author,I
. (,O,O,I
1989,B,year,I
). ,O,O,I
Asset Stock Accumulation and Sustainability of Competitive Advantage,B,title,I
. ,O,O,I
Management Science,B,source,I
", ",O,O,I
35,B,volume,I
". Jg., H. ",O,O,I
12,B,issue,I
", ",O,O,I
1504,B,fpage,I
-,O,O,I
1511,B,lpage,I
".
",O,O,I
Eurostat,B,editor,B
 (,O,O,I
2004,B,year,I
). ,O,O,I
"Innovation in Europe – Results for the EU, Iceland and Norway",B,title,I
. ,O,O,I
Luxembourg,B,other,I
: ,O,O,I
Eurostat,B,publisher,I
".
",O,O,I
Freyer,B,author,B
", ",I,author,I
W,I,author,I
. (,O,O,I
1996,B,year,I
). ,O,O,I
Grundlagen der Zukunftsforschung und -vorhersagen im Tourismus,B,title,I
. In ,O,O,I
"Freyer, W.",B,editor,I
", & ",O,O,I
"Scherhag, K.",B,editor,I
" (Hrsg.), ",O,O,I
"Zukunft des Tourismus, Tagungsband zum 2. Dresdner Tourismus-Symposiums",B,source,I
 (S. ,O,O,I
17,B,fpage,I
 – ,O,O,I
42,B,lpage,I
). ,O,O,I
Dresden,B,other,I
: ,O,O,I
FIT,B,publisher,I
".
",O,O,I
Freyer,B,author,B
", ",I,author,I
W,I,author,I
. (,O,O,I
2002,B,year,I
). ,O,O,I
Globalisierung und Tourismus,B,title,I
", 2. Auflage. ",O,O,I
Dresden,B,other,I
: ,O,O,I
FIT,B,publisher,I
".
",O,O,I
Freyer,B,author,B
", ",I,author,I
W,I,author,I
. (,O,O,I
2009,B,year,I
). ,O,O,I
Tourismus. Einführung in die Fremdenverkehrsökonomie,B,title,I
", 9. überarb. und aktual. Auflage. ",O,O,I
München,B,other,I
: ,O,O,I
Oldenbourg,B,publisher,I
".
",O,O,I
Fuchs,B,author,B
", ",I,author,I
M,I,author,I
"., & ",O,O,I
Pikkemaat,B,author,I
", ",I,author,I
B,I,author,I
. (,O,O,I
2004,B,year,I
). ,O,O,I
Tourismus ohne Industrie – Industrie ohne Tourismus? Überlegungen zum Wirtschaftsstandort Tirol,B,title,I
. In ,O,O,I
"Schwark, J.",B,editor,I
 (Hrsg.) ,O,O,I
Tourismus und Industriekultur,B,source,I
 (S. ,O,O,I
87,B,fpage,I
 – ,O,O,I
118,B,lpage,I
). ,O,O,I
Berlin,B,other,I
: ,O,O,I
Erich Schmidt Verlag,B,publisher,I
".
",O,O,I
F.U.R.,B,editor,B
 (Hrsg.) (,O,O,I
2008,B,year,I
). ,O,O,I
"Klimaschutz und Reiseverhalten, Reiseanalyse",B,title,I
" (Bearb. Günther, W. & Lohmann, M.).
",O,O,I
Hamel,B,author,B
", ",I,author,I
G,I,author,I
"., & ",O,O,I
Prahalad,B,author,I
", ",I,author,I
C.K.,I,author,I
 (,O,O,I
1990,B,year,I
). ,O,O,I
The Core Competence of the Corporation,B,title,I
. ,O,O,I
Harvard Business Review,B,source,I
", ",O,O,I
68,B,volume,I
". Jg., H. ",O,O,I
3,B,issue,I
", ",O,O,I
79,B,fpage,I
-,O,O,I
91,B,lpage,I
".
",O,O,I
Hasse,B,author,B
", ",I,author,I
J,I,author,I
"., & ",O,O,I
Schumacher,B,author,I
", ",I,author,I
F,I,author,I
. (,O,O,I
1990,B,year,I
). ,O,O,I
Sanfter Tourismus,B,title,I
. ,O,O,I
Bunderhee,B,other,I
".
",O,O,I
Hauschildt,B,author,B
", ",I,author,I
J,I,author,I
"., & ",O,O,I
Salomo,B,author,I
", ",I,author,I
S,I,author,I
. (,O,O,I
2007,B,year,I
). ,O,O,I
Innovationsmanagement,B,title,I
", 4., überarb., erg. und aktualisierte Auflage. ",O,O,I
München,B,other,I
: ,O,O,I
Vahlen,B,publisher,I
".
",O,O,I
Hopfenbeck,B,author,B
", ",I,author,I
W,I,author,I
"., & ",O,O,I
Zimmer,B,author,I
", ",I,author,I
P,I,author,I
. (,O,O,I
1993,B,year,I
). ,O,O,I
"Umweltorientiertes Tourismusmanagement: Strategien, Checklisten, Fallstudien",B,title,I
. ,O,O,I
Landsberg / Lech,B,other,I
: ,O,O,I
Verlag Moderne Industrie,B,publisher,I
".
",O,O,I
Jungk,B,author,B
", ",I,author,I
R,I,author,I
. (,O,O,I
1980,B,year,I
). ,O,O,I
Wieviel Touristen pro Hektar Strand? Plädoyer für „sanftes Reisen“,B,title,I
. ,O,O,I
Geo,B,source,I
", Heft ",O,O,I
10,B,issue,I
", ",O,O,I
154,B,fpage,I
 – ,O,O,I
156,B,lpage,I
".
",O,O,I
Kagermeier,B,author,B
", ",I,author,I
A,I,author,I
", & ",O,O,I
Steinecke,B,author,I
", ",I,author,I
A,I,author,I
. (,O,O,I
2003,B,year,I
). ,O,O,I
Tourismus- und Freizeitmärkte im Wandel: Fallstudien - Analysen – Prognosen,B,title,I
. ,O,O,I
Paderborn,B,other,I
".
",O,O,I
Kaspar,B,author,B
", ",I,author,I
C,I,author,I
. (,O,O,I
1996,B,year,I
). ,O,O,I
Die Tourismuslehre im Grundriss,B,title,I
", 5., überarb. und erg. Auflage. ",O,O,I
Bern/ Stuttgart,B,other,I
: ,O,O,I
Haupt,B,publisher,I
".
",O,O,I
Keller,B,author,B
", ",I,author,I
P,I,author,I
. (,O,O,I
2001/2002,B,year,I
). ,O,O,I
Innovation und Tourismus,B,title,I
. In ,O,O,I
"Bieger, T.",B,editor,I
", & ",O,O,I
"Lässer, C.",B,editor,I
 (Hrsg.) ,O,O,I
Jahrbuch der Schweizer Tourismuswirtschaft,B,source,I
 (S. ,O,O,I
179,B,fpage,I
 – ,O,O,I
194,B,lpage,I
). ,O,O,I
St. Gallen,B,other,I
".
",O,O,I
Keller,B,author,B
", ",I,author,I
P,I,author,I
. (,O,O,I
2005,B,year,I
). ,O,O,I
Entstehung von Innovationen im Bereich des Tourismus: Sind fördernde tourismuspolitische Impulse notwendig?,B,title,I
. In ,O,O,I
"Pechlaner, H.",B,editor,I
", ",O,O,I
"Tschurtschenthaler, P.",B,editor,I
", ",O,O,I
"Peters, M.",B,editor,I
", ",O,O,I
"Pikkemaat, B.",B,editor,I
", & ",O,O,I
"Fuchs, M.",B,editor,I
 (Hrsg.) ,O,O,I
Erfolg durch Innovation – Perspektiven für den Tourismus- und Dienstleistungssektor,B,source,I
. ,O,O,I
Wiesbaden,B,other,I
: ,O,O,I
Deutscher Universitäts-Verlag,B,publisher,I
".
",O,O,I
Kirstges,B,author,B
", ",I,author,I
T,I,author,I
. (,O,O,I
2003,B,year,I
). ,O,O,I
Sanfter Tourismus: Chancen und Probleme der Realisierung eines ökologieorientierten und sozialverträglichen Tourismus durch deutsche Reiseveranstalter,B,title,I
", 3. vollst. Überarb. und erw. Auflage. ",O,O,I
München/Wien,B,other,I
: ,O,O,I
Oldenbourg,B,publisher,I
".
",O,O,I
Koenen,B,author,B
", ",I,author,I
J,I,author,I
"., & ",O,O,I
Nonnast,B,author,I
", ",I,author,I
T,I,author,I
. (,O,O,I
"2005, März",B,volume,I
). ,O,O,I
Man kann Kreativität und Innovation nicht verordnen,B,title,I
. ,O,O,I
Handelsblatt,B,source,I
", ",O,O,I
Düsseldorf,B,other,I
", S. ",O,O,I
2,B,fpage,I
".
",O,O,I
Krippendorf,B,author,B
", ",I,author,I
J,I,author,I
. (,O,O,I
1984,B,year,I
). ,O,O,I
Für ein neues Verständnis von Freizeit und Reisen,B,title,I
. ,O,O,I
Zürich/ Schwäbisch Hall,B,other,I
: ,O,O,I
Orell Füssli,B,publisher,I
".
",O,O,I
Luft,B,author,B
", ",I,author,I
H,I,author,I
. (,O,O,I
2001,B,year,I
). ,O,O,I
Organisation und Vermarktung von Tourismusorten und Tourismusregionen,B,title,I
. ,O,O,I
Meßkirch,B,other,I
: ,O,O,I
Gmeiner,B,publisher,I
".
",O,O,I
Mahoney,B,author,B
", ",I,author,I
J.T.,I,author,I
", & ",O,O,I
Pandian,B,author,I
", ",I,author,I
J.R.,I,author,I
 (,O,O,I
1992,B,year,I
). ,O,O,I
The Resource-Based View Within the Conversation of Strategic Management,B,title,I
. ,O,O,I
Strategic Management Journal,B,source,I
", ",O,O,I
13,B,volume,I
". Jg., ",O,O,I
363,B,fpage,I
-,O,O,I
380,B,lpage,I
".
",O,O,I
Meyer,B,author,B
", ",I,author,I
J,I,author,I
"., & ",O,O,I
Westermann,B,author,I
", ",I,author,I
V,I,author,I
. (,O,O,I
2005,B,year,I
). ,O,O,I
Mit Nichtkunden echte Innovationen entdecken,B,title,I
. ,O,O,I
Frankfurter Allgemeine Zeitung,B,source,I
", ",O,O,I
Frankfurt,B,other,I
", Februar, Nr. ",O,O,I
43,B,volume,I
", S. ",O,O,I
22,B,fpage,I
".
",O,O,I
Minsch,B,author,B
", ",I,author,I
J,I,author,I
"., ",O,O,I
Eberle,B,author,I
", ",I,author,I
A,I,author,I
"., ",O,O,I
Meier,B,author,I
 ,I,author,I
B,I,author,I
"., & ",O,O,I
Schneidewind,B,author,I
", ",I,author,I
U,I,author,I
. (,O,O,I
1996,B,year,I
). ,O,O,I
Mut zum ökologischen Umbau,B,title,I
. ,O,O,I
Basel/Boston/Berlin,B,other,I
: ,O,O,I
Birkhäuser,B,publisher,I
".
",O,O,I
Müller,B,author,B
", ",I,author,I
H,I,author,I
. (,O,O,I
2007,B,year,I
). ,O,O,I
Tourismus und Ökologie: Wechselwirkungen und Handlungsfelder,B,title,I
", 3. überarbeitete Auflage. ",O,O,I
München,B,other,I
: ,O,O,I
Oldenbourg,B,publisher,I
".
",O,O,I
Pechlaner,B,author,B
", ",I,author,I
H,I,author,I
"., ",O,O,I
Hammann,B,author,I
", ",I,author,I
E.-M.,I,author,I
", & ",O,O,I
Fischer,B,author,I
", ",I,author,I
E,I,author,I
. (,O,O,I
2005,B,year,I
). ,O,O,I
Leadership und Innovationsprozesse: Von der Kernkompetenz zur Dienstleistung,B,title,I
. In ,O,O,I
"Pechlaner, H.",B,editor,I
", ",O,O,I
"Tschurtschenthaler, P.",B,editor,I
", ",O,O,I
"Peters, M.",B,editor,I
", ",O,O,I
"Pikkemaat, B.",B,editor,I
", & ",O,O,I
"Fuchs, M.",B,editor,I
 (Hrsg.). ,O,O,I
Erfolg durch Innovation – Perspektiven für den Tourismus- und Dienstleistungssektor,B,source,I
 (S. ,O,O,I
65,B,fpage,I
 - ,O,O,I
84,B,lpage,I
). ,O,O,I
Wiesbaden,B,other,I
: ,O,O,I
Deutscher Universitäts-Verlag,B,publisher,I
".
",O,O,I
"Pechlaner, H.",B,editor,B
", ",O,O,I
"Tschurtschenthaler, P.",B,editor,I
", ",O,O,I
"Peters, M.",B,editor,I
", ",O,O,I
"Pikkemaat, B.",B,editor,I
", & ",O,O,I
"Fuchs, M.",B,editor,I
 (Hrsg.) (,O,O,I
2005,B,year,I
). ,O,O,I
Erfolg durch Innovation – Perspektiven für den Tourismus- und Dienstleistungssektor,B,title,I
", ",O,O,I
Wiesbaden,B,other,I
: ,O,O,I
Deutscher UniversitätsVerlag,B,publisher,I
".
",O,O,I
Peteraf,B,author,B
", ",I,author,I
M. A.,I,author,I
 (,O,O,I
1993,B,year,I
). ,O,O,I
The Cornerstones of Competitive Advantage: A Resource-Based View,B,title,I
. ,O,O,I
Strategic Management Journal,B,source,I
", ",O,O,I
14,B,volume,I
". Jg., ",O,O,I
179,B,fpage,I
-,O,O,I
191,B,lpage,I
".
",O,O,I
Peters,B,author,B
", ",I,author,I
M,I,author,I
"., & ",O,O,I
Weiermair,B,author,I
", ",I,author,I
K,I,author,I
. (,O,O,I
2001 / 2002,B,year,I
). ,O,O,I
Innovationen und Innovationsverhalten im Tourismus,B,title,I
. In ,O,O,I
"Bieger, T.",B,editor,I
", & ",O,O,I
"Lässer, C.",B,editor,I
" (Hrsg.), ",O,O,I
Jahrbuch der Schweizer Tourismuswirtschaft,B,source,I
 (S. ,O,O,I
157,B,fpage,I
 – ,O,O,I
178,B,lpage,I
). ,O,O,I
St. Gallen,B,other,I
".
",O,O,I
Pikkemaat,B,author,B
", ",I,author,I
B,I,author,I
. (,O,O,I
2005,B,year,I
). ,O,O,I
Zur empirischen Erforschung von Innovationen im Tourismus,B,title,I
. In ,O,O,I
"Pechlaner, H.",B,editor,I
", ",O,O,I
"Tschurtschenthaler, P.",B,editor,I
", ",O,O,I
"Peters, M.",B,editor,I
", ",O,O,I
"Pikkemaat, B.",B,editor,I
", ",O,O,I
"Fuchs, M.",B,editor,I
" (Hrsg.), ",O,O,I
Erfolg durch Innovation – Perspektiven für den Tourismus- und Dienstleistungssektor,B,source,I
 (S. ,O,O,I
89,B,fpage,I
 – ,O,O,I
100,B,lpage,I
). ,O,O,I
Wiesbaden,B,other,I
: ,O,O,I
Deutscher Universitäts-Verlag,B,publisher,I
".
",O,O,I
Porter,B,author,B
", ",I,author,I
M,I,author,I
. (,O,O,I
2008,B,year,I
). ,O,O,I
Wettbewerbsstrategie: Methoden zur Analyse von Branchen und Konkurrenten,B,title,I
. ,O,O,I
Frankfurt,B,other,I
".
",O,O,I
Quandt,B,author,B
", ",I,author,I
B,I,author,I
. (,O,O,I
2009,B,year,I
). ,O,O,I
Grüner Motor,B,title,I
. ,O,O,I
fvw,B,source,I
 ,O,O,I
21,B,volume,I
", S. ",O,O,I
30,B,fpage,I
".
",O,O,I
Rasche,B,author,B
", ",I,author,I
C,I,author,I
. (,O,O,I
1994,B,year,I
). ,O,O,I
Wettbewerbsvorteile durch Kernkompetenzen: ein ressourcenorientierter Ansatz,B,title,I
. ,O,O,I
Wiesbaden,B,other,I
: ,O,O,I
Gabler,B,publisher,I
".
",O,O,I
Schaller,B,author,B
", ",I,author,I
C,I,author,I
. (,O,O,I
2002,B,year,I
). ,O,O,I
Innovationsmanagement für Dienstleistungen,B,title,I
. In ,O,O,I
"Meiren, T.",B,editor,I
", & ",O,O,I
"Liestmann, V.",B,editor,I
 (Hrsg.) ,O,O,I
Service Engineering in der Praxis,B,source,I
 (S. ,O,O,I
10,B,fpage,I
 – ,O,O,I
20,B,lpage,I
). ,O,O,I
Stuttgart,B,other,I
: ,O,O,I
Fraunhofer IRB,B,publisher,I
".
",O,O,I
Schneider,B,author,B
", ",I,author,I
K,I,author,I
. (,O,O,I
2005,B,year,I
", Juli). ",O,O,I
Studenten testen das Phänomen Innovation,B,title,I
. ,O,O,I
Handelsblatt,B,source,I
", ",O,O,I
Düsseldorf,B,other,I
", Nr. ",O,O,I
135,B,volume,I
/,O,O,I
28,B,issue,I
", S. ",O,O,I
12,B,fpage,I
".
",O,O,I
Schneider,B,author,B
", ",I,author,I
M,I,author,I
. (,O,O,I
1998,B,year,I
). ,O,O,I
Innovationen von Dienstleistungen. Organisation von Innovationsprozessen in Universalbanken,B,title,I
. ,O,O,I
Wiesbaden,B,other,I
: ,O,O,I
Gabler,B,publisher,I
"
",O,O,I
Schumpeter,B,author,B
", ",I,author,I
J.A.,I,author,I
 (,O,O,I
1961,B,year,I
). ,O,O,I
The Theory of Economic Development,B,title,I
. ,O,O,I
New York/Oxford,B,other,I
: ,O,O,I
Univ. Press,B,publisher,I
".
",O,O,I
Tschurtschenthaler,B,author,B
", ",I,author,I
P,I,author,I
. (,O,O,I
2005,B,year,I
). ,O,O,I
Die gesamtwirtschaftliche Perspektive von touristischen Innovationen,B,title,I
. In ,O,O,I
"Pechlaner, H.",B,editor,I
", ",O,O,I
"Tschurtschenthaler, P.",B,editor,I
", ",O,O,I
"Peters, M.",B,editor,I
", ",O,O,I
"Pikkemaat, B.",B,editor,I
", & ",O,O,I
"Fuchs, M.",B,editor,I
 (Hrsg.) ,O,O,I
Erfolg durch Innovation – Perspektiven für den Tourismus- und Dienstleistungssektor,B,source,I
 (S. ,O,O,I
6,B,fpage,I
 – ,O,O,I
21,B,lpage,I
). ,O,O,I
Wiesbaden,B,other,I
: ,O,O,I
Deutscher Universitäts-Verlag,B,publisher,I
".
",O,O,I
UBA – Umweltbundesamt,B,editor,B
 (Hrsg) (,O,O,I
2000,B,year,I
). ,O,O,I
"Umwelt und Tourismus. Daten, Fakten, Perspektiven",B,title,I
. ,O,O,I
Berlin,B,other,I
: ,O,O,I
ESV,B,publisher,I
".
",O,O,I
UBA – Umweltbundesamt,B,editor,B
 (Hrsg) (,O,O,I
2002,B,year,I
). ,O,O,I
Kommunikation und Umwelt im Tourismus. Empirische Grundlagen und Konzeptbausteine für ein nachhaltiges Verbraucherverhalten im Urlaub,B,title,I
. ,O,O,I
Berlin,B,other,I
: ,O,O,I
ESV,B,publisher,I
".
",O,O,I
Walder,B,author,B
", ",I,author,I
B,I,author,I
. (,O,O,I
2007,B,year,I
). ,O,O,I
Tourismus – Management von Innovationen,B,title,I
. ,O,O,I
Marburg,B,other,I
: ,O,O,I
Tectum,B,publisher,I
"
",O,O,I
Weiermair,B,author,B
", ",I,author,I
K,I,author,I
. & ,O,O,I
Pechlaner,B,author,I
", ",I,author,I
H,I,author,I
. (,O,O,I
2001,B,year,I
). ,O,O,I
Management von Kulturtourismus im Spannungsfeld von Markt- und Ressourcenorientierung,B,title,I
. In ,O,O,I
"Bieger, Th.",B,editor,I
", ",O,O,I
"Pechlaner, H.",B,editor,I
", & ",O,O,I
"Steinecke, A.",B,editor,I
 (Hrsg.) ,O,O,I
Erfolgskonzepte im Tourismus: Marken – Kultur – Neue Geschäftsmodelle,B,source,I
 (S. ,O,O,I
91,B,fpage,I
 – ,O,O,I
123,B,lpage,I
). ,O,O,I
Wien,B,other,I
: ,O,O,I
Linde,B,publisher,I
".
",O,O,I
Welp,B,author,B
", ",I,author,I
C,I,author,I
. (,O,O,I
2005,B,year,I
", Dezember). ",O,O,I
Wahrer Vorsprung,B,title,I
. ,O,O,I
Wirtschaftswoche,B,source,I
", ",O,O,I
Düsseldorf,B,other,I
", Nr. ",O,O,I
52,B,volume,I
", S. ",O,O,I
116,B,fpage,I
".
",O,O,I
Wernerfelt,B,author,B
", ",I,author,I
B,I,author,I
. (,O,O,I
1984,B,year,I
). ,O,O,I
A Ressource-based View of the Firm,B,title,I
. ,O,O,I
Strategic Management Journal,B,source,I
", ",O,O,I
5,B,volume,I
". Jg., ",O,O,I
171,B,fpage,I
-,O,O,I
180,B,lpage,I
".
",O,O,I
Wildemann,B,author,B
", ",I,author,I
H,I,author,I
. (,O,O,I
"1996, Januar",B,volume,I
). ,O,O,I
Die Produktklinik – eine Keimzelle für Lernprozesse,B,title,I
. ,O,O,I
Harvard Businessmanager,B,source,I
", S. ",O,O,I
2,B,fpage,I
 – ,O,O,I
11,B,lpage,I
.,O,O,I
