token,tag,label,ref
Ajzen,B,author,B
", ",I,author,I
I,I,author,I
. (,O,O,I
1991,B,year,I
). ,O,O,I
Theory of Planned Behavior,B,title,I
. ,O,O,I
Organizational behavior and Human Decision Processes,B,source,I
", ",O,O,I
50,B,volume,I
 (,O,O,I
2,B,issue,I
"), ",O,O,I
179,B,fpage,I
–,O,O,I
211,B,lpage,I
". 
",O,O,I
Andreu,B,author,B
", ",I,author,I
R,I,author,I
"., ",O,O,I
Claver,B,author,I
", ",I,author,I
E,I,author,I
"., & ",O,O,I
Quer,B,author,I
", ",I,author,I
D,I,author,I
. (,O,O,I
2013,B,year,I
). ,O,O,I
Chinese outbound tourism: new challenges for European tourism,B,title,I
. ,O,O,I
Enlightening Tourism,B,source,I
", ",O,O,I
3,B,volume,I
 (,O,O,I
1,B,issue,I
"), ",O,O,I
44,B,fpage,I
–,O,O,I
58,B,lpage,I
". 
",O,O,I
Arlt,B,author,B
", ",I,author,I
W,I,author,I
"., & ",O,O,I
Deng-Westphal,B,author,I
", ",I,author,I
M,I,author,I
. (,O,O,I
2017,B,year,I
) ,O,O,I
COTRI Market Report,B,title,I
. ,O,O,I
Hamburg,B,other,I
: ,O,O,I
Eigenverlag,B,publisher,I
". 
",O,O,I
Benkenstein,B,author,B
", ",I,author,I
M,I,author,I
"., ",O,O,I
Steiner,B,author,I
", ",I,author,I
S,I,author,I
"., & ",O,O,I
Spiegel,B,author,I
", ",I,author,I
T,I,author,I
. (,O,O,I
2007,B,year,I
). ,O,O,I
Die Wertkette in Dienstleistungsunternehmen,B,title,I
. In ,O,O,I
M. Bruhn,B,editor,I
 & ,O,O,I
B. Strauss,B,editor,I
 (Hrsg.): ,O,O,I
Wertschöpfungsprozesse bei Dienstleistungen,B,source,I
 (S. ,O,O,I
51,B,fpage,I
–,O,O,I
70,B,lpage,I
). ,O,O,I
Wiesbaden,B,other,I
 : ,O,O,I
Betriebswirtschaftlicher Verlag Dr. Th. Gabler,B,publisher,I
". 
",O,O,I
Bieger,B,author,B
", ",I,author,I
T,I,author,I
"., & ",O,O,I
Beritelli,B,author,I
", ",I,author,I
P,I,author,I
. (,O,O,I
2013,B,year,I
). ,O,O,I
Management von Destinationen,B,title,I
. ,O,O,I
München,B,other,I
: ,O,O,I
Oldenbourg Verlag,B,publisher,I
". 
",O,O,I
Bundesamt für Statistik (BfS),B,editor,B
 (,O,O,I
2016,B,year,I
). ,O,O,I
Beherbergungsstatistik HESTA,B,title,I
. Abgerufen am 1. April 2017 von ,O,O,I
https://www.bfs.admin.ch/bfs/de/home/statistiken/tourismus/erhebungen/hesta.html ,B,url,I
"
",O,O,I
Chang,B,author,B
", ",I,author,I
R. C.,I,author,I
", ",O,O,I
Kivela,B,author,I
", ",I,author,I
J,I,author,I
"., & ",O,O,I
Mak,B,author,I
", ",I,author,I
A. H.,I,author,I
 (,O,O,I
2010,B,year,I
). ,O,O,I
Food preferences of Chinese Tourists,B,title,I
. ,O,O,I
Annals of tourism research,B,source,I
", ",O,O,I
37,B,volume,I
 (,O,O,I
4,B,issue,I
"), ",O,O,I
989,B,fpage,I
–,O,O,I
1011,B,lpage,I
". 
",O,O,I
Edinburgh Tourism AG,B,editor,B
 (,O,O,I
2016,B,year,I
). ,O,O,I
Edinburgh China-Ready Business Opportunities Guide,B,title,I
. Abgerufen am 1. April 2017 von ,O,O,I
https://www.etag.org.uk/resource/etag-china-ready-business-opportunity-guide/ ,B,url,I
"
",O,O,I
ETC (European Travel Commission),B,editor,B
 und ,O,O,I
WTO,B,editor,I
 (,O,O,I
2012,B,year,I
). ,O,O,I
Understanding Chinese Outbound Tourism – What the Chinese Blogosphere is Saying about Europe,B,title,I
. ,O,O,I
Madrid,B,other,I
: ,O,O,I
UNWTO,B,publisher,I
". 
",O,O,I
ETOA (European Tourism Association),B,editor,B
 (,O,O,I
2017,B,year,I
). ,O,O,I
Report on the latest and future developments in tourism flows from China to Europe,B,title,I
". 
",O,O,I
Hu,B,author,B
", ",I,author,I
T,I,author,I
"., ",O,O,I
Marchiori,B,author,I
", ",I,author,I
E,I,author,I
"., ",O,O,I
Kalbaska,B,author,I
", ",I,author,I
N,I,author,I
"., & ",O,O,I
Cantoni,B,author,I
", ",I,author,I
L,I,author,I
. (,O,O,I
2014,B,year,I
). ,O,O,I
Online representation of Switzerland as a tourism destination: An exploratory research on a Chinese microblogging platform,B,title,I
. ,O,O,I
Studies in Communication Sciences,B,source,I
", ",O,O,I
14,B,volume,I
 (,O,O,I
2,B,issue,I
"), ",O,O,I
136,B,fpage,I
–,O,O,I
143,B,lpage,I
". 
",O,O,I
Imwinkelried,B,author,B
", ",I,author,I
D,I,author,I
. (3. Jänner ,O,O,I
2017,B,year,I
). ,O,O,I
Chinesische Reisende umgehen die Schweiz,B,title,I
. ,O,O,I
Neue Zürcher Zeitung,B,source,I
. Abgerufen von ,O,O,I
https://www.nzz.ch/wirtschaft/trendwende-in-china-touristen-auf-neuen-trampelpfaden-ld.137674 ,B,url,I
"
",O,O,I
ITB-Berlin,B,editor,B
 (,O,O,I
2015,B,year,I
). ,O,O,I
ITB World Travel Trends Report 2015/16,B,title,I
. Abgerufen am 2. August 2017 von ,O,O,I
http://www.itb-berlin.de/de/Presse/Pressemitteilungen/News_20673.html ,B,url,I
"
",O,O,I
Keating,B,author,B
", ",I,author,I
B,I,author,I
"., & ",O,O,I
Kriz,B,author,I
", ",I,author,I
A,I,author,I
. (,O,O,I
2008,B,year,I
). ,O,O,I
Outbound tourism from China: Literature review and research agenda,B,title,I
. ,O,O,I
Journal of Hospitality and Tourism Managemen,B,source,I
"t, ",O,O,I
15,B,volume,I
", ",O,O,I
32,B,fpage,I
–,O,O,I
41,B,lpage,I
". 
",O,O,I
Koch,B,author,B
", ",I,author,I
W,I,author,I
. (,O,O,I
2006,B,year,I
). ,O,O,I
Zur Wertschöpfungstiefe von Unternehmen: Die strategische Logik der Integration,B,title,I
. ,O,O,I
Wiesbaden,B,other,I
: ,O,O,I
Deutscher Universitäts-Verlag,B,publisher,I
". 
",O,O,I
Laesser,B,author,B
", ",I,author,I
C,I,author,I
"., ",O,O,I
Bazzi,B,author,I
", ",I,author,I
D,I,author,I
"., & ",O,O,I
Riegler,B,author,I
", ",I,author,I
B,I,author,I
. (,O,O,I
2013,B,year,I
). ,O,O,I
Tourismus 2020 – Nutzbarmachung von internationalen Tourismuspotentialen durch den Bündner Tourismus: Entwicklungen – Potentiale – Handlungsempfehlungen,B,title,I
". 
",O,O,I
Li,B,author,B
", ",I,author,I
X,I,author,I
"., ",O,O,I
Lai,B,author,I
", ",I,author,I
C,I,author,I
"., ",O,O,I
Harrill,B,author,I
", ",I,author,I
R,I,author,I
", ",O,O,I
Kline,B,author,I
", ",I,author,I
S,I,author,I
"., & ",O,O,I
Wang,B,author,I
", ",I,author,I
L,I,author,I
. (,O,O,I
2011,B,year,I
). ,O,O,I
When east meets west: An exploratory study on Chinese outbound tourists‘ travel expectation,B,title,I
. ,O,O,I
Tourism Management,B,source,I
", ",O,O,I
32,B,volume,I
 (,O,O,I
4,B,issue,I
"), ",O,O,I
741,B,fpage,I
–,O,O,I
749,B,lpage,I
". 
",O,O,I
McKinsey,B,editor,B
 (,O,O,I
2016,B,year,I
). ,O,O,I
Whats driving the Chinese consumer,B,title,I
. Abgerufen am 5. Januar 2017 von ,O,O,I
https://www.mckinsey.com/global-themes/china/whats-driving-the-chinese-consumer ,B,url,I
"
",O,O,I
Osterwalder,B,author,B
", ",I,author,I
A,I,author,I
"., & ",O,O,I
Pigneur,B,author,I
", ",I,author,I
Y,I,author,I
. (,O,O,I
2011,B,year,I
). ,O,O,I
"Business Model Generation: Ein Handbuch für Visionäre, Spielveränderer und Herausforderer",B,title,I
. ,O,O,I
Frankfurt am Main,B,other,I
: ,O,O,I
Campus Verlag,B,publisher,I
". 
",O,O,I
Plaz,B,author,B
", ",I,author,I
P,I,author,I
. (,O,O,I
2015,B,year,I
). ,O,O,I
Sommergeschäft durch Touringgäste aus Asien beleben. Strategien für den Bündner Tourismus. Vertiefungsbericht V2,B,title,I
. ,O,O,I
Chur,B,other,I
: ,O,O,I
Wirtschaftsforum Graubünden,B,publisher,I
". 
",O,O,I
Porter,B,author,B
", ",I,author,I
M. E.,I,author,I
 (,O,O,I
1985,B,year,I
). ,O,O,I
Competitive advantage: creating and sustaining superior performance,B,title,I
. ,O,O,I
New York/London/Toronto/Sydney/Tokyo/Singapore,B,other,I
: ,O,O,I
FreePress,B,publisher,I
". 
",O,O,I
Schweiz Tourismus,B,editor,B
 (,O,O,I
2012,B,year,I
). ,O,O,I
Tourismusmonitor Switzerland 2013,B,title,I
. Abgerufen am 1. Aprifl 2017 von ,O,O,I
http://www.stnet.ch/de/dienstleistungen/tourismus-monitor-schweiz/tms-2013-fuer-st mitglieder.html,B,url,I
" 
",O,O,I
Tagesanzeiger,B,source,B
 (,O,O,I
5. August 2016,B,volume,I
). ,O,O,I
Weniger Gäste übernachten in Schweizer Hotels. Tagesanzeiger,B,title,I
. Abgerufen von ,O,O,I
https://www.tagesanzeiger.ch/wirtschaft/unternehmen-und-konjunktur/weniger-uebernachtungen-in-schweizer-hotels/story/27273757 ,B,url,I
" 
",O,O,I
"Tourism and Events Queensland, AUS",B,editor,B
 (,O,O,I
2013,B,year,I
). ,O,O,I
Meeting the expectations of your Chinese visitors and making them feel welcome,B,title,I
. Abgerufen am 1. April 2017 von ,O,O,I
https://cdn-teq.queensland.com/~/media/15c4dcb13eb643f0b1eb0931a9cb3eae.ashx?la=en-au&vs=1&d=20140515T115458 ,B,url,I
"
",O,O,I
Tourism New Zealand,B,editor,B
 (,O,O,I
2013,B,year,I
). ,O,O,I
China Toolkit,B,title,I
. Abgerufen am 1. April 2017 von ,O,O,I
http://www.chinatoolkit.co.nz/ ,B,url,I
"
",O,O,I
Tsang,B,author,B
", ",I,author,I
N,I,author,I
"., & ",O,O,I
Hsu,B,author,I
", ",I,author,I
C,I,author,I
. (,O,O,I
2011,B,year,I
). ,O,O,I
Thirty years of research on tourism and hospitality management in China: A review and analysis of journal publications,B,title,I
. ,O,O,I
International Journal of Hospitality Management,B,source,I
", ",O,O,I
30,B,volume,I
(,O,O,I
4,B,issue,I
"), ",O,O,I
886,B,fpage,I
–,O,O,I
896,B,lpage,I
". 
",O,O,I
Wonderful Copenhagen,B,editor,B
 (,O,O,I
2013,B,year,I
). ,O,O,I
Survey of Chinese Visitors to Scandinavia,B,title,I
. Abgerufen am 15. März 2015 von ,O,O,I
http://www.visitcopenhagen.com/sites/default/files/asp/visitcopenhagen/Corporate/PDF-filer/Analyser/Chinavia/chinavia_-_survey_of_chinese_visitors_to_scandinavia_-_final.pdf ,B,url,I
"
",O,O,I
World Tourism Organisation,B,editor,B
 (,O,O,I
2017,B,year,I
). ,O,O,I
Penetrating the Chinese Outvound Tourism Market – Successful Practices and Solutions,B,title,I
. ,O,O,I
Madrid,B,other,I
: ,O,O,I
UNWTO,B,publisher,I
". 
",O,O,I
Wu,B,author,B
", ",I,author,I
B,I,author,I
"., & ",O,O,I
Wei,B,author,I
", ",I,author,I
Q,I,author,I
. (,O,O,I
2015,B,year,I
). ,O,O,I
中国滑雪产业白皮书,B,title,I
 In ,O,O,I
L. Vanat,B,editor,I
" (Hrsg.), ",O,O,I
China Ski Industry White Book,B,source,I
. Abgerufen am 5. Januar 2017 von ,O,O,I
http://www.vanat.ch/2015-China%20Ski%20Industry%20White%20Book-Benny%20Wu%20(20160503).pdf,B,url,I
 ,O,O,I
