token,tag,label,ref
Fyall,B,author,B
", ",I,author,I
A,I,author,I
. & ,O,O,I
Leask,B,author,I
 ,I,author,I
A,I,author,I
. (,O,O,I
2006,B,year,I
). ,O,O,I
Destination Marketing. Future Issues – Strategic Challenges,B,title,I
. In: ,O,O,I
Tourism and Hospitality Research,B,source,I
 (,O,O,I
7,B,volume,I
) ,O,O,I
1,B,issue,I
", S. ",O,O,I
50,B,fpage,I
-,O,O,I
63,B,lpage,I
".
",O,O,I
Jamal,B,author,B
", ",I,author,I
T. B.,I,author,I
 & ,O,O,I
Stronza,B,author,I
", ",I,author,I
A,I,author,I
. (,O,O,I
2009,B,year,I
). ,O,O,I
"Collaboration Theory and Tourism Practice in Protected Areas. Stakeholders, Structuring and Sustainability",B,title,I
. In: ,O,O,I
Journal of Sustainable Tourism,B,source,I
 (,O,O,I
17,B,volume,I
) ,O,O,I
2,B,issue,I
", S. ",O,O,I
169,B,fpage,I
-,O,O,I
189,B,lpage,I
".
",O,O,I
Mayer,B,author,B
", ",I,author,I
H. O.,I,author,I
 (,O,O,I
2008,B,year,I
). ,O,O,I
"Interview und schriftliche Befragung. Entwicklung, Durchführung und Auswertung",B,title,I
", ",O,O,I
4. Aufl.,B,other,I
 ,O,O,I
München,B,other,I
: ,O,O,I
Oldenbourg,B,publisher,I
"
",O,O,I
Scott,B,author,B
", ",I,author,I
N,I,author,I
"., ",O,O,I
Cooper,B,author,I
", ",I,author,I
C,I,author,I
. & ,O,O,I
Baggio,B,author,I
", ",I,author,I
R,I,author,I
. (,O,O,I
2008,B,year,I
). ,O,O,I
Destination Networks. Four Australian Cases,B,title,I
. In: ,O,O,I
Annals of Tourism Research,B,source,I
 (,O,O,I
35,B,volume,I
) ,O,O,I
1,B,issue,I
", S. ",O,O,I
169,B,fpage,I
-,O,O,I
188,B,lpage,I
".
",O,O,I
Wüst,B,author,B
", ",I,author,I
B,I,author,I
. (,O,O,I
2009,B,year,I
). ,O,O,I
Überkapazitäten. Deutschland baut zu viele Luxushotels,B,title,I
. ,O,O,I
"Welt-online, 07. Oktober 2009",B,source,I
 (,O,O,I
http://www.welt.de/reise/article4766707/Deutschland-baut-zu-viele-Luxushotels.html,B,url,I
).,O,O,I
