token,tag,label,ref
Ahmed,B,author,B
", ",I,author,I
S,I,author,I
. & ,O,O,I
Potter,B,author,I
", ",I,author,I
D. M.,I,author,I
 (,O,O,I
2006,B,year,I
). ,O,O,I
NGOs in international politics,B,title,I
. ,O,O,I
Bloomfield,B,other,I
: ,O,O,I
Kumarian,B,publisher,I
".
",O,O,I
Barnett,B,author,B
", ",I,author,I
T,I,author,I
. (,O,O,I
2008,B,year,I
). ,O,O,I
Influencing tourism at the grassroots level: The role of NGO Tourism Concern,B,title,I
. ,O,O,I
Third World Quarterly,B,source,I
", ",O,O,I
29,B,volume,I
(,O,O,I
5,B,issue,I
"), pp. ",O,O,I
995,B,fpage,I
-,O,O,I
1002,B,lpage,I
".
",O,O,I
Bascomb,B,author,B
", ",I,author,I
B,I,author,I
. & ,O,O,I
Taylor,B,author,I
", ",I,author,I
M,I,author,I
. (,O,O,I
2008,B,year,I
). ,O,O,I
"Ecotourism and sustainability in a Q”eqchi” Maya community, Guatemala",B,title,I
. ,O,O,I
FOCUS on Geography,B,source,I
", ",O,O,I
51,B,volume,I
(,O,O,I
3,B,issue,I
"), pp. ",O,O,I
11,B,fpage,I
-,O,O,I
16,B,lpage,I
".
",O,O,I
Butcher,B,author,B
", ",I,author,I
J,I,author,I
. (,O,O,I
2003,B,year,I
). ,O,O,I
"The moralisation of tourism: Sun, sand ... and saving the world?",B,title,I
 ,O,O,I
London/New York,B,other,I
: ,O,O,I
Routledge,B,publisher,I
".
",O,O,I
Butcher,B,author,B
", ",I,author,I
J,I,author,I
. (,O,O,I
2007,B,year,I
). ,O,O,I
"Ecotourism, NGOs and development",B,title,I
. ,O,O,I
London/New York,B,other,I
: ,O,O,I
Routledge,B,publisher,I
".
",O,O,I
Butcher,B,author,B
", ",I,author,I
J,I,author,I
. & ,O,O,I
Smith,B,author,I
", ",I,author,I
P,I,author,I
. (,O,O,I
2010,B,year,I
). ,O,O,I
‚Making a difference”: Volunteer tourism and development,B,title,I
. ,O,O,I
Tourism Recreation Research,B,source,I
 ,O,O,I
35,B,volume,I
(,O,O,I
1,B,issue,I
): pp. ,O,O,I
27,B,fpage,I
-,O,O,I
36,B,lpage,I
".
",O,O,I
Cameron,B,author,B
", ",I,author,I
J,I,author,I
. & ,O,O,I
Haanstra,B,author,I
", ",I,author,I
A,I,author,I
. (,O,O,I
2008,B,year,I
).,O,O,I
 Development made sexy: How it happened and what it means,B,title,I
. ,O,O,I
Third World Quarterly,B,source,I
", ",O,O,I
29,B,volume,I
(,O,O,I
8,B,issue,I
"), pp. ",O,O,I
1475,B,fpage,I
-,O,O,I
1489,B,lpage,I
".
",O,O,I
Conran,B,author,B
", ",I,author,I
M,I,author,I
. (,O,O,I
2011,B,year,I
). ,O,O,I
They really love me! Intimacy in volunteer tourism,B,title,I
. ,O,O,I
Annals of Tourism Research,B,source,I
", ",O,O,I
38,B,volume,I
(,O,O,I
4,B,issue,I
"), pp. ",O,O,I
1454,B,fpage,I
-,O,O,I
1473,B,lpage,I
".
",O,O,I
Diekmann,B,author,B
", ",I,author,I
A,I,author,I
. & ,O,O,I
Hannam,B,author,I
", ",I,author,I
K,I,author,I
. (,O,O,I
2012,B,year,I
). ,O,O,I
Touristic mobilities in India’s slum spaces,B,title,I
. ,O,O,I
Annals of Tourism Research,B,source,I
", ",O,O,I
39,B,volume,I
(,O,O,I
3,B,issue,I
"), pp. ",O,O,I
1315,B,fpage,I
-,O,O,I
1336,B,lpage,I
".
",O,O,I
Dogra,B,author,B
", ",I,author,I
N,I,author,I
. (,O,O,I
2011,B,year,I
). ,O,O,I
The mixed metaphor of ‚third world woman”: Gendered representations by international development NGOs,B,title,I
. ,O,O,I
Third World Quarterly,B,source,I
", ",O,O,I
32,B,volume,I
(,O,O,I
2,B,issue,I
"), pp. ",O,O,I
333,B,fpage,I
-,O,O,I
348,B,lpage,I
".
",O,O,I
Duffy,B,author,B
", ",I,author,I
R,I,author,I
. (,O,O,I
2008,B,year,I
). ,O,O,I
Neoliberalising nature: Global networks and ecotourism development in Madagasgar,B,title,I
. ,O,O,I
Journal of Sustainable Tourism,B,source,I
", ",O,O,I
16,B,volume,I
(,O,O,I
3,B,issue,I
"), pp. ",O,O,I
327,B,fpage,I
-,O,O,I
344,B,lpage,I
".
",O,O,I
Dyson,B,author,B
", ",I,author,I
P,I,author,I
. (,O,O,I
2012,B,year,I
). ,O,O,I
"Slum tourism: Representing and interpreting ‚reality” in Dharavi, Mumbai",B,title,I
. ,O,O,I
"Tourism Geographies: An International Journal of Tourism Space, Place and Environment",B,source,I
", ",O,O,I
14,B,volume,I
(,O,O,I
2,B,issue,I
"), pp. ",O,O,I
254,B,fpage,I
-,O,O,I
274,B,lpage,I
".
",O,O,I
Echtner,B,author,B
", ",I,author,I
C. M.,I,author,I
 & ,O,O,I
Prasad,B,author,I
", ",I,author,I
P,I,author,I
. (,O,O,I
2003,B,year,I
). ,O,O,I
The context of third world tourism marketing,B,title,I
. ,O,O,I
Annals of Tourism Research,B,source,I
", ",O,O,I
30,B,volume,I
(,O,O,I
3,B,issue,I
"), pp. ",O,O,I
660,B,fpage,I
-,O,O,I
682,B,lpage,I
".
",O,O,I
Escobar,B,author,B
", ",I,author,I
A,I,author,I
. (,O,O,I
1995,B,year,I
). ,O,O,I
Encountering development: The making and unmaking of the third world,B,title,I
. ,O,O,I
Princeton,B,other,I
:,O,O,I
 Princeton University Press,B,publisher,I
".
",O,O,I
Freire-Medeiros,B,author,B
", ",I,author,I
B,I,author,I
. (,O,O,I
2013,B,year,I
). ,O,O,I
Touring poverty,B,title,I
. ,O,O,I
London/New York,B,other,I
: ,O,O,I
Routledge,B,publisher,I
".
",O,O,I
Giddens,B,author,B
", ",I,author,I
A,I,author,I
. (,O,O,I
1991,B,year,I
). ,O,O,I
Modernity and self-identity: Self and society in the late modern Age,B,title,I
. ,O,O,I
Oxford,B,other,I
: ,O,O,I
Polity,B,publisher,I
".
",O,O,I
Government of Guatemala,B,editor,B
. (,O,O,I
2012,B,year,I
). ,O,O,I
Política nacional para el desarrollo turístico sostenible de Guatemala 2012-2022,B,title,I
. Retrieved from: ,O,O,I
http://www.segeplan.gob.gt/down-loads/clearinghouse/politicas_publicas/Turismo/Politica_Nacional_DTS_Guatemala_2012_2022.pdf,B,url,I
" [Accessed 23/04/2014].
",O,O,I
Hearne,B,author,B
", ",I,author,I
R. R.,I,author,I
 & ,O,O,I
Santos,B,author,I
", ",I,author,I
A. C.,I,author,I
 (,O,O,I
2005,B,year,I
). ,O,O,I
"Tourists’ and locals’ preferences toward ecotourism development in the Maya biosphere reserve, Guatemala",B,title,I
. ,O,O,I
"Environment, Development and Sustainability",B,source,I
", ",O,O,I
7,B,volume,I
", pp. ",O,O,I
303,B,fpage,I
-,O,O,I
318,B,lpage,I
".
",O,O,I
Heath,B,author,B
", ",I,author,I
S,I,author,I
. (,O,O,I
2007,B,year,I
). ,O,O,I
Widening the gap: Pre-university gap years and the ‚economy of experience”,B,title,I
. ,O,O,I
British Journal of Sociology of Education,B,source,I
", ",O,O,I
28,B,volume,I
(,O,O,I
1,B,issue,I
"), pp. ",O,O,I
89,B,fpage,I
-,O,O,I
103,B,lpage,I
".
",O,O,I
Keese,B,author,B
", ",I,author,I
J. R.,I,author,I
 (,O,O,I
2011,B,year,I
). ,O,O,I
The geography of volunteer tourism: Place matters,B,title,I
. ,O,O,I
"Tourism Geographies: An International Journal of Tourism Space, Place and Environment",B,source,I
", ",O,O,I
13,B,volume,I
(,O,O,I
2,B,issue,I
"), pp. ",O,O,I
257,B,fpage,I
-,O,O,I
297,B,lpage,I
".
",O,O,I
Kennedy,B,author,B
", ",I,author,I
K,I,author,I
. & ,O,O,I
Dornan,B,author,I
", ",I,author,I
D,I,author,I
. (,O,O,I
2009,B,year,I
). ,O,O,I
An overview: Tourism non-governmental organizations and poverty reduction in developing countries,B,title,I
. ,O,O,I
Asia Pacific Journal of Tourism Research,B,source,I
", ",O,O,I
14,B,volume,I
(,O,O,I
2,B,issue,I
"), pp. ",O,O,I
183,B,fpage,I
-,O,O,I
200,B,lpage,I
".
",O,O,I
Lewis,B,author,B
", ",I,author,I
D,I,author,I
. (,O,O,I
2007,B,year,I
). ,O,O,I
The management of non-governmental development organizations,B,title,I
. ,O,O,I
London/New York,B,other,I
: ,O,O,I
Routledge,B,publisher,I
".
",O,O,I
Linke,B,author,B
", ",I,author,I
U,I,author,I
. (,O,O,I
2012,B,year,I
). ,O,O,I
"Mobile imaginaries, portable signs: Global consumption and representations of slum life",B,title,I
. ,O,O,I
"Tourism Geographies: An International Journal of Tourism Space, Place and Environment",B,source,I
", ",O,O,I
14,B,volume,I
(,O,O,I
2,B,issue,I
"), pp. ",O,O,I
294,B,fpage,I
-,O,O,I
319,B,lpage,I
".
",O,O,I
Little,B,author,B
", ",I,author,I
W. E.,I,author,I
 (,O,O,I
2004,B,year,I
). ,O,O,I
"Mayas in the marketplace: Tourism, globalization, and cultural identity",B,title,I
. ,O,O,I
Austin,B,other,I
: ,O,O,I
University of Texas Press,B,publisher,I
".
",O,O,I
Lyons,B,author,B
", ",I,author,I
K,I,author,I
. ,O,O,I
et al.,B,other,I
 (,O,O,I
2012,B,year,I
). ,O,O,I
Gap year volunteer tourism: Myths of global citizenship?,B,title,I
 ,O,O,I
Annals of Tourism Research,B,source,I
", ",O,O,I
39,B,volume,I
(,O,O,I
1,B,issue,I
"), pp. ",O,O,I
361,B,fpage,I
-,O,O,I
378,B,lpage,I
".
",O,O,I
MacCannell,B,author,B
", ",I,author,I
D,I,author,I
. (,O,O,I
1999,B,year,I
). ,O,O,I
The tourist: A new theory of the leisure class,B,title,I
. ,O,O,I
Berkeley/Los Angeles/London,B,other,I
: ,O,O,I
University of California Press,B,publisher,I
".
",O,O,I
Manzo,B,author,B
", ",I,author,I
K,I,author,I
. (,O,O,I
2008,B,year,I
). ,O,O,I
Imaging humanitarianism: NGO identity and the iconography of childhood,B,title,I
. ,O,O,I
Antipode,B,source,I
", ",O,O,I
40,B,volume,I
(,O,O,I
4,B,issue,I
"), pp. ",O,O,I
632,B,fpage,I
-,O,O,I
657,B,lpage,I
".
",O,O,I
McMichael,B,author,B
", ",I,author,I
P,I,author,I
. (,O,O,I
2004,B,year,I
). ,O,O,I
Development and social change: A global perspective,B,title,I
. ,O,O,I
Thousand Oaks,B,other,I
: ,O,O,I
Pine Forge Press,B,publisher,I
".
",O,O,I
Mostafanezhad,B,author,B
", ",I,author,I
M,I,author,I
. (,O,O,I
2013,B,year,I
a). ,O,O,I
The geography of compassion in volunteer tourism,B,title,I
. ,O,O,I
"Tourism Geographies: An International Journal of Tourism Space, Place and Environment",B,source,I
", ",O,O,I
15,B,volume,I
(,O,O,I
2,B,issue,I
"), pp. ",O,O,I
318,B,fpage,I
-,O,O,I
337,B,lpage,I
".
",O,O,I
Mostafanezhad,B,author,B
", ",I,author,I
M,I,author,I
. (,O,O,I
2013,B,year,I
b). ,O,O,I
‚Getting in touch with your inner Angelina”: Celebrity humanitarianism and the cultural politics of gendered generosity in volunteer tourism,B,title,I
. ,O,O,I
Third World Quarterly,B,source,I
", ",O,O,I
34,B,volume,I
(,O,O,I
3,B,issue,I
"), pp. ",O,O,I
485,B,fpage,I
-,O,O,I
499,B,lpage,I
".
",O,O,I
"O”Neill, K. L.",B,editor,B
 & ,O,O,I
"Thomas, K.",B,editor,I
 (Eds.). (,O,O,I
2011,B,year,I
). ,O,O,I
"Securing the city: Neoliberalism, space, and insecurity in postwar Guatemala",B,title,I
. ,O,O,I
Durham/London,B,other,I
:,O,O,I
 Duke University Press,B,publisher,I
".
",O,O,I
Revue,B,title,B
. (,O,O,I
2013,B,year,I
). Year ,O,O,I
21,B,volume,I
"., No. ",O,O,I
12,B,issue,I
. ,O,O,I
La Antigua Guatemala,B,other,I
".
",O,O,I
Revue,B,title,B
. (,O,O,I
2013,B,year,I
). Year ,O,O,I
22,B,volume,I
"., No. ",O,O,I
1,B,issue,I
. ,O,O,I
La Antigua Guatemala,B,other,I
".
",O,O,I
Revue,B,title,B
. (,O,O,I
2013,B,year,I
). Year ,O,O,I
22,B,volume,I
"., No.",O,O,I
2,B,issue,I
. ,O,O,I
La Antigua Guatemala,B,other,I
".
",O,O,I
Rolfes,B,author,B
", ",I,author,I
M,I,author,I
. (,O,O,I
2010,B,year,I
). ,O,O,I
Poverty tourism: Theoretical relfections and empirical findings regarding an extraordinary form of tourism,B,title,I
. ,O,O,I
GeoJournal,B,source,I
", ",O,O,I
75,B,volume,I
", pp. ",O,O,I
421,B,fpage,I
-,O,O,I
442,B,lpage,I
".
",O,O,I
Salamon,B,author,B
", ",I,author,I
L. M.,I,author,I
 (,O,O,I
1994,B,year,I
). ,O,O,I
The rise of the nonprofit sector,B,title,I
. ,O,O,I
Foreign Affairs,B,source,I
", ",O,O,I
73,B,volume,I
(,O,O,I
4,B,issue,I
"), pp. ",O,O,I
109,B,fpage,I
-,O,O,I
122,B,lpage,I
".
",O,O,I
Salazar,B,author,B
",",I,author,I
 N. B.,I,author,I
 (,O,O,I
2004,B,year,I
). ,O,O,I
„Developmental tourists vs. development tourism: A case study.“,B,title,I
 pp. ,O,O,I
85,B,fpage,I
-,O,O,I
107,B,lpage,I
 in ,O,O,I
Tourist behaviour: A psychological perspective,B,source,I
", edited by ",O,O,I
Aparna Raj,B,editor,I
. ,O,O,I
New Delhi,B,other,I
: ,O,O,I
Kanishka,B,publisher,I
".
",O,O,I
Sheller,B,author,B
", ",I,author,I
M,I,author,I
. & ,O,O,I
Urry,B,author,I
", ",I,author,I
J,I,author,I
. (,O,O,I
2004,B,year,I
). ,O,O,I
"Places to play, places in play",B,title,I
. In: ,O,O,I
"Sheller, M.",B,editor,I
 & ,O,O,I
"Urry, J.",B,editor,I
" (Eds.), ",O,O,I
"Tourism mobilities: Places to play, places in play",B,source,I
 (pp. ,O,O,I
1,B,fpage,I
-,O,O,I
10,B,lpage,I
). ,O,O,I
London,B,other,I
: ,O,O,I
Routledge,B,publisher,I
".
",O,O,I
Simpson,B,author,B
", ",I,author,I
K,I,author,I
. (,O,O,I
2004,B,year,I
). ,O,O,I
"‚Doing development”: The gap year, volunteer-tourists and a popular practice of development",B,title,I
. ,O,O,I
Journal of International Development,B,source,I
", ",O,O,I
16,B,volume,I
", pp. ",O,O,I
681,B,fpage,I
-,O,O,I
692,B,lpage,I
".
",O,O,I
Spencer,B,author,B
", ",I,author,I
R,I,author,I
. (,O,O,I
2010,B,year,I
). ,O,O,I
Development tourism: Lessons from Cuba,B,title,I
. ,O,O,I
Farnham,B,other,I
: ,O,O,I
Ashgate,B,publisher,I
".
",O,O,I
Steinbrink,B,author,B
", ",I,author,I
M,I,author,I
. (,O,O,I
2012,B,year,I
). ,O,O,I
‚We did the slum!” - Urban poverty tourism in historical perspective,B,title,I
. ,O,O,I
"Tourism Geographies: An International Journal of Tourism Space, Place and Environment",B,source,I
", ",O,O,I
14,B,volume,I
(,O,O,I
2,B,issue,I
"), pp. ",O,O,I
213,B,fpage,I
-,O,O,I
234,B,lpage,I
".
",O,O,I
Tegelberg,B,author,B
", ",I,author,I
M,I,author,I
. (,O,O,I
2013,B,year,I
). ,O,O,I
"Framing Maya culture: Tourism, representation and the case of Quetzaltenango",B,title,I
. ,O,O,I
Tourist Studies,B,source,I
", ",O,O,I
13,B,volume,I
(,O,O,I
1,B,issue,I
"), pp. ",O,O,I
81,B,fpage,I
-,O,O,I
98,B,lpage,I
". 
",O,O,I
Telfer,B,author,B
", ",I,author,I
D. J.,I,author,I
 & ,O,O,I
Sharpley,B,author,I
", ",I,author,I
R,I,author,I
. (,O,O,I
2008,B,year,I
). ,O,O,I
Tourism and development in the developing world,B,title,I
. ,O,O,I
Abingdon/ New York,B,other,I
: ,O,O,I
Routledge,B,publisher,I
".
",O,O,I
Thomas,B,author,B
", ",I,author,I
K,I,author,I
"., ",O,O,I
O”Neill,B,author,I
", ",I,author,I
K. L.,I,author,I
 & ,O,O,I
Offit,B,author,I
", ",I,author,I
T,I,author,I
. (,O,O,I
2011,B,year,I
). ,O,O,I
Securing the city: An introduction,B,title,I
. In ,O,O,I
"O”Neill, K.L.",B,editor,I
 & ,O,O,I
"Thomas, K.",B,editor,I
" (Eds.), ",O,O,I
"Securing the city: Neoliberalism, space, and insecurity in postwar Guatemala",B,source,I
 (pp. ,O,O,I
1,B,fpage,I
-,O,O,I
21,B,lpage,I
). ,O,O,I
Durham and London,B,other,I
: ,O,O,I
Duke University Press,B,publisher,I
".
",O,O,I
Urry,B,author,B
", ",I,author,I
J,I,author,I
. ,O,O,I
2002,B,year,I
. ,O,O,I
The tourist gaze,B,title,I
 (2 ed.). ,O,O,I
London,B,other,I
: ,O,O,I
Sage,B,publisher,I
".
",O,O,I
Wearing,B,author,B
", ",I,author,I
S,I,author,I
"., ",O,O,I
McDonald,B,author,I
", ",I,author,I
M,I,author,I
. & ,O,O,I
Ponting,B,author,I
", ",I,author,I
J,I,author,I
. (,O,O,I
2005,B,year,I
). ,O,O,I
Building a decommodified research paradigm in tourism: The contribution of NGOs,B,title,I
. ,O,O,I
Journal of Sustainable Tourism,B,source,I
", ",O,O,I
13,B,volume,I
(,O,O,I
5,B,issue,I
"), pp. ",O,O,I
424,B,fpage,I
-,O,O,I
439,B,lpage,I
".
",O,O,I
Whyte,B,author,B
",",I,author,I
 K. P.,I,author,I
", ",O,O,I
Selinger,B,author,I
", ",I,author,I
E,I,author,I
. & ,O,O,I
Outterson,B,author,I
", ",I,author,I
K,I,author,I
. (,O,O,I
2011,B,year,I
). ,O,O,I
Poverty tourism and the problem of consent,B,title,I
. ,O,O,I
Journal of Global Ethics,B,source,I
", ",O,O,I
7,B,volume,I
(,O,O,I
3,B,issue,I
"), pp. ",O,O,I
337,B,fpage,I
-,O,O,I
348,B,lpage,I
".
",O,O,I
Vodopivec,B,author,B
", ",I,author,I
B,I,author,I
. & ,O,O,I
Jaffe,B,author,I
", ",I,author,I
R,I,author,I
. (,O,O,I
2011,B,year,I
). ,O,O,I
"Save the world in a week: Volunteer tourism, development and difference",B,title,I
. ,O,O,I
European Journal of Development Research,B,source,I
", ",O,O,I
23,B,volume,I
(,O,O,I
1,B,issue,I
"), pp. ",O,O,I
111,B,fpage,I
-,O,O,I
128,B,lpage,I
".
",O,O,I
Vrasti,B,author,B
", ",I,author,I
W,I,author,I
. (,O,O,I
2013,B,year,I
). ,O,O,I
Volunteer tourism in the global south,B,title,I
. ,O,O,I
London/New York,B,other,I
: ,O,O,I
Routledge,B,publisher,I
.,O,O,I
