token,tag,label,ref
Amersdorffer,B,author,B
", ",I,author,I
D,I,author,I
"., ",O,O,I
Bauhuber,B,author,I
", ",I,author,I
F,I,author,I
"., ",O,O,I
Egger,B,author,I
", ",I,author,I
R,I,author,I
"., & ",O,O,I
Binz,B,author,I
", ",I,author,I
K,I,author,I
. (,O,O,I
2008,B,year,I
). ,O,O,I
50plus Gütesiegel als Entscheidungskriterium für die Attraktivität eines Hotels,B,title,I
. Diplomarbeit. ,O,O,I
Management Center Innsbruck,B,other,I
".
",O,O,I
Bruhn,B,author,B
", ",I,author,I
M,I,author,I
. & ,O,O,I
Hadwich,B,author,I
", ",I,author,I
K,I,author,I
. (,O,O,I
2004,B,year,I
). ,O,O,I
Bedeutung der Qualität bei touristischen Dienstleistungen,B,title,I
. In: ,O,O,I
"Weiermair, K.",B,editor,I
/ ,O,O,I
"Pikkemaat, B.",B,editor,I
" (Hg.), ",O,O,I
Qualitätszeichen im Tourismus. Vermarktung und Wahrnehmung von Leistungen. Schriften zu Tourismus und Freizeit,B,source,I
 ,O,O,I
3,B,volume,I
. ,O,O,I
Berlin,B,other,I
: ,O,O,I
Erich Schmidt Verlag,B,publisher,I
", S. ",O,O,I
5,B,fpage,I
-,O,O,I
20,B,lpage,I
".
",O,O,I
Frehse,B,author,B
", ",I,author,I
J,I,author,I
. (,O,O,I
2004,B,year,I
). ,O,O,I
Markenpolitik in der internationalen Hotelindustrie,B,title,I
. In: ,O,O,I
"Weiermair, K.",B,editor,I
/ ,O,O,I
"Pikkemaat, B.",B,editor,I
" (Hg.), ",O,O,I
Qualitätszeichen im Tourismus. Vermarktung und Wahrnehmung von Leistungen. Schriften zu Tourismus und Freizeit,B,source,I
 ,O,O,I
3,B,volume,I
. ,O,O,I
Berlin,B,other,I
: ,O,O,I
Erich Schmidt Verlag,B,publisher,I
", S. ",O,O,I
229,B,fpage,I
-,O,O,I
246,B,lpage,I
"
",O,O,I
Görs,B,author,B
", ",I,author,I
H,I,author,I
. & ,O,O,I
Gramann,B,author,I
", ",I,author,I
H,I,author,I
. (,O,O,I
2006,B,year,I
). ,O,O,I
Senioren-spezifischer Tourismus. Eine Untersuchung zu den Ansprüchen älterer Reisender an den Tourismus und zu den Möglichkeiten der Urlaubsdestinationen dieser Anspruchshaltung gerecht zu werden,B,title,I
. ,O,O,I
Marburg,B,other,I
: ,O,O,I
Tectum Verlag,B,publisher,I
".
",O,O,I
Heeren,B,author,B
", ",I,author,I
A,I,author,I
. (,O,O,I
2004,B,year,I
). ,O,O,I
Seniorentourismus. Status – Trends – Entwicklungen,B,title,I
. ,O,O,I
Düsseldorf,B,other,I
: ,O,O,I
VDM-Verlag Müller,B,publisher,I
".
",O,O,I
Kroeber-Riel,B,author,B
", ",I,author,I
W,I,author,I
. & ,O,O,I
Weinberg,B,author,I
", ",I,author,I
P,I,author,I
. (,O,O,I
2003,B,year,I
). ,O,O,I
Konsumentenverhalten,B,title,I
". 8. Aufl., ",O,O,I
München,B,other,I
: ,O,O,I
Vahlen Verlag,B,publisher,I
".
",O,O,I
Paschinger,B,author,B
", ",I,author,I
H,I,author,I
. (,O,O,I
2008,B,year,I
). ,O,O,I
Mündliche Mitteilung vom 10.10.2008 (Geschäftsführer der 50plus Hotels Österreich),B,title,I
".
",O,O,I
Pechlaner,B,author,B
", ",I,author,I
H,I,author,I
. & ,O,O,I
Bachinger,B,author,I
", ",I,author,I
M,I,author,I
. (,O,O,I
2008,B,year,I
). ,O,O,I
Professionelles Kundenwertmanagement im Tourismus,B,title,I
. In: ,O,O,I
TourHP,B,source,I
 ,O,O,I
2/2008,B,volume,I
", S. ",O,O,I
11,B,fpage,I
-,O,O,I
14,B,lpage,I
".
",O,O,I
Peters,B,author,B
", ",I,author,I
M,I,author,I
. & ,O,O,I
Pechlaner,B,author,I
", ",I,author,I
H,I,author,I
. (,O,O,I
2004,B,year,I
). ,O,O,I
Die Entwicklung von Qualitätszeichen als unternehmerische Aufgabe,B,title,I
. In: ,O,O,I
"Weiermair, K.",B,editor,I
 & ,O,O,I
"Pikkemaat, B.",B,editor,I
" (Hg.), ",O,O,I
Qualitätszeichen im Tourismus. Vermarktung und Wahrnehmung von Leistungen. Schriften zu Tourismus und Freizeit,B,source,I
 ,O,O,I
3,B,volume,I
. ,O,O,I
Berlin,B,other,I
: ,O,O,I
Erich Schmidt Verlag,B,publisher,I
", S. ",O,O,I
183,B,fpage,I
-,O,O,I
198,B,lpage,I
".
",O,O,I
Remus,B,author,B
", ",I,author,I
K,I,author,I
. (,O,O,I
2008,B,year,I
). ,O,O,I
Mündliche Mitteilung vom 27.10.2008 (Marketingleiterin der 50plus Hotels Deutschland),B,title,I
".
",O,O,I
Schröder,B,author,B
", ",I,author,I
A,I,author,I
"., ",O,O,I
Widmann,B,author,I
", ",I,author,I
T,I,author,I
. & ,O,O,I
Brittner-Widmann,B,author,I
", ",I,author,I
A,I,author,I
. (,O,O,I
2007,B,year,I
). ,O,O,I
Wer soll in Zukunft eigentlich noch reisen? Tourismus in Deutschland zwischen Geburtenrückgang und Überalterung,B,title,I
. In: ,O,O,I
"Haehling von Lanzenauer, C.",B,editor,I
 & ,O,O,I
"Klemm, K.",B,editor,I
" (Hg.), ",O,O,I
Demographischer Wandel und Tourismus. Zukünftige Grundlagen und Chancen für touristische Märkte. Schriften zu Tourismus und Freizeit,B,source,I
 ,O,O,I
7,B,volume,I
. ,O,O,I
Berlin,B,other,I
: ,O,O,I
Erich Schmidt Verlag,B,publisher,I
", S. ",O,O,I
57,B,fpage,I
-,O,O,I
90,B,lpage,I
".
",O,O,I
Trobisch,B,author,B
", ",I,author,I
J,I,author,I
. (,O,O,I
2007,B,year,I
). ,O,O,I
Seniorenmarketing im Tourismus. Handlungsempfehlungen für ein integratives Marketingkonzept für den Städtetourismus im Freistaat Sachsen,B,title,I
. ,O,O,I
Hamburg,B,other,I
: ,O,O,I
Diplomica,B,publisher,I
.,O,O,I
