token,tag,label,ref
Aderhold,B,author,B
", ",I,author,I
P,I,author,I
. (,O,O,I
2000,B,year,I
). ,O,O,I
"Tourismus in Entwicklungsländer- Eine Untersuchung über Dimensionen, Strukturen, Wirkungen und Qualifizierungsansätze im Entwicklungsländer-Tourismus - unter besonderer Berücksichtigung des deutschen Urlaubsreisemarktes",B,title,I
. ,O,O,I
Ammerland,B,other,I
: ,O,O,I
Studienkreis für Tourismus und Entwicklung,B,publisher,I
".
",O,O,I
"Allie, Ali",B,editor,B
 & ,O,O,I
"Reyes, Ruben",B,editor,I
 (Produzenten) (,O,O,I
2012,B,year,I
). ,O,O,I
Garifuna en Peril,B,title,I
 [Film]. ,O,O,I
USA/Honduras,B,other,I
".
",O,O,I
Álvarez,B,author,B
", ",I,author,I
A,I,author,I
. (,O,O,I
2014,B,year,I
). ,O,O,I
"Reality show Supervivientes arranca el lunes desde Cayos Cochinos- Entre el equipo de personalidades que llegan al país se encuentra Kátia Aveiro, hermana de Cristiano Ronaldo y Anabel Pantoja",B,title,I
", ",O,O,I
La Ceiba,B,other,I
: ,O,O,I
La Prensa,B,source,I
. Abgerufen von: ,O,O,I
http://www.laprensa.hn/inicio/579998-96/katia-aveiro-hermana-de-cristiano-ronaldo-la-est-rella-en-cayos-cochinos,B,url,I
" [18.03.2014]
",O,O,I
Álvarez,B,author,B
", ",I,author,I
C,I,author,I
. ,O,O,I
et al.,B,other,I
 (,O,O,I
2013,B,year,I
). ,O,O,I
Tierras y Territorios de las Comunidades Garífunas y Afrodescendientes de Honduras,B,title,I
.,O,O,I
 Revista Medio Ambiente,B,source,I
", ",O,O,I
2013,B,year,I
 (,O,O,I
1,B,volume,I
").
",O,O,I
Bahar,B,author,B
", ",I,author,I
Ozan,I,author,I
 & ,O,O,I
Kozak,B,author,I
", ",I,author,I
Metin,I,author,I
 (,O,O,I
2008,B,year,I
). ,O,O,I
Tourism economics- Concepts and practices,B,title,I
. ,O,O,I
New York,B,other,I
: ,O,O,I
Nova Science Publishers,B,publisher,I
".
",O,O,I
Bancel,B,author,B
", ",I,author,I
N,I,author,I
. ,O,O,I
et al.,B,other,I
 (,O,O,I
2004,B,year,I
). ,O,O,I
Zoos humains: Au temps des exhibitions humaines,B,title,I
. ,O,O,I
Paris,B,other,I
: ,O,O,I
La Découverte,B,publisher,I
".
",O,O,I
Batiz Buelto,B,author,B
", ",I,author,I
José,I,author,I
 (,O,O,I
2007,B,year,I
). ,O,O,I
"Alerta Comunidades Garífunas de Cayos Cochinos, Honduras, en Peligro",B,title,I
. Abgerufen von: ,O,O,I
http://www.fian.hn/c_cayoscochinos_d.html,B,url,I
" [30.08.2014]
",O,O,I
Blanchard,B,author,B
", ",I,author,I
P,I,author,I
. (,O,O,I
2004,B,year,I
). ,O,O,I
Les zoos humains aujourd’hui?,B,title,I
 In: ,O,O,I
"Bancel, N.",B,editor,I
 ,O,O,I
et al.,B,other,I
 (,O,O,I
2004,B,year,I
). ,O,O,I
Zoos humains: Au temps des exhibitions humaines,B,source,I
. ,O,O,I
Paris,B,other,I
: ,O,O,I
La Découverte,B,publisher,I
", ",O,O,I
417,B,fpage,I
-,O,O,I
429,B,lpage,I
".
",O,O,I
Blaser,B,author,B
", ",I,author,I
T. M.,I,author,I
 (,O,O,I
2013,B,year,I
). ,O,O,I
Was soll das? RTL schickt in einer Realityshow weibliche C-Promis in die namibische Wüste. Dort müssen sich die weißen Frauen vor Angehörigen der Himba blamieren. Historische Ungerechtigkeiten gleicht man so allerdings nicht aus,B,title,I
. ,O,O,I
Süddeutsche Zeitung,B,source,I
", ",O,O,I
175,B,volume,I
(,O,O,I
31,B,issue,I
").
",O,O,I
Bown,B,author,B
", ",I,author,I
N,I,author,I
. (,O,O,I
2010,B,year,I
). ,O,O,I
"Contested models of marine protected area (MPA) governance: A Case Study of the Cayos Cochinos, Honduras",B,title,I
. ,O,O,I
"Tesis doctoral, Universidad de Newcastle",B,other,I
".
",O,O,I
Brondo,B,author,B
",",I,author,I
 K. V.,I,author,I
 & ,O,O,I
Woods,B,author,I
", ",I,author,I
L,I,author,I
. (,O,O,I
2007,B,year,I
). ,O,O,I
Garifuna Land Rights and Ecotourism as Economic Development in Honduras’ Cayos Cochinos Marine Protected Area,B,title,I
. ,O,O,I
Ecological and Environmental Anthropology,B,source,I
 ,O,O,I
3,B,volume,I
(,O,O,I
1,B,issue,I
"), ",O,O,I
2,B,fpage,I
-,O,O,I
18,B,lpage,I
".
",O,O,I
Brondo,B,author,B
", ",I,author,I
K. V.,I,author,I
 & ,O,O,I
Bown,B,author,I
", ",I,author,I
N,I,author,I
. (,O,O,I
2011,B,year,I
). ,O,O,I
"Neoliberal Conservation, Garifuna Territorial Rights and Resource Management in the Cayos Cochinos Marine Protected Area",B,title,I
. ,O,O,I
Conservation and Society,B,source,I
", ",O,O,I
9,B,volume,I
(,O,O,I
2,B,issue,I
"), ",O,O,I
91,B,fpage,I
-,O,O,I
105,B,lpage,I
".
",O,O,I
Brondo,B,author,B
", ",I,author,I
K. V.,I,author,I
 (,O,O,I
2013,B,year,I
). ,O,O,I
"Land Grab. Green Neoliberalism, Gender, and Garifuna Resistance in Honduras",B,title,I
. ,O,O,I
Tucson,B,other,I
: ,O,O,I
University of Arizona Press,B,publisher,I
".
",O,O,I
Centeno Garcia,B,author,B
", ",I,author,I
S,I,author,I
.(,O,O,I
2001,B,year,I
). ,O,O,I
Historia del Pueblo Negro Caribe y su Llegada a las Hibueras el 12 de Abril de 1797,B,title,I
. ,O,O,I
Tegucigalpa,B,other,I
: ,O,O,I
Editorial Universitaria,B,publisher,I
".
",O,O,I
Cohen,B,author,B
", ",I,author,I
E,I,author,I
. (,O,O,I
1993,B,year,I
). ,O,O,I
The study of touristic images of native people. Mitigating the stereotype of a stereotype,B,title,I
. In: ,O,O,I
"Pearce, D. G.",B,editor,I
", ",O,O,I
"Butler, R.",B,editor,I
 (,O,O,I
1993,B,year,I
). ,O,O,I
Tourism Research – Critiques and challenges,B,source,I
. ,O,O,I
London; New York,B,other,I
: ,O,O,I
Routledge,B,publisher,I
".
",O,O,I
Courrau,B,author,B
", ",I,author,I
J,I,author,I
. & ,O,O,I
Andraka,B,author,I
", ",I,author,I
S,I,author,I
. (,O,O,I
2004,B,year,I
). ,O,O,I
"Manejo del turismo en el Monumento Natural Marino Archipiélago Cayos Cochinos, Honduras. Límites de cambio aceptable en la protección de los recursos naturales y las experiencias de los visitantes en zonas de uso turístico",B,title,I
. ,O,O,I
"San José, Costa Rica",B,other,I
: ,O,O,I
WWF Centroamérica,B,publisher,I
".
",O,O,I
El Heraldo,B,source,B
 (,O,O,I
2008,B,year,I
). ,O,O,I
Las maravillas de Cayos Cochinos viajan por el mundo- La productora Magnolia grabará nuevamente en Cayos Cochinos “La isla de los famosos”,B,title,I
. ,O,O,I
Tegucigalpa,B,other,I
. Abgerufen von: ,O,O,I
http://archivo.elheraldo.hn/Vida/Ediciones/2008/08/24/Noticias/Las-maravillas-de-Cayos-Cochinos-via-jan-por-el-mundo,B,url,I
" [20.02.2014]
",O,O,I
Holmes,B,author,B
", ",I,author,I
S,I,author,I
. & ,O,O,I
Jermyn,B,author,I
", ",I,author,I
D,I,author,I
. (,O,O,I
2004,B,year,I
). ,O,O,I
Understanding reality television,B,title,I
. ,O,O,I
"London, New York",B,other,I
: ,O,O,I
Routledge,B,publisher,I
".
",O,O,I
England,B,author,B
", ",I,author,I
S,I,author,I
. & ,O,O,I
Anderson,B,author,I
 ,I,author,I
M,I,author,I
. (,O,O,I
1998,B,year,I
). ,O,O,I
Authentic African Culture in Honduras? Afro-Central Americans Challenge Honduran Indo-Hispanic Mestizaje,B,title,I
. ,O,O,I
Chicago,B,other,I
: ,O,O,I
XXI. Latin American Studies Association International Congress,B,source,I
".
",O,O,I
Friedl,B,author,B
", ",I,author,I
H,I,author,I
. (,O,O,I
2002,B,year,I
). ,O,O,I
Tourismusethik- Theorie und Praxis des umwelt- und sozialverträglichen Fernreisens,B,title,I
. ,O,O,I
München,B,other,I
: ,O,O,I
Profil Verlag,B,publisher,I
".
",O,O,I
Fundación Hondureña para la protección y conservación de los Cayos Cochinos,B,editor,B
 (,O,O,I
2008,B,year,I
). ,O,O,I
"Plan de manejo del Monumento Natural Marino Archipiélago Cayos Cochinos, Honduras 2008-2012",B,title,I
. ,O,O,I
La Ceiba,B,other,I
: ,O,O,I
Serviprensa S.A.,B,publisher,I
"
",O,O,I
González,B,author,B
", ",I,author,I
N. L.,I,author,I
 (,O,O,I
2008,B,year,I
). ,O,O,I
Peregrinos del Caribe- etnogénesis y etnohistoria de los garífunas,B,title,I
. ,O,O,I
Tegucigalpa,B,other,I
: ,O,O,I
Editorial Guaymuras,B,publisher,I
". 
",O,O,I
Instituto Hondureño de Turismo,B,editor,B
 (,O,O,I
2005,B,year,I
). ,O,O,I
Estrategia Nacional de Turismo Sostenible- Informe Final,B,title,I
. S.,O,O,I
l,B,fpage,I
".
",O,O,I
Instituto Hondureño de Turismo,B,editor,B
 (,O,O,I
2012,B,year,I
). ,O,O,I
"Honduras en Positivo- Boletín Electrónico 26, 1 de Octubre de 2012",B,title,I
. Abgerufen von: ,O,O,I
http://wwwcamaradeturismodelaceiba.com/wp-content/up-loads/2012/10/boletin-26.pdf,B,url,I
" [18.03.2014]
",O,O,I
Izard,B,author,B
", ",I,author,I
G,I,author,I
. (,O,O,I
2010,B,year,I
). ,O,O,I
Garifuna y seminoles negros: mestizajes afroindigenas en Centro y Norteamerica,B,title,I
. In: ,O,O,I
"Cunin, E.",B,editor,I
 (,O,O,I
2010,B,year,I
). ,O,O,I
"Mestizaje, diferencia y nación Lo „negro“ en América Central y el Caribe",B,source,I
. ,O,O,I
México,B,other,I
: ,O,O,I
Instituto Nacional de Antropología e Historia,B,publisher,I
".
",O,O,I
Lino Ruiz,B,author,B
", ",I,author,I
Julio E.,I,author,I
 (,O,O,I
2007,B,year,I
). ,O,O,I
Forestería en las Comunidades Garífunas,B,title,I
. ,O,O,I
Tegucigalpa,B,other,I
".
",O,O,I
Locandro,B,author,B
", ",I,author,I
Y,I,author,I
. (,O,O,I
2011,B,year,I
). ,O,O,I
Vuelve la magia de los reality show a Honduras- “La Isla de los Famosos” se transmitirá para Italia a partir del 14 de febrero,B,title,I
. ,O,O,I
La Ceiba,B,other,I
: ,O,O,I
La Prensa,B,publisher,I
. Abgerufen von: ,O,O,I
http://archivo.laprensa.hn/Ediciones/2011/02/04/Noticias/Vuelve-la-ma-gia-de-los-reality-show-a-Honduras,B,url,I
" [18.02.2014)
",O,O,I
Martínez,B,author,B
",",I,author,I
 M. A.,I,author,I
 & ,O,O,I
Guillén,B,author,I
", ",I,author,I
R. I.,I,author,I
 (,O,O,I
2011,B,year,I
). ,O,O,I
"Experiencia de Servicios Ambientales en la Comunidad de El Cacao, Jutiapa, At lántida",B,title,I
. ,O,O,I
"Jutiapa, Honduras",B,other,I
: ,O,O,I
Secretaría de Recursos Naturales y Ambiente (SERNA)/ Proyecto de Gestión Sostenible de Recursos Naturales y Cuencas del Corredor Biológico Mesoamericano en el Atlántico Hondureño (PROCORREDOR),B,publisher,I
. Abgerufen von: ,O,O,I
http://procorredor.org/uploaded/content/category/434086266.pdf,B,url,I
" [18.03.2014]
",O,O,I
Meethan,B,author,B
", ",I,author,I
Kevin,I,author,I
 (,O,O,I
2002,B,year,I
). ,O,O,I
"Tourism in global society- Place, culture, consumption",B,title,I
. ,O,O,I
Basingstoke,B,other,I
: ,O,O,I
Palgrave,B,publisher,I
".
",O,O,I
Melendez,B,author,B
", ",I,author,I
A. C.,I,author,I
 (,O,O,I
2010,B,year,I
). ,O,O,I
Adeija Sisira Gererum Aguburigu Garinagu- „El enojo de las sonajas; palabras del ancestro“,B,title,I
. ,O,O,I
Tegucigalpa,B,other,I
: ,O,O,I
Ediciones Guardabarranco,B,publisher,I
".
",O,O,I
Morales,B,author,B
", ",I,author,I
F,I,author,I
. (,O,O,I
2014,B,year,I
). ,O,O,I
"‘Supervivientes’ regresa tres años después- El espacio de aventura y telerrealidad, que se despidió en 2011 con una media de audiencia de 3.689.000 espectadores, vuelve a Honduras para internarse en los Cayos Cochinos",B,title,I
. ,O,O,I
Madrid,B,other,I
: ,O,O,I
El País,B,publisher,I
. Abgerufen von: ,O,O,I
http://cultura.elpais.com/cultura/2014/03/16/television/1395001120_525502.html,B,url,I
" [18.03.2014]
",O,O,I
Moreno,B,author,B
", ",I,author,I
Peter S.,I,author,I
 (,O,O,I
2005,B,year,I
). ,O,O,I
Ecotourism Along the Meso-American Caribbean Reef: The Impacts of Foreign Investment,B,title,I
. ,O,O,I
Human Ecology,B,source,I
 ,O,O,I
33,B,volume,I
(,O,O,I
2,B,issue,I
"), ",O,O,I
217,B,fpage,I
-,O,O,I
244,B,lpage,I
".
",O,O,I
Pérez Vanegas,B,author,B
", ",I,author,I
Marisol,I,author,I
 ,O,O,I
et. al.,B,other,I
 (,O,O,I
2002,B,year,I
). ,O,O,I
Incidencia del uso de servicios integrados en el consumo de productos turísticos extrahoteleros,B,title,I
. ,O,O,I
Cancún,B,other,I
: ,O,O,I
Instituto de Investigaciones Turísticas Universidad La Salle,B,publisher,I
".
",O,O,I
Rivas,B,author,B
", ",I,author,I
L. C.,I,author,I
 (,O,O,I
2007,B,year,I
). ,O,O,I
El Reality Show de las Áreas Protegidas Mesoamericanas,B,title,I
. ,O,O,I
La Ceiba,B,other,I
: ,O,O,I
Organización Fraternal Negra de Honduras (OFRANEH),B,publisher,I
. Abgerufen von: ,O,O,I
http://alainet.org/active/16618&lang=es,B,url,I
" [17.03.2014)
",O,O,I
Rösch,B,author,B
", ",I,author,I
Stefan,I,author,I
 (,O,O,I
2011,B,year,I
). ,O,O,I
Filme als Tourismusfaktor,B,title,I
. Abgerufen von: ,O,O,I
http://www.publicmarketing.eu/_data/PublicMarketing_03_2011_Leseprobe_Filme_als_Tourismusfaktor.pdf,B,url,I
" [30.08.2014]
",O,O,I
Sánchez Arteaga,B,author,B
", ",I,author,I
J,I,author,I
. (,O,O,I
2010,B,year,I
). ,O,O,I
La Antropología Física y los «Zoológicos Humanos»: Exhibiciones de Indígenas como Práctica de Popularización Científica en el Umbral del Siglo XX,B,title,I
. ,O,O,I
Madrid,B,other,I
: ,O,O,I
Asclepio,B,source,I
. ,O,O,I
Revista de Historia de la Medicina y de la Ciencia,B,source,I
 ,O,O,I
62,B,volume,I
(,O,O,I
1,B,issue,I
"), ",O,O,I
269,B,fpage,I
-,O,O,I
292,B,lpage,I
".
",O,O,I
http://www.telecinco.es/supervivientes/,B,url,B
" (03.03.2014)
",O,O,I
http://www.discoverymax.es/programs/334,B,url,B
" (06.03.2014)
",O,O,I
http://www.realityworld.com,B,url,B
" (06.03.2014)
",O,O,I
http://www.filmtourismus.de/,B,url,B
" (30.08.2014)
",O,O,I
http://www.new-z.net/Mietwagentour-Herr-der-Ringe,B,url,B
 (30.08.2014),O,O,I
