token,tag,label,ref
BPB (Bundeszentrale für politische Bildung),B,editor,B
 (,O,O,I
2013,B,year,I
). ,O,O,I
Einkommen privater Haushalte,B,title,I
. Abgerufen am 6. März 2017 von ,O,O,I
https://www.bpb.de/nachschlagen/zahlen-und-fakten/sozialesituation-in-deutschland/61754/einkommen-privater-haushalte  ,B,url,I
"
",O,O,I
Gailing,B,author,B
", ",I,author,I
L,I,author,I
"., & ",O,O,I
Röhring,B,author,I
", ",I,author,I
A,I,author,I
. (,O,O,I
2008,B,year,I
). ,O,O,I
Kulturlandschaften als Handlungsräume der Regionalentwicklung. Implikationen des neuen Leitbildes zur Kulturlandschaftsgestaltung,B,title,I
. ,O,O,I
RaumPlanung,B,source,I
", ",O,O,I
136,B,volume,I
", ",O,O,I
5,B,fpage,I
–,O,O,I
10,B,lpage,I
".  
",O,O,I
Fritz-Vietta,B,author,B
", ",I,author,I
N. V.,I,author,I
", ",O,O,I
Vega-Leinert,B,author,I
", ",I,author,I
A. C. De la.,I,author,I
", & ",O,O,I
Stoll-Kleemann,B,author,I
", ",I,author,I
S,I,author,I
. (,O,O,I
2015,B,year,I
). ,O,O,I
"Local Perceptions and Preferences for Landscape and Land Use in the Fischland-Darß-Zingst Region, German Baltic Sea",B,title,I
. ,O,O,I
Greifswalder Geographische Arbeiten,B,source,I
", ",O,O,I
51,B,volume,I
", ",O,O,I
1,B,fpage,I
–,O,O,I
40,B,lpage,I
". 
",O,O,I
Hansestadt Lübeck,B,editor,B
 (,O,O,I
2014,B,year,I
). ,O,O,I
"Fremdenverkehr 2000 - 2014, Lübeck insg. Statistisches Jahrbuch der Hansestadt  Lübeck 2014",B,title,I
. Abgerufen am 20. Jänner 2016 von ,O,O,I
http://www.luebeck.de/stadt_politik/statistiken/files/PDF/500.pdf  ,B,url,I
"
",O,O,I
Job,B,author,B
", ",I,author,I
H,I,author,I
. (,O,O,I
2003,B,year,I
). ,O,O,I
Der ökonomische Wert der der Kulturlandschaft. Die Anwendung der Zahlungsbereitschaftsanalyse auf szenariohafte Landschaftsbild-Simulationen,B,title,I
. Abgerufen am 15. Juli 2015 von ,O,O,I
http://www.geomultimedia.org/archive/CORP2003_Job. pdf  ,B,url,I
"
",O,O,I
Kaltenborn,B,author,B
", ",I,author,I
B. P.,I,author,I
 & ,O,O,I
Bjerke,B,author,I
", ",I,author,I
T,I,author,I
. (,O,O,I
2002,B,year,I
). ,O,O,I
Associations between environmental value orientations and landscape preferences,B,title,I
. ,O,O,I
Landscape and Urban Planning,B,source,I
", ",O,O,I
59,B,volume,I
 (,O,O,I
1,B,issue,I
"), ",O,O,I
1,B,fpage,I
–,O,O,I
11,B,lpage,I
". 
",O,O,I
Kämmerer,B,author,B
", ",I,author,I
S,I,author,I
"., ",O,O,I
Schmitz,B,author,I
", ",I,author,I
P,I,author,I
. & ,O,O,I
Wiegand,B,author,I
", ",I,author,I
S,I,author,I
. (,O,O,I
1996,B,year,I
). ,O,O,I
Monetäre Bewertung der Kulturlandschaft in Baden-Württemberg – Bürger bewerten ihre Umwelt,B,title,I
. In ,O,O,I
G. Linckh,B,editor,I
", ",O,O,I
H. Sprich,B,editor,I
", ",O,O,I
H. Flaig,B,editor,I
 & ,O,O,I
H. Mohr,B,editor,I
" (Hrsg.), ",O,O,I
Nachhaltige Land- und Forstwirtschaft,B,source,I
 (S. ,O,O,I
503,B,fpage,I
–,O,O,I
523,B,lpage,I
). ,O,O,I
Berlin/Heidelberg,B,other,I
: ,O,O,I
Springer,B,publisher,I
". 
",O,O,I
Lübeck Fenster,B,editor,B
 (,O,O,I
2017,B,year,I
). ,O,O,I
Umwelt- Natur- und Verbraucherschutz. Regiobranding,B,title,I
. Abgerufen am 14. Dezember 2016 von ,O,O,I
http://www.unv.luebeck.de/naturschutz/erholung_naturerleben/regiobranding.html  ,B,url,I
"
",O,O,I
Matloch,B,author,B
", ",I,author,I
J,I,author,I
"., ",O,O,I
Blaumann,B,author,I
", ",I,author,I
C,I,author,I
"., ",O,O,I
Böhm,B,author,I
", ",I,author,I
B,I,author,I
"., ",O,O,I
Ferretti,B,author,I
", ",I,author,I
M,I,author,I
"., ",O,O,I
Herrmann,B,author,I
", ",I,author,I
S,I,author,I
"., ",O,O,I
Kempa,B,author,I
", ",I,author,I
D,I,author,I
", & ",O,O,I
Wenger,B,author,I
", ",I,author,I
F,I,author,I
. (,O,O,I
2016,B,year,I
). ,O,O,I
"Bevölkerungsbefragung zur Kulturlandschaft im Projekt Regiobranding - Beschreibende Ergebnisse aus den Fokusregionen Lübeck-Nordwestmecklenburg, Steinburger Elbmarschen und Griese Gegend-Elbe-Wendland",B,title,I
. ,O,O,I
Arbeitspapier,B,source,I
 Nr.,O,O,I
01a,B,volume,I
. ,O,O,I
www.regiobranding.de,B,url,I
" (Abruf: 23.03.2017) 
",O,O,I
Morrison,B,author,B
", ",I,author,I
M,I,author,I
"., & ",O,O,I
Dowell,B,author,I
", ",I,author,I
D. J.,I,author,I
 (,O,O,I
2013,B,year,I
). ,O,O,I
Sense of Place and Willingness to Pay: Complementary Concepts When  Evaluating Contributions of Cultural Resources to Regional Communities,B,title,I
. ,O,O,I
Regional Studies,B,source,I
", ",O,O,I
49,B,volume,I
 (,O,O,I
8,B,issue,I
"), ",O,O,I
1,B,fpage,I
–,O,O,I
12,B,lpage,I
". 
",O,O,I
Spash,B,author,B
", ",I,author,I
C. L.,I,author,I
 (,O,O,I
1998,B,year,I
). ,O,O,I
"Investigating Individual Motives for Environmental Action: Lexicographic Preferences, Beliefs and Attitudes",B,title,I
. In ,O,O,I
J. Lemons,B,editor,I
", ",O,O,I
L. Westra,B,editor,I
 &,O,O,I
 R. Goodland,B,editor,I
" (Hrsg.), ",O,O,I
Ecological Sustainability and Integrity: Concepts and Approaches,B,source,I
 (S. ,O,O,I
46,B,fpage,I
–,O,O,I
62,B,lpage,I
). ,O,O,I
Dordrecht,B,other,I
: ,O,O,I
Springer,B,publisher,I
". 
",O,O,I
Spash,B,author,B
", ",I,author,I
C. L.,I,author,I
 (,O,O,I
1998,B,year,I
). ,O,O,I
Investigating Individual Motives for Environmental Action: B.V,B,title,I
". 
",O,O,I
Spash,B,author,B
", ",I,author,I
C. L.,I,author,I
 (,O,O,I
2008,B,year,I
). ,O,O,I
"Contingent valuation design and data treatment: if you can´t shoot the message, change the  message",B,title,I
. ,O,O,I
Environment and Planning C: Government and Policy,B,source,I
", ",O,O,I
26,B,volume,I
 (,O,O,I
1,B,issue,I
"), ",O,O,I
34,B,fpage,I
–,O,O,I
53,B,lpage,I
". 
",O,O,I
Stephan,B,author,B
", ",I,author,I
H. J.,I,author,I
 (,O,O,I
1995,B,year,I
). ,O,O,I
Schleswig-Holstein,B,title,I
. In ,O,O,I
L. Benda,B,editor,I
" (Hrsg.), ",O,O,I
Das Quartär Deutschlands,B,source,I
  (S. ,O,O,I
1,B,fpage,I
–,O,O,I
13,B,lpage,I
). ,O,O,I
Berlin. Stuttgart,B,other,I
: ,O,O,I
Gebrüder Borntraeger,B,publisher,I
". 
",O,O,I
UNESCO,B,editor,B
 (,O,O,I
2017,B,year,I
). ,O,O,I
Hanseatic City of Lübeck,B,title,I
. Aufgerufen am 24. Februar 2017 von ,O,O,I
http://whc.unesco.org/en/list/272,B,url,I
". 
",O,O,I
Urry,B,author,B
", ",I,author,I
J,I,author,I
. (,O,O,I
1992,B,year,I
). ,O,O,I
The Tourist Gaze and the ‘Environment’,B,title,I
. ,O,O,I
"Theory, Culture & Society",B,source,I
", ",O,O,I
9,B,volume,I
 (,O,O,I
3,B,issue,I
"), ",O,O,I
1,B,fpage,I
–,O,O,I
26,B,lpage,I
".
",O,O,I
Vanderheyden,B,author,B
", ",I,author,I
V,I,author,I
"., ",O,O,I
van der Horst,B,author,I
", ",I,author,I
D,I,author,I
"., ",O,O,I
van Rompaey,B,author,I
", ",I,author,I
A,I,author,I
"., & ",O,O,I
Schmitz,B,author,I
", ",I,author,I
S,I,author,I
. (,O,O,I
2013,B,year,I
). ,O,O,I
Perceiving the ordinary: A study of  everyday Landscapes in Belgium,B,title,I
. ,O,O,I
Tijdschrift voor Econmische en Sociale Geografie,B,source,I
", ",O,O,I
105,B,volume,I
 (,O,O,I
5,B,issue,I
"), ",O,O,I
591,B,fpage,I
–,O,O,I
604,B,lpage,I
".  
",O,O,I
Venkatachalam,B,author,B
", ",I,author,I
L,I,author,I
. (,O,O,I
2004,B,year,I
). ,O,O,I
"The contigent valuation method: a Lexicographic Preferences, Beliefs and Attitudes",B,title,I
. In ,O,O,I
J. Lemons,B,editor,I
", ",O,O,I
L. Westra,B,editor,I
 & ,O,O,I
R. Goodland,B,editor,I
" (Hrsg.), ",O,O,I
Ecological Sustainability and Integrity: Concepts and Approaches,B,source,I
 (S. ,O,O,I
46,B,fpage,I
-,O,O,I
62,B,lpage,I
). ,O,O,I
Houten,B,other,I
: ,O,O,I
Springer Media review,B,publisher,I
. ,O,O,I
Environmental Impact Assessment Review,B,source,I
", ",O,O,I
24,B,volume,I
", ",O,O,I
89,B,fpage,I
–,O,O,I
124,B,lpage,I
". 
",O,O,I
Verbiĉ,B,author,B
", ",I,author,I
M,I,author,I
"., & ",O,O,I
Slabe-Erker,B,author,I
", ",I,author,I
R,I,author,I
. (,O,O,I
2009,B,year,I
). ,O,O,I
An economic analysis of willingness-to-pay for sustainable development: A case study of the Volĉji Potok landscape area,B,title,I
. ,O,O,I
Ecological Economics,B,source,I
", ",O,O,I
68,B,volume,I
 (,O,O,I
5,B,issue,I
"), ",O,O,I
1316,B,fpage,I
–,O,O,I
1328,B,lpage,I
".  
",O,O,I
Völckner,B,author,B
", ",I,author,I
F,I,author,I
. (,O,O,I
2006,B,year,I
). ,O,O,I
Methoden zur Messung individueller Zahlungsbereitschaften: Ein Überblick zum State of the Art,B,title,I
. ,O,O,I
Journal für Betriebswirtschaft,B,source,I
", ",O,O,I
56,B,volume,I
", ",O,O,I
33,B,fpage,I
–,O,O,I
60,B,lpage,I
.  ,O,O,I
